# timestamp tx ty tz qx qy qz qw
1305031910.765238 0.000000 0.000000 0.000000 0.000000 0.000000 0.000000 1.000000
1305031910.797230 -0.013527 0.001327 0.000563 0.005129 -0.001350 -0.008402 0.999951
1305031910.835208 -0.020302 -0.003314 0.005447 0.005320 -0.007401 -0.014538 0.999853
1305031910.865025 -0.032014 -0.007261 0.006494 0.006370 -0.012515 -0.022838 0.999641
1305031910.897222 -0.036039 -0.011431 0.013772 0.005861 -0.022564 -0.031596 0.999229
1305031910.935211 -0.033547 -0.021031 0.023628 0.006847 -0.031289 -0.037462 0.998785
1305031910.965249 -0.051015 -0.022145 0.024212 0.013040 -0.032590 -0.042079 0.998497
1305031910.997325 -0.064985 -0.017322 0.022228 0.015426 -0.039833 -0.050776 0.997796
1305031911.035050 -0.076939 -0.024182 0.029138 0.011762 -0.050026 -0.060211 0.996862
1305031911.065269 -0.094027 -0.023810 0.029954 0.012223 -0.064024 -0.070572 0.995375
1305031911.097196 -0.096942 -0.027936 0.039620 0.010170 -0.085078 -0.082480 0.992902
1305031911.135664 -0.096862 -0.033661 0.045556 0.012211 -0.101507 -0.093506 0.990355
1305031911.165177 -0.105342 -0.034480 0.040229 0.016081 -0.113391 -0.101589 0.988212
1305031911.197213 -0.113698 -0.034516 0.043222 0.018446 -0.124797 -0.108293 0.986082
1305031911.235651 -0.124090 -0.038312 0.047598 0.019982 -0.134823 -0.115034 0.983967
1305031911.265104 -0.127622 -0.037898 0.046648 0.021982 -0.146430 -0.123592 0.981224
1305031911.297334 -0.137484 -0.041555 0.052448 0.021853 -0.155080 -0.131052 0.978927
1305031911.333191 -0.142528 -0.044933 0.054371 0.023601 -0.165196 -0.136936 0.976423
1305031911.365235 -0.142082 -0.047753 0.061485 0.026559 -0.174564 -0.143078 0.973833
1305031911.397333 -0.151387 -0.049735 0.064003 0.030804 -0.178541 -0.147822 0.972277
1305031911.433256 -0.160675 -0.046550 0.064587 0.035951 -0.184124 -0.149992 0.970726
1305031911.465250 -0.171390 -0.046378 0.066243 0.037774 -0.190941 -0.150346 0.969284
1305031911.497291 -0.181319 -0.048999 0.066667 0.039044 -0.201399 -0.150759 0.967050
1305031911.533251 -0.185071 -0.049723 0.071564 0.041203 -0.213424 -0.151299 0.964293
1305031911.565335 -0.191295 -0.053849 0.075687 0.042832 -0.223216 -0.150706 0.962095
1305031911.597302 -0.198266 -0.055118 0.076737 0.048165 -0.235668 -0.152499 0.958585
1305031911.633337 -0.195873 -0.050995 0.084172 0.053256 -0.249197 -0.159329 0.953771
1305031911.665124 -0.197684 -0.048102 0.089571 0.056546 -0.259425 -0.167230 0.949492
1305031911.697167 -0.201543 -0.047941 0.091636 0.057182 -0.268392 -0.175137 0.945528
1305031911.733203 -0.203552 -0.044701 0.097280 0.058383 -0.276662 -0.183917 0.941395
1305031911.765284 -0.207828 -0.040089 0.101430 0.058669 -0.282679 -0.192722 0.937821
1305031911.797297 -0.210627 -0.037261 0.105732 0.057808 -0.287764 -0.200124 0.934773
1305031911.833338 -0.221255 -0.034140 0.102423 0.054200 -0.290580 -0.208080 0.932378
1305031911.865269 -0.228087 -0.029104 0.100209 0.050150 -0.297017 -0.213901 0.929254
1305031911.897159 -0.233787 -0.028227 0.102372 0.044206 -0.305442 -0.218810 0.925675
1305031911.933063 -0.237473 -0.027252 0.103170 0.037691 -0.316588 -0.224663 0.920803
1305031911.965140 -0.242831 -0.024863 0.103611 0.030724 -0.330436 -0.230933 0.914625
1305031911.997252 -0.236951 -0.028555 0.103737 0.021220 -0.348782 -0.237409 0.906387
1305031912.033135 -0.242637 -0.021497 0.109435 0.013116 -0.361228 -0.240088 0.900944
1305031912.065365 -0.243138 -0.020719 0.114532 0.006632 -0.372025 -0.241765 0.896160
1305031912.096953 -0.236865 -0.032474 0.123446 -0.000870 -0.382594 -0.247905 0.890036
1305031912.133282 -0.235838 -0.044440 0.132033 -0.004857 -0.390148 -0.257259 0.884069
1305031912.165138 -0.233333 -0.045020 0.134081 -0.000427 -0.396377 -0.268694 0.877889
1305031912.197357 -0.231835 -0.046938 0.136739 0.002630 -0.400235 -0.281368 0.872145
1305031912.233265 -0.230184 -0.048763 0.138149 0.006980 -0.402624 -0.292343 0.867399
1305031912.265090 -0.233162 -0.057806 0.139184 0.009411 -0.404284 -0.301387 0.863500
1305031912.297250 -0.237853 -0.067172 0.136393 0.017638 -0.406568 -0.306120 0.860629
1305031912.333274 -0.229623 -0.058032 0.135856 0.032208 -0.411761 -0.305627 0.857909
1305031912.365250 -0.226793 -0.056279 0.136014 0.038588 -0.415532 -0.305704 0.855797
1305031912.397198 -0.224782 -0.052055 0.132063 0.044325 -0.421125 -0.307348 0.852189
1305031912.433290 -0.220952 -0.051349 0.132584 0.046219 -0.428317 -0.313914 0.846089
1305031912.465142 -0.218253 -0.052600 0.131568 0.047078 -0.435262 -0.320300 0.840083
1305031912.497123 -0.212091 -0.049174 0.134076 0.046389 -0.441088 -0.325914 0.834907
1305031912.533113 -0.212898 -0.053505 0.135066 0.041167 -0.444490 -0.330501 0.831567
1305031912.565146 -0.210299 -0.054736 0.134310 0.037061 -0.449748 -0.332077 0.828299
1305031912.597090 -0.207699 -0.060322 0.140607 0.030842 -0.455948 -0.332252 0.825087
1305031912.633132 -0.205589 -0.063212 0.144755 0.028101 -0.460548 -0.333777 0.822009
1305031912.665220 -0.203999 -0.062548 0.145074 0.026259 -0.464830 -0.338478 0.817726
1305031912.697182 -0.203802 -0.065281 0.145798 0.023125 -0.471257 -0.344457 0.811623
1305031912.733125 -0.202481 -0.064971 0.146216 0.021252 -0.478521 -0.351663 0.804301
1305031912.765193 -0.199463 -0.070175 0.148715 0.019643 -0.483377 -0.357385 0.798897
1305031912.797155 -0.194910 -0.069261 0.150110 0.020033 -0.484048 -0.360503 0.797078
1305031912.833077 -0.194461 -0.072315 0.153192 0.018806 -0.482207 -0.362983 0.797098
1305031912.865153 -0.195054 -0.076408 0.156420 0.018929 -0.479476 -0.365184 0.797737
1305031912.897198 -0.193151 -0.075198 0.158872 0.022129 -0.475698 -0.364829 0.800076
1305031912.933115 -0.192069 -0.079528 0.160369 0.022595 -0.470985 -0.362812 0.803760
1305031912.965034 -0.194175 -0.087250 0.162961 0.025273 -0.469150 -0.364301 0.804079
1305031912.997049 -0.189275 -0.084121 0.161638 0.033648 -0.465410 -0.363649 0.806239
1305031913.033133 -0.186908 -0.084638 0.158876 0.037110 -0.462304 -0.361216 0.808963
1305031913.065209 -0.184139 -0.085022 0.159779 0.039417 -0.460930 -0.356007 0.811941
1305031913.097038 -0.179519 -0.083247 0.161014 0.041517 -0.457112 -0.346885 0.817922
1305031913.133146 -0.178211 -0.080014 0.163264 0.044038 -0.449133 -0.336423 0.826535
1305031913.165211 -0.177582 -0.077988 0.163759 0.045984 -0.438067 -0.322995 0.837650
1305031913.197113 -0.172829 -0.081659 0.166401 0.045480 -0.429023 -0.310090 0.847181
1305031913.233126 -0.171904 -0.078139 0.168820 0.046801 -0.418187 -0.294848 0.857901
1305031913.265022 -0.169082 -0.076985 0.170143 0.046736 -0.406466 -0.276800 0.869473
1305031913.297160 -0.166384 -0.076982 0.172820 0.047039 -0.393400 -0.260452 0.880448
1305031913.333122 -0.162985 -0.075946 0.175557 0.047944 -0.379531 -0.245060 0.890844
1305031913.365070 -0.156814 -0.078908 0.179940 0.048284 -0.368341 -0.233752 0.898528
1305031913.397099 -0.150798 -0.077670 0.183080 0.050722 -0.355428 -0.223087 0.906273
1305031913.433081 -0.145298 -0.081687 0.185129 0.052655 -0.339195 -0.211822 0.915044
1305031913.465231 -0.133536 -0.085582 0.181173 0.054486 -0.318729 -0.197848 0.925365
1305031913.497227 -0.128743 -0.083360 0.181387 0.055427 -0.292192 -0.179886 0.937653
1305031913.533297 -0.120422 -0.081363 0.176800 0.055955 -0.267734 -0.163811 0.947815
1305031913.565261 -0.117183 -0.081902 0.176751 0.055625 -0.243126 -0.149804 0.956742
1305031913.597139 -0.112603 -0.082983 0.173280 0.058352 -0.220350 -0.136192 0.964102
1305031913.633293 -0.103685 -0.072370 0.162715 0.062827 -0.196639 -0.122661 0.970742
1305031913.665421 -0.100554 -0.064963 0.156809 0.060808 -0.171611 -0.106700 0.977480
1305031913.697243 -0.091708 -0.064663 0.152008 0.054855 -0.149329 -0.088344 0.983304
1305031913.733097 -0.085977 -0.062470 0.141158 0.048984 -0.125219 -0.074370 0.988124
1305031913.765028 -0.084513 -0.065506 0.122429 0.039303 -0.099216 -0.061636 0.992377
1305031913.797106 -0.078655 -0.060783 0.115154 0.031986 -0.079911 -0.047027 0.995178
1305031913.833143 -0.072546 -0.062215 0.112347 0.023581 -0.061355 -0.031879 0.997328
1305031913.865063 -0.064648 -0.061900 0.103710 0.019234 -0.043262 -0.015827 0.998753
1305031913.897116 -0.061091 -0.058694 0.094694 0.014830 -0.023836 0.001832 0.999604
1305031913.933123 -0.048199 -0.059225 0.089607 0.011261 -0.011708 0.017538 0.999714
1305031913.965134 -0.039498 -0.054818 0.079776 0.012033 0.001103 0.028744 0.999514
1305031913.997116 -0.032525 -0.048994 0.073591 0.010556 0.015821 0.043196 0.998886
1305031914.033441 -0.015888 -0.048419 0.067204 0.009780 0.025674 0.059742 0.997836
1305031914.065072 -0.007029 -0.037783 0.056157 0.012703 0.039264 0.071886 0.996559
1305031914.097126 0.007982 -0.033558 0.049082 0.010926 0.050342 0.081796 0.995317
1305031914.133245 0.021356 -0.029238 0.041731 0.010574 0.061401 0.092493 0.993762
1305031914.165013 0.039027 -0.024114 0.033088 0.011729 0.070379 0.102339 0.992187
1305031914.197110 0.055333 -0.016917 0.024726 0.013838 0.079983 0.108536 0.990773
1305031914.233108 0.078227 -0.016393 0.020051 0.016021 0.090215 0.115885 0.989027
1305031914.265074 0.100742 -0.009353 0.007891 0.024626 0.101531 0.118170 0.987482
1305031914.297165 0.115313 -0.004238 -0.012697 0.028905 0.111303 0.117088 0.986441
1305031914.333148 0.111892 0.005081 -0.026461 0.028549 0.124999 0.115194 0.985033
1305031914.365058 0.119278 0.012837 -0.033113 0.022792 0.130135 0.113340 0.984733
1305031914.397215 0.138072 0.019764 -0.044169 0.016249 0.127073 0.113081 0.985292
1305031914.433060 0.159290 0.027275 -0.053952 0.011565 0.124737 0.112547 0.985718
1305031914.465054 0.181028 0.036202 -0.064655 0.008121 0.122675 0.111514 0.986128
1305031914.497127 0.203212 0.045531 -0.077112 0.004775 0.122666 0.107860 0.986558
1305031914.533107 0.221762 0.053668 -0.089085 0.000371 0.124421 0.103272 0.986841
1305031914.565001 0.237998 0.058823 -0.100743 -0.002886 0.125197 0.100113 0.987064
1305031914.597122 0.257859 0.071394 -0.114183 -0.005082 0.125164 0.095523 0.987514
1305031914.633055 0.273716 0.079562 -0.123893 -0.011414 0.128589 0.090681 0.987477
1305031914.665019 0.290019 0.085669 -0.131060 -0.018087 0.133635 0.088837 0.986875
1305031914.697129 0.307447 0.087966 -0.139530 -0.023122 0.138374 0.088307 0.986164
1305031914.733078 0.322365 0.093033 -0.148855 -0.024188 0.142612 0.084590 0.985861
1305031914.764901 0.334736 0.104021 -0.159855 -0.026242 0.146480 0.083213 0.985358
1305031914.797119 0.348629 0.107677 -0.166285 -0.031825 0.146812 0.083563 0.985115
1305031914.833133 0.363423 0.106991 -0.173039 -0.035742 0.144814 0.082398 0.985374
1305031914.865128 0.377006 0.111009 -0.180977 -0.036215 0.141370 0.078700 0.986159
1305031914.897188 0.393205 0.113874 -0.187914 -0.036945 0.136233 0.077123 0.986979
1305031914.933099 0.406167 0.109596 -0.195288 -0.036623 0.131121 0.076143 0.987759
1305031914.964978 0.427335 0.118646 -0.204366 -0.030930 0.122123 0.071257 0.989470
1305031914.997078 0.447383 0.127833 -0.212665 -0.028255 0.117156 0.069393 0.990283
1305031915.033152 0.462024 0.127660 -0.218869 -0.028934 0.114091 0.069411 0.990620
1305031915.065009 0.483322 0.134412 -0.226939 -0.026540 0.108558 0.068417 0.991378
1305031915.097024 0.500163 0.134283 -0.233371 -0.026870 0.105915 0.064607 0.991910
1305031915.133208 0.519819 0.135837 -0.240024 -0.024157 0.102114 0.056613 0.992867
1305031915.165021 0.537610 0.136523 -0.246505 -0.020216 0.100156 0.046118 0.993697
1305031915.197108 0.553526 0.137858 -0.253367 -0.013965 0.096552 0.033999 0.994649
1305031915.233111 0.572965 0.149072 -0.259869 -0.007121 0.090951 0.023843 0.995544
1305031915.264979 0.588841 0.150121 -0.263826 -0.006805 0.086258 0.015822 0.996124
1305031915.297152 0.602023 0.152616 -0.267161 -0.005187 0.078843 0.009140 0.996832
1305031915.333207 0.620734 0.153728 -0.271783 -0.004929 0.066640 0.002876 0.997761
1305031915.365050 0.640817 0.152664 -0.276400 -0.005177 0.054129 -0.004496 0.998510
1305031915.397167 0.660475 0.153203 -0.280892 -0.005584 0.042252 -0.012277 0.999016
1305031915.432960 0.680525 0.147732 -0.283588 -0.007039 0.030005 -0.022062 0.999281
1305031915.464920 0.697886 0.148283 -0.288799 -0.005239 0.018299 -0.038268 0.999086
1305031915.497121 0.713212 0.150306 -0.294431 -0.006515 0.005604 -0.053777 0.998516
1305031915.533058 0.734081 0.144372 -0.296734 -0.011091 -0.008655 -0.064473 0.997820
1305031915.564985 0.759008 0.139438 -0.301869 -0.011283 -0.020393 -0.076396 0.996805
1305031915.601161 0.782821 0.136357 -0.306178 -0.011061 -0.025658 -0.089931 0.995556
1305031915.633062 0.803348 0.131000 -0.309021 -0.011772 -0.025899 -0.098999 0.994681
1305031915.665003 0.818040 0.124797 -0.309645 -0.010703 -0.024707 -0.104786 0.994130
1305031915.701106 0.830459 0.126889 -0.311401 -0.006049 -0.025708 -0.110090 0.993571
1305031915.733046 0.838696 0.130929 -0.310905 -0.004330 -0.031096 -0.113405 0.993053
1305031915.765010 0.854179 0.133660 -0.310114 -0.007151 -0.046612 -0.117934 0.991901
1305031915.801243 0.870311 0.124240 -0.306134 -0.013182 -0.063825 -0.123040 0.990259
1305031915.833049 0.892063 0.119341 -0.308141 -0.012869 -0.082599 -0.131729 0.987755
1305031915.865069 0.911141 0.122311 -0.307397 -0.014018 -0.097784 -0.141687 0.984970
1305031915.901234 0.929556 0.119524 -0.305054 -0.017393 -0.112004 -0.151532 0.981932
1305031915.933056 0.949625 0.117404 -0.302611 -0.021668 -0.123916 -0.160530 0.978982
1305031915.965061 0.967573 0.104348 -0.298611 -0.026385 -0.133205 -0.166235 0.976692
1305031916.001234 0.988698 0.106932 -0.296391 -0.024278 -0.140462 -0.173873 0.974397
1305031916.033043 1.004488 0.098013 -0.290797 -0.028808 -0.145839 -0.183878 0.971643
1305031916.065060 1.014800 0.072488 -0.289957 -0.027154 -0.151342 -0.193349 0.969007
1305031916.101115 1.025836 0.064457 -0.291209 -0.008751 -0.159883 -0.199614 0.966703
1305031916.133093 1.037067 0.055501 -0.294110 0.011204 -0.173582 -0.202709 0.963666
1305031916.165155 1.056018 0.067199 -0.300612 0.037310 -0.190194 -0.204616 0.959462
1305031916.201031 1.078194 0.072305 -0.302075 0.048532 -0.210346 -0.207925 0.954026
1305031916.233050 1.099052 0.056564 -0.299808 0.054122 -0.228598 -0.211610 0.948702
1305031916.265060 1.120875 0.049840 -0.297497 0.068407 -0.241940 -0.217949 0.943018
1305031916.301076 1.140354 0.044369 -0.296966 0.081804 -0.251646 -0.224501 0.937860
1305031916.333426 1.157763 0.034044 -0.297277 0.096975 -0.258472 -0.230585 0.933069
1305031916.365121 1.178215 0.024405 -0.295721 0.116738 -0.262454 -0.237080 0.928053
1305031916.401006 1.193692 0.017976 -0.299360 0.134634 -0.260827 -0.241401 0.924969
1305031916.433168 1.203464 0.010432 -0.302855 0.149450 -0.260389 -0.238513 0.923566
1305031916.465124 1.213860 0.008200 -0.307614 0.163107 -0.263237 -0.232524 0.921973
1305031916.501025 1.220661 0.005843 -0.313814 0.173691 -0.269466 -0.226555 0.919724
1305031916.533266 1.228867 -0.003666 -0.316103 0.184349 -0.281816 -0.222696 0.914878
1305031916.565142 1.237037 -0.008753 -0.324893 0.195783 -0.293825 -0.220490 0.909242
1305031916.601238 1.251219 -0.009403 -0.322371 0.202697 -0.307461 -0.219757 0.903376
1305031916.633156 1.260216 -0.025399 -0.317642 0.207725 -0.321560 -0.219497 0.897369
1305031916.665139 1.276379 -0.035978 -0.308959 0.215378 -0.332994 -0.220383 0.891156
1305031916.701048 1.285634 -0.043625 -0.300757 0.224706 -0.340766 -0.221189 0.885698
1305031916.733056 1.291259 -0.051782 -0.292693 0.232146 -0.349323 -0.221133 0.880444
1305031916.765076 1.301180 -0.062849 -0.280834 0.238917 -0.359455 -0.218180 0.875276
1305031916.801088 1.310135 -0.072032 -0.272391 0.246218 -0.369084 -0.212409 0.870653
1305031916.833266 1.318022 -0.083970 -0.260692 0.253048 -0.378468 -0.209259 0.865413
1305031916.865085 1.325539 -0.094326 -0.250316 0.258758 -0.387435 -0.206397 0.860430
1305031916.901017 1.328705 -0.105622 -0.244645 0.265348 -0.397386 -0.201914 0.854930
1305031916.933088 1.335259 -0.118011 -0.232826 0.272209 -0.407601 -0.197869 0.848889
1305031916.965054 1.340672 -0.123478 -0.221651 0.279983 -0.415065 -0.195103 0.843366
1305031917.001132 1.342777 -0.145433 -0.224923 0.284372 -0.422311 -0.191429 0.839131
1305031917.033155 1.348692 -0.158809 -0.220629 0.296421 -0.430298 -0.186261 0.832036
1305031917.065136 1.354748 -0.164032 -0.210558 0.311779 -0.437360 -0.181544 0.823742
1305031917.101130 1.359449 -0.188874 -0.221228 0.324142 -0.441075 -0.183358 0.816557
1305031917.133106 1.362021 -0.215136 -0.236054 0.338528 -0.442729 -0.184709 0.809489
1305031917.165045 1.366956 -0.231042 -0.237876 0.354495 -0.445947 -0.180216 0.801865
1305031917.201175 1.371199 -0.231828 -0.229429 0.369485 -0.448026 -0.175541 0.794946
1305031917.233102 1.380012 -0.225005 -0.210443 0.382307 -0.450973 -0.166747 0.789088
1305031917.265163 1.383387 -0.236143 -0.207376 0.391315 -0.455187 -0.158983 0.783838
1305031917.301107 1.390831 -0.228626 -0.186952 0.399780 -0.459958 -0.154099 0.777732
1305031917.333229 1.400310 -0.251438 -0.177215 0.398326 -0.465446 -0.154715 0.775087
1305031917.365138 1.409063 -0.271254 -0.179512 0.395179 -0.469918 -0.156929 0.773553
1305031917.401065 1.411696 -0.269598 -0.170854 0.392321 -0.472589 -0.158962 0.772965
1305031917.433141 1.419318 -0.276195 -0.161238 0.386392 -0.473429 -0.164145 0.774353
1305031917.465076 1.425784 -0.275877 -0.148227 0.376369 -0.472830 -0.167432 0.778938
1305031917.501158 1.428719 -0.288958 -0.149145 0.359949 -0.470803 -0.174529 0.786334
1305031917.533057 1.434644 -0.306295 -0.157519 0.343471 -0.468975 -0.183104 0.792820
1305031917.565195 1.439141 -0.309901 -0.150501 0.330911 -0.467551 -0.193858 0.796438
1305031917.601069 1.445333 -0.318789 -0.142671 0.316919 -0.467182 -0.204058 0.799790
1305031917.633090 1.456525 -0.318062 -0.116093 0.305103 -0.469812 -0.210610 0.801144
1305031917.665060 1.464802 -0.317983 -0.104950 0.293462 -0.471448 -0.217066 0.802807
1305031917.701096 1.472580 -0.315595 -0.090497 0.280536 -0.474201 -0.220620 0.804835
1305031917.733003 1.477551 -0.327846 -0.089558 0.264715 -0.476940 -0.225298 0.807276
1305031917.765114 1.493596 -0.303349 -0.050508 0.252810 -0.482041 -0.228317 0.807214
1305031917.801048 1.502898 -0.305356 -0.039577 0.233291 -0.483835 -0.234337 0.810287
1305031917.833090 1.514025 -0.298704 -0.018452 0.215755 -0.486469 -0.239717 0.811993
1305031917.865107 1.526378 -0.296886 -0.001390 0.198466 -0.487643 -0.249200 0.812844
1305031917.901060 1.537435 -0.293737 0.012926 0.184449 -0.485644 -0.259941 0.813977
1305031917.932948 1.548561 -0.288934 0.022887 0.167332 -0.482806 -0.268268 0.816658
1305031917.965346 1.556658 -0.298848 0.033692 0.147661 -0.480448 -0.278012 0.818581
1305031918.001098 1.564189 -0.308832 0.042391 0.130959 -0.477944 -0.286990 0.819790
1305031918.033144 1.577605 -0.304518 0.052199 0.117564 -0.475567 -0.296921 0.819666
1305031918.065137 1.576843 -0.322585 0.060879 0.099615 -0.473761 -0.311930 0.817513
1305031918.101060 1.582656 -0.331830 0.068040 0.088764 -0.475043 -0.322522 0.813901
1305031918.133054 1.595673 -0.332214 0.081377 0.080572 -0.476693 -0.334796 0.808816
1305031918.165017 1.604676 -0.342509 0.094783 0.070489 -0.475736 -0.345269 0.805913
1305031918.201086 1.615965 -0.345945 0.107782 0.063752 -0.473274 -0.351728 0.805130
1305031918.233042 1.627866 -0.349912 0.123849 0.055130 -0.470499 -0.359735 0.803854
1305031918.265256 1.638077 -0.355964 0.139868 0.046650 -0.466073 -0.369815 0.802394
1305031918.301124 1.648987 -0.360098 0.156094 0.038102 -0.460771 -0.380806 0.800765
1305031918.333165 1.656624 -0.368087 0.173007 0.028499 -0.453952 -0.394022 0.798663
1305031918.365072 1.665032 -0.377405 0.190938 0.021859 -0.447886 -0.404538 0.797038
1305031918.401030 1.678508 -0.379697 0.210372 0.016414 -0.440616 -0.412669 0.797052
1305031918.433043 1.687601 -0.390269 0.230290 0.004792 -0.432431 -0.422218 0.796689
1305031918.465089 1.691393 -0.404414 0.248934 -0.004917 -0.424154 -0.429806 0.797080
1305031918.501125 1.695366 -0.417045 0.264475 -0.009592 -0.414118 -0.436216 0.798830
1305031918.533134 1.703516 -0.426245 0.278431 -0.011852 -0.405896 -0.440978 0.800404
1305031918.565018 1.711749 -0.435991 0.296842 -0.017342 -0.399832 -0.444799 0.801241
1305031918.601029 1.714657 -0.452162 0.314528 -0.023113 -0.394817 -0.448414 0.801567
1305031918.633027 1.723350 -0.463002 0.328936 -0.025101 -0.391374 -0.452535 0.800880
1305031918.665112 1.728644 -0.475723 0.343092 -0.029146 -0.389298 -0.458547 0.798331
1305031918.701017 1.734516 -0.488369 0.358373 -0.033489 -0.389955 -0.462509 0.795549
1305031918.732948 1.739579 -0.507798 0.375449 -0.038672 -0.392021 -0.466796 0.791786
1305031918.765151 1.745989 -0.526431 0.390987 -0.036895 -0.393074 -0.474789 0.786579
1305031918.801097 1.751019 -0.542024 0.404918 -0.029484 -0.391791 -0.486430 0.780395
1305031918.833123 1.755754 -0.553895 0.414378 -0.021945 -0.390092 -0.496491 0.775141
1305031918.865115 1.758568 -0.565681 0.425146 -0.015262 -0.391637 -0.506581 0.767961
1305031918.901084 1.761940 -0.575733 0.436122 -0.006996 -0.396142 -0.517298 0.758568
1305031918.933071 1.766033 -0.585560 0.446255 -0.001071 -0.403536 -0.526762 0.748117
1305031918.965058 1.770074 -0.598795 0.458619 0.003453 -0.412379 -0.537108 0.735831
1305031919.001053 1.770189 -0.609426 0.468381 0.008217 -0.419596 -0.547132 0.724236
1305031919.033082 1.777960 -0.616960 0.481609 0.012408 -0.430530 -0.552739 0.713421
1305031919.065147 1.779689 -0.627616 0.495823 0.011114 -0.439485 -0.560800 0.701593
1305031919.101028 1.780644 -0.640890 0.509804 0.010682 -0.448565 -0.568813 0.689295
1305031919.133133 1.783512 -0.651839 0.524519 0.011521 -0.456349 -0.575626 0.678431
1305031919.165110 1.785743 -0.659838 0.537676 0.011976 -0.462930 -0.581288 0.669072
1305031919.201124 1.789103 -0.666755 0.550569 0.011835 -0.470303 -0.587353 0.658553
1305031919.233093 1.788225 -0.675541 0.560797 0.011128 -0.478973 -0.596022 0.644374
1305031919.265125 1.792377 -0.687578 0.574451 0.012885 -0.491063 -0.604589 0.627028
1305031919.301119 1.792816 -0.696543 0.583376 0.014706 -0.500295 -0.612196 0.612131
1305031919.333120 1.803679 -0.708554 0.595121 0.015597 -0.513463 -0.613287 0.599993
1305031919.364948 1.810907 -0.723405 0.610774 0.012534 -0.524239 -0.617252 0.586528
1305031919.401124 1.816128 -0.735161 0.620197 0.010448 -0.531847 -0.621327 0.575311
1305031919.433256 1.824390 -0.749901 0.633361 0.007330 -0.541381 -0.624075 0.563368
1305031919.465070 1.831158 -0.768126 0.647063 0.004595 -0.549003 -0.628517 0.550945
1305031919.501049 1.835889 -0.786313 0.660077 0.002469 -0.553778 -0.632308 0.541766
1305031919.533110 1.835001 -0.806411 0.670716 0.001296 -0.556717 -0.634545 0.536113
1305031919.565165 1.843178 -0.820201 0.676352 0.006382 -0.559696 -0.633916 0.533713
1305031919.601094 1.844416 -0.834920 0.684150 0.006741 -0.563537 -0.634098 0.529434
1305031919.633127 1.842910 -0.853020 0.687505 0.007501 -0.569958 -0.632672 0.524230
1305031919.665042 1.845682 -0.872488 0.701077 0.009900 -0.580557 -0.627660 0.518554
1305031919.701092 1.839911 -0.893824 0.714031 0.010419 -0.587191 -0.624218 0.515219
1305031919.733117 1.836739 -0.910619 0.718667 0.016547 -0.591585 -0.620069 0.515042
1305031919.765060 1.841431 -0.919348 0.723672 0.019986 -0.597295 -0.613352 0.516370
1305031919.801129 1.838294 -0.928125 0.723796 0.017619 -0.604849 -0.607485 0.514596
1305031919.833072 1.842262 -0.933279 0.732228 0.015143 -0.617017 -0.600504 0.508385
1305031919.865180 1.832335 -0.943228 0.748712 -0.002086 0.629612 0.595558 -0.498894
1305031919.901067 1.813055 -0.962244 0.758083 0.008512 0.639397 0.592637 -0.489777
1305031919.933102 1.805239 -0.969731 0.765630 0.012255 0.647652 0.586020 -0.486803
1305031919.965129 1.791849 -0.979574 0.776036 0.019017 0.655616 0.579896 -0.483246
1305031920.001054 1.781705 -0.986815 0.779413 0.022713 0.662523 0.572940 -0.481963
1305031920.033118 1.778346 -0.989359 0.786821 0.027620 0.671733 0.566070 -0.477051
1305031920.065136 1.760839 -0.995244 0.796603 0.037147 0.681471 0.561727 -0.467633
1305031920.101055 1.748358 -1.001174 0.807311 0.041189 0.691586 0.556263 -0.458894
1305031920.132987 1.735463 -1.004447 0.821474 0.044464 0.699125 0.553152 -0.450856
1305031920.165140 1.719726 -1.009882 0.836005 0.046385 0.704434 0.551292 -0.444634
1305031920.201166 1.704845 -1.016822 0.850280 0.046307 0.705304 0.551713 -0.442735
1305031920.233083 1.683054 -1.018980 0.859741 0.044671 0.703056 0.550757 -0.447643
1305031920.265120 1.668690 -1.024510 0.869092 0.039984 0.701164 0.547809 -0.454616
1305031920.301096 1.651953 -1.023770 0.875884 0.034472 0.696377 0.544210 -0.466590
1305031920.333124 1.639191 -1.026738 0.880681 0.029433 0.691946 0.537098 -0.481529
1305031920.365130 1.627265 -1.026652 0.889547 0.024693 0.686417 0.530336 -0.496956
1305031920.401115 1.609745 -1.026754 0.893752 -0.020720 -0.679544 -0.524235 0.512805
1305031920.433123 1.598513 -1.027563 0.898005 -0.013662 -0.674145 -0.517004 0.527303
1305031920.465148 1.586046 -1.030100 0.899317 -0.007869 -0.668997 -0.511413 0.539294
1305031920.501107 1.575043 -1.032568 0.900739 -0.000456 -0.665385 -0.505090 0.549678
1305031920.533105 1.569829 -1.032478 0.898721 0.007706 -0.662186 -0.498974 0.558994
1305031920.565153 1.559325 -1.034316 0.899203 0.011975 -0.661440 -0.494461 0.563793
1305031920.601126 1.546964 -1.043258 0.899695 0.015244 -0.661182 -0.489565 0.568271
1305031920.633105 1.539126 -1.052779 0.902145 0.019635 -0.660143 -0.482491 0.575350
1305031920.665129 1.526026 -1.061078 0.915370 0.022185 -0.656340 -0.474268 0.586341
1305031920.701147 1.515363 -1.067953 0.916877 0.028211 -0.646227 -0.466202 0.603532
1305031920.733091 1.504738 -1.075428 0.921637 0.037096 -0.637923 -0.457028 0.618711
1305031920.765152 1.496157 -1.078522 0.924499 0.045515 -0.627768 -0.448057 0.634886
1305031920.801031 1.489703 -1.084170 0.923611 0.053680 -0.618045 -0.439441 0.649639
1305031920.833132 1.484504 -1.088313 0.925209 0.061431 -0.611381 -0.432361 0.659927
1305031920.865163 1.477257 -1.094152 0.924915 0.068222 -0.603658 -0.425605 0.670674
1305031920.901037 1.473566 -1.100459 0.920702 0.073929 -0.595293 -0.416811 0.682956
1305031920.933077 1.471602 -1.108105 0.925588 0.076804 -0.587397 -0.407503 0.694987
1305031920.965217 1.464182 -1.118661 0.927296 0.078884 -0.577458 -0.401372 0.706555
1305031921.001108 1.453961 -1.129198 0.930530 0.081091 -0.567716 -0.395238 0.717572
1305031921.033111 1.450270 -1.140412 0.936690 0.085480 -0.559643 -0.391345 0.725495
1305031921.065147 1.446087 -1.146892 0.934366 0.088675 -0.548487 -0.389632 0.734497
1305031921.101105 1.443594 -1.154677 0.934215 0.089079 -0.538600 -0.386960 0.743126
1305031921.133159 1.436129 -1.158223 0.944270 0.089632 -0.529326 -0.386921 0.749714
1305031921.165116 1.427912 -1.168048 0.951272 0.088927 -0.517937 -0.389115 0.756586
1305031921.201159 1.413733 -1.182003 0.957431 0.090508 -0.507106 -0.391611 0.762425
1305031921.233189 1.404228 -1.191126 0.961917 0.095416 -0.497938 -0.391352 0.767983
1305031921.265164 1.397268 -1.198875 0.962226 0.100444 -0.489988 -0.389794 0.773229
1305031921.301188 1.395549 -1.203798 0.961678 0.104226 -0.484374 -0.387500 0.777408
1305031921.333158 1.389358 -1.208373 0.961679 0.105022 -0.478623 -0.383432 0.782861
1305031921.365112 1.384473 -1.215906 0.965657 0.104562 -0.475193 -0.379086 0.787117
1305031921.401108 1.380289 -1.228021 0.971940 0.104406 -0.471269 -0.375444 0.791231
1305031921.433143 1.376979 -1.234822 0.973585 0.105418 -0.464834 -0.370356 0.797279
1305031921.465014 1.373972 -1.242100 0.976151 0.104360 -0.458674 -0.363322 0.804192
1305031921.501096 1.371691 -1.254967 0.984239 0.103383 -0.452389 -0.356357 0.810966
1305031921.533099 1.368512 -1.268537 0.994039 0.104138 -0.444209 -0.351374 0.817539
1305031921.565119 1.358203 -1.285577 1.000663 0.106732 -0.434324 -0.345057 0.825170
1305031921.601114 1.366996 -1.286396 1.003440 0.115731 -0.424936 -0.338185 0.831665
1305031921.633107 1.369157 -1.294044 1.007202 0.115326 -0.412174 -0.332530 0.840379
1305031921.665162 1.358508 -1.299218 1.014196 0.115880 -0.394856 -0.323897 0.851910
1305031921.701068 1.361451 -1.307137 1.026779 0.120052 -0.380350 -0.316475 0.860677
1305031921.733068 1.360663 -1.307462 1.033349 0.124527 -0.360043 -0.309345 0.871302
1305031921.765060 1.358897 -1.315689 1.037880 0.124909 -0.341865 -0.303841 0.880458
1305031921.801034 1.352438 -1.315224 1.038448 0.126018 -0.325137 -0.298964 0.888271
1305031921.833122 1.343227 -1.314349 1.038972 0.124185 -0.311295 -0.294916 0.894818
1305031921.865148 1.334408 -1.320794 1.046848 0.122353 -0.305172 -0.291862 0.898174
1305031921.901117 1.338283 -1.318275 1.051060 0.123149 -0.298029 -0.288982 0.901389
1305031921.933132 1.325056 -1.323982 1.056688 0.118964 -0.286735 -0.286535 0.906382
1305031921.965107 1.316294 -1.326266 1.063825 0.118936 -0.276082 -0.279698 0.911812
1305031922.001101 1.319915 -1.329153 1.070705 0.119669 -0.265192 -0.272758 0.917036
1305031922.033170 1.313170 -1.327531 1.076254 0.120035 -0.251611 -0.267973 0.922212
1305031922.065166 1.302758 -1.326042 1.080958 0.119116 -0.238732 -0.262006 0.927454
1305031922.101032 1.297752 -1.336565 1.079265 0.115464 -0.228942 -0.257296 0.931693
1305031922.133245 1.292134 -1.336111 1.080346 0.115092 -0.219094 -0.252079 0.935525
1305031922.165062 1.293211 -1.335949 1.083448 0.113821 -0.210425 -0.246073 0.939263
1305031922.201057 1.285083 -1.339938 1.087035 0.111082 -0.201064 -0.242708 0.942511
1305031922.233248 1.280726 -1.336976 1.086247 0.111537 -0.191399 -0.239409 0.945309
1305031922.265183 1.281588 -1.336077 1.087902 0.109938 -0.182753 -0.235947 0.948074
1305031922.301137 1.278867 -1.335677 1.087059 0.106926 -0.171408 -0.234580 0.950873
1305031922.333215 1.272601 -1.335343 1.089740 0.103313 -0.158290 -0.234109 0.953658
1305031922.365143 1.265068 -1.333581 1.092349 0.100726 -0.147932 -0.232748 0.955928
1305031922.401139 1.264396 -1.327966 1.091493 0.098976 -0.139356 -0.230137 0.958030
1305031922.433086 1.260611 -1.326706 1.092620 0.093398 -0.127680 -0.227888 0.960751
1305031922.465219 1.251466 -1.326303 1.094886 0.089219 -0.117469 -0.226607 0.962751
1305031922.501312 1.250984 -1.321514 1.098015 0.087677 -0.110261 -0.223641 0.964438
1305031922.533139 1.246290 -1.316789 1.102322 0.083390 -0.101469 -0.220310 0.966547
1305031922.565031 1.246758 -1.319922 1.103283 0.079874 -0.095695 -0.221198 0.967230
1305031922.601111 1.245511 -1.317447 1.105077 0.077084 -0.085644 -0.220526 0.968551
1305031922.633085 1.243069 -1.318212 1.109967 0.074311 -0.078149 -0.219784 0.969570
1305031922.665318 1.242474 -1.319246 1.105904 0.072086 -0.070491 -0.219390 0.970414
1305031922.701355 1.244944 -1.324039 1.108005 0.069238 -0.061353 -0.217457 0.971676
1305031922.733235 1.235834 -1.331050 1.104603 0.067611 -0.051441 -0.212510 0.973459
1305031922.765373 1.237065 -1.331192 1.104651 0.070445 -0.044593 -0.206659 0.974854
1305031922.801220 1.238622 -1.331159 1.104941 0.073204 -0.037402 -0.200232 0.976294
1305031922.833262 1.240309 -1.332136 1.103509 0.075754 -0.029938 -0.195315 0.977352
1305031922.865045 1.240389 -1.332604 1.105126 0.079076 -0.020508 -0.189628 0.978452
1305031922.901109 1.244356 -1.332971 1.105986 0.083720 -0.013536 -0.184920 0.979087
1305031922.933136 1.247971 -1.332217 1.101076 0.085887 -0.006759 -0.180801 0.979739
1305031922.965220 1.250560 -1.330813 1.105286 0.086537 -0.002148 -0.175794 0.980614
1305031923.001054 1.243852 -1.338653 1.084207 0.081383 0.004188 -0.172295 0.981669
1305031923.033184 1.233963 -1.340769 1.071210 0.078879 0.013333 -0.170423 0.982118
1305031923.065085 1.235754 -1.341287 1.071960 0.078874 0.017223 -0.165677 0.982870
1305031923.101056 1.243643 -1.341843 1.069565 0.079338 0.019582 -0.162749 0.983278
1305031923.133238 1.244294 -1.345137 1.063713 0.077408 0.027303 -0.159601 0.983763
1305031923.165168 1.240063 -1.352924 1.064630 0.077926 0.035282 -0.157348 0.983831
1305031923.201181 1.229082 -1.356622 1.048368 0.083595 0.044601 -0.158358 0.982825
1305031923.233162 1.258671 -1.341115 1.070376 0.096743 0.045903 -0.152135 0.982542
1305031923.265159 1.264396 -1.340104 1.063664 0.095493 0.053936 -0.144928 0.983345
1305031923.301183 1.265351 -1.340279 1.062659 0.093370 0.062012 -0.136097 0.984334
1305031923.333169 1.268357 -1.339716 1.058416 0.092333 0.068258 -0.128509 0.985039
1305031923.365230 1.277675 -1.335911 1.057039 0.092056 0.072802 -0.122107 0.985553
1305031923.401139 1.285193 -1.335742 1.051660 0.086336 0.078785 -0.114277 0.986549
1305031923.433112 1.293624 -1.336820 1.053440 0.083899 0.085442 -0.105732 0.987158
1305031923.465290 1.298320 -1.339773 1.042974 0.082064 0.093694 -0.097875 0.987374
1305031923.501145 1.299955 -1.345903 1.035007 0.083984 0.100868 -0.089924 0.987262
1305031923.533199 1.308942 -1.345770 1.021849 0.091205 0.103329 -0.085937 0.986722
1305031923.565198 1.315104 -1.342879 1.013568 0.096342 0.105806 -0.080603 0.986421
1305031923.601069 1.323898 -1.340537 1.004555 0.101543 0.106350 -0.076265 0.986186
1305031923.633244 1.330023 -1.339845 0.982456 0.102328 0.108445 -0.070897 0.986277
1305031923.665141 1.339909 -1.338245 0.974986 0.104511 0.109022 -0.063562 0.986484
1305031923.701144 1.348249 -1.330312 0.960971 0.108892 0.110516 -0.059770 0.986081
1305031923.733145 1.356683 -1.326607 0.950678 0.108601 0.111936 -0.055920 0.986179
1305031923.765175 1.365825 -1.321065 0.939906 0.111783 0.113787 -0.054986 0.985664
1305031923.801150 1.374572 -1.312114 0.924534 0.111443 0.117092 -0.055495 0.985287
1305031923.833045 1.378510 -1.314893 0.912878 0.110130 0.120454 -0.054518 0.985084
1305031923.865161 1.390033 -1.304128 0.902002 0.117590 0.119159 -0.055571 0.984320
1305031923.901121 1.398829 -1.293938 0.896822 0.123325 0.120504 -0.061441 0.983105
1305031923.933140 1.404869 -1.282455 0.879928 0.127823 0.123756 -0.067622 0.981719
1305031923.965198 1.417459 -1.266564 0.872547 0.125918 0.126067 -0.070487 0.981470
1305031924.001096 1.426015 -1.267586 0.870731 0.122635 0.128895 -0.069869 0.981563
1305031924.033250 1.427675 -1.267438 0.830547 0.126091 0.135161 -0.077408 0.979715
1305031924.065224 1.435128 -1.256328 0.793970 0.124484 0.139388 -0.075075 0.979509
1305031924.101175 1.440369 -1.256706 0.777635 0.117428 0.142820 -0.073914 0.979974
1305031924.133285 1.449528 -1.244895 0.780581 0.121482 0.143010 -0.076487 0.979255
1305031924.165591 1.459271 -1.231117 0.762615 0.120075 0.141548 -0.075806 0.979694
1305031924.201130 1.468136 -1.228855 0.756100 0.116186 0.137581 -0.076319 0.980687
1305031924.233238 1.475714 -1.217299 0.746605 0.118584 0.133801 -0.082097 0.980457
1305031924.265335 1.483670 -1.211182 0.738458 0.117375 0.130624 -0.083896 0.980878
1305031924.301099 1.491733 -1.201019 0.725136 0.116984 0.127630 -0.084486 0.981268
1305031924.333113 1.499368 -1.193820 0.716225 0.114130 0.124702 -0.084339 0.981993
1305031924.365169 1.505606 -1.185951 0.705860 0.113450 0.120079 -0.086731 0.982440
1305031924.401095 1.511712 -1.176831 0.693264 0.112581 0.113537 -0.089700 0.983051
1305031924.433069 1.517664 -1.169998 0.684808 0.110818 0.108140 -0.091397 0.983703
1305031924.465394 1.521222 -1.163279 0.679205 0.111733 0.103560 -0.094730 0.983777
1305031924.501116 1.523695 -1.155445 0.669430 0.113691 0.096759 -0.098248 0.983900
1305031924.533245 1.526157 -1.149739 0.660118 0.114507 0.088104 -0.099297 0.984513
1305031924.565264 1.528933 -1.144688 0.653337 0.118552 0.077073 -0.101777 0.984706
1305031924.601161 1.536521 -1.137880 0.643566 0.123861 0.066951 -0.104096 0.984551
1305031924.633221 1.539225 -1.133926 0.638296 0.129114 0.061646 -0.103115 0.984325
1305031924.665187 1.546935 -1.125222 0.626762 0.136182 0.054001 -0.101921 0.983946
1305031924.701168 1.551940 -1.120344 0.617356 0.140622 0.048813 -0.102991 0.983481
1305031924.733166 1.558360 -1.113164 0.609404 0.146493 0.043706 -0.104097 0.982748
1305031924.765170 1.568455 -1.103495 0.603471 0.150505 0.040139 -0.104813 0.982218
1305031924.801057 1.573052 -1.096860 0.598399 0.151828 0.041086 -0.104015 0.982060
1305031924.833187 1.579191 -1.087456 0.590745 0.154706 0.041583 -0.103910 0.981601
1305031924.865165 1.582777 -1.071134 0.584897 0.155204 0.043274 -0.104389 0.981398
1305031924.901110 1.585176 -1.064691 0.579426 0.149504 0.042300 -0.103280 0.982442
1305031924.933186 1.588974 -1.060491 0.573570 0.146966 0.037817 -0.104429 0.982886
1305031924.969060 1.592489 -1.050660 0.569935 0.148234 0.034113 -0.107804 0.982467
1305031925.001103 1.596224 -1.044267 0.563587 0.149022 0.030588 -0.110036 0.982216
1305031925.033148 1.599043 -1.036819 0.558477 0.152203 0.028243 -0.112413 0.981529
1305031925.069090 1.601644 -1.029147 0.552306 0.157769 0.027254 -0.115207 0.980354
1305031925.101107 1.607953 -1.013823 0.540720 0.160765 0.024957 -0.115007 0.979952
1305031925.133209 1.610517 -1.004428 0.533885 0.155237 0.023377 -0.112804 0.981137
1305031925.169080 1.610329 -1.001177 0.529097 0.151203 0.021350 -0.112149 0.981888
1305031925.201117 1.613207 -0.994074 0.522824 0.152796 0.017190 -0.114465 0.981456
1305031925.233193 1.617450 -0.980639 0.513569 0.152666 0.013469 -0.116558 0.981288
1305031925.269164 1.619910 -0.973422 0.506675 0.149309 0.009991 -0.121425 0.981256
1305031925.301283 1.625221 -0.962698 0.498941 0.147485 0.007820 -0.126318 0.980934
1305031925.333142 1.629666 -0.950428 0.492048 0.143568 0.007180 -0.129040 0.981165
1305031925.369107 1.632606 -0.942083 0.485967 0.138866 0.006829 -0.135105 0.981028
1305031925.401456 1.636561 -0.933487 0.481500 0.136541 0.006474 -0.140061 0.980662
1305031925.433406 1.640029 -0.926965 0.474977 0.136294 0.004694 -0.143683 0.980182
1305031925.469099 1.649043 -0.919067 0.469651 0.139504 0.004100 -0.145484 0.979467
1305031925.501267 1.656642 -0.912086 0.465240 0.144561 0.007717 -0.144071 0.978921
1305031925.533321 1.666069 -0.901026 0.454614 0.151615 0.012629 -0.139890 0.978409
1305031925.569132 1.675374 -0.891379 0.446544 0.155765 0.017491 -0.132836 0.978665
1305031925.601218 1.686544 -0.881189 0.435858 0.159143 0.022099 -0.127396 0.978752
1305031925.633430 1.696699 -0.869843 0.423508 0.159961 0.027887 -0.122249 0.979127
1305031925.669137 1.707925 -0.861288 0.414931 0.157307 0.030074 -0.118026 0.980010
1305031925.701322 1.714699 -0.853820 0.410205 0.155369 0.030569 -0.115930 0.980554
1305031925.733167 1.726758 -0.845415 0.405680 0.153486 0.029100 -0.114611 0.981050
1305031925.769246 1.739482 -0.837101 0.402386 0.149369 0.029146 -0.111164 0.982081
1305031925.801208 1.751975 -0.828840 0.398311 0.143662 0.032130 -0.108176 0.983172
1305031925.833148 1.763522 -0.820275 0.393491 0.135846 0.036949 -0.103757 0.984589
1305031925.869197 1.770817 -0.814731 0.390450 0.127167 0.043625 -0.100957 0.985765
1305031925.901176 1.780736 -0.807164 0.386130 0.120037 0.049455 -0.096077 0.986871
1305031925.933170 1.789269 -0.800531 0.382158 0.113194 0.053525 -0.088770 0.988151
1305031925.969198 1.797808 -0.792162 0.376099 0.105240 0.056423 -0.083269 0.989347
1305031926.001186 1.802363 -0.787419 0.371340 0.097700 0.059619 -0.078520 0.990321
1305031926.033156 1.812482 -0.780081 0.364430 0.093840 0.059760 -0.073016 0.991106
1305031926.069077 1.821193 -0.771891 0.357006 0.089809 0.062060 -0.069371 0.991600
1305031926.101106 1.828078 -0.765656 0.349861 0.087115 0.066786 -0.068087 0.991622
1305031926.133181 1.839696 -0.754933 0.338675 0.086460 0.070938 -0.066248 0.991516
1305031926.169101 1.847959 -0.746565 0.331994 0.082792 0.077500 -0.063390 0.991525
1305031926.201141 1.852690 -0.740844 0.324395 0.082553 0.084804 -0.060317 0.991138
1305031926.233134 1.864294 -0.730295 0.310409 0.082624 0.090225 -0.056935 0.990854
1305031926.269135 1.873120 -0.722558 0.302462 0.080668 0.096470 -0.055665 0.990499
1305031926.301054 1.881709 -0.714864 0.293806 0.080853 0.103721 -0.054310 0.989826
1305031926.333164 1.890432 -0.706638 0.283092 0.080704 0.113329 -0.050869 0.988967
1305031926.369064 1.896241 -0.701505 0.275148 0.080913 0.123690 -0.046894 0.987904
1305031926.401166 1.902562 -0.694879 0.260208 0.081991 0.132253 -0.041942 0.986928
1305031926.433155 1.909138 -0.688524 0.246526 0.081925 0.140369 -0.036607 0.986025
1305031926.469090 1.915420 -0.684122 0.238064 0.081947 0.148339 -0.031152 0.985043
1305031926.501075 1.920908 -0.682017 0.227846 0.083666 0.157211 -0.023135 0.983743
1305031926.533176 1.922022 -0.675241 0.214536 0.086630 0.167279 -0.015878 0.981968
1305031926.569122 1.924826 -0.671172 0.202513 0.088652 0.175854 -0.006889 0.980392
1305031926.601166 1.926561 -0.666306 0.190305 0.090100 0.183930 0.002625 0.978798
1305031926.633127 1.928675 -0.660789 0.179207 0.090720 0.191440 0.012824 0.977219
1305031926.669140 1.932022 -0.655648 0.170878 0.091252 0.198900 0.023782 0.975472
1305031926.701042 1.937548 -0.647622 0.166060 0.093241 0.207795 0.031275 0.973216
1305031926.733207 1.935958 -0.646272 0.160742 0.091973 0.222187 0.039309 0.969860
1305031926.769141 1.933713 -0.645231 0.152526 0.090055 0.236928 0.051236 0.965987
1305031926.801342 1.935419 -0.640768 0.147804 0.089113 0.250334 0.063951 0.961926
1305031926.833209 1.934390 -0.637974 0.145142 0.088100 0.266103 0.077809 0.956751
1305031926.869333 1.927358 -0.638533 0.143054 0.085569 0.285080 0.095257 0.949912
1305031926.901097 1.930825 -0.632115 0.141455 0.085000 0.302848 0.112066 0.942602
1305031926.933348 1.938459 -0.623434 0.132694 0.084940 0.319625 0.127123 0.935128
1305031926.969122 1.933324 -0.617859 0.124326 0.081865 0.338973 0.140069 0.926702
1305031927.001575 1.932062 -0.614265 0.118869 0.075950 0.355959 0.153420 0.918688
1305031927.033929 1.937639 -0.607688 0.119924 0.072114 0.371876 0.167329 0.910225
1305031927.070528 1.937693 -0.600234 0.111203 0.069042 0.385480 0.181544 0.902042
1305031927.101272 1.942054 -0.597586 0.098260 0.062396 0.393730 0.195926 0.895934
1305031927.133471 1.944883 -0.585919 0.095569 0.057904 0.404427 0.208283 0.888653
1305031927.169161 1.947586 -0.575515 0.088971 0.052607 0.414086 0.220774 0.881490
1305031927.201210 1.951680 -0.565579 0.077178 0.045488 0.420610 0.234124 0.875331
1305031927.233491 1.951941 -0.547025 0.060619 0.037118 0.421762 0.245804 0.871963
1305031927.269153 1.955899 -0.540718 0.067454 0.026279 0.425565 0.254931 0.867879
1305031927.301135 1.958748 -0.528852 0.068044 0.018422 0.429330 0.264428 0.863374
1305031927.333139 1.959755 -0.516166 0.069282 0.013697 0.433866 0.275181 0.857816
1305031927.369147 1.966796 -0.510590 0.064887 0.005855 0.438108 0.286921 0.851882
1305031927.401161 1.971664 -0.500061 0.062529 -0.000372 0.443136 0.296884 0.845867
1305031927.433274 1.973546 -0.485989 0.057302 -0.004027 0.446156 0.304816 0.841437
1305031927.469105 1.975821 -0.473291 0.049288 -0.009403 0.447371 0.311508 0.838292
1305031927.501136 1.979922 -0.463479 0.045584 -0.016391 0.448566 0.315861 0.835914
1305031927.533182 1.981235 -0.455198 0.043083 -0.020950 0.450281 0.318611 0.833844
1305031927.569225 1.981418 -0.440159 0.036003 -0.024307 0.449592 0.319511 0.833780
1305031927.601132 1.983452 -0.430139 0.031284 -0.031848 0.447529 0.319733 0.834550
1305031927.633201 1.986913 -0.423597 0.031946 -0.041089 0.445444 0.318548 0.835714
1305031927.669158 1.989260 -0.412863 0.030453 -0.046375 0.442407 0.312372 0.839374
1305031927.701131 1.993561 -0.406247 0.024197 -0.055209 0.438407 0.305086 0.843608
1305031927.733219 1.997850 -0.400077 0.023122 -0.063307 0.435983 0.298726 0.846566
1305031927.769158 2.002986 -0.392863 0.019104 -0.070181 0.432825 0.292921 0.849667
1305031927.801109 2.007729 -0.384783 0.015930 -0.074177 0.431213 0.288489 0.851661
1305031927.833282 2.014125 -0.378132 0.009698 -0.077827 0.429475 0.286125 0.853010
1305031927.869143 2.020674 -0.371696 0.005291 -0.082172 0.428761 0.286326 0.852895
1305031927.901130 2.027372 -0.368755 0.005926 -0.085368 0.430336 0.285573 0.852039
1305031927.933465 2.033094 -0.355578 -0.007321 -0.084070 0.429653 0.283412 0.853234
1305031927.969176 2.039481 -0.345314 -0.017600 -0.084772 0.428065 0.284035 0.853756
1305031928.001134 2.046611 -0.339904 -0.024320 -0.086637 0.428382 0.285002 0.853086
1305031928.033186 2.053234 -0.328654 -0.037134 -0.086421 0.427787 0.285075 0.853383
1305031928.069125 2.059933 -0.319290 -0.048075 -0.089407 0.427618 0.287153 0.852463
1305031928.101114 2.066321 -0.313080 -0.054586 -0.091846 0.428847 0.289199 0.850892
1305031928.133202 2.073950 -0.304936 -0.067452 -0.093645 0.428921 0.290343 0.850270
1305031928.169018 2.079933 -0.301276 -0.073807 -0.096674 0.432857 0.290867 0.847753
1305031928.201096 2.084869 -0.294905 -0.081543 -0.098084 0.438631 0.290964 0.844584
1305031928.233133 2.087347 -0.287841 -0.092893 -0.099127 0.444868 0.293198 0.840417
1305031928.269216 2.091098 -0.285416 -0.094761 -0.101071 0.452354 0.297887 0.834520
1305031928.301255 2.092576 -0.282716 -0.103293 -0.100447 0.458294 0.302448 0.829700
1305031928.333609 2.095168 -0.278857 -0.111722 -0.099521 0.464417 0.307843 0.824406
1305031928.369520 2.102539 -0.272815 -0.115715 -0.096914 0.471237 0.314949 0.818138
1305031928.401116 2.103386 -0.274049 -0.122946 -0.093805 0.479325 0.323023 0.810619
1305031928.433543 2.108885 -0.269585 -0.133898 -0.088190 0.488575 0.332742 0.801748
1305031928.469232 2.112063 -0.262325 -0.142544 -0.080617 0.499518 0.343460 0.791213
1305031928.501428 2.122376 -0.263810 -0.151651 -0.074134 0.510070 0.355945 0.779510
1305031928.533982 2.122916 -0.260327 -0.157903 -0.063069 0.521038 0.365312 0.768823
1305031928.569299 2.119820 -0.256505 -0.165278 -0.053303 0.531705 0.371656 0.759158
1305031928.601271 2.118643 -0.254289 -0.167170 -0.043272 0.545220 0.377632 0.747166
1305031928.633595 2.102052 -0.288134 -0.214476 -0.040221 0.554811 0.381776 0.738115
1305031928.669146 2.103195 -0.288333 -0.225831 -0.030882 0.567630 0.381207 0.729057
1305031928.701110 2.098557 -0.289172 -0.231737 -0.021527 0.580751 0.378811 0.720255
1305031928.733185 2.103322 -0.293444 -0.241106 -0.013991 0.591867 0.377655 0.711951
1305031928.769202 2.101354 -0.302518 -0.243326 -0.005602 0.604890 0.376859 0.701466
1305031928.801117 2.101738 -0.306513 -0.251122 0.004044 0.615371 0.374599 0.693526
1305031928.833193 2.095624 -0.310655 -0.257867 0.014665 0.626939 0.370807 0.685007
1305031928.869148 2.094143 -0.314093 -0.270593 0.025109 0.636547 0.367981 0.677323
1305031928.901197 2.090977 -0.319514 -0.276451 0.035147 0.647586 0.363635 0.668705
1305031928.933215 2.090721 -0.324869 -0.284361 0.047121 0.658495 0.358791 0.659873
1305031928.969097 2.088376 -0.331776 -0.291912 0.057030 0.670574 0.350170 0.651505
1305031929.001155 2.084558 -0.341309 -0.293686 0.065066 0.684183 0.343043 0.640298
1305031929.033640 2.082983 -0.346650 -0.302509 0.075349 0.695964 0.336802 0.629699
1305031929.069089 2.077467 -0.354875 -0.305958 0.084085 0.709925 0.327136 0.617996
1305031929.101213 2.070927 -0.360400 -0.308479 0.092487 0.723790 0.317732 0.605492
1305031929.133202 2.070798 -0.367425 -0.313858 0.102697 0.736306 0.310732 0.592244
1305031929.169204 2.065547 -0.375789 -0.319772 0.112089 0.747089 0.304075 0.580373
1305031929.201163 2.058315 -0.382155 -0.317668 0.121562 0.758588 0.296793 0.567169
1305031929.233293 2.060028 -0.395148 -0.328786 0.133290 0.767843 0.293621 0.553568
1305031929.269214 2.056629 -0.403711 -0.334490 0.145595 0.777196 0.287116 0.540678
1305031929.301292 2.049655 -0.416566 -0.337875 0.154216 0.786403 0.280979 0.528051
1305031929.333529 2.049329 -0.419818 -0.337840 0.164954 0.795300 0.274094 0.514937
1305031929.369189 2.047321 -0.427104 -0.332999 0.174877 0.802886 0.266895 0.503546
1305031929.401369 2.044096 -0.440181 -0.337850 0.184261 0.806808 0.263728 0.495537
1305031929.433239 2.037019 -0.451705 -0.339545 0.192977 0.811023 0.257843 0.488384
1305031929.469219 2.030556 -0.461542 -0.339934 0.200391 0.815477 0.251970 0.480991
1305031929.501198 2.024916 -0.473820 -0.341028 0.207695 0.819121 0.247177 0.474139
1305031929.533262 2.018213 -0.486428 -0.341890 0.214227 0.823001 0.241600 0.467338
1305031929.569172 2.012036 -0.498407 -0.342699 0.220035 0.826741 0.235700 0.461009
1305031929.601101 2.005281 -0.512320 -0.343287 0.224685 0.830427 0.228598 0.455688
1305031929.634447 1.997965 -0.524214 -0.342476 0.228314 0.834789 0.220259 0.449985
1305031929.669287 1.991811 -0.535538 -0.340702 0.231847 0.838929 0.211436 0.444679
1305031929.701269 1.986823 -0.543267 -0.335593 0.236549 0.842714 0.201967 0.439417
1305031929.733617 1.980759 -0.553395 -0.332688 0.241986 0.844636 0.194283 0.436220
1305031929.769190 1.975008 -0.561818 -0.328410 0.246880 0.844507 0.187982 0.436486
1305031929.801229 1.968989 -0.570338 -0.325839 0.252106 0.844446 0.179764 0.437078
1305031929.833358 1.962226 -0.576436 -0.323225 0.257129 0.844345 0.171629 0.437619
1305031929.869242 1.957388 -0.582947 -0.320839 0.261206 0.843850 0.164473 0.438905
1305031929.901292 1.949803 -0.589838 -0.320005 0.265168 0.843031 0.158287 0.440374
1305031929.933176 1.941823 -0.599331 -0.322739 0.266613 0.843236 0.152844 0.441032
1305031929.969176 1.934204 -0.604687 -0.324593 0.266074 0.844661 0.148211 0.440211
1305031930.001350 1.923277 -0.621386 -0.334373 0.265043 0.845722 0.149718 0.438281
1305031930.033650 1.912682 -0.620947 -0.334461 0.266975 0.846616 0.150876 0.434974
1305031930.069293 1.902893 -0.618031 -0.335333 0.268413 0.847027 0.153680 0.432298
1305031930.101133 1.898483 -0.617998 -0.338307 0.267530 0.847653 0.157405 0.430273
1305031930.134163 1.882957 -0.614411 -0.339221 0.263435 0.848818 0.161617 0.428940
1305031930.169117 1.879672 -0.613062 -0.339705 0.260268 0.851856 0.165954 0.423157
1305031930.201148 1.867065 -0.606570 -0.343104 0.256695 0.854830 0.171041 0.417274
1305031930.233355 1.862353 -0.607987 -0.341232 0.249904 0.859110 0.177875 0.409680
1305031930.269064 1.853095 -0.591366 -0.351848 0.244546 0.862329 0.182410 0.404120
1305031930.301105 1.837605 -0.583999 -0.352794 0.240123 0.865161 0.190475 0.396933
1305031930.333138 1.833684 -0.576511 -0.358599 0.232518 0.868394 0.199074 0.390124
1305031930.369794 1.835889 -0.585724 -0.351522 0.224570 0.873229 0.209218 0.378506
1305031930.401077 1.828132 -0.565340 -0.359396 0.220706 0.875158 0.216683 0.372070
1305031930.433290 1.814702 -0.554627 -0.364395 0.214437 0.876557 0.225791 0.366992
1305031930.469130 1.838766 -0.581750 -0.345675 0.207176 0.879987 0.241436 0.352717
1305031930.501044 1.827796 -0.566496 -0.350921 0.204402 0.877881 0.254678 0.350264
1305031930.533067 1.814301 -0.558901 -0.359951 0.197120 0.876112 0.267660 0.349184
1305031930.569007 1.802941 -0.539782 -0.359654 0.190532 0.875783 0.275504 0.347561
1305031930.601041 1.794080 -0.532773 -0.355668 0.183139 0.875005 0.287175 0.344032
1305031930.633126 1.793700 -0.533574 -0.353308 0.174177 0.872942 0.301282 0.341855
1305031930.668925 1.806748 -0.543140 -0.340168 0.165926 0.870747 0.315532 0.338685
1305031930.701009 1.801185 -0.559190 -0.348783 0.159570 0.864307 0.332429 0.342055
1305031930.733195 1.827560 -0.529699 -0.316827 0.158010 0.863594 0.338351 0.338758
1305031930.769068 1.824817 -0.520301 -0.312788 0.151052 0.859003 0.348928 0.342849
1305031930.801055 1.823085 -0.516360 -0.312100 0.145462 0.854612 0.359460 0.345353
1305031930.833091 1.818050 -0.510075 -0.310773 0.140643 0.851486 0.367445 0.346663
1305031930.869070 1.815441 -0.511960 -0.313500 0.132357 0.848165 0.377824 0.346910
1305031930.900829 1.812536 -0.506855 -0.313855 0.126780 0.844385 0.388167 0.346796
1305031930.933330 1.810781 -0.480699 -0.294471 0.124535 0.843424 0.392264 0.345334
1305031930.969059 1.807605 -0.470990 -0.289452 0.119960 0.840166 0.401401 0.344395
1305031931.000795 1.804339 -0.460736 -0.283818 0.114726 0.836359 0.411708 0.343276
1305031931.033023 1.801453 -0.452953 -0.282504 0.108808 0.831979 0.422649 0.342548
1305031931.068905 1.800656 -0.444223 -0.278365 0.102765 0.827857 0.433930 0.340288
1305031931.100819 1.799468 -0.438279 -0.278710 0.097755 0.822786 0.447022 0.337104
1305031931.133042 1.794755 -0.426434 -0.275011 0.094168 0.818914 0.457560 0.333393
1305031931.168900 1.785988 -0.411115 -0.274515 0.089618 0.815286 0.468274 0.328629
1305031931.200696 1.783259 -0.402372 -0.272525 0.083344 0.812165 0.480864 0.319705
1305031931.233053 1.783398 -0.397402 -0.275378 0.074572 0.808201 0.495473 0.309445
1305031931.268951 1.785912 -0.394225 -0.275602 0.066727 0.805410 0.508335 0.297418
1305031931.300955 1.789975 -0.389418 -0.278417 0.058957 0.802654 0.520953 0.284392
1305031931.332991 1.784644 -0.371601 -0.274974 0.053583 0.802479 0.528235 0.272258
1305031931.369797 1.789593 -0.366731 -0.273628 0.048876 0.801653 0.537845 0.256293
1305031931.401337 1.794165 -0.360675 -0.272547 0.046578 0.800260 0.546842 0.241617
1305031931.432892 1.804647 -0.361088 -0.273818 0.043913 0.798584 0.556119 0.225979
1305031931.469079 1.810329 -0.361900 -0.274695 0.043558 0.797423 0.563174 0.212261
1305031931.500852 1.813557 -0.356393 -0.272719 0.043309 0.796833 0.568431 0.200169
1305031931.532871 1.820954 -0.351367 -0.274047 0.043520 0.794773 0.575727 0.187028
1305031931.569726 1.832470 -0.347207 -0.279954 0.045736 0.793802 0.581134 0.173404
1305031931.601199 1.840410 -0.342344 -0.279097 0.048285 0.794543 0.583016 0.162670
1305031931.633004 1.848837 -0.338248 -0.280786 0.048746 0.794162 0.585662 0.154698
1305031931.669064 1.856166 -0.334587 -0.282527 0.048148 0.794707 0.586630 0.148283
1305031931.701060 1.865655 -0.331441 -0.280293 0.046241 0.795676 0.587382 0.140515
1305031931.732985 1.877376 -0.328240 -0.280373 0.044592 0.795802 0.588927 0.133700
1305031931.768911 1.887420 -0.323851 -0.277138 0.042221 0.795077 0.591005 0.129549
1305031931.800959 1.897734 -0.319208 -0.276670 0.042855 0.792991 0.594705 0.125114
1305031931.832926 1.905390 -0.314686 -0.273571 0.047309 0.790711 0.598531 0.119576
1305031931.868988 1.914601 -0.309022 -0.273123 0.052985 0.786145 0.605426 0.112376
1305031931.900957 1.922079 -0.303953 -0.276264 0.058059 0.782181 0.610886 0.107889
1305031931.932907 1.930519 -0.300420 -0.277261 0.062527 0.781086 0.612742 0.102680
1305031931.968902 1.938368 -0.294480 -0.276455 0.067050 0.779978 0.614242 0.099225
1305031932.000829 1.944089 -0.289121 -0.277746 0.071955 0.779564 0.614888 0.094949
1305031932.032913 1.952924 -0.285450 -0.279192 0.076797 0.779275 0.615635 0.088465
1305031932.068920 1.959833 -0.279945 -0.279346 0.081148 0.779620 0.615191 0.084544
1305031932.101294 1.968814 -0.276419 -0.279951 0.083897 0.778271 0.617194 0.079538
1305031932.132895 1.981043 -0.276507 -0.285821 0.089751 0.775754 0.619814 0.077334
1305031932.169077 1.991444 -0.273095 -0.286181 0.093939 0.774804 0.619784 0.081981
1305031932.200948 1.998131 -0.265998 -0.294046 0.097454 0.772449 0.621016 0.090355
1305031932.232821 2.006359 -0.262169 -0.299122 0.099403 0.771517 0.620389 0.099986
1305031932.268818 2.012524 -0.256915 -0.305916 0.101653 0.770385 0.619548 0.111059
1305031932.300945 2.016820 -0.254595 -0.314616 0.103730 0.770134 0.617719 0.120654
1305031932.333175 2.023583 -0.249731 -0.321602 0.104470 0.770759 0.615549 0.126947
1305031932.368837 2.032047 -0.247275 -0.330819 0.105257 0.771817 0.612556 0.134141
1305031932.401680 2.039402 -0.246364 -0.338669 0.107455 0.773107 0.608727 0.142165
1305031932.432994 2.045304 -0.244438 -0.343768 0.110921 0.773745 0.605248 0.150632
1305031932.469022 2.052674 -0.239906 -0.352318 0.114160 0.773290 0.602763 0.160209
1305031932.500893 2.057810 -0.238837 -0.359867 0.116445 0.772760 0.600106 0.170751
1305031932.532959 2.066827 -0.235150 -0.370051 0.117505 0.772353 0.597509 0.180683
1305031932.568972 2.072877 -0.232442 -0.377590 0.119065 0.773052 0.592781 0.191897
1305031932.600957 2.079995 -0.232471 -0.384173 0.118886 0.773490 0.587630 0.205596
1305031932.632929 2.083190 -0.234473 -0.390667 0.119444 0.773447 0.581987 0.220918
1305031932.669236 2.078013 -0.194818 -0.374748 0.126051 0.780218 0.563809 0.239772
1305031932.700806 2.084355 -0.193263 -0.384226 0.125983 0.780366 0.557198 0.254339
1305031932.732848 2.090688 -0.193683 -0.392804 0.125452 0.781321 0.549678 0.267680
1305031932.768757 2.094331 -0.199354 -0.398027 0.126456 0.782167 0.542500 0.279137
1305031932.800821 2.086558 -0.175892 -0.388742 0.135589 0.787183 0.524458 0.294793
1305031932.832891 2.085000 -0.150898 -0.382750 0.141252 0.792155 0.508126 0.307158
1305031932.869016 2.094692 -0.153374 -0.395748 0.140434 0.794266 0.499615 0.315917
1305031932.901214 2.098559 -0.151457 -0.399461 0.143444 0.799165 0.485882 0.323538
1305031932.932932 2.101548 -0.150859 -0.398877 0.146469 0.801963 0.475596 0.330470
1305031932.968787 2.107367 -0.151261 -0.410045 0.144858 0.801823 0.470305 0.338984
1305031933.001958 2.114496 -0.151207 -0.422629 0.142417 0.804175 0.463731 0.343474
1305031933.033045 2.117832 -0.147205 -0.427730 0.142849 0.808407 0.455976 0.343741
1305031933.068879 2.123035 -0.142417 -0.430461 0.142044 0.811684 0.451649 0.342062
1305031933.100908 2.131443 -0.135303 -0.442138 0.142165 0.813738 0.450785 0.338249
1305031933.132911 2.129012 -0.130330 -0.451228 0.143870 0.818613 0.447442 0.330106
1305031933.169450 2.128020 -0.128720 -0.452388 0.144261 0.823851 0.446394 0.318105
1305031933.200949 2.131795 -0.124978 -0.455421 0.144017 0.828578 0.446223 0.305945
1305031933.233374 2.141644 -0.123818 -0.456127 0.142396 0.833355 0.445794 0.294127
1305031933.269079 2.146785 -0.122013 -0.459028 0.141314 0.837180 0.444447 0.285705
1305031933.300869 2.144031 -0.120471 -0.457117 0.141800 0.840617 0.442929 0.277615
1305031933.332881 2.140887 -0.119093 -0.456868 0.143351 0.841744 0.444846 0.270239
1305031933.368978 2.137979 -0.115487 -0.460499 0.144226 0.842596 0.446721 0.263953
1305031933.400926 2.131623 -0.112119 -0.456998 0.146816 0.844132 0.447034 0.256996
1305031933.432912 2.139455 -0.103226 -0.451752 0.148668 0.845311 0.449689 0.247238
1305031933.469486 2.138264 -0.100309 -0.454973 0.150168 0.845384 0.453228 0.239500
1305031933.500809 2.133367 -0.096666 -0.454831 0.152180 0.846485 0.454628 0.231556
1305031933.533065 2.130099 -0.093297 -0.455136 0.152146 0.847557 0.457142 0.222529
1305031933.568861 2.125852 -0.094398 -0.455090 0.152985 0.848617 0.460195 0.211340
1305031933.600899 2.124543 -0.090597 -0.453463 0.155154 0.850478 0.462154 0.197558
1305031933.632949 2.114760 -0.090232 -0.453430 0.156394 0.851435 0.465510 0.184117
1305031933.669114 2.112160 -0.093708 -0.447907 0.157160 0.852936 0.469582 0.165208
1305031933.700931 2.108488 -0.087781 -0.445194 0.158710 0.854138 0.472828 0.147289
1305031933.732901 2.104536 -0.087382 -0.440223 0.160290 0.854397 0.476905 0.129900
1305031933.768934 2.098464 -0.083453 -0.437832 0.161801 0.854302 0.480557 0.114253
1305031933.800879 2.090750 -0.082192 -0.432987 0.161785 0.854603 0.483209 0.099939
1305031933.833132 2.086404 -0.083741 -0.423351 0.160041 0.854640 0.486538 0.085194
1305031933.868855 2.081343 -0.082920 -0.417672 0.158846 0.853331 0.491236 0.072664
1305031933.900942 2.076812 -0.082050 -0.411654 0.157217 0.851904 0.495714 0.061728
1305031933.932925 2.070771 -0.084012 -0.404225 0.155347 0.850408 0.499941 0.052273
1305031933.968843 2.066705 -0.086801 -0.395108 0.153397 0.848553 0.504536 0.043245
1305031934.000841 2.061024 -0.086679 -0.388305 0.152213 0.846427 0.508905 0.037527
1305031934.033000 2.054399 -0.084604 -0.380944 0.150213 0.844568 0.512915 0.032547
1305031934.068946 2.046253 -0.083150 -0.372762 0.147944 0.842975 0.516483 0.027412
1305031934.100917 2.038366 -0.081174 -0.363803 0.145536 0.841252 0.520258 0.021119
1305031934.132845 2.030210 -0.080028 -0.355949 0.143344 0.839101 0.524577 0.013430
1305031934.169177 2.021514 -0.080789 -0.347944 0.140969 0.837474 0.527942 0.006452
1305031934.200808 2.011612 -0.080027 -0.337984 0.138357 0.835784 0.531340 0.000290
1305031934.232870 2.002865 -0.081179 -0.330610 0.136789 0.833453 0.535341 -0.007380
1305031934.269296 1.994118 -0.084636 -0.323805 0.136462 0.831548 0.538259 -0.013563
1305031934.300934 1.985711 -0.088226 -0.314201 0.135442 0.829706 0.541247 -0.017203
1305031934.336871 1.974990 -0.089631 -0.308445 0.134925 0.826682 0.545960 -0.017882
1305031934.368906 1.965456 -0.092682 -0.303690 0.133955 0.825128 0.548566 -0.017203
1305031934.400928 1.954270 -0.094578 -0.297431 0.132170 0.824164 0.550545 -0.013590
1305031934.436865 1.942212 -0.096194 -0.293561 0.129260 0.824107 0.551425 -0.008329
1305031934.469287 1.929639 -0.097854 -0.287837 0.122964 0.826622 0.549158 -0.001170
1305031934.501241 1.914801 -0.097987 -0.279893 0.114386 0.828612 0.547989 0.005053
1305031934.536876 1.900165 -0.100656 -0.277801 0.108177 0.829177 0.548364 0.007817
1305031934.569101 1.886486 -0.103621 -0.272812 0.104480 0.831140 0.546086 0.008998
1305031934.600850 1.873995 -0.106994 -0.266158 0.100318 0.832592 0.544629 0.010324
1305031934.637030 1.862251 -0.111000 -0.264988 0.097804 0.832338 0.545395 0.013856
1305031934.668984 1.847399 -0.112111 -0.261360 0.094356 0.834925 0.541854 0.019771
1305031934.700945 1.833385 -0.115414 -0.256265 0.089326 0.836898 0.539489 0.023967
1305031934.736903 1.817258 -0.119505 -0.255246 0.086390 0.837646 0.538508 0.029921
1305031934.769124 1.801511 -0.120145 -0.251676 0.081651 0.840066 0.534956 0.038002
1305031934.801627 1.785801 -0.121338 -0.248534 0.077536 0.841595 0.532669 0.044375
1305031934.836769 1.768372 -0.123813 -0.247217 0.074741 0.843012 0.530184 0.051469
1305031934.869115 1.751775 -0.125816 -0.243879 0.070012 0.845662 0.525754 0.059480
1305031934.901010 1.733319 -0.127508 -0.243151 0.066593 0.847305 0.522378 0.068998
1305031934.937234 1.715632 -0.128824 -0.242307 0.062611 0.850525 0.516275 0.078409
1305031934.969077 1.697043 -0.132141 -0.242181 0.057178 0.854418 0.509035 0.087087
1305031935.001270 1.679534 -0.134798 -0.240544 0.051679 0.859000 0.500409 0.095077
1305031935.036852 1.661152 -0.136804 -0.241905 0.050235 0.862181 0.493863 0.101092
1305031935.069722 1.643725 -0.139708 -0.242107 0.051215 0.865585 0.486514 0.106977
1305031935.100912 1.626570 -0.140191 -0.239789 0.051393 0.868224 0.480678 0.111781
1305031935.136853 1.609617 -0.140985 -0.242984 0.050645 0.869159 0.478421 0.114504
1305031935.169281 1.593776 -0.141688 -0.247020 0.051440 0.870675 0.474899 0.117256
1305031935.200951 1.579304 -0.141584 -0.247567 0.054891 0.872136 0.471363 0.119089
1305031935.237095 1.565321 -0.141249 -0.250309 0.060389 0.871930 0.470465 0.121468
1305031935.268965 1.550361 -0.140495 -0.254757 0.065398 0.871407 0.469903 0.124758
1305031935.300805 1.533823 -0.139549 -0.257138 0.068551 0.871439 0.469062 0.126001
1305031935.336810 1.519360 -0.140951 -0.263403 0.071313 0.871338 0.469636 0.122994
1305031935.368827 1.504307 -0.140036 -0.266004 0.076147 0.871528 0.469894 0.117648
1305031935.400848 1.491424 -0.141348 -0.271985 0.082074 0.871010 0.471885 0.109226
1305031935.436887 1.478347 -0.140693 -0.277913 0.089551 0.870505 0.473327 0.100816
1305031935.468890 1.465109 -0.141020 -0.285799 0.096496 0.870032 0.474320 0.093558
1305031935.500863 1.451130 -0.143805 -0.295615 0.101671 0.871014 0.472825 0.086215
1305031935.536900 1.438427 -0.144723 -0.303399 0.107601 0.873208 0.468812 0.078394
1305031935.568783 1.421802 -0.150068 -0.313212 0.112424 0.875645 0.464335 0.070703
1305031935.600963 1.405557 -0.156391 -0.322028 0.114935 0.879565 0.457831 0.059554
1305031935.636916 1.391997 -0.158686 -0.331612 0.116113 0.885321 0.447885 0.046078
1305031935.669100 1.375317 -0.164797 -0.337110 0.114171 0.892316 0.435613 0.031283
1305031935.700948 1.361587 -0.169984 -0.344439 0.107797 0.899354 0.423453 0.015135
1305031935.736900 1.344876 -0.177449 -0.347723 0.098791 0.906528 0.410409 -0.003426
1305031935.768974 1.333980 -0.183306 -0.349614 0.087818 0.913076 0.397452 -0.024749
1305031935.801178 1.325302 -0.186989 -0.352611 0.078927 0.917635 0.386957 -0.044509
1305031935.836877 1.319920 -0.187643 -0.357280 0.072177 0.921082 0.377829 -0.060358
1305031935.869025 1.303607 -0.183192 -0.372667 0.068566 0.923425 0.370290 -0.073966
1305031935.901144 1.300276 -0.188237 -0.372195 0.063950 0.925888 0.362375 -0.085587
1305031935.936825 1.284318 -0.186352 -0.391089 0.060172 0.928295 0.354586 -0.094428
1305031935.969109 1.280486 -0.187621 -0.399969 0.053389 0.931362 0.345433 -0.101937
1305031936.000820 1.272014 -0.188965 -0.405438 0.046512 0.934516 0.336113 -0.107448
1305031936.036965 1.265899 -0.187828 -0.408221 0.039831 0.937497 0.326495 -0.113636
1305031936.068809 1.259320 -0.188187 -0.412526 0.035231 0.939395 0.318873 -0.120896
1305031936.100718 1.250349 -0.186517 -0.417691 0.032041 0.940917 0.311318 -0.129343
1305031936.137490 1.248972 -0.187713 -0.418632 0.029795 0.941986 0.304060 -0.139006
1305031936.168897 1.242170 -0.185020 -0.421217 0.029735 0.942362 0.299237 -0.146722
1305031936.200867 1.235912 -0.184096 -0.431005 0.030727 0.942547 0.293955 -0.155728
1305031936.237546 1.222862 -0.182956 -0.435674 0.031439 0.943662 0.286393 -0.162763
1305031936.268981 1.218134 -0.183579 -0.435413 0.031650 0.944284 0.279411 -0.171042
1305031936.300816 1.210002 -0.180467 -0.440454 0.035885 0.944710 0.271562 -0.180248
1305031936.336863 1.202779 -0.177687 -0.442663 0.043282 0.945305 0.262426 -0.188833
1305031936.368927 1.195101 -0.179441 -0.441602 0.049909 0.945464 0.255291 -0.196043
1305031936.400840 1.188969 -0.180628 -0.442996 0.054628 0.945057 0.249042 -0.204599
1305031936.436777 1.177242 -0.179770 -0.446031 0.058247 0.944918 0.243573 -0.210734
1305031936.468789 1.168097 -0.179068 -0.449709 0.061730 0.944766 0.238060 -0.216640
1305031936.500753 1.158690 -0.178361 -0.451951 0.065251 0.944934 0.232066 -0.221330
1305031936.536847 1.153453 -0.177759 -0.454710 0.066800 0.945096 0.227379 -0.225012
1305031936.569452 1.149918 -0.178614 -0.459401 0.070754 0.945095 0.223314 -0.227858
1305031936.600821 1.144546 -0.176303 -0.460784 0.075432 0.945434 0.219061 -0.229080
1305031936.636879 1.137796 -0.170000 -0.460657 0.077369 0.945774 0.216178 -0.229766
1305031936.668885 1.123185 -0.156309 -0.458644 0.075499 0.946429 0.212857 -0.230789
1305031936.700881 1.120077 -0.152409 -0.460041 0.075503 0.945730 0.209540 -0.236616
1305031936.737504 1.126879 -0.153290 -0.465352 0.079082 0.943970 0.209977 -0.242025
1305031936.768825 1.111301 -0.146233 -0.466888 0.080604 0.943411 0.213527 -0.240592
1305031936.800856 1.115215 -0.143446 -0.464349 0.084145 0.941833 0.216551 -0.242848
1305031936.836845 1.107434 -0.145877 -0.470406 0.094294 0.939567 0.222770 -0.242274
1305031936.868891 1.119341 -0.140238 -0.463250 0.096336 0.937279 0.232673 -0.241022
1305031936.900833 1.120026 -0.134448 -0.462103 0.104238 0.935045 0.241465 -0.237739
1305031936.936914 1.102705 -0.102841 -0.458080 0.104718 0.935279 0.248852 -0.228822
1305031936.968821 1.093708 -0.091206 -0.460594 0.107440 0.932339 0.263371 -0.223241
1305031937.001118 1.074023 -0.082451 -0.461386 0.113442 0.929954 0.275122 -0.215927
1305031937.036874 1.056438 -0.084051 -0.464771 0.119676 0.927220 0.288844 -0.206179
1305031937.068765 1.044272 -0.083536 -0.466654 0.127823 0.923589 0.303995 -0.195532
1305031937.100716 1.034681 -0.071707 -0.463648 0.131711 0.921917 0.313774 -0.185112
1305031937.136838 1.035770 -0.062972 -0.460471 0.133714 0.919396 0.323344 -0.179669
1305031937.168856 1.036288 -0.042679 -0.451024 0.137018 0.916891 0.331237 -0.175552
1305031937.200813 1.023891 -0.034506 -0.453382 0.143405 0.912551 0.343893 -0.168590
1305031937.236893 1.015037 -0.023000 -0.452378 0.150799 0.907986 0.356249 -0.160962
1305031937.268821 1.009530 -0.007727 -0.451282 0.156033 0.903169 0.368651 -0.155038
1305031937.300783 1.001346 0.000492 -0.452206 0.164317 0.897296 0.381205 -0.150141
1305031937.336862 0.996442 0.015439 -0.449548 0.168457 0.892709 0.392107 -0.144722
1305031937.368734 0.992683 0.033869 -0.446398 0.169125 0.888666 0.401493 -0.143082
1305031937.400796 0.988383 0.044353 -0.440981 0.172402 0.883446 0.411330 -0.143554
1305031937.438211 0.982438 0.050243 -0.442578 0.176181 0.877142 0.423820 -0.141278
1305031937.468824 0.976827 0.056198 -0.443944 0.177959 0.871640 0.435705 -0.136879
1305031937.500797 0.975759 0.065716 -0.441415 0.177768 0.866233 0.447692 -0.132704
1305031937.536931 0.973243 0.078601 -0.437436 0.178987 0.859322 0.461378 -0.129075
1305031937.568829 0.970487 0.087754 -0.437793 0.183408 0.850929 0.475593 -0.126854
1305031937.600746 0.968775 0.105488 -0.429843 0.184624 0.844379 0.487436 -0.123874
1305031937.636891 0.967734 0.121784 -0.421970 0.183909 0.838663 0.497569 -0.123477
1305031937.668803 0.963563 0.134350 -0.417052 0.185148 0.831558 0.508735 -0.124179
1305031937.700837 0.961982 0.156341 -0.401813 0.184856 0.827223 0.515454 -0.125845
1305031937.736899 0.958498 0.164126 -0.400513 0.186412 0.820255 0.525339 -0.128265
1305031937.768919 0.958248 0.181238 -0.390499 0.184796 0.816292 0.531763 -0.129405
1305031937.800834 0.955369 0.202545 -0.380609 0.181296 0.814363 0.535266 -0.132044
1305031937.836877 0.955230 0.209009 -0.377123 0.179798 0.809390 0.541932 -0.137368
1305031937.868807 0.953084 0.218660 -0.372711 0.179270 0.804356 0.547983 -0.143485
1305031937.900823 0.952189 0.221338 -0.381870 0.179781 0.797373 0.555406 -0.152970
1305031937.936960 0.954130 0.201979 -0.389247 0.179680 0.787373 0.565869 -0.165984
1305031937.968830 0.933483 0.229219 -0.379424 0.182953 0.782179 0.569656 -0.173829
1305031938.000822 0.923981 0.235684 -0.378299 0.184051 0.775371 0.575333 -0.184164
1305031938.036945 0.912802 0.254766 -0.375800 0.185085 0.769284 0.579850 -0.194215
1305031938.068761 0.904192 0.256542 -0.368401 0.185104 0.764674 0.582283 -0.204832
1305031938.100744 0.899410 0.259626 -0.373309 0.185167 0.756561 0.588441 -0.216949
1305031938.136885 0.899589 0.255248 -0.376058 0.185225 0.747292 0.594520 -0.231932
1305031938.168914 0.849799 0.274031 -0.346174 0.198596 0.740224 0.597215 -0.236564
1305031938.200883 0.836906 0.281012 -0.339807 0.205696 0.731124 0.602463 -0.245328
1305031938.236878 0.827500 0.299728 -0.331932 0.209487 0.724362 0.605111 -0.255451
1305031938.268809 0.820055 0.308060 -0.329975 0.212585 0.716602 0.607298 -0.269217
1305031938.300837 0.821677 0.309695 -0.325912 0.210556 0.711288 0.607271 -0.284531
1305031938.336900 0.810351 0.311573 -0.310654 0.210315 0.708427 0.606092 -0.294198
1305031938.368914 0.788685 0.322458 -0.293821 0.212926 0.705880 0.604479 -0.301664
1305031938.400842 0.785947 0.325431 -0.287005 0.209390 0.703119 0.603196 -0.312945
1305031938.436889 0.788848 0.328154 -0.296654 0.203898 0.697926 0.602392 -0.329315
1305031938.468781 0.791123 0.314472 -0.294701 0.198551 0.695503 0.599811 -0.342170
1305031938.501288 0.773882 0.330814 -0.297071 0.197732 0.693210 0.598941 -0.348756
1305031938.537028 0.770045 0.322892 -0.310809 0.190766 0.689586 0.597740 -0.361643
1305031938.568999 0.773454 0.328995 -0.308150 0.179557 0.692913 0.591087 -0.371815
1305031938.601007 0.769260 0.324847 -0.313914 0.169433 0.693339 0.588582 -0.379665
1305031938.637299 0.816424 0.322121 -0.290684 0.149549 0.703351 0.570997 -0.396099
1305031938.668747 0.780172 0.292798 -0.347031 0.147667 0.693367 0.577316 -0.405145
1305031938.700851 0.812667 0.310710 -0.360903 0.125684 0.696329 0.567895 -0.420506
1305031938.736859 0.816627 0.305547 -0.358517 0.110556 0.702345 0.556159 -0.430321
1305031938.769073 0.823940 0.300369 -0.354864 0.095859 0.707771 0.544653 -0.439573
1305031938.800781 0.827714 0.293019 -0.353345 0.079754 0.713461 0.532395 -0.448518
1305031938.836754 0.835268 0.277425 -0.349492 0.062986 0.718681 0.520461 -0.456783
1305031938.869057 0.828290 0.244267 -0.351940 0.052744 0.723512 0.511133 -0.460967
1305031938.900976 0.832241 0.210504 -0.349851 0.039352 0.729163 0.501616 -0.463848
1305031938.936828 0.845772 0.212060 -0.343100 0.024595 0.734140 0.485703 -0.473841
1305031938.969026 0.865841 0.200704 -0.342979 0.016530 0.739531 0.463524 -0.487818
1305031939.001030 0.863545 0.188804 -0.345580 0.010852 0.742457 0.452654 -0.493704
1305031939.037090 0.860991 0.175475 -0.349809 0.004473 0.745030 0.443687 -0.498048
1305031939.069377 0.860846 0.164985 -0.345410 0.001355 -0.749592 -0.432018 0.501468
1305031939.101368 0.861882 0.156124 -0.346909 0.005527 -0.752934 -0.419974 0.506638
1305031939.137143 0.862732 0.146619 -0.347629 0.011897 -0.756748 -0.407593 0.510939
1305031939.168815 0.863694 0.136266 -0.350233 0.018074 -0.761043 -0.394460 0.514673
1305031939.200865 0.863207 0.123784 -0.355080 0.022698 -0.764419 -0.382727 0.518333
1305031939.237165 0.862644 0.110600 -0.359642 0.027878 -0.768008 -0.370020 0.521989
1305031939.268824 0.865117 0.101460 -0.363335 0.036131 -0.771474 -0.357342 0.525195
1305031939.300842 0.861993 0.085416 -0.363540 0.045576 -0.775920 -0.345588 0.525776
1305031939.336729 0.865395 0.081546 -0.362832 0.057582 -0.780238 -0.328268 0.529294
1305031939.368966 0.865937 0.067250 -0.367767 0.069584 -0.784555 -0.310770 0.532028
1305031939.400848 0.869611 0.066055 -0.362981 0.081637 -0.790016 -0.291325 0.533235
1305031939.436845 0.871950 0.057560 -0.365925 0.088784 -0.793382 -0.277629 0.534401
1305031939.468851 0.879003 0.055620 -0.363892 0.095046 -0.796928 -0.263841 0.535033
1305031939.500839 0.880506 0.046375 -0.363802 0.098148 -0.800455 -0.254519 0.533722
1305031939.536755 0.883311 0.036826 -0.364241 0.102762 -0.802264 -0.246685 0.533816
1305031939.568772 0.886814 0.031604 -0.361175 0.106975 -0.803293 -0.237228 0.535724
1305031939.600838 0.889094 0.025613 -0.357366 0.109668 -0.804232 -0.228987 0.537353
1305031939.636792 0.892311 0.019785 -0.354779 0.111235 -0.804148 -0.222532 0.539863
1305031939.668867 0.895783 0.013455 -0.349624 0.109725 -0.804524 -0.216880 0.541908
1305031939.700830 0.900583 0.008998 -0.343189 0.108163 -0.803866 -0.213306 0.544611
1305031939.736750 0.902917 -0.007975 -0.344690 0.102897 -0.800596 -0.214285 0.550036
1305031939.768919 0.904152 -0.014702 -0.337792 0.100228 -0.798365 -0.211658 0.554768
1305031939.803671 0.907023 -0.020694 -0.332767 0.098198 -0.793779 -0.210370 0.562153
1305031939.837145 0.905458 -0.028193 -0.329974 0.094820 -0.787094 -0.210147 0.572127
1305031939.869215 0.905246 -0.028273 -0.324780 0.094207 -0.779796 -0.207393 0.583122
1305031939.903633 0.912900 -0.029948 -0.323813 0.093827 -0.770781 -0.206712 0.595284
1305031939.937192 0.917404 -0.029344 -0.311381 0.088965 -0.763532 -0.206775 0.605268
1305031939.968904 0.914625 -0.036053 -0.309235 0.081958 -0.753068 -0.214793 0.616470
1305031940.005582 0.908473 -0.026247 -0.295307 0.078855 -0.743963 -0.217503 0.626892
1305031940.037088 0.899247 -0.028492 -0.301776 0.074212 -0.729738 -0.225171 0.641306
1305031940.068783 0.883483 -0.033926 -0.308750 0.072555 -0.715048 -0.234276 0.654642
1305031940.104265 0.872193 -0.030650 -0.308042 0.076174 -0.702814 -0.236590 0.666540
1305031940.136746 0.864335 -0.027949 -0.311068 0.079648 -0.690430 -0.237616 0.678602
1305031940.168737 0.856357 -0.024705 -0.310168 0.082109 -0.680433 -0.236217 0.688818
1305031940.200829 0.851428 -0.022992 -0.304307 0.081059 -0.673499 -0.233327 0.696698
1305031940.236742 0.843782 -0.019923 -0.303511 0.077531 -0.666190 -0.231166 0.704800
1305031940.269041 0.836785 -0.017577 -0.302941 0.072810 -0.657325 -0.228954 0.714285
1305031940.301146 0.826936 -0.018814 -0.304618 0.067481 -0.646062 -0.227453 0.725476
1305031940.336732 0.830992 -0.034924 -0.301740 0.064712 -0.633093 -0.231062 0.735945
1305031940.369236 0.820831 -0.011780 -0.299785 0.059536 -0.616452 -0.224924 0.752231
1305031940.403665 0.810655 -0.009806 -0.300695 0.050771 -0.598120 -0.224808 0.767552
1305031940.436756 0.800121 -0.003847 -0.301343 0.042398 -0.580241 -0.222141 0.782417
1305031940.468746 0.807160 0.018478 -0.290331 0.034451 -0.567669 -0.209931 0.795295
1305031940.503804 0.787681 0.027041 -0.289855 0.028254 -0.553133 -0.207947 0.806228
1305031940.536724 0.786051 0.036317 -0.282979 0.023763 -0.542384 -0.204182 0.814595
1305031940.568758 0.789671 0.044980 -0.281998 0.018135 -0.532906 -0.200579 0.821858
1305031940.603364 0.773290 0.051259 -0.283632 0.016076 -0.522088 -0.201670 0.828550
1305031940.636761 0.764339 0.055457 -0.276714 0.016854 -0.511483 -0.199933 0.835541
1305031940.668762 0.765091 0.057167 -0.278418 0.015316 -0.499752 -0.198312 0.843022
1305031940.703222 0.756950 0.060798 -0.273905 0.015635 -0.489513 -0.201058 0.848356
1305031940.736947 0.751142 0.065545 -0.270624 0.015695 -0.479543 -0.201464 0.853935
1305031940.768772 0.749232 0.068167 -0.267557 0.014058 -0.470608 -0.201661 0.858873
1305031940.803047 0.741475 0.074253 -0.261236 0.011814 -0.461537 -0.202709 0.863570
1305031940.836755 0.736011 0.075556 -0.263376 0.008904 -0.452541 -0.205599 0.867673
1305031940.869689 0.720205 0.089722 -0.248371 0.007388 -0.444359 -0.209530 0.870970
1305031940.903305 0.709955 0.094542 -0.244109 0.002995 -0.435093 -0.216095 0.874064
1305031940.937034 0.692316 0.102710 -0.239375 -0.000573 -0.424900 -0.222118 0.877567
1305031940.968758 0.682009 0.108347 -0.231514 -0.004472 -0.416094 -0.227440 0.880407
1305031941.003160 0.668056 0.113954 -0.225558 -0.008112 -0.406795 -0.232409 0.883424
1305031941.036777 0.655388 0.118961 -0.218960 -0.009751 -0.399648 -0.237843 0.885221
1305031941.071057 0.642736 0.124523 -0.213240 -0.012375 -0.393468 -0.241852 0.886869
1305031941.103422 0.629192 0.129797 -0.203389 -0.015115 -0.388141 -0.245611 0.888141
1305031941.136774 0.616275 0.134396 -0.192818 -0.017714 -0.382017 -0.248082 0.890059
1305031941.171144 0.602394 0.139543 -0.182163 -0.021365 -0.375103 -0.246595 0.893326
1305031941.203508 0.587258 0.140650 -0.168513 -0.023722 -0.368648 -0.243746 0.896730
1305031941.236705 0.573800 0.144468 -0.159743 -0.024526 -0.359903 -0.241656 0.900817
1305031941.271129 0.559801 0.147396 -0.151866 -0.026354 -0.350554 -0.238109 0.905385
1305031941.303362 0.544714 0.148493 -0.136040 -0.027324 -0.341770 -0.233635 0.909869
1305031941.336734 0.529506 0.148348 -0.134722 -0.029157 -0.329379 -0.226918 0.916061
1305031941.371607 0.516790 0.152006 -0.131759 -0.032965 -0.319938 -0.218471 0.921316
1305031941.403845 0.503394 0.152869 -0.127596 -0.041029 -0.312145 -0.208345 0.925999
1305031941.436799 0.487523 0.150890 -0.115149 -0.051637 -0.305461 -0.194866 0.930620
1305031941.469611 0.475353 0.150916 -0.107964 -0.060235 -0.300807 -0.178250 0.934941
1305031941.501458 0.463592 0.154059 -0.098221 -0.066871 -0.296109 -0.167204 0.938025
1305031941.537220 0.461953 0.154705 -0.071205 -0.070048 -0.292925 -0.161509 0.939789
1305031941.570287 0.452289 0.153527 -0.063061 -0.071662 -0.282054 -0.156596 0.943816
1305031941.603047 0.444166 0.155977 -0.061284 -0.073618 -0.267809 -0.152184 0.948524
1305031941.636822 0.432215 0.160971 -0.054823 -0.077286 -0.252677 -0.151032 0.952560
1305031941.671554 0.418241 0.160807 -0.044133 -0.083084 -0.238789 -0.145799 0.956462
1305031941.703763 0.407253 0.157583 -0.040925 -0.084841 -0.227617 -0.139541 0.959959
1305031941.736866 0.396340 0.161318 -0.040991 -0.083240 -0.217186 -0.137788 0.962765
1305031941.768815 0.382467 0.163980 -0.036076 -0.083857 -0.207688 -0.138480 0.964706
1305031941.800820 0.366980 0.165276 -0.029651 -0.083297 -0.199797 -0.140924 0.966066
1305031941.836848 0.350883 0.167734 -0.024696 -0.080453 -0.192725 -0.142826 0.967463
1305031941.871813 0.336815 0.173677 -0.020441 -0.076607 -0.187206 -0.143898 0.968699
1305031941.902976 0.320061 0.173429 -0.016109 -0.072081 -0.182182 -0.143216 0.970105
1305031941.936760 0.306693 0.181395 -0.013040 -0.063637 -0.178006 -0.142163 0.971624
1305031941.971057 0.291980 0.185625 -0.008766 -0.057545 -0.173673 -0.139425 0.973184
1305031942.003141 0.277017 0.191564 -0.008453 -0.050183 -0.169337 -0.136315 0.974795
1305031942.036729 0.259408 0.195100 -0.007424 -0.045542 -0.167212 -0.134500 0.975641
1305031942.071082 0.244692 0.205762 -0.010148 -0.038930 -0.168216 -0.133708 0.975864
1305031942.100691 0.236376 0.221217 -0.005546 -0.040828 -0.168486 -0.136926 0.975293
1305031942.136758 0.219432 0.223530 -0.002523 -0.048715 -0.164754 -0.141112 0.974972
1305031942.170749 0.206248 0.229496 0.000274 -0.048833 -0.161689 -0.144739 0.974948
1305031942.203108 0.197578 0.241913 0.005901 -0.050855 -0.159030 -0.147482 0.974870
1305031942.238994 0.183478 0.245658 0.011909 -0.055478 -0.154096 -0.151520 0.974791
1305031942.271105 0.169084 0.252370 0.013064 -0.058312 -0.147652 -0.151847 0.975572
1305031942.303257 0.161825 0.260989 0.015360 -0.068162 -0.143857 -0.152322 0.975427
1305031942.337047 0.155066 0.269525 0.018546 -0.073866 -0.141916 -0.151939 0.975356
1305031942.370761 0.143370 0.278482 0.019744 -0.081500 -0.138809 -0.150432 0.975428
1305031942.402939 0.135053 0.281049 0.028227 -0.090452 -0.139948 -0.151961 0.974239
1305031942.439262 0.126174 0.282884 0.036737 -0.093774 -0.142911 -0.157535 0.972608
1305031942.471958 0.119308 0.285796 0.041717 -0.090755 -0.143901 -0.159045 0.972502
1305031942.503553 0.111202 0.289517 0.041933 -0.090857 -0.142856 -0.158178 0.972788
1305031942.539453 0.102099 0.288295 0.054443 -0.092170 -0.145070 -0.157406 0.972462
1305031942.571867 0.095768 0.290335 0.056774 -0.089901 -0.148981 -0.158480 0.971909
1305031942.601448 0.089463 0.292951 0.062890 -0.089181 -0.153410 -0.159312 0.971150
1305031942.639942 0.083349 0.294121 0.066852 -0.089078 -0.157269 -0.161373 0.970201
1305031942.669006 0.078704 0.298414 0.062385 -0.091023 -0.161442 -0.165334 0.968667
1305031942.704015 0.072220 0.298908 0.075274 -0.095740 -0.166162 -0.170664 0.966487
1305031942.739812 0.067000 0.300594 0.081819 -0.098489 -0.168373 -0.176156 0.964842
1305031942.771708 0.063065 0.300768 0.094847 -0.102146 -0.170088 -0.177675 0.963882
1305031942.801557 0.055809 0.298683 0.107684 -0.103725 -0.169259 -0.179955 0.963436
1305031942.841042 0.047424 0.297915 0.111594 -0.105618 -0.167635 -0.182236 0.963086
1305031942.868828 0.038661 0.300917 0.119061 -0.106767 -0.169711 -0.183642 0.962328
1305031942.903960 0.031143 0.298017 0.121537 -0.109932 -0.171594 -0.185519 0.961277
1305031942.936816 0.032069 0.298568 0.137997 -0.112158 -0.177489 -0.186508 0.959757
1305031942.970936 0.031371 0.295662 0.147387 -0.111782 -0.179778 -0.188991 0.958889
1305031943.001103 0.026218 0.294328 0.155112 -0.111809 -0.180336 -0.190477 0.958486
1305031943.039961 0.020936 0.290031 0.161176 -0.109921 -0.184860 -0.193938 0.957148
1305031943.071743 0.019832 0.284609 0.168080 -0.110549 -0.190039 -0.197177 0.955398
1305031943.104177 0.016618 0.283636 0.176338 -0.111440 -0.192760 -0.198778 0.954417
1305031943.139521 0.015110 0.281119 0.185396 -0.110503 -0.194711 -0.197607 0.954373
1305031943.171912 0.013176 0.273140 0.193614 -0.111838 -0.195645 -0.195414 0.954478
1305031943.201564 0.015145 0.269210 0.204611 -0.110526 -0.198109 -0.193968 0.954418
1305031943.240004 0.015037 0.258710 0.213783 -0.110486 -0.199020 -0.193176 0.954394
1305031943.271805 0.015488 0.245746 0.225854 -0.111409 -0.200484 -0.190692 0.954479
1305031943.303965 0.013232 0.233796 0.233821 -0.107879 -0.202486 -0.189114 0.954776
1305031943.339941 0.017816 0.222594 0.241061 -0.101625 -0.206602 -0.186826 0.955031
1305031943.371774 0.017439 0.207533 0.251054 -0.096530 -0.209525 -0.185354 0.955209
1305031943.404245 0.018016 0.191898 0.258785 -0.091908 -0.212234 -0.181868 0.955737
1305031943.440153 0.019064 0.172366 0.267274 -0.086759 -0.215631 -0.179489 0.955908
1305031943.471431 0.017249 0.161745 0.267538 -0.078655 -0.215490 -0.180351 0.956478
1305031943.501108 0.022223 0.144065 0.277287 -0.076072 -0.217968 -0.178199 0.956529
1305031943.539525 0.022890 0.129011 0.281292 -0.070283 -0.218497 -0.176502 0.957166
1305031943.570021 0.024016 0.124838 0.280682 -0.062091 -0.217329 -0.174090 0.958439
1305031943.607467 0.023509 0.107066 0.283378 -0.062697 -0.216312 -0.172632 0.958893
1305031943.638026 0.025540 0.097471 0.287698 -0.063543 -0.214862 -0.172716 0.959148
1305031943.671504 0.024443 0.083681 0.287029 -0.060759 -0.211922 -0.173195 0.959896
1305031943.707251 0.024073 0.050823 0.289265 -0.058134 -0.212603 -0.173509 0.959851
1305031943.739428 0.022283 0.038971 0.286659 -0.047625 -0.212209 -0.174408 0.960355
1305031943.771329 0.021050 0.026991 0.286696 -0.041503 -0.212652 -0.176243 0.960206
1305031943.806822 0.019704 0.017220 0.286395 -0.035133 -0.214105 -0.178845 0.959656
1305031943.837754 0.019230 0.011397 0.286776 -0.028868 -0.215891 -0.180341 0.959185
1305031943.868873 0.017818 -0.003979 0.287319 -0.022339 -0.220043 -0.181443 0.958207
1305031943.907218 0.016601 -0.008475 0.287215 -0.010616 -0.223826 -0.182749 0.957284
1305031943.936768 0.023018 0.004594 0.286818 0.007768 -0.230348 -0.179589 0.956362
1305031943.971278 0.017522 -0.019649 0.285334 0.014925 -0.234026 -0.178794 0.955532
1305031944.007760 0.017106 -0.023824 0.279700 0.025002 -0.231997 -0.178779 0.955819
1305031944.040486 0.016438 -0.037169 0.277633 0.033119 -0.227554 -0.173619 0.957590
1305031944.070886 0.018144 -0.040808 0.279262 0.046611 -0.221872 -0.167933 0.959374
1305031944.107390 0.025126 -0.037213 0.277775 0.061393 -0.215930 -0.159092 0.961403
1305031944.139656 0.021998 -0.048836 0.274794 0.066962 -0.209780 -0.152423 0.963471
1305031944.171370 0.023658 -0.051775 0.272293 0.074126 -0.205954 -0.145890 0.964782
1305031944.206998 0.025011 -0.046341 0.267959 0.081676 -0.202233 -0.140498 0.965759
1305031944.239334 0.027934 -0.041888 0.261533 0.086594 -0.199404 -0.136150 0.966542
1305031944.270963 0.033061 -0.043051 0.259782 0.089524 -0.195515 -0.131474 0.967716
1305031944.306934 0.039539 -0.047642 0.259072 0.091120 -0.190476 -0.125504 0.969363
1305031944.339308 0.050993 -0.049529 0.257560 0.093494 -0.184825 -0.119525 0.970985
1305031944.370745 0.051878 -0.046882 0.250795 0.094793 -0.175022 -0.111942 0.973576
1305031944.406233 0.059396 -0.046285 0.247607 0.094326 -0.167005 -0.102965 0.976017
1305031944.438724 0.076527 -0.038772 0.244429 0.092973 -0.157241 -0.092325 0.978830
1305031944.471304 0.082260 -0.048228 0.242527 0.085695 -0.142759 -0.080963 0.982711
1305031944.506947 0.089665 -0.051779 0.236004 0.084225 -0.126493 -0.072131 0.985750
1305031944.539069 0.095685 -0.041667 0.233092 0.084102 -0.110276 -0.065246 0.988185
1305031944.571530 0.095512 -0.039607 0.227476 0.079932 -0.096407 -0.059459 0.990344
1305031944.607229 0.105365 -0.035422 0.221151 0.074395 -0.086308 -0.055263 0.991949
1305031944.639625 0.111214 -0.035102 0.217487 0.066905 -0.074872 -0.053115 0.993527
1305031944.671779 0.121329 -0.032238 0.213188 0.059787 -0.063247 -0.052757 0.994807
1305031944.707774 0.130460 -0.029052 0.212655 0.049812 -0.048185 -0.051562 0.996262
1305031944.739941 0.130857 -0.041784 0.208875 0.039744 -0.031113 -0.047007 0.997619
1305031944.769058 0.134819 -0.039428 0.205226 0.037958 -0.015668 -0.044857 0.998149
1305031944.807919 0.135371 -0.038796 0.201271 0.033573 -0.002512 -0.044332 0.998449
1305031944.839956 0.133539 -0.037522 0.198674 0.027319 0.008376 -0.042218 0.998700
1305031944.875719 0.142985 -0.039750 0.198911 0.020979 0.014480 -0.038190 0.998945
1305031944.904670 0.148930 -0.039788 0.197267 0.017714 0.022185 -0.036485 0.998931
1305031944.939702 0.154092 -0.041308 0.194906 0.012278 0.031121 -0.036169 0.998786
1305031944.969076 0.167573 -0.056117 0.199122 0.008534 0.036409 -0.032597 0.998769
1305031945.007437 0.171469 -0.071781 0.199799 0.016994 0.042739 -0.024474 0.998642
1305031945.039937 0.171849 -0.073815 0.193680 0.037321 0.047677 -0.019657 0.997972
1305031945.069177 0.167871 -0.067585 0.194380 0.056960 0.051051 -0.014293 0.996968
1305031945.107523 0.168506 -0.080325 0.180770 0.073624 0.048825 -0.012238 0.996015
1305031945.136772 0.176244 -0.083725 0.178053 0.095437 0.045301 -0.011886 0.994333
1305031945.168992 0.181527 -0.088826 0.173787 0.112566 0.041299 -0.010790 0.992727
1305031945.207107 0.191651 -0.083620 0.174824 0.132331 0.037462 -0.015947 0.990369
1305031945.238859 0.196900 -0.085201 0.167580 0.141758 0.041009 -0.022914 0.988786
1305031945.269070 0.202188 -0.087105 0.165423 0.147456 0.045058 -0.026574 0.987684
1305031945.306358 0.203323 -0.094750 0.164259 0.154084 0.046807 -0.026242 0.986599
1305031945.338940 0.210924 -0.099168 0.161448 0.165549 0.043082 -0.023816 0.984972
1305031945.369056 0.218955 -0.096182 0.161967 0.174976 0.037897 -0.023414 0.983564
1305031945.406657 0.224538 -0.106394 0.156078 0.181883 0.031209 -0.022077 0.982577
1305031945.436818 0.233975 -0.113223 0.152899 0.195064 0.024087 -0.024945 0.980177
1305031945.469167 0.248835 -0.109002 0.153683 0.207537 0.019080 -0.028782 0.977618
1305031945.506438 0.259841 -0.115226 0.150575 0.211304 0.017310 -0.033538 0.976691
1305031945.538422 0.265814 -0.121868 0.147435 0.217658 0.020804 -0.038903 0.975028
1305031945.569071 0.287381 -0.112219 0.138512 0.227881 0.024506 -0.035704 0.972726
1305031945.606029 0.299630 -0.105467 0.134177 0.229184 0.031001 -0.033412 0.972315
1305031945.638298 0.309875 -0.105218 0.138090 0.228064 0.034117 -0.032422 0.972508
1305031945.669116 0.317641 -0.094102 0.137768 0.226848 0.037036 -0.029860 0.972768
1305031945.706215 0.330776 -0.090670 0.139983 0.220830 0.039032 -0.029691 0.974079
1305031945.738673 0.342792 -0.094927 0.139463 0.213818 0.043246 -0.031013 0.975423
1305031945.769045 0.360439 -0.077313 0.147704 0.209215 0.048892 -0.029021 0.976215
1305031945.806240 0.372213 -0.070349 0.148268 0.197991 0.054020 -0.025875 0.978372
1305031945.838266 0.383178 -0.068614 0.147450 0.184897 0.059078 -0.024833 0.980666
1305031945.869258 0.403444 -0.057039 0.147034 0.170112 0.062981 -0.020724 0.983192
1305031945.909177 0.416386 -0.052812 0.142508 0.149984 0.068034 -0.015438 0.986224
1305031945.936806 0.425739 -0.056902 0.151288 0.129569 0.077454 -0.012835 0.988457
1305031945.969300 0.435455 -0.055475 0.139124 0.110479 0.087878 -0.007404 0.989958
1305031946.005983 0.446908 -0.049024 0.138799 0.092522 0.099251 -0.001350 0.990751
1305031946.037278 0.453253 -0.047597 0.140335 0.074619 0.111728 0.004166 0.990925
1305031946.069057 0.462216 -0.044876 0.139734 0.062068 0.121368 0.010444 0.990610
1305031946.107140 0.469388 -0.042150 0.140888 0.050566 0.131458 0.017501 0.989877
1305031946.137054 0.476598 -0.041556 0.138515 0.042923 0.138194 0.020027 0.989272
1305031946.168867 0.481189 -0.034065 0.134115 0.038966 0.144480 0.020396 0.988530
1305031946.207043 0.483831 -0.026472 0.129377 0.033151 0.150465 0.023210 0.987787
1305031946.237369 0.480004 -0.025462 0.122554 0.024658 0.156020 0.027196 0.987071
1305031946.268902 0.488933 -0.012052 0.118142 0.019809 0.152929 0.027990 0.987642
1305031946.306775 0.488080 -0.005148 0.110439 0.011529 0.148487 0.025953 0.988507
1305031946.337036 0.489602 0.002034 0.098403 0.002904 0.142259 0.023611 0.989543
1305031946.369021 0.489525 0.012132 0.085279 -0.004014 0.138692 0.021619 0.990091
1305031946.406520 0.487764 0.017904 0.072300 -0.011638 0.135915 0.019399 0.990462
1305031946.437150 0.486173 0.024544 0.057579 -0.015928 0.132531 0.019118 0.990866
1305031946.468964 0.485089 0.033711 0.041467 -0.018453 0.128908 0.020096 0.991281
1305031946.506586 0.485636 0.042422 0.024602 -0.021778 0.125369 0.020577 0.991658
1305031946.537148 0.486406 0.047527 0.007824 -0.024816 0.123811 0.021607 0.991760
1305031946.569238 0.487699 0.055611 -0.009449 -0.025626 0.124221 0.023636 0.991642
1305031946.606469 0.489005 0.063761 -0.025897 -0.026941 0.126997 0.026284 0.991189
1305031946.637163 0.488777 0.069979 -0.042980 -0.027377 0.131535 0.027713 0.990546
1305031946.669089 0.488148 0.077568 -0.059670 -0.027619 0.136490 0.027810 0.989866
1305031946.706515 0.485393 0.084551 -0.077024 -0.027537 0.142342 0.026227 0.989087
1305031946.737134 0.479641 0.094329 -0.093857 -0.028462 0.147021 0.024825 0.988412
1305031946.769059 0.480019 0.101564 -0.110639 -0.032398 0.148903 0.024289 0.988022
1305031946.806647 0.478810 0.106318 -0.125854 -0.036921 0.152851 0.024589 0.987253
1305031946.837100 0.476852 0.110717 -0.141630 -0.040329 0.156047 0.025835 0.986588
1305031946.869090 0.473334 0.111387 -0.156099 -0.042490 0.157929 0.025092 0.986217
1305031946.906602 0.466278 0.116164 -0.170588 -0.041673 0.157465 0.025097 0.986326
1305031946.937151 0.468101 0.124295 -0.186800 -0.041245 0.152255 0.025802 0.987143
1305031946.969064 0.470505 0.131828 -0.201541 -0.044279 0.149239 0.026044 0.987466
1305031947.006827 0.469369 0.132624 -0.213223 -0.050039 0.146840 0.025785 0.987557
1305031947.037000 0.474972 0.135692 -0.227593 -0.052822 0.141847 0.025794 0.988142
1305031947.068973 0.483112 0.137128 -0.240310 -0.055025 0.140088 0.026380 0.988257
1305031947.106644 0.489288 0.137190 -0.251469 -0.054728 0.140179 0.022944 0.988346
1305031947.137044 0.498056 0.146543 -0.261689 -0.052668 0.142221 0.020345 0.988223
1305031947.169117 0.503464 0.150840 -0.269457 -0.054157 0.146200 0.022409 0.987517
1305031947.204982 0.510969 0.151237 -0.275648 -0.055392 0.146924 0.023095 0.987325
1305031947.237001 0.518334 0.154564 -0.281929 -0.055627 0.146999 0.021758 0.987332
1305031947.269076 0.525535 0.160562 -0.286858 -0.057611 0.144803 0.016989 0.987636
1305031947.304951 0.539896 0.168651 -0.291574 -0.063155 0.140339 0.014059 0.987987
1305031947.336945 0.549888 0.164400 -0.292001 -0.072372 0.137684 0.010867 0.987769
1305031947.368991 0.564088 0.163778 -0.292482 -0.076755 0.131991 0.001867 0.988273
1305031947.405013 0.578432 0.166895 -0.294246 -0.078225 0.126534 -0.005574 0.988857
1305031947.437038 0.592818 0.163606 -0.294469 -0.080453 0.120232 -0.007266 0.989454
1305031947.469273 0.606761 0.156950 -0.296888 -0.077697 0.112652 -0.010352 0.990538
1305031947.504994 0.620724 0.160366 -0.300306 -0.070989 0.103032 -0.017526 0.991987
1305031947.537022 0.636633 0.168506 -0.303429 -0.065354 0.092115 -0.023959 0.993312
1305031947.568989 0.652984 0.168312 -0.305890 -0.065262 0.078722 -0.029545 0.994319
1305031947.605177 0.676076 0.169241 -0.309392 -0.064355 0.062640 -0.041655 0.995088
1305031947.637085 0.694667 0.166236 -0.312310 -0.062795 0.051532 -0.052578 0.995307
1305031947.669011 0.708516 0.165095 -0.315948 -0.058378 0.040285 -0.060860 0.995623
1305031947.705153 0.729795 0.164571 -0.319882 -0.052031 0.023928 -0.072865 0.995696
1305031947.736979 0.750325 0.167464 -0.324251 -0.044611 0.009778 -0.086763 0.995182
1305031947.769041 0.773639 0.166730 -0.327763 -0.036320 -0.004020 -0.098646 0.994451
1305031947.804941 0.796258 0.175659 -0.332692 -0.029138 -0.012373 -0.107141 0.993740
1305031947.837022 0.809085 0.169741 -0.334576 -0.028234 -0.019435 -0.115839 0.992676
1305031947.868988 0.830743 0.175916 -0.338587 -0.020705 -0.030041 -0.126499 0.991296
1305031947.904995 0.844381 0.177549 -0.339672 -0.020442 -0.036858 -0.135330 0.989904
1305031947.937025 0.860181 0.178916 -0.341608 -0.017934 -0.046544 -0.143691 0.988365
1305031947.968976 0.880252 0.184031 -0.342898 -0.017947 -0.055374 -0.150315 0.986923
1305031948.004911 0.893056 0.180473 -0.341690 -0.022054 -0.061186 -0.155477 0.985696
1305031948.037003 0.908542 0.174417 -0.341412 -0.023146 -0.067711 -0.158619 0.984743
1305031948.068973 0.926556 0.173081 -0.341079 -0.020538 -0.071927 -0.160197 0.984247
1305031948.104993 0.936748 0.172244 -0.339790 -0.018598 -0.074113 -0.162064 0.983817
1305031948.136951 0.950264 0.172168 -0.336661 -0.017524 -0.080016 -0.163158 0.983194
1305031948.168952 0.963252 0.167390 -0.333256 -0.016730 -0.087855 -0.166379 0.981998
1305031948.204992 0.979073 0.166042 -0.329084 -0.014437 -0.096536 -0.171609 0.980318
1305031948.237002 0.993142 0.165549 -0.323986 -0.013558 -0.104028 -0.176608 0.978675
1305031948.269041 1.005595 0.161791 -0.317154 -0.014754 -0.112123 -0.179403 0.977254
1305031948.304939 1.024574 0.157690 -0.310190 -0.015534 -0.121033 -0.179151 0.976225
1305031948.337101 1.049202 0.155396 -0.299888 -0.016982 -0.125933 -0.177735 0.975840
1305031948.368969 1.064877 0.146803 -0.289104 -0.021566 -0.125074 -0.177419 0.975917
1305031948.404989 1.081534 0.140916 -0.281354 -0.022904 -0.123786 -0.177756 0.975989
1305031948.436942 1.104890 0.142458 -0.265957 -0.025597 -0.122548 -0.178753 0.975897
1305031948.469170 1.115539 0.134545 -0.252904 -0.032283 -0.119079 -0.178772 0.976124
1305031948.505024 1.134491 0.128148 -0.240182 -0.036368 -0.119926 -0.179194 0.975800
1305031948.537017 1.153634 0.119975 -0.226745 -0.041323 -0.118985 -0.180610 0.975456
1305031948.568891 1.169894 0.107483 -0.214763 -0.045742 -0.116268 -0.182325 0.975268
1305031948.605001 1.186688 0.102319 -0.204377 -0.046512 -0.113263 -0.186447 0.974806
1305031948.636912 1.202260 0.093735 -0.192084 -0.050310 -0.109760 -0.191802 0.973978
1305031948.669040 1.217289 0.084598 -0.182929 -0.052064 -0.107023 -0.196415 0.973271
1305031948.705075 1.237176 0.079840 -0.173318 -0.053618 -0.103676 -0.202255 0.972352
1305031948.737063 1.247801 0.073236 -0.163037 -0.057495 -0.096301 -0.204991 0.972316
1305031948.768899 1.263306 0.069701 -0.153869 -0.060092 -0.092924 -0.203835 0.972731
1305031948.804975 1.280014 0.065067 -0.143510 -0.065494 -0.088981 -0.202270 0.973077
1305031948.837073 1.296413 0.062573 -0.133350 -0.070878 -0.084777 -0.199210 0.973707
1305031948.868835 1.314660 0.063334 -0.123064 -0.078936 -0.081144 -0.195709 0.974106
1305031948.905077 1.326256 0.059693 -0.111314 -0.091732 -0.075446 -0.191722 0.974236
1305031948.936996 1.339564 0.059080 -0.101314 -0.101691 -0.073392 -0.186568 0.974405
1305031948.968952 1.355386 0.061558 -0.090252 -0.114323 -0.073946 -0.184460 0.973364
1305031949.005006 1.367766 0.060496 -0.077486 -0.131817 -0.074159 -0.184950 0.971040
1305031949.037089 1.383333 0.061568 -0.064887 -0.146620 -0.073689 -0.185563 0.968834
1305031949.069061 1.392925 0.062665 -0.054051 -0.162519 -0.069126 -0.186141 0.966520
1305031949.105077 1.397644 0.067939 -0.043887 -0.174767 -0.066393 -0.187486 0.964312
1305031949.137263 1.404914 0.070093 -0.033472 -0.189640 -0.069031 -0.191595 0.960501
1305031949.168946 1.412519 0.067489 -0.023618 -0.203663 -0.074433 -0.194392 0.956657
1305031949.204940 1.422484 0.069234 -0.015208 -0.213923 -0.083222 -0.199135 0.952710
1305031949.237011 1.435117 0.071847 -0.007600 -0.221830 -0.094851 -0.206078 0.948328
1305031949.268994 1.445337 0.069765 0.001285 -0.231417 -0.105367 -0.212843 0.943420
1305031949.305254 1.454345 0.062530 0.009874 -0.239961 -0.114854 -0.219952 0.938535
1305031949.337227 1.468997 0.063210 0.015761 -0.240598 -0.126109 -0.228227 0.934945
1305031949.368902 1.482988 0.060238 0.022263 -0.245308 -0.135225 -0.238771 0.929799
1305031949.405064 1.491836 0.050703 0.030396 -0.252159 -0.139487 -0.251288 0.924020
1305031949.437094 1.500777 0.041683 0.036065 -0.251640 -0.144938 -0.260980 0.920630
1305031949.468902 1.512453 0.037954 0.038205 -0.247686 -0.152797 -0.268419 0.918290
1305031949.505002 1.520954 0.029099 0.042461 -0.248646 -0.160276 -0.274212 0.915038
1305031949.537017 1.525228 0.016966 0.046788 -0.248947 -0.166767 -0.278505 0.912496
1305031949.568988 1.530767 0.005801 0.048590 -0.242741 -0.176543 -0.282516 0.911095
1305031949.604798 1.538777 -0.004764 0.050179 -0.233980 -0.188272 -0.288241 0.909244
1305031949.637172 1.538629 -0.020461 0.052303 -0.228182 -0.195543 -0.294232 0.907261
1305031949.668955 1.542215 -0.035802 0.054216 -0.217180 -0.205664 -0.296597 0.906954
1305031949.705003 1.548949 -0.046124 0.053770 -0.201530 -0.214402 -0.299232 0.907677
1305031949.736949 1.549559 -0.059969 0.055001 -0.191204 -0.218627 -0.300306 0.908548
1305031949.768985 1.548939 -0.074594 0.055624 -0.179537 -0.222634 -0.297918 0.910739
1305031949.804939 1.550546 -0.088496 0.056189 -0.163975 -0.228330 -0.296290 0.912792
1305031949.836964 1.551533 -0.099860 0.054904 -0.147505 -0.233030 -0.295606 0.914634
1305031949.868951 1.550531 -0.112526 0.053471 -0.131169 -0.238209 -0.293059 0.916607
1305031949.904851 1.552574 -0.128473 0.054627 -0.113310 -0.245531 -0.291233 0.917638
1305031949.936858 1.559325 -0.136802 0.051607 -0.091461 -0.249348 -0.289898 0.919467
1305031949.968881 1.563257 -0.147851 0.049738 -0.073079 -0.248634 -0.287899 0.921930
1305031950.004952 1.564567 -0.162496 0.049689 -0.056235 -0.246008 -0.282829 0.925378
1305031950.036989 1.566838 -0.173522 0.048581 -0.037481 -0.242332 -0.275048 0.929634
1305031950.069081 1.568842 -0.185401 0.048797 -0.019844 -0.238199 -0.264396 0.934324
1305031950.104966 1.566690 -0.197842 0.050176 -0.002211 -0.233676 -0.252430 0.938973
1305031950.136997 1.563038 -0.212365 0.047157 0.022299 -0.230760 -0.238848 0.942976
1305031950.168914 1.566205 -0.217104 0.046327 0.052521 -0.230757 -0.223151 0.945620
1305031950.204933 1.568765 -0.233442 0.046465 0.079037 -0.230129 -0.209381 0.947076
1305031950.237027 1.572020 -0.243263 0.046312 0.107811 -0.228595 -0.199114 0.946823
1305031950.269033 1.573972 -0.252287 0.046740 0.131156 -0.226322 -0.191198 0.946055
1305031950.304978 1.577149 -0.259112 0.047656 0.150159 -0.223507 -0.185436 0.945045
1305031950.337197 1.573396 -0.272930 0.050174 0.167615 -0.220749 -0.182469 0.943334
1305031950.368911 1.570028 -0.291118 0.048211 0.184647 -0.220365 -0.179066 0.940893
1305031950.404939 1.570815 -0.296021 0.051368 0.201304 -0.222463 -0.174468 0.937842
1305031950.436983 1.569008 -0.305400 0.051112 0.215814 -0.226564 -0.171681 0.934141
1305031950.468976 1.567571 -0.308037 0.051785 0.230813 -0.231230 -0.169814 0.929743
1305031950.504938 1.565279 -0.314862 0.052111 0.240449 -0.234578 -0.168845 0.926633
1305031950.536894 1.570451 -0.306182 0.065112 0.247951 -0.237323 -0.166103 0.924450
1305031950.568883 1.565334 -0.287218 0.072483 0.253145 -0.234975 -0.162935 0.924206
1305031950.604862 1.557814 -0.258151 0.086461 0.257053 -0.230478 -0.157384 0.925221
1305031950.637006 1.564686 -0.245100 0.098509 0.254079 -0.228776 -0.152010 0.927361
1305031950.668910 1.560782 -0.248574 0.103998 0.245099 -0.226893 -0.149563 0.930633
1305031950.704873 1.556993 -0.244235 0.110987 0.234969 -0.227293 -0.147937 0.933403
1305031950.736893 1.552030 -0.235202 0.115882 0.222877 -0.226750 -0.151938 0.935855
1305031950.768897 1.551924 -0.230245 0.122575 0.206484 -0.227818 -0.156539 0.938594
1305031950.804899 1.558094 -0.224395 0.132425 0.189958 -0.230040 -0.161275 0.940738
1305031950.837135 1.560290 -0.212285 0.143665 0.173074 -0.229035 -0.166971 0.943244
1305031950.869014 1.562248 -0.212077 0.148406 0.154072 -0.228907 -0.169793 0.946062
1305031950.904883 1.569661 -0.199737 0.158668 0.139574 -0.229885 -0.171707 0.947728
1305031950.936970 1.575733 -0.197951 0.163669 0.122149 -0.230386 -0.174616 0.949479
1305031950.968904 1.578702 -0.206029 0.166136 0.103833 -0.231375 -0.179608 0.950487
1305031951.004836 1.581711 -0.221350 0.169115 0.088129 -0.233286 -0.185159 0.950541
1305031951.036930 1.589820 -0.218361 0.173282 0.081869 -0.235568 -0.190486 0.949484
1305031951.069013 1.602817 -0.210746 0.179453 0.075366 -0.238021 -0.196037 0.948280
1305031951.104800 1.611124 -0.206922 0.182152 0.066095 -0.238709 -0.202125 0.947521
1305031951.136893 1.619367 -0.204624 0.183716 0.056747 -0.241666 -0.208271 0.946045
1305031951.168908 1.631135 -0.197025 0.185109 0.048958 -0.246077 -0.215563 0.943706
1305031951.204914 1.642840 -0.188294 0.186170 0.036944 -0.251152 -0.225035 0.940700
1305031951.236957 1.655870 -0.184816 0.186295 0.022135 -0.256528 -0.238366 0.936421
1305031951.268906 1.668092 -0.189803 0.191124 0.008505 -0.261076 -0.252992 0.931537
1305031951.304862 1.679419 -0.187767 0.188421 0.002274 -0.263586 -0.268751 0.926440
1305031951.336937 1.698860 -0.179930 0.192577 -0.002638 -0.267590 -0.283355 0.920923
1305031951.368840 1.714524 -0.179853 0.197029 -0.012404 -0.269180 -0.298309 0.915642
1305031951.404865 1.729557 -0.179805 0.201691 -0.019142 -0.270612 -0.310910 0.910899
1305031951.436903 1.749245 -0.177959 0.207584 -0.025762 -0.269899 -0.320508 0.907615
1305031951.468857 1.763631 -0.178374 0.212746 -0.034364 -0.266199 -0.326695 0.906216
1305031951.504916 1.781384 -0.177462 0.220110 -0.042558 -0.263886 -0.329287 0.905606
1305031951.536888 1.796853 -0.180301 0.227936 -0.052778 -0.259177 -0.329918 0.906199
1305031951.569006 1.812751 -0.181247 0.235975 -0.061307 -0.253758 -0.328324 0.907773
1305031951.604927 1.827074 -0.183184 0.244748 -0.069635 -0.249664 -0.327326 0.908667
1305031951.636936 1.845100 -0.185869 0.256082 -0.076494 -0.247665 -0.327753 0.908509
1305031951.668929 1.861207 -0.186900 0.268142 -0.082972 -0.241997 -0.330647 0.908419
1305031951.704880 1.874539 -0.188367 0.279660 -0.091110 -0.235513 -0.331621 0.908988
1305031951.736828 1.890811 -0.189382 0.292393 -0.101316 -0.230710 -0.330126 0.909684
1305031951.768926 1.903130 -0.192319 0.307749 -0.112973 -0.224752 -0.330263 0.909753
1305031951.804886 1.915487 -0.196112 0.322427 -0.121644 -0.219429 -0.329448 0.910230
1305031951.836932 1.931958 -0.198202 0.337895 -0.129195 -0.213842 -0.328293 0.910936
1305031951.868913 1.944811 -0.200298 0.354084 -0.137792 -0.207339 -0.328190 0.911216
1305031951.904907 1.952113 -0.205723 0.368040 -0.147364 -0.199873 -0.326929 0.911840
1305031951.936962 1.963972 -0.208493 0.382891 -0.153341 -0.194705 -0.324879 0.912705
1305031951.968839 1.974454 -0.210563 0.395511 -0.158384 -0.192188 -0.322113 0.913357
1305031952.004839 1.981083 -0.213597 0.408364 -0.164859 -0.192764 -0.320022 0.912825
1305031952.037104 1.985914 -0.219139 0.421973 -0.170023 -0.196024 -0.320517 0.911008
1305031952.068888 1.989494 -0.227157 0.434607 -0.172297 -0.201271 -0.322191 0.908843
1305031952.105135 1.994777 -0.233621 0.445756 -0.169239 -0.209284 -0.325003 0.906604
1305031952.136943 1.999448 -0.234429 0.454972 -0.161910 -0.219895 -0.329922 0.903650
1305031952.168932 2.007454 -0.236329 0.463009 -0.158933 -0.235286 -0.335142 0.898365
1305031952.204914 2.012325 -0.245245 0.476102 -0.161062 -0.252156 -0.344168 0.889958
1305031952.236877 2.012307 -0.255562 0.486961 -0.159256 -0.267194 -0.357731 0.880496
1305031952.268902 2.020371 -0.259920 0.494658 -0.153515 -0.282887 -0.366574 0.872945
1305031952.304888 2.018994 -0.273994 0.507974 -0.156797 -0.294382 -0.378395 0.863464
1305031952.336993 2.019610 -0.290567 0.519970 -0.154304 -0.303747 -0.388541 0.856133
1305031952.368960 2.025972 -0.301137 0.530564 -0.148317 -0.309755 -0.393664 0.852691
1305031952.404918 2.027417 -0.314098 0.540418 -0.148848 -0.309582 -0.394997 0.852045
1305031952.437054 2.028297 -0.323108 0.550347 -0.148190 -0.308756 -0.391309 0.854158
1305031952.468939 2.028217 -0.332022 0.560469 -0.148109 -0.308361 -0.387822 0.855904
1305031952.504868 2.029397 -0.340778 0.569922 -0.146157 -0.309156 -0.385827 0.856854
1305031952.536948 2.029219 -0.349135 0.579478 -0.144551 -0.309110 -0.383958 0.857982
1305031952.568932 2.025978 -0.357689 0.587592 -0.140751 -0.308967 -0.382018 0.859529
1305031952.604926 2.026953 -0.362557 0.595185 -0.134715 -0.311707 -0.379222 0.860745
1305031952.636992 2.024633 -0.367155 0.602215 -0.130197 -0.314152 -0.376190 0.861881
1305031952.668899 2.019951 -0.373029 0.608539 -0.124683 -0.317901 -0.373661 0.862421
1305031952.704918 2.016896 -0.375712 0.613686 -0.117374 -0.324230 -0.367526 0.863726
1305031952.736938 2.017450 -0.377828 0.618160 -0.109310 -0.334073 -0.360084 0.864168
1305031952.768957 2.016424 -0.378984 0.619240 -0.101483 -0.344735 -0.357330 0.862075
1305031952.804919 2.010047 -0.383293 0.621469 -0.095702 -0.358558 -0.355238 0.857953
1305031952.836931 2.009182 -0.385277 0.623316 -0.085824 -0.376320 -0.350760 0.853221
1305031952.868991 2.010784 -0.386697 0.628259 -0.078208 -0.395089 -0.346569 0.847159
1305031952.904920 2.005274 -0.394225 0.631377 -0.068732 -0.412510 -0.346094 0.839839
1305031952.936984 2.014204 -0.395872 0.634665 -0.053755 -0.433102 -0.342128 0.832154
1305031952.972903 2.018115 -0.398979 0.638142 -0.050468 -0.449035 -0.342912 0.823548
1305031953.004869 2.012290 -0.412003 0.638464 -0.050689 -0.459699 -0.344117 0.817123
1305031953.036943 2.016732 -0.416663 0.644844 -0.043129 -0.471853 -0.343556 0.810841
1305031953.073127 2.019461 -0.422107 0.648945 -0.037593 -0.480136 -0.345144 0.805563
1305031953.104909 2.022077 -0.428093 0.652065 -0.034341 -0.487827 -0.346240 0.800602
1305031953.137098 2.022167 -0.434073 0.656918 -0.032241 -0.495042 -0.347536 0.795684
1305031953.172998 2.022285 -0.440993 0.659192 -0.028011 -0.500185 -0.349670 0.791682
1305031953.204992 2.022684 -0.446431 0.659765 -0.022556 -0.505204 -0.353096 0.787136
1305031953.237103 2.022943 -0.451016 0.658411 -0.016242 -0.510885 -0.357306 0.781706
1305031953.273087 2.021901 -0.456279 0.657717 -0.012045 -0.517854 -0.361225 0.775370
1305031953.304968 2.020722 -0.461679 0.658120 -0.007077 -0.524010 -0.363326 0.770297
1305031953.337012 2.019954 -0.465643 0.654374 -0.000758 -0.528826 -0.365294 0.766096
1305031953.372964 2.018575 -0.469275 0.649439 0.003618 -0.534527 -0.364995 0.762264
1305031953.404920 2.020057 -0.470468 0.644457 0.007754 -0.541725 -0.363412 0.757895
1305031953.436876 2.021958 -0.471464 0.637723 0.007987 -0.548502 -0.361975 0.753695
1305031953.473261 2.021026 -0.473628 0.633775 0.004520 -0.553308 -0.360894 0.750723
1305031953.504919 2.019895 -0.476245 0.625961 0.000559 -0.557019 -0.357655 0.749541
1305031953.536948 2.024123 -0.471256 0.621558 -0.002313 -0.561226 -0.354840 0.747735
1305031953.572862 2.023206 -0.473435 0.617587 -0.008262 -0.562709 -0.356781 0.745653
1305031953.604882 2.026430 -0.471010 0.612842 -0.011263 -0.562335 -0.358213 0.745209
1305031953.636962 2.028488 -0.469529 0.607356 -0.020650 -0.559897 -0.359617 0.746167
1305031953.673021 2.027049 -0.473741 0.603159 -0.031250 -0.556703 -0.357424 0.749235
1305031953.704929 2.030235 -0.469661 0.596472 -0.035445 -0.552571 -0.353672 0.753873
1305031953.736982 2.034216 -0.464570 0.590704 -0.041680 -0.548220 -0.353107 0.756989
1305031953.772886 2.032364 -0.465063 0.586776 -0.050991 -0.543844 -0.351254 0.760430
1305031953.804859 2.036520 -0.460136 0.584707 -0.057797 -0.539662 -0.344339 0.766064
1305031953.836840 2.039897 -0.454241 0.584874 -0.067679 -0.531808 -0.339923 0.772692
1305031953.872987 2.038166 -0.452833 0.582807 -0.076652 -0.521583 -0.335094 0.780889
1305031953.904912 2.045048 -0.450619 0.580937 -0.082334 -0.510769 -0.330014 0.789574
1305031953.936924 2.043882 -0.441693 0.579938 -0.087111 -0.494937 -0.330053 0.799071
1305031953.972857 2.042937 -0.442165 0.579014 -0.090131 -0.480563 -0.330116 0.807440
1305031954.004852 2.047019 -0.438986 0.573717 -0.087475 -0.464193 -0.330792 0.816976
1305031954.036921 2.047914 -0.434346 0.564510 -0.086701 -0.445140 -0.336241 0.825394
1305031954.072918 2.045964 -0.434209 0.556732 -0.087891 -0.429358 -0.340726 0.831765
1305031954.104933 2.046924 -0.434647 0.551973 -0.086997 -0.416462 -0.343243 0.837362
1305031954.136939 2.046499 -0.434858 0.544938 -0.085102 -0.402089 -0.345995 0.843428
1305031954.172997 2.044050 -0.433458 0.533958 -0.082819 -0.387514 -0.347463 0.849849
1305031954.204838 2.040401 -0.435443 0.524976 -0.080782 -0.375694 -0.347448 0.855341
1305031954.237023 2.035915 -0.440099 0.509252 -0.077081 -0.365001 -0.348126 0.860024
1305031954.272870 2.032395 -0.438161 0.495043 -0.070072 -0.357663 -0.346459 0.864369
1305031954.304869 2.032949 -0.434777 0.479995 -0.063504 -0.351911 -0.343681 0.868337
1305031954.336921 2.031148 -0.429130 0.464528 -0.060990 -0.344960 -0.341168 0.872288
1305031954.372872 2.027309 -0.425527 0.450243 -0.060362 -0.339405 -0.340307 0.874844
1305031954.404711 2.022342 -0.424737 0.436727 -0.058865 -0.335642 -0.342315 0.875614
1305031954.436896 2.022598 -0.419005 0.421874 -0.054717 -0.330783 -0.343409 0.877302
1305031954.472974 2.018110 -0.412239 0.405417 -0.055536 -0.322734 -0.342736 0.880506
1305031954.504827 2.011707 -0.408486 0.390358 -0.059312 -0.315067 -0.339215 0.884392
1305031954.536934 2.012075 -0.403611 0.377369 -0.060983 -0.309201 -0.334892 0.887988
1305031954.572946 2.005600 -0.396932 0.361738 -0.065879 -0.297880 -0.330903 0.892989
1305031954.604885 1.989599 -0.398059 0.346862 -0.071307 -0.288341 -0.323665 0.898341
1305031954.636862 1.983549 -0.399201 0.334958 -0.066988 -0.285813 -0.317505 0.901673
1305031954.672891 1.980098 -0.386574 0.318510 -0.056784 -0.283201 -0.313589 0.904563
1305031954.704892 1.974581 -0.376503 0.303237 -0.052346 -0.283415 -0.312060 0.905292
1305031954.736939 1.968622 -0.372140 0.292207 -0.051033 -0.283753 -0.312987 0.904941
1305031954.773183 1.958633 -0.367185 0.279286 -0.048093 -0.283682 -0.314506 0.904598
1305031954.804833 1.956963 -0.361820 0.268813 -0.044768 -0.285015 -0.313112 0.904833
1305031954.836924 1.951049 -0.355594 0.258552 -0.044006 -0.281796 -0.311758 0.906345
1305031954.873001 1.946159 -0.354761 0.249324 -0.042393 -0.279579 -0.310894 0.907405
1305031954.904866 1.944393 -0.345444 0.239476 -0.039951 -0.273335 -0.307374 0.910611
1305031954.937022 1.935970 -0.341038 0.230899 -0.042171 -0.266675 -0.303731 0.913703
1305031954.972931 1.935946 -0.336339 0.224839 -0.040913 -0.263919 -0.302669 0.914912
1305031955.004936 1.931389 -0.330132 0.217564 -0.040797 -0.257389 -0.302780 0.916739
1305031955.036969 1.927064 -0.323699 0.211067 -0.040835 -0.252466 -0.302561 0.918178
1305031955.073048 1.927648 -0.314119 0.206343 -0.040840 -0.248258 -0.303127 0.919138
1305031955.104929 1.921214 -0.305973 0.200798 -0.044787 -0.242107 -0.303493 0.920473
1305031955.136878 1.919117 -0.298528 0.197757 -0.048100 -0.239858 -0.304203 0.920660
1305031955.173003 1.916954 -0.289857 0.194720 -0.052340 -0.236567 -0.305479 0.920858
1305031955.204960 1.911728 -0.284497 0.193128 -0.058764 -0.234281 -0.306618 0.920676
1305031955.236857 1.910845 -0.281759 0.192250 -0.062691 -0.234183 -0.310533 0.919129
1305031955.272905 1.909024 -0.275570 0.191028 -0.065634 -0.231299 -0.313220 0.918742
1305031955.304880 1.904472 -0.273223 0.190441 -0.070435 -0.228433 -0.313782 0.918911
1305031955.337035 1.904911 -0.271422 0.190607 -0.072745 -0.226909 -0.313191 0.919310
1305031955.372861 1.902493 -0.267956 0.190261 -0.076385 -0.222390 -0.311297 0.920762
1305031955.404928 1.901438 -0.267708 0.190742 -0.079554 -0.219341 -0.307998 0.922333
1305031955.436909 1.900073 -0.266274 0.190833 -0.082370 -0.215386 -0.304627 0.924135
1305031955.472931 1.897703 -0.265685 0.190525 -0.084400 -0.212773 -0.303288 0.924998
1305031955.504893 1.898943 -0.263590 0.190402 -0.085083 -0.211860 -0.302787 0.925309
1305031955.536891 1.896142 -0.263483 0.190145 -0.088016 -0.209601 -0.300887 0.926168
1305031955.572893 1.894859 -0.266729 0.190188 -0.088877 -0.210113 -0.300277 0.926168
1305031955.604944 1.896747 -0.265128 0.189991 -0.087212 -0.209943 -0.300060 0.926435
1305031955.636881 1.895488 -0.263758 0.189109 -0.087220 -0.209004 -0.297909 0.927340
1305031955.672837 1.896407 -0.263983 0.188926 -0.088002 -0.209886 -0.296730 0.927445
1305031955.704890 1.896657 -0.266192 0.189266 -0.088853 -0.209814 -0.295855 0.927660
1305031955.736903 1.896678 -0.266287 0.188876 -0.088411 -0.209376 -0.293917 0.928417
1305031955.772963 1.897346 -0.266864 0.188668 -0.088304 -0.209539 -0.292254 0.928915
1305031955.804902 1.897957 -0.268265 0.188517 -0.088216 -0.209424 -0.290079 0.929631
1305031955.837019 1.898915 -0.267949 0.188052 -0.087648 -0.209245 -0.288643 0.930172
1305031955.872917 1.898863 -0.269427 0.187397 -0.087423 -0.209435 -0.287129 0.930619
1305031955.904911 1.901543 -0.267163 0.186458 -0.086498 -0.209603 -0.284898 0.931353
1305031955.937291 1.899989 -0.268677 0.185576 -0.087957 -0.209310 -0.283912 0.931583
1305031955.973194 1.900776 -0.270463 0.185105 -0.087841 -0.210862 -0.283206 0.931459
1305031956.004870 1.903895 -0.271604 0.185279 -0.086850 -0.211417 -0.281982 0.931797
1305031956.036937 1.903187 -0.272471 0.184393 -0.086174 -0.209747 -0.281101 0.932503
1305031956.073037 1.902761 -0.273588 0.183566 -0.085097 -0.209652 -0.279777 0.933022
1305031956.104901 1.905827 -0.273051 0.183159 -0.082884 -0.209829 -0.278072 0.933690
1305031956.136924 1.905685 -0.272563 0.182420 -0.082574 -0.207816 -0.277663 0.934290
