# timestamp tx ty tz qx qy qz qw
1311870427.199132 0.000000 0.000000 0.000000 0.000000 0.000000 0.000000 1.000000
1311870427.231132 0.000000 0.000001 -0.000000 0.002800 -0.000383 0.000896 0.999996
1311870427.263210 -0.000000 0.000000 -0.000000 0.002529 -0.000300 0.000348 0.999997
1311870427.299143 -0.000000 0.000000 -0.000001 0.003291 -0.000763 0.001491 0.999993
1311870427.331187 -0.000000 0.000000 -0.000001 0.002859 -0.001369 0.002313 0.999992
1311870427.363116 -0.000000 -0.000000 -0.000001 0.001978 -0.001804 0.003058 0.999992
1311870427.399237 0.000000 -0.000000 -0.000001 0.002361 -0.001723 0.002528 0.999993
1311870427.431127 0.000000 0.000000 -0.000001 0.002857 -0.001337 0.002804 0.999991
1311870427.463385 -0.000000 0.000000 -0.000001 0.002939 -0.001247 0.003146 0.999990
1311870427.499447 -0.000000 0.000000 -0.000001 0.002072 -0.002119 0.003243 0.999990
1311870427.531159 -0.000000 0.000000 -0.000001 0.001781 -0.002891 0.003046 0.999990
1311870427.563190 -0.000000 -0.000000 -0.000002 0.001090 -0.003276 0.002077 0.999992
1311870427.599086 -0.000000 -0.000000 -0.000001 0.000966 -0.003451 0.002415 0.999991
1311870427.631114 -0.000000 -0.000000 -0.000001 0.001271 -0.003995 0.002613 0.999988
1311870427.663429 0.000000 -0.000000 -0.000002 0.001693 -0.003845 0.001795 0.999990
1311870427.699151 -0.000000 -0.000000 -0.000002 0.001824 -0.003451 0.001808 0.999991
1311870427.731118 -0.000000 -0.000001 -0.000002 0.002228 -0.004139 0.002314 0.999986
1311870427.763327 0.000000 -0.000000 -0.000002 0.002741 -0.005135 0.002192 0.999981
1311870427.799196 0.000000 -0.000001 -0.000002 0.002316 -0.005305 0.002206 0.999981
1311870427.831457 0.000000 -0.000000 -0.000002 0.003559 -0.004761 0.002173 0.999980
1311870427.863134 0.000000 -0.000000 -0.000002 0.003743 -0.005296 0.001783 0.999977
1311870427.899231 -0.000000 -0.000000 -0.000002 0.002551 -0.006032 0.001562 0.999977
1311870427.931111 0.000000 -0.000000 -0.000002 0.001883 -0.007763 0.000536 0.999968
1311870427.963137 0.000000 -0.000000 -0.000002 0.000964 -0.008600 -0.001705 0.999961
1311870427.999083 0.000000 -0.000000 -0.000002 0.001498 -0.007863 -0.002300 0.999965
1311870428.031250 0.000000 -0.000000 -0.000002 0.002061 -0.007052 -0.001663 0.999972
1311870428.063193 0.000000 -0.000001 -0.000002 0.002003 -0.006871 -0.001478 0.999973
1311870428.099167 0.000000 -0.000000 -0.000002 0.002482 -0.006765 -0.001152 0.999973
1311870428.131267 0.000000 -0.000001 -0.000002 0.002911 -0.006668 -0.001392 0.999973
1311870428.163279 0.000000 -0.000001 -0.000002 0.002772 -0.006796 -0.001355 0.999972
1311870428.199270 0.000000 -0.000001 -0.000003 0.003349 -0.006926 -0.001708 0.999969
1311870428.231191 0.000000 -0.000001 -0.000003 0.003259 -0.007204 -0.001524 0.999968
1311870428.263420 0.000000 -0.000001 -0.000003 0.003259 -0.007204 -0.001524 0.999968
1311870428.299170 0.000000 -0.000001 -0.000003 0.003259 -0.007204 -0.001524 0.999968
1311870428.331174 0.000001 -0.000001 -0.000003 0.003495 -0.007367 -0.001271 0.999966
1311870428.363160 0.000000 -0.000001 -0.000003 0.003922 -0.006567 -0.001320 0.999970
1311870428.399340 0.000000 -0.000001 -0.000003 0.003912 -0.006591 -0.002946 0.999966
1311870428.431153 0.000000 -0.000001 -0.000003 0.003912 -0.006591 -0.002946 0.999966
1311870428.463176 0.000000 -0.000001 -0.000003 0.003912 -0.006591 -0.002946 0.999966
1311870428.499303 0.000000 -0.000000 -0.000003 0.003635 -0.007170 -0.002658 0.999964
1311870428.531230 -0.000000 -0.000001 -0.000003 0.002937 -0.006936 -0.003326 0.999966
1311870428.563181 0.000000 -0.000001 -0.000002 0.003990 -0.006949 -0.003376 0.999962
1311870428.599270 0.000000 -0.000001 -0.000002 0.003990 -0.006949 -0.003376 0.999962
1311870428.631378 0.000889 0.001393 -0.000150 0.004841 -0.007905 -0.003295 0.999952
1311870428.663196 0.000889 0.001393 -0.000150 0.004841 -0.007905 -0.003295 0.999952
1311870428.699275 0.000889 0.001393 -0.000150 0.004841 -0.007905 -0.003295 0.999952
1311870428.731171 0.000889 0.001393 -0.000150 0.004841 -0.007905 -0.003295 0.999952
1311870428.763173 0.000889 0.001393 -0.000150 0.004841 -0.007905 -0.003295 0.999952
1311870428.799280 0.001177 0.002210 -0.000382 0.005438 -0.008380 -0.003235 0.999945
1311870428.831376 0.001177 0.002210 -0.000382 0.005438 -0.008380 -0.003235 0.999945
1311870428.863232 0.001177 0.002210 -0.000382 0.005525 -0.008150 -0.003172 0.999946
1311870428.899406 0.001177 0.002210 -0.000382 0.005525 -0.008150 -0.003172 0.999946
1311870428.931143 0.001177 0.002210 -0.000382 0.005525 -0.008150 -0.003172 0.999946
1311870428.963255 0.001177 0.002210 -0.000382 0.005525 -0.008150 -0.003172 0.999946
1311870428.999316 0.001177 0.002210 -0.000382 0.005525 -0.008150 -0.003172 0.999946
1311870429.031368 0.001177 0.002210 -0.000382 0.004803 -0.008599 -0.003204 0.999946
1311870429.063298 0.001177 0.002210 -0.000382 0.005771 -0.008707 -0.003064 0.999941
1311870429.099362 0.001177 0.002210 -0.000382 0.005771 -0.008707 -0.003064 0.999941
1311870429.131434 0.000944 0.001310 -0.000280 0.006041 -0.009022 -0.003378 0.999935
1311870429.163291 0.000944 0.001310 -0.000280 0.006041 -0.009022 -0.003378 0.999935
1311870429.199396 0.000944 0.001310 -0.000280 0.006041 -0.009022 -0.003378 0.999935
1311870429.231437 0.002090 0.001258 -0.000195 0.006650 -0.008965 -0.003397 0.999932
1311870429.263266 0.002090 0.001258 -0.000195 0.006650 -0.008965 -0.003397 0.999932
1311870429.299443 0.002090 0.001258 -0.000195 0.006265 -0.008937 -0.003348 0.999935
1311870429.331255 0.002090 0.001257 -0.000195 0.006086 -0.007878 -0.003262 0.999945
1311870429.363267 0.002090 0.001258 -0.000195 0.006251 -0.007629 -0.003650 0.999945
1311870429.399320 0.002090 0.001258 -0.000195 0.006251 -0.007629 -0.003650 0.999945
1311870429.431354 0.002090 0.001258 -0.000195 0.006251 -0.007629 -0.003650 0.999945
1311870429.463269 0.002090 0.001258 -0.000195 0.006251 -0.007629 -0.003650 0.999945
1311870429.499243 0.002090 0.001257 -0.000195 0.006400 -0.007755 -0.003600 0.999943
1311870429.531208 0.002090 0.001257 -0.000195 0.006434 -0.007021 -0.003562 0.999948
1311870429.563312 0.002090 0.001258 -0.000195 0.006935 -0.006269 -0.003878 0.999949
1311870429.599449 0.002090 0.001258 -0.000195 0.007699 -0.005246 -0.003733 0.999950
1311870429.631293 0.002090 0.001258 -0.000195 0.007744 -0.005684 -0.003596 0.999947
1311870429.663354 0.002090 0.001258 -0.000195 0.007704 -0.005990 -0.002914 0.999948
1311870429.699491 0.002090 0.001258 -0.000195 0.007555 -0.005815 -0.003639 0.999948
1311870429.731303 0.002090 0.001258 -0.000195 0.007555 -0.005815 -0.003639 0.999948
1311870429.763313 0.002090 0.001258 -0.000195 0.007555 -0.005815 -0.003639 0.999948
1311870429.799489 0.002884 0.002696 -0.000595 0.008023 -0.005595 -0.002516 0.999949
1311870429.831318 0.002884 0.002696 -0.000595 0.008023 -0.005595 -0.002516 0.999949
1311870429.863196 0.002884 0.002696 -0.000595 0.008023 -0.005595 -0.002516 0.999949
1311870429.899470 0.002884 0.002697 -0.000595 0.008493 -0.004946 -0.003222 0.999947
1311870429.931446 0.002884 0.002697 -0.000595 0.008493 -0.004946 -0.003222 0.999947
1311870429.963465 0.002884 0.002697 -0.000595 0.008493 -0.004946 -0.003222 0.999947
1311870429.999478 0.002884 0.002697 -0.000595 0.007091 -0.004850 -0.003271 0.999958
1311870430.031269 0.002884 0.002697 -0.000595 0.006850 -0.004797 -0.002367 0.999962
1311870430.063451 0.002884 0.002697 -0.000595 0.006660 -0.004048 -0.002050 0.999968
1311870430.099355 0.002885 0.002696 -0.000594 0.006436 -0.003095 -0.002566 0.999971
1311870430.131369 0.002885 0.002696 -0.000595 0.007514 -0.003196 -0.001869 0.999965
1311870430.163315 0.002885 0.002696 -0.000595 0.007421 -0.003219 -0.001882 0.999966
1311870430.199392 0.002885 0.002696 -0.000595 0.007346 -0.002870 -0.001635 0.999968
1311870430.231223 0.002884 0.002696 -0.000595 0.007246 -0.003014 -0.002457 0.999966
1311870430.263346 0.002885 0.002696 -0.000594 0.007231 -0.003343 -0.002189 0.999966
1311870430.299384 0.002885 0.002696 -0.000595 0.008117 -0.002691 -0.001862 0.999962
1311870430.331664 0.002885 0.002696 -0.000595 0.008383 -0.001837 -0.001650 0.999962
1311870430.363389 0.002886 0.002696 -0.000595 0.008711 -0.001607 -0.000718 0.999961
1311870430.399281 0.002886 0.002696 -0.000595 0.009027 -0.000723 -0.000045 0.999959
1311870430.431391 0.002885 0.002696 -0.000595 0.008417 0.000332 -0.000644 0.999964
1311870430.463459 0.002886 0.002696 -0.000594 0.007629 0.000256 -0.000605 0.999971
1311870430.499344 0.002886 0.002696 -0.000594 0.008565 0.001126 -0.000128 0.999963
1311870430.531454 0.002886 0.002696 -0.000595 0.008971 0.001586 0.000275 0.999958
1311870430.563500 0.002887 0.002696 -0.000595 0.008922 0.002271 0.000564 0.999957
1311870430.599385 0.002887 0.002696 -0.000595 0.008922 0.002271 0.000564 0.999957
1311870430.631310 0.003901 0.003338 -0.000525 0.008601 0.002456 0.000474 0.999960
1311870430.663444 0.004497 0.002127 -0.000156 0.008222 0.003184 0.000209 0.999961
1311870430.699258 0.004497 0.002127 -0.000156 0.008222 0.003184 0.000209 0.999961
1311870430.731345 0.004497 0.002127 -0.000156 0.008372 0.004235 0.000394 0.999956
1311870430.763500 0.004498 0.002127 -0.000156 0.009425 0.004826 0.000272 0.999944
1311870430.799409 0.004498 0.002127 -0.000156 0.009425 0.004826 0.000272 0.999944
1311870430.831480 0.006369 0.001147 -0.000453 0.008788 0.004851 0.000682 0.999949
1311870430.863574 0.007240 0.001780 -0.000578 0.008880 0.005337 0.000506 0.999946
1311870430.899451 0.007240 0.001780 -0.000578 0.008880 0.005337 0.000506 0.999946
1311870430.931499 0.007240 0.001780 -0.000578 0.008880 0.005337 0.000506 0.999946
1311870430.963601 0.007241 0.001780 -0.000578 0.008596 0.006621 0.000048 0.999941
1311870430.999454 0.007241 0.001780 -0.000578 0.008596 0.006621 0.000048 0.999941
1311870431.031523 0.007241 0.001780 -0.000578 0.008596 0.006621 0.000048 0.999941
1311870431.063647 0.016835 0.003108 -0.000182 0.009131 0.011304 0.001622 0.999893
1311870431.099270 0.016835 0.003108 -0.000182 0.009131 0.011304 0.001622 0.999893
1311870431.131475 0.016835 0.003108 -0.000182 0.009131 0.011304 0.001622 0.999893
1311870431.163490 0.016835 0.003108 -0.000182 0.009131 0.011304 0.001622 0.999893
1311870431.199595 0.016835 0.003108 -0.000182 0.009131 0.011304 0.001622 0.999893
1311870431.231528 0.016835 0.003108 -0.000182 0.009131 0.011304 0.001622 0.999893
1311870431.263518 0.016835 0.003108 -0.000182 0.009131 0.011304 0.001622 0.999893
1311870431.299516 0.016835 0.003108 -0.000182 0.009131 0.011304 0.001622 0.999893
1311870431.331676 0.016836 0.003108 -0.000182 0.008641 0.014295 0.001900 0.999859
1311870431.363631 0.016837 0.003108 -0.000182 0.008887 0.015946 0.002971 0.999829
1311870431.399293 0.016838 0.003108 -0.000182 0.008527 0.017353 0.003340 0.999807
1311870431.431480 0.016839 0.003108 -0.000182 0.007777 0.017595 0.003317 0.999809
1311870431.463503 0.016840 0.003108 -0.000182 0.007416 0.018511 0.004171 0.999792
1311870431.499459 0.016841 0.003108 -0.000182 0.007680 0.019976 0.004710 0.999760
1311870431.531388 0.016842 0.003108 -0.000182 0.008284 0.021052 0.005197 0.999731
1311870431.563325 0.016843 0.003108 -0.000182 0.009132 0.021840 0.005304 0.999706
1311870431.599430 0.016844 0.003108 -0.000183 0.010030 0.022548 0.005258 0.999682
1311870431.631542 0.016844 0.003108 -0.000183 0.012419 0.024253 0.006210 0.999609
1311870431.663486 0.016845 0.003108 -0.000183 0.013958 0.024910 0.006767 0.999569
1311870431.699385 0.016845 0.003107 -0.000183 0.013997 0.023883 0.007620 0.999588
1311870431.731529 0.016846 0.003107 -0.000184 0.014887 0.022531 0.008780 0.999597
1311870431.763721 0.016847 0.003107 -0.000184 0.015452 0.022177 0.009475 0.999590
1311870431.799486 0.016847 0.003107 -0.000185 0.017001 0.021959 0.009165 0.999572
1311870431.831541 0.016848 0.003107 -0.000185 0.017652 0.020935 0.008912 0.999585
1311870431.863694 0.016848 0.003107 -0.000186 0.018635 0.019607 0.008753 0.999596
1311870431.899573 0.016849 0.003107 -0.000186 0.019044 0.019330 0.008219 0.999598
1311870431.931488 0.016849 0.003106 -0.000186 0.020165 0.018779 0.007448 0.999593
1311870431.963564 0.016850 0.003107 -0.000187 0.022019 0.018778 0.006599 0.999559
1311870431.999553 0.016851 0.003106 -0.000187 0.022752 0.019312 0.006285 0.999535
1311870432.031509 0.016851 0.003106 -0.000187 0.024618 0.020208 0.006627 0.999471
1311870432.063526 0.016852 0.003106 -0.000188 0.026260 0.020658 0.006588 0.999420
1311870432.099459 0.016853 0.003105 -0.000188 0.027478 0.022671 0.006619 0.999343
1311870432.131603 0.016854 0.003106 -0.000188 0.031478 0.025600 0.006164 0.999158
1311870432.163607 0.016854 0.003106 -0.000188 0.029644 0.027398 0.004212 0.999176
1311870432.199461 0.016855 0.003106 -0.000189 0.028647 0.025747 0.003391 0.999252
1311870432.231754 0.016856 0.003105 -0.000188 0.026185 0.024712 0.004352 0.999342
1311870432.263643 0.016857 0.003105 -0.000188 0.026876 0.024151 0.005833 0.999330
1311870432.299615 0.016858 0.003105 -0.000188 0.028479 0.025444 0.005949 0.999253
1311870432.331460 0.016859 0.003106 -0.000188 0.030681 0.028065 0.004942 0.999123
1311870432.363365 0.016859 0.003106 -0.000188 0.032415 0.030604 0.002821 0.999002
1311870432.399630 0.016859 0.003106 -0.000188 0.031659 0.033263 0.000665 0.998945
1311870432.431690 0.016859 0.003106 -0.000188 0.029417 0.031243 -0.000963 0.999078
1311870432.463520 0.016860 0.003106 -0.000188 0.027484 0.027573 -0.001982 0.999240
1311870432.499674 0.016857 0.003106 -0.000188 0.028067 0.032014 -0.002272 0.999091
1311870432.531554 0.016861 0.003105 -0.000187 0.027922 0.029326 -0.001400 0.999179
1311870432.563517 0.016849 0.003107 -0.000189 0.031499 0.043410 -0.003538 0.998554
1311870432.599522 0.016851 0.003106 -0.000190 0.031739 0.040842 -0.004324 0.998652
1311870432.631484 0.016864 0.003106 -0.000188 0.031039 0.029585 -0.001799 0.999079
1311870432.663494 0.016851 0.003107 -0.000189 0.030805 0.043465 -0.002198 0.998577
1311870432.699551 0.016863 0.003106 -0.000188 0.028301 0.029011 0.000413 0.999178
1311870432.731507 0.016866 0.003106 -0.000187 0.027875 0.025757 0.002197 0.999277
1311870432.763511 0.016854 0.003107 -0.000188 0.029556 0.039925 0.002924 0.998761
1311870432.799641 0.016848 0.003108 -0.000191 0.029508 0.038322 0.004466 0.998820
1311870432.831541 0.016852 0.003107 -0.000192 0.026420 0.035897 0.003832 0.998999
1311870432.863631 0.016840 0.003109 -0.000190 0.029820 0.052302 0.005648 0.998170
1311870432.899615 0.016841 0.003110 -0.000190 0.030611 0.052656 0.005799 0.998127
1311870432.931572 0.016833 0.003111 -0.000190 0.030229 0.058066 0.007251 0.997829
1311870432.963562 0.016855 0.003108 -0.000189 0.027295 0.041172 0.005155 0.998766
1311870432.999630 0.016844 0.003109 -0.000190 0.029008 0.049830 0.005458 0.998321
1311870433.031584 0.016835 0.003111 -0.000189 0.030048 0.056436 0.009659 0.997907
1311870433.063635 0.016814 0.003112 -0.000190 0.030948 0.073411 0.014640 0.996714
1311870433.099562 0.016770 0.003115 -0.000186 0.038803 0.114813 0.036779 0.991947
1311870433.131626 0.016780 0.003115 -0.000190 0.037629 0.097600 0.030828 0.994036
1311870433.163663 0.016779 0.003118 -0.000190 0.042302 0.098608 0.031279 0.993735
1311870433.199558 0.016781 0.003121 -0.000191 0.046453 0.094775 0.030788 0.993938
1311870433.231636 0.016786 0.003120 -0.000191 0.041157 0.095143 0.017331 0.994461
1311870433.263519 0.016803 0.003117 -0.000191 0.034530 0.078312 0.012692 0.996250
1311870433.299576 0.016826 0.003114 -0.000191 0.027169 0.055095 0.003902 0.998104
1311870433.331596 0.016826 0.003114 -0.000191 0.027169 0.055095 0.003902 0.998104
1311870433.363571 0.016826 0.003114 -0.000191 0.027169 0.055095 0.003902 0.998104
1311870433.399625 0.016826 0.003114 -0.000191 0.027169 0.055095 0.003902 0.998104
1311870433.431583 0.024043 0.004811 0.000179 0.025957 0.054103 0.003581 0.998192
1311870433.463559 0.029994 0.004730 0.000388 0.024246 0.054281 0.003650 0.998225
1311870433.499504 0.039470 0.003913 0.002978 0.023434 0.054619 0.002978 0.998228
1311870433.531517 0.045610 0.006172 0.002639 0.024567 0.055799 0.003826 0.998132
1311870433.563651 0.045610 0.006172 0.002639 0.024567 0.055799 0.003826 0.998132
1311870433.599748 0.045611 0.006172 0.002639 0.023207 0.055849 0.003244 0.998164
1311870433.633359 0.045613 0.006172 0.002639 0.022815 0.055703 0.002581 0.998183
1311870433.663567 0.045614 0.006172 0.002639 0.021689 0.055944 0.002297 0.998196
1311870433.699816 0.045614 0.006172 0.002639 0.021689 0.055944 0.002297 0.998196
1311870433.731536 0.045614 0.006172 0.002639 0.021689 0.055944 0.002297 0.998196
1311870433.763545 0.045615 0.006172 0.002639 0.021209 0.057318 0.002356 0.998128
1311870433.799626 0.045616 0.006172 0.002639 0.021059 0.058004 0.003498 0.998088
1311870433.831859 0.045617 0.006173 0.002639 0.021227 0.059220 0.004013 0.998011
1311870433.863545 0.045617 0.006173 0.002639 0.021227 0.059220 0.004013 0.998011
1311870433.899585 0.045617 0.006173 0.002639 0.021227 0.059220 0.004013 0.998011
1311870433.931709 0.045618 0.006173 0.002639 0.021215 0.061402 0.005622 0.997872
1311870433.963703 0.045618 0.006173 0.002639 0.021588 0.063151 0.006870 0.997747
1311870433.999523 0.045619 0.006173 0.002639 0.021187 0.064265 0.006892 0.997684
1311870434.031599 0.045620 0.006173 0.002639 0.020173 0.065254 0.007008 0.997640
1311870434.063605 0.045621 0.006173 0.002639 0.019994 0.066271 0.007833 0.997571
1311870434.099832 0.045621 0.006173 0.002640 0.019170 0.067818 0.008011 0.997481
1311870434.131804 0.045622 0.006172 0.002640 0.019206 0.069020 0.008398 0.997395
1311870434.163544 0.045622 0.006172 0.002640 0.020041 0.070592 0.008876 0.997264
1311870434.199633 0.045623 0.006172 0.002640 0.020920 0.072073 0.009778 0.997132
1311870434.231542 0.045623 0.006172 0.002640 0.020558 0.072351 0.010564 0.997111
1311870434.263545 0.045623 0.006172 0.002640 0.019831 0.071977 0.010708 0.997152
1311870434.299615 0.045624 0.006172 0.002640 0.018939 0.071364 0.011965 0.997199
1311870434.331839 0.045624 0.006173 0.002641 0.017793 0.069479 0.013652 0.997331
1311870434.363534 0.045625 0.006173 0.002640 0.016247 0.067047 0.014297 0.997515
1311870434.399678 0.045626 0.006173 0.002641 0.014423 0.066400 0.013941 0.997591
1311870434.431695 0.045626 0.006173 0.002641 0.012844 0.067554 0.012572 0.997554
1311870434.463583 0.045627 0.006173 0.002641 0.011217 0.070284 0.010637 0.997407
1311870434.499762 0.045628 0.006173 0.002641 0.009307 0.073447 0.008513 0.997219
1311870434.531561 0.045628 0.006173 0.002642 0.007873 0.075331 0.006285 0.997108
1311870434.563553 0.045629 0.006173 0.002642 0.006757 0.075977 0.004566 0.997076
1311870434.599830 0.045629 0.006173 0.002642 0.005130 0.075831 0.004343 0.997098
1311870434.631527 0.045630 0.006173 0.002642 0.003405 0.075351 0.003993 0.997143
1311870434.663662 0.045631 0.006173 0.002643 0.001671 0.076056 0.003303 0.997097
1311870434.699666 0.045632 0.006173 0.002643 0.000180 0.077263 0.001834 0.997009
1311870434.731536 0.045633 0.006174 0.002643 -0.000837 0.078417 -0.000262 0.996920
1311870434.767663 0.045633 0.006174 0.002643 -0.003000 0.078850 -0.001606 0.996881
1311870434.799566 0.045633 0.006174 0.002643 -0.003000 0.078850 -0.001606 0.996881
1311870434.831779 0.048019 0.006483 0.003480 -0.009436 0.078543 -0.002312 0.996863
1311870434.867798 0.052982 0.009605 0.005942 -0.015208 0.077032 -0.002186 0.996910
1311870434.899553 0.056134 0.010999 0.007357 -0.022768 0.075428 -0.003046 0.996887
1311870434.931645 0.058138 0.013091 0.010591 -0.029927 0.072871 -0.003688 0.996885
1311870434.967535 0.058138 0.013091 0.010591 -0.029927 0.072871 -0.003688 0.996885
1311870434.999589 0.059608 0.014194 0.014180 -0.036233 0.069220 -0.004378 0.996934
1311870435.031785 0.065157 0.016802 0.018561 -0.041004 0.065818 -0.004842 0.996977
1311870435.067626 0.069074 0.018814 0.022662 -0.044903 0.063423 -0.006090 0.996957
1311870435.099699 0.073147 0.021835 0.025014 -0.047847 0.061298 -0.006874 0.996948
1311870435.131763 0.076586 0.022989 0.025877 -0.052396 0.060303 -0.007725 0.996774
1311870435.167540 0.082577 0.023663 0.029212 -0.056608 0.058463 -0.008621 0.996646
1311870435.199566 0.086062 0.026995 0.031414 -0.059544 0.058366 -0.009875 0.996469
1311870435.231679 0.088453 0.027313 0.033075 -0.063660 0.058211 -0.010465 0.996218
1311870435.267867 0.090513 0.029044 0.033198 -0.068052 0.056670 -0.011436 0.996005
1311870435.299742 0.095445 0.029554 0.034738 -0.072636 0.054277 -0.013100 0.995794
1311870435.331634 0.101349 0.029696 0.037688 -0.075737 0.053693 -0.015565 0.995559
1311870435.367691 0.106716 0.029930 0.039065 -0.077871 0.055175 -0.018534 0.995263
1311870435.399734 0.109122 0.030954 0.040343 -0.079186 0.057181 -0.022442 0.994965
1311870435.431784 0.111088 0.031331 0.040700 -0.080707 0.058844 -0.025064 0.994684
1311870435.467618 0.112128 0.032242 0.041169 -0.082076 0.059869 -0.026531 0.994472
1311870435.499650 0.114603 0.033843 0.042091 -0.084072 0.059721 -0.027385 0.994291
1311870435.531794 0.117778 0.033149 0.043389 -0.086424 0.059477 -0.027452 0.994102
1311870435.567656 0.121503 0.033352 0.044925 -0.088391 0.058676 -0.027317 0.993981
1311870435.599673 0.129019 0.031966 0.047116 -0.089718 0.057593 -0.027977 0.993907
1311870435.631832 0.135409 0.031611 0.048374 -0.090297 0.058281 -0.029100 0.993782
1311870435.667902 0.137762 0.032977 0.049511 -0.090916 0.060177 -0.029608 0.993598
1311870435.699715 0.140102 0.033742 0.051705 -0.092045 0.061367 -0.029642 0.993420
1311870435.731639 0.142678 0.032551 0.053525 -0.094196 0.061492 -0.029786 0.993206
1311870435.767597 0.146401 0.033665 0.054913 -0.095872 0.061809 -0.028979 0.993050
1311870435.799955 0.152370 0.033105 0.057949 -0.097026 0.061522 -0.029907 0.992928
1311870435.831633 0.156904 0.033109 0.060302 -0.097865 0.060647 -0.030689 0.992876
1311870435.867717 0.159257 0.031578 0.061752 -0.098830 0.060033 -0.030813 0.992814
1311870435.899972 0.163621 0.031284 0.063661 -0.099432 0.059287 -0.031411 0.992780
1311870435.931792 0.166897 0.028287 0.066847 -0.100577 0.059455 -0.030909 0.992670
1311870435.967666 0.169510 0.028174 0.068382 -0.100751 0.059432 -0.029795 0.992688
1311870435.999894 0.174154 0.028338 0.070238 -0.101180 0.058477 -0.030019 0.992694
1311870436.031755 0.178023 0.028064 0.072158 -0.101850 0.058289 -0.030184 0.992632
1311870436.067746 0.182534 0.025848 0.074862 -0.103047 0.058180 -0.030435 0.992507
1311870436.099813 0.186919 0.024152 0.077645 -0.103681 0.057996 -0.031504 0.992418
1311870436.131762 0.189280 0.022262 0.080415 -0.103743 0.058682 -0.032137 0.992351
1311870436.167891 0.192328 0.022179 0.082575 -0.102887 0.058687 -0.031975 0.992445
1311870436.200035 0.197065 0.021155 0.084974 -0.101890 0.058071 -0.031699 0.992593
1311870436.231775 0.200107 0.017195 0.087558 -0.101039 0.058527 -0.031427 0.992662
1311870436.267655 0.202441 0.015317 0.089280 -0.098831 0.059090 -0.031020 0.992864
1311870436.299786 0.201969 0.013743 0.090492 -0.096781 0.059337 -0.029771 0.993089
1311870436.331958 0.202601 0.011976 0.090780 -0.095464 0.058312 -0.027661 0.993338
1311870436.367789 0.206227 0.011652 0.090696 -0.094416 0.056997 -0.026116 0.993557
1311870436.399748 0.208768 0.009521 0.091882 -0.094899 0.056874 -0.025163 0.993542
1311870436.431853 0.211735 0.006357 0.093858 -0.094651 0.056916 -0.024860 0.993571
1311870436.467708 0.213968 0.004014 0.095490 -0.093360 0.056768 -0.025418 0.993688
1311870436.499724 0.213850 0.000234 0.096583 -0.092012 0.056593 -0.026483 0.993796
1311870436.531686 0.214312 -0.000803 0.097967 -0.088030 0.056060 -0.026486 0.994186
1311870436.567649 0.213810 -0.005917 0.097928 -0.085883 0.055015 -0.027276 0.994411
1311870436.600076 0.213008 -0.007547 0.098233 -0.082782 0.052377 -0.027631 0.994807
1311870436.633915 0.212570 -0.008797 0.098611 -0.079774 0.048368 -0.027037 0.995272
1311870436.667799 0.207476 -0.009669 0.094443 -0.078114 0.045531 -0.022810 0.995643
1311870436.699713 0.208445 -0.011680 0.092789 -0.078736 0.041279 -0.017735 0.995883
1311870436.731758 0.219622 -0.016121 0.095486 -0.079019 0.034778 -0.014654 0.996158
1311870436.768050 0.230551 -0.021652 0.098145 -0.077419 0.030672 -0.015838 0.996401
1311870436.799700 0.236172 -0.025314 0.098376 -0.074351 0.030519 -0.018069 0.996601
1311870436.831852 0.238210 -0.028655 0.099485 -0.070477 0.032043 -0.019935 0.996799
1311870436.867905 0.238643 -0.029485 0.097087 -0.066853 0.032416 -0.019961 0.997036
1311870436.899855 0.240762 -0.032087 0.095642 -0.065332 0.031492 -0.018804 0.997189
1311870436.931933 0.242795 -0.033353 0.095001 -0.063403 0.029776 -0.016528 0.997407
1311870436.968236 0.245471 -0.037231 0.094507 -0.062512 0.025727 -0.014984 0.997600
1311870436.999889 0.253196 -0.040271 0.094127 -0.061335 0.021629 -0.014838 0.997773
1311870437.031944 0.259767 -0.043282 0.094694 -0.059447 0.020104 -0.014343 0.997926
1311870437.067654 0.265621 -0.045179 0.093376 -0.057383 0.019413 -0.013199 0.998076
1311870437.100178 0.267878 -0.046028 0.092290 -0.055761 0.018587 -0.012604 0.998192
1311870437.131969 0.270905 -0.046613 0.091382 -0.055195 0.016156 -0.011661 0.998277
1311870437.167667 0.277790 -0.049549 0.092575 -0.055032 0.012789 -0.011389 0.998338
1311870437.199925 0.288728 -0.052545 0.094108 -0.054361 0.009175 -0.012731 0.998398
1311870437.231936 0.294606 -0.053947 0.094474 -0.052414 0.007816 -0.012829 0.998512
1311870437.267827 0.302585 -0.058184 0.094637 -0.051527 0.006319 -0.012862 0.998569
1311870437.300070 0.310620 -0.059503 0.095723 -0.049405 0.003754 -0.013473 0.998681
1311870437.331827 0.317131 -0.062356 0.096232 -0.047896 0.000980 -0.015167 0.998737
1311870437.367959 0.324872 -0.064302 0.097348 -0.045820 -0.001654 -0.016340 0.998815
1311870437.399868 0.330917 -0.066313 0.097412 -0.044015 -0.003556 -0.017176 0.998877
1311870437.431930 0.339749 -0.069683 0.098072 -0.043319 -0.006777 -0.017834 0.998879
1311870437.467917 0.345498 -0.070901 0.099471 -0.042289 -0.009083 -0.017959 0.998903
1311870437.499944 0.356580 -0.073426 0.101219 -0.041390 -0.012708 -0.019410 0.998874
1311870437.531864 0.363291 -0.076065 0.101716 -0.040631 -0.014275 -0.021271 0.998846
1311870437.567872 0.373181 -0.079747 0.104712 -0.039887 -0.016328 -0.023317 0.998799
1311870437.599941 0.380498 -0.082650 0.106172 -0.038367 -0.017817 -0.025108 0.998789
1311870437.631901 0.388529 -0.085734 0.107296 -0.036815 -0.019264 -0.025896 0.998801
1311870437.667940 0.394206 -0.088321 0.107522 -0.035618 -0.020536 -0.026705 0.998797
1311870437.699777 0.403738 -0.090604 0.109064 -0.034716 -0.023596 -0.027721 0.998734
1311870437.731943 0.411067 -0.092800 0.109418 -0.033846 -0.026066 -0.029975 0.998637
1311870437.767795 0.418468 -0.095179 0.110501 -0.032913 -0.028023 -0.031310 0.998575
1311870437.799747 0.425963 -0.097571 0.111325 -0.031735 -0.029868 -0.032782 0.998512
1311870437.831896 0.435256 -0.099142 0.112409 -0.030152 -0.032178 -0.034611 0.998428
1311870437.868123 0.440647 -0.101883 0.112929 -0.029078 -0.033609 -0.036139 0.998358
1311870437.900069 0.447773 -0.103059 0.113173 -0.027585 -0.035654 -0.036071 0.998332
1311870437.932604 0.450803 -0.103918 0.113076 -0.026561 -0.036871 -0.035025 0.998353
1311870437.967868 0.461759 -0.105705 0.112902 -0.026123 -0.040170 -0.033135 0.998302
1311870437.999873 0.470409 -0.107312 0.113703 -0.025772 -0.042710 -0.033384 0.998197
1311870438.032040 0.470409 -0.107312 0.113703 -0.025772 -0.042710 -0.033384 0.998197
1311870438.067992 0.470411 -0.107312 0.113703 -0.025151 -0.043776 -0.034727 0.998121
1311870438.100054 0.470413 -0.107312 0.113703 -0.023804 -0.044535 -0.035445 0.998095
1311870438.131845 0.470414 -0.107313 0.113703 -0.023213 -0.045089 -0.036386 0.998050
1311870438.167952 0.470416 -0.107313 0.113702 -0.021684 -0.046857 -0.037239 0.997972
1311870438.200093 0.470418 -0.107314 0.113702 -0.019823 -0.048506 -0.037996 0.997903
1311870438.231870 0.470419 -0.107314 0.113702 -0.018360 -0.049348 -0.038823 0.997858
1311870438.267979 0.470421 -0.107314 0.113702 -0.017617 -0.049933 -0.038873 0.997840
1311870438.299797 0.470421 -0.107314 0.113702 -0.017617 -0.049933 -0.038873 0.997840
1311870438.331819 0.470421 -0.107314 0.113702 -0.017617 -0.049933 -0.038873 0.997840
1311870438.367780 0.470421 -0.107314 0.113702 -0.017617 -0.049933 -0.038873 0.997840
1311870438.399835 0.470421 -0.107314 0.113702 -0.017617 -0.049933 -0.038873 0.997840
1311870438.432856 0.470422 -0.107314 0.113702 -0.017009 -0.050803 -0.038721 0.997813
1311870438.467869 0.470423 -0.107314 0.113701 -0.016969 -0.052928 -0.039048 0.997690
1311870438.500036 0.470424 -0.107314 0.113701 -0.016749 -0.055386 -0.040652 0.997496
1311870438.531921 0.470425 -0.107314 0.113701 -0.017428 -0.057957 -0.042508 0.997261
1311870438.568013 0.470425 -0.107314 0.113701 -0.017428 -0.057957 -0.042508 0.997261
1311870438.600021 0.470425 -0.107314 0.113701 -0.017428 -0.057957 -0.042508 0.997261
1311870438.631835 0.470425 -0.107314 0.113701 -0.017428 -0.057957 -0.042508 0.997261
1311870438.667869 0.470425 -0.107314 0.113701 -0.017428 -0.057957 -0.042508 0.997261
1311870438.699970 0.470426 -0.107314 0.113701 -0.017390 -0.058760 -0.042061 0.997234
1311870438.732000 0.470427 -0.107314 0.113702 -0.017375 -0.060894 -0.040615 0.997166
1311870438.768162 0.470428 -0.107314 0.113701 -0.017293 -0.062587 -0.040300 0.997076
1311870438.799815 0.470428 -0.107314 0.113702 -0.017535 -0.063877 -0.040948 0.996963
1311870438.832114 0.470429 -0.107314 0.113702 -0.018061 -0.065841 -0.041945 0.996785
1311870438.867827 0.470429 -0.107314 0.113702 -0.018061 -0.065841 -0.041945 0.996785
1311870438.900416 0.470429 -0.107314 0.113702 -0.018061 -0.065841 -0.041945 0.996785
1311870438.932530 0.470429 -0.107314 0.113702 -0.018061 -0.065841 -0.041945 0.996785
1311870438.967952 0.470429 -0.107314 0.113702 -0.018061 -0.065841 -0.041945 0.996785
1311870439.000222 0.470429 -0.107314 0.113702 -0.018459 -0.065289 -0.042239 0.996801
1311870439.031959 0.470430 -0.107314 0.113703 -0.019051 -0.065034 -0.042270 0.996805
1311870439.067798 0.470431 -0.107314 0.113703 -0.019747 -0.064103 -0.042173 0.996856
1311870439.100209 0.470432 -0.107314 0.113703 -0.020827 -0.064328 -0.042990 0.996785
1311870439.131876 0.470432 -0.107314 0.113704 -0.021958 -0.065302 -0.045757 0.996574
1311870439.167836 0.470433 -0.107315 0.113705 -0.022768 -0.067297 -0.047320 0.996350
1311870439.199794 0.470434 -0.107315 0.113706 -0.022849 -0.067708 -0.048738 0.996252
1311870439.231835 0.470435 -0.107315 0.113706 -0.023324 -0.067577 -0.050070 0.996184
1311870439.267817 0.470436 -0.107315 0.113707 -0.024349 -0.066633 -0.050839 0.996184
1311870439.299813 0.470436 -0.107315 0.113707 -0.024349 -0.066633 -0.050839 0.996184
1311870439.331860 0.468281 -0.105885 0.117363 -0.025030 -0.065809 -0.052554 0.996133
1311870439.367859 0.474169 -0.108948 0.123980 -0.026651 -0.067500 -0.055243 0.995832
1311870439.399807 0.483699 -0.114128 0.131198 -0.027772 -0.069133 -0.058451 0.995506
1311870439.431917 0.488695 -0.117239 0.137360 -0.026977 -0.068678 -0.061069 0.995402
1311870439.467853 0.490350 -0.119011 0.141041 -0.026045 -0.068324 -0.062654 0.995353
1311870439.499862 0.493258 -0.119606 0.144268 -0.025481 -0.070063 -0.064156 0.995151
1311870439.531912 0.495423 -0.125669 0.149240 -0.026598 -0.072715 -0.066228 0.994796
1311870439.567862 0.500355 -0.129728 0.155821 -0.025526 -0.076657 -0.066856 0.994486
1311870439.599826 0.506722 -0.133686 0.159465 -0.024150 -0.080931 -0.067221 0.994157
1311870439.631904 0.510409 -0.135651 0.161682 -0.022844 -0.084182 -0.068174 0.993853
1311870439.667868 0.514470 -0.137887 0.164887 -0.022289 -0.087319 -0.067244 0.993658
1311870439.699827 0.520786 -0.140260 0.167729 -0.022936 -0.090267 -0.068637 0.993285
1311870439.731911 0.526723 -0.144794 0.174360 -0.024104 -0.092297 -0.070359 0.992950
1311870439.767878 0.530638 -0.145394 0.178180 -0.023859 -0.093312 -0.072809 0.992684
1311870439.799818 0.531154 -0.148328 0.182819 -0.024327 -0.094473 -0.075733 0.992344
1311870439.831973 0.532534 -0.150156 0.188119 -0.023548 -0.096853 -0.076398 0.992083
1311870439.867821 0.536526 -0.150366 0.191193 -0.022256 -0.101146 -0.076713 0.991660
1311870439.900184 0.541182 -0.149671 0.192150 -0.021823 -0.105247 -0.076701 0.991244
1311870439.932173 0.541182 -0.149671 0.192150 -0.021823 -0.105247 -0.076701 0.991244
1311870439.967891 0.541182 -0.149671 0.192150 -0.021823 -0.105247 -0.076701 0.991244
1311870439.999959 0.545789 -0.148804 0.194282 -0.022723 -0.104669 -0.074520 0.991451
1311870440.032069 0.550691 -0.147832 0.196531 -0.023724 -0.105235 -0.074970 0.991334
1311870440.067993 0.550691 -0.147832 0.196531 -0.023724 -0.105235 -0.074970 0.991334
1311870440.100001 0.550691 -0.147832 0.196531 -0.023724 -0.105235 -0.074970 0.991334
1311870440.132116 0.553109 -0.148502 0.199175 -0.025067 -0.106629 -0.076715 0.991018
1311870440.168088 0.555649 -0.150401 0.201244 -0.026271 -0.108894 -0.079343 0.990533
1311870440.199932 0.557515 -0.150966 0.203244 -0.026892 -0.111506 -0.081714 0.990033
1311870440.232151 0.560501 -0.152694 0.205718 -0.027768 -0.114845 -0.084498 0.989394
1311870440.268000 0.563461 -0.153782 0.208208 -0.027955 -0.117691 -0.085127 0.989000
1311870440.300046 0.568403 -0.153864 0.209468 -0.028297 -0.119980 -0.085140 0.988714
1311870440.332046 0.573604 -0.156099 0.213493 -0.029132 -0.121803 -0.085943 0.988397
1311870440.368148 0.577430 -0.155724 0.215930 -0.028939 -0.123098 -0.086859 0.988162
1311870440.400131 0.578528 -0.154651 0.217028 -0.029082 -0.123935 -0.087459 0.988001
1311870440.432012 0.583926 -0.155201 0.220380 -0.030145 -0.127413 -0.087641 0.987510
1311870440.468251 0.587293 -0.154651 0.222421 -0.031575 -0.130599 -0.088111 0.987007
1311870440.500265 0.593055 -0.157272 0.225772 -0.033335 -0.134519 -0.089069 0.986337
1311870440.532310 0.600744 -0.157187 0.229498 -0.034011 -0.137860 -0.090549 0.985717
1311870440.568327 0.608089 -0.156824 0.232709 -0.035046 -0.140629 -0.093178 0.985045
1311870440.601112 0.612156 -0.156679 0.235857 -0.036524 -0.143249 -0.096672 0.984277
1311870440.632152 0.617954 -0.157010 0.238731 -0.037908 -0.147459 -0.100990 0.983168
1311870440.667912 0.622765 -0.157033 0.240146 -0.039822 -0.151451 -0.106306 0.981925
1311870440.700052 0.629849 -0.158740 0.243893 -0.041676 -0.156124 -0.111403 0.980550
1311870440.732289 0.637402 -0.159206 0.246746 -0.042399 -0.160426 -0.116210 0.979266
1311870440.768161 0.645028 -0.158964 0.249064 -0.043106 -0.164311 -0.120776 0.978037
1311870440.800074 0.652688 -0.158613 0.250370 -0.044654 -0.167546 -0.124661 0.976931
1311870440.831930 0.660326 -0.158697 0.252553 -0.046970 -0.170344 -0.128746 0.975808
1311870440.868097 0.668993 -0.158927 0.255623 -0.049350 -0.173049 -0.133077 0.974633
1311870440.900702 0.677579 -0.157953 0.258380 -0.051181 -0.175283 -0.137472 0.973528
1311870440.932236 0.685439 -0.157831 0.261294 -0.053409 -0.176828 -0.142184 0.972452
1311870440.968265 0.692209 -0.157540 0.263802 -0.055629 -0.178051 -0.146562 0.971454
1311870440.999991 0.700011 -0.156756 0.266397 -0.057750 -0.180089 -0.150658 0.970327
1311870441.032175 0.706430 -0.155155 0.269138 -0.059641 -0.181745 -0.153861 0.969401
1311870441.068154 0.713511 -0.154563 0.270980 -0.062259 -0.183871 -0.156239 0.968455
1311870441.100200 0.720047 -0.153835 0.273412 -0.064912 -0.185949 -0.158165 0.967571
1311870441.132291 0.728515 -0.150958 0.274948 -0.067102 -0.188018 -0.159698 0.966769
1311870441.168090 0.736423 -0.149586 0.277437 -0.069756 -0.189717 -0.161792 0.965901
1311870441.200181 0.744110 -0.148315 0.280548 -0.072385 -0.190923 -0.163446 0.965191
1311870441.232068 0.751498 -0.146766 0.282194 -0.075299 -0.191364 -0.165592 0.964515
1311870441.268233 0.758334 -0.146892 0.285125 -0.078144 -0.191711 -0.168096 0.963787
1311870441.300230 0.763979 -0.143549 0.286670 -0.079312 -0.191515 -0.170171 0.963366
1311870441.334609 0.771586 -0.140983 0.288461 -0.081662 -0.191952 -0.172109 0.962738
1311870441.367979 0.778809 -0.138070 0.290654 -0.084289 -0.192551 -0.172601 0.962304
1311870441.400106 0.785062 -0.135696 0.291723 -0.087611 -0.193111 -0.172450 0.961922
1311870441.432295 0.792093 -0.133184 0.293046 -0.091656 -0.194285 -0.172361 0.961324
1311870441.468277 0.800135 -0.129383 0.294829 -0.095057 -0.195321 -0.173253 0.960624
1311870441.500170 0.806690 -0.129423 0.297971 -0.098975 -0.196119 -0.174173 0.959898
1311870441.532130 0.812672 -0.129703 0.300630 -0.102232 -0.197208 -0.175862 0.959026
1311870441.568914 0.820293 -0.127971 0.302725 -0.104387 -0.197870 -0.176567 0.958527
1311870441.600118 0.826973 -0.126589 0.305464 -0.106437 -0.197455 -0.176746 0.958355
1311870441.632942 0.833490 -0.123956 0.306761 -0.108013 -0.196158 -0.175803 0.958618
1311870441.668118 0.841388 -0.121704 0.309938 -0.109745 -0.195116 -0.175818 0.958631
1311870441.700172 0.847683 -0.121897 0.313710 -0.112271 -0.193212 -0.175387 0.958803
1311870441.732030 0.851020 -0.121558 0.316949 -0.114049 -0.190107 -0.174146 0.959440
1311870441.768221 0.855263 -0.120071 0.317777 -0.115374 -0.187554 -0.172873 0.960014
1311870441.800208 0.861517 -0.122156 0.323803 -0.117128 -0.186838 -0.171218 0.960238
1311870441.832186 0.863358 -0.122051 0.325116 -0.117637 -0.185019 -0.169074 0.960908
1311870441.868242 0.868321 -0.124541 0.329092 -0.118306 -0.184841 -0.167973 0.961053
1311870441.900199 0.872738 -0.127050 0.333455 -0.117828 -0.184632 -0.166284 0.961446
1311870441.932347 0.873567 -0.129029 0.335017 -0.116997 -0.183155 -0.163514 0.962304
1311870441.968225 0.875810 -0.130458 0.337076 -0.116108 -0.182793 -0.160008 0.963069
1311870442.000519 0.875111 -0.132776 0.339679 -0.115227 -0.183204 -0.156255 0.963713
1311870442.032101 0.876440 -0.135102 0.339722 -0.114318 -0.184827 -0.152999 0.964034
1311870442.068163 0.879074 -0.138671 0.341814 -0.114082 -0.186397 -0.150725 0.964118
1311870442.103605 0.881363 -0.144113 0.346338 -0.113052 -0.187316 -0.149874 0.964194
1311870442.132295 0.883555 -0.149258 0.348936 -0.110311 -0.187671 -0.151049 0.964259
1311870442.168086 0.882423 -0.153910 0.350410 -0.107278 -0.186353 -0.152406 0.964643
1311870442.201178 0.879297 -0.156486 0.351335 -0.103332 -0.184941 -0.152814 0.965281
1311870442.232210 0.877560 -0.158710 0.351175 -0.099972 -0.185099 -0.153084 0.965562
1311870442.268206 0.873027 -0.163836 0.350812 -0.097802 -0.186044 -0.152706 0.965662
1311870442.300086 0.873037 -0.166172 0.351118 -0.095892 -0.187596 -0.152248 0.965626
1311870442.332140 0.874176 -0.171544 0.354186 -0.095236 -0.189218 -0.153441 0.965185
1311870442.368246 0.871619 -0.176950 0.356679 -0.093799 -0.190443 -0.155046 0.964828
1311870442.400030 0.868476 -0.181392 0.358271 -0.092158 -0.192360 -0.156270 0.964409
1311870442.432189 0.865253 -0.187553 0.361063 -0.090699 -0.194847 -0.155893 0.964109
1311870442.468023 0.865027 -0.194839 0.363693 -0.089216 -0.197131 -0.153843 0.964112
1311870442.500198 0.866541 -0.201384 0.369381 -0.086897 -0.198497 -0.151270 0.964451
1311870442.532181 0.864647 -0.206082 0.372568 -0.084083 -0.198009 -0.147577 0.965372
1311870442.568220 0.862793 -0.209576 0.375409 -0.081273 -0.198282 -0.144184 0.966069
1311870442.600265 0.861039 -0.214297 0.377520 -0.079466 -0.199197 -0.142531 0.966277
1311870442.635674 0.857938 -0.217005 0.380027 -0.077333 -0.199689 -0.141407 0.966513
1311870442.668160 0.856051 -0.222765 0.382353 -0.075778 -0.200688 -0.142253 0.966305
1311870442.700211 0.856011 -0.226242 0.386864 -0.073479 -0.201679 -0.143244 0.966130
1311870442.732224 0.854055 -0.230064 0.389881 -0.071039 -0.201306 -0.144042 0.966272
1311870442.768169 0.850823 -0.232474 0.391360 -0.069141 -0.200426 -0.144399 0.966539
1311870442.803175 0.848092 -0.237861 0.393494 -0.067792 -0.200081 -0.144626 0.966672
1311870442.832847 0.847310 -0.239699 0.398369 -0.065272 -0.200579 -0.144261 0.966797
1311870442.868218 0.842930 -0.241170 0.399571 -0.062850 -0.200091 -0.144122 0.967079
1311870442.900140 0.841583 -0.242132 0.401415 -0.060884 -0.201130 -0.143631 0.967063
1311870442.932118 0.838178 -0.244973 0.402974 -0.059913 -0.201568 -0.142913 0.967138
1311870442.968874 0.837666 -0.245425 0.405524 -0.058747 -0.202564 -0.141038 0.967277
1311870443.000647 0.836189 -0.247164 0.406658 -0.058586 -0.203130 -0.139351 0.967413
1311870443.032544 0.834497 -0.250010 0.409165 -0.058556 -0.204128 -0.138439 0.967335
1311870443.068224 0.834828 -0.250462 0.410418 -0.057645 -0.205256 -0.138554 0.967135
1311870443.100206 0.834839 -0.252109 0.413272 -0.056826 -0.206166 -0.138518 0.966995
1311870443.132186 0.831533 -0.254015 0.412726 -0.055983 -0.205718 -0.137930 0.967224
1311870443.168697 0.829250 -0.253714 0.414548 -0.055782 -0.206780 -0.136339 0.967234
1311870443.200234 0.830443 -0.256641 0.417001 -0.056290 -0.208625 -0.135367 0.966945
1311870443.232146 0.830017 -0.258804 0.419176 -0.056047 -0.209580 -0.133308 0.967039
1311870443.268148 0.830053 -0.257734 0.419370 -0.055501 -0.211134 -0.130531 0.967111
1311870443.300216 0.830955 -0.259222 0.420705 -0.056206 -0.213532 -0.130021 0.966612
1311870443.332286 0.832288 -0.264260 0.424777 -0.056668 -0.215503 -0.130627 0.966066
1311870443.368387 0.834884 -0.265066 0.426820 -0.055011 -0.216377 -0.130254 0.966017
1311870443.400129 0.833726 -0.264572 0.425682 -0.054092 -0.216431 -0.129751 0.966125
1311870443.433543 0.834168 -0.266816 0.428549 -0.054358 -0.218171 -0.128687 0.965860
1311870443.468216 0.835218 -0.268689 0.430475 -0.053932 -0.220719 -0.127849 0.965417
1311870443.500190 0.839299 -0.271349 0.433285 -0.053376 -0.223959 -0.128223 0.964651
1311870443.532274 0.840583 -0.274757 0.436031 -0.052287 -0.225840 -0.129258 0.964134
1311870443.568228 0.843102 -0.275138 0.437290 -0.051080 -0.228033 -0.128256 0.963816
1311870443.600188 0.847332 -0.276651 0.439092 -0.050553 -0.231474 -0.128571 0.962982
1311870443.633824 0.850949 -0.278591 0.443058 -0.049951 -0.234306 -0.129932 0.962145
1311870443.669450 0.855550 -0.279219 0.445210 -0.049069 -0.236376 -0.130577 0.961597
1311870443.700456 0.859096 -0.282016 0.448513 -0.049020 -0.239060 -0.132638 0.960653
1311870443.732224 0.863610 -0.284195 0.451777 -0.048155 -0.242029 -0.135481 0.959556
1311870443.768189 0.868391 -0.285456 0.454572 -0.046991 -0.245058 -0.138553 0.958406
1311870443.800762 0.873188 -0.286552 0.456940 -0.046447 -0.248315 -0.141485 0.957165
1311870443.832760 0.879284 -0.288377 0.459660 -0.046231 -0.252241 -0.145320 0.955573
1311870443.868379 0.886895 -0.290866 0.463327 -0.046279 -0.256001 -0.150332 0.953794
1311870443.900223 0.894566 -0.292932 0.466947 -0.046184 -0.258416 -0.154700 0.952447
1311870443.936095 0.901670 -0.293263 0.468898 -0.046381 -0.259868 -0.159180 0.951304
1311870443.968820 0.907847 -0.295852 0.471740 -0.047114 -0.262049 -0.165064 0.949665
1311870444.000310 0.915286 -0.297922 0.474193 -0.047576 -0.264954 -0.171924 0.947617
1311870444.036121 0.921785 -0.299953 0.477338 -0.048290 -0.267684 -0.177645 0.945757
1311870444.068450 0.927648 -0.300430 0.479056 -0.048889 -0.270622 -0.181422 0.944171
1311870444.100313 0.934011 -0.300770 0.480859 -0.049707 -0.274530 -0.184941 0.942316
1311870444.136376 0.942636 -0.302372 0.484064 -0.050879 -0.279230 -0.186770 0.940510
1311870444.168597 0.950957 -0.303630 0.486917 -0.052092 -0.283054 -0.187202 0.939214
1311870444.200428 0.960660 -0.304031 0.489174 -0.053372 -0.287040 -0.187680 0.937836
1311870444.236334 0.968729 -0.304097 0.492151 -0.054385 -0.289994 -0.189378 0.936526
1311870444.268377 0.975834 -0.306522 0.496286 -0.055686 -0.293013 -0.189401 0.935505
1311870444.300356 0.981956 -0.306006 0.496738 -0.055547 -0.296332 -0.190160 0.934313
1311870444.336251 0.990128 -0.304119 0.496485 -0.054824 -0.301005 -0.193485 0.932177
1311870444.368372 0.999344 -0.304782 0.498535 -0.055416 -0.305220 -0.196852 0.930064
1311870444.400227 1.008461 -0.303257 0.500732 -0.055959 -0.307653 -0.198223 0.928938
1311870444.436312 1.015759 -0.301857 0.501560 -0.057421 -0.309193 -0.199160 0.928137
1311870444.468622 1.022799 -0.301307 0.504084 -0.059194 -0.311269 -0.201039 0.926926
1311870444.500194 1.029717 -0.299115 0.505583 -0.060333 -0.313353 -0.201986 0.925944
1311870444.536787 1.037504 -0.296416 0.507990 -0.062190 -0.315571 -0.202266 0.925006
1311870444.568395 1.044590 -0.296173 0.511679 -0.064402 -0.317829 -0.202381 0.924056
1311870444.602292 1.052858 -0.293890 0.513881 -0.065579 -0.319258 -0.203220 0.923296
1311870444.636266 1.060448 -0.289685 0.517600 -0.067504 -0.319618 -0.203295 0.923016
1311870444.668446 1.066893 -0.285811 0.519063 -0.071256 -0.319097 -0.201508 0.923306
1311870444.701032 1.073247 -0.282468 0.522694 -0.075730 -0.318995 -0.201291 0.923032
1311870444.736354 1.080442 -0.278473 0.526274 -0.079936 -0.318777 -0.203399 0.922291
1311870444.768245 1.085784 -0.276121 0.531115 -0.084526 -0.317031 -0.206499 0.921794
1311870444.800418 1.089426 -0.271621 0.535328 -0.087910 -0.314518 -0.209141 0.921743
1311870444.836377 1.092276 -0.268185 0.539160 -0.091489 -0.313349 -0.212296 0.921072
1311870444.868299 1.095557 -0.264007 0.543082 -0.094168 -0.313272 -0.214502 0.920317
1311870444.900329 1.099564 -0.261582 0.547079 -0.097234 -0.313869 -0.215467 0.919568
1311870444.936351 1.103100 -0.260272 0.550195 -0.099845 -0.314243 -0.214299 0.919434
1311870444.968539 1.109895 -0.258932 0.555665 -0.102280 -0.315074 -0.212548 0.919288
1311870445.000303 1.115623 -0.260169 0.561019 -0.104762 -0.315033 -0.211062 0.919365
1311870445.036238 1.120992 -0.258705 0.564938 -0.106050 -0.314709 -0.209942 0.919585
1311870445.068452 1.126403 -0.257719 0.568114 -0.107413 -0.314667 -0.210506 0.919312
1311870445.100300 1.132842 -0.257937 0.573924 -0.109164 -0.314466 -0.212154 0.918796
1311870445.136199 1.137223 -0.257469 0.577473 -0.110273 -0.312819 -0.214266 0.918735
1311870445.168341 1.139118 -0.255716 0.579287 -0.111702 -0.311691 -0.216862 0.918337
1311870445.200264 1.139901 -0.255506 0.582716 -0.113072 -0.313254 -0.219685 0.916965
1311870445.236342 1.142708 -0.255572 0.586348 -0.113559 -0.316916 -0.221719 0.915155
1311870445.268384 1.146725 -0.255563 0.589654 -0.114741 -0.321141 -0.221887 0.913493
1311870445.300289 1.150646 -0.256594 0.594099 -0.116563 -0.325662 -0.221724 0.911699
1311870445.336313 1.157050 -0.258529 0.601094 -0.118226 -0.330395 -0.222490 0.909593
1311870445.368329 1.163154 -0.262001 0.610854 -0.119474 -0.333553 -0.223785 0.907958
1311870445.400309 1.167609 -0.263080 0.616751 -0.119490 -0.334145 -0.225751 0.907252
1311870445.436350 1.171752 -0.263938 0.622593 -0.121205 -0.334004 -0.227162 0.906724
1311870445.468401 1.172413 -0.265462 0.627617 -0.123071 -0.333956 -0.228459 0.906164
1311870445.500377 1.177988 -0.267259 0.634590 -0.124968 -0.336687 -0.231654 0.904081
1311870445.540077 1.181275 -0.273444 0.644155 -0.127216 -0.337815 -0.235843 0.902261
1311870445.568331 1.182079 -0.279118 0.653267 -0.126119 -0.337689 -0.238169 0.901851
1311870445.600389 1.186232 -0.279793 0.656407 -0.122694 -0.337884 -0.241995 0.901232
1311870445.636324 1.189473 -0.280861 0.660707 -0.121300 -0.338246 -0.245583 0.900314
1311870445.668335 1.190076 -0.281741 0.665708 -0.120339 -0.338060 -0.246913 0.900149
1311870445.700236 1.191020 -0.279294 0.666117 -0.118866 -0.338763 -0.247793 0.899838
1311870445.736362 1.192860 -0.277489 0.667051 -0.119432 -0.341583 -0.249206 0.898306
1311870445.768584 1.195097 -0.278039 0.670605 -0.121729 -0.345289 -0.250221 0.896296
1311870445.800369 1.196050 -0.279377 0.675127 -0.123785 -0.349228 -0.251179 0.894218
1311870445.836299 1.198466 -0.280908 0.679532 -0.125271 -0.353044 -0.251718 0.892359
1311870445.868337 1.199448 -0.281589 0.681528 -0.126850 -0.355570 -0.250925 0.891356
1311870445.900306 1.202153 -0.282514 0.685077 -0.128848 -0.358043 -0.249386 0.890511
1311870445.936551 1.203758 -0.283813 0.688450 -0.130914 -0.360667 -0.248517 0.889393
1311870445.968392 1.206877 -0.286044 0.692319 -0.132943 -0.363650 -0.248531 0.887872
1311870446.000304 1.209813 -0.290436 0.698890 -0.134892 -0.365353 -0.248400 0.886916
1311870446.036758 1.211896 -0.293715 0.703836 -0.134964 -0.365305 -0.248390 0.886927
1311870446.068635 1.213716 -0.296519 0.706914 -0.133745 -0.365228 -0.250968 0.886417
1311870446.100357 1.214508 -0.298150 0.708589 -0.132175 -0.365753 -0.253420 0.885738
1311870446.136276 1.216022 -0.299458 0.710724 -0.131158 -0.367070 -0.254648 0.884992
1311870446.168735 1.218376 -0.300755 0.713435 -0.131108 -0.368784 -0.254755 0.884256
1311870446.200427 1.221138 -0.303696 0.718904 -0.131290 -0.370982 -0.254838 0.883285
1311870446.236315 1.223626 -0.306757 0.723674 -0.130905 -0.372309 -0.254912 0.882763
1311870446.268306 1.226281 -0.306751 0.726422 -0.129694 -0.373401 -0.254222 0.882679
1311870446.301025 1.228117 -0.307646 0.728919 -0.129941 -0.375150 -0.253678 0.882058
1311870446.336338 1.231402 -0.309219 0.733698 -0.130065 -0.378140 -0.253610 0.880781
1311870446.368954 1.234762 -0.311911 0.738456 -0.130779 -0.380753 -0.253618 0.879547
1311870446.400492 1.238756 -0.313955 0.745058 -0.131554 -0.382924 -0.252863 0.878705
1311870446.436540 1.242591 -0.317448 0.752969 -0.131813 -0.383762 -0.252139 0.878509
1311870446.468367 1.245020 -0.319951 0.757908 -0.131059 -0.383413 -0.251813 0.878867
1311870446.500355 1.246366 -0.322211 0.760783 -0.129816 -0.383838 -0.253408 0.878408
1311870446.536436 1.247313 -0.324929 0.763783 -0.128015 -0.386367 -0.255972 0.876819
1311870446.568393 1.250668 -0.328237 0.767733 -0.126564 -0.390566 -0.258303 0.874482
1311870446.601101 1.254304 -0.333173 0.773639 -0.125926 -0.395015 -0.260390 0.871953
1311870446.637765 1.258614 -0.336804 0.779092 -0.123987 -0.399136 -0.263089 0.869541
1311870446.668422 1.262760 -0.339880 0.783394 -0.121781 -0.403064 -0.267388 0.866725
1311870446.700430 1.266998 -0.342961 0.787495 -0.119584 -0.407412 -0.272396 0.863433
1311870446.736562 1.272870 -0.345735 0.792961 -0.117535 -0.412453 -0.277794 0.859592
1311870446.768561 1.278467 -0.348246 0.798185 -0.116440 -0.416708 -0.282943 0.856002
1311870446.800611 1.283118 -0.351600 0.803911 -0.115666 -0.420930 -0.287369 0.852560
1311870446.839890 1.289675 -0.354869 0.809458 -0.114858 -0.425016 -0.292002 0.849061
1311870446.868281 1.295072 -0.358856 0.815986 -0.114940 -0.428349 -0.295288 0.846233
1311870446.900517 1.301640 -0.361560 0.821743 -0.114726 -0.431315 -0.297382 0.844020
1311870446.938961 1.309517 -0.364865 0.827780 -0.115654 -0.434200 -0.300302 0.841376
1311870446.968287 1.313671 -0.368989 0.834238 -0.116859 -0.435901 -0.303559 0.839158
1311870447.000608 1.318270 -0.372229 0.838773 -0.116559 -0.437678 -0.307121 0.836976
1311870447.036348 1.324551 -0.375062 0.843707 -0.116340 -0.440319 -0.311434 0.834022
1311870447.069357 1.329668 -0.378338 0.849188 -0.117273 -0.442249 -0.315107 0.831487
1311870447.100489 1.332519 -0.381103 0.852954 -0.117681 -0.443339 -0.318286 0.829636
1311870447.136384 1.337132 -0.384165 0.857759 -0.118049 -0.445436 -0.321599 0.827179
1311870447.168779 1.340076 -0.387662 0.861797 -0.118598 -0.447132 -0.324617 0.825004
1311870447.200406 1.341574 -0.390730 0.864930 -0.118101 -0.448813 -0.326847 0.823280
1311870447.236496 1.345152 -0.393418 0.867335 -0.116997 -0.451299 -0.329570 0.820990
1311870447.268702 1.348148 -0.396752 0.870832 -0.116642 -0.453940 -0.332674 0.818328
1311870447.300746 1.348544 -0.399454 0.873552 -0.115877 -0.455307 -0.334545 0.816914
1311870447.337758 1.351383 -0.401643 0.877643 -0.114717 -0.456920 -0.335840 0.815644
1311870447.368631 1.352609 -0.404613 0.881498 -0.114309 -0.457755 -0.337003 0.814753
1311870447.402784 1.352585 -0.405259 0.883495 -0.114125 -0.457849 -0.336410 0.814971
1311870447.436290 1.353135 -0.406449 0.884796 -0.115080 -0.458797 -0.335581 0.814646
1311870447.468472 1.353285 -0.407701 0.886283 -0.116581 -0.460490 -0.336818 0.812965
1311870447.505391 1.350557 -0.411030 0.888991 -0.118445 -0.462703 -0.338519 0.810729
1311870447.538012 1.348828 -0.413533 0.892193 -0.118337 -0.465084 -0.340072 0.808730
1311870447.568454 1.349166 -0.416251 0.895106 -0.117787 -0.466538 -0.342310 0.807027
1311870447.600701 1.347484 -0.419431 0.898462 -0.117870 -0.466162 -0.344149 0.806450
1311870447.636328 1.342393 -0.423438 0.902515 -0.116588 -0.464643 -0.345913 0.806758
1311870447.668541 1.341903 -0.424217 0.904708 -0.115330 -0.462792 -0.347094 0.807495
1311870447.702983 1.335791 -0.426688 0.905070 -0.116464 -0.459674 -0.347765 0.808824
1311870447.736460 1.329411 -0.428972 0.906518 -0.116877 -0.458165 -0.347964 0.809534
1311870447.768501 1.325848 -0.430407 0.906339 -0.116856 -0.457681 -0.348663 0.809510
1311870447.803252 1.320655 -0.433736 0.908393 -0.117993 -0.457397 -0.350233 0.808828
1311870447.836560 1.314469 -0.436909 0.909927 -0.118260 -0.456914 -0.351739 0.808408
1311870447.868373 1.309620 -0.439004 0.911185 -0.117561 -0.456548 -0.353229 0.808067
1311870447.903970 1.308263 -0.438671 0.910997 -0.118883 -0.455486 -0.354358 0.807979
1311870447.936552 1.301733 -0.440992 0.913130 -0.122549 -0.454482 -0.357332 0.806686
1311870447.968677 1.290535 -0.444943 0.914131 -0.125110 -0.452904 -0.359865 0.806054
1311870448.003362 1.284945 -0.447783 0.915202 -0.126361 -0.452258 -0.361004 0.805712
1311870448.036711 1.276148 -0.451700 0.919708 -0.127302 -0.451015 -0.362791 0.805458
1311870448.068615 1.268224 -0.455765 0.922049 -0.126434 -0.448913 -0.363363 0.806510
1311870448.101910 1.264507 -0.457825 0.925024 -0.126194 -0.446072 -0.361950 0.808756
1311870448.136537 1.256518 -0.459255 0.925355 -0.126936 -0.442542 -0.361236 0.810896
1311870448.168500 1.250466 -0.461174 0.926802 -0.127589 -0.441351 -0.361815 0.811184
1311870448.203656 1.241658 -0.465562 0.930905 -0.129376 -0.439025 -0.362186 0.811998
1311870448.236492 1.233067 -0.467138 0.932322 -0.129659 -0.435489 -0.361822 0.814017
1311870448.268590 1.225754 -0.467413 0.932202 -0.130055 -0.433912 -0.361860 0.814778
1311870448.302001 1.218722 -0.468748 0.934554 -0.132723 -0.433361 -0.361863 0.814640
1311870448.336426 1.208561 -0.471664 0.936702 -0.135288 -0.432176 -0.362342 0.814634
1311870448.368626 1.200700 -0.472987 0.939182 -0.136334 -0.431814 -0.362928 0.814391
1311870448.404180 1.191646 -0.474839 0.940665 -0.137730 -0.431228 -0.363726 0.814111
1311870448.436494 1.181114 -0.477778 0.942935 -0.138617 -0.430819 -0.363557 0.814252
1311870448.469255 1.175642 -0.477680 0.945513 -0.137404 -0.430844 -0.362965 0.814708
1311870448.501350 1.167511 -0.478393 0.945739 -0.137353 -0.429985 -0.362974 0.815167
1311870448.536588 1.161335 -0.478829 0.945791 -0.138100 -0.430286 -0.363144 0.814806
1311870448.570594 1.152133 -0.479801 0.947392 -0.139061 -0.430870 -0.363330 0.814251
1311870448.600762 1.147018 -0.479859 0.949216 -0.139453 -0.431915 -0.362547 0.813979
1311870448.636419 1.141496 -0.480153 0.950762 -0.140096 -0.432529 -0.362605 0.813517
1311870448.669818 1.135869 -0.481010 0.952885 -0.141388 -0.432250 -0.362637 0.813427
1311870448.700656 1.131112 -0.481977 0.955230 -0.142529 -0.431371 -0.362039 0.813961
1311870448.736438 1.126960 -0.480291 0.956337 -0.143722 -0.429976 -0.362040 0.814489
1311870448.771225 1.121271 -0.479285 0.957001 -0.146351 -0.429075 -0.361317 0.814816
1311870448.801564 1.114955 -0.479694 0.957739 -0.149317 -0.428818 -0.360793 0.814646
1311870448.836537 1.108638 -0.480998 0.959794 -0.151431 -0.429831 -0.361114 0.813579
1311870448.869700 1.103900 -0.482585 0.961870 -0.152323 -0.431614 -0.362158 0.812002
1311870448.900887 1.098929 -0.485194 0.964429 -0.152822 -0.432794 -0.363532 0.810666
1311870448.936448 1.092331 -0.486976 0.965108 -0.152158 -0.433294 -0.364479 0.810098
1311870448.969668 1.086700 -0.487633 0.964689 -0.151497 -0.434755 -0.364675 0.809351
1311870449.001510 1.081777 -0.489031 0.964864 -0.151437 -0.437333 -0.364361 0.808113
1311870449.036575 1.076941 -0.491794 0.967204 -0.151071 -0.440935 -0.365053 0.805909
1311870449.071321 1.072021 -0.494668 0.969125 -0.149640 -0.444121 -0.366526 0.803756
1311870449.100827 1.065914 -0.496023 0.968568 -0.148538 -0.446668 -0.366346 0.802630
1311870449.136566 1.063364 -0.494370 0.967411 -0.146613 -0.451768 -0.365976 0.800295
1311870449.171406 1.058302 -0.497329 0.970251 -0.147201 -0.458257 -0.367476 0.795798
1311870449.200685 1.054767 -0.500063 0.974579 -0.145717 -0.464539 -0.368922 0.791749
1311870449.236497 1.050275 -0.503247 0.978822 -0.143810 -0.469640 -0.370783 0.788211
1311870449.273412 1.046837 -0.505412 0.982528 -0.140288 -0.474274 -0.372904 0.785064
1311870449.300841 1.043232 -0.507208 0.985725 -0.136143 -0.478443 -0.375681 0.781934
1311870449.338081 1.040884 -0.507729 0.987160 -0.132136 -0.482920 -0.378463 0.778520
1311870449.371881 1.037656 -0.509234 0.989918 -0.129932 -0.488418 -0.380496 0.774460
1311870449.402787 1.036090 -0.511565 0.993985 -0.127984 -0.494865 -0.382496 0.769692
1311870449.436669 1.033858 -0.515315 1.000007 -0.125965 -0.501921 -0.385096 0.764140
1311870449.469614 1.032245 -0.518071 1.004591 -0.122928 -0.508395 -0.387730 0.759005
1311870449.501614 1.031737 -0.520449 1.008808 -0.120006 -0.515285 -0.390356 0.753460
1311870449.536434 1.031137 -0.524400 1.014959 -0.117326 -0.522602 -0.394332 0.746742
1311870449.569845 1.030214 -0.527743 1.020264 -0.114676 -0.529268 -0.398136 0.740414
1311870449.601760 1.030650 -0.531518 1.027183 -0.113166 -0.536077 -0.401098 0.734122
1311870449.639118 1.029599 -0.536060 1.034718 -0.112123 -0.542379 -0.404026 0.728022
1311870449.668836 1.028714 -0.539689 1.041578 -0.111325 -0.547836 -0.406270 0.722791
1311870449.701069 1.028164 -0.542607 1.047727 -0.110515 -0.553647 -0.408850 0.717010
1311870449.736551 1.029292 -0.545783 1.055574 -0.109923 -0.559943 -0.412105 0.710317
1311870449.770083 1.027454 -0.549561 1.063649 -0.110254 -0.564728 -0.415338 0.704571
1311870449.803170 1.026126 -0.552100 1.070329 -0.109118 -0.569333 -0.417910 0.699503
1311870449.837832 1.026537 -0.554073 1.077473 -0.107806 -0.573976 -0.420287 0.694470
1311870449.870218 1.025883 -0.555585 1.084384 -0.107114 -0.577684 -0.422259 0.690294
1311870449.901187 1.027453 -0.555304 1.090279 -0.105913 -0.581161 -0.423777 0.686620
1311870449.936773 1.030116 -0.554423 1.096700 -0.106341 -0.584056 -0.425790 0.682842
1311870449.970274 1.028539 -0.555547 1.103792 -0.108239 -0.586182 -0.428411 0.679072
1311870450.000712 1.028535 -0.555125 1.110924 -0.108547 -0.587743 -0.430007 0.676660
1311870450.039055 1.028382 -0.555510 1.117454 -0.108143 -0.588857 -0.431642 0.674713
1311870450.069346 1.030586 -0.554674 1.123358 -0.106666 -0.589501 -0.433306 0.673318
1311870450.100915 1.032377 -0.552608 1.126150 -0.106875 -0.588751 -0.433285 0.673954
1311870450.136869 1.035408 -0.550608 1.128937 -0.108372 -0.589377 -0.432500 0.673672
1311870450.170909 1.037981 -0.550170 1.133006 -0.111335 -0.590411 -0.432488 0.672290
1311870450.202283 1.039427 -0.550479 1.139353 -0.113075 -0.591721 -0.432312 0.670960
1311870450.236763 1.042355 -0.549494 1.142109 -0.113171 -0.592164 -0.432868 0.670194
1311870450.269090 1.047396 -0.546843 1.144515 -0.112443 -0.593413 -0.433622 0.668722
1311870450.301059 1.050785 -0.546343 1.147094 -0.114136 -0.594110 -0.433941 0.667608
1311870450.336876 1.054060 -0.545734 1.149506 -0.115503 -0.594947 -0.433762 0.666744
1311870450.369008 1.058960 -0.545106 1.152412 -0.116298 -0.595871 -0.433402 0.666015
1311870450.401010 1.063428 -0.543409 1.152883 -0.116808 -0.596012 -0.433217 0.665919
1311870450.437316 1.068801 -0.541751 1.152912 -0.117990 -0.597578 -0.432783 0.664588
1311870450.469143 1.075783 -0.540984 1.154329 -0.119255 -0.599766 -0.432794 0.662381
1311870450.501134 1.082438 -0.539425 1.156284 -0.120162 -0.601125 -0.434061 0.660152
1311870450.538645 1.087994 -0.537800 1.155801 -0.121336 -0.601640 -0.434855 0.658944
1311870450.569084 1.093924 -0.536620 1.155430 -0.121864 -0.602837 -0.436626 0.656578
1311870450.601120 1.100359 -0.534975 1.156135 -0.121864 -0.604247 -0.437748 0.654531
1311870450.637751 1.107846 -0.533120 1.155789 -0.121660 -0.605685 -0.437522 0.653391
1311870450.670066 1.115892 -0.530415 1.153004 -0.123336 -0.607375 -0.436244 0.652361
1311870450.701290 1.123441 -0.529597 1.152469 -0.126720 -0.610826 -0.434643 0.649552
1311870450.737892 1.134339 -0.527685 1.154057 -0.128938 -0.614928 -0.433433 0.646045
1311870450.769954 1.144428 -0.528873 1.157756 -0.132608 -0.617615 -0.432599 0.643292
1311870450.804254 1.151647 -0.529912 1.160327 -0.135423 -0.618471 -0.432257 0.642112
1311870450.840324 1.160849 -0.530246 1.162077 -0.134190 -0.619581 -0.433666 0.640348
1311870450.869862 1.169700 -0.531078 1.164172 -0.131640 -0.620327 -0.436592 0.638163
1311870450.901836 1.178137 -0.531505 1.165269 -0.129267 -0.620320 -0.437344 0.638141
1311870450.937709 1.189548 -0.531305 1.164521 -0.127618 -0.620682 -0.436240 0.638876
1311870450.972680 1.200091 -0.531429 1.164894 -0.127938 -0.621790 -0.435651 0.638136
1311870451.001936 1.210874 -0.531151 1.166321 -0.128557 -0.623061 -0.435572 0.636824
1311870451.039322 1.220028 -0.533390 1.170633 -0.130687 -0.624365 -0.434820 0.635627
1311870451.069587 1.228996 -0.534840 1.173597 -0.131060 -0.624462 -0.434906 0.635396
1311870451.100674 1.237758 -0.535932 1.174784 -0.130434 -0.623811 -0.435754 0.635583
1311870451.139173 1.245596 -0.536761 1.175652 -0.129413 -0.623910 -0.437723 0.634340
1311870451.170707 1.253280 -0.537784 1.176682 -0.128150 -0.625056 -0.438873 0.632671
1311870451.200766 1.263015 -0.538227 1.178747 -0.127606 -0.626309 -0.438721 0.631647
1311870451.241411 1.272320 -0.538404 1.180691 -0.129131 -0.626773 -0.438264 0.631193
1311870451.269610 1.280412 -0.538965 1.182707 -0.132417 -0.626905 -0.437666 0.630797
1311870451.300668 1.287603 -0.540411 1.185617 -0.133838 -0.627849 -0.438356 0.629077
1311870451.337433 1.294043 -0.542009 1.188765 -0.134522 -0.628551 -0.439599 0.627360
1311870451.373855 1.299686 -0.543757 1.192316 -0.133851 -0.628721 -0.441120 0.626264
1311870451.400678 1.305930 -0.545460 1.194848 -0.132721 -0.629157 -0.442169 0.625327
1311870451.440446 1.312328 -0.546970 1.198109 -0.130720 -0.630398 -0.443042 0.623879
1311870451.470627 1.320888 -0.548765 1.202326 -0.129714 -0.631708 -0.443613 0.622356
1311870451.500738 1.325759 -0.551470 1.206939 -0.130366 -0.632697 -0.443754 0.621113
1311870451.537387 1.331628 -0.553806 1.211442 -0.129803 -0.633888 -0.444077 0.619785
1311870451.569243 1.338365 -0.556709 1.217537 -0.128343 -0.635710 -0.444407 0.617983
1311870451.600842 1.343962 -0.559755 1.222900 -0.127913 -0.636924 -0.444003 0.617113
1311870451.640948 1.350992 -0.562084 1.228287 -0.127825 -0.638720 -0.443582 0.615575
1311870451.669907 1.356191 -0.565525 1.235978 -0.127891 -0.641225 -0.444348 0.612396
1311870451.700785 1.360156 -0.569953 1.243227 -0.128128 -0.642894 -0.444857 0.610223
1311870451.738569 1.364518 -0.574274 1.250629 -0.127303 -0.644434 -0.445626 0.608208
1311870451.770092 1.369125 -0.578324 1.257830 -0.125700 -0.646042 -0.446859 0.605926
1311870451.800957 1.375113 -0.582144 1.267196 -0.124360 -0.647920 -0.448051 0.603311
1311870451.843498 1.380272 -0.585683 1.276258 -0.122310 -0.649680 -0.449998 0.600382
1311870451.871994 1.387615 -0.587862 1.285261 -0.120306 -0.651327 -0.452460 0.597143
1311870451.900931 1.392592 -0.591543 1.295134 -0.120454 -0.652194 -0.455173 0.594097
1311870451.938315 1.397508 -0.595082 1.304923 -0.120592 -0.652845 -0.457669 0.591431
1311870451.973008 1.402783 -0.597975 1.314978 -0.120759 -0.653773 -0.460690 0.588016
1311870452.000747 1.406803 -0.601478 1.324843 -0.121484 -0.654179 -0.464094 0.584730
1311870452.038266 1.410952 -0.604832 1.334028 -0.121414 -0.654963 -0.467305 0.581299
1311870452.072962 1.415762 -0.607648 1.342401 -0.121076 -0.656003 -0.470596 0.577529
1311870452.100648 1.417794 -0.612276 1.351815 -0.121373 -0.657657 -0.473213 0.573433
1311870452.137766 1.423152 -0.615416 1.359054 -0.120615 -0.659523 -0.475087 0.569890
1311870452.171327 1.426996 -0.619048 1.367115 -0.120826 -0.662042 -0.476555 0.565683
1311870452.200712 1.431503 -0.622585 1.375200 -0.120492 -0.664722 -0.477981 0.561391
1311870452.238414 1.434657 -0.627014 1.383280 -0.119763 -0.667115 -0.479770 0.557167
1311870452.270154 1.439026 -0.631092 1.390699 -0.117483 -0.668983 -0.481701 0.553736
1311870452.300724 1.443664 -0.634392 1.397515 -0.115901 -0.670148 -0.483343 0.551224
1311870452.338323 1.447317 -0.637008 1.402172 -0.115383 -0.671166 -0.484398 0.549164
1311870452.368878 1.451475 -0.640197 1.408268 -0.114801 -0.673214 -0.485855 0.545480
1311870452.400892 1.455877 -0.643761 1.413878 -0.114397 -0.675495 -0.487010 0.541702
1311870452.437917 1.459783 -0.647187 1.419533 -0.114828 -0.677328 -0.487839 0.538567
1311870452.468917 1.464253 -0.648947 1.422367 -0.115894 -0.679470 -0.488081 0.535411
1311870452.500934 1.468643 -0.652482 1.426831 -0.117719 -0.683314 -0.489659 0.528638
1311870452.540934 1.472711 -0.655860 1.431975 -0.119000 -0.686687 -0.491291 0.522430
1311870452.569316 1.473627 -0.659689 1.438366 -0.119111 -0.688965 -0.492497 0.518253
1311870452.600992 1.473945 -0.664014 1.443280 -0.115865 -0.690058 -0.494415 0.515703
1311870452.645017 1.478266 -0.665437 1.445413 -0.111720 -0.690411 -0.495226 0.515367
1311870452.669288 1.483031 -0.667828 1.448658 -0.110220 -0.691223 -0.495383 0.514450
1311870452.700871 1.484726 -0.670048 1.450816 -0.110646 -0.692705 -0.495118 0.512616
1311870452.739677 1.487345 -0.672929 1.455131 -0.111119 -0.695110 -0.494580 0.509770
1311870452.768944 1.488223 -0.676625 1.460812 -0.111543 -0.696995 -0.494458 0.507215
1311870452.800752 1.489140 -0.678658 1.464965 -0.111019 -0.697656 -0.494196 0.506677
1311870452.837778 1.488598 -0.680907 1.469020 -0.110474 -0.697924 -0.493605 0.507003
1311870452.868888 1.491407 -0.680939 1.472146 -0.110029 -0.698325 -0.493323 0.506822
1311870452.900726 1.489238 -0.682850 1.474419 -0.110047 -0.699251 -0.493331 0.505532
1311870452.938955 1.492822 -0.683299 1.480434 -0.109495 -0.701085 -0.493059 0.503372
1311870452.968792 1.492301 -0.684336 1.484928 -0.109776 -0.701700 -0.494603 0.500934
1311870453.000758 1.489900 -0.687073 1.490245 0.110039 0.701782 0.496565 -0.498815
1311870453.040203 1.486458 -0.689023 1.495491 0.108659 0.701948 0.497763 -0.497689
1311870453.068897 1.485335 -0.690316 1.498508 0.107284 0.701814 0.498843 -0.497095
1311870453.106076 1.483714 -0.691145 1.501378 0.106099 0.702462 0.499935 -0.495332
1311870453.137902 1.481229 -0.693573 1.505835 0.105904 0.703994 0.500017 -0.493112
1311870453.169012 1.480024 -0.696015 1.511174 0.106763 0.705312 0.499194 -0.491875
1311870453.208665 1.476503 -0.698687 1.516414 0.108396 0.706090 0.498967 -0.490631
1311870453.239419 1.475496 -0.699066 1.522066 0.107973 0.707214 0.499634 -0.488422
1311870453.269017 1.470495 -0.700442 1.527213 0.108013 0.707442 0.502005 -0.485645
1311870453.305742 1.467039 -0.701553 1.533444 0.106835 0.708014 0.503183 -0.483848
1311870453.340444 1.463503 -0.703302 1.538780 0.108093 0.707828 0.505123 -0.481815
1311870453.368891 1.458698 -0.705260 1.545876 0.109058 0.707411 0.506903 -0.480339
1311870453.408070 1.453393 -0.707403 1.550800 0.112395 0.705854 0.507278 -0.481462
1311870453.437362 1.447144 -0.709765 1.554859 0.114679 0.705709 0.507792 -0.480594
1311870453.468964 1.442239 -0.713163 1.558513 0.115292 0.706839 0.509903 -0.476535
1311870453.508312 1.433121 -0.718192 1.560593 0.114783 0.707908 0.511159 -0.473716
1311870453.536921 1.427679 -0.722941 1.563043 0.111355 0.709795 0.510199 -0.472746
1311870453.568988 1.426027 -0.726489 1.565526 0.108125 0.712608 0.508735 -0.470838
1311870453.609964 1.424567 -0.729469 1.570542 0.106008 0.716354 0.506844 -0.467662
1311870453.636987 1.422304 -0.732198 1.575759 0.104728 0.719435 0.505059 -0.465146
1311870453.668811 1.422407 -0.733568 1.581782 0.103134 0.721808 0.503702 -0.463294
1311870453.708805 1.422581 -0.734123 1.588436 0.102990 0.722755 0.503454 -0.462118
1311870453.736779 1.417211 -0.736595 1.591519 0.103946 0.722551 0.503830 -0.461811
1311870453.768933 1.415816 -0.737509 1.593504 0.102866 0.723212 0.503645 -0.461221
1311870453.808528 1.414758 -0.737728 1.597193 0.100584 0.724529 0.504644 -0.458557
1311870453.836897 1.413669 -0.738779 1.600198 0.099198 0.725991 0.504550 -0.456646
1311870453.905295 1.416116 -0.737521 1.605471 0.101869 0.728722 0.503358 -0.453008
1311870453.936942 1.415224 -0.736675 1.609089 0.104274 0.730235 0.504195 -0.449078
1311870453.969060 1.412431 -0.736797 1.612719 0.106797 0.731421 0.505812 -0.444716
1311870454.006743 1.409002 -0.736771 1.614278 0.108041 0.732410 0.506443 -0.442063
1311870454.036868 1.408060 -0.736909 1.615727 0.108985 0.733991 0.506207 -0.439470
1311870454.069029 1.407940 -0.737031 1.616925 0.109872 0.736324 0.505626 -0.436001
1311870454.108394 1.408220 -0.737667 1.619689 0.111433 0.738973 0.505173 -0.431626
1311870454.137000 1.406242 -0.739503 1.622436 0.113798 0.740932 0.504942 -0.427906
1311870454.168921 1.404707 -0.740060 1.624639 0.114568 0.742809 0.504585 -0.424857
1311870454.208507 1.405338 -0.741660 1.627183 0.113432 0.744787 0.505875 -0.420138
1311870454.236797 1.404444 -0.743174 1.630531 0.113751 0.745901 0.507066 -0.416625
1311870454.269033 1.403060 -0.744501 1.633251 0.114006 0.746931 0.507213 -0.414525
1311870454.308639 1.405095 -0.745161 1.636163 0.112991 0.748170 0.508738 -0.410683
1311870454.336806 1.404330 -0.746690 1.639093 0.113525 0.749542 0.510193 -0.406204
1311870454.369037 1.405697 -0.747343 1.642733 0.115035 0.750925 0.510256 -0.403134
1311870454.408393 1.406144 -0.748200 1.646456 0.116811 0.752130 0.511229 -0.399125
1311870454.436702 1.404512 -0.750292 1.650591 0.117368 0.752957 0.512935 -0.395193
1311870454.468984 1.404183 -0.751094 1.653202 0.117153 0.753480 0.513724 -0.393231
1311870454.506976 1.406438 -0.752880 1.658157 0.117036 0.754507 0.514633 -0.390096
1311870454.536960 1.406408 -0.755054 1.662761 0.117270 0.755440 0.516012 -0.386381
1311870454.605779 1.405002 -0.758881 1.672888 0.115874 0.756696 0.518411 -0.381096
1311870454.636712 1.405374 -0.760794 1.677669 0.114610 0.757111 0.519736 -0.378842
1311870454.669109 1.403856 -0.762470 1.682423 0.113106 0.757375 0.521334 -0.376564
1311870454.708377 1.402560 -0.763554 1.688367 0.111190 0.757464 0.522444 -0.375416
1311870454.736893 1.402266 -0.766011 1.693343 0.109412 0.757166 0.524293 -0.373960
1311870454.769151 1.401388 -0.767817 1.697894 0.107809 0.756925 0.526347 -0.372022
1311870454.804834 1.400278 -0.770101 1.701748 0.107043 0.756853 0.527409 -0.370884
1311870454.837145 1.400088 -0.772534 1.706393 0.106633 0.757197 0.528322 -0.368996
1311870454.869278 1.399128 -0.774970 1.711235 0.106370 0.757948 0.529249 -0.366191
1311870454.904955 1.398058 -0.776367 1.714645 0.105308 0.758583 0.530050 -0.364018
1311870454.936946 1.396456 -0.778661 1.719728 0.104714 0.759194 0.530551 -0.362180
1311870454.969055 1.396120 -0.780843 1.723148 0.103189 0.759625 0.531138 -0.360852
1311870455.004911 1.394807 -0.783088 1.727127 0.101680 0.760398 0.531539 -0.359058
1311870455.036876 1.395865 -0.785153 1.730540 0.100140 0.761360 0.531551 -0.357430
1311870455.068919 1.395738 -0.787293 1.733794 0.099883 0.762079 0.531712 -0.355727
1311870455.105009 1.395907 -0.789032 1.736208 0.099482 0.762937 0.531606 -0.354154
1311870455.136862 1.395328 -0.790706 1.739608 0.098777 0.763897 0.531695 -0.352145
1311870455.169130 1.396267 -0.791601 1.742924 0.097408 0.764913 0.531190 -0.351078
1311870455.205004 1.394537 -0.793546 1.745310 0.097179 0.765429 0.530940 -0.350396
1311870455.236848 1.394825 -0.795956 1.748664 0.096911 0.766143 0.530736 -0.349217
1311870455.269148 1.394557 -0.796913 1.750976 0.097144 0.766669 0.530438 -0.348450
1311870455.304835 1.393425 -0.797557 1.753862 0.096898 0.767157 0.529646 -0.348649
1311870455.336789 1.393521 -0.799345 1.756660 0.096785 0.767393 0.529289 -0.348704
1311870455.369197 1.394425 -0.800013 1.759906 0.096577 0.767845 0.529162 -0.347957
1311870455.404805 1.392541 -0.801234 1.761006 0.097182 0.768089 0.529467 -0.346785
1311870455.436831 1.392491 -0.801964 1.763582 0.096275 0.768593 0.529862 -0.345315
1311870455.469223 1.392002 -0.802507 1.765090 0.095475 0.768933 0.529586 -0.345202
1311870455.504874 1.390393 -0.805401 1.765244 0.095922 0.769381 0.528883 -0.345158
1311870455.537012 1.391894 -0.806452 1.767708 0.096233 0.770737 0.527398 -0.344318
1311870455.569182 1.392200 -0.807251 1.768401 0.096742 0.771647 0.526643 -0.343292
1311870455.604923 1.393118 -0.807125 1.771132 0.097075 0.772202 0.525891 -0.343104
1311870455.637032 1.389707 -0.808599 1.774296 0.098053 0.772392 0.525677 -0.342723
1311870455.669070 1.390525 -0.808976 1.776668 0.097501 0.772881 0.525123 -0.342629
1311870455.704988 1.390952 -0.809214 1.778993 0.097226 0.773384 0.525133 -0.341554
1311870455.736754 1.390333 -0.809583 1.779260 0.097388 0.773677 0.525161 -0.340802
1311870455.769158 1.389074 -0.810994 1.781227 0.098272 0.774222 0.524673 -0.340060
1311870455.804909 1.389881 -0.811414 1.782867 0.098884 0.774760 0.524074 -0.339580
1311870455.836915 1.388546 -0.811559 1.784130 0.099421 0.775414 0.523840 -0.338290
1311870455.869194 1.388449 -0.811998 1.786096 0.098966 0.776075 0.523394 -0.337596
1311870455.905161 1.386952 -0.812834 1.787311 0.098781 0.776287 0.523395 -0.337162
1311870455.937044 1.386613 -0.813220 1.788666 0.098743 0.776836 0.522858 -0.336742
1311870455.969114 1.385337 -0.814214 1.790565 0.098455 0.777553 0.522465 -0.335781
1311870456.005174 1.384588 -0.814569 1.792333 0.098379 0.777792 0.522239 -0.335601
1311870456.036923 1.384116 -0.815591 1.792237 0.098658 0.777924 0.521947 -0.335666
1311870456.069304 1.383135 -0.815904 1.793912 0.098529 0.778466 0.521965 -0.334418
1311870456.105038 1.382897 -0.816240 1.794845 0.098401 0.778822 0.521430 -0.334460
1311870456.136872 1.382706 -0.816730 1.796451 0.098315 0.779260 0.520880 -0.334324
1311870456.169124 1.380989 -0.817470 1.797086 0.098587 0.779608 0.521070 -0.333132
1311870456.204948 1.380896 -0.817625 1.799217 0.098506 0.780159 0.520850 -0.332211
1311870456.236913 1.382483 -0.816926 1.801592 0.097940 0.780335 0.520704 -0.332193
1311870456.269026 1.379080 -0.817824 1.801615 0.098801 0.779919 0.521266 -0.332035
1311870456.304952 1.378877 -0.818069 1.803039 0.098202 0.780065 0.521631 -0.331294
1311870456.336938 1.378447 -0.818701 1.804184 0.098450 0.780205 0.521578 -0.330975
1311870456.369108 1.379777 -0.818184 1.805988 0.098104 0.780509 0.521456 -0.330550
1311870456.405081 1.379591 -0.818722 1.808730 0.098281 0.780580 0.522133 -0.329260
1311870456.436979 1.378400 -0.819185 1.809595 0.098874 0.780347 0.522528 -0.329009
1311870456.469056 1.378007 -0.819363 1.810789 0.098502 0.780456 0.522550 -0.328827
1311870456.504950 1.378907 -0.819198 1.812719 0.098459 0.780376 0.522466 -0.329162
1311870456.536960 1.376366 -0.820895 1.813909 0.099611 0.780400 0.522376 -0.328902
1311870456.568976 1.378819 -0.820424 1.816031 0.099051 0.780764 0.522020 -0.328774
1311870456.605010 1.377763 -0.821794 1.817710 0.098738 0.780749 0.522775 -0.327703
1311870456.636926 1.378656 -0.822031 1.819237 0.098547 0.780658 0.523254 -0.327211
1311870456.669162 1.377320 -0.823270 1.821535 0.098382 0.780258 0.524615 -0.326033
1311870456.704923 1.378048 -0.823508 1.822343 0.096803 0.780373 0.524971 -0.325657
1311870456.737510 1.377955 -0.824277 1.824508 0.095397 0.780192 0.525567 -0.325545
1311870456.769343 1.376838 -0.825928 1.826885 0.095362 0.779839 0.525556 -0.326416
1311870456.805084 1.379199 -0.825626 1.828433 0.094474 0.779585 0.525654 -0.327122
1311870456.837267 1.379484 -0.826400 1.830037 0.094822 0.778611 0.526743 -0.327591
1311870456.869185 1.379509 -0.826435 1.833089 0.095386 0.777769 0.527470 -0.328257
1311870456.904967 1.379925 -0.825318 1.834333 0.095675 0.776345 0.528763 -0.329462
1311870456.937137 1.379307 -0.825886 1.834724 0.096271 0.774698 0.530890 -0.329744
1311870456.969162 1.378769 -0.825504 1.834535 0.096957 0.773662 0.532080 -0.330057
1311870457.005002 1.381191 -0.824779 1.837489 0.096149 0.773550 0.532995 -0.329077
1311870457.037005 1.382171 -0.824189 1.836757 0.096673 0.772476 0.535141 -0.327963
1311870457.069172 1.382189 -0.823330 1.836562 0.096540 0.771941 0.536171 -0.327579
1311870457.105194 1.382943 -0.822656 1.837087 0.096431 0.771647 0.536851 -0.327189
1311870457.137059 1.381694 -0.822865 1.834973 0.096745 0.771427 0.537724 -0.326181
1311870457.169181 1.382996 -0.821801 1.834903 0.096310 0.772018 0.537713 -0.324928
1311870457.205041 1.382849 -0.821012 1.833885 0.096267 0.772631 0.537257 -0.324236
1311870457.237018 1.384027 -0.820360 1.833471 0.096348 0.773561 0.536255 -0.323652
1311870457.269408 1.383099 -0.820557 1.833024 0.097555 0.774621 0.535687 -0.321691
1311870457.305147 1.384657 -0.820380 1.832301 0.098806 0.775554 0.535022 -0.320164
1311870457.337020 1.384697 -0.819236 1.831532 0.100321 0.776078 0.534309 -0.319614
1311870457.369144 1.385569 -0.818513 1.830981 0.101408 0.776026 0.534172 -0.319627
1311870457.405048 1.384755 -0.818003 1.830373 0.101743 0.775974 0.534769 -0.318647
1311870457.437052 1.384037 -0.816969 1.828634 0.101850 0.775799 0.535278 -0.318182
1311870457.469227 1.385366 -0.816302 1.827095 0.100833 0.775987 0.535597 -0.317509
1311870457.505022 1.385906 -0.815932 1.824877 0.101400 0.776378 0.535922 -0.315822
1311870457.536973 1.386893 -0.815143 1.822104 0.102262 0.777434 0.535304 -0.313987
1311870457.569203 1.389105 -0.815283 1.820570 0.103044 0.778621 0.534634 -0.311925
1311870457.605160 1.389157 -0.815054 1.819111 0.103920 0.779483 0.534271 -0.310099
1311870457.637004 1.390507 -0.814386 1.818485 0.103958 0.780200 0.533844 -0.309017
1311870457.669307 1.390093 -0.814157 1.816986 0.104120 0.780500 0.533908 -0.308093
1311870457.705035 1.397377 -0.806062 1.805069 0.104050 0.779798 0.532021 -0.313117
1311870457.737023 1.399494 -0.805416 1.804800 0.104209 0.779932 0.532164 -0.312488
1311870457.769309 1.399909 -0.804435 1.803770 0.103971 0.780009 0.532203 -0.312307
1311870457.805115 1.400041 -0.804181 1.803858 0.103911 0.780038 0.532192 -0.312274
1311870457.837035 1.400033 -0.803451 1.803079 0.103659 0.779839 0.532344 -0.312595
1311870457.869208 1.398943 -0.804449 1.802335 0.104221 0.779752 0.532473 -0.312405
1311870457.905144 1.399666 -0.804497 1.800735 0.104299 0.780029 0.531864 -0.312725
1311870457.937152 1.399956 -0.804910 1.800243 0.105335 0.780346 0.531278 -0.312584
1311870457.969070 1.402154 -0.804202 1.801145 0.104100 0.781091 0.530842 -0.311878
1311870458.005126 1.402042 -0.804167 1.802545 0.103485 0.781284 0.531023 -0.311288
1311870458.037059 1.404382 -0.803308 1.801745 0.103058 0.780813 0.531845 -0.311210
1311870458.069169 1.406221 -0.802452 1.802794 0.103147 0.780465 0.532956 -0.310148
1311870458.105369 1.406360 -0.801435 1.801824 0.103832 0.780053 0.533885 -0.309360
1311870458.137028 1.405806 -0.800662 1.800804 0.105493 0.779716 0.533508 -0.310296
1311870458.169307 1.403716 -0.800911 1.800874 0.107024 0.779745 0.532187 -0.311963
1311870458.205364 1.404543 -0.801282 1.801988 0.108137 0.780107 0.530684 -0.313232
1311870458.237139 1.406534 -0.801290 1.804175 0.109996 0.780024 0.529848 -0.314205
1311870458.269045 1.406899 -0.800074 1.806061 0.112100 0.779546 0.529912 -0.314539
1311870458.305231 1.406147 -0.798881 1.808702 0.112749 0.779130 0.530465 -0.314406
1311870458.337016 1.404970 -0.798165 1.810447 0.111953 0.778280 0.531532 -0.314993
1311870458.369238 1.403724 -0.799019 1.809040 0.111852 0.776785 0.532098 -0.317752
1311870458.405178 1.403969 -0.799561 1.809855 0.111965 0.776066 0.531442 -0.320553
1311870458.437065 1.403599 -0.800799 1.810817 0.112769 0.775343 0.531571 -0.321806
1311870458.469429 1.402733 -0.802109 1.810068 0.113050 0.774748 0.531826 -0.322716
1311870458.505153 1.402326 -0.803328 1.810735 0.112739 0.774568 0.531556 -0.323701
1311870458.537298 1.400953 -0.805239 1.810673 0.111352 0.774932 0.531358 -0.323634
1311870458.569254 1.403374 -0.807051 1.811962 0.108696 0.775917 0.531392 -0.322120
1311870458.605078 1.404213 -0.807580 1.812585 0.107834 0.776208 0.531521 -0.321494
1311870458.637272 1.405604 -0.807700 1.813961 0.107753 0.776020 0.531170 -0.322555
1311870458.670175 1.405506 -0.807512 1.816931 0.107671 0.775217 0.531526 -0.323921
1311870458.705071 1.405232 -0.807688 1.818361 0.107425 0.773750 0.532558 -0.325812
1311870458.737205 1.404549 -0.807648 1.820260 0.107716 0.772259 0.533145 -0.328284
1311870458.769244 1.404057 -0.808584 1.820681 0.108703 0.770767 0.533724 -0.330516
1311870458.805282 1.402130 -0.809149 1.821320 0.109403 0.770161 0.534207 -0.330916
1311870458.837112 1.401193 -0.809250 1.821824 0.109576 0.769944 0.534039 -0.331635
1311870458.869226 1.400775 -0.808620 1.823576 0.110488 0.769061 0.533692 -0.333933
1311870458.905369 1.398087 -0.808503 1.824121 0.112255 0.767530 0.533912 -0.336503
1311870458.937109 1.395357 -0.808349 1.824105 0.113693 0.766268 0.533995 -0.338758
1311870458.969299 1.392267 -0.807747 1.824100 0.114420 0.765386 0.534103 -0.340331
1311870459.005085 1.389194 -0.807442 1.823296 0.115252 0.764425 0.534055 -0.342282
1311870459.037242 1.386012 -0.807215 1.823263 0.116083 0.763913 0.533619 -0.343822
1311870459.069262 1.383285 -0.806266 1.822813 0.116667 0.763261 0.533708 -0.344931
1311870459.105056 1.379672 -0.800483 1.810127 0.116782 0.764656 0.535069 -0.339653
1311870459.137142 1.376001 -0.801369 1.809274 0.117739 0.763331 0.534436 -0.343280
1311870459.169293 1.370471 -0.799845 1.803867 0.117256 0.765324 0.535985 -0.336527
1311870459.205333 1.360330 -0.809574 1.820978 0.117110 0.765044 0.535880 -0.337381
1311870459.237139 1.354560 -0.810611 1.817380 0.117140 0.764836 0.535021 -0.339201
1311870459.269319 1.352518 -0.810687 1.815921 0.114944 0.764983 0.534627 -0.340239
1311870459.305123 1.347011 -0.811403 1.811783 0.113552 0.764410 0.534461 -0.342250
1311870459.337124 1.339894 -0.813895 1.807622 0.113357 0.763534 0.533692 -0.345454
1311870459.369409 1.335531 -0.816343 1.804822 0.111696 0.763841 0.532399 -0.347307
1311870459.405110 1.330295 -0.818946 1.801322 0.109798 0.764577 0.531627 -0.347476
1311870459.437201 1.322085 -0.823396 1.797510 0.108435 0.764920 0.530071 -0.349518
1311870459.469335 1.317717 -0.826515 1.793954 0.105849 0.766452 0.525921 -0.353206
1311870459.505212 1.317249 -0.828353 1.792783 0.103587 0.768318 0.522393 -0.355053
1311870459.537121 1.311795 -0.832674 1.789906 0.103165 0.769216 0.520087 -0.356615
1311870459.569420 1.307998 -0.836837 1.788320 0.102449 0.770084 0.516601 -0.359998
1311870459.605201 1.306100 -0.839032 1.788467 0.100064 0.771207 0.513238 -0.363062
1311870459.637206 1.304583 -0.842278 1.786715 0.097989 0.771806 0.511033 -0.365456
1311870459.669438 1.304516 -0.844631 1.786018 0.096429 0.772849 0.508071 -0.367790
1311870459.705266 1.305932 -0.846685 1.787420 0.095789 0.774135 0.505447 -0.368867
1311870459.737262 1.303155 -0.850911 1.787970 0.096998 0.774524 0.504205 -0.369434
1311870459.769384 1.302091 -0.854641 1.786569 0.096551 0.775484 0.502161 -0.370321
1311870459.805269 1.303906 -0.857906 1.790368 0.094781 0.777478 0.499956 -0.369580
1311870459.837287 1.300221 -0.864202 1.792217 0.094820 0.778065 0.498666 -0.370076
1311870459.869302 1.300758 -0.868902 1.793059 0.093805 0.779512 0.495214 -0.371921
1311870459.905336 1.306438 -0.871091 1.798986 0.092014 0.782115 0.492230 -0.370862
1311870459.937243 1.306864 -0.876411 1.804725 0.091345 0.783552 0.492485 -0.367642
1311870459.969296 1.305350 -0.881957 1.812524 0.089506 0.784952 0.492550 -0.365012
1311870460.005159 1.306156 -0.885720 1.821191 0.085554 0.785707 0.492656 -0.364190
1311870460.037231 1.308994 -0.888959 1.829613 0.081269 0.785699 0.493058 -0.364646
1311870460.069303 1.314225 -0.891477 1.837510 0.078789 0.785444 0.493939 -0.364545
1311870460.105227 1.316279 -0.893951 1.847209 0.078569 0.785417 0.495230 -0.362897
1311870460.137155 1.318389 -0.898285 1.857075 0.078673 0.785330 0.497470 -0.359987
1311870460.169374 1.316818 -0.903448 1.867560 0.079591 0.784987 0.499736 -0.357384
1311870460.205176 1.317941 -0.907315 1.879032 0.078957 0.784796 0.500730 -0.356554
1311870460.237205 1.319322 -0.911014 1.890822 0.078885 0.784263 0.501569 -0.356562
1311870460.269407 1.320318 -0.914587 1.902436 0.079480 0.783010 0.503292 -0.356756
1311870460.305117 1.323259 -0.917888 1.913435 0.079801 0.781359 0.505613 -0.357022
1311870460.337274 1.323640 -0.920391 1.926562 0.079407 0.779650 0.508563 -0.356657
1311870460.369486 1.323546 -0.923926 1.938798 0.078124 0.777467 0.512004 -0.356781
1311870460.405219 1.324627 -0.926903 1.949916 0.075876 0.774990 0.515052 -0.358266
1311870460.437268 1.326609 -0.930394 1.961027 0.071765 0.772152 0.518572 -0.360157
1311870460.469173 1.329799 -0.932633 1.972057 0.066955 0.769444 0.521754 -0.362277
1311870460.505208 1.336274 -0.932765 1.983851 0.063684 0.765856 0.525344 -0.365270
1311870460.537203 1.339837 -0.934993 1.993231 0.065511 0.761369 0.529494 -0.368322
1311870460.569377 1.341743 -0.936202 1.999467 0.068979 0.757329 0.532678 -0.371414
1311870460.605217 1.343080 -0.938558 2.007743 0.072750 0.754116 0.534943 -0.373968
1311870460.637439 1.344758 -0.939679 2.014606 0.075515 0.751110 0.536601 -0.377081
1311870460.669312 1.346926 -0.940136 2.022237 0.077547 0.748787 0.537946 -0.379366
1311870460.705390 1.349879 -0.939746 2.028639 0.079653 0.746412 0.539178 -0.381853
1311870460.737177 1.354411 -0.938346 2.032727 0.082905 0.743648 0.540217 -0.385072
1311870460.769399 1.358056 -0.936838 2.038827 0.086748 0.740212 0.542694 -0.387356
1311870460.805511 1.360516 -0.935236 2.043808 0.090177 0.736403 0.545930 -0.389280
1311870460.837324 1.363554 -0.934013 2.049317 0.093126 0.733421 0.549216 -0.389594
1311870460.869379 1.367159 -0.933497 2.054342 0.096079 0.730611 0.552330 -0.389754
1311870460.905261 1.370175 -0.932873 2.058098 0.099565 0.728506 0.554001 -0.390448
1311870460.937427 1.369806 -0.936683 2.061496 0.104363 0.727944 0.554249 -0.389889
1311870460.969418 1.371210 -0.941083 2.064227 0.106938 0.728401 0.553253 -0.389754
1311870461.005311 1.373016 -0.945400 2.067595 0.106983 0.728519 0.551762 -0.391629
1311870461.037474 1.372784 -0.951288 2.068127 0.106224 0.727469 0.549635 -0.396745
1311870461.069223 1.374169 -0.956230 2.070542 0.102037 0.726991 0.545994 -0.403686
1311870461.105213 1.378050 -0.960662 2.070304 0.097577 0.725744 0.541398 -0.413114
1311870461.137183 1.383794 -0.965253 2.068282 0.094523 0.723598 0.536611 -0.423697
1311870461.169554 1.387702 -0.969553 2.069400 0.092818 0.722151 0.531604 -0.432759
1311870461.205320 1.392499 -0.973077 2.068912 0.090545 0.720895 0.527102 -0.440767
1311870461.237198 1.398736 -0.976806 2.067638 0.087603 0.719755 0.523063 -0.447978
1311870461.269420 1.405755 -0.981008 2.066265 0.085658 0.718181 0.519321 -0.455176
1311870461.305245 1.412263 -0.984502 2.065416 0.084862 0.716537 0.515456 -0.462254
1311870461.337484 1.420392 -0.987209 2.063778 0.084443 0.714682 0.511847 -0.469161
1311870461.369527 1.426593 -0.989840 2.062997 0.083814 0.713042 0.508768 -0.475080
1311870461.405326 1.433795 -0.992523 2.061374 0.082629 0.711803 0.505476 -0.480628
1311870461.437231 1.445056 -0.993680 2.058220 0.081692 0.710404 0.502774 -0.485665
1311870461.469524 1.453528 -0.995162 2.056778 0.082164 0.709035 0.501148 -0.489254
1311870461.505256 1.462487 -0.996081 2.054481 0.082633 0.707994 0.499682 -0.492173
1311870461.537210 1.469190 -0.998418 2.053308 0.083145 0.707543 0.498801 -0.493627
1311870461.569367 1.478227 -0.999334 2.051079 0.082974 0.707173 0.497560 -0.495435
1311870461.605303 1.484697 -1.001690 2.049329 0.082991 0.706812 0.497038 -0.496470
1311870461.637227 1.491207 -1.004115 2.047685 0.081267 0.706927 0.496748 -0.496882
1311870461.669539 1.498461 -1.006507 2.046838 0.078948 0.706932 0.496477 -0.497519
1311870461.705448 1.502782 -1.010396 2.045214 0.077814 0.706858 0.495268 -0.499006
1311870461.737497 1.510262 -1.012920 2.046739 -0.076465 -0.707082 -0.493149 0.500991
1311870461.769473 1.516266 -1.014969 2.045899 -0.075699 -0.707080 -0.490700 0.503509
1311870461.805342 1.522161 -1.017195 2.045660 -0.075938 -0.707169 -0.488422 0.505558
1311870461.837421 1.526198 -1.019852 2.045652 -0.076771 -0.707316 -0.486748 0.506840
1311870461.869391 1.528203 -1.023950 2.046700 -0.076890 -0.707624 -0.485595 0.507498
1311870461.905500 1.530639 -1.026744 2.046935 -0.074638 -0.707509 -0.485027 0.508536
1311870461.937506 1.531834 -1.029628 2.046364 -0.071882 -0.707454 -0.484177 0.509818
1311870461.969475 1.534747 -1.031375 2.045432 -0.069389 -0.708521 -0.482348 0.510415
1311870462.005294 1.536711 -1.034510 2.044018 -0.067359 -0.710444 -0.480983 0.509301
1311870462.037457 1.537752 -1.038632 2.043921 -0.066304 -0.712583 -0.479330 0.508008
1311870462.069279 1.537189 -1.044407 2.043657 -0.065612 -0.715054 -0.476779 0.507026
1311870462.105410 1.535960 -1.049961 2.043849 -0.064148 -0.717671 -0.474156 0.505973
1311870462.137337 1.535435 -1.054595 2.042993 -0.062297 -0.720442 -0.470932 0.505277
1311870462.169559 1.536765 -1.059509 2.046210 -0.059751 -0.723798 -0.467227 0.504227
1311870462.205313 1.534830 -1.064971 2.047884 -0.058280 -0.726642 -0.463298 0.503934
1311870462.237343 1.534425 -1.069715 2.048774 -0.055740 -0.729783 -0.459418 0.503235
1311870462.273364 1.534109 -1.074552 2.049154 -0.052670 -0.733487 -0.455365 0.501862
1311870462.305341 1.533088 -1.080943 2.050574 0.050827 0.737009 0.451964 -0.499963
1311870462.337274 1.532597 -1.085686 2.054990 0.048636 0.740654 0.448589 -0.497830
1311870462.373322 1.531392 -1.091190 2.057330 0.046246 0.743438 0.446673 -0.495625
1311870462.405402 1.527651 -1.098067 2.060465 0.043220 0.746294 0.445330 -0.492807
1311870462.437353 1.525055 -1.104188 2.062906 0.039403 0.749264 0.443466 -0.490294
1311870462.473328 1.524491 -1.109225 2.062983 0.035380 0.752028 0.441430 -0.488203
1311870462.505502 1.521340 -1.115410 2.066828 0.032244 0.755601 0.438787 -0.485276
1311870462.537628 1.521683 -1.119520 2.069641 0.028754 0.759117 0.436176 -0.482354
1311870462.573482 1.523446 -1.121693 2.071748 0.026227 0.762279 0.434357 -0.479143
1311870462.605454 1.522737 -1.125632 2.073616 0.024621 0.765342 0.434025 -0.474624
1311870462.637336 1.521878 -1.129581 2.075326 0.022502 0.768608 0.434042 -0.469407
1311870462.673488 1.521878 -1.129581 2.075326 0.022502 0.768608 0.434042 -0.469407
1311870462.705300 1.521878 -1.129581 2.075326 0.022502 0.768608 0.434042 -0.469407
1311870462.737400 1.521878 -1.129581 2.075326 0.022502 0.768608 0.434042 -0.469407
1311870462.773480 1.521878 -1.129581 2.075326 0.022818 0.772761 0.433305 -0.463214
1311870462.805607 1.521878 -1.129582 2.075327 0.023995 0.776711 0.433473 -0.456339
1311870462.837434 1.521878 -1.129582 2.075327 0.024023 0.780682 0.432973 -0.449992
1311870462.873367 1.521878 -1.129582 2.075327 0.023600 0.784217 0.432513 -0.444274
1311870462.937692 1.521878 -1.129583 2.075327 0.024243 0.790864 0.432589 -0.432219
1311870462.973378 1.521879 -1.129583 2.075327 0.024087 0.794411 0.432459 -0.425806
1311870463.005372 1.521879 -1.129582 2.075327 0.023820 0.798070 0.432715 -0.418659
1311870463.037653 1.521879 -1.129582 2.075327 0.024274 0.801515 0.432973 -0.411726
1311870463.073557 1.521880 -1.129582 2.075327 0.024214 0.805272 0.432659 -0.404670
1311870463.105531 1.521878 -1.129585 2.075332 0.027586 0.810578 0.432434 -0.393958
1311870463.137561 1.521896 -1.129583 2.075340 0.012906 0.800170 0.412751 -0.434969
1311870463.173458 1.521896 -1.129583 2.075340 0.012906 0.800170 0.412751 -0.434969
1311870463.205609 1.521896 -1.129582 2.075339 0.012241 0.803300 0.414239 -0.427744
1311870463.237420 1.521897 -1.129582 2.075339 0.012004 0.806146 0.415625 -0.421000
1311870463.273543 1.521898 -1.129581 2.075338 0.011795 0.808955 0.416493 -0.414713
1311870463.305619 1.521898 -1.129580 2.075337 0.012126 0.811045 0.417753 -0.409317
1311870463.337571 1.521899 -1.129580 2.075336 0.013059 0.812905 0.418704 -0.404601
1311870463.373561 1.521900 -1.129579 2.075335 0.013781 0.814716 0.420575 -0.398954
1311870463.405637 1.521901 -1.129579 2.075334 0.012817 0.816349 0.423524 -0.392476
1311870463.437442 1.521916 -1.129572 2.075327 -0.005841 0.807968 0.420710 -0.412500
1311870463.473511 1.521918 -1.129575 2.075328 -0.009049 0.809764 0.423260 -0.406264
1311870463.505376 1.521925 -1.129570 2.075336 -0.029569 0.810969 0.419390 -0.406898
1311870463.537573 1.521934 -1.129565 2.075336 -0.037286 0.809894 0.409505 -0.418315
1311870463.573593 1.521941 -1.129554 2.075338 -0.061632 0.811029 0.407651 -0.415035
1311870463.605460 1.521947 -1.129554 2.075349 -0.072090 0.812741 0.402945 -0.414596
1311870463.637467 1.521947 -1.129554 2.075349 -0.072090 0.812741 0.402945 -0.414596
1311870463.673471 1.521947 -1.129554 2.075349 -0.072090 0.812741 0.402945 -0.414596
1311870463.705442 1.521947 -1.129554 2.075349 -0.072090 0.812741 0.402945 -0.414596
1311870463.737499 1.521947 -1.129554 2.075349 -0.072090 0.812741 0.402945 -0.414596
1311870463.773528 1.528818 -1.122604 2.071959 -0.072299 0.812838 0.403680 -0.413654
1311870463.805393 1.532375 -1.121459 2.071661 -0.070016 0.813728 0.404757 -0.411237
1311870463.837576 1.535945 -1.116510 2.067071 -0.068862 0.814092 0.405961 -0.409522
1311870463.873465 1.539952 -1.110051 2.060278 -0.068631 0.813175 0.407929 -0.409426
1311870463.905382 1.539952 -1.110051 2.060279 -0.068631 0.813175 0.407929 -0.409426
1311870463.937586 1.544805 -1.104382 2.061338 -0.067365 0.812158 0.408011 -0.411567
1311870463.973412 1.546736 -1.098906 2.055020 -0.066263 0.810156 0.409045 -0.414655
1311870464.005440 1.551585 -1.097109 2.057429 -0.065369 0.809557 0.408754 -0.416251
1311870464.037653 1.551098 -1.091733 2.053607 -0.064174 0.807769 0.409484 -0.419182
1311870464.073667 1.552460 -1.088871 2.052504 -0.063562 0.806128 0.409855 -0.422063
1311870464.105417 1.555854 -1.092621 2.058575 -0.062063 0.805415 0.410286 -0.423226
1311870464.137620 1.555295 -1.083773 2.051235 -0.062811 0.802768 0.411447 -0.427000
1311870464.173501 1.558353 -1.080548 2.050882 -0.062393 0.801210 0.412025 -0.429424
1311870464.205526 1.559128 -1.080288 2.056455 -0.060684 0.800804 0.411470 -0.430957
1311870464.237403 1.561177 -1.078657 2.052673 -0.059805 0.799022 0.412279 -0.433606
1311870464.273633 1.564028 -1.072912 2.049737 -0.060729 0.797424 0.413268 -0.435474
1311870464.305449 1.564286 -1.069836 2.049757 -0.060655 0.796002 0.414476 -0.436933
1311870464.337856 1.567588 -1.066555 2.047554 -0.061292 0.794326 0.415875 -0.438562
1311870464.373516 1.571293 -1.062117 2.048964 -0.061202 0.793215 0.417796 -0.438760
1311870464.405534 1.571468 -1.059752 2.047283 -0.059599 0.792124 0.420128 -0.438726
1311870464.437721 1.571974 -1.058695 2.047084 -0.057670 0.792735 0.420110 -0.437895
1311870464.473642 1.574611 -1.051845 2.050059 -0.057239 0.793493 0.420391 -0.436307
1311870464.505457 1.572958 -1.050371 2.049471 -0.055529 0.792627 0.423023 -0.435558
1311870464.537663 1.570397 -1.050476 2.051209 -0.055164 0.791090 0.425578 -0.435911
1311870464.573666 1.571125 -1.047170 2.050669 -0.056696 0.788624 0.427612 -0.438186
1311870464.605511 1.573735 -1.052078 2.054699 -0.055460 0.787123 0.428098 -0.440561
1311870464.637486 1.576607 -1.044932 2.051527 -0.056627 0.784188 0.428890 -0.444855
1311870464.673648 1.574423 -1.037896 2.050922 -0.056552 0.781849 0.430057 -0.447844
1311870464.705497 1.576143 -1.040091 2.050073 -0.053593 0.780498 0.430551 -0.450085
1311870464.737546 1.577356 -1.036769 2.050595 -0.052929 0.779642 0.430787 -0.451420
1311870464.773647 1.578306 -1.034582 2.048990 -0.050711 0.778973 0.431262 -0.452373
1311870464.805505 1.580416 -1.032734 2.050567 -0.048447 0.779559 0.430986 -0.451876
1311870464.837646 1.586667 -1.014164 2.030065 -0.044610 0.777299 0.427283 -0.459615
1311870464.873634 1.582297 -1.009276 2.032335 -0.042335 0.776492 0.428505 -0.460057
1311870464.905420 1.583043 -1.007258 2.033333 -0.041175 0.775286 0.429598 -0.461173
1311870464.937591 1.584386 -1.006317 2.037422 -0.040168 0.774485 0.430310 -0.461943
1311870464.973700 1.582840 -1.003087 2.037999 -0.039282 0.772678 0.431643 -0.463800
1311870465.005480 1.584397 -1.001501 2.040823 -0.037169 0.771754 0.432307 -0.464892
1311870465.037669 1.583987 -1.000059 2.040972 -0.034138 0.771143 0.433458 -0.465068
1311870465.073642 1.587391 -0.982059 2.009241 -0.030582 0.767072 0.431832 -0.473484
1311870465.105525 1.587680 -0.979935 2.011549 -0.029029 0.767292 0.432315 -0.472783
1311870465.137686 1.587281 -0.979088 2.014843 -0.027739 0.767397 0.432888 -0.472166
1311870465.173751 1.587933 -0.977686 2.017575 -0.025991 0.767094 0.433280 -0.472398
1311870465.205513 1.588376 -0.976533 2.020156 -0.024775 0.766886 0.434325 -0.471841
1311870465.237546 1.587651 -0.974163 2.024881 -0.024144 0.766630 0.436163 -0.470592
1311870465.273657 1.591530 -0.977733 2.037090 -0.020939 0.766934 0.436420 -0.470011
1311870465.305695 1.590859 -0.975009 2.036771 -0.019005 0.764774 0.438273 -0.471886
1311870465.337585 1.590647 -0.975162 2.045672 -0.016997 0.764365 0.439873 -0.471135
1311870465.373730 1.583707 -0.965157 2.041039 -0.016139 0.760814 0.443331 -0.473666
1311870465.405623 1.583156 -0.962095 2.043630 -0.014198 0.758879 0.444223 -0.475991
1311870465.437662 1.581398 -0.960619 2.048078 -0.011934 0.756970 0.446544 -0.476920
1311870465.473801 1.580716 -0.958400 2.049453 -0.008851 0.754974 0.449192 -0.477663
1311870465.505731 1.587824 -0.962614 2.059624 -0.004669 0.755097 0.450155 -0.476621
1311870465.537650 1.587763 -0.960678 2.061182 -0.000671 0.753718 0.452887 -0.476238
1311870465.573630 1.587763 -0.960678 2.061182 -0.000671 0.753718 0.452887 -0.476238
1311870465.605756 1.587763 -0.960679 2.061182 -0.000671 0.753718 0.452887 -0.476238
1311870465.637540 1.591906 -0.960142 2.076455 0.004135 0.753683 0.455489 -0.473788
1311870465.673759 1.586362 -0.950531 2.068914 0.006659 0.750028 0.460436 -0.474775
1311870465.705660 1.593388 -0.953176 2.079053 0.009322 0.750243 0.460827 -0.474012
1311870465.737703 1.592862 -0.950493 2.080326 0.011284 0.748916 0.462818 -0.474127
1311870465.773760 1.585104 -0.944866 2.073188 0.014105 0.746219 0.465107 -0.476061
1311870465.805602 1.591172 -0.944734 2.078721 0.015519 0.746001 0.465069 -0.476395
1311870465.837767 1.590152 -0.943848 2.082568 0.017303 0.745386 0.465699 -0.476681
1311870465.873479 1.587344 -0.942793 2.078237 0.018799 0.743431 0.466484 -0.478904
1311870465.905564 1.587180 -0.941501 2.079501 0.019215 0.742469 0.466677 -0.480191
1311870465.937618 1.586870 -0.941133 2.080938 0.020436 0.741512 0.466665 -0.481627
1311870465.973641 1.582448 -0.940704 2.078213 0.022028 0.740289 0.466974 -0.483138
1311870466.005626 1.584193 -0.940736 2.080527 0.022319 0.740345 0.467112 -0.482906
1311870466.037751 1.583397 -0.939958 2.078741 0.022828 0.739767 0.467168 -0.483712
1311870466.073766 1.580914 -0.940965 2.075280 0.023119 0.739063 0.466808 -0.485119
1311870466.105774 1.579092 -0.941897 2.073086 0.022690 0.738830 0.465801 -0.486462
1311870466.137755 1.578308 -0.943396 2.071202 0.022389 0.738901 0.464748 -0.487374
1311870466.173850 1.581729 -0.946709 2.071728 0.021740 0.739883 0.463089 -0.487492
1311870466.205688 1.577022 -0.946810 2.066992 0.020523 0.740059 0.462712 -0.487636
1311870466.237789 1.576577 -0.948107 2.065094 0.018576 0.740696 0.461527 -0.487870
1311870466.273741 1.581687 -0.951566 2.066071 0.016198 0.741917 0.459561 -0.487956
1311870466.305774 1.577106 -0.950762 2.058193 0.014035 0.741710 0.458979 -0.488884
1311870466.337732 1.577828 -0.951815 2.053287 0.012239 0.742305 0.457658 -0.489268
1311870466.373759 1.581921 -0.957281 2.060328 0.010999 0.745083 0.455145 -0.487415
1311870466.405686 1.578481 -0.955606 2.054292 0.009157 0.745320 0.454577 -0.487621
1311870466.437684 1.578446 -0.957006 2.053857 0.008230 0.746231 0.453199 -0.487527
1311870466.473768 1.581447 -0.962064 2.054780 0.006934 0.747409 0.451305 -0.487499
1311870466.505618 1.577597 -0.960383 2.046158 0.005182 0.746820 0.450802 -0.488888
1311870466.537708 1.577136 -0.962560 2.046192 0.003591 0.747920 0.449501 -0.488417
1311870466.573767 1.577315 -0.965892 2.046154 0.002463 0.748688 0.448543 -0.488128
1311870466.605669 1.577169 -0.968188 2.043787 0.001024 0.749261 0.447481 -0.488230
1311870466.638080 1.576458 -0.966563 2.032089 0.000134 0.748808 0.445167 -0.491033
1311870466.673856 1.575754 -0.967635 2.030928 -0.001219 0.749595 0.442809 -0.491961
1311870466.705750 1.575704 -0.970733 2.026951 -0.001909 0.749858 0.440464 -0.493660
1311870466.737750 1.573301 -0.974563 2.024033 -0.002607 0.750590 0.438185 -0.494571
1311870466.773742 1.574785 -0.976922 2.023555 -0.004421 0.751742 0.435978 -0.494760
1311870466.805714 1.574314 -0.979327 2.021550 -0.005981 0.752282 0.434022 -0.495643
1311870466.837615 1.573707 -0.981325 2.019599 -0.008061 0.752856 0.431632 -0.496827
1311870466.873851 1.573431 -0.984004 2.016367 -0.010139 0.753127 0.429297 -0.498400
1311870466.905802 1.572524 -0.986495 2.007746 0.012678 -0.752822 -0.427386 0.500439
1311870466.937840 1.572175 -0.990917 2.005700 0.014891 -0.753991 -0.425040 0.500617
1311870466.973674 1.580121 -0.997113 2.010376 0.017347 -0.756642 -0.420628 0.500265
1311870467.005618 1.572506 -0.996929 2.004859 0.020852 -0.756535 -0.419830 0.500962
1311870467.037827 1.572505 -1.000061 2.000894 0.023409 -0.757085 -0.416873 0.502484
1311870467.073579 1.575226 -1.001590 2.001072 0.025737 -0.758173 -0.413492 0.503523
1311870467.105863 1.575215 -1.005393 1.999511 0.026925 -0.759089 -0.410702 0.504364
1311870467.137745 1.567128 -1.054661 2.084184 -0.031499 0.770558 0.417527 -0.480541
1311870467.173666 1.566219 -1.058218 2.084568 -0.031873 0.771305 0.414513 -0.481926
1311870467.206011 1.567573 -1.060246 2.083288 -0.032127 0.771539 0.411498 -0.484112
1311870467.237767 1.566714 -1.063580 2.082365 -0.031819 0.771829 0.408932 -0.485841
1311870467.273716 1.566679 -1.065194 2.082123 -0.032409 0.772324 0.406665 -0.486918
1311870467.305577 1.565946 -1.067683 2.081370 -0.032908 0.772893 0.404497 -0.487787
1311870467.337760 1.566795 -1.070416 2.080443 -0.033050 0.773725 0.401936 -0.488575
1311870467.373747 1.567433 -1.072247 2.080290 -0.032816 0.774624 0.400026 -0.488733
1311870467.406028 1.568154 -1.073879 2.080364 -0.033269 0.775405 0.398613 -0.488618
1311870467.438051 1.566751 -1.075797 2.080669 -0.033413 0.775816 0.396836 -0.489401
1311870467.473799 1.567359 -1.079093 2.080413 -0.034063 0.776429 0.394494 -0.490278
1311870467.505738 1.566917 -1.078969 2.078755 -0.035934 0.776385 0.393594 -0.490937
1311870467.537874 1.566933 -1.080601 2.077626 -0.037115 0.776832 0.391769 -0.491602
1311870467.573878 1.556528 -1.122069 2.152402 -0.038135 0.788275 0.396039 -0.469384
1311870467.605580 1.556528 -1.122069 2.152402 -0.038135 0.788275 0.396039 -0.469384
1311870467.637908 1.554225 -1.123823 2.151535 -0.039372 0.788600 0.393400 -0.470953
1311870467.673677 1.554509 -1.125574 2.148613 -0.039301 0.788707 0.391591 -0.472285
1311870467.705961 1.555724 -1.127135 2.148811 -0.039366 0.788980 0.390388 -0.472819
1311870467.737745 1.554729 -1.128529 2.147459 -0.039027 0.788823 0.389375 -0.473943
1311870467.773820 1.553508 -1.129060 2.145363 -0.039503 0.788851 0.388123 -0.474882
1311870467.805775 1.553789 -1.129900 2.144284 -0.040293 0.789308 0.387140 -0.474860
1311870467.837700 1.555049 -1.130365 2.143987 -0.041101 0.789882 0.386424 -0.474419
1311870467.873894 1.555921 -1.131911 2.144450 -0.040740 0.790384 0.385318 -0.474513
1311870467.905737 1.554104 -1.132577 2.142546 -0.040832 0.790471 0.384803 -0.474780
1311870467.937817 1.553028 -1.134162 2.142586 -0.041666 0.790773 0.384342 -0.474577
1311870467.973800 1.553711 -1.134865 2.141867 -0.043095 0.790376 0.383963 -0.475418
1311870468.005850 1.553695 -1.134559 2.140789 -0.044145 0.789895 0.383304 -0.476650
1311870468.037862 1.553274 -1.134342 2.139093 -0.044099 0.789938 0.382402 -0.477307
1311870468.073908 1.553818 -1.133906 2.139039 -0.043659 0.790701 0.381419 -0.476871
1311870468.105641 1.553475 -1.135834 2.137968 -0.043308 0.791167 0.381201 -0.476303
1311870468.137855 1.551506 -1.137824 2.135360 -0.043947 0.791387 0.380505 -0.476436
1311870468.173648 1.553148 -1.137661 2.136879 -0.044716 0.791889 0.378675 -0.476988
1311870468.205790 1.552902 -1.138808 2.134846 -0.045068 0.792089 0.377659 -0.477428
1311870468.237732 1.553639 -1.139883 2.135601 -0.045293 0.792694 0.376938 -0.476972
1311870468.274988 1.553856 -1.141671 2.135068 -0.045044 0.793177 0.376263 -0.476727
1311870468.305723 1.552454 -1.141869 2.132188 -0.045779 0.793450 0.376102 -0.476327
1311870468.337724 1.552454 -1.141869 2.132188 -0.045779 0.793450 0.376102 -0.476327
1311870468.373701 1.552454 -1.141870 2.132188 -0.047006 0.793982 0.375819 -0.475545
1311870468.405642 1.552454 -1.141870 2.132188 -0.047803 0.794322 0.374408 -0.476011
1311870468.437918 1.552454 -1.141869 2.132188 -0.048236 0.794781 0.373277 -0.476088
1311870468.473795 1.552454 -1.141870 2.132188 -0.047866 0.794878 0.373111 -0.476095
1311870468.505768 1.552454 -1.141870 2.132188 -0.048073 0.794963 0.372793 -0.476181
1311870468.537953 1.552454 -1.141870 2.132188 -0.048708 0.795044 0.372750 -0.476015
1311870468.573925 1.552454 -1.141870 2.132188 -0.049983 0.795314 0.372633 -0.475522
1311870468.605719 1.552455 -1.141870 2.132188 -0.050974 0.795569 0.372891 -0.474789
1311870468.637766 1.552455 -1.141870 2.132188 -0.051244 0.795604 0.373252 -0.474416
1311870468.673952 1.552455 -1.141870 2.132187 -0.050657 0.795532 0.373915 -0.474078
1311870468.705990 1.552455 -1.141870 2.132187 -0.050348 0.796070 0.374180 -0.472997
1311870468.737744 1.552454 -1.141870 2.132187 -0.050314 0.796651 0.374310 -0.471920
1311870468.773870 1.552454 -1.141870 2.132187 -0.051106 0.796980 0.373706 -0.471756
1311870468.805834 1.552454 -1.141870 2.132187 -0.052157 0.797404 0.373059 -0.471438
1311870468.837762 1.552455 -1.141870 2.132187 -0.053490 0.797941 0.372404 -0.470897
1311870468.874037 1.552455 -1.141870 2.132187 -0.053527 0.798446 0.371965 -0.470384
1311870468.905802 1.552455 -1.141870 2.132187 -0.053744 0.798884 0.372026 -0.469566
1311870468.937803 1.552455 -1.141870 2.132187 -0.053706 0.798782 0.371689 -0.470010
1311870468.973989 1.552455 -1.141870 2.132187 -0.053823 0.798802 0.371392 -0.470199
1311870469.005857 1.552455 -1.141870 2.132187 -0.053394 0.798673 0.371116 -0.470684
1311870469.037788 1.552455 -1.141870 2.132187 -0.053266 0.798834 0.370900 -0.470595
1311870469.073878 1.552455 -1.141870 2.132187 -0.053011 0.799027 0.370670 -0.470478
1311870469.105791 1.552455 -1.141870 2.132187 -0.052716 0.799062 0.370748 -0.470390
1311870469.137885 1.552455 -1.141871 2.132187 -0.052882 0.799079 0.370977 -0.470162
1311870469.173755 1.552454 -1.141871 2.132187 -0.053391 0.799237 0.370746 -0.470018
1311870469.205815 1.552455 -1.141871 2.132187 -0.053464 0.799469 0.370047 -0.470165
1311870469.237980 1.552455 -1.141871 2.132187 -0.053464 0.799884 0.369595 -0.469816
1311870469.273915 1.552455 -1.141871 2.132187 -0.053942 0.800198 0.368951 -0.469732
1311870469.305865 1.552455 -1.141871 2.132187 -0.054368 0.800199 0.368599 -0.469958
1311870469.337882 1.552455 -1.141871 2.132187 -0.054595 0.800348 0.368242 -0.469958
1311870469.373779 1.552455 -1.141871 2.132187 -0.055073 0.800699 0.368329 -0.469235
1311870469.405771 1.552455 -1.141871 2.132187 -0.055347 0.800887 0.368753 -0.468549
1311870469.437777 1.552455 -1.141870 2.132187 -0.055028 0.801097 0.369245 -0.467839
1311870469.473956 1.552455 -1.141870 2.132187 -0.054212 0.801165 0.369779 -0.467396
1311870469.505924 1.552455 -1.141870 2.132187 -0.054960 0.801419 0.369988 -0.466707
1311870469.538028 1.552455 -1.141870 2.132188 -0.055230 0.801177 0.370415 -0.466753
1311870469.573828 1.552455 -1.141870 2.132187 -0.054453 0.800700 0.370380 -0.467690
1311870469.605806 1.552455 -1.141870 2.132187 -0.054091 0.800416 0.370875 -0.467824
1311870469.637782 1.552455 -1.141870 2.132187 -0.054324 0.800268 0.371648 -0.467438
1311870469.673780 1.552455 -1.141870 2.132187 -0.054772 0.800132 0.371951 -0.467378
1311870469.706012 1.552455 -1.141870 2.132187 -0.055164 0.799989 0.371898 -0.467618
1311870469.737843 1.552455 -1.141870 2.132187 -0.055274 0.799758 0.372140 -0.467807
1311870469.773750 1.552455 -1.141870 2.132188 -0.055368 0.799653 0.372335 -0.467820
1311870469.805778 1.552455 -1.141870 2.132187 -0.055116 0.799537 0.372525 -0.467897
1311870469.837821 1.552455 -1.141870 2.132187 -0.055328 0.799506 0.372388 -0.468034
1311870469.873871 1.552455 -1.141870 2.132187 -0.055321 0.799321 0.372646 -0.468146
1311870469.905750 1.552455 -1.141870 2.132187 -0.055875 0.799274 0.373203 -0.467716
1311870469.937943 1.552455 -1.141870 2.132188 -0.056292 0.799276 0.373358 -0.467540
1311870469.973965 1.552455 -1.141870 2.132188 -0.056487 0.798919 0.373434 -0.468066
1311870470.005752 1.552455 -1.141870 2.132188 -0.055579 0.798763 0.373392 -0.468472
1311870470.037917 1.552455 -1.141870 2.132187 -0.055668 0.798635 0.373624 -0.468496
1311870470.073731 1.552455 -1.141870 2.132188 -0.055938 0.798669 0.374055 -0.468061
1311870470.105880 1.552455 -1.141869 2.132188 -0.056406 0.798364 0.374282 -0.468344
1311870470.137925 1.552455 -1.141869 2.132188 -0.056882 0.797992 0.374657 -0.468620
1311870470.174381 1.552455 -1.141869 2.132188 -0.056323 0.797704 0.375099 -0.468824
1311870470.205867 1.552455 -1.141869 2.132188 -0.056056 0.797610 0.375572 -0.468639
1311870470.237895 1.552455 -1.141869 2.132188 -0.055477 0.797402 0.376437 -0.468367
1311870470.273994 1.552455 -1.141869 2.132188 -0.055493 0.797262 0.376420 -0.468616
1311870470.305986 1.552455 -1.141869 2.132188 -0.055722 0.797003 0.376451 -0.469006
1311870470.337728 1.552455 -1.141869 2.132188 -0.055700 0.796846 0.376324 -0.469376
1311870470.373945 1.552455 -1.141869 2.132188 -0.055526 0.796917 0.376099 -0.469457
1311870470.405805 1.552455 -1.141869 2.132188 -0.055050 0.797067 0.376265 -0.469126
1311870470.437840 1.552455 -1.141869 2.132188 -0.055220 0.797282 0.376561 -0.468501
1311870470.474179 1.552455 -1.141869 2.132188 -0.055663 0.797207 0.377119 -0.468127
1311870470.505829 1.552455 -1.141869 2.132188 -0.055989 0.797023 0.376992 -0.468505
1311870470.538218 1.552455 -1.141869 2.132188 -0.055906 0.796857 0.377154 -0.468666
1311870470.573867 1.552455 -1.141869 2.132188 -0.055391 0.796839 0.377647 -0.468360
1311870470.605821 1.552455 -1.141869 2.132188 -0.055072 0.797104 0.377430 -0.468122
1311870470.638024 1.552455 -1.141869 2.132188 -0.054741 0.797337 0.377307 -0.467865
1311870470.673873 1.552455 -1.141869 2.132188 -0.054815 0.797552 0.377128 -0.467632
1311870470.705826 1.552455 -1.141868 2.132188 -0.055284 0.797603 0.377107 -0.467508
1311870470.738011 1.552455 -1.141869 2.132188 -0.054923 0.797443 0.377146 -0.467792
1311870470.773871 1.552455 -1.141868 2.132188 -0.054720 0.797374 0.377144 -0.467934
1311870470.805957 1.552455 -1.141868 2.132188 -0.054813 0.797215 0.377343 -0.468034
1311870470.838079 1.552455 -1.141868 2.132188 -0.055078 0.796962 0.377547 -0.468270
1311870470.873905 1.552455 -1.141868 2.132188 -0.055089 0.796897 0.377476 -0.468436
1311870470.905869 1.552455 -1.141868 2.132188 -0.055012 0.796846 0.377322 -0.468656
1311870470.937927 1.552455 -1.141868 2.132188 -0.054620 0.796808 0.377280 -0.468799
1311870470.973873 1.552455 -1.141868 2.132188 -0.054262 0.796821 0.377056 -0.468999
1311870471.005925 1.552455 -1.141868 2.132189 -0.053890 0.796632 0.376980 -0.469424
1311870471.037976 1.552455 -1.141868 2.132188 -0.053630 0.796552 0.376785 -0.469747
1311870471.073810 1.552455 -1.141868 2.132189 -0.053868 0.796423 0.377243 -0.469570
1311870471.106003 1.552455 -1.141869 2.132188 -0.053742 0.796265 0.377571 -0.469589
1311870471.138021 1.552455 -1.141869 2.132189 -0.053942 0.796538 0.376969 -0.469586
1311870471.174023 1.552455 -1.141869 2.132188 -0.054268 0.796590 0.377057 -0.469390
1311870471.205874 1.552455 -1.141869 2.132189 -0.054747 0.796750 0.376908 -0.469182
1311870471.238040 1.552455 -1.141869 2.132189 -0.054582 0.796818 0.376580 -0.469351
1311870471.273910 1.552455 -1.141869 2.132188 -0.054249 0.796839 0.376278 -0.469595
1311870471.305871 1.552455 -1.141869 2.132189 -0.054710 0.796856 0.375885 -0.469827
1311870471.337865 1.552455 -1.141869 2.132189 -0.054827 0.796737 0.375430 -0.470380
1311870471.373855 1.552456 -1.141869 2.132189 -0.054710 0.796813 0.375048 -0.470569
1311870471.405985 1.552456 -1.141869 2.132189 -0.055165 0.796786 0.375323 -0.470342
1311870471.441920 1.552456 -1.141869 2.132189 -0.055250 0.796603 0.375751 -0.470301
1311870471.473870 1.552455 -1.141869 2.132189 -0.054983 0.796403 0.376060 -0.470424
1311870471.505831 1.552455 -1.141869 2.132189 -0.054654 0.796072 0.376024 -0.471050
1311870471.542028 1.552455 -1.141869 2.132189 -0.054040 0.795896 0.375975 -0.471457
1311870471.574014 1.552455 -1.141869 2.132189 -0.053661 0.795889 0.375789 -0.471660
1311870471.605987 1.552455 -1.141869 2.132189 -0.054271 0.795976 0.375308 -0.471826
1311870471.641978 1.552455 -1.141869 2.132189 -0.054680 0.795952 0.374980 -0.472080
1311870471.674011 1.552455 -1.141869 2.132189 -0.055093 0.795708 0.374462 -0.472854
1311870471.706195 1.552455 -1.141869 2.132189 -0.054735 0.795567 0.373680 -0.473752
1311870471.742044 1.552455 -1.141869 2.132188 -0.054510 0.795604 0.372529 -0.474621
1311870471.773909 1.552455 -1.141869 2.132188 -0.054644 0.795558 0.371852 -0.475213
1311870471.805901 1.552455 -1.141869 2.132189 -0.054872 0.795553 0.370961 -0.475891
1311870471.841988 1.552455 -1.141869 2.132188 -0.055158 0.795084 0.370165 -0.477260
1311870471.874024 1.552455 -1.141869 2.132188 -0.055706 0.795101 0.369473 -0.477703
1311870471.905983 1.552455 -1.141869 2.132188 -0.056067 0.795043 0.369185 -0.477980
1311870471.942156 1.552455 -1.141869 2.132188 -0.056497 0.795137 0.369123 -0.477822
1311870471.973865 1.552455 -1.141869 2.132187 -0.056861 0.795105 0.369836 -0.477281
1311870472.006101 1.552455 -1.141869 2.132187 -0.057551 0.794982 0.370203 -0.477117
1311870472.042094 1.552455 -1.141868 2.132187 -0.058937 0.794520 0.370686 -0.477343
1311870472.074034 1.552455 -1.141868 2.132187 -0.058088 0.794060 0.370272 -0.478532
1311870472.105974 1.552455 -1.141868 2.132187 -0.056684 0.793824 0.369354 -0.479801
1311870472.142241 1.552456 -1.141868 2.132187 -0.055968 0.793422 0.369277 -0.480608
1311870472.174085 1.552455 -1.141868 2.132187 -0.055361 0.792913 0.369789 -0.481124
1311870472.205977 1.552455 -1.141868 2.132186 -0.054816 0.792673 0.369657 -0.481683
1311870472.241992 1.552456 -1.141867 2.132186 -0.055800 0.792772 0.369432 -0.481580
1311870472.274142 1.552456 -1.141867 2.132186 -0.056660 0.792681 0.370254 -0.480997
1311870472.305946 1.552456 -1.141867 2.132185 -0.056211 0.792810 0.369694 -0.481268
1311870472.341965 1.552456 -1.141867 2.132185 -0.055915 0.792577 0.368838 -0.482342
1311870472.373998 1.552456 -1.141866 2.132185 -0.055699 0.792555 0.368604 -0.482582
1311870472.406004 1.552456 -1.141866 2.132184 -0.055969 0.792062 0.368838 -0.483180
1311870472.442046 1.552456 -1.141866 2.132184 -0.057448 0.791921 0.368316 -0.483636
1311870472.473942 1.552456 -1.141866 2.132183 -0.057712 0.791681 0.368139 -0.484132
1311870472.506007 1.552457 -1.141865 2.132183 -0.058384 0.791926 0.367302 -0.484288
1311870472.542128 1.552457 -1.141865 2.132182 -0.058288 0.791615 0.367362 -0.484761
1311870472.573975 1.552458 -1.141865 2.132182 -0.058116 0.791261 0.366739 -0.485830
1311870472.605983 1.552458 -1.141865 2.132181 -0.057899 0.791155 0.366241 -0.486404
1311870472.642166 1.552457 -1.141865 2.132181 -0.057101 0.790909 0.365641 -0.487349
1311870472.673968 1.552458 -1.141864 2.132180 -0.057652 0.790865 0.364464 -0.488236
1311870472.705964 1.552458 -1.141863 2.132180 -0.059213 0.790664 0.363770 -0.488893
1311870472.742010 1.552458 -1.141864 2.132180 -0.059471 0.789967 0.363346 -0.490301
1311870472.774092 1.552459 -1.141863 2.132179 -0.059942 0.788887 0.362411 -0.492669
1311870472.805994 1.552459 -1.141863 2.132178 -0.059260 0.788133 0.361814 -0.494395
1311870472.841981 1.552460 -1.141862 2.132177 -0.057889 0.788054 0.361922 -0.494604
1311870472.874143 1.552460 -1.141861 2.132177 -0.056726 0.788063 0.362441 -0.494344
1311870472.905960 1.552460 -1.141861 2.132176 -0.056466 0.787916 0.362665 -0.494443
1311870472.941944 1.552460 -1.141860 2.132175 -0.058243 0.787971 0.362694 -0.494128
1311870472.974144 1.552461 -1.141860 2.132174 -0.059261 0.787961 0.362794 -0.493950
1311870473.006149 1.552462 -1.141859 2.132174 -0.057915 0.788554 0.362046 -0.493712
1311870473.042100 1.552462 -1.141859 2.132173 -0.055612 0.788989 0.362005 -0.493311
1311870473.073930 1.552462 -1.141858 2.132172 -0.055726 0.789225 0.362289 -0.492712
1311870473.106027 1.552462 -1.141858 2.132172 -0.055909 0.788616 0.363176 -0.493012
1311870473.142260 1.552462 -1.141857 2.132171 -0.056181 0.787961 0.363327 -0.493919
1311870473.174040 1.552463 -1.141857 2.132170 -0.057323 0.787750 0.363798 -0.493776
1311870473.206150 1.552463 -1.141856 2.132170 -0.059146 0.787715 0.364691 -0.492958
1311870473.242252 1.552462 -1.141856 2.132170 -0.060073 0.787377 0.365946 -0.492455
1311870473.274500 1.552463 -1.141856 2.132170 -0.061356 0.786561 0.366870 -0.492914
1311870473.306261 1.552462 -1.141855 2.132169 -0.060896 0.785927 0.367219 -0.493721
1311870473.342424 1.552462 -1.141855 2.132169 -0.058875 0.785433 0.366679 -0.495152
1311870473.374112 1.552462 -1.141855 2.132169 -0.057749 0.785011 0.366781 -0.495878
1311870473.406080 1.552461 -1.141855 2.132168 -0.055892 0.784425 0.367288 -0.496642
1311870473.442154 1.552460 -1.141855 2.132168 -0.055947 0.784036 0.367798 -0.496872
1311870473.474610 1.552458 -1.141855 2.132168 -0.056546 0.783380 0.368752 -0.497132
1311870473.506409 1.552458 -1.141855 2.132168 -0.057876 0.782826 0.369245 -0.497486
1311870473.542189 1.552457 -1.141854 2.132167 -0.058143 0.782946 0.368876 -0.497539
1311870473.574202 1.552455 -1.141854 2.132167 -0.056709 0.783504 0.368337 -0.497226
1311870473.606498 1.552454 -1.141854 2.132167 -0.055707 0.784504 0.367896 -0.496087
1311870473.642118 1.552453 -1.141854 2.132166 -0.054780 0.785625 0.367586 -0.494644
1311870473.674176 1.552452 -1.141854 2.132166 -0.053140 0.786552 0.367324 -0.493544
1311870473.706403 1.552449 -1.141854 2.132166 -0.052014 0.787437 0.365836 -0.493357
1311870473.742268 1.552447 -1.141855 2.132166 -0.053571 0.788506 0.363040 -0.493548
1311870473.774145 1.552446 -1.141855 2.132166 -0.056028 0.788728 0.359539 -0.495480
1311870473.806031 1.552444 -1.141855 2.132165 -0.057014 0.789106 0.355268 -0.497841
1311870473.842130 1.552444 -1.141856 2.132165 -0.059330 0.789477 0.352445 -0.498988
1311870473.874175 1.552442 -1.141856 2.132165 -0.062672 0.789267 0.351815 -0.499356
1311870473.906399 1.552441 -1.141857 2.132164 0.064930 -0.788662 -0.350983 0.500606
1311870473.942125 1.552440 -1.141857 2.132164 0.067228 -0.788430 -0.349532 0.501684
1311870473.974168 1.552440 -1.141857 2.132163 0.068442 -0.788040 -0.349662 0.502041
1311870474.006237 1.552439 -1.141857 2.132163 0.068421 -0.787697 -0.349859 0.502446
1311870474.042518 1.552437 -1.141857 2.132163 0.068381 -0.786991 -0.350597 0.503042
1311870474.074151 1.552436 -1.141857 2.132162 0.069118 -0.787000 -0.351277 0.502451
1311870474.106170 1.552435 -1.141858 2.132162 0.070267 -0.786969 -0.352149 0.501731
1311870474.142204 1.552434 -1.141858 2.132163 0.071025 -0.786891 -0.351773 0.502009
1311870474.174263 1.552433 -1.141858 2.132162 0.071379 -0.786461 -0.351318 0.502950
1311870474.206256 1.552433 -1.141858 2.132162 0.071286 -0.785805 -0.351635 0.503768
1311870474.242280 1.552431 -1.141857 2.132162 0.070618 -0.785098 -0.352902 0.504078
1311870474.274712 1.552430 -1.141858 2.132162 0.071820 -0.784984 -0.353562 0.503623
1311870474.306126 1.552430 -1.141857 2.132161 0.073865 -0.784248 -0.353793 0.504311
1311870474.342193 1.552430 -1.141857 2.132161 0.075052 -0.783399 -0.354314 0.505088
1311870474.374090 1.552428 -1.141860 2.132165 0.074073 -0.785928 -0.354233 0.501348
1311870474.406066 1.552429 -1.141857 2.132161 0.077861 -0.781032 -0.353414 0.508944
1311870474.442146 1.552429 -1.141857 2.132161 0.077712 -0.779721 -0.353972 0.510587
1311870474.474133 1.552429 -1.141857 2.132160 0.077176 -0.778610 -0.354990 0.511656
1311870474.506142 1.552429 -1.141856 2.132160 0.077790 -0.777621 -0.354182 0.513624
1311870474.542326 1.552435 -1.141848 2.132160 0.085208 -0.776254 -0.346894 0.519455
1311870474.574197 1.552434 -1.141848 2.132155 0.085141 -0.773406 -0.347918 0.523018
1311870474.606219 1.552443 -1.141824 2.132156 0.098497 -0.771633 -0.325889 0.537287
1311870474.642126 1.552439 -1.141830 2.132157 0.093745 -0.773181 -0.331502 0.532456
1311870474.674124 1.552438 -1.141833 2.132152 0.089266 -0.769929 -0.334252 0.536205
1311870474.706175 1.552432 -1.141850 2.132151 0.076865 -0.767690 -0.346179 0.533764
1311870474.742243 1.552433 -1.141850 2.132157 0.077222 -0.770608 -0.343205 0.531422
1311870474.774339 1.552433 -1.141853 2.132154 0.071252 -0.768300 -0.346643 0.533364
1311870474.806161 1.552431 -1.141855 2.132159 0.067355 -0.772206 -0.344910 0.529338
1311870474.842137 1.552427 -1.141855 2.132165 0.069322 -0.779955 -0.346456 0.516559
1311870474.874165 1.552415 -1.141854 2.132180 -0.073065 0.794574 0.349539 -0.491056
1311870474.906314 1.552415 -1.141854 2.132180 -0.073065 0.794574 0.349539 -0.491056
1311870474.942309 1.552415 -1.141854 2.132180 -0.073065 0.794574 0.349539 -0.491056
1311870474.974405 1.552416 -1.141853 2.132180 -0.071846 0.793694 0.347542 -0.494067
1311870475.006531 1.552416 -1.141853 2.132180 -0.071846 0.793694 0.347542 -0.494067
1311870475.042643 1.555529 -1.139069 2.129848 -0.071201 0.793119 0.346942 -0.495503
1311870475.074124 1.555529 -1.139069 2.129848 -0.071201 0.793119 0.346942 -0.495503
1311870475.106487 1.555529 -1.139069 2.129848 -0.071201 0.793119 0.346942 -0.495503
1311870475.142238 1.555529 -1.139069 2.129848 -0.071201 0.793119 0.346942 -0.495503
1311870475.174253 1.555529 -1.139069 2.129848 -0.071201 0.793119 0.346942 -0.495503
1311870475.206435 1.555529 -1.139069 2.129848 -0.071201 0.793119 0.346942 -0.495503
1311870475.242461 1.555530 -1.139069 2.129847 -0.070572 0.792796 0.345849 -0.496873
1311870475.274175 1.555530 -1.139069 2.129847 -0.070572 0.792796 0.345849 -0.496873
1311870475.306297 1.555530 -1.139069 2.129847 -0.070572 0.792796 0.345849 -0.496873
1311870475.342286 1.555530 -1.139069 2.129847 -0.070572 0.792796 0.345849 -0.496873
1311870475.374384 1.555530 -1.139069 2.129847 -0.070572 0.792796 0.345849 -0.496873
1311870475.406177 1.555531 -1.139068 2.129847 -0.070352 0.791674 0.345388 -0.499010
1311870475.442349 1.555532 -1.139067 2.129846 0.070017 -0.790378 -0.345396 0.501100
1311870475.474159 1.555532 -1.139067 2.129846 0.070017 -0.790378 -0.345396 0.501100
1311870475.506409 1.557116 -1.139346 2.127775 0.069819 -0.789645 -0.345815 0.501994
1311870475.542368 1.563010 -1.133971 2.127207 0.070913 -0.788987 -0.344691 0.503645
1311870475.574183 1.567774 -1.132227 2.125150 0.070905 -0.788006 -0.344969 0.504990
1311870475.606225 1.573406 -1.128432 2.120993 0.070707 -0.786886 -0.344964 0.506765
1311870475.642242 1.578082 -1.126218 2.121617 0.069301 -0.786402 -0.345480 0.507359
1311870475.674412 1.581057 -1.124922 2.122072 0.067691 -0.785506 -0.346412 0.508327
1311870475.706519 1.581057 -1.124922 2.122072 0.067691 -0.785506 -0.346412 0.508327
1311870475.742323 1.581057 -1.124922 2.122072 0.067691 -0.785506 -0.346412 0.508327
1311870475.774113 1.585001 -1.121344 2.123825 0.068272 -0.783779 -0.346743 0.510685
1311870475.806584 1.585001 -1.121344 2.123825 0.068272 -0.783779 -0.346743 0.510685
1311870475.842399 1.585001 -1.121344 2.123825 0.068272 -0.783779 -0.346743 0.510685
1311870475.874665 1.585659 -1.122356 2.123764 0.067314 -0.782219 -0.348543 0.511976
1311870475.907306 1.589035 -1.119428 2.130755 0.068643 -0.781125 -0.348975 0.513175
1311870475.942231 1.592265 -1.118433 2.131438 0.068391 -0.779256 -0.349581 0.515632
1311870475.974354 1.595623 -1.118291 2.130725 0.067637 -0.777983 -0.349964 0.517390
1311870476.006524 1.598520 -1.120436 2.134098 0.068449 -0.777929 -0.351236 0.516502
1311870476.042481 1.602310 -1.120563 2.136912 0.070630 -0.777568 -0.352208 0.516090
1311870476.074341 1.602490 -1.123501 2.140668 0.071297 -0.777122 -0.351817 0.516935
1311870476.106461 1.606975 -1.124912 2.143117 0.073076 -0.776621 -0.350949 0.518030
1311870476.142192 1.608343 -1.128206 2.146846 0.074541 -0.776540 -0.350847 0.518011
1311870476.175104 1.609933 -1.129950 2.149214 0.075271 -0.776393 -0.350457 0.518390
1311870476.206393 1.613645 -1.133524 2.154305 0.075804 -0.776644 -0.350010 0.518239
1311870476.242328 1.617028 -1.133995 2.161398 0.077370 -0.777654 -0.349141 0.517077
1311870476.274227 1.621266 -1.135271 2.167614 0.078509 -0.778229 -0.349268 0.515953
1311870476.306297 1.624734 -1.136316 2.175858 0.077231 -0.778458 -0.349343 0.515750
1311870476.342260 1.625264 -1.139606 2.182362 0.074639 -0.778123 -0.350798 0.515650
1311870476.374475 1.625264 -1.139606 2.182362 0.074639 -0.778123 -0.350798 0.515650
1311870476.406491 1.625264 -1.139606 2.182362 0.074639 -0.778123 -0.350798 0.515650
1311870476.442421 1.624969 -1.141717 2.185488 0.073987 -0.776747 -0.351166 0.517564
1311870476.474627 1.627407 -1.141003 2.189846 0.073255 -0.776402 -0.350128 0.518887
1311870476.506504 1.630066 -1.142291 2.195552 0.072930 -0.776252 -0.350996 0.518571
1311870476.542440 1.631981 -1.143598 2.198520 0.072118 -0.775816 -0.352307 0.518448
1311870476.574569 1.633063 -1.144627 2.204043 0.071845 -0.775875 -0.353493 0.517589
1311870476.606570 1.635058 -1.145384 2.208598 0.072668 -0.775497 -0.355602 0.516595
1311870476.642434 1.635566 -1.145279 2.210818 0.073266 -0.774861 -0.357531 0.516134
1311870476.674440 1.637732 -1.142041 2.214311 0.073322 -0.775180 -0.357453 0.515701
1311870476.706389 1.640063 -1.143553 2.215186 0.071302 -0.775383 -0.358078 0.515246
1311870476.742209 1.639591 -1.145230 2.219853 0.069996 -0.776336 -0.358837 0.513458
1311870476.774360 1.639045 -1.147733 2.222032 0.069239 -0.776361 -0.359969 0.512730
1311870476.806891 1.638757 -1.147609 2.221873 0.068939 -0.776138 -0.359580 0.513380
1311870476.842211 1.638535 -1.148319 2.223032 0.068849 -0.776325 -0.359287 0.513316
1311870476.874304 1.638938 -1.147741 2.225135 0.069345 -0.776840 -0.358828 0.512790
1311870476.906567 1.640257 -1.148709 2.226013 0.069068 -0.777197 -0.358462 0.512543
1311870476.942253 1.638926 -1.150684 2.225174 0.068320 -0.777265 -0.358241 0.512693
1311870476.974379 1.637494 -1.152200 2.224655 0.069281 -0.777084 -0.358088 0.512946
1311870477.006502 1.637587 -1.151847 2.223201 0.070561 -0.776530 -0.356703 0.514572
1311870477.042467 1.638905 -1.150027 2.218703 0.071301 -0.775996 -0.355262 0.516271
1311870477.074608 1.640041 -1.148822 2.214402 0.072173 -0.776231 -0.354322 0.516442
1311870477.106391 1.640041 -1.148822 2.214402 0.072173 -0.776231 -0.354322 0.516442
1311870477.142624 1.640041 -1.148822 2.214402 0.072173 -0.776231 -0.354322 0.516442
1311870477.174420 1.640683 -1.148966 2.207080 0.071943 -0.776003 -0.354113 0.516960
1311870477.206651 1.643589 -1.144672 2.207015 0.072960 -0.776494 -0.353515 0.516489
1311870477.242472 1.644237 -1.141286 2.203838 0.073126 -0.776628 -0.353358 0.516371
1311870477.274614 1.644438 -1.142168 2.196515 0.072704 -0.776313 -0.354102 0.516396
1311870477.306562 1.647526 -1.135415 2.193057 0.073501 -0.776697 -0.352832 0.516574
1311870477.342447 1.649436 -1.132573 2.186835 0.073822 -0.776671 -0.352189 0.517007
1311870477.375546 1.651281 -1.130537 2.181330 0.074218 -0.776723 -0.351088 0.517620
1311870477.406303 1.654277 -1.127294 2.173381 0.072982 -0.776505 -0.349152 0.519429
1311870477.442535 1.656409 -1.124867 2.165720 0.071584 -0.776404 -0.347560 0.520840
1311870477.474589 1.658570 -1.121904 2.157201 0.070822 -0.776323 -0.345760 0.522261
1311870477.506439 1.660665 -1.119817 2.152231 0.070406 -0.776819 -0.343450 0.523103
1311870477.542454 1.664293 -1.117182 2.142550 0.070626 -0.776421 -0.341783 0.524754
1311870477.576952 1.668138 -1.113973 2.133227 0.070942 -0.776136 -0.340200 0.526160
1311870477.606371 1.672996 -1.108403 2.124632 0.071880 -0.776050 -0.338892 0.527002
1311870477.642455 1.675640 -1.107102 2.115980 0.071862 -0.775987 -0.338529 0.527332
1311870477.674401 1.679889 -1.102429 2.108151 0.072668 -0.775575 -0.337607 0.528417
1311870477.706293 1.684446 -1.095629 2.100954 0.073418 -0.774772 -0.336019 0.530499
1311870477.742492 1.687697 -1.091945 2.092007 0.072871 -0.774180 -0.334355 0.532487
1311870477.774408 1.690569 -1.088940 2.086338 0.072133 -0.774321 -0.332520 0.533530
1311870477.806631 1.694552 -1.084409 2.079097 0.071120 -0.774114 -0.330661 0.535120
1311870477.842377 1.697443 -1.079461 2.070424 0.069699 -0.773432 -0.328900 0.537372
1311870477.874752 1.699240 -1.076237 2.061726 0.068977 -0.772862 -0.327440 0.539175
1311870477.906459 1.701846 -1.073220 2.057940 0.068738 -0.772454 -0.326292 0.540484
1311870477.942470 1.704021 -1.070023 2.050225 0.069988 -0.770895 -0.326472 0.542438
1311870477.974821 1.704021 -1.070023 2.050225 0.069988 -0.770895 -0.326472 0.542438
1311870478.006764 1.704021 -1.070023 2.050225 0.069988 -0.770895 -0.326472 0.542438
1311870478.042396 1.704443 -1.069453 2.049160 0.070323 -0.771099 -0.326257 0.542234
1311870478.074531 1.707056 -1.065548 2.041199 0.072490 -0.769744 -0.327175 0.543319
1311870478.106703 1.707241 -1.061781 2.034379 0.074294 -0.768926 -0.326758 0.544483
1311870478.142484 1.709119 -1.058046 2.026991 0.075204 -0.768364 -0.325401 0.545962
1311870478.174891 1.709503 -1.055177 2.020738 0.075539 -0.768440 -0.324173 0.546540
1311870478.206694 1.710976 -1.052618 2.014227 0.076311 -0.769174 -0.322479 0.546402
1311870478.243551 1.711230 -1.050866 2.011431 0.077470 -0.770271 -0.321738 0.545129
1311870478.274632 1.711230 -1.050866 2.011431 0.077470 -0.770271 -0.321738 0.545129
1311870478.307070 1.711230 -1.050866 2.011431 0.077470 -0.770271 -0.321738 0.545129
1311870478.342699 1.709751 -1.051533 2.008914 0.078462 -0.770537 -0.321645 0.544666
1311870478.377314 1.706943 -1.050836 2.001822 0.079899 -0.769828 -0.321864 0.545331
1311870478.407403 1.703657 -1.050607 1.994981 0.080686 -0.769678 -0.320739 0.546088
1311870478.442461 1.701352 -1.049099 1.988652 0.081765 -0.770359 -0.319784 0.545527
1311870478.474469 1.697558 -1.048950 1.985865 0.082732 -0.771657 -0.319292 0.543831
1311870478.506459 1.692253 -1.050156 1.981411 0.083121 -0.772533 -0.318433 0.543032
1311870478.542834 1.687876 -1.051102 1.976552 0.084555 -0.773273 -0.316967 0.542616
1311870478.574568 1.682525 -1.051441 1.971217 0.085959 -0.774135 -0.315495 0.542023
1311870478.606731 1.677119 -1.051824 1.965662 0.087922 -0.775502 -0.313635 0.540832
1311870478.642464 1.671651 -1.052210 1.961649 0.090112 -0.777071 -0.311556 0.539420
1311870478.674530 1.667590 -1.052570 1.960590 0.091693 -0.778601 -0.309735 0.537994
1311870478.706522 1.660939 -1.055391 1.955459 0.091273 -0.779296 -0.308878 0.537552
1311870478.742334 1.653482 -1.056854 1.945890 0.091638 -0.780371 -0.306538 0.537269
1311870478.774702 1.646122 -1.060548 1.942364 0.092301 -0.782471 -0.303810 0.535649
1311870478.806869 1.640670 -1.063182 1.937891 0.092870 -0.783962 -0.300430 0.535277
1311870478.842335 1.635309 -1.067136 1.933903 0.092974 -0.785258 -0.297677 0.534896
1311870478.874346 1.635309 -1.067136 1.933903 0.092974 -0.785258 -0.297677 0.534896
1311870478.906787 1.635309 -1.067136 1.933903 0.092974 -0.785258 -0.297677 0.534896
1311870478.942379 1.628430 -1.069905 1.930711 0.096857 -0.785727 -0.297270 0.533743
1311870478.974461 1.622706 -1.072365 1.926911 0.100347 -0.785867 -0.295572 0.533835
1311870479.006717 1.617442 -1.074713 1.924991 0.102966 -0.785945 -0.293358 0.534443
1311870479.042444 1.613607 -1.076170 1.922152 0.104575 -0.785686 -0.291044 0.535774
1311870479.074537 1.609265 -1.077135 1.918425 0.105246 -0.785327 -0.289709 0.536892
1311870479.106848 1.606986 -1.075652 1.917506 0.105864 -0.785711 -0.288580 0.536816
1311870479.142524 1.601871 -1.079102 1.913704 0.105250 -0.785585 -0.289761 0.536487
1311870479.174444 1.595448 -1.079649 1.912020 0.106861 -0.785623 -0.290633 0.535639
1311870479.207679 1.592404 -1.079507 1.910212 0.109022 -0.785304 -0.291046 0.535447
1311870479.242400 1.591378 -1.077549 1.907976 0.109749 -0.784567 -0.290723 0.536554
1311870479.274426 1.589134 -1.076160 1.905509 0.108558 -0.783972 -0.290357 0.537862
1311870479.306571 1.586443 -1.075230 1.902428 0.107522 -0.783520 -0.290568 0.538615
1311870479.342418 1.586443 -1.075230 1.902428 0.107522 -0.783520 -0.290568 0.538615
1311870479.374488 1.586443 -1.075230 1.902428 0.107522 -0.783520 -0.290568 0.538615
1311870479.406395 1.585228 -1.074996 1.903222 0.108933 -0.782331 -0.290138 0.540289
1311870479.442501 1.585270 -1.070811 1.899731 0.109219 -0.780467 -0.289178 0.543432
1311870479.474631 1.585887 -1.067832 1.895975 0.108392 -0.778928 -0.288681 0.546063
1311870479.506430 1.586057 -1.064581 1.892417 0.107413 -0.777736 -0.288742 0.547921
1311870479.542670 1.586110 -1.062310 1.888943 0.106782 -0.776728 -0.289254 0.549202
1311870479.574634 1.587271 -1.059704 1.887307 0.106381 -0.775121 -0.289491 0.551421
1311870479.606576 1.587927 -1.055865 1.882394 0.106293 -0.772846 -0.289524 0.554605
1311870479.642434 1.589713 -1.051987 1.877203 0.106979 -0.771162 -0.290281 0.556418
1311870479.674552 1.592502 -1.047138 1.873926 0.107830 -0.770074 -0.290709 0.557537
1311870479.706653 1.595474 -1.043042 1.865806 0.107273 -0.768837 -0.290480 0.559467
1311870479.742393 1.599327 -1.038884 1.860727 0.105219 -0.767803 -0.289526 0.561766
1311870479.774537 1.601244 -1.034957 1.854698 0.103089 -0.766711 -0.288808 0.564019
1311870479.806444 1.603243 -1.032199 1.850981 0.101771 -0.766234 -0.288363 0.565133
1311870479.842582 1.606036 -1.029325 1.846573 0.100835 -0.765274 -0.287894 0.566837
1311870479.874489 1.609538 -1.025252 1.840213 0.100155 -0.763727 -0.287348 0.569316
1311870479.906588 1.613096 -1.020493 1.832534 0.099125 -0.762039 -0.286363 0.572248
1311870479.942576 1.617305 -1.016645 1.827084 0.097438 -0.760973 -0.284739 0.574761
1311870479.974540 1.621946 -1.011501 1.823654 0.095502 -0.760516 -0.283893 0.576108
1311870480.006807 1.625928 -1.008467 1.815369 0.092764 -0.759687 -0.283965 0.577610
1311870480.042660 1.629584 -1.005637 1.812467 0.091143 -0.759300 -0.283518 0.578596
1311870480.074647 1.632014 -1.004907 1.811189 0.091007 -0.757946 -0.283762 0.580272
1311870480.106439 1.636236 -1.000660 1.807715 0.092764 -0.755522 -0.283022 0.583507
1311870480.142639 1.642749 -0.994653 1.802357 0.093576 -0.753047 -0.281980 0.587070
1311870480.174537 1.648855 -0.988589 1.798173 0.092790 -0.751753 -0.281347 0.589154
1311870480.206595 1.654089 -0.982859 1.793975 0.090879 -0.750667 -0.281494 0.590764
1311870480.242572 1.659346 -0.976157 1.790937 0.087500 -0.750122 -0.280913 0.592241
1311870480.274543 1.661890 -0.972721 1.788816 0.083526 -0.749663 -0.280541 0.593570
1311870480.306678 1.665522 -0.970558 1.787603 0.081093 -0.748863 -0.279665 0.595328
1311870480.342480 1.669920 -0.966609 1.787918 0.079946 -0.746893 -0.279117 0.598208
1311870480.374646 1.675021 -0.961257 1.784944 0.078672 -0.744318 -0.278609 0.601812
1311870480.406616 1.680281 -0.956806 1.782218 0.076625 -0.742432 -0.279415 0.604029
1311870480.442773 1.683400 -0.953959 1.780945 0.074889 -0.740910 -0.280993 0.605382
1311870480.474488 1.684769 -0.953827 1.779170 0.073665 -0.738977 -0.282260 0.607302
1311870480.506517 1.688114 -0.948854 1.779582 0.073673 -0.737206 -0.280337 0.610337
1311870480.542681 1.694138 -0.945563 1.778744 0.073126 -0.735094 -0.280085 0.613060
1311870480.575128 1.697567 -0.944004 1.777470 0.071460 -0.733948 -0.280997 0.614211
1311870480.610475 1.700527 -0.942469 1.776635 0.071064 -0.733523 -0.283597 0.613569
1311870480.642709 1.701655 -0.941808 1.777324 0.072777 -0.732786 -0.286374 0.612959
1311870480.674530 1.704874 -0.939682 1.780565 0.075023 -0.731598 -0.287685 0.613492
1311870480.710587 1.705761 -0.940445 1.779356 0.075562 -0.729856 -0.287685 0.615498
1311870480.742508 1.708911 -0.939145 1.777322 0.076194 -0.728823 -0.286918 0.617001
1311870480.775804 1.711186 -0.940846 1.779767 0.075208 -0.728994 -0.285945 0.617371
1311870480.810605 1.712105 -0.943585 1.783197 0.075260 -0.729178 -0.285187 0.617498
1311870480.842855 1.714240 -0.944969 1.784904 0.077996 -0.728833 -0.284896 0.617699
1311870480.874824 1.717583 -0.947666 1.788897 0.080981 -0.728414 -0.284966 0.617777
1311870480.910467 1.720861 -0.948790 1.792187 0.082925 -0.727954 -0.284756 0.618159
1311870480.942993 1.720861 -0.948790 1.792187 0.082925 -0.727954 -0.284756 0.618159
1311870480.974607 1.720861 -0.948790 1.792187 0.082925 -0.727954 -0.284756 0.618159
1311870481.010488 1.721381 -0.949730 1.796452 0.084115 -0.727803 -0.285730 0.617726
1311870481.042482 1.723055 -0.952587 1.798463 0.085419 -0.727760 -0.286240 0.617362
1311870481.075001 1.728089 -0.953158 1.803498 0.086281 -0.728365 -0.286712 0.616309
1311870481.110534 1.732550 -0.952368 1.810511 0.084759 -0.728802 -0.288004 0.615400
1311870481.142707 1.734294 -0.954659 1.815962 0.080982 -0.728815 -0.289626 0.615132
1311870481.174606 1.733594 -0.957991 1.819190 0.079962 -0.728312 -0.291894 0.614789
1311870481.210715 1.733924 -0.959527 1.824227 0.082008 -0.727941 -0.293186 0.614344
1311870481.242633 1.736939 -0.959680 1.827124 0.083125 -0.727303 -0.292962 0.615056
1311870481.274974 1.742145 -0.956787 1.830758 0.082579 -0.727713 -0.291786 0.615204
1311870481.310580 1.745323 -0.956153 1.833292 0.079938 -0.729133 -0.292862 0.613357
1311870481.344908 1.748186 -0.956270 1.836566 0.077632 -0.730986 -0.294952 0.610439
1311870481.374502 1.749544 -0.957673 1.841708 0.076374 -0.732563 -0.297230 0.607596
1311870481.410685 1.750426 -0.958134 1.847800 0.076407 -0.733543 -0.298757 0.605658
1311870481.442703 1.752143 -0.954908 1.850548 0.076203 -0.732960 -0.299798 0.605875
1311870481.474602 1.753975 -0.953505 1.856211 0.074371 -0.732514 -0.300480 0.606304
1311870481.510706 1.753835 -0.953907 1.862937 0.071796 -0.732173 -0.300868 0.606833
1311870481.542967 1.754908 -0.952877 1.867633 0.069645 -0.730611 -0.301865 0.608469
1311870481.574920 1.755282 -0.951569 1.867722 0.067841 -0.728361 -0.303526 0.610541
1311870481.610928 1.754996 -0.951515 1.867727 0.067227 -0.727142 -0.305343 0.611155
1311870481.642653 1.755743 -0.950432 1.867140 0.067221 -0.726503 -0.306619 0.611278
1311870481.674734 1.757960 -0.948956 1.866355 0.066770 -0.726633 -0.306371 0.611297
1311870481.710880 1.759903 -0.948204 1.864945 0.066192 -0.726623 -0.306069 0.611523
1311870481.742677 1.761894 -0.946933 1.865212 0.065889 -0.726594 -0.305697 0.611775
1311870481.774863 1.764455 -0.945565 1.863298 0.065789 -0.726193 -0.305733 0.612244
1311870481.810567 1.766383 -0.943313 1.861495 0.065882 -0.725759 -0.305554 0.612838
1311870481.842653 1.770417 -0.940877 1.858787 0.066146 -0.725514 -0.305229 0.613261
1311870481.876661 1.772999 -0.939281 1.856958 0.065952 -0.725131 -0.305466 0.613617
1311870481.910893 1.773829 -0.939123 1.855688 0.066295 -0.724852 -0.305046 0.614119
1311870481.942739 1.778858 -0.934339 1.851753 0.067323 -0.723827 -0.303426 0.616015
1311870481.974685 1.781781 -0.932795 1.847219 0.066743 -0.722281 -0.301834 0.618669
1311870482.010687 1.785529 -0.929357 1.841761 0.065811 -0.721224 -0.299229 0.621262
1311870482.042664 1.789871 -0.925948 1.837522 0.064365 -0.720602 -0.297321 0.623049
1311870482.074642 1.794728 -0.921194 1.831823 0.062232 -0.719582 -0.295856 0.625139
1311870482.111255 1.798041 -0.916128 1.827186 0.059550 -0.718973 -0.295175 0.626422
1311870482.142728 1.798041 -0.916128 1.827186 0.059550 -0.718973 -0.295175 0.626422
1311870482.174667 1.798041 -0.916128 1.827186 0.059550 -0.718973 -0.295175 0.626422
1311870482.210670 1.801136 -0.911585 1.821338 0.060371 -0.718809 -0.294713 0.626748
1311870482.242571 1.804833 -0.910885 1.811661 0.060744 -0.717913 -0.294373 0.627898
1311870482.274596 1.812871 -0.903940 1.807798 0.061684 -0.717688 -0.292897 0.628753
1311870482.310930 1.815751 -0.900068 1.799011 0.060621 -0.716738 -0.291848 0.630425
1311870482.342857 1.819655 -0.895398 1.792872 0.059688 -0.716353 -0.290220 0.631703
1311870482.374573 1.823155 -0.891667 1.784870 0.059199 -0.715645 -0.289660 0.632806
1311870482.410597 1.827745 -0.887646 1.778485 0.058821 -0.715038 -0.289224 0.633727
1311870482.442701 1.830271 -0.883919 1.772323 0.058867 -0.714527 -0.288651 0.634561
1311870482.474935 1.832837 -0.881164 1.764612 0.059253 -0.714078 -0.288417 0.635136
1311870482.510814 1.839176 -0.873231 1.758985 0.060147 -0.713767 -0.288222 0.635489
1311870482.542650 1.844078 -0.866716 1.752907 0.059639 -0.713326 -0.287463 0.636376
1311870482.574689 1.846928 -0.863090 1.747657 0.058254 -0.712817 -0.287769 0.636935
1311870482.610775 1.850852 -0.855844 1.746391 0.058142 -0.712795 -0.288000 0.636866
1311870482.642615 1.851128 -0.857665 1.736195 0.055758 -0.710892 -0.290546 0.638050
1311870482.675223 1.854266 -0.848997 1.732738 0.056223 -0.710141 -0.290320 0.638946
1311870482.710891 1.855900 -0.846391 1.728226 0.055150 -0.709088 -0.291332 0.639748
1311870482.742773 1.858476 -0.841237 1.723362 0.054348 -0.708244 -0.292116 0.640395
1311870482.774768 1.861811 -0.833609 1.720844 0.053856 -0.707798 -0.291895 0.641030
1311870482.810806 1.861859 -0.834375 1.716633 0.051628 -0.706911 -0.292886 0.641739
1311870482.842664 1.863715 -0.830592 1.712289 0.050404 -0.706490 -0.292590 0.642434
1311870482.875230 1.864722 -0.828299 1.708257 0.049669 -0.706311 -0.292823 0.642583
1311870482.910591 1.866053 -0.825845 1.703612 0.049208 -0.706446 -0.292771 0.642494
1311870482.942680 1.867553 -0.823105 1.700178 0.048534 -0.706775 -0.292968 0.642093
1311870482.975970 1.867137 -0.823684 1.696047 0.048646 -0.706827 -0.294166 0.641479
1311870483.011189 1.869150 -0.819756 1.695100 0.048735 -0.707457 -0.294672 0.640545
1311870483.042516 1.868235 -0.818670 1.689907 0.048613 -0.707153 -0.296263 0.640156
1311870483.076199 1.868287 -0.816036 1.687850 0.049175 -0.707232 -0.297132 0.639623
1311870483.110765 1.866205 -0.817003 1.689253 0.049268 -0.707389 -0.298340 0.638879
1311870483.143020 1.865321 -0.816241 1.685355 0.049577 -0.706644 -0.298081 0.639800
1311870483.174838 1.862553 -0.818206 1.686099 0.049671 -0.706581 -0.298066 0.639869
1311870483.210814 1.860433 -0.817168 1.683954 0.050269 -0.706533 -0.297565 0.640109
1311870483.242695 1.858478 -0.815706 1.679814 0.051101 -0.706255 -0.297574 0.640346
1311870483.276143 1.856473 -0.816292 1.679223 0.051761 -0.706164 -0.298395 0.640011
1311870483.311159 1.851948 -0.816327 1.677109 0.052033 -0.705939 -0.298566 0.640157
1311870483.342800 1.847893 -0.816603 1.676239 0.052620 -0.706350 -0.298429 0.639719
1311870483.375178 1.845136 -0.816316 1.677251 0.052463 -0.707033 -0.297957 0.639198
1311870483.410669 1.838439 -0.817517 1.671552 0.051895 -0.707315 -0.296581 0.639572
1311870483.442901 1.834483 -0.817975 1.668710 0.051558 -0.708775 -0.295193 0.638624
1311870483.476563 1.830796 -0.818522 1.667365 0.051082 -0.710729 -0.294732 0.636701
1311870483.511030 1.824304 -0.820369 1.665480 0.050490 -0.712171 -0.294830 0.635089
1311870483.542892 1.817579 -0.822667 1.662225 0.051299 -0.713482 -0.294199 0.633845
1311870483.576899 1.812415 -0.823910 1.660979 0.052940 -0.715028 -0.292608 0.632703
1311870483.610711 1.806671 -0.825761 1.656003 0.052641 -0.716100 -0.289555 0.632920
1311870483.642925 1.802318 -0.828474 1.654138 0.052106 -0.718044 -0.286933 0.631955
1311870483.675720 1.794442 -0.833409 1.652949 0.052737 -0.719767 -0.286394 0.630184
1311870483.711260 1.788535 -0.837426 1.652713 0.055357 -0.720926 -0.286343 0.628656
1311870483.742805 1.782060 -0.840949 1.649272 0.058085 -0.721506 -0.285621 0.628072
1311870483.774912 1.777364 -0.842843 1.645622 0.060850 -0.722498 -0.284266 0.627285
1311870483.810771 1.772760 -0.844235 1.645078 0.062120 -0.724001 -0.282911 0.626039
1311870483.842891 1.766584 -0.848180 1.643160 0.062163 -0.725306 -0.281640 0.625097
1311870483.877085 1.761853 -0.849973 1.641253 0.063484 -0.726398 -0.280628 0.624151
1311870483.911351 1.758545 -0.853174 1.640158 0.064565 -0.727115 -0.279956 0.623506
1311870483.943198 1.753465 -0.852010 1.636960 0.066121 -0.727191 -0.279976 0.623246
1311870483.975520 1.747975 -0.853798 1.633014 0.066576 -0.728008 -0.280925 0.621814
1311870484.011069 1.744250 -0.854180 1.633559 0.068219 -0.729254 -0.282638 0.619395
1311870484.042973 1.739133 -0.855420 1.631603 0.069034 -0.729663 -0.283813 0.618285
1311870484.075058 1.734951 -0.854631 1.630043 0.071593 -0.729829 -0.284450 0.617504
1311870484.110742 1.732489 -0.853328 1.628489 0.073718 -0.729530 -0.285325 0.617205
1311870484.142706 1.729600 -0.852780 1.624701 0.074585 -0.729212 -0.285426 0.617429
1311870484.176178 1.729194 -0.849613 1.626335 0.075176 -0.729596 -0.284603 0.617284
1311870484.210812 1.724462 -0.851502 1.623914 0.074141 -0.728850 -0.285145 0.618040
1311870484.242949 1.721644 -0.849787 1.621430 0.073758 -0.728077 -0.284471 0.619306
1311870484.276681 1.719276 -0.849717 1.617296 0.073383 -0.727325 -0.283847 0.620519
1311870484.310757 1.718706 -0.847982 1.615516 0.073346 -0.726560 -0.283555 0.621553
1311870484.342826 1.717300 -0.845098 1.611047 0.073805 -0.724875 -0.283941 0.623287
1311870484.375427 1.715665 -0.843864 1.606653 0.074091 -0.722943 -0.285211 0.624915
1311870484.410852 1.714870 -0.840551 1.603106 0.075276 -0.721078 -0.286176 0.626485
1311870484.442843 1.714665 -0.839501 1.601939 0.075572 -0.719741 -0.286618 0.627784
1311870484.477407 1.717298 -0.830510 1.594084 0.076322 -0.717105 -0.286298 0.630848
1311870484.510960 1.718140 -0.828019 1.586806 0.074096 -0.715264 -0.286071 0.633302
1311870484.543117 1.718974 -0.824942 1.581204 0.073058 -0.713889 -0.286608 0.634730
1311870484.574757 1.719944 -0.819806 1.576686 0.073005 -0.712147 -0.286602 0.636692
1311870484.611024 1.721456 -0.816371 1.569457 0.071890 -0.710026 -0.285139 0.639836
1311870484.642843 1.725443 -0.809061 1.562369 0.070234 -0.708197 -0.282855 0.643053
1311870484.674789 1.726918 -0.806139 1.554240 0.067166 -0.706802 -0.281316 0.645586
1311870484.710829 1.729376 -0.802317 1.548536 0.065499 -0.705879 -0.280123 0.647284
1311870484.745698 1.731926 -0.798139 1.544029 0.064604 -0.704358 -0.279196 0.649427
1311870484.776248 1.733300 -0.794467 1.534845 0.064191 -0.701889 -0.278637 0.652375
1311870484.810786 1.737105 -0.788559 1.527676 0.064201 -0.700066 -0.277253 0.654917
1311870484.842884 1.739272 -0.784618 1.520557 0.062646 -0.698293 -0.275598 0.657653
1311870484.875769 1.741980 -0.781482 1.513181 0.061133 -0.696813 -0.273850 0.660091
1311870484.910716 1.745195 -0.775718 1.505198 0.060257 -0.695303 -0.272499 0.662320
1311870484.944216 1.748149 -0.771370 1.498423 0.059704 -0.694252 -0.271459 0.663897
1311870484.975102 1.752005 -0.766408 1.491088 0.059732 -0.692913 -0.270522 0.665674
1311870485.010871 1.755843 -0.760069 1.484102 0.059473 -0.691845 -0.269469 0.667233
1311870485.043233 1.759783 -0.754781 1.476298 0.058471 -0.691005 -0.269081 0.668347
1311870485.074769 1.763821 -0.749824 1.470519 0.057250 -0.690229 -0.268897 0.669328
1311870485.110743 1.766881 -0.745213 1.464017 0.056081 -0.689310 -0.268474 0.670544
1311870485.142899 1.770361 -0.738184 1.457956 0.055286 -0.688524 -0.268224 0.671516
1311870485.178176 1.772386 -0.736290 1.450866 0.053412 -0.687608 -0.269418 0.672128
1311870485.210890 1.774025 -0.732885 1.448663 0.052128 -0.686946 -0.269388 0.672918
1311870485.249643 1.775904 -0.729278 1.443011 0.051695 -0.685469 -0.269359 0.674467
1311870485.275402 1.777313 -0.728619 1.439836 0.052687 -0.684307 -0.271218 0.674826
1311870485.310982 1.777982 -0.726681 1.435068 0.054106 -0.682763 -0.272361 0.675816
1311870485.345369 1.779494 -0.723225 1.429754 0.055042 -0.681046 -0.272006 0.677613
1311870485.375407 1.780480 -0.720691 1.425500 0.055464 -0.680445 -0.272001 0.678184
1311870485.411025 1.780365 -0.719974 1.423140 0.055022 -0.680329 -0.272477 0.678145
1311870485.445002 1.779676 -0.717757 1.421534 0.055673 -0.679482 -0.273060 0.678707
1311870485.476895 1.778119 -0.717149 1.420849 0.056602 -0.678284 -0.273830 0.679517
1311870485.510894 1.776472 -0.716510 1.415660 0.056577 -0.676227 -0.274913 0.681130
1311870485.546561 1.772957 -0.714866 1.412558 0.056530 -0.674996 -0.275547 0.682099
1311870485.575341 1.771498 -0.712223 1.407303 0.057020 -0.674606 -0.275390 0.682507
1311870485.612777 1.767091 -0.713772 1.405882 0.056679 -0.675284 -0.276217 0.681530
1311870485.643456 1.761313 -0.714385 1.399590 0.056702 -0.675660 -0.276750 0.680939
1311870485.676367 1.757474 -0.713946 1.397581 0.057452 -0.677162 -0.276882 0.679328
1311870485.714523 1.750717 -0.714504 1.392776 0.057474 -0.678448 -0.276346 0.678261
1311870485.744269 1.746772 -0.714645 1.391407 0.057223 -0.680335 -0.275235 0.676843
1311870485.776038 1.742656 -0.715739 1.389795 0.056589 -0.681901 -0.275118 0.675366
1311870485.814596 1.735035 -0.716018 1.385698 0.054664 -0.683013 -0.274210 0.674769
1311870485.844633 1.726689 -0.719208 1.382184 0.054152 -0.684722 -0.273554 0.673344
1311870485.875826 1.719715 -0.722812 1.379755 0.054350 -0.686375 -0.271903 0.672313
1311870485.914049 1.713151 -0.727099 1.376245 0.054199 -0.687964 -0.268910 0.671904
1311870485.946463 1.709609 -0.727731 1.373911 0.054538 -0.689830 -0.266138 0.671067
1311870485.976519 1.703038 -0.729912 1.372798 0.055122 -0.691493 -0.265338 0.669623
1311870486.014211 1.698426 -0.731973 1.371102 0.056423 -0.692212 -0.265244 0.668808
1311870486.043924 1.690797 -0.734115 1.368702 0.057165 -0.692364 -0.264845 0.668746
1311870486.077096 1.688385 -0.737593 1.367920 0.057391 -0.693217 -0.263635 0.668321
1311870486.114309 1.681774 -0.737272 1.365080 0.057595 -0.693391 -0.262598 0.668531
1311870486.146847 1.676591 -0.739127 1.363877 0.057520 -0.693222 -0.262538 0.668736
1311870486.176394 1.670038 -0.741889 1.361329 0.057604 -0.692965 -0.262033 0.669193
1311870486.215167 1.666511 -0.743148 1.360557 0.059260 -0.692735 -0.262657 0.669043
1311870486.247416 1.658741 -0.747635 1.356064 0.061069 -0.691364 -0.264413 0.669606
1311870486.277315 1.656804 -0.747795 1.353827 0.064767 -0.690676 -0.264073 0.670103
1311870486.314593 1.654531 -0.747168 1.351856 0.065865 -0.689864 -0.263280 0.671143
1311870486.344442 1.650145 -0.747750 1.348143 0.066628 -0.688819 -0.263187 0.672177
1311870486.374888 1.646520 -0.747322 1.343589 0.067236 -0.687791 -0.262484 0.673443
1311870486.410964 1.644292 -0.747369 1.340632 0.067681 -0.687058 -0.261953 0.674352
1311870486.446126 1.641363 -0.747471 1.337522 0.067852 -0.686555 -0.261346 0.675083
1311870486.475142 1.637823 -0.747988 1.332405 0.068393 -0.685233 -0.260280 0.676781
1311870486.513695 1.637458 -0.746709 1.327858 0.069662 -0.684181 -0.259233 0.678117
1311870486.544595 1.634587 -0.748249 1.321963 0.069048 -0.683349 -0.258886 0.679150
1311870486.577795 1.631789 -0.746390 1.315357 0.069303 -0.682021 -0.257791 0.680873
1311870486.614111 1.630524 -0.746148 1.312983 0.070113 -0.680844 -0.255392 0.682869
1311870486.644716 1.630754 -0.744686 1.308156 0.070608 -0.678037 -0.252120 0.686816
1311870486.677991 1.629685 -0.744834 1.300286 0.070078 -0.674573 -0.248525 0.691575
1311870486.713699 1.627442 -0.746965 1.289898 0.071278 -0.671814 -0.245797 0.695104
1311870486.747476 1.627908 -0.747828 1.283008 0.074866 -0.670432 -0.243746 0.696782
1311870486.775603 1.630353 -0.746966 1.276846 0.077137 -0.668306 -0.239867 0.699915
1311870486.814059 1.630921 -0.746658 1.267040 0.077269 -0.665149 -0.234623 0.704669
1311870486.843922 1.632768 -0.746931 1.258146 0.077589 -0.663072 -0.229937 0.708127
1311870486.876884 1.633658 -0.747508 1.250030 0.078142 -0.660744 -0.226571 0.711320
1311870486.910964 1.632893 -0.749571 1.238119 0.079013 -0.658319 -0.222484 0.714754
1311870486.944171 1.634593 -0.750212 1.228068 0.081793 -0.657105 -0.218483 0.716790
1311870486.974944 1.639713 -0.746121 1.220273 0.085457 -0.655929 -0.214985 0.718495
1311870487.013483 1.641887 -0.746067 1.210719 0.086431 -0.654115 -0.211787 0.720978
1311870487.045716 1.643154 -0.745706 1.199897 0.087535 -0.652920 -0.207366 0.723210
1311870487.074835 1.647741 -0.742735 1.191304 0.088631 -0.652736 -0.203315 0.724392
1311870487.113212 1.650641 -0.743066 1.186400 0.089604 -0.652161 -0.200373 0.725608
1311870487.144542 1.650641 -0.743066 1.186400 0.089604 -0.652161 -0.200373 0.725608
1311870487.174917 1.650641 -0.743066 1.186400 0.089604 -0.652161 -0.200373 0.725608
1311870487.212424 1.650641 -0.743066 1.186400 0.089604 -0.652161 -0.200373 0.725608
1311870487.250248 1.650641 -0.743066 1.186400 0.089604 -0.652161 -0.200373 0.725608
1311870487.274881 1.650641 -0.743066 1.186400 0.089604 -0.652161 -0.200373 0.725608
1311870487.314494 1.650641 -0.743066 1.186400 0.089604 -0.652161 -0.200373 0.725608
1311870487.343317 1.654807 -0.740229 1.186623 0.091932 -0.651589 -0.197955 0.726495
1311870487.375022 1.654807 -0.740229 1.186623 0.091932 -0.651589 -0.197955 0.726495
1311870487.412400 1.654807 -0.740229 1.186623 0.091932 -0.651589 -0.197955 0.726495
1311870487.443194 1.656818 -0.734061 1.181856 0.092459 -0.650086 -0.197423 0.727917
1311870487.475038 1.659116 -0.730179 1.175615 0.091841 -0.649017 -0.199007 0.728518
1311870487.514023 1.662028 -0.725220 1.173507 0.091157 -0.648509 -0.200588 0.728623
1311870487.544312 1.663449 -0.720540 1.168924 0.089621 -0.647396 -0.200956 0.729700
1311870487.575002 1.663449 -0.720540 1.168924 0.089621 -0.647396 -0.200956 0.729700
1311870487.611318 1.663449 -0.720540 1.168924 0.089621 -0.647396 -0.200956 0.729700
1311870487.643614 1.663449 -0.720540 1.168924 0.089621 -0.647396 -0.200956 0.729700
1311870487.674996 1.663449 -0.720540 1.168924 0.087460 -0.646368 -0.202216 0.730526
1311870487.710972 1.663449 -0.720540 1.168924 0.087460 -0.646368 -0.202216 0.730526
1311870487.743421 1.663449 -0.720540 1.168924 0.087460 -0.646368 -0.202216 0.730526
1311870487.775194 1.663449 -0.720540 1.168924 0.087460 -0.646368 -0.202216 0.730526
1311870487.811083 1.663962 -0.716738 1.170118 0.088423 -0.645301 -0.203700 0.730940
1311870487.844713 1.662534 -0.714688 1.167767 0.087682 -0.644284 -0.205181 0.731513
1311870487.875006 1.662534 -0.714688 1.167767 0.087682 -0.644284 -0.205181 0.731513
1311870487.912913 1.662534 -0.714687 1.167767 0.086889 -0.644782 -0.206061 0.730920
1311870487.944520 1.662534 -0.714687 1.167767 0.086889 -0.644782 -0.206061 0.730920
1311870487.975028 1.662534 -0.714687 1.167767 0.086889 -0.644782 -0.206061 0.730920
1311870488.013400 1.662534 -0.714687 1.167767 0.086889 -0.644782 -0.206061 0.730920
1311870488.045647 1.661078 -0.709037 1.167167 0.087445 -0.644430 -0.207166 0.730853
1311870488.075044 1.661078 -0.709037 1.167167 0.087445 -0.644430 -0.207166 0.730853
1311870488.114438 1.661078 -0.709037 1.167167 0.087445 -0.644430 -0.207166 0.730853
1311870488.143525 1.661078 -0.709037 1.167167 0.087445 -0.644430 -0.207166 0.730853
1311870488.175287 1.661078 -0.709037 1.167167 0.087445 -0.644430 -0.207166 0.730853
1311870488.215548 1.661078 -0.709037 1.167167 0.087445 -0.644430 -0.207166 0.730853
1311870488.243035 1.661078 -0.709037 1.167167 0.087445 -0.644430 -0.207166 0.730853
1311870488.275181 1.657265 -0.706312 1.169123 0.084655 -0.645078 -0.207588 0.730490
1311870488.314277 1.652196 -0.702570 1.165296 0.081179 -0.645791 -0.208706 0.729935
1311870488.343231 1.646903 -0.705599 1.169800 0.078689 -0.647749 -0.211461 0.727677
1311870488.375053 1.643601 -0.704218 1.173493 0.078757 -0.648222 -0.213856 0.726548
1311870488.413716 1.640805 -0.701440 1.176210 0.078677 -0.647296 -0.214914 0.727070
1311870488.443189 1.635684 -0.701401 1.175321 0.077430 -0.645589 -0.215653 0.728501
1311870488.475126 1.633084 -0.699569 1.176149 0.076761 -0.644352 -0.217042 0.729254
1311870488.513911 1.630170 -0.700870 1.177172 0.075110 -0.643085 -0.217895 0.730290
1311870488.543135 1.628320 -0.696560 1.179614 0.073361 -0.642691 -0.218151 0.730737
1311870488.575150 1.624890 -0.695958 1.180184 0.070566 -0.642374 -0.219312 0.730943
1311870488.614782 1.621898 -0.694488 1.180554 0.068824 -0.641756 -0.220736 0.731224
1311870488.642988 1.618664 -0.695560 1.182144 0.066521 -0.640954 -0.221622 0.731872
1311870488.675182 1.616447 -0.693624 1.185448 0.066461 -0.640062 -0.222403 0.732421
1311870488.714949 1.613536 -0.694597 1.188376 0.066319 -0.638488 -0.223337 0.733523
1311870488.742973 1.611534 -0.692610 1.185301 0.067482 -0.635870 -0.224478 0.735341
1311870488.774991 1.611951 -0.688348 1.185746 0.067753 -0.634268 -0.224884 0.736574
1311870488.813158 1.610197 -0.687558 1.186311 0.065754 -0.632846 -0.225307 0.737848
1311870488.843027 1.611209 -0.684187 1.186427 0.064930 -0.631163 -0.226494 0.738998
1311870488.875180 1.609968 -0.683890 1.187773 0.063766 -0.628896 -0.228379 0.740451
1311870488.914190 1.609274 -0.683660 1.188135 0.062633 -0.626584 -0.229634 0.742117
1311870488.943145 1.608848 -0.679984 1.186742 0.062617 -0.624434 -0.230976 0.743513
1311870488.975055 1.610173 -0.675245 1.185040 0.062212 -0.622561 -0.232726 0.744571
1311870489.015230 1.611968 -0.669413 1.185853 0.060479 -0.620445 -0.232846 0.746440
1311870489.042989 1.611559 -0.665644 1.182024 0.058039 -0.617537 -0.232768 0.749065
1311870489.075006 1.613369 -0.661697 1.178175 0.055696 -0.614874 -0.233091 0.751329
1311870489.114834 1.616389 -0.656959 1.177940 0.052600 -0.612394 -0.232995 0.753604
1311870489.143430 1.618236 -0.651027 1.172882 0.049857 -0.610408 -0.231133 0.755972
1311870489.175392 1.620341 -0.646176 1.172868 0.047088 -0.609934 -0.230246 0.756803
1311870489.214801 1.623712 -0.642395 1.169708 0.045867 -0.608796 -0.230765 0.757635
1311870489.243220 1.626931 -0.637900 1.167171 0.043722 -0.606657 -0.230091 0.759680
1311870489.275166 1.630897 -0.631300 1.162170 0.040736 -0.604139 -0.228110 0.762445
1311870489.315177 1.634044 -0.626157 1.157346 0.036936 -0.602544 -0.227962 0.763943
1311870489.343021 1.635851 -0.619660 1.153418 0.035050 -0.601820 -0.228928 0.764314
1311870489.375409 1.639644 -0.617743 1.150093 0.032031 -0.601300 -0.230084 0.764508
1311870489.411268 1.640909 -0.615218 1.144972 0.029594 -0.600341 -0.230241 0.765313
1311870489.443337 1.645652 -0.610725 1.141204 0.028747 -0.599858 -0.231220 0.765429
1311870489.475262 1.647710 -0.608182 1.136164 0.027580 -0.598477 -0.231783 0.766382
1311870489.511309 1.650128 -0.603236 1.131617 0.027321 -0.597462 -0.230734 0.767499
1311870489.543278 1.652770 -0.600781 1.126354 0.026640 -0.596711 -0.230506 0.768175
1311870489.575205 1.656330 -0.597457 1.120868 0.027025 -0.596799 -0.230901 0.767975
1311870489.611206 1.659935 -0.594956 1.117387 0.027005 -0.596942 -0.231601 0.767654
1311870489.642879 1.662329 -0.592764 1.114650 0.026729 -0.596925 -0.230679 0.767954
1311870489.675215 1.664652 -0.589348 1.110383 0.026507 -0.596386 -0.230168 0.768533
1311870489.711229 1.667042 -0.586107 1.105011 0.026551 -0.595929 -0.229716 0.769022
1311870489.743078 1.671370 -0.583059 1.103433 0.025891 -0.596520 -0.229011 0.768796
1311870489.775225 1.672432 -0.579597 1.097558 0.024980 -0.595790 -0.228702 0.769484
1311870489.811281 1.675715 -0.576474 1.096556 0.024738 -0.596102 -0.229002 0.769161
1311870489.843240 1.678047 -0.573807 1.093023 0.023939 -0.595307 -0.229805 0.769562
1311870489.881222 1.679700 -0.571112 1.093360 0.023201 -0.594854 -0.229781 0.769942
1311870489.911377 1.681648 -0.566845 1.087851 0.021822 -0.593671 -0.228900 0.771157
1311870489.943081 1.682875 -0.564834 1.085422 0.020943 -0.592931 -0.229852 0.771468
1311870489.979557 1.684547 -0.561112 1.084949 0.020272 -0.592465 -0.230279 0.771716
1311870490.011168 1.685076 -0.560358 1.083027 0.018662 -0.591239 -0.230927 0.772503
1311870490.043138 1.687422 -0.554516 1.080941 0.018074 -0.590258 -0.230691 0.773337
1311870490.081807 1.687796 -0.551687 1.079100 0.016206 -0.589254 -0.231426 0.773924
1311870490.111060 1.689113 -0.547814 1.077315 0.014230 -0.588518 -0.232017 0.774346
1311870490.143196 1.689628 -0.544354 1.076228 0.012000 -0.588242 -0.233246 0.774225
1311870490.181076 1.690328 -0.544692 1.075475 0.010045 -0.588259 -0.234324 0.773914
1311870490.211190 1.691021 -0.541557 1.072547 0.009786 -0.587409 -0.235551 0.774190
1311870490.243373 1.693383 -0.538036 1.071262 0.009755 -0.587046 -0.235941 0.774347
1311870490.281109 1.693806 -0.537404 1.068631 0.009054 -0.587046 -0.236529 0.774176
1311870490.311195 1.696164 -0.535311 1.064390 0.008463 -0.587242 -0.237114 0.773855
1311870490.343089 1.697753 -0.533617 1.063838 0.008561 -0.587482 -0.237386 0.773589
1311870490.382586 1.699534 -0.533193 1.061578 0.008754 -0.587128 -0.237483 0.773826
1311870490.411084 1.701703 -0.532086 1.058424 0.009531 -0.586744 -0.237652 0.774056
1311870490.443151 1.704287 -0.529861 1.056204 0.010573 -0.586959 -0.237734 0.773854
1311870490.483897 1.705362 -0.529838 1.056017 0.010880 -0.587412 -0.237510 0.773574
1311870490.511192 1.709018 -0.529096 1.052248 0.011040 -0.586975 -0.237043 0.774047
1311870490.543237 1.712459 -0.529648 1.050872 0.011666 -0.586390 -0.236447 0.774663
1311870490.581310 1.715126 -0.527151 1.049241 0.012956 -0.585326 -0.235943 0.775601
1311870490.611259 1.718806 -0.527317 1.050509 0.012875 -0.584792 -0.235206 0.776228
1311870490.643214 1.720408 -0.527267 1.047435 0.013045 -0.583638 -0.234651 0.777261
1311870490.679239 1.721929 -0.531190 1.045829 0.013169 -0.583340 -0.234157 0.777632
1311870490.711269 1.724327 -0.532534 1.046502 0.015043 -0.583093 -0.232772 0.778199
1311870490.743220 1.726128 -0.533932 1.045020 0.016828 -0.582901 -0.230853 0.778877
1311870490.779308 1.727888 -0.536584 1.044508 0.018158 -0.583221 -0.229563 0.778990
1311870490.811202 1.730377 -0.537188 1.045116 0.019918 -0.583809 -0.227990 0.778968
1311870490.843222 1.732905 -0.537475 1.045629 0.020564 -0.584381 -0.226787 0.778873
1311870490.879217 1.732335 -0.541320 1.045447 0.020542 -0.585063 -0.226288 0.778507
1311870490.911255 1.735159 -0.541291 1.047926 0.021585 -0.586375 -0.225750 0.777647
1311870490.943228 1.734399 -0.546483 1.045629 0.021451 -0.587508 -0.225663 0.776821
1311870490.979347 1.736268 -0.551752 1.050509 0.022909 -0.589269 -0.225153 0.775592
1311870491.011290 1.736549 -0.555198 1.049129 0.025120 -0.589647 -0.224090 0.775544
1311870491.043154 1.738052 -0.558569 1.051326 0.027699 -0.590946 -0.222753 0.774853
1311870491.079292 1.739497 -0.559790 1.052999 0.029715 -0.592465 -0.221347 0.774020
1311870491.111326 1.740556 -0.561908 1.052283 0.030165 -0.595032 -0.220510 0.772271
1311870491.143213 1.740935 -0.567400 1.052345 0.029136 -0.599094 -0.220774 0.769088
1311870491.179327 1.741952 -0.573984 1.056731 0.028181 -0.603239 -0.221061 0.765794
1311870491.211416 1.742461 -0.581134 1.063711 0.028573 -0.605270 -0.220400 0.764366
1311870491.243379 1.742708 -0.586846 1.069777 0.030547 -0.605821 -0.219590 0.764086
1311870491.279099 1.741563 -0.592387 1.070944 0.033210 -0.605719 -0.218903 0.764253
1311870491.311156 1.742330 -0.595420 1.074026 0.035509 -0.606723 -0.217625 0.763718
1311870491.343197 1.742944 -0.599302 1.078086 0.037303 -0.608313 -0.217762 0.762328
1311870491.379175 1.743642 -0.602624 1.084244 0.038451 -0.610060 -0.217354 0.760990
1311870491.411130 1.744303 -0.607881 1.090467 0.039013 -0.611512 -0.217547 0.759740
1311870491.443276 1.744027 -0.613495 1.095808 0.039393 -0.612736 -0.217855 0.758645
1311870491.479155 1.743057 -0.617510 1.097067 0.040449 -0.613133 -0.217045 0.758500
1311870491.511162 1.745472 -0.620183 1.109335 0.042239 -0.614741 -0.215810 0.757454
1311870491.543186 1.747015 -0.622931 1.114928 0.042898 -0.614818 -0.215276 0.757505
1311870491.579136 1.747081 -0.626780 1.118379 0.042041 -0.614936 -0.215042 0.757524
1311870491.611216 1.747297 -0.630816 1.124252 0.041168 -0.615697 -0.215235 0.756899
1311870491.643223 1.747016 -0.636023 1.130381 0.042063 -0.615899 -0.216581 0.756301
1311870491.679240 1.748249 -0.640471 1.138447 0.043889 -0.615777 -0.217252 0.756104
1311870491.711210 1.749289 -0.644271 1.146064 0.045478 -0.615475 -0.216994 0.756330
1311870491.743109 1.750219 -0.646688 1.151444 0.046863 -0.615175 -0.216783 0.756551
1311870491.779329 1.751533 -0.649447 1.158767 0.047382 -0.615347 -0.216542 0.756447
1311870491.811155 1.753049 -0.652022 1.166027 0.046171 -0.615352 -0.215627 0.756780
1311870491.843188 1.754154 -0.654479 1.171808 0.045186 -0.615334 -0.214674 0.757124
1311870491.879325 1.755173 -0.658294 1.178789 0.044259 -0.615076 -0.215938 0.757030
1311870491.911296 1.755673 -0.659682 1.183831 0.044093 -0.614749 -0.216283 0.757206
1311870491.943254 1.757098 -0.662309 1.191973 0.043501 -0.615109 -0.216786 0.756804
1311870491.979292 1.758321 -0.663366 1.197545 0.044094 -0.615353 -0.217617 0.756333
1311870492.011230 1.759899 -0.666847 1.205973 0.044038 -0.615686 -0.218841 0.755711
1311870492.043219 1.760385 -0.667830 1.211710 0.044783 -0.615424 -0.218587 0.755954
1311870492.079221 1.761778 -0.671307 1.219675 0.044907 -0.615576 -0.218238 0.755925
1311870492.111294 1.763419 -0.672040 1.225351 0.044680 -0.615212 -0.218462 0.756169
1311870492.143334 1.764637 -0.671428 1.231277 0.044318 -0.615372 -0.217458 0.756350
1311870492.179310 1.764433 -0.676030 1.236825 0.043474 -0.615546 -0.217833 0.756149
1311870492.211322 1.765937 -0.677712 1.243973 0.043632 -0.615862 -0.218312 0.755745
1311870492.243271 1.766873 -0.679670 1.250351 0.044223 -0.616239 -0.218209 0.755433
1311870492.279278 1.766983 -0.683784 1.254417 0.045684 -0.616356 -0.218742 0.755096
1311870492.311357 1.769914 -0.684125 1.262195 0.046705 -0.616928 -0.219384 0.754380
1311870492.343260 1.770106 -0.684500 1.266470 0.046790 -0.616676 -0.220104 0.754371
1311870492.379293 1.770804 -0.685840 1.271953 0.046626 -0.617241 -0.220225 0.753884
1311870492.411353 1.771967 -0.686642 1.276705 0.046446 -0.618198 -0.220613 0.752997
1311870492.443309 1.772224 -0.687062 1.280046 0.046332 -0.618864 -0.221710 0.752133
1311870492.479330 1.773154 -0.691767 1.286436 0.045817 -0.619980 -0.222690 0.750956
1311870492.511312 1.774651 -0.692457 1.292708 0.046537 -0.620767 -0.222887 0.750202
1311870492.543335 1.777671 -0.692339 1.298340 0.046849 -0.621413 -0.223556 0.749449
1311870492.579262 1.778867 -0.693481 1.305096 0.046307 -0.622166 -0.224478 0.748582
1311870492.611395 1.779358 -0.694179 1.309042 0.046380 -0.622332 -0.225505 0.748131
1311870492.643303 1.780821 -0.695626 1.314272 0.046664 -0.622536 -0.226841 0.747539
1311870492.679416 1.782184 -0.697517 1.320371 0.046792 -0.622431 -0.227938 0.747285
1311870492.711364 1.782629 -0.699259 1.325564 0.046813 -0.622365 -0.228110 0.747286
1311870492.743283 1.784789 -0.700559 1.331751 0.047180 -0.622558 -0.228414 0.747009
1311870492.779457 1.785465 -0.702603 1.335489 0.046836 -0.622338 -0.228623 0.747150
1311870492.811340 1.786176 -0.704351 1.338595 0.047039 -0.622179 -0.227853 0.747505
1311870492.843308 1.786616 -0.707527 1.342802 0.048406 -0.622428 -0.227426 0.747340
1311870492.879362 1.789332 -0.707481 1.347623 0.049262 -0.622275 -0.227044 0.747528
1311870492.911641 1.789118 -0.708091 1.352448 0.048753 -0.622345 -0.225489 0.747974
1311870492.943380 1.787602 -0.709595 1.351405 0.047368 -0.622782 -0.224017 0.748141
1311870492.979305 1.788562 -0.707027 1.355092 0.046089 -0.624874 -0.223603 0.746599
1311870493.011429 1.787315 -0.707351 1.358440 0.042770 -0.626106 -0.224419 0.745518
1311870493.043316 1.785050 -0.708817 1.360148 0.039437 -0.626802 -0.224184 0.745188
1311870493.079222 1.783838 -0.709303 1.362871 0.037352 -0.627161 -0.224668 0.744848
1311870493.111251 1.782044 -0.712180 1.366089 0.036403 -0.626308 -0.226262 0.745130
1311870493.143285 1.780276 -0.712274 1.368602 0.036341 -0.624902 -0.226100 0.746362
1311870493.179267 1.778632 -0.711639 1.367311 0.036253 -0.623582 -0.225548 0.747636
1311870493.211286 1.777090 -0.709746 1.367722 0.036086 -0.623461 -0.226126 0.747570
1311870493.243266 1.774080 -0.714345 1.369193 0.033680 -0.623316 -0.225931 0.747862
1311870493.279326 1.771573 -0.715489 1.368221 0.033777 -0.623344 -0.223975 0.748422
1311870493.311344 1.771196 -0.713589 1.367890 0.033349 -0.624512 -0.222140 0.748014
1311870493.343296 1.768268 -0.716843 1.367352 0.031512 -0.625738 -0.221398 0.747290
1311870493.379352 1.765981 -0.717826 1.366002 0.031190 -0.627205 -0.220284 0.746403
1311870493.411505 1.764816 -0.717263 1.367903 0.031816 -0.628285 -0.219903 0.745579
1311870493.443388 1.762656 -0.719122 1.369654 0.031579 -0.627742 -0.220281 0.745935
1311870493.479434 1.759459 -0.720636 1.367343 0.032104 -0.626438 -0.220157 0.747045
1311870493.511475 1.756889 -0.720829 1.365628 0.032560 -0.625875 -0.219269 0.747757
1311870493.543377 1.754771 -0.722290 1.364646 0.032167 -0.625976 -0.218119 0.748026
1311870493.579523 1.752830 -0.723671 1.365073 0.031798 -0.626058 -0.216823 0.748350
1311870493.611605 1.751778 -0.724598 1.365252 0.032792 -0.625589 -0.215754 0.749008
1311870493.643420 1.748668 -0.727406 1.361999 0.033820 -0.624041 -0.216282 0.750101
1311870493.679357 1.747115 -0.727567 1.365575 0.035563 -0.622024 -0.215679 0.751867
1311870493.711375 1.744244 -0.727836 1.364428 0.037801 -0.619049 -0.215010 0.754401
1311870493.743403 1.743311 -0.727438 1.361325 0.039413 -0.616851 -0.215639 0.755938
1311870493.779356 1.741547 -0.726318 1.361817 0.039809 -0.616178 -0.215272 0.756570
1311870493.811365 1.741002 -0.725482 1.361754 0.039766 -0.616289 -0.214502 0.756700
1311870493.843390 1.739396 -0.726472 1.363477 0.038323 -0.616467 -0.214860 0.756529
1311870493.879323 1.735764 -0.728154 1.362733 0.037656 -0.616021 -0.215440 0.756760
1311870493.911477 1.733075 -0.729426 1.363963 0.038760 -0.615491 -0.216332 0.756881
1311870493.943368 1.731857 -0.730401 1.365293 0.040863 -0.614960 -0.218419 0.756602
1311870493.979508 1.729541 -0.730861 1.366739 0.042541 -0.614428 -0.220171 0.756435
1311870494.011888 1.725577 -0.731678 1.367854 0.043414 -0.614206 -0.219985 0.756619
1311870494.043210 1.723872 -0.729803 1.367625 0.044260 -0.614776 -0.219352 0.756291
1311870494.079376 1.721041 -0.732179 1.367898 0.043261 -0.616358 -0.219251 0.755090
1311870494.111398 1.719913 -0.733122 1.367775 0.042810 -0.618163 -0.219097 0.753683
1311870494.143313 1.718743 -0.735982 1.372891 0.041961 -0.620380 -0.219364 0.751829
1311870494.179353 1.716597 -0.740212 1.376961 0.041857 -0.621870 -0.219558 0.750547
1311870494.211397 1.714842 -0.742902 1.381040 0.042810 -0.623217 -0.219807 0.749301
1311870494.243321 1.713402 -0.745616 1.382961 0.044925 -0.624525 -0.221242 0.747665
1311870494.279553 1.713039 -0.748530 1.388310 0.047373 -0.626342 -0.223010 0.745465
1311870494.311381 1.712559 -0.752621 1.393326 0.049834 -0.627576 -0.224160 0.743920
1311870494.343373 1.713062 -0.754255 1.396402 0.051399 -0.627959 -0.224465 0.743398
1311870494.379546 1.712788 -0.756617 1.402613 0.051895 -0.629035 -0.223769 0.742664
1311870494.411300 1.712979 -0.757898 1.407374 0.051729 -0.630010 -0.223637 0.741888
1311870494.443357 1.711999 -0.760568 1.412757 0.051053 -0.631612 -0.225201 0.740098
1311870494.479365 1.711089 -0.763666 1.417943 0.050172 -0.632934 -0.226903 0.738507
1311870494.511516 1.709257 -0.767788 1.423461 0.050872 -0.633881 -0.228932 0.737019
1311870494.543527 1.708882 -0.770270 1.426082 0.052578 -0.634068 -0.231364 0.735978
1311870494.579608 1.707573 -0.773248 1.430333 0.053739 -0.634592 -0.232684 0.735026
1311870494.611451 1.707546 -0.774349 1.434567 0.055059 -0.635855 -0.233023 0.733728
1311870494.643379 1.707653 -0.776352 1.438747 0.055019 -0.637842 -0.234140 0.731648
1311870494.679420 1.707622 -0.778505 1.443899 0.054951 -0.640202 -0.235511 0.729147
1311870494.711486 1.707312 -0.781002 1.448834 0.054864 -0.642051 -0.236540 0.727193
1311870494.743354 1.707055 -0.782955 1.453806 0.055421 -0.643559 -0.238166 0.725284
1311870494.779566 1.706544 -0.783683 1.457717 0.055604 -0.644836 -0.239666 0.723640
1311870494.811428 1.706043 -0.784773 1.461019 0.054905 -0.645661 -0.240792 0.722583
1311870494.843396 1.705287 -0.784985 1.464693 0.054055 -0.646534 -0.241758 0.721543
1311870494.879540 1.704642 -0.788818 1.468916 0.053132 -0.648116 -0.243125 0.719731
1311870494.911510 1.703800 -0.789300 1.473053 0.053033 -0.649735 -0.243931 0.718004
1311870494.943602 1.703769 -0.791131 1.477285 0.052948 -0.651451 -0.244617 0.716220
1311870494.979390 1.703275 -0.793553 1.478976 0.053403 -0.652764 -0.245767 0.714595
1311870495.011491 1.704771 -0.793819 1.482456 0.054606 -0.654294 -0.246985 0.712682
1311870495.043432 1.704429 -0.794297 1.483208 0.055242 -0.655028 -0.248195 0.711538
1311870495.079467 1.704939 -0.796489 1.487188 0.055772 -0.656332 -0.248769 0.710093
1311870495.111297 1.706013 -0.797641 1.490531 0.056542 -0.657650 -0.249905 0.708411
1311870495.143348 1.705865 -0.799539 1.493464 0.057369 -0.658898 -0.250876 0.706840
1311870495.179441 1.706865 -0.800721 1.495029 0.058498 -0.659789 -0.251815 0.705582
1311870495.211492 1.707367 -0.802325 1.497473 0.059097 -0.660579 -0.252638 0.704497
1311870495.243412 1.708947 -0.802567 1.500042 0.060004 -0.661471 -0.253488 0.703278
1311870495.279615 1.709354 -0.804418 1.502971 0.060476 -0.662385 -0.254971 0.701840
1311870495.311423 1.710228 -0.804935 1.504243 0.061357 -0.662995 -0.256267 0.700714
1311870495.343427 1.710817 -0.805536 1.506511 0.062203 -0.663740 -0.258172 0.699233
1311870495.379434 1.711622 -0.805990 1.508660 0.063319 -0.664588 -0.260070 0.697622
1311870495.411446 1.713396 -0.804339 1.509686 0.064181 -0.665665 -0.261849 0.695849
1311870495.443388 1.713590 -0.804794 1.511444 0.064240 -0.666685 -0.264387 0.693905
1311870495.479588 1.713439 -0.804317 1.513869 0.064817 -0.667998 -0.266094 0.691933
1311870495.511384 1.715007 -0.803693 1.516017 0.065402 -0.669584 -0.268940 0.689240
1311870495.543386 1.714563 -0.803898 1.516496 0.065506 -0.670612 -0.271645 0.687166
1311870495.579444 1.715739 -0.802228 1.517555 0.065283 -0.672000 -0.273587 0.685057
1311870495.611710 1.715550 -0.801334 1.517386 0.064633 -0.673873 -0.275390 0.682553
1311870495.643449 1.716336 -0.800951 1.518809 0.063647 -0.676415 -0.277069 0.679444
1311870495.679371 1.717308 -0.800663 1.518160 0.062628 -0.678810 -0.278363 0.676616
1311870495.711761 1.718944 -0.800235 1.518962 0.062187 -0.680935 -0.279442 0.674072
1311870495.743600 1.720599 -0.799850 1.519055 0.061943 -0.682129 -0.279871 0.672707
1311870495.779388 1.721967 -0.800217 1.518309 0.061758 -0.682805 -0.279807 0.672065
1311870495.811625 1.723862 -0.800475 1.516421 0.063304 -0.683341 -0.279722 0.671412
1311870495.843576 1.728745 -0.797141 1.513954 0.064838 -0.683796 -0.279860 0.670743
1311870495.879595 1.731853 -0.796484 1.513605 0.063563 -0.684611 -0.279114 0.670346
1311870495.911554 1.734496 -0.795572 1.511301 0.062340 -0.684848 -0.277567 0.670860
1311870495.943537 1.738337 -0.794906 1.509307 0.061969 -0.684620 -0.276962 0.671377
1311870495.979656 1.741227 -0.795280 1.508278 0.061885 -0.684055 -0.276635 0.672095
1311870496.011625 1.744364 -0.794953 1.505150 0.062995 -0.682702 -0.276035 0.673612
1311870496.043556 1.747727 -0.793808 1.502827 0.064263 -0.681403 -0.275507 0.675023
1311870496.079440 1.752464 -0.792072 1.497621 0.064678 -0.680158 -0.274867 0.676498
1311870496.111791 1.756800 -0.789945 1.492848 0.063760 -0.679375 -0.273686 0.677849
1311870496.143401 1.759987 -0.789019 1.489043 0.062952 -0.678956 -0.272304 0.678901
1311870496.179563 1.764334 -0.787887 1.484471 0.062656 -0.678835 -0.270687 0.679696
1311870496.211581 1.768720 -0.785622 1.479359 0.063423 -0.678644 -0.270311 0.679965
1311870496.243641 1.772785 -0.782467 1.474292 0.065222 -0.678191 -0.270301 0.680250
1311870496.279839 1.778920 -0.778624 1.470048 0.065740 -0.677573 -0.270295 0.680818
1311870496.311445 1.784235 -0.773324 1.467148 0.065083 -0.677410 -0.269702 0.681279
1311870496.343426 1.788697 -0.769563 1.462334 0.063797 -0.677290 -0.270030 0.681389
1311870496.379559 1.790670 -0.767258 1.456768 0.062750 -0.677238 -0.271174 0.681085
1311870496.411605 1.796626 -0.766380 1.457179 0.063809 -0.677070 -0.272873 0.680474
1311870496.443469 1.800821 -0.762515 1.455994 0.064943 -0.675888 -0.273212 0.681405
1311870496.479565 1.805270 -0.760021 1.453375 0.065349 -0.674501 -0.273332 0.682691
1311870496.511618 1.809667 -0.756769 1.450906 0.065461 -0.673469 -0.273266 0.683726
1311870496.543663 1.813536 -0.756653 1.450880 0.064880 -0.672907 -0.273796 0.684121
1311870496.579536 1.815031 -0.757123 1.452529 0.064675 -0.672277 -0.273555 0.684857
1311870496.611486 1.819860 -0.754585 1.449548 0.065407 -0.670649 -0.273598 0.686364
1311870496.643485 1.821199 -0.754292 1.450808 0.065026 -0.669601 -0.273604 0.687421
1311870496.679506 1.824786 -0.752346 1.448991 0.065268 -0.668907 -0.273225 0.688224
1311870496.711627 1.827677 -0.751675 1.450140 0.064316 -0.669040 -0.272627 0.688421
1311870496.743548 1.828853 -0.753600 1.451264 0.063906 -0.668754 -0.271493 0.689185
1311870496.779658 1.830788 -0.753885 1.450233 0.065064 -0.668317 -0.269744 0.690186
1311870496.811666 1.834795 -0.751616 1.449631 0.066566 -0.668438 -0.268575 0.690382
1311870496.843618 1.836371 -0.753859 1.450476 0.066407 -0.669019 -0.268163 0.689995
1311870496.879599 1.838809 -0.754249 1.450467 0.066795 -0.670071 -0.266954 0.689404
1311870496.911711 1.840950 -0.755404 1.453513 0.067590 -0.671134 -0.266062 0.688638
1311870496.943683 1.842096 -0.759018 1.455664 0.068103 -0.671639 -0.264964 0.688518
1311870496.979493 1.844306 -0.759619 1.455919 0.069298 -0.672169 -0.263643 0.688389
1311870497.011669 1.843865 -0.762911 1.455153 0.069842 -0.672213 -0.263228 0.688450
1311870497.043473 1.847423 -0.764785 1.461922 0.072803 -0.672989 -0.263362 0.687333
1311870497.079687 1.849337 -0.766158 1.465828 0.075065 -0.673299 -0.263826 0.686608
1311870497.111612 1.850102 -0.767739 1.468739 0.077110 -0.673356 -0.264492 0.686068
1311870497.143721 1.852127 -0.769097 1.472223 0.079096 -0.673725 -0.264981 0.685291
1311870497.179611 1.852743 -0.771505 1.477079 0.080118 -0.674368 -0.266124 0.684096
1311870497.211751 1.852760 -0.775144 1.481929 0.081705 -0.675206 -0.267226 0.682650
1311870497.243694 1.853878 -0.776351 1.483904 0.083395 -0.675595 -0.268547 0.681542
1311870497.279855 1.854173 -0.780058 1.490468 0.084370 -0.676895 -0.269229 0.679861
1311870497.311714 1.854140 -0.781134 1.495569 0.085199 -0.678026 -0.269313 0.678596
1311870497.343508 1.855720 -0.784614 1.503480 0.085080 -0.679614 -0.269428 0.676975
1311870497.379599 1.856080 -0.787027 1.508771 0.084678 -0.680730 -0.269536 0.675860
1311870497.411557 1.856229 -0.790608 1.515328 0.083737 -0.681973 -0.270282 0.674425
1311870497.443690 1.855911 -0.791649 1.518308 0.083321 -0.682651 -0.270811 0.673577
1311870497.479735 1.857212 -0.793739 1.526236 0.083868 -0.684224 -0.272143 0.671373
1311870497.511707 1.858074 -0.797454 1.534258 0.082910 -0.685830 -0.273620 0.669250
1311870497.543641 1.858099 -0.799083 1.540801 0.081555 -0.687683 -0.273873 0.667408
1311870497.579833 1.858645 -0.802065 1.545956 0.080518 -0.689558 -0.274964 0.665148
1311870497.611790 1.858933 -0.803138 1.550677 0.081435 -0.690453 -0.277098 0.663219
1311870497.643755 1.858933 -0.803138 1.550677 0.081435 -0.690453 -0.277098 0.663219
1311870497.679782 1.858933 -0.803138 1.550677 0.081435 -0.690453 -0.277098 0.663219
1311870497.711783 1.859511 -0.802593 1.555033 0.080136 -0.691383 -0.276630 0.662604
1311870497.743625 1.860010 -0.805786 1.560828 0.078659 -0.692856 -0.277399 0.660918
1311870497.779826 1.859660 -0.807828 1.568982 0.077814 -0.694256 -0.277462 0.659522
1311870497.811723 1.858340 -0.813429 1.574568 0.076761 -0.694826 -0.278077 0.658785
1311870497.843750 1.858414 -0.814905 1.578087 0.077702 -0.694691 -0.279206 0.658340
1311870497.879674 1.860012 -0.813337 1.585302 0.078924 -0.695099 -0.279644 0.657577
1311870497.911821 1.860903 -0.810744 1.587517 0.079946 -0.694985 -0.279672 0.657563
1311870497.943701 1.860657 -0.813139 1.589468 0.079350 -0.695255 -0.280026 0.657198
1311870497.979692 1.860752 -0.814929 1.597052 0.079685 -0.695902 -0.281940 0.655653
1311870498.011908 1.860211 -0.816788 1.600986 0.080624 -0.696078 -0.283353 0.654741
1311870498.043847 1.862123 -0.817008 1.604028 0.081498 -0.696152 -0.284207 0.654184
1311870498.079623 1.860684 -0.816956 1.605559 0.081847 -0.695703 -0.285899 0.653881
1311870498.111753 1.859259 -0.817335 1.606104 0.081779 -0.695651 -0.286529 0.653669
1311870498.143624 1.860072 -0.818534 1.608232 0.082168 -0.696270 -0.287396 0.652580
1311870498.179863 1.859605 -0.816157 1.607125 0.082879 -0.696279 -0.288633 0.651934
1311870498.211623 1.857954 -0.816794 1.608332 0.082625 -0.696735 -0.289429 0.651125
1311870498.243773 1.858072 -0.815922 1.608517 0.082942 -0.696900 -0.289997 0.650655
1311870498.279753 1.856257 -0.817466 1.607548 0.082574 -0.696452 -0.290831 0.650809
1311870498.311829 1.854798 -0.817327 1.607641 0.083646 -0.695059 -0.290588 0.652269
1311870498.343830 1.852745 -0.816857 1.609626 0.084168 -0.693060 -0.289051 0.655006
1311870498.379719 1.852153 -0.815566 1.604549 0.084744 -0.690361 -0.286940 0.658700
1311870498.411770 1.853414 -0.808704 1.598506 0.085141 -0.688466 -0.284787 0.661560
1311870498.443588 1.854707 -0.804098 1.594686 0.083313 -0.687671 -0.285262 0.662415
1311870498.479824 1.852158 -0.803853 1.591472 0.080031 -0.687297 -0.285287 0.663197
1311870498.511760 1.851543 -0.800766 1.586832 0.078808 -0.686356 -0.284755 0.664544
1311870498.543664 1.849104 -0.800165 1.579255 0.078517 -0.684755 -0.284709 0.666248
1311870498.579847 1.849734 -0.796871 1.571905 0.078474 -0.683199 -0.283569 0.668333
1311870498.612284 1.848433 -0.790763 1.562679 0.077433 -0.681390 -0.280661 0.671521
1311870498.643972 1.845660 -0.788955 1.554153 0.075233 -0.680378 -0.276497 0.674519
1311870498.679748 1.847728 -0.787031 1.546350 0.074122 -0.680077 -0.272704 0.676487
1311870498.711836 1.847772 -0.783465 1.538712 0.072654 -0.678668 -0.270343 0.679003
1311870498.743611 1.846698 -0.778382 1.527709 0.069849 -0.676559 -0.266408 0.682947
1311870498.779817 1.844840 -0.776439 1.518385 0.066674 -0.675762 -0.262487 0.685566
1311870498.811828 1.842682 -0.770868 1.505209 0.066145 -0.674731 -0.260380 0.687434
1311870498.843754 1.842330 -0.768771 1.495724 0.065023 -0.674750 -0.257724 0.688522
1311870498.879682 1.841566 -0.768001 1.487549 0.064387 -0.674239 -0.254726 0.690196
1311870498.911793 1.842254 -0.760258 1.474418 0.065591 -0.672107 -0.251596 0.693304
1311870498.943959 1.842983 -0.756216 1.468717 0.065528 -0.670694 -0.250470 0.695083
1311870498.979675 1.840043 -0.751578 1.456807 0.065131 -0.668141 -0.249059 0.698080
1311870499.011674 1.839170 -0.746457 1.445554 0.065601 -0.667034 -0.246690 0.699933
1311870499.047750 1.840052 -0.740138 1.439266 0.065625 -0.667147 -0.246429 0.699915
1311870499.079561 1.838122 -0.734172 1.428285 0.065538 -0.665919 -0.246680 0.701004
1311870499.111876 1.837329 -0.729408 1.422784 0.065555 -0.664993 -0.245561 0.702273
1311870499.147720 1.835724 -0.727139 1.412100 0.066137 -0.662942 -0.245333 0.704234
1311870499.179917 1.834759 -0.723742 1.405713 0.066860 -0.661408 -0.245356 0.705599
1311870499.211843 1.833195 -0.719021 1.399311 0.068687 -0.659627 -0.244930 0.707236
1311870499.247640 1.833195 -0.719021 1.399311 0.068687 -0.659627 -0.244930 0.707236
1311870499.279843 1.833195 -0.719021 1.399311 0.068687 -0.659627 -0.244930 0.707236
1311870499.311852 1.832307 -0.716389 1.394088 0.067897 -0.659229 -0.244460 0.707846
1311870499.347761 1.830492 -0.714158 1.386780 0.066382 -0.659513 -0.243719 0.707981
1311870499.379654 1.826866 -0.714972 1.379229 0.064519 -0.659892 -0.243635 0.707829
1311870499.411904 1.825017 -0.713921 1.373961 0.062949 -0.659917 -0.243063 0.708144
1311870499.447712 1.820340 -0.717471 1.368119 0.061904 -0.659096 -0.243003 0.709021
1311870499.479701 1.818895 -0.718764 1.366607 0.063287 -0.659042 -0.241804 0.709358
1311870499.511929 1.811846 -0.720688 1.353386 0.065048 -0.656829 -0.242088 0.711153
1311870499.547724 1.809411 -0.720244 1.347930 0.068044 -0.655413 -0.242038 0.712195
1311870499.580101 1.809411 -0.720244 1.347930 0.068044 -0.655413 -0.242038 0.712195
1311870499.611806 1.809411 -0.720244 1.347930 0.068044 -0.655413 -0.242038 0.712195
1311870499.647772 1.806815 -0.719359 1.345285 0.069940 -0.654701 -0.241835 0.712735
1311870499.679669 1.806815 -0.719359 1.345285 0.069940 -0.654701 -0.241835 0.712735
1311870499.711830 1.806815 -0.719359 1.345285 0.069940 -0.654701 -0.241835 0.712735
1311870499.747903 1.801986 -0.715842 1.340091 0.069833 -0.654093 -0.242626 0.713035
1311870499.779757 1.794981 -0.713866 1.336062 0.068421 -0.653371 -0.243693 0.713470
1311870499.811836 1.787045 -0.715407 1.331520 0.067896 -0.652539 -0.244060 0.714155
1311870499.847770 1.779618 -0.712245 1.324345 0.070385 -0.651173 -0.245085 0.714810
1311870499.879787 1.771937 -0.712486 1.317837 0.072010 -0.650007 -0.246401 0.715257
1311870499.911800 1.768838 -0.711961 1.315252 0.073534 -0.649856 -0.246042 0.715362
1311870499.947701 1.758442 -0.708206 1.302054 0.073613 -0.650235 -0.241251 0.716640
1311870499.979829 1.758442 -0.708206 1.302054 0.073613 -0.650235 -0.241251 0.716640
1311870500.011682 1.746890 -0.708391 1.289093 0.075580 -0.653030 -0.238728 0.714737
1311870500.047754 1.740924 -0.709222 1.283837 0.075113 -0.653246 -0.236654 0.715278
1311870500.079955 1.733225 -0.709921 1.276709 0.076081 -0.652302 -0.235575 0.716392
1311870500.111923 1.726827 -0.709218 1.272164 0.078687 -0.651956 -0.234287 0.716848
1311870500.147807 1.719304 -0.711899 1.263386 0.080396 -0.650723 -0.233891 0.717907
1311870500.179782 1.714177 -0.708004 1.258515 0.081903 -0.650193 -0.231188 0.719092
1311870500.211909 1.708059 -0.706414 1.253573 0.083139 -0.649625 -0.230513 0.719679
1311870500.247783 1.703260 -0.702629 1.250213 0.084185 -0.648716 -0.230631 0.720340
1311870500.279624 1.696413 -0.702724 1.244765 0.083788 -0.647568 -0.230665 0.721408
1311870500.311946 1.690501 -0.701995 1.239594 0.082694 -0.646855 -0.230501 0.722226
1311870500.347791 1.684508 -0.699808 1.233078 0.082804 -0.645878 -0.231718 0.722697
1311870500.379875 1.681475 -0.696628 1.228884 0.081349 -0.644945 -0.233168 0.723229
1311870500.411721 1.675675 -0.694656 1.223742 0.078816 -0.643886 -0.234186 0.724124
1311870500.447890 1.669623 -0.697940 1.216427 0.076732 -0.643262 -0.235585 0.724449
1311870500.479808 1.664331 -0.701477 1.210733 0.078211 -0.642756 -0.237239 0.724200
1311870500.511934 1.662030 -0.700351 1.207221 0.081856 -0.641285 -0.238111 0.724815
1311870500.547775 1.657806 -0.697316 1.198088 0.084006 -0.638675 -0.237086 0.727206
1311870500.579706 1.655721 -0.695773 1.192684 0.085248 -0.637528 -0.236696 0.728193
1311870500.611853 1.653582 -0.692782 1.186210 0.085709 -0.636219 -0.235712 0.729602
1311870500.647928 1.651022 -0.690900 1.179135 0.085557 -0.634581 -0.234163 0.731543
1311870500.679732 1.648763 -0.688842 1.172805 0.085941 -0.632334 -0.233035 0.733800
1311870500.711786 1.647484 -0.686245 1.164344 0.086285 -0.629711 -0.231498 0.736497
1311870500.747952 1.647143 -0.682559 1.158599 0.085790 -0.627207 -0.229997 0.739157
1311870500.779943 1.645345 -0.679922 1.148996 0.084134 -0.624271 -0.227504 0.742596
1311870500.811954 1.645707 -0.676004 1.141051 0.082935 -0.622359 -0.224590 0.745218
1311870500.848004 1.645362 -0.673285 1.130655 0.081642 -0.620188 -0.222839 0.747693
1311870500.880131 1.645362 -0.673285 1.130655 0.081642 -0.620188 -0.222839 0.747693
1311870500.911759 1.645362 -0.673285 1.130655 0.081642 -0.620188 -0.222839 0.747693
1311870500.947879 1.645363 -0.673284 1.130650 0.082890 -0.615021 -0.217812 0.753284
1311870500.979878 1.645363 -0.673282 1.130648 0.082786 -0.612331 -0.214707 0.756372
1311870501.011943 1.645364 -0.673281 1.130646 0.082044 -0.610057 -0.211424 0.759210
1311870501.047804 1.645365 -0.673280 1.130643 0.080582 -0.607441 -0.209534 0.761982
1311870501.079842 1.645365 -0.673279 1.130641 0.078187 -0.605369 -0.208085 0.764274
1311870501.111897 1.645366 -0.673278 1.130639 0.075699 -0.603310 -0.205602 0.766821
1311870501.147952 1.645367 -0.673276 1.130636 0.072282 -0.600528 -0.202770 0.770081
1311870501.179865 1.645367 -0.673276 1.130633 0.068368 -0.598218 -0.199956 0.772967
1311870501.211743 1.645367 -0.673275 1.130631 0.066592 -0.596779 -0.196616 0.775088
1311870501.248040 1.645368 -0.673274 1.130628 0.066545 -0.595500 -0.194178 0.776689
1311870501.279931 1.645368 -0.673273 1.130626 0.066195 -0.593484 -0.193096 0.778530
1311870501.311750 1.645369 -0.673271 1.130624 0.066325 -0.590695 -0.191116 0.781124
1311870501.348003 1.645369 -0.673270 1.130621 0.065172 -0.588402 -0.189348 0.783379
1311870501.379857 1.645369 -0.673268 1.130619 0.064012 -0.587153 -0.189129 0.784464
1311870501.411963 1.645370 -0.673267 1.130617 0.063059 -0.585663 -0.190246 0.785384
1311870501.447890 1.645370 -0.673266 1.130615 0.063050 -0.583763 -0.190975 0.786622
1311870501.479909 1.645370 -0.673264 1.130613 0.063073 -0.583758 -0.190547 0.786728
1311870501.511909 1.645370 -0.673262 1.130611 0.059482 -0.584581 -0.191130 0.786255
1311870501.548011 1.645369 -0.673261 1.130610 0.057436 -0.586274 -0.193019 0.784683
1311870501.579810 1.645369 -0.673261 1.130609 0.057541 -0.587637 -0.196706 0.782738
1311870501.612018 1.645369 -0.673261 1.130609 0.057541 -0.587637 -0.196706 0.782738
1311870501.647864 1.645369 -0.673261 1.130609 0.057541 -0.587637 -0.196706 0.782738
1311870501.679989 1.645369 -0.673261 1.130607 0.058692 -0.585651 -0.195774 0.784372
1311870501.711907 1.645369 -0.673259 1.130605 0.059746 -0.584978 -0.194364 0.785145
1311870501.747900 1.645369 -0.673259 1.130604 0.058917 -0.585352 -0.193844 0.785058
1311870501.780039 1.645369 -0.673259 1.130604 0.058917 -0.585352 -0.193844 0.785058
1311870501.812193 1.643094 -0.671651 1.127022 0.058734 -0.585375 -0.194505 0.784891
1311870501.848089 1.643094 -0.671651 1.127022 0.058734 -0.585375 -0.194505 0.784891
1311870501.879841 1.643094 -0.671651 1.127022 0.058734 -0.585375 -0.194505 0.784891
1311870501.911796 1.643093 -0.671650 1.127020 0.058287 -0.582953 -0.195378 0.786509
1311870501.947888 1.643093 -0.671650 1.127020 0.058287 -0.582953 -0.195378 0.786509
1311870501.980072 1.640253 -0.668362 1.121185 0.057977 -0.583361 -0.195920 0.786094
1311870502.011986 1.639170 -0.669496 1.119794 0.057686 -0.583192 -0.196134 0.786187
1311870502.047757 1.639170 -0.669496 1.119794 0.057686 -0.583192 -0.196134 0.786187
1311870502.080053 1.639169 -0.669495 1.119792 0.058804 -0.580685 -0.193203 0.788682
1311870502.111939 1.639168 -0.669495 1.119791 0.059192 -0.579325 -0.190912 0.790210
1311870502.148086 1.639168 -0.669495 1.119791 0.059192 -0.579325 -0.190912 0.790210
1311870502.180123 1.639168 -0.669495 1.119791 0.059192 -0.579325 -0.190912 0.790210
1311870502.211942 1.628991 -0.665692 1.108809 0.063571 -0.578834 -0.188098 0.790904
1311870502.247902 1.628991 -0.665692 1.108809 0.063571 -0.578834 -0.188098 0.790904
1311870502.279943 1.628991 -0.665692 1.108809 0.063571 -0.578834 -0.188098 0.790904
1311870502.312128 1.628989 -0.665690 1.108807 0.059158 -0.584060 -0.187077 0.787640
1311870502.348085 1.628989 -0.665690 1.108807 0.059158 -0.584060 -0.187077 0.787640
1311870502.379971 1.628989 -0.665690 1.108807 0.059158 -0.584060 -0.187077 0.787640
1311870502.411996 1.628989 -0.665690 1.108807 0.059158 -0.584060 -0.187077 0.787640
1311870502.447989 1.628988 -0.665690 1.108806 0.058224 -0.580658 -0.184151 0.790908
1311870502.480060 1.628988 -0.665690 1.108806 0.058224 -0.580658 -0.184151 0.790908
1311870502.511998 1.628988 -0.665690 1.108806 0.058224 -0.580658 -0.184151 0.790908
1311870502.547785 1.628988 -0.665690 1.108806 0.058224 -0.580658 -0.184151 0.790908
1311870502.579726 1.628986 -0.665690 1.108804 0.059085 -0.578282 -0.182500 0.792965
1311870502.611956 1.628985 -0.665689 1.108802 0.061951 -0.576260 -0.182507 0.794215
1311870502.647923 1.628985 -0.665689 1.108802 0.061951 -0.576260 -0.182507 0.794215
1311870502.679998 1.628985 -0.665689 1.108802 0.061951 -0.576260 -0.182507 0.794215
1311870502.712040 1.628985 -0.665689 1.108802 0.061951 -0.576260 -0.182507 0.794215
1311870502.748009 1.628984 -0.665688 1.108798 0.056035 -0.573339 -0.184836 0.796228
1311870502.779903 1.628984 -0.665688 1.108798 0.056035 -0.573339 -0.184836 0.796228
1311870502.812215 1.628984 -0.665688 1.108799 0.056035 -0.573339 -0.184836 0.796228
1311870502.848251 1.621917 -0.670951 1.096365 0.060177 -0.570641 -0.188657 0.796967
1311870502.879856 1.621917 -0.670951 1.096365 0.060177 -0.570641 -0.188657 0.796967
1311870502.911868 1.621917 -0.670951 1.096365 0.060177 -0.570641 -0.188657 0.796967
1311870502.947918 1.621916 -0.670950 1.096361 0.061740 -0.565960 -0.185600 0.800894
1311870502.979904 1.621916 -0.670950 1.096359 0.060802 -0.565556 -0.185706 0.801226
1311870503.012049 1.621916 -0.670950 1.096359 0.060802 -0.565556 -0.185706 0.801226
1311870503.047853 1.620403 -0.671387 1.088313 0.063355 -0.562289 -0.186734 0.803086
1311870503.080047 1.617476 -0.667922 1.082984 0.065519 -0.558446 -0.185637 0.805844
1311870503.112061 1.617476 -0.667922 1.082984 0.065519 -0.558446 -0.185637 0.805844
1311870503.148129 1.617475 -0.667922 1.082982 0.064644 -0.554527 -0.184069 0.808974
1311870503.179945 1.617475 -0.667922 1.082981 0.062975 -0.550699 -0.181474 0.812301
1311870503.212212 1.617475 -0.667921 1.082979 0.061738 -0.546102 -0.179172 0.816002
1311870503.247900 1.617475 -0.667921 1.082977 0.060564 -0.540741 -0.177361 0.820045
1311870503.280065 1.617475 -0.667920 1.082975 0.059142 -0.536201 -0.174997 0.823630
1311870503.312120 1.617474 -0.667919 1.082972 0.058104 -0.533121 -0.173030 0.826115
1311870503.347883 1.617474 -0.667918 1.082970 0.058109 -0.532180 -0.171642 0.827011
1311870503.379934 1.617474 -0.667918 1.082968 0.057611 -0.530615 -0.170821 0.828220
1311870503.412119 1.617474 -0.667917 1.082965 0.057497 -0.528267 -0.169467 0.830006
1311870503.448175 1.617474 -0.667917 1.082965 0.057497 -0.528267 -0.169467 0.830006
1311870503.480013 1.617474 -0.667917 1.082965 0.057497 -0.528267 -0.169467 0.830006
1311870503.512104 1.617474 -0.667917 1.082965 0.057497 -0.528267 -0.169467 0.830006
1311870503.548220 1.617475 -0.667917 1.082963 0.057799 -0.527043 -0.168271 0.831005
1311870503.580038 1.617475 -0.667915 1.082961 0.057313 -0.525916 -0.167820 0.831844
1311870503.612142 1.617475 -0.667914 1.082959 0.054194 -0.523828 -0.167363 0.833461
1311870503.648065 1.617475 -0.667914 1.082957 0.051238 -0.522980 -0.166493 0.834354
1311870503.680293 1.617475 -0.667913 1.082955 0.049070 -0.522813 -0.166013 0.834685
1311870503.711937 1.617475 -0.667913 1.082955 0.049070 -0.522813 -0.166013 0.834685
1311870503.748145 1.614377 -0.662678 1.075052 0.047728 -0.520320 -0.164037 0.836709
1311870503.780083 1.609181 -0.661445 1.065702 0.047271 -0.518221 -0.162057 0.838421
1311870503.811910 1.609181 -0.661445 1.065702 0.047271 -0.518221 -0.162057 0.838421
1311870503.848056 1.609181 -0.661445 1.065700 0.047706 -0.517883 -0.161659 0.838682
1311870503.880025 1.609180 -0.661445 1.065699 0.047285 -0.517933 -0.159584 0.839072
1311870503.912091 1.609181 -0.661444 1.065698 0.047849 -0.518349 -0.159019 0.838891
1311870503.948251 1.609181 -0.661443 1.065697 0.047663 -0.518370 -0.160267 0.838651
1311870503.980018 1.609180 -0.661443 1.065696 0.047754 -0.517927 -0.160868 0.838804
1311870504.011998 1.609180 -0.661443 1.065696 0.047754 -0.517927 -0.160868 0.838804
1311870504.048156 1.609180 -0.661443 1.065696 0.047754 -0.517927 -0.160868 0.838804
1311870504.079934 1.609180 -0.661443 1.065696 0.047754 -0.517927 -0.160868 0.838804
1311870504.111962 1.609179 -0.661443 1.065695 0.047973 -0.516188 -0.159532 0.840118
1311870504.148039 1.609179 -0.661443 1.065694 0.047576 -0.515619 -0.158401 0.840704
1311870504.179932 1.609178 -0.661443 1.065694 0.047954 -0.514799 -0.157520 0.841350
1311870504.212116 1.609177 -0.661443 1.065694 0.048554 -0.513605 -0.157125 0.842119
1311870504.247918 1.609177 -0.661442 1.065694 0.048983 -0.512453 -0.155838 0.843034
1311870504.280084 1.609176 -0.661443 1.065693 0.047549 -0.511973 -0.154804 0.843598
1311870504.312060 1.609176 -0.661443 1.065693 0.046384 -0.512012 -0.153601 0.843859
1311870504.348035 1.609175 -0.661443 1.065693 0.044188 -0.512427 -0.152326 0.843957
1311870504.379984 1.609174 -0.661444 1.065693 0.042737 -0.512801 -0.151738 0.843910
1311870504.412305 1.609173 -0.661444 1.065693 0.042149 -0.512924 -0.151308 0.843942
1311870504.448107 1.609173 -0.661444 1.065693 0.042149 -0.512924 -0.151308 0.843942
1311870504.480201 1.609173 -0.661444 1.065693 0.042149 -0.512924 -0.151308 0.843942
1311870504.512082 1.609172 -0.661445 1.065694 0.041633 -0.510196 -0.147976 0.846209
1311870504.548048 1.609171 -0.661445 1.065694 0.040939 -0.508723 -0.145745 0.847516
1311870504.580075 1.609170 -0.661445 1.065694 0.038757 -0.507894 -0.143676 0.848468
1311870504.611994 1.609170 -0.661445 1.065694 0.038757 -0.507894 -0.143676 0.848468
1311870504.647976 1.609170 -0.661445 1.065694 0.038757 -0.507894 -0.143676 0.848468
1311870504.680079 1.609169 -0.661446 1.065695 0.039930 -0.507662 -0.143790 0.848533
1311870504.712331 1.609169 -0.661446 1.065695 0.039930 -0.507662 -0.143790 0.848533
1311870504.748338 1.604851 -0.662938 1.069834 0.041877 -0.506017 -0.142055 0.849714
1311870504.780163 1.604851 -0.662938 1.069834 0.041877 -0.506017 -0.142055 0.849714
1311870504.812036 1.604850 -0.662939 1.069835 0.042911 -0.502732 -0.138992 0.852115
1311870504.847987 1.604848 -0.662940 1.069836 0.044419 -0.499488 -0.135773 0.854462
1311870504.880042 1.604848 -0.662941 1.069836 0.046288 -0.497433 -0.133237 0.855959
1311870504.912228 1.604848 -0.662941 1.069836 0.046664 -0.495702 -0.131967 0.857138
1311870504.948276 1.604847 -0.662942 1.069837 0.046075 -0.493453 -0.131337 0.858564
1311870504.980118 1.604846 -0.662943 1.069837 0.045854 -0.491097 -0.130276 0.860087
1311870505.012129 1.604845 -0.662943 1.069837 0.045622 -0.489444 -0.129446 0.861166
1311870505.048023 1.604845 -0.662944 1.069838 0.044424 -0.487054 -0.128381 0.862742
1311870505.079992 1.604844 -0.662945 1.069838 0.043084 -0.483433 -0.125421 0.865278
1311870505.112129 1.604844 -0.662946 1.069838 0.041863 -0.480034 -0.122339 0.867668
1311870505.148203 1.604843 -0.662946 1.069837 0.040028 -0.477640 -0.120219 0.869371
1311870505.180166 1.604842 -0.662946 1.069837 0.038574 -0.476118 -0.119615 0.870354
1311870505.212050 1.604841 -0.662947 1.069836 0.035113 -0.475312 -0.119802 0.870915
1311870505.248098 1.604841 -0.662947 1.069836 0.031855 -0.475395 -0.119329 0.871060
1311870505.280043 1.604841 -0.662948 1.069835 0.028892 -0.475071 -0.119650 0.871296
1311870505.312143 1.604841 -0.662948 1.069835 0.028892 -0.475071 -0.119650 0.871296
1311870505.348172 1.604841 -0.662948 1.069835 0.028892 -0.475071 -0.119650 0.871296
1311870505.380043 1.604840 -0.662948 1.069835 0.025738 -0.472975 -0.119462 0.872560
1311870505.412169 1.604840 -0.662948 1.069834 0.023918 -0.469087 -0.118952 0.874778
1311870505.448014 1.604840 -0.662948 1.069834 0.023918 -0.469087 -0.118952 0.874778
1311870505.480019 1.604840 -0.662948 1.069834 0.023918 -0.469087 -0.118952 0.874778
1311870505.512232 1.604840 -0.662948 1.069834 0.023918 -0.469087 -0.118952 0.874778
1311870505.548014 1.604840 -0.662948 1.069834 0.023918 -0.469087 -0.118952 0.874778
1311870505.580109 1.604840 -0.662948 1.069834 0.023918 -0.469087 -0.118952 0.874778
1311870505.612208 1.605174 -0.665117 1.064900 0.027197 -0.466063 -0.120155 0.876132
1311870505.648216 1.600546 -0.669957 1.056989 0.029062 -0.460358 -0.119597 0.879160
1311870505.679928 1.597172 -0.672544 1.052021 0.033078 -0.454617 -0.114547 0.882671
1311870505.712188 1.597172 -0.672544 1.052021 0.033078 -0.454617 -0.114547 0.882671
1311870505.748044 1.597172 -0.672544 1.052021 0.033078 -0.454617 -0.114547 0.882671
1311870505.780026 1.593308 -0.675362 1.044306 0.029565 -0.457943 -0.111865 0.881420
1311870505.812150 1.593308 -0.675362 1.044306 0.029565 -0.457943 -0.111865 0.881420
1311870505.848080 1.593308 -0.675362 1.044306 0.029565 -0.457943 -0.111865 0.881420
1311870505.880081 1.593308 -0.675362 1.044306 0.029565 -0.457943 -0.111865 0.881420
1311870505.912493 1.593308 -0.675362 1.044306 0.029565 -0.457943 -0.111865 0.881420
1311870505.948256 1.591447 -0.679275 1.025784 0.032283 -0.452345 -0.111953 0.884199
1311870505.980101 1.585397 -0.678084 1.019646 0.034367 -0.450043 -0.110806 0.885439
1311870506.012380 1.583817 -0.676199 1.004970 0.035178 -0.447690 -0.110470 0.886641
1311870506.048206 1.578468 -0.680796 0.996945 0.033419 -0.447420 -0.110446 0.886848
1311870506.080230 1.578468 -0.680796 0.996945 0.033419 -0.447420 -0.110446 0.886848
1311870506.112131 1.578468 -0.680796 0.996945 0.033419 -0.447420 -0.110446 0.886848
1311870506.148026 1.578468 -0.680796 0.996945 0.033419 -0.447420 -0.110446 0.886848
1311870506.180306 1.578467 -0.680796 0.996944 0.034903 -0.445172 -0.109294 0.888064
1311870506.212158 1.578467 -0.680796 0.996944 0.034903 -0.445172 -0.109294 0.888064
1311870506.248184 1.576415 -0.683937 0.995718 0.036567 -0.444591 -0.108666 0.888366
1311870506.280374 1.576415 -0.683937 0.995718 0.036567 -0.444591 -0.108666 0.888366
1311870506.311921 1.576415 -0.683937 0.995718 0.036567 -0.444591 -0.108666 0.888366
1311870506.348187 1.570458 -0.686425 0.990560 0.035112 -0.445094 -0.107583 0.888304
1311870506.380127 1.570458 -0.686425 0.990560 0.035112 -0.445094 -0.107583 0.888304
1311870506.412264 1.570458 -0.686425 0.990560 0.035112 -0.445094 -0.107583 0.888304
1311870506.448069 1.562744 -0.691942 0.991586 0.034985 -0.443785 -0.106105 0.889142
1311870506.480103 1.555318 -0.695966 0.987719 0.036299 -0.441180 -0.104289 0.890599
1311870506.512268 1.555318 -0.695966 0.987719 0.036299 -0.441180 -0.104289 0.890599
1311870506.548161 1.555318 -0.695966 0.987719 0.036299 -0.441180 -0.104289 0.890599
1311870506.580315 1.548110 -0.698012 0.984366 0.036691 -0.440853 -0.102286 0.890977
1311870506.612421 1.548110 -0.698012 0.984366 0.036691 -0.440853 -0.102286 0.890977
1311870506.648075 1.548110 -0.698012 0.984366 0.036691 -0.440853 -0.102286 0.890977
1311870506.680223 1.548110 -0.698012 0.984366 0.036691 -0.440853 -0.102286 0.890977
1311870506.712116 1.548110 -0.698012 0.984366 0.036691 -0.440853 -0.102286 0.890977
1311870506.748348 1.543821 -0.699971 0.985930 0.037156 -0.443029 -0.100435 0.890089
1311870506.780407 1.543821 -0.699971 0.985930 0.037156 -0.443029 -0.100435 0.890089
1311870506.812568 1.543819 -0.699971 0.985930 0.038851 -0.442401 -0.101289 0.890232
1311870506.848233 1.543817 -0.699971 0.985929 0.038001 -0.442180 -0.100046 0.890519
1311870506.880285 1.543817 -0.699971 0.985929 0.038001 -0.442180 -0.100046 0.890519
1311870506.912274 1.543817 -0.699971 0.985929 0.038001 -0.442180 -0.100046 0.890519
1311870506.948074 1.543815 -0.699972 0.985929 0.040478 -0.439915 -0.099827 0.891555
1311870506.980175 1.543813 -0.699973 0.985928 0.043655 -0.438361 -0.096422 0.892545
1311870507.012290 1.543811 -0.699973 0.985927 0.046605 -0.438035 -0.093715 0.892844
1311870507.048124 1.543809 -0.699974 0.985926 0.047176 -0.438085 -0.092344 0.892933
1311870507.080403 1.543807 -0.699975 0.985925 0.048075 -0.438827 -0.089039 0.892856
1311870507.112226 1.543805 -0.699975 0.985924 0.048488 -0.440625 -0.086548 0.892193
1311870507.148230 1.543804 -0.699976 0.985924 0.047495 -0.442347 -0.085701 0.891475
1311870507.180282 1.543802 -0.699977 0.985923 0.048135 -0.442236 -0.085414 0.891524
1311870507.212880 1.543800 -0.699977 0.985923 0.049578 -0.440940 -0.086310 0.892000
1311870507.248294 1.543799 -0.699977 0.985922 0.049457 -0.439708 -0.087618 0.892488
1311870507.280550 1.543797 -0.699978 0.985921 0.048368 -0.438811 -0.088909 0.892861
1311870507.312261 1.543795 -0.699978 0.985920 0.049045 -0.437782 -0.090946 0.893124
1311870507.348220 1.543793 -0.699978 0.985920 0.049761 -0.437312 -0.093375 0.893064
1311870507.380398 1.543792 -0.699979 0.985919 0.049837 -0.435574 -0.094606 0.893779
1311870507.412372 1.543790 -0.699980 0.985919 0.050178 -0.432638 -0.095017 0.895142
1311870507.448147 1.543789 -0.699980 0.985918 0.051045 -0.428258 -0.094617 0.897239
1311870507.480449 1.543786 -0.699980 0.985917 0.051188 -0.424426 -0.093708 0.899145
1311870507.512338 1.543785 -0.699980 0.985916 0.049399 -0.422390 -0.093378 0.900237
1311870507.548409 1.543783 -0.699980 0.985915 0.048100 -0.420801 -0.093136 0.901076
1311870507.580256 1.543781 -0.699980 0.985914 0.046623 -0.417527 -0.093118 0.902677
1311870507.612370 1.543787 -0.699977 0.985924 0.051830 -0.427802 -0.087679 0.898116
1311870507.648289 1.543786 -0.699978 0.985921 0.051015 -0.422350 -0.086604 0.900843
1311870507.680356 1.543802 -0.699970 0.985943 0.063958 -0.447879 -0.077516 0.888429
1311870507.712294 1.543813 -0.699948 0.985958 0.096394 -0.465781 -0.082698 0.875738
1311870507.748317 1.543797 -0.699959 0.985938 0.075950 -0.441516 -0.074094 0.890958
1311870507.780969 1.543789 -0.699974 0.985926 0.051819 -0.430185 -0.074310 0.898184
1311870507.812477 1.543791 -0.699969 0.985932 0.056325 -0.437429 -0.069173 0.894817
1311870507.848660 1.543795 -0.699973 0.985933 0.049672 -0.442065 -0.067903 0.893029
1311870507.881029 1.543800 -0.699946 0.985952 0.083793 -0.458863 -0.052602 0.882982
1311870507.912585 1.543795 -0.699968 0.985936 0.052644 -0.444216 -0.057959 0.892492
1311870507.948307 1.543797 -0.699972 0.985935 0.047445 -0.445861 -0.057667 0.891982
1311870507.980465 1.543797 -0.699972 0.985935 0.047445 -0.445861 -0.057667 0.891982
1311870508.012439 1.543797 -0.699972 0.985935 0.047445 -0.445861 -0.057667 0.891982
1311870508.048355 1.543797 -0.699973 0.985935 0.047056 -0.443119 -0.057555 0.893375
1311870508.080440 1.543797 -0.699974 0.985934 0.046210 -0.436987 -0.057019 0.896468
1311870508.112310 1.543795 -0.699974 0.985931 0.045536 -0.430247 -0.054812 0.899894
1311870508.148533 1.543794 -0.699974 0.985930 0.044125 -0.426452 -0.053329 0.901858
1311870508.180363 1.543793 -0.699975 0.985929 0.041998 -0.424235 -0.052253 0.903067
1311870508.216310 1.543792 -0.699976 0.985927 0.040473 -0.421951 -0.050206 0.904322
1311870508.248163 1.543791 -0.699977 0.985927 0.039661 -0.419734 -0.047627 0.905529
1311870508.280508 1.543791 -0.699978 0.985926 0.039605 -0.416528 -0.046193 0.907085
1311870508.316252 1.543791 -0.699979 0.985925 0.040035 -0.411769 -0.045781 0.909256
1311870508.348284 1.543790 -0.699979 0.985925 0.041648 -0.406308 -0.045053 0.911674
1311870508.380490 1.543789 -0.699979 0.985923 0.043106 -0.400478 -0.043764 0.914245
1311870508.416350 1.543788 -0.699979 0.985921 0.043673 -0.397350 -0.042639 0.915635
1311870508.448193 1.543787 -0.699979 0.985920 0.043422 -0.395864 -0.041998 0.916320
1311870508.480243 1.543786 -0.699980 0.985920 0.042318 -0.394446 -0.041714 0.916996
1311870508.516262 1.543786 -0.699980 0.985920 0.042318 -0.394446 -0.041714 0.916996
1311870508.548342 1.543786 -0.699980 0.985920 0.042318 -0.394446 -0.041714 0.916996
1311870508.580613 1.543785 -0.699980 0.985919 0.041902 -0.389789 -0.041688 0.919006
1311870508.616329 1.543784 -0.699980 0.985919 0.040550 -0.386161 -0.040701 0.920641
1311870508.648331 1.543783 -0.699980 0.985918 0.040680 -0.382888 -0.041311 0.921973
1311870508.680410 1.543782 -0.699981 0.985918 0.038538 -0.380253 -0.043153 0.923071
1311870508.716325 1.543781 -0.699982 0.985917 0.037258 -0.378195 -0.044335 0.923913
1311870508.748532 1.543781 -0.699982 0.985917 0.037258 -0.378195 -0.044335 0.923913
1311870508.780358 1.543781 -0.699982 0.985917 0.037258 -0.378195 -0.044335 0.923913
1311870508.816297 1.543781 -0.699982 0.985917 0.037258 -0.378195 -0.044335 0.923913
1311870508.848360 1.543781 -0.699982 0.985917 0.037258 -0.378195 -0.044335 0.923913
1311870508.880221 1.543781 -0.699982 0.985917 0.037258 -0.378195 -0.044335 0.923913
1311870508.916285 1.539744 -0.701555 0.985873 0.036837 -0.378989 -0.041981 0.923714
1311870508.948861 1.539744 -0.701555 0.985873 0.036837 -0.378989 -0.041981 0.923714
1311870508.980480 1.539743 -0.701555 0.985873 0.036621 -0.378841 -0.041354 0.923812
1311870509.016227 1.539743 -0.701555 0.985873 0.036621 -0.378841 -0.041354 0.923812
1311870509.049529 1.536577 -0.703479 0.985772 0.036190 -0.378488 -0.041079 0.923986
1311870509.081271 1.534587 -0.709187 0.989991 0.035414 -0.376652 -0.041687 0.924739
1311870509.116238 1.534587 -0.709187 0.989991 0.035414 -0.376652 -0.041687 0.924739
1311870509.148336 1.534586 -0.709187 0.989991 0.037444 -0.373840 -0.040370 0.925857
1311870509.180552 1.534584 -0.709186 0.989990 0.039474 -0.372204 -0.039314 0.926477
1311870509.216279 1.534584 -0.709186 0.989990 0.039474 -0.372204 -0.039314 0.926477
1311870509.248341 1.534584 -0.709186 0.989990 0.039474 -0.372204 -0.039314 0.926477
1311870509.280562 1.534583 -0.709187 0.989989 0.040265 -0.370418 -0.038048 0.927212
1311870509.316445 1.534583 -0.709187 0.989989 0.040265 -0.370418 -0.038048 0.927212
1311870509.348401 1.527445 -0.708928 0.984534 0.041027 -0.370456 -0.037143 0.927200
1311870509.380502 1.524444 -0.713950 0.984900 0.040161 -0.371256 -0.037377 0.926908
1311870509.417033 1.528332 -0.723010 0.997290 0.038630 -0.372651 -0.035665 0.926481
1311870509.448306 1.528332 -0.723010 0.997290 0.038630 -0.372651 -0.035665 0.926481
1311870509.480826 1.528331 -0.723010 0.997289 0.038742 -0.370452 -0.037285 0.927294
1311870509.516377 1.528331 -0.723010 0.997289 0.038742 -0.370452 -0.037285 0.927294
1311870509.548536 1.523274 -0.726263 0.996055 0.039046 -0.368291 -0.037854 0.928119
1311870509.580402 1.517418 -0.729817 0.994178 0.039663 -0.365153 -0.037765 0.929335
1311870509.616459 1.517418 -0.729817 0.994178 0.039663 -0.365153 -0.037765 0.929335
1311870509.648358 1.517418 -0.729817 0.994178 0.039663 -0.365153 -0.037765 0.929335
1311870509.680313 1.511017 -0.724408 0.984636 0.040249 -0.361986 -0.036170 0.930612
1311870509.716502 1.505501 -0.727158 0.980401 0.038719 -0.359849 -0.036434 0.931495
1311870509.748527 1.502572 -0.727853 0.978807 0.037798 -0.357497 -0.036022 0.932454
1311870509.780511 1.496805 -0.727691 0.973757 0.037438 -0.353750 -0.035409 0.933919
1311870509.816617 1.493803 -0.726014 0.968452 0.037409 -0.349805 -0.035345 0.935408
1311870509.848435 1.493803 -0.726014 0.968452 0.037409 -0.349805 -0.035345 0.935408
1311870509.880414 1.493803 -0.726014 0.968452 0.037409 -0.349805 -0.035345 0.935408
1311870509.916377 1.484732 -0.720812 0.954961 0.037070 -0.345341 -0.034215 0.937120
1311870509.948447 1.484732 -0.720812 0.954961 0.037070 -0.345341 -0.034215 0.937120
1311870509.980798 1.484732 -0.720812 0.954961 0.037070 -0.345341 -0.034215 0.937120
1311870510.016412 1.476477 -0.717397 0.942679 0.035386 -0.343474 -0.029566 0.938029
1311870510.048898 1.476477 -0.717397 0.942679 0.035386 -0.343474 -0.029566 0.938029
1311870510.080560 1.476477 -0.717397 0.942679 0.035386 -0.343474 -0.029566 0.938029
1311870510.116341 1.468438 -0.716990 0.933344 0.032512 -0.340789 -0.026055 0.939216
1311870510.148444 1.460634 -0.714051 0.922489 0.030418 -0.338975 -0.021795 0.940051
1311870510.180473 1.460634 -0.714051 0.922489 0.030418 -0.338975 -0.021795 0.940051
1311870510.216558 1.460634 -0.714051 0.922489 0.030418 -0.338975 -0.021795 0.940051
1311870510.248324 1.456017 -0.713472 0.917015 0.029153 -0.335624 -0.020347 0.941325
1311870510.280622 1.450221 -0.710284 0.908949 0.028934 -0.330982 -0.019333 0.942995
1311870510.316572 1.450221 -0.710284 0.908949 0.028934 -0.330982 -0.019333 0.942995
1311870510.348425 1.450219 -0.710284 0.908947 0.028456 -0.329542 -0.019252 0.943516
1311870510.380363 1.450219 -0.710284 0.908947 0.028456 -0.329542 -0.019252 0.943516
1311870510.416479 1.450219 -0.710284 0.908947 0.028456 -0.329542 -0.019252 0.943516
1311870510.448483 1.450218 -0.710284 0.908946 0.028853 -0.327319 -0.020804 0.944244
1311870510.480414 1.450217 -0.710283 0.908945 0.029922 -0.325297 -0.020128 0.944924
1311870510.516466 1.450217 -0.710283 0.908945 0.029922 -0.325297 -0.020128 0.944924
1311870510.548480 1.444557 -0.708628 0.903727 0.030784 -0.324877 -0.021453 0.945012
1311870510.580413 1.438562 -0.709220 0.898557 0.031235 -0.323721 -0.021579 0.945390
1311870510.616534 1.438562 -0.709220 0.898557 0.031235 -0.323721 -0.021579 0.945390
1311870510.648602 1.438562 -0.709220 0.898557 0.031235 -0.323721 -0.021579 0.945390
1311870510.680582 1.438562 -0.709220 0.898557 0.031235 -0.323721 -0.021579 0.945390
1311870510.716517 1.438562 -0.709220 0.898557 0.031235 -0.323721 -0.021579 0.945390
1311870510.748610 1.432120 -0.707069 0.893862 0.032111 -0.323402 -0.022713 0.945444
1311870510.780777 1.432120 -0.707069 0.893862 0.032111 -0.323402 -0.022713 0.945444
1311870510.816493 1.432120 -0.707069 0.893862 0.032111 -0.323402 -0.022713 0.945444
1311870510.848414 1.432120 -0.707069 0.893862 0.032111 -0.323402 -0.022713 0.945444
1311870510.880533 1.432119 -0.707069 0.893861 0.031440 -0.323526 -0.023891 0.945395
1311870510.916516 1.432117 -0.707069 0.893861 0.030422 -0.324321 -0.022798 0.945183
1311870510.948628 1.432115 -0.707069 0.893861 0.029067 -0.325773 -0.021374 0.944759
1311870510.980593 1.432114 -0.707069 0.893860 0.028741 -0.327893 -0.019885 0.944068
1311870511.016518 1.432112 -0.707069 0.893860 0.027968 -0.330485 -0.020379 0.943177
1311870511.048272 1.432111 -0.707070 0.893860 0.026840 -0.331627 -0.020876 0.942798
1311870511.080594 1.432111 -0.707070 0.893860 0.026840 -0.331627 -0.020876 0.942798
1311870511.116574 1.423191 -0.709948 0.893531 0.027334 -0.330857 -0.023752 0.942986
1311870511.148539 1.412028 -0.712961 0.892353 0.028635 -0.330678 -0.025963 0.942952
1311870511.180618 1.412028 -0.712961 0.892353 0.028635 -0.330678 -0.025963 0.942952
1311870511.216596 1.412027 -0.712962 0.892353 0.028951 -0.331641 -0.025368 0.942620
1311870511.248758 1.412027 -0.712962 0.892353 0.028951 -0.331641 -0.025368 0.942620
1311870511.280598 1.404846 -0.715373 0.890083 0.028581 -0.333170 -0.023065 0.942151
1311870511.316555 1.396166 -0.720097 0.890660 0.027435 -0.334680 -0.022415 0.941666
1311870511.348626 1.396166 -0.720097 0.890660 0.027435 -0.334680 -0.022415 0.941666
1311870511.380430 1.396164 -0.720098 0.890660 0.029642 -0.333846 -0.023931 0.941857
1311870511.416519 1.396162 -0.720099 0.890659 0.032103 -0.332363 -0.024418 0.942289
1311870511.448601 1.396160 -0.720100 0.890659 0.035222 -0.330627 -0.024232 0.942793
1311870511.481030 1.396158 -0.720100 0.890658 0.038681 -0.329672 -0.023406 0.943012
1311870511.516401 1.396156 -0.720100 0.890657 0.040347 -0.330846 -0.022824 0.942546
1311870511.548648 1.396156 -0.720100 0.890657 0.040347 -0.330846 -0.022824 0.942546
1311870511.580577 1.396156 -0.720100 0.890657 0.040347 -0.330846 -0.022824 0.942546
1311870511.616618 1.396156 -0.720100 0.890657 0.040347 -0.330846 -0.022824 0.942546
1311870511.648634 1.396156 -0.720100 0.890657 0.040347 -0.330846 -0.022824 0.942546
1311870511.680528 1.396156 -0.720100 0.890657 0.040347 -0.330846 -0.022824 0.942546
1311870511.716482 1.387668 -0.721870 0.889305 0.038669 -0.331216 -0.023357 0.942473
1311870511.749418 1.387668 -0.721870 0.889305 0.038669 -0.331216 -0.023357 0.942473
1311870511.780714 1.387668 -0.721870 0.889305 0.038669 -0.331216 -0.023357 0.942473
1311870511.816641 1.387668 -0.721870 0.889305 0.038669 -0.331216 -0.023357 0.942473
1311870511.848452 1.387666 -0.721870 0.889305 0.038413 -0.327131 -0.024544 0.943879
1311870511.880710 1.387664 -0.721870 0.889304 0.038071 -0.324264 -0.025487 0.944856
1311870511.916572 1.387664 -0.721870 0.889304 0.038071 -0.324264 -0.025487 0.944856
1311870511.948849 1.379587 -0.719875 0.888312 0.037108 -0.321889 -0.025875 0.945696
1311870511.980637 1.379587 -0.719875 0.888312 0.037108 -0.321889 -0.025875 0.945696
1311870512.016557 1.379586 -0.719875 0.888312 0.036914 -0.317599 -0.025958 0.947151
1311870512.049201 1.379584 -0.719875 0.888311 0.036923 -0.313452 -0.024287 0.948575
1311870512.080554 1.379583 -0.719873 0.888310 0.035988 -0.310328 -0.022046 0.949692
1311870512.116670 1.379582 -0.719873 0.888309 0.033942 -0.306856 -0.020659 0.950926
1311870512.148844 1.379582 -0.719873 0.888309 0.033942 -0.306856 -0.020659 0.950926
1311870512.180555 1.379582 -0.719873 0.888309 0.033942 -0.306856 -0.020659 0.950926
1311870512.216636 1.379580 -0.719872 0.888308 0.032472 -0.302996 -0.019422 0.952240
1311870512.248891 1.379580 -0.719872 0.888308 0.032472 -0.302996 -0.019422 0.952240
1311870512.280825 1.373032 -0.717399 0.881806 0.030982 -0.300998 -0.017152 0.952967
1311870512.316616 1.373032 -0.717399 0.881806 0.030982 -0.300998 -0.017152 0.952967
1311870512.348749 1.373030 -0.717398 0.881804 0.029565 -0.298450 -0.014455 0.953858
1311870512.380530 1.373030 -0.717398 0.881804 0.029565 -0.298450 -0.014455 0.953858
1311870512.416611 1.373030 -0.717398 0.881804 0.029565 -0.298450 -0.014455 0.953858
1311870512.448649 1.373029 -0.717398 0.881803 0.028051 -0.297476 -0.011463 0.954248
1311870512.480873 1.373029 -0.717398 0.881803 0.028051 -0.297476 -0.011463 0.954248
1311870512.516478 1.373029 -0.717398 0.881803 0.028051 -0.297476 -0.011463 0.954248
1311870512.549111 1.373029 -0.717398 0.881803 0.028051 -0.297476 -0.011463 0.954248
1311870512.580550 1.373029 -0.717398 0.881803 0.028051 -0.297476 -0.011463 0.954248
1311870512.616585 1.373029 -0.717398 0.881803 0.028051 -0.297476 -0.011463 0.954248
1311870512.648878 1.367449 -0.711742 0.873947 0.028893 -0.295127 -0.011155 0.954956
1311870512.680697 1.361805 -0.706659 0.866119 0.029320 -0.292876 -0.010681 0.955641
1311870512.716466 1.357357 -0.701294 0.859374 0.029942 -0.290662 -0.010124 0.956304
1311870512.748564 1.357357 -0.701294 0.859374 0.029942 -0.290662 -0.010124 0.956304
1311870512.780680 1.357356 -0.701293 0.859373 0.031017 -0.288640 -0.009312 0.956890
1311870512.816492 1.357356 -0.701293 0.859373 0.031017 -0.288640 -0.009312 0.956890
1311870512.848544 1.353444 -0.696273 0.853922 0.032314 -0.286457 -0.008787 0.957508
1311870512.880656 1.347009 -0.693200 0.847767 0.034187 -0.283418 -0.009156 0.958343
1311870512.916597 1.341639 -0.689897 0.841498 0.035562 -0.281020 -0.009242 0.958998
1311870512.948751 1.334444 -0.686973 0.834969 0.036458 -0.279329 -0.009126 0.959460
1311870512.980644 1.334444 -0.686973 0.834969 0.036458 -0.279329 -0.009126 0.959460
1311870513.017021 1.334444 -0.686973 0.834969 0.036458 -0.279329 -0.009126 0.959460
1311870513.048599 1.328211 -0.684961 0.831088 0.037354 -0.278883 -0.008892 0.959557
1311870513.080592 1.320461 -0.677711 0.825135 0.039509 -0.276757 -0.008518 0.960090
1311870513.116693 1.311744 -0.673598 0.820623 0.042582 -0.273365 -0.010708 0.960908
1311870513.148876 1.303033 -0.667854 0.815407 0.045854 -0.270183 -0.012936 0.961629
1311870513.180660 1.293088 -0.662607 0.810222 0.048284 -0.267514 -0.014704 0.962231
1311870513.217798 1.282797 -0.658278 0.805716 0.049867 -0.265703 -0.015847 0.962634
1311870513.248768 1.273074 -0.651448 0.800978 0.050648 -0.265206 -0.016355 0.962722
1311870513.280795 1.263485 -0.649227 0.798422 0.049244 -0.266547 -0.016287 0.962425
1311870513.316689 1.263485 -0.649227 0.798422 0.049244 -0.266547 -0.016287 0.962425
1311870513.348727 1.263484 -0.649226 0.798422 0.048028 -0.269470 -0.015063 0.961693
1311870513.380578 1.263482 -0.649225 0.798423 0.046910 -0.272415 -0.014721 0.960923
1311870513.416927 1.263482 -0.649225 0.798423 0.046910 -0.272415 -0.014721 0.960923
1311870513.448685 1.263482 -0.649225 0.798423 0.046910 -0.272415 -0.014721 0.960923
1311870513.480618 1.263482 -0.649225 0.798423 0.046910 -0.272415 -0.014721 0.960923
1311870513.516695 1.263482 -0.649225 0.798423 0.046910 -0.272415 -0.014721 0.960923
1311870513.549145 1.263482 -0.649225 0.798423 0.046910 -0.272415 -0.014721 0.960923
1311870513.580726 1.255901 -0.649443 0.800505 0.046554 -0.268185 -0.014102 0.962139
1311870513.616593 1.246984 -0.647904 0.802301 0.046816 -0.262745 -0.011827 0.963656
1311870513.648886 1.246984 -0.647904 0.802301 0.046816 -0.262745 -0.011827 0.963656
1311870513.680668 1.246984 -0.647904 0.802301 0.046816 -0.262745 -0.011827 0.963656
1311870513.716551 1.241351 -0.644735 0.803308 0.048059 -0.261394 -0.011631 0.963965
1311870513.748940 1.233410 -0.645725 0.804410 0.047750 -0.260255 -0.010945 0.964296
1311870513.780628 1.233410 -0.645725 0.804410 0.047750 -0.260255 -0.010945 0.964296
1311870513.817448 1.233409 -0.645725 0.804411 0.048296 -0.260354 -0.009846 0.964254
1311870513.848769 1.233408 -0.645725 0.804411 0.048380 -0.259649 -0.007879 0.964458
1311870513.880831 1.233408 -0.645725 0.804411 0.048380 -0.259649 -0.007879 0.964458
1311870513.916620 1.229521 -0.643070 0.805236 0.048829 -0.256840 -0.007853 0.965188
1311870513.948819 1.225319 -0.640372 0.805931 0.048718 -0.254311 -0.008468 0.965857
1311870513.981164 1.225319 -0.640372 0.805931 0.048718 -0.254311 -0.008468 0.965857
1311870514.016691 1.225318 -0.640371 0.805931 0.047462 -0.254985 -0.008841 0.965739
1311870514.048717 1.225317 -0.640371 0.805931 0.047477 -0.255246 -0.010242 0.965656
1311870514.080776 1.225316 -0.640371 0.805931 0.045670 -0.254151 -0.009227 0.966042
1311870514.116775 1.225316 -0.640371 0.805931 0.045670 -0.254151 -0.009227 0.966042
1311870514.148748 1.220775 -0.636323 0.805127 0.045619 -0.251810 -0.010542 0.966643
1311870514.181035 1.216495 -0.634835 0.804620 0.043971 -0.249988 -0.011654 0.967180
1311870514.216614 1.211564 -0.631306 0.803740 0.042385 -0.248255 -0.012444 0.967687
1311870514.248703 1.206570 -0.629707 0.803152 0.040119 -0.247269 -0.012773 0.968032
1311870514.280757 1.201869 -0.628210 0.802660 0.039093 -0.246723 -0.012890 0.968211
1311870514.316734 1.201869 -0.628210 0.802660 0.039093 -0.246723 -0.012890 0.968211
1311870514.348655 1.201869 -0.628210 0.802660 0.039093 -0.246723 -0.012890 0.968211
1311870514.380725 1.197527 -0.623077 0.799912 0.036626 -0.248539 -0.011965 0.967855
1311870514.416768 1.193910 -0.617294 0.797210 0.033080 -0.249863 -0.011644 0.967646
1311870514.449389 1.188762 -0.613602 0.794085 0.028302 -0.249324 -0.009920 0.967956
1311870514.480759 1.183829 -0.609739 0.790989 0.023956 -0.248408 -0.007048 0.968333
1311870514.516662 1.178281 -0.606179 0.787930 0.021803 -0.247314 -0.004576 0.968679
1311870514.548705 1.173923 -0.603785 0.783775 0.020370 -0.245621 -0.002921 0.969147
1311870514.580866 1.168646 -0.601580 0.778177 0.019906 -0.243940 -0.001603 0.969585
1311870514.616608 1.163325 -0.598441 0.772272 0.020483 -0.243527 0.000300 0.969678
1311870514.649213 1.159085 -0.595108 0.764838 0.020804 -0.243235 0.002358 0.969741
1311870514.680698 1.154639 -0.592260 0.758527 0.021357 -0.242396 0.004925 0.969930
1311870514.716874 1.151021 -0.588310 0.751557 0.021988 -0.240695 0.008174 0.970317
1311870514.748716 1.149088 -0.584937 0.744934 0.021775 -0.238433 0.010722 0.970856
1311870514.780725 1.146381 -0.581647 0.738753 0.021313 -0.235204 0.012681 0.971630
1311870514.816669 1.143115 -0.577117 0.732813 0.021664 -0.231163 0.014762 0.972562
1311870514.848851 1.139120 -0.573925 0.726443 0.020743 -0.227125 0.015871 0.973515
1311870514.880752 1.136823 -0.570318 0.721701 0.019941 -0.223748 0.016918 0.974296
1311870514.917136 1.132816 -0.566620 0.716468 0.019769 -0.219467 0.018208 0.975250
1311870514.948944 1.130438 -0.562862 0.712002 0.019181 -0.217062 0.018141 0.975801
1311870514.980839 1.126374 -0.559569 0.707348 0.017519 -0.215169 0.018699 0.976241
1311870515.016762 1.123723 -0.554700 0.703424 0.016096 -0.213806 0.019602 0.976547
1311870515.049229 1.120386 -0.550631 0.700222 0.014432 -0.212776 0.019921 0.976791
1311870515.080871 1.116831 -0.547781 0.697159 0.013025 -0.211559 0.019323 0.977087
1311870515.116742 1.113337 -0.547550 0.695705 0.011698 -0.209899 0.019689 0.977455
1311870515.149061 1.110055 -0.543948 0.693130 0.012000 -0.207970 0.020272 0.977851
1311870515.180825 1.106998 -0.541326 0.691405 0.012060 -0.206404 0.021285 0.978161
1311870515.217051 1.105054 -0.540709 0.689388 0.011991 -0.205010 0.021893 0.978442
1311870515.249086 1.102126 -0.537085 0.686645 0.011808 -0.204380 0.023466 0.978539
1311870515.280873 1.099074 -0.537721 0.686024 0.010958 -0.204078 0.024466 0.978588
1311870515.316924 1.097927 -0.534623 0.684519 0.012181 -0.203953 0.023798 0.978616
1311870515.348984 1.094480 -0.533304 0.683506 0.011874 -0.202807 0.023938 0.978854
1311870515.380828 1.090491 -0.531374 0.682975 0.011317 -0.201068 0.025537 0.979179
1311870515.416977 1.088307 -0.530610 0.684770 0.011166 -0.200399 0.026604 0.979289
1311870515.448730 1.084417 -0.528446 0.685868 0.011619 -0.198483 0.025812 0.979696
1311870515.480677 1.079902 -0.527128 0.687858 0.011634 -0.196372 0.026874 0.980092
1311870515.516884 1.078087 -0.524530 0.689534 0.010604 -0.195731 0.030505 0.980126
1311870515.548761 1.075866 -0.521847 0.693810 0.008920 -0.193711 0.035956 0.980359
1311870515.580786 1.072291 -0.519604 0.697378 0.007574 -0.190658 0.039734 0.980823
1311870515.616782 1.067917 -0.517258 0.700316 0.006224 -0.188485 0.042404 0.981140
1311870515.648822 1.063739 -0.515354 0.705799 0.004561 -0.187308 0.045584 0.981232
1311870515.681287 1.061408 -0.512050 0.710702 0.002360 -0.186552 0.047581 0.981289
1311870515.717139 1.058454 -0.511290 0.716827 -0.000550 -0.184424 0.048584 0.981645
1311870515.748708 1.054804 -0.511934 0.724311 -0.001372 -0.180554 0.050260 0.982279
1311870515.780993 1.050744 -0.510689 0.729112 -0.000479 -0.176212 0.051936 0.982981
1311870515.816887 1.048009 -0.509678 0.733881 0.000213 -0.172672 0.052919 0.983557
1311870515.848866 1.043712 -0.507862 0.738519 0.001233 -0.169316 0.053810 0.984091
1311870515.881091 1.041014 -0.505107 0.742459 0.003049 -0.166340 0.053600 0.984606
1311870515.916993 1.040708 -0.504136 0.746170 0.003145 -0.164867 0.050142 0.985035
1311870515.949225 1.035826 -0.503063 0.749792 0.003517 -0.164048 0.044202 0.985455
1311870515.980823 1.030377 -0.501415 0.752303 0.003971 -0.163547 0.039609 0.985732
1311870516.017108 1.023685 -0.500664 0.754985 0.004116 -0.162745 0.037036 0.985964
1311870516.048597 1.019047 -0.499632 0.757441 0.005547 -0.162843 0.033584 0.986065
1311870516.080984 1.016289 -0.497421 0.759180 0.006203 -0.162761 0.030832 0.986164
1311870516.117447 1.013632 -0.497020 0.762990 0.005624 -0.160702 0.032085 0.986465
1311870516.148896 1.010086 -0.495498 0.765335 0.007576 -0.156999 0.034861 0.986954
1311870516.180811 1.008995 -0.492961 0.765692 0.008327 -0.154443 0.035235 0.987338
1311870516.217019 1.006028 -0.492123 0.766957 0.008529 -0.151835 0.036291 0.987703
1311870516.249677 1.004197 -0.489768 0.767127 0.009301 -0.149619 0.039394 0.987915
1311870516.280715 1.004100 -0.485996 0.766271 0.009086 -0.148327 0.040476 0.988068
1311870516.317211 0.998594 -0.488364 0.766117 0.008303 -0.145988 0.039149 0.988477
1311870516.348809 0.996390 -0.486396 0.765248 0.009880 -0.144074 0.038163 0.988781
1311870516.380720 0.995268 -0.481883 0.762887 0.011181 -0.142540 0.037398 0.989019
1311870516.416952 0.992958 -0.479876 0.761546 0.010743 -0.140008 0.034567 0.989488
1311870516.448748 0.989304 -0.476039 0.760043 0.010175 -0.136721 0.033791 0.989981
1311870516.480805 0.985802 -0.471961 0.757877 0.008133 -0.134569 0.033531 0.990303
1311870516.516852 0.982267 -0.467660 0.755502 0.004451 -0.133456 0.034015 0.990461
1311870516.549071 0.979320 -0.461984 0.753479 0.000646 -0.133070 0.033542 0.990539
1311870516.581144 0.975999 -0.460379 0.751279 -0.003420 -0.130727 0.032572 0.990877
1311870516.616924 0.972113 -0.455757 0.747557 -0.006589 -0.128051 0.031928 0.991232
1311870516.648987 0.965802 -0.456488 0.743486 -0.010636 -0.126370 0.030780 0.991449
1311870516.680804 0.961317 -0.454822 0.738956 -0.012461 -0.125949 0.030938 0.991476
1311870516.716713 0.958422 -0.453207 0.733792 -0.014327 -0.125444 0.031794 0.991488
1311870516.748807 0.954060 -0.450499 0.727991 -0.015754 -0.123400 0.033460 0.991668
1311870516.780766 0.948903 -0.450121 0.721014 -0.017216 -0.121184 0.035985 0.991828
1311870516.817369 0.944574 -0.449264 0.714293 -0.018397 -0.119721 0.039071 0.991868
1311870516.848747 0.941204 -0.448747 0.707764 -0.019110 -0.118593 0.041997 0.991870
1311870516.880949 0.934581 -0.448777 0.699377 -0.018655 -0.116720 0.043613 0.992031
1311870516.916808 0.931054 -0.446687 0.691186 -0.017758 -0.115788 0.045776 0.992060
1311870516.949269 0.925014 -0.446385 0.683321 -0.017520 -0.114485 0.047727 0.992123
1311870516.980822 0.922475 -0.444220 0.675559 -0.016415 -0.114428 0.049711 0.992051
1311870517.016940 0.916582 -0.439893 0.664378 -0.016918 -0.113410 0.052378 0.992022
1311870517.048730 0.909111 -0.440876 0.655717 -0.019646 -0.113769 0.054887 0.991795
1311870517.080915 0.903676 -0.440331 0.648199 -0.021173 -0.115173 0.058071 0.991421
1311870517.117578 0.897671 -0.438243 0.638745 -0.021410 -0.115240 0.059981 0.991294
1311870517.148913 0.893925 -0.436313 0.630930 -0.021060 -0.114752 0.060009 0.991356
1311870517.180897 0.890050 -0.435174 0.623542 -0.021326 -0.114100 0.060811 0.991377
1311870517.216791 0.885551 -0.433184 0.616400 -0.021058 -0.113799 0.060814 0.991417
1311870517.248937 0.880639 -0.428929 0.608404 -0.020362 -0.112432 0.059626 0.991660
1311870517.280881 0.878133 -0.426859 0.602062 -0.021148 -0.110859 0.058290 0.991900
1311870517.316941 0.872832 -0.427102 0.596881 -0.022121 -0.109296 0.056959 0.992129
1311870517.349257 0.869367 -0.424203 0.591080 -0.021926 -0.109076 0.056810 0.992166
1311870517.385883 0.865158 -0.422109 0.586068 -0.021799 -0.108040 0.056475 0.992302
1311870517.417034 0.862125 -0.421416 0.580931 -0.021745 -0.106259 0.056488 0.992494
1311870517.448895 0.858923 -0.421034 0.576586 -0.021381 -0.105281 0.056401 0.992612
1311870517.484795 0.858075 -0.418943 0.573218 -0.020805 -0.105149 0.056856 0.992612
1311870517.523738 0.854425 -0.418789 0.570124 -0.021039 -0.104420 0.055985 0.992733
1311870517.549778 0.853949 -0.418750 0.568624 -0.020145 -0.103700 0.053298 0.992975
1311870517.584888 0.851830 -0.418567 0.567493 -0.019461 -0.101688 0.051681 0.993282
1311870517.618659 0.849475 -0.417774 0.566472 -0.019261 -0.099626 0.051296 0.993515
1311870517.648922 0.846342 -0.417601 0.565741 -0.020108 -0.097933 0.052288 0.993615
1311870517.684853 0.841628 -0.417528 0.565732 -0.020710 -0.096143 0.052344 0.993774
1311870517.716957 0.839968 -0.416611 0.566658 -0.021998 -0.095358 0.053788 0.993745
1311870517.749021 0.837057 -0.419053 0.568450 -0.023967 -0.094211 0.053649 0.993817
1311870517.786038 0.832175 -0.419670 0.571004 -0.024806 -0.093175 0.053218 0.993917
1311870517.816955 0.828410 -0.421662 0.574345 -0.025403 -0.093082 0.052734 0.993936
1311870517.848849 0.825459 -0.424167 0.577985 -0.026561 -0.093190 0.053215 0.993870
1311870517.884894 0.820994 -0.426177 0.581966 -0.026850 -0.093401 0.053839 0.993809
1311870517.916815 0.819424 -0.425124 0.583948 -0.027767 -0.094652 0.053678 0.993674
1311870517.948937 0.812540 -0.428995 0.588414 -0.029653 -0.094265 0.054338 0.993621
1311870517.984866 0.809197 -0.432888 0.593596 -0.030786 -0.094314 0.056002 0.993489
1311870518.016692 0.805284 -0.435935 0.596749 -0.031545 -0.094460 0.057934 0.993341
1311870518.048901 0.800942 -0.439683 0.601075 -0.032242 -0.095146 0.059856 0.993139
1311870518.084929 0.798324 -0.441127 0.603813 -0.031859 -0.096224 0.061602 0.992941
1311870518.116926 0.797069 -0.444720 0.608237 -0.032253 -0.096095 0.063058 0.992849
1311870518.148942 0.794685 -0.448440 0.612369 -0.032650 -0.094569 0.063066 0.992982
1311870518.184855 0.790660 -0.452293 0.615819 -0.032759 -0.093131 0.062485 0.993151
1311870518.216804 0.789659 -0.456115 0.620934 -0.032442 -0.092016 0.061986 0.993297
1311870518.248863 0.788247 -0.459427 0.624868 -0.032232 -0.089880 0.062054 0.993495
1311870518.284884 0.786569 -0.462088 0.628288 -0.031660 -0.087053 0.063202 0.993693
1311870518.317116 0.783507 -0.465545 0.631720 -0.031397 -0.084159 0.065257 0.993817
1311870518.348887 0.781767 -0.467037 0.634259 -0.031514 -0.082377 0.066525 0.993879
1311870518.385605 0.778458 -0.470506 0.637547 -0.032341 -0.081239 0.066459 0.993950
1311870518.417149 0.775431 -0.472880 0.640465 -0.031889 -0.081048 0.065050 0.994074
1311870518.448787 0.773878 -0.474400 0.643249 -0.029618 -0.080392 0.062024 0.994391
1311870518.484955 0.773568 -0.473342 0.643999 -0.027316 -0.078480 0.059301 0.994775
1311870518.516903 0.771508 -0.472225 0.643799 -0.027730 -0.075341 0.058911 0.995030
1311870518.549524 0.767995 -0.472489 0.644726 -0.029758 -0.073528 0.059445 0.995075
1311870518.586884 0.765658 -0.473083 0.646050 -0.032155 -0.073245 0.060726 0.994944
1311870518.616963 0.763617 -0.474392 0.647354 -0.033835 -0.072421 0.063325 0.994787
1311870518.649051 0.761575 -0.474153 0.647395 -0.035202 -0.071144 0.065798 0.994671
1311870518.684945 0.759566 -0.474388 0.647778 -0.036289 -0.069557 0.067444 0.994634
1311870518.717002 0.757343 -0.473351 0.646816 -0.036619 -0.067355 0.068248 0.994718
1311870518.748852 0.753930 -0.473895 0.645677 -0.037762 -0.064497 0.068829 0.994825
1311870518.791123 0.748359 -0.475267 0.643799 -0.038164 -0.061924 0.069964 0.994894
1311870518.816898 0.745185 -0.474240 0.640280 -0.037946 -0.060971 0.071587 0.994846
1311870518.848913 0.742296 -0.474027 0.637178 -0.038474 -0.059139 0.073266 0.994814
1311870518.884981 0.738266 -0.474923 0.633674 -0.038345 -0.056131 0.075670 0.994813
1311870518.916862 0.734915 -0.472521 0.628204 -0.036794 -0.053443 0.077283 0.994896
1311870518.949027 0.731301 -0.471846 0.622545 -0.036501 -0.050963 0.079541 0.994859
1311870518.984982 0.726140 -0.470424 0.616773 -0.036310 -0.048281 0.082658 0.994745
1311870519.017077 0.721161 -0.466890 0.610066 -0.035991 -0.046039 0.086004 0.994579
1311870519.049840 0.717710 -0.463366 0.604080 -0.037573 -0.043927 0.089013 0.994352
1311870519.084921 0.711569 -0.461987 0.598693 -0.039903 -0.041251 0.092048 0.994099
1311870519.117024 0.705778 -0.460704 0.593254 -0.041387 -0.039177 0.093803 0.993958
1311870519.149934 0.699050 -0.459488 0.587599 -0.041693 -0.036584 0.095317 0.993900
1311870519.184993 0.691739 -0.456898 0.581650 -0.042748 -0.034863 0.097621 0.993694
1311870519.216985 0.686619 -0.456939 0.575961 -0.044131 -0.034480 0.098777 0.993532
1311870519.251968 0.681582 -0.455487 0.569556 -0.044989 -0.033368 0.100054 0.993404
1311870519.285449 0.676266 -0.453947 0.564334 -0.045662 -0.031342 0.102082 0.993233
1311870519.317000 0.670262 -0.452391 0.559705 -0.045778 -0.029907 0.103010 0.993176
1311870519.352072 0.665359 -0.450905 0.554133 -0.046434 -0.029601 0.103883 0.993064
1311870519.385668 0.659813 -0.450530 0.549402 -0.046952 -0.027897 0.105769 0.992890
1311870519.417023 0.654412 -0.449422 0.543527 -0.047276 -0.026157 0.107199 0.992768
1311870519.452771 0.650736 -0.447991 0.540842 -0.047036 -0.024742 0.108433 0.992682
1311870519.485733 0.646820 -0.444784 0.535297 -0.046998 -0.022415 0.109811 0.992588
1311870519.517127 0.640424 -0.443507 0.530689 -0.048346 -0.020468 0.111100 0.992422
1311870519.551772 0.635085 -0.441055 0.525991 -0.049111 -0.019802 0.112035 0.992292
1311870519.585163 0.631370 -0.438103 0.521291 -0.051323 -0.019193 0.112830 0.992102
1311870519.616985 0.625287 -0.436783 0.520390 -0.053796 -0.018159 0.113301 0.991937
1311870519.653136 0.621241 -0.434774 0.518786 -0.055254 -0.018426 0.112521 0.991941
1311870519.684937 0.615256 -0.432901 0.514968 -0.057070 -0.017724 0.111040 0.992018
1311870519.716946 0.611856 -0.431862 0.514074 -0.058510 -0.016687 0.109584 0.992114
1311870519.750489 0.606388 -0.432074 0.512679 -0.058995 -0.015544 0.108492 0.992223
1311870519.784901 0.601979 -0.431680 0.510930 -0.058580 -0.014611 0.106978 0.992427
1311870519.817010 0.604237 -0.431289 0.510822 -0.058043 -0.014371 0.106358 0.992528
1311870519.851306 0.607549 -0.427064 0.509328 -0.058317 -0.011083 0.104744 0.992726
1311870519.884968 0.601933 -0.431987 0.511492 -0.060487 -0.002487 0.104713 0.992658
1311870519.917266 0.593093 -0.430418 0.510194 -0.059391 0.003225 0.108660 0.992298
1311870519.952668 0.586071 -0.428090 0.509477 -0.060603 0.003789 0.111788 0.991875
1311870519.985059 0.584423 -0.429558 0.509606 -0.063895 0.001580 0.113536 0.991476
1311870520.016963 0.583241 -0.430056 0.511704 -0.066342 0.000697 0.114059 0.991256
1311870520.053141 0.579684 -0.431112 0.513801 -0.067740 0.001270 0.114399 0.991122
1311870520.084858 0.577422 -0.430932 0.515297 -0.068910 0.001468 0.114822 0.990992
1311870520.116996 0.574610 -0.432168 0.518137 -0.070356 0.002181 0.115096 0.990857
1311870520.150022 0.570269 -0.432752 0.520405 -0.071477 0.002942 0.114988 0.990788
1311870520.185705 0.567007 -0.434642 0.523985 -0.072107 0.002902 0.114867 0.990756
1311870520.217057 0.564588 -0.434653 0.527208 -0.072614 0.002757 0.114719 0.990737
1311870520.250180 0.559578 -0.436665 0.531373 -0.073286 0.003483 0.114670 0.990691
1311870520.285839 0.555962 -0.437802 0.535316 -0.073430 0.002837 0.115522 0.990583
1311870520.317888 0.553457 -0.437127 0.539661 -0.073618 0.001891 0.116673 0.990436
1311870520.354406 0.550342 -0.438698 0.543787 -0.074531 0.001682 0.118488 0.990153
1311870520.384950 0.547902 -0.437967 0.548335 -0.075377 0.001833 0.120052 0.989900
1311870520.421786 0.545150 -0.440185 0.554554 -0.077738 0.002367 0.121000 0.989601
1311870520.451179 0.542569 -0.444488 0.561639 -0.079273 0.002706 0.122620 0.989279
1311870520.485176 0.541341 -0.444951 0.566496 -0.078924 0.002527 0.125208 0.988983
1311870520.517498 0.540927 -0.445177 0.570406 -0.079839 0.003890 0.128195 0.988522
1311870520.552145 0.539538 -0.449027 0.576661 -0.082239 0.006359 0.130200 0.988051
1311870520.584912 0.537229 -0.454687 0.583962 -0.082561 0.008312 0.129956 0.988041
1311870520.617214 0.538326 -0.458623 0.588700 -0.081582 0.010257 0.129370 0.988181
1311870520.650283 0.536477 -0.460517 0.593724 -0.079488 0.014211 0.129922 0.988231
1311870520.685030 0.533432 -0.462454 0.597804 -0.078104 0.017537 0.130412 0.988223
1311870520.720361 0.529061 -0.464346 0.601492 -0.077330 0.018652 0.130678 0.988228
1311870520.749570 0.527862 -0.467920 0.604324 -0.078321 0.017861 0.130627 0.988172
1311870520.785066 0.522924 -0.469220 0.609566 -0.078384 0.018161 0.131430 0.988055
1311870520.817755 0.519758 -0.471426 0.613489 -0.078611 0.017438 0.131600 0.988027
1311870520.850972 0.517740 -0.473295 0.616746 -0.079410 0.016064 0.130865 0.988084
1311870520.884996 0.514713 -0.475929 0.620567 -0.080213 0.015139 0.130693 0.988057
1311870520.918471 0.513576 -0.477784 0.623910 -0.080965 0.014628 0.130296 0.988055
1311870520.949392 0.510980 -0.480991 0.626377 -0.082169 0.015734 0.130391 0.987927
1311870520.985090 0.507364 -0.484729 0.630288 -0.082852 0.016404 0.130734 0.987813
1311870521.017445 0.505517 -0.487170 0.631968 -0.082415 0.016046 0.132013 0.987686
1311870521.051337 0.504656 -0.490156 0.633922 -0.082357 0.016140 0.132678 0.987600
1311870521.085046 0.502785 -0.491997 0.635179 -0.081367 0.017927 0.133918 0.987484
1311870521.118649 0.499911 -0.494472 0.636767 -0.081174 0.019873 0.135643 0.987227
1311870521.152391 0.496303 -0.495729 0.637975 -0.080546 0.021952 0.137987 0.986909
1311870521.185010 0.493744 -0.496785 0.639006 -0.080825 0.023685 0.139785 0.986593
1311870521.220198 0.492056 -0.496464 0.638977 -0.081229 0.025931 0.141908 0.986201
1311870521.250068 0.489701 -0.499919 0.641050 -0.082783 0.029985 0.142934 0.985808
1311870521.285069 0.488352 -0.502789 0.643150 -0.081854 0.036829 0.144077 0.985487
1311870521.321107 0.483070 -0.503806 0.643705 -0.080076 0.045754 0.145020 0.985121
1311870521.349914 0.474908 -0.504125 0.643094 -0.079666 0.051163 0.147530 0.984515
1311870521.385056 0.468505 -0.506138 0.642569 -0.080867 0.053086 0.149758 0.983979
1311870521.418191 0.463753 -0.507982 0.641849 -0.082024 0.054876 0.152197 0.983411
1311870521.451020 0.459096 -0.509722 0.641057 -0.083046 0.058036 0.154882 0.982724
1311870521.485101 0.451906 -0.512273 0.640221 -0.084327 0.062299 0.157824 0.981886
1311870521.518793 0.442720 -0.517156 0.640465 -0.084930 0.066514 0.161335 0.980986
1311870521.550328 0.436201 -0.522802 0.639935 -0.083458 0.069233 0.164446 0.980407
1311870521.589723 0.431150 -0.524346 0.636669 -0.080373 0.072194 0.167764 0.979889
1311870521.618815 0.425945 -0.524009 0.633910 -0.079233 0.076932 0.171833 0.978916
1311870521.653703 0.418334 -0.526146 0.632351 -0.080383 0.082227 0.177677 0.977348
1311870521.686096 0.411454 -0.528906 0.631164 -0.081621 0.086292 0.184761 0.975579
1311870521.720829 0.404753 -0.530720 0.629055 -0.082074 0.089954 0.190969 0.974014
1311870521.751009 0.398408 -0.532346 0.627050 -0.082378 0.092837 0.194631 0.972992
1311870521.786592 0.390208 -0.534055 0.624799 -0.082810 0.095938 0.196551 0.972269
1311870521.822012 0.383804 -0.535681 0.622933 -0.084002 0.098622 0.198715 0.971457
1311870521.851559 0.376270 -0.537787 0.621607 -0.084803 0.101616 0.200262 0.970761
1311870521.885620 0.370247 -0.538494 0.620115 -0.085550 0.104391 0.201537 0.970138
1311870521.917848 0.362420 -0.541717 0.620066 -0.086678 0.107800 0.203299 0.969296
1311870521.950099 0.357035 -0.542777 0.618551 -0.086575 0.110701 0.205441 0.968527
1311870521.986235 0.350910 -0.541741 0.615870 -0.086876 0.113764 0.207605 0.967683
1311870522.018390 0.343984 -0.543249 0.615500 -0.088335 0.116755 0.209730 0.966736
1311870522.050693 0.339113 -0.543273 0.615055 -0.089018 0.118804 0.211617 0.966012
1311870522.086425 0.333486 -0.543895 0.614581 -0.089963 0.121666 0.213748 0.965099
1311870522.118618 0.327215 -0.545573 0.615067 -0.090471 0.124633 0.215611 0.964258
1311870522.150721 0.323056 -0.546304 0.614198 -0.090984 0.126462 0.216628 0.963744
1311870522.189104 0.316978 -0.546893 0.615007 -0.092441 0.128939 0.216902 0.963215
1311870522.218590 0.312463 -0.548208 0.616856 -0.094072 0.130519 0.216779 0.962872
1311870522.250422 0.308132 -0.550131 0.618288 -0.094781 0.131558 0.216678 0.962684
1311870522.285838 0.304504 -0.551948 0.620282 -0.095177 0.132873 0.215824 0.962656
1311870522.318002 0.298822 -0.554475 0.623364 -0.095554 0.134860 0.216190 0.962260
1311870522.351073 0.292682 -0.556807 0.626352 -0.095473 0.136015 0.217079 0.961905
1311870522.387638 0.289807 -0.559251 0.629397 -0.095734 0.136126 0.217485 0.961772
1311870522.417416 0.285789 -0.561817 0.632979 -0.096303 0.137162 0.217233 0.961625
1311870522.450329 0.281269 -0.564115 0.637076 -0.096146 0.138391 0.217207 0.961470
1311870522.487260 0.277008 -0.568586 0.642618 -0.096235 0.139760 0.216974 0.961316
1311870522.517400 0.271565 -0.570823 0.647494 -0.095182 0.140794 0.217753 0.961094
1311870522.550252 0.267137 -0.574316 0.653161 -0.095036 0.140841 0.219057 0.960805
1311870522.587317 0.264440 -0.577517 0.658736 -0.094542 0.139712 0.220590 0.960668
1311870522.619163 0.259849 -0.583375 0.666017 -0.093888 0.139994 0.221955 0.960376
1311870522.649388 0.257331 -0.585843 0.671859 -0.091870 0.140320 0.223616 0.960139
1311870522.687298 0.252686 -0.588596 0.676954 -0.092424 0.140809 0.224749 0.959749
1311870522.718394 0.248178 -0.594365 0.684701 -0.094521 0.140993 0.225686 0.959298
1311870522.749406 0.246952 -0.600535 0.691902 -0.095102 0.140229 0.226601 0.959137
1311870522.788502 0.245228 -0.605598 0.697409 -0.095118 0.140652 0.227445 0.958873
1311870522.817483 0.243148 -0.610935 0.704166 -0.094338 0.142221 0.227847 0.958624
1311870522.849243 0.240399 -0.617205 0.709267 -0.094151 0.143821 0.227909 0.958389
1311870522.886229 0.237765 -0.620019 0.716151 -0.093789 0.145128 0.228464 0.958095
1311870522.918267 0.234043 -0.624725 0.723733 -0.093452 0.145790 0.229693 0.957733
1311870522.949363 0.231668 -0.629093 0.729454 -0.093075 0.145117 0.230078 0.957780
1311870522.988539 0.229653 -0.633664 0.735103 -0.093381 0.145236 0.231603 0.957364
1311870523.018171 0.226998 -0.637148 0.741778 -0.093184 0.145266 0.233970 0.956803
1311870523.049325 0.225399 -0.641397 0.747621 -0.092917 0.144411 0.233743 0.957014
1311870523.086359 0.223070 -0.642919 0.752665 -0.092484 0.144805 0.232737 0.957242
1311870523.118084 0.220159 -0.646011 0.758900 -0.093310 0.146442 0.231912 0.957113
1311870523.149386 0.215568 -0.648386 0.763618 -0.093992 0.148060 0.232317 0.956699
1311870523.187203 0.211854 -0.647496 0.767392 -0.094354 0.148679 0.232456 0.956534
1311870523.219284 0.207904 -0.650879 0.772294 -0.096837 0.149604 0.232577 0.956111
1311870523.249223 0.203395 -0.655921 0.777441 -0.098036 0.149987 0.232547 0.955937
1311870523.285851 0.199384 -0.660003 0.780096 -0.097961 0.149593 0.232320 0.956061
1311870523.317780 0.195328 -0.661745 0.781349 -0.097282 0.149449 0.232161 0.956192
1311870523.349133 0.192827 -0.667273 0.783507 -0.097600 0.149835 0.231866 0.956171
1311870523.385396 0.188054 -0.668108 0.783957 -0.095740 0.151418 0.232020 0.956072
1311870523.418510 0.183292 -0.670830 0.784023 -0.095457 0.153677 0.233760 0.955315
1311870523.449206 0.179181 -0.672910 0.783841 -0.095060 0.156255 0.236470 0.954269
1311870523.485699 0.172398 -0.672960 0.782123 -0.095315 0.159250 0.239318 0.953038
1311870523.518696 0.167670 -0.674486 0.781302 -0.097465 0.161720 0.241399 0.951879
1311870523.549243 0.160807 -0.677139 0.781207 -0.099187 0.165400 0.242842 0.950701
1311870523.585986 0.155018 -0.679980 0.780559 -0.100269 0.168346 0.244351 0.949683
1311870523.618533 0.147896 -0.682071 0.778773 -0.100096 0.171941 0.245771 0.948690
1311870523.649474 0.140839 -0.684982 0.777174 -0.100074 0.175471 0.247903 0.947491
1311870523.686718 0.133439 -0.686098 0.774500 -0.099448 0.179205 0.251374 0.945942
1311870523.718226 0.124998 -0.687942 0.772457 -0.099867 0.182374 0.254637 0.944418
1311870523.749498 0.117019 -0.689975 0.770810 -0.100289 0.184516 0.257903 0.943070
1311870523.787662 0.109836 -0.692987 0.768906 -0.101174 0.186716 0.261176 0.941641
1311870523.818614 0.102306 -0.695217 0.766505 -0.101688 0.189329 0.264049 0.940262
1311870523.849265 0.094125 -0.697447 0.764247 -0.101912 0.191632 0.265901 0.939248
1311870523.886463 0.085636 -0.699295 0.761692 -0.101837 0.193776 0.267617 0.938329
1311870523.918332 0.077128 -0.700655 0.759314 -0.101908 0.195703 0.269039 0.937514
1311870523.949283 0.068172 -0.700769 0.756697 -0.102043 0.197341 0.269224 0.937103
1311870523.986069 0.060817 -0.702145 0.753959 -0.103059 0.198778 0.268809 0.936807
1311870524.017326 0.054081 -0.703392 0.751262 -0.104088 0.200708 0.269018 0.936222
1311870524.049414 0.046059 -0.705431 0.750166 -0.105087 0.203020 0.269743 0.935403
1311870524.086354 0.039558 -0.706590 0.747694 -0.105381 0.204415 0.271168 0.934653
1311870524.117218 0.032241 -0.707091 0.745186 -0.105342 0.206369 0.272706 0.933781
1311870524.149472 0.025782 -0.708938 0.743169 -0.105838 0.208617 0.273477 0.932999
1311870524.187907 0.018951 -0.710376 0.741013 -0.106006 0.210603 0.274301 0.932292
1311870524.217310 0.011105 -0.710529 0.739141 -0.105840 0.212247 0.274519 0.931874
1311870524.249450 0.004339 -0.711452 0.737318 -0.106589 0.213260 0.274100 0.931680
1311870524.286853 -0.001099 -0.711904 0.735639 -0.106945 0.214323 0.273012 0.931715
1311870524.317431 -0.007660 -0.713544 0.734337 -0.107265 0.215734 0.272292 0.931563
1311870524.349372 -0.013354 -0.715669 0.733601 -0.108005 0.217083 0.271278 0.931460
1311870524.385411 -0.018459 -0.717771 0.732500 -0.107748 0.218350 0.270902 0.931303
1311870524.417294 -0.023524 -0.718729 0.731990 -0.106558 0.219276 0.270565 0.931321
1311870524.449394 -0.028076 -0.720576 0.730211 -0.105806 0.219914 0.269276 0.931629
1311870524.488312 -0.032413 -0.722569 0.729292 -0.105405 0.220729 0.268386 0.931739
1311870524.517401 -0.035490 -0.724942 0.729746 -0.104974 0.221503 0.267734 0.931792
1311870524.549410 -0.038383 -0.726765 0.730448 -0.104538 0.222126 0.266556 0.932030
1311870524.587095 -0.042378 -0.726895 0.730927 -0.104372 0.222956 0.266559 0.931849
1311870524.617332 -0.045699 -0.729254 0.733500 -0.106083 0.223744 0.267246 0.931270
1311870524.649477 -0.048189 -0.732321 0.736759 -0.107061 0.224093 0.268506 0.930712
1311870524.686391 -0.050113 -0.733738 0.738627 -0.106760 0.224477 0.268864 0.930551
1311870524.717336 -0.052386 -0.737333 0.742526 -0.107256 0.225281 0.269038 0.930249
1311870524.749436 -0.056163 -0.742690 0.746857 -0.106887 0.225558 0.269293 0.930150
1311870524.785717 -0.059359 -0.744473 0.750228 -0.105456 0.224070 0.269407 0.930640
1311870524.817299 -0.060938 -0.747041 0.754173 -0.104821 0.222038 0.269441 0.931189
1311870524.849324 -0.064115 -0.749085 0.759015 -0.103959 0.220211 0.269080 0.931824
1311870524.887434 -0.067146 -0.750942 0.764100 -0.103037 0.218013 0.269440 0.932339
1311870524.917322 -0.069607 -0.752849 0.768976 -0.102568 0.215719 0.269714 0.932845
1311870524.949450 -0.071669 -0.751304 0.773142 -0.102995 0.213366 0.270399 0.933141
1311870524.986189 -0.072376 -0.752349 0.779236 -0.106808 0.211543 0.271657 0.932762
1311870525.017647 -0.073614 -0.756566 0.787245 -0.110048 0.210443 0.273113 0.932208
1311870525.049303 -0.073178 -0.760760 0.793722 -0.111743 0.209509 0.273940 0.931974
1311870525.088620 -0.074669 -0.761879 0.799923 -0.112275 0.209093 0.275842 0.931443
1311870525.117394 -0.075834 -0.765788 0.806444 -0.113529 0.207844 0.278144 0.930885
1311870525.149339 -0.074421 -0.770301 0.812262 -0.114593 0.205883 0.279139 0.930893
1311870525.185688 -0.071133 -0.776868 0.818280 -0.115569 0.205196 0.278833 0.931016
1311870525.217352 -0.068788 -0.783344 0.823525 -0.114389 0.206194 0.278215 0.931126
1311870525.249330 -0.069391 -0.785103 0.827860 -0.111228 0.208120 0.278995 0.930847
1311870525.285313 -0.069481 -0.787392 0.831913 -0.109751 0.208097 0.280751 0.930499
1311870525.317479 -0.068778 -0.789859 0.836163 -0.109061 0.207009 0.282300 0.930354
1311870525.349313 -0.067144 -0.791725 0.840230 -0.108344 0.206483 0.283675 0.930137
1311870525.385471 -0.066410 -0.793000 0.844176 -0.107920 0.206986 0.285552 0.929500
1311870525.417354 -0.066706 -0.794826 0.848062 -0.108139 0.207147 0.286898 0.929024
1311870525.449789 -0.066716 -0.794998 0.852720 -0.108351 0.206539 0.286836 0.929154
1311870525.485285 -0.066327 -0.794704 0.855710 -0.109224 0.206034 0.286897 0.929145
1311870525.517329 -0.065088 -0.797573 0.860939 -0.110984 0.206649 0.286397 0.928954
1311870525.549437 -0.065688 -0.797304 0.863491 -0.111014 0.207220 0.285841 0.928994
1311870525.585463 -0.066077 -0.796085 0.865597 -0.111745 0.207741 0.284928 0.929071
1311870525.617355 -0.066760 -0.796765 0.868707 -0.114496 0.208660 0.284772 0.928578
1311870525.649427 -0.067402 -0.798049 0.872353 -0.116197 0.209306 0.284812 0.928209
1311870525.685312 -0.067339 -0.799660 0.874462 -0.117361 0.209766 0.284564 0.928035
1311870525.717436 -0.066964 -0.800823 0.875954 -0.117808 0.211233 0.285120 0.927474
1311870525.749470 -0.068820 -0.800306 0.877403 -0.117610 0.213560 0.285332 0.926901
1311870525.785560 -0.070415 -0.801779 0.878613 -0.118753 0.214801 0.285885 0.926298
1311870525.817423 -0.072857 -0.803474 0.879678 -0.119901 0.216038 0.286506 0.925670
1311870525.849626 -0.075270 -0.803991 0.880787 -0.120195 0.217869 0.286733 0.925133
1311870525.885457 -0.076070 -0.805196 0.880298 -0.120651 0.219815 0.287586 0.924348
1311870525.917424 -0.080507 -0.803689 0.879466 -0.120551 0.223013 0.288970 0.923163
1311870525.949556 -0.083071 -0.805079 0.879012 -0.122359 0.225620 0.290902 0.921683
1311870525.985467 -0.087088 -0.805607 0.877977 -0.123023 0.228716 0.293025 0.920158
1311870526.017460 -0.091618 -0.807023 0.876990 -0.123605 0.231305 0.294504 0.918960
1311870526.049541 -0.096096 -0.808097 0.875003 -0.123745 0.233905 0.295582 0.917936
1311870526.085403 -0.101128 -0.809425 0.873252 -0.124326 0.237183 0.297837 0.916286
1311870526.117461 -0.106689 -0.812220 0.871565 -0.125126 0.240335 0.300758 0.914400
1311870526.149364 -0.112088 -0.814687 0.869677 -0.124988 0.243505 0.303835 0.912561
1311870526.185388 -0.117481 -0.817707 0.867644 -0.124450 0.246763 0.305417 0.911230
1311870526.217318 -0.125038 -0.820069 0.865504 -0.123667 0.250241 0.306651 0.909973
1311870526.249551 -0.131926 -0.822092 0.863242 -0.123114 0.252943 0.308255 0.908758
1311870526.285570 -0.138667 -0.823250 0.860449 -0.122895 0.254925 0.309730 0.907732
1311870526.317484 -0.145796 -0.825934 0.858798 -0.123141 0.257430 0.311766 0.906293
1311870526.349558 -0.153548 -0.828281 0.857124 -0.123328 0.260231 0.313544 0.904854
1311870526.385396 -0.159543 -0.829920 0.854921 -0.123788 0.263363 0.314859 0.903427
1311870526.417624 -0.167049 -0.832755 0.853650 -0.124057 0.267211 0.316093 0.901828
1311870526.449431 -0.176671 -0.832946 0.851990 -0.123224 0.269844 0.317128 0.900794
1311870526.485363 -0.184339 -0.834248 0.849243 -0.124282 0.270688 0.317888 0.900127
1311870526.517648 -0.191708 -0.836568 0.847989 -0.125533 0.271250 0.318062 0.899723
1311870526.553464 -0.198650 -0.838966 0.846401 -0.125623 0.272072 0.318103 0.899448
1311870526.585409 -0.205725 -0.839298 0.844001 -0.125014 0.273276 0.317498 0.899381
1311870526.617493 -0.213096 -0.840026 0.841673 -0.125227 0.275072 0.316885 0.899021
1311870526.653466 -0.219713 -0.841455 0.839448 -0.126005 0.276833 0.317571 0.898128
1311870526.685417 -0.225846 -0.842131 0.837607 -0.126263 0.278499 0.318275 0.897328
1311870526.717629 -0.233314 -0.842837 0.836596 -0.126862 0.280338 0.319134 0.896365
1311870526.753642 -0.240571 -0.843820 0.836069 -0.127250 0.281265 0.319865 0.895759
1311870526.785325 -0.245492 -0.846320 0.834557 -0.128361 0.281330 0.320545 0.895337
1311870526.817661 -0.252160 -0.848193 0.834272 -0.128466 0.282232 0.321941 0.894536
1311870526.853590 -0.257816 -0.850974 0.833554 -0.127956 0.282773 0.321862 0.894467
1311870526.885581 -0.263876 -0.852109 0.831474 -0.126751 0.283118 0.321177 0.894776
1311870526.917599 -0.268824 -0.851747 0.829335 -0.126224 0.283249 0.320380 0.895094
1311870526.953584 -0.275008 -0.854563 0.828628 -0.126516 0.284486 0.320036 0.894784
1311870526.985372 -0.278917 -0.856131 0.827951 -0.126296 0.285128 0.320146 0.894571
1311870527.017688 -0.282658 -0.857024 0.826380 -0.126255 0.285708 0.320311 0.894333
1311870527.053583 -0.283897 -0.859125 0.825410 -0.126202 0.287036 0.319965 0.894039
1311870527.085526 -0.288041 -0.859425 0.823966 -0.125154 0.288808 0.319626 0.893737
1311870527.117691 -0.289158 -0.859761 0.822635 -0.124569 0.289994 0.319043 0.893643
1311870527.153611 -0.289643 -0.860619 0.821932 -0.124755 0.291494 0.317704 0.893606
1311870527.185439 -0.290798 -0.860910 0.821616 -0.124856 0.293640 0.316642 0.893266
1311870527.217746 -0.289824 -0.862297 0.822294 -0.125011 0.295955 0.316092 0.892675
1311870527.253641 -0.290857 -0.862354 0.822967 -0.124437 0.298449 0.316171 0.891897
1311870527.285561 -0.290517 -0.862049 0.822834 -0.123627 0.299777 0.316775 0.891349
1311870527.317499 -0.290650 -0.862560 0.825368 -0.123751 0.300669 0.317918 0.890625
1311870527.353673 -0.291154 -0.864431 0.829178 -0.123805 0.300965 0.319240 0.890044
1311870527.385442 -0.291050 -0.865334 0.832533 -0.123206 0.300192 0.320394 0.889974
1311870527.417505 -0.289222 -0.867073 0.835850 -0.122824 0.299349 0.320678 0.890208
1311870527.453537 -0.288740 -0.868962 0.840069 -0.121682 0.298891 0.320263 0.890668
1311870527.485444 -0.288294 -0.869214 0.842644 -0.120473 0.297984 0.319753 0.891319
1311870527.517495 -0.288098 -0.869957 0.846649 -0.121195 0.297417 0.319507 0.891499
1311870527.553541 -0.286532 -0.874572 0.852788 -0.121871 0.296326 0.319974 0.891602
1311870527.585396 -0.283242 -0.877128 0.856151 -0.120403 0.294529 0.320828 0.892090
1311870527.617786 -0.283405 -0.877829 0.859302 -0.118600 0.294008 0.322110 0.892041
1311870527.653556 -0.281227 -0.879526 0.861855 -0.118130 0.292553 0.324402 0.891752
1311870527.685683 -0.279993 -0.880533 0.864835 -0.117702 0.290463 0.326418 0.891756
1311870527.717743 -0.275936 -0.883956 0.868702 -0.118534 0.288690 0.326892 0.892048
1311870527.753560 -0.271094 -0.885997 0.871246 -0.117602 0.288137 0.325724 0.892777
1311870527.785611 -0.266734 -0.886115 0.873047 -0.116007 0.288562 0.324234 0.893391
1311870527.817660 -0.263260 -0.885562 0.874828 -0.115361 0.289846 0.324071 0.893118
1311870527.853602 -0.262281 -0.885760 0.878169 -0.115501 0.291374 0.325139 0.892214
1311870527.885426 -0.259946 -0.884068 0.880929 -0.115653 0.291084 0.326728 0.891708
1311870527.917615 -0.257245 -0.882606 0.883960 -0.117366 0.290578 0.328249 0.891090
1311870527.953613 -0.252841 -0.883939 0.887747 -0.120060 0.290148 0.329330 0.890473
1311870527.985521 -0.248977 -0.883781 0.890751 -0.120461 0.290565 0.329590 0.890186
1311870528.017688 -0.248555 -0.879793 0.892698 -0.120706 0.291327 0.329754 0.889843
1311870528.053545 -0.246117 -0.879763 0.896535 -0.123278 0.291031 0.330209 0.889419
1311870528.085603 -0.241487 -0.881005 0.899556 -0.125239 0.290807 0.329979 0.889303
1311870528.117562 -0.239173 -0.876368 0.899808 -0.125068 0.292518 0.330044 0.888742
1311870528.153637 -0.237945 -0.874577 0.900422 -0.126581 0.295304 0.331291 0.887141
1311870528.185455 -0.237576 -0.874689 0.902142 -0.128414 0.297629 0.331822 0.885901
1311870528.217554 -0.237543 -0.873561 0.903065 -0.129384 0.299019 0.332527 0.885027
1311870528.253557 -0.237599 -0.874195 0.904533 -0.130191 0.300538 0.333571 0.884001
1311870528.285502 -0.237940 -0.874250 0.904701 -0.130118 0.301880 0.334498 0.883204
1311870528.317676 -0.238210 -0.874373 0.904259 -0.129904 0.303580 0.335538 0.882258
1311870528.353572 -0.240401 -0.874647 0.904187 -0.129560 0.306117 0.338272 0.880386
1311870528.385617 -0.244890 -0.873238 0.903402 -0.128675 0.308225 0.342458 0.878159
1311870528.417630 -0.248907 -0.872774 0.902865 -0.130578 0.309214 0.345665 0.876271
1311870528.453581 -0.251490 -0.875433 0.903385 -0.133398 0.310361 0.346704 0.875030
1311870528.485584 -0.255598 -0.877494 0.903048 -0.134668 0.312417 0.346429 0.874212
1311870528.517605 -0.260191 -0.881104 0.902482 -0.134837 0.315047 0.345198 0.873729
1311870528.553734 -0.266578 -0.884010 0.900524 -0.133555 0.317831 0.343054 0.873762
1311870528.585482 -0.273745 -0.886805 0.898352 -0.131698 0.320408 0.341876 0.873564
1311870528.617711 -0.281867 -0.887537 0.894819 -0.129768 0.322531 0.342509 0.872824
1311870528.653807 -0.289481 -0.889403 0.892626 -0.129261 0.324582 0.343850 0.871611
1311870528.685658 -0.297794 -0.891456 0.891126 -0.129329 0.326273 0.344863 0.870568
1311870528.717725 -0.305966 -0.893906 0.889800 -0.129889 0.327918 0.345911 0.869450
1311870528.753754 -0.313646 -0.895809 0.888920 -0.130589 0.329412 0.346985 0.868352
1311870528.785670 -0.321741 -0.897012 0.887892 -0.130829 0.330623 0.347845 0.867512
1311870528.817695 -0.330556 -0.900471 0.887225 -0.132071 0.331757 0.348782 0.866513
1311870528.853709 -0.339291 -0.902839 0.886245 -0.132578 0.332585 0.350062 0.865602
1311870528.885613 -0.347228 -0.904556 0.884457 -0.132419 0.333157 0.350805 0.865105
1311870528.917710 -0.356499 -0.906125 0.883671 -0.132326 0.333780 0.351178 0.864728
1311870528.953635 -0.365042 -0.907929 0.882713 -0.132783 0.334096 0.351019 0.864601
1311870528.985528 -0.372454 -0.910220 0.880546 -0.133216 0.334808 0.351493 0.864066
1311870529.017633 -0.381697 -0.912571 0.880241 -0.133591 0.335952 0.352607 0.863110
1311870529.053960 -0.390627 -0.914015 0.879318 -0.133993 0.336341 0.353162 0.862669
1311870529.085558 -0.398318 -0.915577 0.877221 -0.134365 0.335835 0.354493 0.862262
1311870529.117636 -0.404998 -0.916806 0.875552 -0.134462 0.336227 0.355493 0.861682
1311870529.153562 -0.413101 -0.917571 0.874191 -0.134567 0.337731 0.356614 0.860613
1311870529.185613 -0.422118 -0.918604 0.873215 -0.134431 0.339031 0.357342 0.859822
1311870529.217784 -0.428957 -0.917879 0.870289 -0.134769 0.338330 0.357897 0.859814
1311870529.253670 -0.433750 -0.920620 0.870202 -0.136518 0.338187 0.358949 0.859156
1311870529.285539 -0.441026 -0.921592 0.868582 -0.136327 0.338872 0.358927 0.858925
1311870529.317748 -0.444478 -0.924107 0.868013 -0.137356 0.339483 0.357322 0.859189
1311870529.353620 -0.448512 -0.924730 0.867323 -0.136292 0.340965 0.356974 0.858916
1311870529.385706 -0.453358 -0.926256 0.865870 -0.136291 0.341857 0.356042 0.858948
1311870529.417814 -0.459011 -0.929224 0.869129 -0.137210 0.343174 0.353614 0.859280
1311870529.453577 -0.459164 -0.931582 0.869973 -0.138368 0.342938 0.351998 0.859852
1311870529.485560 -0.459281 -0.932863 0.870675 -0.137612 0.343936 0.350403 0.860226
1311870529.517835 -0.459354 -0.935086 0.871857 -0.136301 0.345388 0.348940 0.860448
1311870529.553733 -0.459637 -0.936780 0.871805 -0.134025 0.346230 0.347954 0.860866
1311870529.585764 -0.460800 -0.937407 0.871933 -0.131099 0.346047 0.347619 0.861525
1311870529.617609 -0.461817 -0.935918 0.871261 -0.129804 0.345359 0.347299 0.862126
1311870529.653670 -0.460098 -0.936656 0.872238 -0.131741 0.344785 0.346833 0.862250
1311870529.685645 -0.456079 -0.940123 0.875320 -0.132005 0.344588 0.346257 0.862520
1311870529.717693 -0.455266 -0.940396 0.875900 -0.129499 0.344989 0.346357 0.862699
1311870529.753737 -0.454107 -0.940395 0.877297 -0.127989 0.345335 0.347694 0.862248
1311870529.785572 -0.455292 -0.941088 0.879828 -0.127457 0.344218 0.350690 0.861560
1311870529.817686 -0.455257 -0.939647 0.880727 -0.128238 0.340862 0.353791 0.861511
1311870529.853727 -0.449112 -0.942917 0.883487 -0.131071 0.337630 0.355144 0.861800
1311870529.885616 -0.440967 -0.946995 0.884857 -0.130758 0.337443 0.352264 0.863102
1311870529.917708 -0.438419 -0.946628 0.884190 -0.127836 0.340328 0.349004 0.863731
1311870529.953714 -0.438012 -0.946944 0.884468 -0.126473 0.343524 0.348495 0.862871
1311870529.985592 -0.437612 -0.946723 0.885184 -0.125345 0.344043 0.349631 0.862370
1311870530.017922 -0.435554 -0.946811 0.886341 -0.125746 0.341818 0.350682 0.862769
1311870530.053808 -0.431895 -0.947852 0.886993 -0.126471 0.340596 0.350374 0.863272
1311870530.085624 -0.430227 -0.947058 0.887300 -0.126903 0.341238 0.348757 0.863609
1311870530.117774 -0.430849 -0.946725 0.889717 -0.127458 0.342903 0.346592 0.863739
1311870530.153765 -0.430715 -0.946432 0.890673 -0.128299 0.342838 0.344024 0.864667
1311870530.185634 -0.431212 -0.946829 0.891434 -0.128718 0.342393 0.342664 0.865321
1311870530.217786 -0.431652 -0.946956 0.891991 -0.129104 0.342039 0.341528 0.865852
1311870530.253929 -0.433257 -0.946718 0.892330 -0.129500 0.342262 0.340594 0.866073
1311870530.286029 -0.434374 -0.945848 0.891764 -0.130596 0.342476 0.340180 0.865987
1311870530.317935 -0.436044 -0.945832 0.892049 -0.132140 0.343302 0.340551 0.865279
1311870530.353722 -0.437408 -0.947082 0.892822 -0.133393 0.344185 0.340517 0.864749
1311870530.385850 -0.439475 -0.948205 0.892918 -0.133891 0.345226 0.339867 0.864513
1311870530.417758 -0.440803 -0.949614 0.892905 -0.134003 0.346718 0.338500 0.864435
1311870530.453862 -0.443376 -0.950957 0.892080 -0.133648 0.349623 0.337915 0.863548
1311870530.485681 -0.447500 -0.952679 0.892060 -0.132897 0.353002 0.338916 0.861895
1311870530.517600 -0.453435 -0.954108 0.891812 -0.131841 0.355251 0.341170 0.860243
1311870530.553887 -0.458765 -0.956365 0.891794 -0.131940 0.356830 0.343548 0.858626
1311870530.585894 -0.466129 -0.958571 0.892478 -0.131410 0.358122 0.344955 0.857605
1311870530.617876 -0.471866 -0.960731 0.892073 -0.131328 0.357596 0.345389 0.857662
1311870530.653848 -0.479681 -0.962138 0.891643 -0.131049 0.358738 0.346343 0.856843
1311870530.685747 -0.488151 -0.963751 0.890885 -0.131867 0.360274 0.348973 0.855004
1311870530.717879 -0.495766 -0.967808 0.891824 -0.133181 0.360625 0.350823 0.853894
1311870530.753813 -0.504523 -0.970204 0.891738 -0.132911 0.360026 0.351860 0.853763
1311870530.785751 -0.511308 -0.973721 0.890806 -0.133480 0.359563 0.352060 0.853786
1311870530.817694 -0.518617 -0.976616 0.890322 -0.133855 0.360931 0.350467 0.853806
1311870530.853579 -0.527771 -0.979155 0.889910 -0.133813 0.362812 0.349426 0.853442
1311870530.885594 -0.534968 -0.982599 0.889255 -0.134065 0.363495 0.349558 0.853057
1311870530.917651 -0.543674 -0.984419 0.889041 -0.132453 0.364253 0.350650 0.852538
1311870530.953721 -0.549630 -0.987723 0.888005 -0.132195 0.364834 0.351098 0.852145
1311870530.985770 -0.557107 -0.990448 0.887401 -0.131272 0.366371 0.352568 0.851020
1311870531.017632 -0.564462 -0.993052 0.886758 -0.129794 0.367466 0.354103 0.850137
1311870531.053817 -0.572939 -0.994841 0.886704 -0.128699 0.368144 0.354369 0.849900
1311870531.085728 -0.579021 -0.996716 0.886241 -0.128426 0.368423 0.354640 0.849707
1311870531.117833 -0.585438 -1.000217 0.886771 -0.128061 0.369412 0.355646 0.848911
1311870531.153808 -0.593329 -1.002702 0.887304 -0.126876 0.370269 0.356688 0.848278
1311870531.185806 -0.600161 -1.003990 0.886709 -0.126043 0.370091 0.357162 0.848281
1311870531.217648 -0.606878 -1.006373 0.886971 -0.125958 0.370475 0.356669 0.848334
1311870531.253950 -0.614478 -1.008640 0.888328 -0.125850 0.371122 0.356642 0.848078
1311870531.285639 -0.621081 -1.010319 0.888098 -0.125734 0.370899 0.356745 0.848150
1311870531.317741 -0.628598 -1.011355 0.888382 -0.126143 0.370509 0.357127 0.848098
1311870531.353899 -0.633294 -1.013944 0.888976 -0.127588 0.368775 0.357594 0.848442
1311870531.385755 -0.638711 -1.015006 0.889475 -0.127819 0.367713 0.357265 0.849006
1311870531.417753 -0.644267 -1.015789 0.889918 -0.128195 0.367583 0.356739 0.849227
1311870531.453962 -0.649266 -1.017324 0.891277 -0.128906 0.367704 0.356493 0.849170
1311870531.485663 -0.653894 -1.018587 0.891429 -0.129085 0.367264 0.356644 0.849270
1311870531.517943 -0.657628 -1.019672 0.891723 -0.129621 0.367048 0.357324 0.848996
1311870531.553875 -0.660150 -1.021169 0.892566 -0.129721 0.367029 0.358180 0.848628
1311870531.585802 -0.664282 -1.022458 0.892067 -0.129486 0.367054 0.358350 0.848581
1311870531.617744 -0.667753 -1.023139 0.891017 -0.128926 0.367164 0.357838 0.848835
1311870531.653887 -0.671350 -1.024126 0.891489 -0.128795 0.367480 0.357293 0.848948
1311870531.685863 -0.674292 -1.025747 0.891405 -0.128892 0.367658 0.356251 0.849293
1311870531.717776 -0.676473 -1.026469 0.890067 -0.128339 0.367501 0.355658 0.849694
1311870531.753721 -0.679264 -1.027230 0.889636 -0.128090 0.368056 0.355597 0.849517
1311870531.785779 -0.682803 -1.026980 0.888629 -0.128000 0.368363 0.355819 0.849304
1311870531.817896 -0.684896 -1.027302 0.887876 -0.128714 0.367820 0.356449 0.849167
1311870531.853864 -0.686597 -1.027517 0.887665 -0.128970 0.367428 0.356758 0.849168
1311870531.885692 -0.687037 -1.027569 0.886801 -0.129593 0.367596 0.356390 0.849155
1311870531.917945 -0.686417 -1.025323 0.881319 -0.129569 0.367467 0.356296 0.849254
1311870531.953725 -0.687985 -1.026117 0.881704 -0.130805 0.369127 0.356104 0.848425
1311870531.985707 -0.689991 -1.026039 0.882483 -0.131723 0.369805 0.354946 0.848473
1311870532.017814 -0.690055 -1.024956 0.881482 -0.132657 0.369692 0.354526 0.848552
1311870532.053802 -0.688587 -1.025394 0.880747 -0.133788 0.370170 0.353335 0.848663
1311870532.085794 -0.688706 -1.025462 0.881345 -0.134341 0.371939 0.351460 0.848581
1311870532.117752 -0.688887 -1.024754 0.880993 -0.134108 0.372864 0.350571 0.848580
1311870532.153955 -0.688419 -1.023991 0.881519 -0.134284 0.373199 0.350900 0.848268
1311870532.185767 -0.686899 -1.023666 0.880495 -0.134779 0.373102 0.351996 0.847778
1311870532.217912 -0.684044 -1.022178 0.880942 -0.135370 0.373152 0.353280 0.847128
1311870532.253887 -0.681032 -1.022268 0.882395 -0.136258 0.373745 0.353710 0.846544
1311870532.285764 -0.677629 -1.022218 0.883579 -0.136273 0.374192 0.353179 0.846567
1311870532.317766 -0.673062 -1.022805 0.883970 -0.136178 0.374653 0.351126 0.847231
1311870532.353921 -0.668434 -1.023890 0.884795 -0.135454 0.375578 0.349400 0.847652
1311870532.385803 -0.663957 -1.025499 0.886317 -0.133066 0.376378 0.347995 0.848252
1311870532.417808 -0.659420 -1.025849 0.887507 -0.129832 0.376536 0.346844 0.849155
1311870532.454013 -0.657029 -1.026083 0.889601 -0.127236 0.377237 0.346381 0.849425
1311870532.485809 -0.654041 -1.025558 0.890184 -0.127743 0.376294 0.347457 0.849328
1311870532.518264 -0.647936 -1.029085 0.894947 -0.129464 0.374752 0.348458 0.849340
1311870532.553703 -0.641406 -1.031653 0.896980 -0.127352 0.373216 0.349442 0.849930
1311870532.585765 -0.637290 -1.031648 0.898368 -0.124400 0.373127 0.350552 0.849949
1311870532.617834 -0.633513 -1.032014 0.899872 -0.122044 0.373014 0.353028 0.849315
1311870532.653874 -0.631021 -1.031506 0.900918 -0.119922 0.371403 0.355472 0.849304
1311870532.685884 -0.625946 -1.033046 0.902885 -0.120329 0.369017 0.355232 0.850387
1311870532.717871 -0.619292 -1.035361 0.904692 -0.119912 0.368380 0.352530 0.851845
1311870532.753718 -0.615220 -1.035680 0.906093 -0.118112 0.369664 0.350625 0.852326
1311870532.785894 -0.612590 -1.035665 0.908534 -0.116878 0.370778 0.350262 0.852162
1311870532.817873 -0.609683 -1.035458 0.909848 -0.115549 0.370204 0.350424 0.852526
1311870532.853993 -0.605882 -1.036698 0.912252 -0.115759 0.369091 0.350329 0.853019
1311870532.885775 -0.602842 -1.035804 0.914648 -0.114886 0.368051 0.350343 0.853580
1311870532.917754 -0.599742 -1.035853 0.916465 -0.114514 0.366946 0.350118 0.854198
1311870532.953790 -0.598744 -1.034046 0.918025 -0.114973 0.365602 0.350011 0.854757
1311870532.985935 -0.596265 -1.034342 0.920809 -0.116667 0.364008 0.349334 0.855484
1311870533.017890 -0.594415 -1.034644 0.923623 -0.116811 0.362839 0.348936 0.856123
1311870533.053880 -0.592929 -1.033622 0.925462 -0.117314 0.362039 0.347065 0.857153
1311870533.085764 -0.591487 -1.033471 0.927242 -0.117875 0.361902 0.346023 0.857555
1311870533.117910 -0.590832 -1.032986 0.929120 -0.118239 0.362289 0.345721 0.857463
1311870533.153906 -0.590682 -1.031885 0.930272 -0.119038 0.362737 0.346104 0.857008
1311870533.185897 -0.590462 -1.031257 0.931197 -0.120273 0.363103 0.347333 0.856184
1311870533.217947 -0.590582 -1.031303 0.933110 -0.121427 0.363738 0.348903 0.855112
1311870533.253938 -0.590721 -1.032282 0.934734 -0.122520 0.364301 0.349804 0.854348
1311870533.285776 -0.590817 -1.033770 0.935412 -0.123418 0.364886 0.349128 0.854246
1311870533.317840 -0.592007 -1.034892 0.936131 -0.124041 0.366593 0.347577 0.854058
1311870533.353961 -0.593247 -1.036622 0.936854 -0.123757 0.368791 0.347327 0.853253
1311870533.385784 -0.595817 -1.038235 0.936937 -0.122524 0.370838 0.347851 0.852330
1311870533.418074 -0.598490 -1.039965 0.937432 -0.122132 0.372673 0.348494 0.851323
1311870533.453809 -0.601041 -1.041338 0.936702 -0.121851 0.375041 0.350063 0.849678
1311870533.485930 -0.604766 -1.043475 0.937030 -0.121259 0.377764 0.352780 0.847429
1311870533.517844 -0.608779 -1.045644 0.936918 -0.120906 0.379866 0.354307 0.845902
1311870533.553791 -0.612917 -1.047965 0.937382 -0.120802 0.382521 0.355169 0.844358
1311870533.585802 -0.618155 -1.049604 0.937249 -0.120831 0.384543 0.356782 0.842753
1311870533.617883 -0.618155 -1.049604 0.937249 -0.120831 0.384543 0.356782 0.842753
1311870533.653986 -0.627968 -1.054155 0.938110 -0.120280 0.387009 0.361210 0.839812
1311870533.685836 -0.633760 -1.056784 0.938730 -0.120731 0.388158 0.362548 0.838640
1311870533.717851 -0.639448 -1.060309 0.939954 -0.121372 0.388786 0.362748 0.838170
1311870533.754009 -0.645348 -1.064039 0.940685 -0.121036 0.388944 0.362580 0.838218
1311870533.786580 -0.651869 -1.065945 0.940528 -0.120036 0.388610 0.362443 0.838575
1311870533.817830 -0.656243 -1.070859 0.941365 -0.120491 0.388737 0.361288 0.838950
1311870533.854024 -0.663549 -1.073332 0.941479 -0.119630 0.389486 0.361063 0.838822
1311870533.885885 -0.669980 -1.076723 0.942765 -0.119336 0.389345 0.361742 0.838637
1311870533.918070 -0.675535 -1.079592 0.943232 -0.118482 0.388179 0.362126 0.839133
1311870533.953885 -0.679890 -1.082102 0.943080 -0.117784 0.387612 0.361951 0.839569
1311870533.986039 -0.684494 -1.085168 0.943410 -0.117208 0.388368 0.361230 0.839610
1311870534.017845 -0.689729 -1.087772 0.943766 -0.116732 0.389206 0.360681 0.839525
1311870534.053805 -0.694877 -1.090426 0.944680 -0.115988 0.389625 0.360876 0.839350
1311870534.085843 -0.698877 -1.093099 0.944470 -0.115609 0.389295 0.360970 0.839515
1311870534.117829 -0.702797 -1.095830 0.944695 -0.114806 0.389826 0.360850 0.839430
1311870534.153817 -0.707837 -1.097748 0.944517 -0.113314 0.390174 0.360887 0.839455
1311870534.185866 -0.712365 -1.100558 0.944351 -0.112831 0.389726 0.360279 0.839989
1311870534.217924 -0.717333 -1.102567 0.944409 -0.111901 0.389330 0.360163 0.840347
1311870534.254180 -0.720807 -1.104447 0.944243 -0.111875 0.388424 0.359895 0.840884
1311870534.285889 -0.724334 -1.106411 0.943918 -0.111674 0.388549 0.358674 0.841375
1311870534.318155 -0.728630 -1.108037 0.943841 -0.111244 0.389275 0.358569 0.841141
1311870534.353864 -0.732804 -1.109641 0.943846 -0.110698 0.389780 0.358243 0.841118
1311870534.386175 -0.735029 -1.111349 0.943932 -0.111144 0.389667 0.358162 0.841146
1311870534.417874 -0.739255 -1.111499 0.943242 -0.110704 0.390083 0.358260 0.840969
1311870534.453764 -0.742805 -1.113093 0.943394 -0.110648 0.390470 0.358456 0.840714
1311870534.486051 -0.745578 -1.113325 0.941945 -0.110251 0.390220 0.359114 0.840601
1311870534.518420 -0.749552 -1.114164 0.942158 -0.110360 0.390818 0.359454 0.840164
1311870534.553916 -0.753220 -1.115050 0.942875 -0.110127 0.391105 0.360066 0.839798
1311870534.585910 -0.756093 -1.117477 0.943113 -0.109602 0.391030 0.359789 0.840021
1311870534.617855 -0.759357 -1.119176 0.942503 -0.108553 0.390603 0.360044 0.840246
1311870534.654074 -0.762724 -1.121122 0.942054 -0.107260 0.390225 0.360709 0.840303
1311870534.685957 -0.765859 -1.122936 0.941764 -0.105755 0.389434 0.361487 0.840526
1311870534.718130 -0.769692 -1.123865 0.940703 -0.104981 0.388176 0.361473 0.841211
1311870534.754156 -0.771587 -1.125101 0.939973 -0.104517 0.387276 0.361127 0.841832
1311870534.785847 -0.774953 -1.126269 0.939228 -0.104122 0.387877 0.360957 0.841677
1311870534.817908 -0.778053 -1.127342 0.939152 -0.103787 0.388188 0.361305 0.841426
1311870534.853941 -0.780911 -1.128513 0.939047 -0.103541 0.388240 0.361243 0.841458
1311870534.885905 -0.784107 -1.128537 0.938436 -0.103270 0.388341 0.361534 0.841320
1311870534.918048 -0.786190 -1.129723 0.938048 -0.103614 0.388495 0.361266 0.841322
1311870534.954068 -0.788366 -1.129923 0.937676 -0.103921 0.388571 0.361250 0.841256
1311870534.985871 -0.789808 -1.130446 0.937515 -0.103824 0.389501 0.361156 0.840878
1311870535.018049 -0.791472 -1.130280 0.936252 -0.103207 0.391117 0.361804 0.839925
1311870535.054164 -0.793715 -1.129702 0.935052 -0.103408 0.392372 0.362948 0.838820
1311870535.085918 -0.795284 -1.129703 0.934632 -0.104385 0.392919 0.363719 0.838109
1311870535.117922 -0.797065 -1.129376 0.934405 -0.104265 0.393372 0.364137 0.837730
1311870535.154191 -0.798313 -1.129869 0.933673 -0.104604 0.393649 0.364423 0.837433
1311870535.185891 -0.800431 -1.128716 0.932203 -0.104729 0.393817 0.364461 0.837322
1311870535.217963 -0.803204 -1.127896 0.932732 -0.105204 0.393797 0.364589 0.837216
1311870535.254036 -0.803905 -1.126941 0.931242 -0.106654 0.391806 0.364862 0.837848
1311870535.285911 -0.804334 -1.126189 0.931233 -0.109124 0.391010 0.365108 0.837794
1311870535.317996 -0.803739 -1.126850 0.932028 -0.111618 0.391830 0.365497 0.836913
1311870535.354185 -0.804102 -1.126524 0.931905 -0.112366 0.393084 0.365683 0.836143
1311870535.386102 -0.805399 -1.125534 0.930124 -0.112718 0.393656 0.365908 0.835728
1311870535.418054 -0.805908 -1.125607 0.930174 -0.113778 0.394070 0.365834 0.835421
1311870535.454154 -0.806758 -1.124549 0.929592 -0.114229 0.394501 0.365022 0.835512
1311870535.486006 -0.807529 -1.123865 0.927478 -0.115483 0.394394 0.363655 0.835986
1311870535.517985 -0.809293 -1.122934 0.926516 -0.116447 0.394052 0.363142 0.836236
1311870535.554126 -0.809197 -1.120935 0.924518 -0.117566 0.392504 0.362828 0.836944
1311870535.586026 -0.808615 -1.120642 0.923382 -0.119066 0.391772 0.361729 0.837550
1311870535.618203 -0.806652 -1.119927 0.921992 -0.119685 0.392206 0.360966 0.837588
1311870535.653954 -0.805431 -1.118988 0.918763 -0.118877 0.393431 0.359866 0.837602
1311870535.685919 -0.805195 -1.117224 0.915287 -0.118201 0.393988 0.358747 0.837915
1311870535.722020 -0.803300 -1.115842 0.912392 -0.117081 0.394511 0.358385 0.837982
1311870535.753972 -0.801137 -1.113926 0.909260 -0.115833 0.394584 0.357880 0.838337
1311870535.785923 -0.799005 -1.112266 0.905150 -0.115283 0.394645 0.357254 0.838650
1311870535.822043 -0.795888 -1.109399 0.901735 -0.114794 0.395267 0.356751 0.838639
1311870535.854132 -0.792106 -1.107380 0.898225 -0.113905 0.396242 0.356409 0.838445
1311870535.886083 -0.788601 -1.104982 0.894125 -0.112619 0.397107 0.356581 0.838137
1311870535.922048 -0.787299 -1.100998 0.889398 -0.112184 0.397123 0.357103 0.837965
1311870535.954065 -0.785502 -1.097873 0.887110 -0.113506 0.395716 0.356389 0.838756
1311870535.985940 -0.780704 -1.096041 0.884388 -0.113513 0.393224 0.355159 0.840447
1311870536.022118 -0.776424 -1.092426 0.878867 -0.112975 0.391624 0.354035 0.841740
1311870536.053971 -0.772740 -1.088020 0.874307 -0.112834 0.391221 0.353427 0.842202
1311870536.086162 -0.768359 -1.084544 0.869926 -0.112562 0.390377 0.353036 0.842794
1311870536.122071 -0.764304 -1.080982 0.864789 -0.111744 0.388937 0.352266 0.843890
1311870536.154212 -0.759614 -1.077227 0.859764 -0.111519 0.387092 0.350524 0.845492
1311870536.185964 -0.753519 -1.072988 0.854463 -0.112087 0.385961 0.347914 0.847010
1311870536.222145 -0.748834 -1.069059 0.849609 -0.112270 0.385592 0.346096 0.847899
1311870536.254533 -0.745426 -1.064700 0.844677 -0.112180 0.384320 0.344354 0.849196
1311870536.285958 -0.742068 -1.059841 0.839513 -0.112980 0.382595 0.342772 0.850508
1311870536.322117 -0.736606 -1.054951 0.834292 -0.114216 0.379693 0.341468 0.852166
1311870536.354191 -0.732797 -1.052114 0.830272 -0.116210 0.377218 0.339427 0.853810
1311870536.386255 -0.726892 -1.049384 0.827114 -0.117117 0.374812 0.338123 0.855262
1311870536.422203 -0.722340 -1.043892 0.820188 -0.116306 0.372241 0.336801 0.857015
1311870536.453990 -0.717886 -1.039551 0.815185 -0.117136 0.369667 0.334444 0.858937
1311870536.486155 -0.714815 -1.034445 0.810288 -0.117342 0.367547 0.333062 0.860354
1311870536.522243 -0.710675 -1.029190 0.804790 -0.117439 0.363749 0.332686 0.862099
1311870536.554054 -0.708671 -1.026103 0.801335 -0.119286 0.359857 0.330106 0.864467
1311870536.586020 -0.700170 -1.021965 0.797766 -0.120436 0.355235 0.328247 0.866924
1311870536.622194 -0.692192 -1.018004 0.792473 -0.119889 0.352758 0.326428 0.868696
1311870536.654414 -0.688791 -1.014246 0.787437 -0.118924 0.351586 0.323920 0.870242
1311870536.686043 -0.684963 -1.011258 0.782996 -0.117898 0.349928 0.321689 0.871875
1311870536.722157 -0.682141 -1.007740 0.775821 -0.115745 0.346745 0.320649 0.873816
1311870536.754257 -0.678897 -1.003007 0.769757 -0.114112 0.341594 0.321565 0.875721
1311870536.786106 -0.678897 -1.003007 0.769757 -0.114112 0.341594 0.321565 0.875721
1311870536.822151 -0.670540 -0.996083 0.761516 -0.115677 0.332524 0.317875 0.880342
1311870536.854015 -0.665577 -0.992279 0.756929 -0.117109 0.330527 0.315256 0.881845
1311870536.886074 -0.663221 -0.988386 0.754081 -0.117495 0.328545 0.313003 0.883336
1311870536.922146 -0.659465 -0.985493 0.749559 -0.118436 0.324469 0.309917 0.885802
1311870536.954108 -0.655350 -0.983912 0.747248 -0.119193 0.322146 0.306988 0.887566
1311870536.986393 -0.651383 -0.980410 0.744354 -0.118349 0.321171 0.305701 0.888476
1311870537.022074 -0.648927 -0.978083 0.740460 -0.118316 0.320231 0.303074 0.889719
1311870537.054071 -0.646221 -0.975713 0.737045 -0.118814 0.319557 0.299678 0.891044
1311870537.086400 -0.644133 -0.973026 0.734881 -0.119940 0.319330 0.297952 0.891553
1311870537.122159 -0.643473 -0.971992 0.734210 -0.119844 0.318757 0.299081 0.891393
1311870537.154044 -0.642000 -0.970847 0.732737 -0.119192 0.317172 0.301704 0.891162
1311870537.186006 -0.638050 -0.968655 0.730543 -0.119298 0.316140 0.304042 0.890720
1311870537.222178 -0.634552 -0.965659 0.728579 -0.118677 0.317550 0.307233 0.889205
1311870537.254088 -0.632557 -0.964045 0.727939 -0.117961 0.320410 0.310092 0.887280
1311870537.286093 -0.633335 -0.962361 0.727371 -0.117500 0.322484 0.312084 0.885890
1311870537.322226 -0.632712 -0.962371 0.728224 -0.117498 0.323491 0.312908 0.885232
1311870537.354088 -0.631160 -0.962168 0.727069 -0.116580 0.324892 0.312719 0.884907
1311870537.386038 -0.632015 -0.958089 0.724490 -0.116411 0.325899 0.314046 0.884089
1311870537.422153 -0.632944 -0.960126 0.723949 -0.120851 0.326669 0.313980 0.883232
1311870537.454193 -0.630615 -0.961447 0.726953 -0.123189 0.327416 0.315219 0.882191
1311870537.486083 -0.627472 -0.962419 0.727802 -0.122730 0.328269 0.315327 0.881899
1311870537.522105 -0.625730 -0.963586 0.727542 -0.121133 0.330050 0.315447 0.881412
1311870537.554064 -0.630919 -0.964904 0.728171 -0.118582 0.331710 0.314634 0.881426
1311870537.586084 -0.631154 -0.966794 0.728872 -0.118466 0.330434 0.317548 0.880876
1311870537.622154 -0.631428 -0.968353 0.729397 -0.117514 0.330252 0.321014 0.879815
1311870537.654062 -0.633386 -0.971185 0.731246 -0.117307 0.329218 0.322876 0.879548
1311870537.686040 -0.631630 -0.972517 0.730540 -0.116368 0.328238 0.324432 0.879467
1311870537.722168 -0.631637 -0.972594 0.729506 -0.116049 0.329243 0.324113 0.879251
1311870537.754254 -0.631921 -0.973410 0.730375 -0.116018 0.330725 0.323536 0.878911
1311870537.786249 -0.633159 -0.974311 0.731170 -0.115336 0.331450 0.323130 0.878877
1311870537.822222 -0.633835 -0.975127 0.730777 -0.115643 0.329846 0.321516 0.880032
1311870537.854262 -0.630335 -0.975791 0.730911 -0.115667 0.329050 0.321257 0.880421
1311870537.886381 -0.629031 -0.975816 0.730041 -0.114579 0.329861 0.321836 0.880048
1311870537.922171 -0.629475 -0.976047 0.729913 -0.113896 0.329910 0.321093 0.880390
1311870537.954347 -0.628166 -0.975516 0.728759 -0.113750 0.328822 0.321465 0.880680
1311870537.986107 -0.625733 -0.974997 0.728590 -0.113172 0.327711 0.323093 0.880573
1311870538.022288 -0.622389 -0.974195 0.727744 -0.112647 0.326480 0.322956 0.881148
1311870538.054071 -0.619495 -0.973619 0.726571 -0.112496 0.325763 0.323049 0.881398
1311870538.086140 -0.616248 -0.972911 0.725952 -0.111591 0.325176 0.324116 0.881338
1311870538.122594 -0.614458 -0.970979 0.723380 -0.109810 0.323898 0.324296 0.881966
1311870538.154168 -0.612816 -0.970138 0.722048 -0.109657 0.321490 0.323301 0.883231
1311870538.186414 -0.608681 -0.967629 0.719181 -0.109456 0.318648 0.322524 0.884568
1311870538.222265 -0.604605 -0.965651 0.716769 -0.109921 0.316778 0.320576 0.885889
1311870538.254167 -0.599651 -0.962041 0.713647 -0.110613 0.314250 0.317996 0.887632
1311870538.286215 -0.594371 -0.959790 0.711900 -0.111264 0.312709 0.315683 0.888919
1311870538.322310 -0.588504 -0.958535 0.708242 -0.111537 0.311240 0.312867 0.890395
1311870538.354240 -0.582225 -0.954530 0.705274 -0.110454 0.309135 0.310589 0.892060
1311870538.386094 -0.576072 -0.951730 0.701254 -0.109462 0.307467 0.307288 0.893899
1311870538.422217 -0.571308 -0.949814 0.696375 -0.108710 0.306151 0.303928 0.895590
1311870538.454159 -0.564873 -0.945913 0.692345 -0.107690 0.304484 0.303283 0.896500
1311870538.486125 -0.559596 -0.941595 0.687362 -0.107252 0.302477 0.301830 0.897721
1311870538.522200 -0.552330 -0.939263 0.683847 -0.108144 0.299820 0.300122 0.899077
1311870538.554259 -0.544422 -0.935727 0.680050 -0.107233 0.297485 0.299084 0.900307
1311870538.586143 -0.538404 -0.930723 0.674669 -0.106342 0.295450 0.297126 0.901730
1311870538.622362 -0.530981 -0.926712 0.670466 -0.105626 0.293588 0.294587 0.903254
1311870538.654294 -0.526843 -0.923797 0.666663 -0.104896 0.292920 0.292688 0.904173
1311870538.686207 -0.522045 -0.918149 0.661512 -0.104403 0.291230 0.291574 0.905135
1311870538.722309 -0.517076 -0.912693 0.656951 -0.104851 0.289117 0.290624 0.906066
1311870538.754182 -0.510255 -0.907604 0.652529 -0.105550 0.286714 0.289368 0.907150
1311870538.786218 -0.505854 -0.903436 0.649260 -0.107216 0.285641 0.288261 0.907645
1311870538.822228 -0.499536 -0.898430 0.645455 -0.108390 0.284346 0.288060 0.907976
1311870538.854281 -0.493094 -0.892364 0.641243 -0.108434 0.282929 0.287994 0.908434
1311870538.886222 -0.488601 -0.887857 0.637408 -0.109110 0.281898 0.287304 0.908892
1311870538.922182 -0.485446 -0.884957 0.634885 -0.109726 0.280615 0.286062 0.909607
1311870538.954344 -0.482741 -0.880027 0.630519 -0.109785 0.277778 0.285422 0.910671
1311870538.986328 -0.478733 -0.876793 0.626935 -0.110619 0.274011 0.285811 0.911588
1311870539.022372 -0.470646 -0.869995 0.620614 -0.110071 0.269186 0.286790 0.912784
1311870539.054236 -0.470646 -0.869995 0.620614 -0.110071 0.269186 0.286790 0.912784
1311870539.086179 -0.465542 -0.863750 0.615080 -0.110937 0.266583 0.282890 0.914658
1311870539.122393 -0.461660 -0.861860 0.611785 -0.110910 0.264821 0.281490 0.915605
1311870539.154145 -0.459852 -0.859168 0.608570 -0.109971 0.262698 0.279935 0.916805
1311870539.186213 -0.457152 -0.856400 0.604735 -0.109766 0.260019 0.278734 0.917959
1311870539.222410 -0.454082 -0.853969 0.601760 -0.109557 0.258082 0.278928 0.918472
1311870539.254251 -0.451555 -0.851082 0.598502 -0.109430 0.256085 0.279189 0.918966
1311870539.286197 -0.449437 -0.847397 0.595526 -0.110377 0.254412 0.278234 0.919607
1311870539.322337 -0.446840 -0.844420 0.594708 -0.111337 0.253448 0.278728 0.919608
1311870539.354172 -0.443703 -0.843618 0.593314 -0.111946 0.252679 0.279469 0.919521
1311870539.386179 -0.440771 -0.838905 0.590104 -0.112177 0.251741 0.279587 0.919714
1311870539.422287 -0.439700 -0.836818 0.588929 -0.113192 0.251141 0.280205 0.919565
1311870539.454836 -0.439176 -0.834321 0.588964 -0.113728 0.250724 0.282366 0.918952
1311870539.487455 -0.437198 -0.831879 0.587331 -0.114504 0.248868 0.284854 0.918592
1311870539.522354 -0.434714 -0.830226 0.587650 -0.115892 0.246968 0.286473 0.918427
1311870539.554154 -0.430028 -0.827660 0.586439 -0.116847 0.246036 0.287766 0.918152
1311870539.586271 -0.429088 -0.825971 0.586873 -0.117669 0.246469 0.289070 0.917521
1311870539.622380 -0.427557 -0.824495 0.586449 -0.118901 0.245453 0.290491 0.917186
1311870539.654246 -0.426537 -0.822095 0.586883 -0.120931 0.244313 0.292832 0.916480
1311870539.686345 -0.424226 -0.821271 0.589797 -0.123656 0.243821 0.295371 0.915433
1311870539.722235 -0.420399 -0.819398 0.592939 -0.124029 0.243161 0.297716 0.914798
1311870539.754311 -0.418217 -0.819212 0.593043 -0.123854 0.242465 0.297627 0.915035
1311870539.786602 -0.415946 -0.819362 0.593383 -0.123367 0.242249 0.297809 0.915099
1311870539.822291 -0.412534 -0.819302 0.592774 -0.122299 0.242751 0.298006 0.915045
1311870539.854254 -0.407285 -0.818650 0.590314 -0.121583 0.244126 0.297290 0.915007
1311870539.886326 -0.404276 -0.819101 0.589513 -0.121637 0.247617 0.295282 0.914712
1311870539.922326 -0.403405 -0.820865 0.590354 -0.121444 0.251999 0.293120 0.914237
1311870539.954396 -0.404625 -0.822931 0.591667 -0.120253 0.255367 0.291791 0.913885
1311870539.986265 -0.405156 -0.825681 0.591986 -0.119648 0.256342 0.291259 0.913861
1311870540.022451 -0.401632 -0.826901 0.591610 -0.119099 0.256437 0.291913 0.913697
1311870540.054248 -0.398302 -0.828064 0.591831 -0.118439 0.258132 0.292941 0.912976
1311870540.086327 -0.395557 -0.828189 0.590757 -0.118015 0.260759 0.294066 0.911922
1311870540.122405 -0.396711 -0.827158 0.590711 -0.118241 0.263910 0.296171 0.910304
1311870540.154212 -0.395810 -0.829920 0.593843 -0.118685 0.264082 0.298753 0.909352
1311870540.186183 -0.391726 -0.828131 0.592521 -0.117622 0.262675 0.300365 0.909367
1311870540.222385 -0.389534 -0.827222 0.592004 -0.117423 0.262726 0.301119 0.909128
1311870540.254274 -0.387973 -0.826933 0.593040 -0.117379 0.263047 0.302353 0.908632
1311870540.286328 -0.388569 -0.827423 0.594308 -0.117511 0.262388 0.304068 0.908232
1311870540.322198 -0.384477 -0.826904 0.594754 -0.118167 0.259833 0.305663 0.908346
1311870540.354334 -0.374013 -0.823490 0.594831 -0.117697 0.258029 0.306724 0.908564
1311870540.386386 -0.369191 -0.821455 0.594875 -0.115950 0.259022 0.306951 0.908430
1311870540.422311 -0.366947 -0.820006 0.594114 -0.114826 0.259368 0.307215 0.908384
1311870540.454309 -0.365289 -0.820090 0.595665 -0.114145 0.259142 0.307591 0.908407
1311870540.486221 -0.359682 -0.818698 0.595971 -0.113191 0.257167 0.308071 0.908925
1311870540.522337 -0.353737 -0.816131 0.595261 -0.111753 0.254450 0.307721 0.909986
1311870540.554375 -0.346282 -0.813071 0.593509 -0.110773 0.251778 0.305927 0.911453
1311870540.586464 -0.340045 -0.811284 0.593461 -0.110207 0.250355 0.303420 0.912750
1311870540.622414 -0.337644 -0.810865 0.593059 -0.109950 0.248725 0.299910 0.914385
1311870540.654269 -0.331671 -0.808183 0.593012 -0.109140 0.244825 0.296592 0.916615
1311870540.686268 -0.325106 -0.806021 0.591245 -0.108275 0.240554 0.294315 0.918580
1311870540.722364 -0.318686 -0.804113 0.589761 -0.107566 0.235900 0.293059 0.920270
1311870540.754251 -0.309129 -0.800765 0.586368 -0.106979 0.230806 0.291497 0.922124
1311870540.786246 -0.300160 -0.797774 0.583948 -0.106082 0.227021 0.288477 0.924115
1311870540.822468 -0.291378 -0.794049 0.580981 -0.104391 0.223945 0.284002 0.926442
1311870540.854236 -0.283557 -0.791172 0.577161 -0.103557 0.221312 0.280062 0.928365
1311870540.886320 -0.274862 -0.787680 0.573322 -0.103512 0.218626 0.276464 0.930084
1311870540.922347 -0.268042 -0.785099 0.571006 -0.103208 0.217064 0.273124 0.931469
1311870540.954328 -0.258412 -0.781773 0.567934 -0.102706 0.214974 0.270164 0.932871
1311870540.986261 -0.249485 -0.779490 0.564695 -0.103009 0.214013 0.266822 0.934020
1311870541.022351 -0.242533 -0.777454 0.563134 -0.102574 0.213407 0.265027 0.934717
1311870541.054387 -0.240546 -0.775779 0.561510 -0.102191 0.212124 0.263562 0.935466
1311870541.086340 -0.232196 -0.773865 0.558271 -0.102870 0.207851 0.263411 0.936392
1311870541.122437 -0.223854 -0.771569 0.555836 -0.102389 0.203821 0.262574 0.937565
1311870541.154508 -0.215769 -0.768140 0.551973 -0.101988 0.200386 0.260265 0.938992
1311870541.186431 -0.210643 -0.765606 0.549340 -0.101839 0.198543 0.257133 0.940262
1311870541.222493 -0.206351 -0.763066 0.546192 -0.102273 0.196206 0.254815 0.941336
1311870541.254588 -0.200612 -0.759666 0.542936 -0.103046 0.193229 0.253111 0.942326
1311870541.286332 -0.195149 -0.756193 0.539738 -0.103669 0.190721 0.252151 0.943026
1311870541.322625 -0.189511 -0.752680 0.535972 -0.105003 0.188800 0.251532 0.943430
1311870541.354428 -0.184421 -0.749622 0.534093 -0.105664 0.188182 0.250855 0.943660
1311870541.386374 -0.180448 -0.747225 0.530981 -0.105809 0.186938 0.251746 0.943654
1311870541.422454 -0.176805 -0.742283 0.527069 -0.105810 0.184930 0.250916 0.944270
1311870541.454513 -0.172297 -0.738334 0.523518 -0.106442 0.183091 0.249885 0.944831
1311870541.486795 -0.168309 -0.734171 0.519089 -0.107030 0.181725 0.249873 0.945031
1311870541.522439 -0.164047 -0.731629 0.516543 -0.108075 0.180978 0.250192 0.944971
1311870541.555173 -0.161383 -0.726060 0.511734 -0.109024 0.180045 0.249785 0.945148
1311870541.586667 -0.155395 -0.725244 0.510690 -0.110651 0.179339 0.248509 0.945430
1311870541.622463 -0.151879 -0.722894 0.509113 -0.110014 0.179791 0.247597 0.945657
1311870541.654490 -0.147028 -0.720963 0.506323 -0.108806 0.180422 0.246707 0.945909
1311870541.686496 -0.145196 -0.718811 0.503597 -0.107073 0.181683 0.246186 0.946002
1311870541.722353 -0.143255 -0.717514 0.501796 -0.105926 0.183417 0.246304 0.945766
1311870541.754325 -0.140313 -0.719525 0.500905 -0.104999 0.184969 0.248695 0.944940
1311870541.786545 -0.140654 -0.718626 0.499283 -0.103037 0.186352 0.250937 0.944292
1311870541.822399 -0.140986 -0.717869 0.497957 -0.101938 0.186340 0.252024 0.944124
1311870541.854332 -0.140196 -0.719792 0.499026 -0.101291 0.185086 0.253591 0.944021
1311870541.886498 -0.139474 -0.720063 0.498823 -0.099572 0.182982 0.254232 0.944441
1311870541.922427 -0.137104 -0.719582 0.498022 -0.098594 0.181507 0.253378 0.945058
1311870541.954548 -0.140775 -0.723912 0.501059 -0.098076 0.183537 0.251258 0.945286
1311870541.986569 -0.141567 -0.725032 0.501427 -0.096955 0.184157 0.251040 0.945338
1311870542.022417 -0.142499 -0.726732 0.502656 -0.096171 0.184040 0.251618 0.945288
1311870542.054327 -0.140956 -0.727487 0.503115 -0.095362 0.183252 0.251879 0.945453
1311870542.086535 -0.142987 -0.727245 0.502037 -0.094835 0.184472 0.252861 0.945007
1311870542.122433 -0.147607 -0.729094 0.503592 -0.096265 0.187176 0.253629 0.944124
1311870542.154468 -0.148023 -0.731182 0.507023 -0.097214 0.187256 0.254020 0.943906
1311870542.186374 -0.150087 -0.734056 0.510600 -0.097309 0.186310 0.252238 0.944561
1311870542.222469 -0.150076 -0.736940 0.513348 -0.096667 0.184218 0.249519 0.945759
1311870542.254367 -0.150236 -0.740687 0.514662 -0.095889 0.182832 0.248747 0.946310
1311870542.286569 -0.147932 -0.743449 0.515920 -0.095220 0.182526 0.250490 0.945977
1311870542.322368 -0.153036 -0.746425 0.517692 -0.094361 0.184306 0.253939 0.944798
1311870542.354466 -0.155984 -0.749422 0.520734 -0.094861 0.183223 0.256709 0.944209
1311870542.386344 -0.153181 -0.750254 0.522223 -0.094993 0.180467 0.257149 0.944607
1311870542.422546 -0.151683 -0.752256 0.523631 -0.094790 0.179732 0.255962 0.945090
1311870542.454398 -0.150928 -0.754261 0.525237 -0.094578 0.180896 0.254755 0.945215
1311870542.486607 -0.154377 -0.755646 0.525398 -0.094365 0.182109 0.255921 0.944688
1311870542.522398 -0.155578 -0.757035 0.527531 -0.094800 0.181721 0.258806 0.943933
1311870542.554522 -0.155441 -0.757626 0.529171 -0.094896 0.180732 0.260475 0.943654
1311870542.586430 -0.152304 -0.758531 0.529710 -0.095978 0.179799 0.259878 0.943888
1311870542.622435 -0.148190 -0.757549 0.529321 -0.096677 0.180733 0.259549 0.943728
1311870542.654545 -0.149426 -0.757917 0.531204 -0.097640 0.183343 0.258930 0.943296
1311870542.686551 -0.150717 -0.758884 0.533037 -0.099282 0.183756 0.257513 0.943432
1311870542.722485 -0.150284 -0.758873 0.534598 -0.100668 0.181268 0.256870 0.943941
1311870542.754612 -0.151408 -0.759619 0.534923 -0.102057 0.176980 0.256362 0.944744
1311870542.786515 -0.145112 -0.759294 0.535634 -0.102912 0.172056 0.256696 0.945470
1311870542.822618 -0.137156 -0.759645 0.534586 -0.103110 0.170164 0.257682 0.945522
1311870542.854518 -0.133272 -0.758627 0.534560 -0.102325 0.170961 0.259216 0.945044
1311870542.886471 -0.130551 -0.757082 0.533873 -0.101454 0.170580 0.259254 0.945197
1311870542.922511 -0.127878 -0.756026 0.532594 -0.101313 0.168434 0.257360 0.946114
1311870542.954692 -0.124290 -0.755565 0.532477 -0.100935 0.165394 0.255190 0.947278
1311870542.986531 -0.118684 -0.755280 0.531526 -0.099562 0.161645 0.254415 0.948278
1311870543.022361 -0.112322 -0.752485 0.528147 -0.098088 0.158520 0.252924 0.949358
1311870543.054503 -0.104810 -0.750601 0.526278 -0.097145 0.155997 0.251850 0.950158
1311870543.086501 -0.099667 -0.747832 0.523137 -0.095604 0.154001 0.251428 0.950751
1311870543.122447 -0.095177 -0.745983 0.520117 -0.095318 0.151326 0.250303 0.951506
1311870543.154423 -0.087643 -0.742636 0.516852 -0.094847 0.147353 0.249000 0.952518
1311870543.186537 -0.079415 -0.738788 0.512177 -0.094791 0.143737 0.246246 0.953791
1311870543.222444 -0.071787 -0.735636 0.508955 -0.095156 0.141349 0.243230 0.954885
1311870543.254396 -0.066214 -0.732570 0.506082 -0.094919 0.139596 0.239394 0.956135
1311870543.286693 -0.059326 -0.729554 0.501704 -0.095304 0.136842 0.235539 0.957451
1311870543.322559 -0.050226 -0.726876 0.498991 -0.095368 0.133912 0.232207 0.958672
1311870543.354735 -0.042745 -0.723680 0.495270 -0.094858 0.131582 0.228908 0.959838
1311870543.386750 -0.036495 -0.721411 0.491360 -0.094328 0.129215 0.225155 0.961099
1311870543.422566 -0.029200 -0.718296 0.486777 -0.093898 0.126247 0.221519 0.962379
1311870543.454309 -0.021921 -0.714100 0.482523 -0.092902 0.123527 0.218904 0.963427
1311870543.486520 -0.016051 -0.710811 0.477923 -0.091946 0.121408 0.217428 0.964122
1311870543.522582 -0.009234 -0.707252 0.473239 -0.091632 0.119169 0.216206 0.964706
1311870543.554798 -0.003466 -0.702934 0.468016 -0.091512 0.116965 0.215228 0.965206
1311870543.586450 0.000391 -0.699332 0.464061 -0.091607 0.114631 0.215047 0.965517
1311870543.622532 0.003396 -0.695125 0.459648 -0.092293 0.111067 0.215153 0.965844
1311870543.654514 0.007908 -0.693557 0.456951 -0.093775 0.106045 0.215048 0.966289
1311870543.686479 0.013574 -0.687851 0.452445 -0.094638 0.100588 0.214938 0.966813
1311870543.722474 0.022515 -0.683491 0.449193 -0.096015 0.096971 0.213907 0.967275
1311870543.754435 0.033018 -0.681021 0.447391 -0.097355 0.095942 0.212988 0.967447
1311870543.786567 0.039577 -0.678345 0.446232 -0.096563 0.098388 0.212812 0.967319
1311870543.822562 0.043427 -0.676263 0.442524 -0.095219 0.101280 0.210385 0.967685
1311870543.854650 0.044751 -0.673779 0.441346 -0.094649 0.103523 0.209953 0.967597
1311870543.886603 0.045797 -0.671975 0.439423 -0.093351 0.104501 0.212000 0.967172
1311870543.922562 0.048738 -0.671560 0.438050 -0.093469 0.103677 0.214476 0.966703
1311870543.954493 0.054469 -0.667940 0.436364 -0.092611 0.101758 0.215332 0.966799
1311870543.986550 0.059482 -0.666814 0.435281 -0.092609 0.101921 0.215489 0.966747
1311870544.022508 0.064775 -0.665040 0.434683 -0.092342 0.102938 0.216109 0.966527
1311870544.054454 0.065273 -0.662901 0.433596 -0.092262 0.104936 0.217615 0.965981
1311870544.086527 0.068660 -0.659483 0.433151 -0.093017 0.105926 0.218541 0.965592
1311870544.122512 0.069210 -0.658305 0.434055 -0.094760 0.107437 0.219249 0.965095
1311870544.154676 0.073126 -0.655228 0.434243 -0.096492 0.107808 0.219115 0.964912
1311870544.186896 0.075417 -0.653743 0.435706 -0.099178 0.109263 0.218988 0.964505
1311870544.222602 0.078587 -0.651994 0.437999 -0.101494 0.111654 0.219782 0.963809
1311870544.254540 0.081085 -0.651048 0.440023 -0.103483 0.114027 0.220554 0.963143
1311870544.286587 0.084402 -0.649965 0.442491 -0.105319 0.115956 0.221807 0.962426
1311870544.322554 0.088403 -0.648162 0.443421 -0.107255 0.118281 0.223717 0.961487
1311870544.354609 0.090833 -0.647830 0.447021 -0.109125 0.121357 0.226066 0.960343
1311870544.386694 0.093557 -0.647536 0.449945 -0.109431 0.123184 0.226920 0.959874
1311870544.422518 0.097177 -0.648295 0.452495 -0.109670 0.124493 0.226993 0.959660
1311870544.454952 0.100681 -0.648956 0.455531 -0.108115 0.126173 0.226846 0.959652
1311870544.486493 0.104514 -0.649306 0.455521 -0.107105 0.128124 0.227774 0.959287
1311870544.522511 0.106817 -0.649235 0.457158 -0.105955 0.130898 0.229737 0.958572
1311870544.554697 0.109910 -0.648899 0.458011 -0.105121 0.133116 0.232176 0.957770
1311870544.586533 0.111300 -0.648237 0.458662 -0.104876 0.135231 0.235264 0.956747
1311870544.622497 0.113551 -0.646512 0.459552 -0.105412 0.136468 0.238035 0.955826
1311870544.654693 0.116254 -0.646663 0.461866 -0.105812 0.136832 0.240401 0.955138
1311870544.686484 0.119387 -0.645623 0.463096 -0.106023 0.136603 0.241684 0.954823
1311870544.722542 0.122417 -0.645685 0.465287 -0.106984 0.136563 0.242663 0.954473
1311870544.754551 0.125684 -0.644098 0.466895 -0.107355 0.135891 0.244485 0.954063
1311870544.786501 0.128530 -0.643241 0.469055 -0.108194 0.134497 0.245670 0.953861
1311870544.822618 0.134165 -0.641912 0.470072 -0.108548 0.132491 0.246443 0.953902
1311870544.855021 0.140615 -0.640672 0.471738 -0.108644 0.130970 0.246781 0.954014
1311870544.890655 0.142527 -0.639879 0.472588 -0.108161 0.130896 0.246934 0.954039
1311870544.922592 0.150077 -0.639285 0.474015 -0.107947 0.128477 0.246930 0.954393
1311870544.954606 0.157096 -0.638388 0.474107 -0.107053 0.125872 0.246143 0.955044
1311870544.990496 0.161698 -0.635691 0.473624 -0.105217 0.123580 0.244718 0.955913
1311870545.022553 0.167746 -0.633527 0.472206 -0.103783 0.120701 0.242386 0.957032
1311870545.054668 0.173332 -0.631071 0.470826 -0.102593 0.118038 0.239559 0.958203
1311870545.090638 0.178231 -0.627867 0.468055 -0.101207 0.114974 0.235811 0.959652
1311870545.122537 0.183632 -0.624008 0.464856 -0.100936 0.110930 0.231228 0.961270
1311870545.154758 0.189242 -0.620092 0.462272 -0.100813 0.106756 0.226957 0.962772
1311870545.190523 0.194661 -0.615247 0.458501 -0.100952 0.102049 0.222864 0.964223
1311870545.222656 0.202058 -0.609553 0.454722 -0.101594 0.096744 0.218902 0.965609
1311870545.254684 0.208706 -0.603341 0.449868 -0.102581 0.091729 0.214857 0.966902
1311870545.290663 0.217154 -0.598143 0.447454 -0.104036 0.086500 0.211266 0.968019
1311870545.322603 0.225015 -0.591643 0.442799 -0.104173 0.081689 0.207830 0.969165
1311870545.354649 0.233620 -0.586145 0.438024 -0.105499 0.077370 0.205294 0.969917
1311870545.390609 0.242585 -0.579741 0.434023 -0.106753 0.073586 0.204043 0.970338
1311870545.422677 0.249903 -0.575083 0.430129 -0.107903 0.070084 0.203239 0.970638
1311870545.454786 0.257592 -0.571520 0.426604 -0.108999 0.065870 0.202103 0.971048
1311870545.490531 0.265163 -0.566702 0.422233 -0.109219 0.061471 0.200212 0.971704
1311870545.522543 0.272716 -0.562852 0.418069 -0.109052 0.057916 0.197720 0.972451
1311870545.554599 0.280041 -0.558635 0.412922 -0.108319 0.055001 0.195373 0.973176
1311870545.590637 0.285876 -0.554166 0.407226 -0.107680 0.051719 0.194059 0.973690
1311870545.622567 0.291223 -0.549721 0.401621 -0.107637 0.048045 0.192308 0.974230
1311870545.654573 0.296817 -0.544999 0.396508 -0.107285 0.044769 0.191368 0.974610
1311870545.690650 0.303166 -0.539941 0.390475 -0.107601 0.041688 0.191223 0.974740
1311870545.722708 0.307476 -0.535733 0.385827 -0.108691 0.038774 0.191442 0.974696
1311870545.754829 0.312454 -0.530601 0.380910 -0.109895 0.034924 0.192069 0.974583
1311870545.790659 0.317392 -0.525279 0.376733 -0.111156 0.031036 0.192787 0.974430
1311870545.822700 0.322250 -0.520709 0.373543 -0.111886 0.027764 0.192251 0.974551
1311870545.854783 0.325150 -0.515148 0.370015 -0.111778 0.025461 0.190911 0.974890
1311870545.890801 0.333687 -0.511879 0.367137 -0.111991 0.023431 0.189064 0.975276
1311870545.922584 0.341200 -0.507732 0.364248 -0.112055 0.023434 0.187639 0.975544
1311870545.954811 0.345252 -0.505365 0.361970 -0.111684 0.025249 0.187560 0.975556
1311870545.990635 0.349098 -0.503667 0.359167 -0.111290 0.025717 0.188781 0.975354
1311870546.022658 0.353150 -0.500335 0.356905 -0.110995 0.024975 0.190345 0.975103
1311870546.054892 0.359971 -0.498597 0.355662 -0.110781 0.024852 0.192348 0.974737
1311870546.090934 0.366416 -0.494591 0.353140 -0.109805 0.025884 0.193220 0.974648
1311870546.122708 0.371118 -0.492525 0.352143 -0.109084 0.027761 0.192951 0.974731
1311870546.154630 0.374452 -0.491577 0.350671 -0.108558 0.029978 0.193976 0.974520
1311870546.190742 0.379133 -0.489085 0.349040 -0.108288 0.031067 0.195434 0.974225
1311870546.222659 0.384269 -0.486622 0.348398 -0.108682 0.031226 0.195789 0.974105
1311870546.254715 0.387238 -0.484774 0.348662 -0.109421 0.031793 0.197892 0.973578
1311870546.290727 0.391720 -0.482849 0.348854 -0.110056 0.031961 0.200663 0.972934
1311870546.322664 0.395035 -0.481051 0.349219 -0.110775 0.031282 0.200934 0.972819
1311870546.354807 0.398960 -0.480138 0.350047 -0.111845 0.029946 0.199833 0.972965
1311870546.390689 0.403795 -0.478327 0.351005 -0.112461 0.028816 0.199321 0.973033
1311870546.422785 0.408296 -0.477332 0.353191 -0.113220 0.027774 0.197820 0.973282
1311870546.454649 0.413011 -0.476704 0.354390 -0.113242 0.027076 0.194149 0.974038
1311870546.490793 0.418845 -0.475714 0.356969 -0.113361 0.026938 0.191111 0.974628
1311870546.522750 0.423455 -0.474852 0.360130 -0.112794 0.027103 0.189698 0.974965
1311870546.554861 0.428885 -0.475189 0.362318 -0.112954 0.026433 0.188530 0.975192
1311870546.590781 0.434688 -0.474819 0.365053 -0.112718 0.025279 0.186858 0.975571
1311870546.622718 0.440886 -0.475225 0.369245 -0.112536 0.024217 0.185229 0.975930
1311870546.654864 0.445428 -0.476204 0.371409 -0.111937 0.023317 0.183398 0.976367
1311870546.690819 0.452947 -0.476036 0.375744 -0.111805 0.021301 0.180511 0.976966
1311870546.722746 0.458243 -0.477941 0.379727 -0.111090 0.019221 0.178258 0.977504
1311870546.754758 0.464285 -0.477836 0.382119 -0.110988 0.016160 0.176891 0.977819
1311870546.790674 0.470311 -0.481182 0.387168 -0.110843 0.013092 0.174945 0.978231
1311870546.822614 0.476701 -0.483081 0.389846 -0.109875 0.010845 0.171527 0.978973
1311870546.855436 0.483807 -0.485548 0.393819 -0.108310 0.009619 0.168259 0.979727
1311870546.890755 0.490695 -0.486877 0.396475 -0.106600 0.008291 0.166769 0.980181
1311870546.922740 0.496446 -0.488015 0.399243 -0.104481 0.007181 0.165945 0.980558
1311870546.954680 0.502323 -0.489066 0.401187 -0.102653 0.006127 0.164355 0.981026
1311870546.990973 0.508208 -0.491385 0.403039 -0.101253 0.005836 0.162067 0.981554
1311870547.022663 0.511645 -0.490534 0.405579 -0.098677 0.005981 0.161215 0.981956
1311870547.054663 0.514522 -0.492767 0.407529 -0.097238 0.005162 0.160275 0.982258
1311870547.090644 0.516439 -0.492614 0.409470 -0.095326 0.002734 0.159354 0.982605
1311870547.122659 0.519765 -0.491994 0.410194 -0.094666 -0.001429 0.159215 0.982694
1311870547.154863 0.524417 -0.490884 0.411963 -0.094872 -0.005901 0.159569 0.982600
1311870547.190789 0.526407 -0.489459 0.413443 -0.095743 -0.008843 0.160181 0.982394
1311870547.222724 0.530298 -0.489788 0.416741 -0.096927 -0.011396 0.159529 0.982357
1311870547.254843 0.533091 -0.489219 0.418988 -0.096992 -0.013322 0.158883 0.982431
1311870547.290729 0.535196 -0.490428 0.421729 -0.096849 -0.015192 0.158017 0.982558
1311870547.322669 0.537128 -0.488750 0.422436 -0.095051 -0.017209 0.158055 0.982694
1311870547.355067 0.542712 -0.489672 0.423740 -0.094614 -0.019302 0.158095 0.982691
1311870547.390896 0.543680 -0.489001 0.424529 -0.093637 -0.020368 0.159278 0.982572
1311870547.423247 0.546785 -0.489655 0.425428 -0.093454 -0.022277 0.160385 0.982368
1311870547.454876 0.549966 -0.488328 0.425876 -0.093006 -0.024595 0.160843 0.982280
1311870547.490882 0.553266 -0.487271 0.426161 -0.092286 -0.027312 0.160670 0.982305
1311870547.522831 0.556657 -0.486410 0.426000 -0.091544 -0.029719 0.159387 0.982513
1311870547.554861 0.559604 -0.485963 0.425907 -0.090707 -0.031900 0.157042 0.982900
1311870547.590703 0.562434 -0.484829 0.425497 -0.089283 -0.034398 0.154546 0.983342
1311870547.624176 0.565153 -0.483319 0.423939 -0.088263 -0.037077 0.152779 0.983612
1311870547.654989 0.568005 -0.482437 0.422281 -0.088289 -0.040141 0.151360 0.983709
1311870547.690803 0.572283 -0.481225 0.421837 -0.087979 -0.043976 0.149928 0.983792
1311870547.723212 0.577221 -0.479400 0.420580 -0.087522 -0.047688 0.148431 0.983887
1311870547.755090 0.582409 -0.478194 0.419723 -0.086583 -0.050723 0.146731 0.984073
1311870547.790887 0.587363 -0.476287 0.417289 -0.085230 -0.053352 0.145202 0.984279
1311870547.822833 0.590849 -0.475396 0.415882 -0.083768 -0.054881 0.144439 0.984433
1311870547.855177 0.597880 -0.473008 0.412278 -0.082358 -0.057263 0.143616 0.984537
1311870547.890824 0.603411 -0.471107 0.409227 -0.082190 -0.059280 0.142706 0.984564
1311870547.922822 0.608139 -0.468123 0.406406 -0.081677 -0.061051 0.142299 0.984557
1311870547.954984 0.613632 -0.465127 0.404122 -0.081580 -0.062738 0.141073 0.984635
1311870547.990874 0.619289 -0.461920 0.402709 -0.081359 -0.063630 0.139886 0.984766
1311870548.022941 0.625010 -0.459073 0.399971 -0.081274 -0.063875 0.138361 0.984973
1311870548.054917 0.630386 -0.456131 0.397385 -0.081001 -0.063916 0.137635 0.985094
1311870548.090697 0.634748 -0.453537 0.394470 -0.081123 -0.064106 0.136886 0.985176
1311870548.122924 0.640341 -0.449144 0.392090 -0.081285 -0.064666 0.136081 0.985238
1311870548.154835 0.644415 -0.446541 0.390716 -0.082182 -0.064508 0.136140 0.985165
1311870548.191024 0.649891 -0.445106 0.388104 -0.084176 -0.065015 0.135949 0.984990
1311870548.222826 0.654285 -0.439125 0.386440 -0.084473 -0.066070 0.135761 0.984920
1311870548.254853 0.659376 -0.436653 0.384107 -0.085239 -0.067333 0.134724 0.984911
1311870548.290832 0.663960 -0.433141 0.382476 -0.085996 -0.068356 0.133212 0.984981
1311870548.323014 0.667055 -0.430445 0.381699 -0.086261 -0.068701 0.131865 0.985115
1311870548.355018 0.671666 -0.427359 0.378483 -0.086246 -0.069847 0.130940 0.985159
1311870548.390790 0.676504 -0.424052 0.375860 -0.086715 -0.070819 0.129919 0.985183
1311870548.423124 0.679425 -0.421025 0.374041 -0.086940 -0.070767 0.129181 0.985264
1311870548.454948 0.683730 -0.417626 0.372091 -0.086780 -0.070725 0.128202 0.985409
1311870548.490974 0.688290 -0.415241 0.370189 -0.087293 -0.070634 0.127673 0.985439
1311870548.522930 0.688709 -0.412783 0.369372 -0.087279 -0.070396 0.127676 0.985457
1311870548.554992 0.693728 -0.411629 0.368239 -0.088044 -0.071617 0.127437 0.985332
1311870548.590937 0.696724 -0.405601 0.365310 -0.087138 -0.072568 0.127274 0.985364
1311870548.622907 0.699417 -0.404150 0.364167 -0.087817 -0.072322 0.126628 0.985405
1311870548.654863 0.703256 -0.402936 0.364331 -0.088208 -0.071341 0.125645 0.985567
1311870548.690823 0.702320 -0.401651 0.363776 -0.087996 -0.069712 0.124906 0.985797
1311870548.723045 0.702003 -0.400223 0.362500 -0.087978 -0.070164 0.124205 0.985855
1311870548.755029 0.701242 -0.400262 0.362830 -0.088275 -0.071573 0.124002 0.985753
1311870548.790849 0.701255 -0.399167 0.362834 -0.087431 -0.073611 0.124883 0.985567
1311870548.823040 0.699268 -0.399139 0.360917 -0.087469 -0.076081 0.125539 0.985292
1311870548.854973 0.698852 -0.399221 0.360480 -0.087537 -0.079289 0.125653 0.985019
1311870548.890795 0.696217 -0.399510 0.359653 -0.087706 -0.081969 0.126476 0.984679
1311870548.922923 0.694550 -0.398710 0.359096 -0.087907 -0.084966 0.126458 0.984409
1311870548.954848 0.691521 -0.399798 0.359660 -0.088233 -0.087017 0.126559 0.984188
1311870548.991138 0.690067 -0.399846 0.359034 -0.088200 -0.089313 0.127069 0.983919
1311870549.023006 0.686224 -0.401740 0.359346 -0.088329 -0.090904 0.127235 0.983741
1311870549.054757 0.684103 -0.402035 0.358382 -0.088063 -0.093003 0.127350 0.983554
1311870549.090938 0.681049 -0.402787 0.358167 -0.088453 -0.093599 0.127405 0.983455
1311870549.122900 0.677741 -0.405737 0.359528 -0.088253 -0.092922 0.127613 0.983510
1311870549.154892 0.674805 -0.406228 0.358865 -0.087470 -0.092267 0.127356 0.983675
1311870549.190886 0.671604 -0.408316 0.357663 -0.088244 -0.091457 0.126517 0.983790
1311870549.222929 0.667550 -0.411603 0.360833 -0.088150 -0.089643 0.125694 0.984070
1311870549.255420 0.662291 -0.414000 0.360290 -0.086936 -0.087122 0.125454 0.984436
1311870549.291238 0.658453 -0.415601 0.359372 -0.087149 -0.085315 0.126150 0.984486
1311870549.322870 0.652495 -0.418478 0.359303 -0.087889 -0.083362 0.128227 0.984319
1311870549.354935 0.648329 -0.420390 0.358576 -0.088737 -0.082563 0.129950 0.984084
1311870549.390878 0.642504 -0.423041 0.358809 -0.091047 -0.081874 0.131599 0.983712
1311870549.422995 0.636413 -0.425905 0.361912 -0.091900 -0.080975 0.132687 0.983561
1311870549.454798 0.633316 -0.430261 0.364483 -0.091714 -0.080178 0.132096 0.983723
1311870549.490948 0.628310 -0.431706 0.365527 -0.090285 -0.078262 0.131247 0.984123
1311870549.522845 0.620615 -0.434441 0.365283 -0.089820 -0.074789 0.132856 0.984220
1311870549.554992 0.616596 -0.437834 0.365860 -0.089359 -0.073249 0.136601 0.983865
1311870549.590903 0.609963 -0.439546 0.363917 -0.089520 -0.072962 0.138302 0.983634
1311870549.622816 0.606375 -0.443711 0.364901 -0.091876 -0.073901 0.139591 0.983164
1311870549.655066 0.601022 -0.446211 0.366995 -0.092000 -0.073538 0.140589 0.983037
1311870549.691035 0.599244 -0.448348 0.366770 -0.091963 -0.073337 0.140417 0.983081
1311870549.722894 0.592363 -0.450589 0.366827 -0.091608 -0.071298 0.139274 0.983426
1311870549.755228 0.587400 -0.452348 0.367027 -0.091067 -0.068992 0.139609 0.983594
1311870549.791268 0.582420 -0.453789 0.366101 -0.091235 -0.067354 0.140675 0.983540
1311870549.823422 0.578244 -0.454058 0.365744 -0.091941 -0.066994 0.141497 0.983381
1311870549.854982 0.575803 -0.455066 0.366117 -0.093781 -0.067868 0.142649 0.982980
1311870549.891018 0.572237 -0.456879 0.367318 -0.095827 -0.069247 0.143054 0.982628
1311870549.923205 0.568524 -0.456783 0.367670 -0.096921 -0.069292 0.142857 0.982546
1311870549.954941 0.566798 -0.456495 0.368830 -0.097600 -0.068613 0.142843 0.982529
1311870549.990979 0.563655 -0.459920 0.370749 -0.098284 -0.067015 0.143095 0.982534
1311870550.023489 0.558767 -0.460688 0.369972 -0.097794 -0.065923 0.142483 0.982746
1311870550.054924 0.556680 -0.463753 0.370977 -0.097920 -0.065938 0.142086 0.982790
1311870550.090979 0.555263 -0.464776 0.370417 -0.097294 -0.065397 0.141883 0.982917
1311870550.123038 0.552759 -0.462915 0.369175 -0.096218 -0.064300 0.141424 0.983162
1311870550.154996 0.550331 -0.463988 0.368621 -0.096407 -0.062902 0.140704 0.983337
1311870550.190993 0.547809 -0.465296 0.368914 -0.096942 -0.061751 0.140954 0.983321
1311870550.223075 0.544049 -0.466243 0.368091 -0.097138 -0.061489 0.140307 0.983411
1311870550.254889 0.541088 -0.467422 0.368132 -0.097582 -0.061759 0.138864 0.983555
1311870550.290958 0.539327 -0.468690 0.368109 -0.097426 -0.061711 0.138262 0.983658
1311870550.323124 0.536966 -0.468086 0.367669 -0.096585 -0.061509 0.137181 0.983905
1311870550.355127 0.535677 -0.468283 0.366870 -0.096511 -0.061322 0.136609 0.984004
1311870550.391181 0.533076 -0.470407 0.367304 -0.097173 -0.061340 0.136393 0.983967
1311870550.422917 0.529264 -0.469081 0.365837 -0.096605 -0.061540 0.137082 0.983915
1311870550.454866 0.528599 -0.468610 0.365713 -0.097692 -0.062576 0.136664 0.983801
1311870550.492495 0.524939 -0.469970 0.366388 -0.098067 -0.061767 0.135988 0.983908
1311870550.523326 0.524728 -0.469744 0.366268 -0.098045 -0.061142 0.135697 0.983989
1311870550.554989 0.521215 -0.470642 0.365838 -0.098048 -0.060769 0.135464 0.984044
1311870550.591150 0.518080 -0.470393 0.365037 -0.097885 -0.062117 0.134299 0.984136
1311870550.622970 0.515976 -0.469804 0.363933 -0.097929 -0.063567 0.133241 0.984183
1311870550.654870 0.515412 -0.469015 0.363667 -0.098617 -0.064021 0.133350 0.984070
1311870550.690953 0.512931 -0.469318 0.364583 -0.098869 -0.063105 0.134410 0.983960
1311870550.723132 0.512935 -0.469370 0.364112 -0.099662 -0.063059 0.134477 0.983874
1311870550.755207 0.511388 -0.469172 0.364641 -0.100167 -0.062548 0.134596 0.983839
1311870550.790930 0.510275 -0.470094 0.365324 -0.100506 -0.061629 0.135109 0.983792
1311870550.823148 0.511347 -0.469586 0.365577 -0.100208 -0.060591 0.135523 0.983830
1311870550.854892 0.508245 -0.469300 0.365198 -0.100342 -0.058536 0.136247 0.983840
1311870550.890890 0.507488 -0.470112 0.365649 -0.100644 -0.056610 0.136328 0.983911
1311870550.922959 0.506922 -0.472028 0.366762 -0.100427 -0.055039 0.136729 0.983967
1311870550.955055 0.506117 -0.470536 0.364934 -0.099660 -0.054304 0.137856 0.983928
1311870550.990978 0.505190 -0.472665 0.364744 -0.100332 -0.054515 0.138048 0.983821
1311870551.023157 0.503110 -0.474925 0.365605 -0.100001 -0.055429 0.137496 0.983881
1311870551.055074 0.503450 -0.474180 0.364478 -0.098813 -0.057135 0.136884 0.983989
1311870551.091058 0.502556 -0.474367 0.363695 -0.098575 -0.057656 0.136303 0.984063
1311870551.123105 0.502604 -0.473821 0.364481 -0.097741 -0.057617 0.136626 0.984104
1311870551.155407 0.499335 -0.476053 0.363349 -0.097811 -0.057107 0.136154 0.984192
1311870551.190967 0.499867 -0.475432 0.363171 -0.097625 -0.057398 0.135965 0.984220
1311870551.222839 0.499610 -0.474799 0.362890 -0.097479 -0.057167 0.135623 0.984295
1311870551.254952 0.500491 -0.474342 0.363712 -0.097373 -0.056688 0.135149 0.984398
1311870551.291052 0.501652 -0.473109 0.363272 -0.097050 -0.056269 0.134376 0.984560
1311870551.322945 0.499296 -0.475167 0.362886 -0.098022 -0.055309 0.134120 0.984553
1311870551.356465 0.499551 -0.474498 0.363981 -0.097450 -0.054970 0.134132 0.984627
1311870551.391116 0.497721 -0.476199 0.363738 -0.097018 -0.054452 0.133824 0.984740
1311870551.422998 0.496775 -0.478059 0.363568 -0.096204 -0.054558 0.133363 0.984877
1311870551.455289 0.496805 -0.478943 0.363338 -0.095459 -0.054727 0.132728 0.985026
1311870551.491038 0.496992 -0.479744 0.363507 -0.094286 -0.054789 0.132527 0.985162
1311870551.522967 0.493939 -0.480253 0.362107 -0.092952 -0.054810 0.131714 0.985397
1311870551.555084 0.494564 -0.480433 0.361078 -0.092880 -0.056272 0.131139 0.985398
1311870551.591350 0.494532 -0.481512 0.361429 -0.093250 -0.057405 0.130461 0.985388
1311870551.623031 0.494317 -0.481819 0.361426 -0.093049 -0.057661 0.129348 0.985538
1311870551.655008 0.493685 -0.481239 0.361047 -0.092763 -0.057408 0.127895 0.985770
1311870551.693173 0.493363 -0.481219 0.360891 -0.093130 -0.057116 0.127221 0.985839
1311870551.723056 0.492695 -0.482732 0.362124 -0.092993 -0.056947 0.126774 0.985920
1311870551.754947 0.492119 -0.482553 0.361114 -0.092176 -0.057396 0.125964 0.986074
1311870551.791252 0.491527 -0.482455 0.360370 -0.092027 -0.057878 0.125896 0.986069
1311870551.823042 0.491906 -0.482175 0.360176 -0.092282 -0.058270 0.126300 0.985970
1311870551.855921 0.491877 -0.483661 0.361204 -0.092406 -0.058265 0.126529 0.985929
1311870551.891133 0.491539 -0.482939 0.360486 -0.091433 -0.058091 0.126084 0.986087
1311870551.923134 0.491557 -0.482993 0.359602 -0.091439 -0.058110 0.125948 0.986103
1311870551.955109 0.490472 -0.482485 0.359362 -0.091241 -0.058375 0.125890 0.986113
1311870551.991222 0.490728 -0.482441 0.358766 -0.091215 -0.058892 0.125525 0.986131
1311870552.023035 0.490961 -0.482236 0.358936 -0.091316 -0.058731 0.125316 0.986158
1311870552.055106 0.491663 -0.482027 0.358543 -0.091386 -0.058322 0.125103 0.986203
1311870552.091138 0.491105 -0.481687 0.358348 -0.091577 -0.057842 0.125533 0.986159
1311870552.123025 0.491270 -0.481817 0.358674 -0.091703 -0.057948 0.126137 0.986064
1311870552.155057 0.491433 -0.481330 0.357639 -0.091787 -0.058158 0.126224 0.986033
1311870552.191099 0.491822 -0.481090 0.357478 -0.092140 -0.058404 0.125574 0.986068
1311870552.223069 0.491945 -0.480419 0.357711 -0.092113 -0.058245 0.125641 0.986071
1311870552.255003 0.491904 -0.479364 0.356684 -0.092567 -0.058090 0.126026 0.985989
1311870552.291108 0.491743 -0.479230 0.357002 -0.093511 -0.057922 0.126707 0.985823
1311870552.323058 0.493013 -0.478670 0.357263 -0.094339 -0.058137 0.126978 0.985696
1311870552.355142 0.492302 -0.478094 0.358058 -0.094464 -0.057839 0.126858 0.985717
1311870552.391147 0.491852 -0.477708 0.357430 -0.094484 -0.057558 0.126928 0.985723
1311870552.422923 0.493496 -0.478392 0.358100 -0.094831 -0.057739 0.126984 0.985672
1311870552.455187 0.494387 -0.477143 0.357233 -0.094328 -0.057298 0.126603 0.985795
1311870552.491593 0.494888 -0.477744 0.357617 -0.094456 -0.056008 0.126434 0.985878
1311870552.523105 0.495352 -0.477062 0.357356 -0.093841 -0.055110 0.127099 0.985902
1311870552.555087 0.495862 -0.476636 0.356368 -0.094041 -0.054952 0.127735 0.985809
1311870552.591109 0.496417 -0.476534 0.356463 -0.094181 -0.055091 0.128031 0.985750
1311870552.623006 0.497025 -0.476273 0.356293 -0.094060 -0.054879 0.127899 0.985791
1311870552.655129 0.498293 -0.475861 0.356003 -0.094022 -0.054630 0.127937 0.985803
1311870552.691009 0.497616 -0.475422 0.355358 -0.093873 -0.054629 0.128381 0.985760
1311870552.723159 0.498488 -0.475452 0.355429 -0.094096 -0.055181 0.128740 0.985661
1311870552.755159 0.498620 -0.475192 0.355033 -0.093899 -0.055247 0.128695 0.985682
1311870552.791694 0.500009 -0.475045 0.354943 -0.093748 -0.055207 0.128498 0.985724
1311870552.823129 0.499292 -0.475467 0.355048 -0.093772 -0.054428 0.129090 0.985688
1311870552.855106 0.500709 -0.475284 0.354840 -0.093711 -0.054670 0.129411 0.985638
1311870552.891135 0.500458 -0.475827 0.354946 -0.093537 -0.054761 0.129473 0.985641
1311870552.923053 0.501075 -0.475840 0.354736 -0.092889 -0.054794 0.129473 0.985701
1311870552.955086 0.502537 -0.474778 0.354566 -0.092028 -0.054657 0.129502 0.985785
1311870552.991509 0.504168 -0.475222 0.353630 -0.091918 -0.054952 0.130221 0.985685
1311870553.023056 0.504333 -0.474924 0.353430 -0.091939 -0.055115 0.130708 0.985609
1311870553.055187 0.504787 -0.474699 0.353201 -0.091742 -0.055123 0.130691 0.985629
1311870553.091104 0.504339 -0.474413 0.352965 -0.091605 -0.054641 0.130331 0.985716
1311870553.123234 0.504826 -0.474066 0.352460 -0.091648 -0.054356 0.130638 0.985687
1311870553.155044 0.503333 -0.473772 0.352286 -0.091719 -0.054430 0.130975 0.985632
1311870553.191099 0.504221 -0.473375 0.351829 -0.091647 -0.055124 0.130669 0.985641
1311870553.222942 0.505084 -0.473481 0.351878 -0.092112 -0.055271 0.130674 0.985589
1311870553.255409 0.505998 -0.472794 0.351786 -0.092098 -0.054911 0.131405 0.985513
1311870553.291041 0.506480 -0.472249 0.351985 -0.092174 -0.054832 0.131582 0.985486
1311870553.323277 0.506307 -0.471825 0.351559 -0.092406 -0.054775 0.131700 0.985452
1311870553.355140 0.508793 -0.471932 0.351981 -0.092204 -0.054953 0.131711 0.985460
1311870553.391243 0.508420 -0.472047 0.351619 -0.092260 -0.054504 0.131853 0.985460
1311870553.423106 0.507482 -0.472139 0.351008 -0.092128 -0.054309 0.131788 0.985492
1311870553.455151 0.508894 -0.472410 0.350567 -0.092111 -0.055102 0.131192 0.985529
1311870553.491155 0.508158 -0.472565 0.349791 -0.092017 -0.055143 0.130823 0.985585
1311870553.523226 0.508643 -0.471717 0.349052 -0.091924 -0.055182 0.130370 0.985651
1311870553.555238 0.508305 -0.471540 0.349127 -0.091961 -0.055094 0.130380 0.985651
1311870553.597045 0.508356 -0.471771 0.348815 -0.092002 -0.055409 0.130921 0.985558
1311870553.623237 0.509151 -0.471751 0.348085 -0.091859 -0.055706 0.130967 0.985549
1311870553.655202 0.509142 -0.471331 0.347799 -0.091802 -0.055458 0.130505 0.985629
1311870553.691133 0.509643 -0.471839 0.347717 -0.091866 -0.055374 0.130703 0.985602
1311870553.723044 0.509784 -0.471357 0.347551 -0.091414 -0.055501 0.130585 0.985652
1311870553.757175 0.508217 -0.469586 0.345286 -0.091295 -0.055199 0.129916 0.985769
1311870553.792103 0.509405 -0.469821 0.346075 -0.092209 -0.055386 0.129683 0.985704
1311870553.824352 0.510190 -0.469569 0.346572 -0.092694 -0.055180 0.130031 0.985624
1311870553.859890 0.509237 -0.468700 0.346143 -0.093130 -0.054700 0.130436 0.985556
1311870553.891715 0.509954 -0.468519 0.346602 -0.093420 -0.054480 0.130902 0.985479
1311870553.924394 0.511077 -0.468430 0.347020 -0.093304 -0.053999 0.131029 0.985500
1311870553.955671 0.511988 -0.469348 0.347432 -0.093320 -0.053261 0.131001 0.985542
1311870553.991142 0.512014 -0.468729 0.347163 -0.092596 -0.052185 0.131228 0.985638
1311870554.023227 0.512991 -0.468337 0.346531 -0.092613 -0.051561 0.131436 0.985641
1311870554.059131 0.513769 -0.468220 0.346548 -0.092755 -0.050928 0.131693 0.985627
1311870554.091067 0.514243 -0.468609 0.346972 -0.093112 -0.050195 0.132054 0.985582
1311870554.123172 0.514407 -0.467979 0.347532 -0.092944 -0.049497 0.132571 0.985564
1311870554.159427 0.513553 -0.469836 0.347752 -0.092915 -0.048678 0.132947 0.985557
1311870554.194530 0.514118 -0.468496 0.347141 -0.091986 -0.048620 0.132368 0.985725
1311870554.223628 0.514099 -0.468980 0.347750 -0.091379 -0.048214 0.132377 0.985800
1311870554.259452 0.514528 -0.469012 0.347130 -0.090468 -0.048023 0.132436 0.985885
1311870554.291215 0.517053 -0.470180 0.347524 -0.090242 -0.048054 0.132046 0.985957
1311870554.323100 0.516227 -0.470392 0.347241 -0.089578 -0.046449 0.131881 0.986116
1311870554.359316 0.516039 -0.470023 0.347618 -0.088703 -0.044743 0.132559 0.986183
1311870554.391135 0.516139 -0.470729 0.347060 -0.087854 -0.043921 0.133273 0.986200
1311870554.423274 0.517308 -0.470612 0.347200 -0.087448 -0.044107 0.133303 0.986224
1311870554.459365 0.516504 -0.471828 0.347823 -0.086975 -0.043909 0.133696 0.986221
1311870554.491233 0.515490 -0.472478 0.349349 -0.085104 -0.043641 0.133961 0.986361
1311870554.523195 0.516919 -0.472953 0.348107 -0.082961 -0.043494 0.133994 0.986545
1311870554.559252 0.517511 -0.471293 0.347780 -0.080990 -0.042192 0.133875 0.986782
1311870554.591135 0.518033 -0.471272 0.348462 -0.079432 -0.040305 0.133920 0.986981
1311870554.623261 0.518200 -0.473296 0.350181 -0.077413 -0.038233 0.134507 0.987144
1311870554.660149 0.518840 -0.473286 0.349669 -0.074500 -0.036361 0.135287 0.987332
1311870554.692618 0.517754 -0.472392 0.349317 -0.071580 -0.033641 0.135781 0.987577
1311870554.723357 0.577229 -0.513821 0.321357 -0.088919 -0.064670 0.120321 0.986628
1311870554.759191 0.576727 -0.514156 0.319888 -0.085299 -0.062352 0.120921 0.987023
1311870554.791470 0.576736 -0.513558 0.319615 -0.082997 -0.060340 0.120781 0.987361
1311870554.823586 0.577683 -0.516786 0.321063 -0.079903 -0.058771 0.121316 0.987646
1311870554.859491 0.578438 -0.516277 0.320099 -0.076304 -0.056512 0.121720 0.988012
1311870554.891334 0.575896 -0.514290 0.319155 -0.072781 -0.053790 0.121736 0.988428
1311870554.923272 0.576144 -0.517066 0.320270 -0.070333 -0.052474 0.122189 0.988620
1311870554.959174 0.574905 -0.515632 0.319029 -0.066750 -0.051645 0.122455 0.988879
1311870554.991385 0.573002 -0.516747 0.317735 -0.065108 -0.051500 0.122549 0.988985
1311870555.026905 0.572551 -0.517703 0.317762 -0.063504 -0.053090 0.122173 0.989051
1311870555.059273 0.573436 -0.517028 0.316725 -0.061269 -0.055183 0.121796 0.989124
1311870555.091165 0.575400 -0.519479 0.316564 -0.059531 -0.055847 0.121280 0.989256
1311870555.126212 0.575666 -0.519021 0.316233 -0.056429 -0.054267 0.120284 0.989648
1311870555.159123 0.575089 -0.517552 0.315348 -0.054116 -0.052392 0.120162 0.989893
1311870555.191299 0.574085 -0.518975 0.315535 -0.053155 -0.051369 0.120428 0.989966
1311870555.226157 0.571706 -0.518860 0.315097 -0.051537 -0.051183 0.121391 0.989944
1311870555.259282 0.572712 -0.517514 0.313781 -0.050752 -0.052310 0.121884 0.989865
1311870555.291227 0.574720 -0.518653 0.314437 -0.050691 -0.052455 0.122119 0.989831
1311870555.326190 0.573678 -0.518486 0.314173 -0.049586 -0.051945 0.122491 0.989868
1311870555.359267 0.572832 -0.519064 0.313885 -0.048329 -0.052242 0.123285 0.989816
1311870555.391327 0.571493 -0.519440 0.313226 -0.046885 -0.052923 0.123473 0.989826
1311870555.423263 0.574115 -0.518486 0.312401 -0.046118 -0.054212 0.123458 0.989794
1311870555.465388 0.574211 -0.519205 0.313347 -0.045528 -0.054264 0.124281 0.989716
1311870555.493443 0.573446 -0.519664 0.312899 -0.044859 -0.054273 0.124891 0.989669
1311870555.527900 0.612057 -0.566486 0.311007 -0.063053 -0.058443 0.117451 0.989350
1311870555.560098 0.611955 -0.568242 0.311378 -0.062504 -0.057697 0.116913 0.989493
1311870555.591211 0.610425 -0.568323 0.310758 -0.060699 -0.056198 0.116628 0.989725
1311870555.624804 0.611310 -0.567569 0.309831 -0.059270 -0.056183 0.117424 0.989718
1311870555.660116 0.610942 -0.568178 0.308991 -0.059306 -0.056074 0.117691 0.989691
1311870555.691414 0.610958 -0.569031 0.309414 -0.058597 -0.056254 0.117832 0.989706
1311870555.726456 0.610932 -0.568333 0.309180 -0.057594 -0.055780 0.117939 0.989779
1311870555.759372 0.610067 -0.567648 0.309098 -0.056702 -0.055337 0.118421 0.989798
1311870555.791162 0.612033 -0.568454 0.310024 -0.056457 -0.055937 0.119184 0.989686
1311870555.825897 0.611388 -0.568045 0.309683 -0.055781 -0.055695 0.119174 0.989739
1311870555.859347 0.611138 -0.568783 0.310080 -0.055059 -0.055473 0.118944 0.989820
1311870555.891306 0.611591 -0.570404 0.310543 -0.054497 -0.055162 0.118944 0.989869
1311870555.926220 0.611751 -0.570425 0.310783 -0.053703 -0.055010 0.118938 0.989921
1311870555.959431 0.610983 -0.570522 0.311145 -0.052612 -0.054946 0.118990 0.989977
1311870555.991367 0.611481 -0.570312 0.310710 -0.051667 -0.055058 0.118615 0.990065
1311870556.025722 0.612873 -0.571093 0.311057 -0.051443 -0.055434 0.118508 0.990069
1311870556.059292 0.611634 -0.572164 0.311529 -0.050779 -0.054981 0.118453 0.990135
1311870556.091457 0.611600 -0.569388 0.310479 -0.049447 -0.055007 0.118301 0.990219
1311870556.124878 0.612054 -0.569188 0.310750 -0.049277 -0.055244 0.118104 0.990238
1311870556.159233 0.611590 -0.570362 0.311230 -0.048994 -0.055419 0.118354 0.990212
1311870556.191390 0.612564 -0.568923 0.310601 -0.048456 -0.055540 0.118570 0.990206
1311870556.223200 0.612600 -0.570177 0.311940 -0.048677 -0.055225 0.118596 0.990210
1311870556.259965 0.613296 -0.569523 0.311516 -0.048498 -0.055350 0.119180 0.990142
1311870556.295605 0.612358 -0.570279 0.311988 -0.048814 -0.054792 0.118689 0.990216
1311870556.324589 0.613754 -0.568999 0.312150 -0.048547 -0.054854 0.118541 0.990243
1311870556.359340 0.614001 -0.569410 0.311996 -0.049145 -0.054844 0.117984 0.990281
1311870556.391507 0.613302 -0.569348 0.312768 -0.049552 -0.054563 0.118330 0.990235
1311870556.423779 0.612656 -0.569068 0.313399 -0.049605 -0.054419 0.118531 0.990216
1311870556.459405 0.612751 -0.568893 0.313209 -0.049563 -0.054522 0.118488 0.990218
1311870556.495280 0.615010 -0.569493 0.313301 -0.050216 -0.055202 0.118898 0.990098
1311870556.527200 0.613652 -0.570029 0.314575 -0.050335 -0.054729 0.119031 0.990102
1311870556.559413 0.614343 -0.569506 0.313807 -0.050455 -0.054727 0.118625 0.990145
1311870556.594832 0.614425 -0.569101 0.314235 -0.050911 -0.054930 0.118186 0.990163
1311870556.624698 0.613842 -0.568089 0.314699 -0.051206 -0.055060 0.118275 0.990130
1311870556.659280 0.614915 -0.570106 0.315642 -0.052316 -0.055391 0.117996 0.990087
1311870556.695113 0.616045 -0.567961 0.315627 -0.052177 -0.055828 0.117691 0.990106
1311870556.731925 0.617509 -0.567745 0.315991 -0.053525 -0.056469 0.116885 0.990093
1311870556.759291 0.617622 -0.568300 0.317776 -0.054574 -0.056440 0.116681 0.990061
1311870556.794439 0.618093 -0.568599 0.318590 -0.055358 -0.056184 0.116786 0.990020
1311870556.823188 0.618369 -0.568565 0.319452 -0.055805 -0.056283 0.117024 0.989961
1311870556.859318 0.618075 -0.568816 0.319608 -0.056072 -0.056969 0.117091 0.989899
1311870556.891802 0.617618 -0.569391 0.319763 -0.056145 -0.057340 0.116928 0.989893
1311870556.925468 0.619232 -0.568775 0.320452 -0.055718 -0.057776 0.116836 0.989902
1311870556.959298 0.620577 -0.570675 0.320894 -0.055872 -0.057778 0.116918 0.989884
1311870556.994694 0.620022 -0.569386 0.320863 -0.055148 -0.058168 0.117187 0.989870
1311870557.025411 0.621134 -0.569718 0.320700 -0.055232 -0.059050 0.116877 0.989850
1311870557.059416 0.622157 -0.569492 0.321547 -0.055073 -0.059428 0.117089 0.989811
1311870557.092050 0.622359 -0.569764 0.321468 -0.055150 -0.059313 0.117270 0.989792
1311870557.123857 0.622888 -0.569885 0.322102 -0.055155 -0.059567 0.117337 0.989769
1311870557.159497 0.624376 -0.569413 0.322308 -0.055033 -0.060222 0.117120 0.989761
1311870557.193333 0.624240 -0.571028 0.322830 -0.055144 -0.060128 0.116867 0.989791
1311870557.224989 0.624155 -0.569317 0.321853 -0.054340 -0.060208 0.117125 0.989800
1311870557.259366 0.624286 -0.569990 0.321652 -0.054624 -0.060483 0.117226 0.989756
1311870557.294693 0.624628 -0.569407 0.321914 -0.054440 -0.060815 0.117366 0.989729
1311870557.327523 0.627657 -0.570546 0.322493 -0.055147 -0.061207 0.117571 0.989641
1311870557.359424 0.627603 -0.569945 0.322577 -0.055069 -0.061180 0.118013 0.989595
1311870557.391546 0.628221 -0.569392 0.322893 -0.054870 -0.061436 0.118137 0.989575
1311870557.428674 0.626372 -0.568562 0.322550 -0.054257 -0.061383 0.117868 0.989644
1311870557.459894 0.627745 -0.568947 0.322375 -0.054159 -0.062075 0.117873 0.989606
1311870557.493549 0.628283 -0.568317 0.321305 -0.053928 -0.062386 0.117584 0.989633
1311870557.523830 0.628753 -0.569322 0.321716 -0.054190 -0.062426 0.115899 0.989815
1311870557.561270 0.630585 -0.569828 0.322375 -0.053856 -0.061930 0.114450 0.990033
1311870557.592617 0.631270 -0.568711 0.322172 -0.053394 -0.060830 0.115091 0.990052
1311870557.623903 0.631565 -0.568615 0.321660 -0.053947 -0.059889 0.116423 0.989924
1311870557.662509 0.632018 -0.568715 0.321738 -0.055166 -0.060057 0.116999 0.989778
1311870557.695104 0.631026 -0.568729 0.322158 -0.055473 -0.060096 0.116779 0.989785
1311870557.723860 0.631744 -0.569685 0.321732 -0.055091 -0.060167 0.114932 0.990018
1311870557.759892 0.630538 -0.569590 0.321387 -0.053939 -0.059881 0.112809 0.990343
1311870557.791472 0.629800 -0.569842 0.320296 -0.053267 -0.059956 0.111964 0.990471
1311870557.823593 0.629698 -0.568418 0.319443 -0.053192 -0.061071 0.112709 0.990322
1311870557.860252 0.630809 -0.567908 0.319539 -0.054622 -0.062173 0.113860 0.990044
1311870557.892852 0.631562 -0.569126 0.321348 -0.055634 -0.062259 0.114017 0.989964
1311870557.925915 0.631749 -0.569401 0.322078 -0.055237 -0.060972 0.114736 0.989983
1311870557.963591 0.631448 -0.570624 0.322650 -0.054570 -0.059923 0.114960 0.990058
1311870557.991608 0.630014 -0.571427 0.322377 -0.052771 -0.060591 0.114935 0.990118
1311870558.025204 0.630880 -0.570601 0.319718 -0.051635 -0.062667 0.114930 0.990049
1311870558.060552 0.632361 -0.570425 0.319467 -0.051922 -0.063835 0.114151 0.990050
1311870558.093485 0.633530 -0.571017 0.320745 -0.051438 -0.063376 0.114389 0.990077
1311870558.123666 0.633996 -0.570956 0.320241 -0.050019 -0.062323 0.115128 0.990131
1311870558.161355 0.634075 -0.570880 0.319580 -0.048687 -0.061302 0.116264 0.990128
1311870558.191808 0.634313 -0.570623 0.318203 -0.048068 -0.061191 0.117638 0.990003
1311870558.223361 0.634527 -0.569149 0.316774 -0.048190 -0.061738 0.118729 0.989833
1311870558.259368 0.635150 -0.569787 0.316973 -0.049214 -0.062652 0.119046 0.989687
1311870558.293938 0.636110 -0.568059 0.316281 -0.050053 -0.063349 0.118323 0.989687
1311870558.323308 0.635516 -0.569937 0.317815 -0.050999 -0.062963 0.116563 0.989873
1311870558.361109 0.635560 -0.569185 0.318155 -0.050534 -0.062626 0.116790 0.989891
1311870558.391543 0.635418 -0.569657 0.317606 -0.049966 -0.062464 0.115930 0.990031
1311870558.423430 0.635657 -0.570366 0.317533 -0.049929 -0.062896 0.116263 0.989967
1311870558.459503 0.636015 -0.568250 0.316489 -0.049446 -0.063315 0.117377 0.989833
1311870558.491390 0.636514 -0.568303 0.315728 -0.050535 -0.063486 0.118023 0.989690
1311870561.081717 0.636964 -0.567345 0.316278 -0.051141 -0.063928 0.117489 0.989694
1311870561.198313 0.720755 -0.572969 0.340956 -0.072705 -0.087402 0.116122 0.986707
1311870561.361909 0.724654 -0.577695 0.341004 -0.067174 -0.087247 0.115924 0.987136
1311870561.431339 0.723460 -0.581171 0.340529 -0.064340 -0.087966 0.115789 0.987277
1311870561.499130 0.723484 -0.583075 0.339852 -0.060984 -0.088213 0.115408 0.987512
1311870561.563772 0.721492 -0.583516 0.339115 -0.057915 -0.090090 0.115975 0.987461
1311870561.631953 0.720236 -0.586145 0.338654 -0.057633 -0.089643 0.115327 0.987594
1311870561.697054 0.716365 -0.588199 0.338254 -0.056602 -0.090640 0.115454 0.987548
1311870561.799438 0.712200 -0.588245 0.337673 -0.055541 -0.092313 0.114844 0.987524
1311870561.829471 0.707540 -0.589016 0.336519 -0.055904 -0.094532 0.114451 0.987340
1311870561.898860 0.706117 -0.590793 0.336993 -0.056173 -0.095346 0.114365 0.987256
1311870561.962090 0.703662 -0.591843 0.335364 -0.055547 -0.094831 0.114658 0.987307
1311870562.031321 0.700523 -0.593444 0.335392 -0.055400 -0.094383 0.116039 0.987197
1311870562.098947 0.698799 -0.593505 0.335338 -0.056124 -0.093627 0.118139 0.986979
1311870562.128860 0.697991 -0.594381 0.336177 -0.057947 -0.092792 0.122925 0.986368
1311870562.196699 0.697675 -0.595501 0.335597 -0.058150 -0.091757 0.124628 0.986239
1311870562.231536 0.695515 -0.598495 0.336274 -0.057182 -0.089426 0.124918 0.986473
1311870562.300032 0.693476 -0.601321 0.335171 -0.054631 -0.087862 0.124221 0.986846
1311870562.364858 0.693396 -0.601887 0.335135 -0.053416 -0.086999 0.124880 0.986906
1311870562.432335 0.692209 -0.603882 0.334534 -0.051958 -0.084967 0.127299 0.986851
1311870562.597000 0.685506 -0.606100 0.333585 -0.048746 -0.080658 0.127723 0.987322
1311870562.667669 0.683800 -0.603814 0.333748 -0.049140 -0.078702 0.128462 0.987365
1311870562.696764 0.682528 -0.605095 0.334971 -0.051202 -0.078490 0.129664 0.987119
1311870562.767985 0.680342 -0.604827 0.336604 -0.052029 -0.078385 0.131642 0.986823
1311870562.898088 0.675971 -0.606325 0.337586 -0.051269 -0.075851 0.132618 0.986930
1311870562.999413 0.674291 -0.607782 0.338040 -0.051834 -0.074815 0.131680 0.987105
1311870563.068108 0.672031 -0.608852 0.338835 -0.050986 -0.073538 0.132368 0.987153
1311870563.131640 0.672297 -0.611786 0.339328 -0.051373 -0.072986 0.133023 0.987086
1311870563.197720 0.669282 -0.611269 0.339583 -0.050774 -0.071929 0.133929 0.987072
1311870563.334146 0.662329 -0.609304 0.342158 -0.052215 -0.070944 0.132638 0.987242
1311870563.398492 0.659310 -0.610549 0.343330 -0.053706 -0.071232 0.131683 0.987270
1311870563.464704 0.655620 -0.609137 0.343106 -0.054828 -0.071610 0.130812 0.987296
1311870563.535746 0.653643 -0.612337 0.342665 -0.056117 -0.071300 0.130718 0.987259
1311870563.597199 0.649389 -0.612703 0.342245 -0.055705 -0.072515 0.129759 0.987320
1311870563.665851 0.646404 -0.615087 0.341667 -0.055800 -0.073150 0.127703 0.987536
1311870563.735366 0.640542 -0.616242 0.341457 -0.055717 -0.075237 0.125639 0.987649
1311870563.798425 0.636625 -0.616248 0.340997 -0.055427 -0.075238 0.124383 0.987824
1311870563.933834 0.632778 -0.618654 0.340389 -0.054477 -0.076778 0.123109 0.987918
1311870563.999300 0.633242 -0.619199 0.339997 -0.054370 -0.076891 0.123031 0.987925
1311870564.067079 0.628452 -0.620024 0.338765 -0.054998 -0.077298 0.123125 0.987846
1311870564.134885 0.627942 -0.619540 0.338576 -0.055273 -0.078669 0.121933 0.987871
1311870564.199265 0.626348 -0.617998 0.338429 -0.055453 -0.079357 0.121304 0.987883
1311870564.264917 0.625653 -0.618126 0.338672 -0.056114 -0.079406 0.120774 0.987907
1311870564.335238 0.624569 -0.617727 0.338315 -0.056159 -0.079125 0.119493 0.988082
1311870564.399530 0.623875 -0.618043 0.338002 -0.056539 -0.079001 0.119811 0.988032
1311870564.465945 0.624913 -0.616910 0.337770 -0.056940 -0.078887 0.120107 0.987982
1311870564.533196 0.625692 -0.615623 0.337068 -0.057052 -0.078273 0.120471 0.987980
1311870564.601109 0.626034 -0.615431 0.336724 -0.057123 -0.077713 0.120635 0.988000
1311870564.667669 0.627948 -0.614595 0.336772 -0.057323 -0.076847 0.121152 0.987993
1311870564.735751 0.629229 -0.614347 0.336285 -0.057321 -0.076496 0.121196 0.988015
1311870564.803439 0.629261 -0.615604 0.335454 -0.057591 -0.075563 0.122640 0.987893
1311870564.835756 0.631177 -0.613569 0.334574 -0.056920 -0.075837 0.123038 0.987862
1311870564.903714 0.632744 -0.614542 0.334194 -0.056839 -0.075180 0.123145 0.987903
1311870564.965822 0.633185 -0.613311 0.333951 -0.056382 -0.074505 0.123932 0.987882
1311870565.033600 0.635310 -0.612435 0.334567 -0.056531 -0.074158 0.124441 0.987836
1311870565.103730 0.633760 -0.612613 0.334332 -0.056775 -0.073380 0.124242 0.987905
1311870565.164984 0.635194 -0.613609 0.333333 -0.056596 -0.073678 0.123849 0.987942
1311870565.235724 0.636020 -0.613080 0.332738 -0.055757 -0.073883 0.124132 0.987939
1311870565.265740 0.637031 -0.612154 0.332476 -0.055678 -0.073524 0.124223 0.987959
1311870565.335501 0.637930 -0.612564 0.332737 -0.056235 -0.073543 0.124750 0.987860
1311870565.400919 0.636849 -0.612121 0.331877 -0.055840 -0.073617 0.124685 0.987885
1311870565.464919 0.637603 -0.612727 0.331842 -0.055046 -0.074287 0.124487 0.987904
1311870565.532754 0.636987 -0.612827 0.331537 -0.054745 -0.075635 0.124395 0.987830
1311870565.664873 0.637722 -0.612784 0.330486 -0.054978 -0.076895 0.124244 0.987739
1311870565.736099 0.637659 -0.612754 0.329971 -0.054688 -0.077125 0.123437 0.987838
1311870565.803859 0.638915 -0.612149 0.330223 -0.054561 -0.077603 0.122945 0.987869
1311870565.869644 0.638126 -0.610993 0.329876 -0.054341 -0.077232 0.123280 0.987869
1311870565.933144 0.639930 -0.610370 0.330428 -0.055143 -0.077270 0.124100 0.987719
1311870566.002704 0.639871 -0.610201 0.330462 -0.055744 -0.077524 0.124419 0.987625
1311870566.071625 0.638196 -0.611437 0.329896 -0.056117 -0.077430 0.124026 0.987660
1311870566.101903 0.638717 -0.610344 0.328945 -0.055806 -0.078286 0.123780 0.987641
1311870566.133243 0.639907 -0.610382 0.329845 -0.056417 -0.078534 0.124384 0.987511
1311870566.201045 0.639412 -0.610307 0.329880 -0.057377 -0.078533 0.124324 0.987463
1311870566.270321 0.638425 -0.611467 0.329116 -0.057474 -0.078349 0.124043 0.987508
1311870566.343851 0.637525 -0.611513 0.328595 -0.056446 -0.078110 0.123609 0.987640
1311870566.401248 0.637731 -0.611699 0.328358 -0.056013 -0.077988 0.123444 0.987695
1311870566.472310 0.638483 -0.611576 0.328597 -0.055790 -0.078431 0.124227 0.987575
1311870566.502143 0.637934 -0.610986 0.328518 -0.055696 -0.078636 0.124171 0.987571
1311870566.570302 0.636962 -0.611835 0.328051 -0.055801 -0.078891 0.123722 0.987601
1311870566.635198 0.637878 -0.613105 0.327379 -0.055466 -0.079040 0.122585 0.987749
1311870566.703464 0.637233 -0.612669 0.326682 -0.055117 -0.079629 0.123017 0.987668
1311870566.777550 0.636325 -0.612274 0.326719 -0.054069 -0.079710 0.123479 0.987662
1311870566.870075 0.636736 -0.611329 0.325998 -0.054370 -0.078686 0.122568 0.987841
1311870566.936872 0.637368 -0.611225 0.326700 -0.054597 -0.078881 0.122332 0.987842
1311870567.004483 0.639025 -0.609823 0.326935 -0.054865 -0.077803 0.123021 0.987827
1311870567.036902 0.637736 -0.609687 0.326261 -0.055171 -0.077264 0.123153 0.987836
1311870567.101332 0.637645 -0.611523 0.326138 -0.055857 -0.076927 0.122824 0.987865
1311870567.473584 0.641402 -0.610205 0.324589 -0.054310 -0.076222 0.124983 0.987735
1311870567.540209 0.640947 -0.608887 0.325287 -0.053960 -0.075657 0.125158 0.987775
1311870567.604153 0.641333 -0.609764 0.324534 -0.054837 -0.076242 0.124827 0.987724
1311870567.739514 0.640783 -0.609240 0.323436 -0.054178 -0.075722 0.124442 0.987849
1311870567.804034 0.640618 -0.609810 0.323843 -0.054206 -0.075632 0.124971 0.987787
1311870567.871833 0.642165 -0.610405 0.323985 -0.054476 -0.075483 0.124605 0.987830
1311870568.003648 0.641695 -0.610601 0.322784 -0.053836 -0.075425 0.123429 0.988017
1311870568.037029 0.641778 -0.609989 0.322658 -0.053500 -0.075250 0.123223 0.988075
1311870568.103740 0.641717 -0.610120 0.322875 -0.053530 -0.075260 0.122854 0.988118
1311870568.173341 0.642327 -0.610388 0.322374 -0.053539 -0.075037 0.122634 0.988162
1311870568.240977 0.642901 -0.610100 0.322758 -0.053247 -0.074987 0.122358 0.988216
1311870568.274175 0.643463 -0.610736 0.323092 -0.053114 -0.074948 0.122124 0.988255
1311870568.337150 0.643033 -0.609820 0.322607 -0.052795 -0.074752 0.122734 0.988211
1311870568.408980 0.643550 -0.610010 0.322630 -0.053090 -0.074951 0.122845 0.988166
1311870568.472372 0.644623 -0.609378 0.323344 -0.052865 -0.074720 0.123402 0.988127
1311870568.505016 0.645098 -0.609575 0.323493 -0.053463 -0.073807 0.124261 0.988055
1311870568.669323 0.646410 -0.608785 0.323421 -0.053007 -0.074034 0.125157 0.987950
1311870568.708062 0.646265 -0.608961 0.323457 -0.052301 -0.073861 0.124923 0.988030
1311870568.838136 0.648495 -0.609466 0.323500 -0.052162 -0.073615 0.125277 0.988011
