# timestamp tx ty tz qx qy qz qw
1311870427.199132 0.000000 0.000000 0.000000 0.000000 0.000000 0.000000 1.000000
1311870427.231132 0.000061 0.000632 -0.001981 0.002274 -0.000197 0.000456 0.999997
1311870427.263210 -0.000218 0.001302 -0.003206 0.002786 -0.000342 0.000719 0.999996
1311870427.299143 -0.000370 0.000571 -0.003789 0.003049 -0.000925 0.001608 0.999994
1311870427.331187 -0.000067 0.001653 -0.004966 0.002945 -0.001644 0.002317 0.999992
1311870427.363116 0.000350 -0.000075 -0.004405 0.002041 -0.001934 0.002841 0.999992
1311870427.399237 0.000548 -0.000458 -0.004758 0.002353 -0.001589 0.002696 0.999992
1311870427.431127 0.000277 -0.000348 -0.005347 0.002709 -0.001211 0.002710 0.999992
1311870427.463385 -0.000630 0.000265 -0.006324 0.002730 -0.001313 0.003141 0.999990
1311870427.499447 -0.000771 0.000032 -0.006501 0.001940 -0.002183 0.003364 0.999990
1311870427.531159 -0.000761 -0.000764 -0.006612 0.001492 -0.002903 0.003043 0.999990
1311870427.563190 -0.000158 -0.000243 -0.007822 0.001314 -0.003452 0.002498 0.999990
1311870427.599086 -0.000541 -0.000929 -0.007592 0.001097 -0.003606 0.002715 0.999989
1311870427.631114 -0.000526 -0.001664 -0.007706 0.001169 -0.003952 0.002625 0.999988
1311870427.663429 -0.000216 -0.001670 -0.008454 0.001627 -0.003817 0.001969 0.999989
1311870427.699151 -0.000375 -0.001587 -0.008991 0.002017 -0.003693 0.001864 0.999989
1311870427.731118 -0.000562 -0.002726 -0.009168 0.002183 -0.004169 0.002386 0.999986
1311870427.763327 -0.000003 -0.001308 -0.010577 0.002885 -0.004977 0.002472 0.999980
1311870427.799196 0.000509 -0.002927 -0.009904 0.002467 -0.005083 0.002412 0.999981
1311870427.831457 0.000496 -0.002972 -0.011033 0.003565 -0.004870 0.002427 0.999979
1311870427.863134 0.000097 -0.001271 -0.012192 0.003632 -0.005230 0.001958 0.999978
1311870427.899231 -0.000423 -0.001682 -0.012252 0.002563 -0.006001 0.001713 0.999977
1311870427.931111 -0.000571 -0.001403 -0.012512 0.001698 -0.007513 0.000349 0.999970
1311870427.963137 0.000107 -0.002682 -0.012086 0.000793 -0.008501 -0.001712 0.999962
1311870427.999083 0.001266 -0.002859 -0.012619 0.001369 -0.008081 -0.002104 0.999964
1311870428.031250 0.000747 -0.002574 -0.012708 0.002008 -0.007005 -0.001789 0.999972
1311870428.063193 0.000639 -0.002580 -0.012941 0.002203 -0.006708 -0.001651 0.999974
1311870428.099167 0.001021 -0.002723 -0.012831 0.002397 -0.006667 -0.001528 0.999974
1311870428.131267 0.001024 -0.002905 -0.012936 0.002871 -0.006599 -0.001311 0.999973
1311870428.163279 0.001168 -0.002809 -0.013269 0.003129 -0.006816 -0.001436 0.999971
1311870428.199270 0.000932 -0.002713 -0.013522 0.003295 -0.006953 -0.001707 0.999969
1311870428.231191 0.000714 -0.002906 -0.013442 0.003244 -0.007114 -0.001579 0.999968
1311870428.263420 0.000832 -0.002771 -0.013684 0.003383 -0.007509 -0.001679 0.999965
1311870428.299170 0.001301 -0.002578 -0.014106 0.003320 -0.007711 -0.001683 0.999963
1311870428.331174 0.001106 -0.003560 -0.013322 0.003247 -0.007372 -0.001303 0.999967
1311870428.363160 0.000955 -0.003374 -0.013672 0.003894 -0.007387 -0.001718 0.999964
1311870428.399340 0.001040 -0.002487 -0.014100 0.003999 -0.007287 -0.003004 0.999961
1311870428.431153 0.000481 -0.002714 -0.013478 0.003870 -0.006938 -0.003241 0.999963
1311870428.463176 0.000362 -0.001707 -0.014353 0.004211 -0.007405 -0.002874 0.999960
1311870428.499303 0.000620 -0.001674 -0.013687 0.003415 -0.007892 -0.003022 0.999958
1311870428.531230 0.000894 -0.003433 -0.013006 0.003423 -0.007919 -0.003229 0.999958
1311870428.563181 0.001222 -0.002094 -0.013994 0.004135 -0.007876 -0.003273 0.999955
1311870428.599270 0.000481 -0.002676 -0.013449 0.003978 -0.008006 -0.002635 0.999957
1311870428.631378 0.000259 -0.002798 -0.013468 0.004163 -0.008872 -0.002514 0.999949
1311870428.663196 0.001241 -0.002840 -0.013843 0.004254 -0.009332 -0.003193 0.999942
1311870428.699275 0.000904 -0.003357 -0.013711 0.004368 -0.009132 -0.003418 0.999943
1311870428.731171 0.000683 -0.002622 -0.014197 0.004560 -0.009202 -0.003190 0.999942
1311870428.763173 0.000086 -0.002759 -0.013715 0.004258 -0.009521 -0.003098 0.999941
1311870428.799280 0.000226 -0.003323 -0.013672 0.004289 -0.010151 -0.003495 0.999933
1311870428.831376 0.000623 -0.003040 -0.014045 0.004409 -0.010247 -0.003510 0.999932
1311870428.863232 0.000391 -0.003610 -0.013783 0.004454 -0.010185 -0.003272 0.999933
1311870428.899406 0.000450 -0.003304 -0.014008 0.004537 -0.010436 -0.003428 0.999929
1311870428.931143 0.000603 -0.003433 -0.013517 0.004200 -0.010679 -0.003825 0.999927
1311870428.963255 0.000566 -0.003980 -0.013445 0.004330 -0.010738 -0.003992 0.999925
1311870428.999316 0.000253 -0.003427 -0.013820 0.004315 -0.010896 -0.004294 0.999922
1311870429.031368 0.000178 -0.003853 -0.013192 0.004057 -0.011354 -0.004347 0.999918
1311870429.063298 0.000575 -0.004297 -0.013366 0.004250 -0.011535 -0.004009 0.999916
1311870429.099362 0.000576 -0.004386 -0.013413 0.004301 -0.011432 -0.003769 0.999918
1311870429.131434 0.000044 -0.005522 -0.012984 0.004359 -0.011495 -0.003869 0.999917
1311870429.163291 0.000407 -0.004845 -0.013472 0.004645 -0.011845 -0.004854 0.999907
1311870429.199396 0.000695 -0.005390 -0.013241 0.004747 -0.011783 -0.004860 0.999907
1311870429.231437 0.000719 -0.005625 -0.013353 0.005366 -0.011622 -0.004542 0.999908
1311870429.263266 0.000866 -0.004495 -0.013698 0.005434 -0.011468 -0.004780 0.999908
1311870429.299443 0.001301 -0.005385 -0.013402 0.005043 -0.011264 -0.005029 0.999911
1311870429.331255 0.001839 -0.004872 -0.013396 0.005247 -0.010638 -0.004799 0.999918
1311870429.363267 0.001878 -0.004364 -0.013448 0.004866 -0.010172 -0.004705 0.999925
1311870429.399320 0.002125 -0.004904 -0.013059 0.004305 -0.010072 -0.004970 0.999928
1311870429.431354 0.002158 -0.005561 -0.012708 0.004211 -0.009738 -0.005040 0.999931
1311870429.463269 0.002631 -0.005081 -0.013134 0.004546 -0.009814 -0.005526 0.999926
1311870429.499243 0.003108 -0.005134 -0.013201 0.004563 -0.009464 -0.005460 0.999930
1311870429.531208 0.003385 -0.005406 -0.012868 0.004799 -0.009040 -0.005022 0.999935
1311870429.563312 0.004146 -0.004844 -0.013058 0.005073 -0.008684 -0.005424 0.999935
1311870429.599449 0.004173 -0.006083 -0.012492 0.005233 -0.007821 -0.005355 0.999941
1311870429.631293 0.004189 -0.004644 -0.013230 0.006017 -0.007567 -0.004993 0.999941
1311870429.663354 0.004444 -0.004780 -0.012887 0.005319 -0.007741 -0.004868 0.999944
1311870429.699491 0.004793 -0.005432 -0.012893 0.005249 -0.007856 -0.005201 0.999942
1311870429.731303 0.005309 -0.005182 -0.012897 0.005268 -0.007767 -0.005273 0.999942
1311870429.763313 0.005288 -0.005358 -0.013048 0.005407 -0.007387 -0.004779 0.999947
1311870429.799489 0.005010 -0.005302 -0.013028 0.005329 -0.007447 -0.004574 0.999948
1311870429.831318 0.005691 -0.005720 -0.012746 0.005156 -0.007810 -0.005477 0.999941
1311870429.863196 0.005891 -0.005762 -0.012934 0.005514 -0.007396 -0.006209 0.999938
1311870429.899470 0.005320 -0.005103 -0.013187 0.005446 -0.007251 -0.007005 0.999934
1311870429.931446 0.005005 -0.003687 -0.013598 0.004941 -0.007825 -0.008348 0.999922
1311870429.963465 0.005463 -0.003036 -0.013582 0.003517 -0.008700 -0.009369 0.999912
1311870429.999478 0.006289 -0.003380 -0.013176 0.002290 -0.008788 -0.009502 0.999914
1311870430.031269 0.006638 -0.003748 -0.012551 0.001504 -0.008258 -0.008841 0.999926
1311870430.063451 0.007558 -0.004424 -0.012680 0.001316 -0.007931 -0.008609 0.999931
1311870430.099355 0.007482 -0.005686 -0.011593 0.001284 -0.007002 -0.008439 0.999939
1311870430.131369 0.007530 -0.005248 -0.012132 0.002145 -0.006825 -0.008142 0.999941
1311870430.163315 0.008084 -0.004851 -0.012248 0.002154 -0.006856 -0.007977 0.999942
1311870430.199392 0.008261 -0.006016 -0.012031 0.002099 -0.006602 -0.007958 0.999944
1311870430.231223 0.008203 -0.005469 -0.012368 0.002416 -0.006826 -0.008247 0.999940
1311870430.263346 0.008920 -0.006270 -0.011679 0.002316 -0.007075 -0.008082 0.999940
1311870430.299384 0.010162 -0.006549 -0.012134 0.003276 -0.006788 -0.007751 0.999942
1311870430.331664 0.011132 -0.005806 -0.012211 0.003691 -0.005937 -0.007666 0.999946
1311870430.363389 0.012362 -0.006722 -0.012102 0.003745 -0.004989 -0.006954 0.999956
1311870430.399281 0.012830 -0.005851 -0.012054 0.004113 -0.004095 -0.006269 0.999964
1311870430.431391 0.013220 -0.005019 -0.012141 0.003474 -0.003757 -0.006716 0.999964
1311870430.463459 0.014824 -0.007059 -0.011505 0.002532 -0.003442 -0.006967 0.999967
1311870430.499344 0.015832 -0.007739 -0.011480 0.003395 -0.002578 -0.006221 0.999972
1311870430.531454 0.016363 -0.006380 -0.012305 0.004056 -0.002004 -0.005993 0.999972
1311870430.563500 0.018001 -0.007519 -0.012405 0.003955 -0.001737 -0.005725 0.999974
1311870430.599385 0.019189 -0.006939 -0.013282 0.004337 -0.001213 -0.005572 0.999974
1311870430.631310 0.020516 -0.006294 -0.013259 0.003785 -0.000941 -0.005885 0.999975
1311870430.663444 0.022240 -0.007130 -0.013699 0.003508 -0.000575 -0.006104 0.999975
1311870430.699258 0.024169 -0.007026 -0.014220 0.003321 -0.000124 -0.006244 0.999975
1311870430.731345 0.025955 -0.008143 -0.013743 0.003441 0.000833 -0.006125 0.999975
1311870430.763500 0.027361 -0.007682 -0.014568 0.004549 0.001843 -0.006095 0.999969
1311870430.799409 0.029054 -0.007037 -0.015423 0.004506 0.002207 -0.006023 0.999969
1311870430.831480 0.031030 -0.007272 -0.015609 0.004339 0.002384 -0.005600 0.999972
1311870430.863574 0.032887 -0.006654 -0.016337 0.004116 0.002379 -0.005420 0.999974
1311870430.899451 0.035206 -0.007120 -0.016464 0.003573 0.002512 -0.005998 0.999972
1311870430.931499 0.037662 -0.006526 -0.017163 0.003848 0.002833 -0.006618 0.999967
1311870430.963601 0.041069 -0.006695 -0.018178 0.003590 0.003310 -0.006598 0.999966
1311870430.999454 0.045134 -0.006904 -0.018963 0.003696 0.004490 -0.006446 0.999962
1311870431.031523 0.050247 -0.006268 -0.020437 0.003667 0.006263 -0.006310 0.999954
1311870431.063647 0.054880 -0.007271 -0.019635 0.003817 0.009108 -0.004955 0.999939
1311870431.099270 0.058854 -0.007498 -0.019609 0.004913 0.011832 -0.002729 0.999914
1311870431.131475 0.064257 -0.006445 -0.020490 0.005367 0.013416 -0.001446 0.999895
1311870431.163490 0.069460 -0.006505 -0.020762 0.004825 0.015157 -0.000271 0.999873
1311870431.199595 0.075082 -0.006387 -0.020947 0.004638 0.016994 0.001015 0.999844
1311870431.231528 0.080663 -0.006357 -0.020732 0.004108 0.019067 0.001923 0.999808
1311870431.263518 0.085641 -0.006281 -0.020598 0.004014 0.021123 0.002209 0.999766
1311870431.299516 0.091546 -0.006078 -0.020785 0.003692 0.023248 0.001841 0.999721
1311870431.331676 0.096430 -0.005818 -0.020496 0.003460 0.026011 0.002401 0.999653
1311870431.363631 0.101440 -0.005815 -0.020149 0.003456 0.028021 0.003209 0.999596
1311870431.399293 0.105767 -0.005022 -0.020852 0.002905 0.029212 0.003435 0.999563
1311870431.431480 0.110604 -0.004926 -0.020369 0.002218 0.029696 0.003560 0.999550
1311870431.463503 0.115968 -0.005220 -0.020935 0.001990 0.030595 0.004271 0.999521
1311870431.499459 0.120745 -0.005575 -0.021175 0.002420 0.031985 0.004783 0.999474
1311870431.531388 0.124824 -0.005972 -0.022204 0.003136 0.033222 0.005378 0.999429
1311870431.563325 0.128583 -0.006651 -0.023113 0.003986 0.033895 0.005533 0.999402
1311870431.599430 0.133448 -0.007378 -0.024785 0.004842 0.034625 0.005279 0.999375
1311870431.631542 0.137033 -0.009028 -0.025649 0.006652 0.036203 0.006205 0.999303
1311870431.663486 0.139538 -0.007474 -0.028179 0.008315 0.036687 0.006816 0.999269
1311870431.699385 0.141728 -0.008572 -0.028627 0.008707 0.035827 0.007677 0.999291
1311870431.731529 0.145424 -0.008480 -0.031508 0.009625 0.034520 0.008746 0.999319
1311870431.763721 0.148417 -0.010412 -0.032629 0.010110 0.034027 0.009369 0.999326
1311870431.799486 0.150971 -0.010602 -0.035210 0.011545 0.033620 0.009220 0.999325
1311870431.831541 0.152853 -0.011816 -0.037044 0.012119 0.032849 0.008882 0.999347
1311870431.863694 0.155382 -0.011557 -0.039724 0.013284 0.031930 0.008701 0.999364
1311870431.899573 0.157881 -0.012724 -0.041452 0.013474 0.031489 0.008268 0.999379
1311870431.931488 0.160527 -0.014558 -0.042656 0.014601 0.031062 0.007395 0.999383
1311870431.963564 0.163815 -0.014207 -0.045963 0.016288 0.031166 0.006333 0.999361
1311870431.999553 0.167180 -0.015951 -0.047507 0.017092 0.031770 0.005992 0.999331
1311870432.031509 0.170823 -0.017054 -0.049520 0.018881 0.032431 0.006454 0.999275
1311870432.063526 0.174878 -0.017966 -0.051533 0.020521 0.032991 0.006413 0.999224
1311870432.099459 0.180036 -0.021286 -0.051957 0.021641 0.034611 0.006357 0.999146
1311870432.131603 0.184425 -0.018911 -0.056215 0.024910 0.037576 0.005894 0.998966
1311870432.163607 0.184554 -0.017566 -0.054772 0.023868 0.039258 0.004027 0.998936
1311870432.199461 0.188143 -0.016271 -0.055946 0.022990 0.038052 0.003228 0.999006
1311870432.231754 0.192384 -0.018603 -0.055049 0.021021 0.036707 0.004186 0.999096
1311870432.263643 0.198201 -0.020199 -0.055516 0.021339 0.036277 0.005753 0.999097
1311870432.299615 0.203474 -0.022166 -0.055050 0.022471 0.037599 0.005705 0.999024
1311870432.331460 0.207548 -0.021635 -0.055629 0.024473 0.040065 0.004495 0.998887
1311870432.363365 0.210372 -0.020595 -0.056363 0.026042 0.042784 0.002616 0.998741
1311870432.399630 0.211158 -0.017025 -0.056491 0.025857 0.044443 0.000523 0.998677
1311870432.431690 0.210568 -0.016851 -0.054570 0.023656 0.042901 -0.000970 0.998799
1311870432.463520 0.215149 -0.018564 -0.053644 0.021714 0.039566 -0.001995 0.998979
1311870432.499674 0.221047 -0.019221 -0.053667 0.021351 0.038327 -0.001746 0.999036
1311870432.531554 0.225723 -0.022054 -0.052439 0.021736 0.039800 -0.001709 0.998970
1311870432.563517 0.227656 -0.023364 -0.051467 0.023640 0.041645 -0.002470 0.998850
1311870432.599522 0.231215 -0.020821 -0.052650 0.025234 0.041439 -0.003203 0.998817
1311870432.631484 0.234497 -0.019604 -0.053479 0.025190 0.040830 -0.002260 0.998846
1311870432.663494 0.237727 -0.018620 -0.052773 0.023686 0.039410 -0.000161 0.998942
1311870432.699551 0.241474 -0.020443 -0.052178 0.022294 0.037690 0.000971 0.999040
1311870432.731507 0.246505 -0.019747 -0.052088 0.021737 0.036677 0.002077 0.999089
1311870432.763511 0.251005 -0.021137 -0.050549 0.021576 0.036905 0.003966 0.999078
1311870432.799641 0.256106 -0.019359 -0.050663 0.022595 0.037533 0.005698 0.999024
1311870432.831541 0.260400 -0.017506 -0.050355 0.021657 0.038264 0.006290 0.999013
1311870432.863631 0.263598 -0.019552 -0.048127 0.020500 0.038787 0.007003 0.999013
1311870432.899615 0.266562 -0.018865 -0.047913 0.020774 0.038356 0.007680 0.999019
1311870432.931572 0.270795 -0.017380 -0.048084 0.020319 0.037047 0.007492 0.999079
1311870432.963562 0.274935 -0.018469 -0.047281 0.019381 0.036401 0.007027 0.999125
1311870432.999630 0.278103 -0.018848 -0.046649 0.019506 0.035727 0.007491 0.999143
1311870433.031584 0.283054 -0.018878 -0.047045 0.020218 0.034786 0.008742 0.999152
1311870433.063635 0.287862 -0.018264 -0.047639 0.020647 0.034603 0.009230 0.999145
1311870433.099562 0.291204 -0.019488 -0.046823 0.021067 0.035022 0.009063 0.999123
1311870433.131626 0.294549 -0.018013 -0.047562 0.022437 0.034844 0.007500 0.999113
1311870433.163663 0.297861 -0.016666 -0.048292 0.023157 0.033712 0.005203 0.999150
1311870433.199558 0.301221 -0.014163 -0.049304 0.022962 0.032290 0.003796 0.999208
1311870433.231636 0.304550 -0.011352 -0.049328 0.020905 0.029722 0.001487 0.999338
1311870433.263519 0.308475 -0.010644 -0.048728 0.018270 0.026718 -0.000596 0.999476
1311870433.299576 0.313818 -0.010284 -0.048289 0.016313 0.024145 -0.001098 0.999575
1311870433.331596 0.320110 -0.008788 -0.048233 0.014688 0.022755 -0.000880 0.999633
1311870433.363571 0.326961 -0.009136 -0.047569 0.012768 0.021819 -0.000474 0.999680
1311870433.399625 0.333116 -0.008037 -0.046996 0.011093 0.020919 -0.000431 0.999720
1311870433.431583 0.340561 -0.008034 -0.046251 0.009563 0.019738 -0.001172 0.999759
1311870433.463559 0.348161 -0.007040 -0.046114 0.007936 0.019547 -0.001457 0.999776
1311870433.499504 0.355803 -0.008567 -0.044203 0.007047 0.020347 -0.001095 0.999768
1311870433.531517 0.362305 -0.007113 -0.044676 0.007807 0.021397 -0.000509 0.999740
1311870433.563651 0.368750 -0.005531 -0.045023 0.006829 0.021618 -0.000192 0.999743
1311870433.599748 0.374686 -0.006468 -0.044405 0.005553 0.021749 -0.000638 0.999748
1311870433.633359 0.380675 -0.005279 -0.044746 0.004796 0.021720 -0.001522 0.999751
1311870433.663567 0.386637 -0.005919 -0.044034 0.003781 0.022052 -0.002026 0.999748
1311870433.699816 0.392304 -0.005665 -0.043663 0.003567 0.023021 -0.001384 0.999728
1311870433.731536 0.397190 -0.006071 -0.043229 0.003836 0.024253 -0.000294 0.999698
1311870433.763545 0.401972 -0.003632 -0.043916 0.004144 0.025245 0.000142 0.999673
1311870433.799626 0.406610 -0.004724 -0.042500 0.003181 0.026394 0.000558 0.999646
1311870433.831859 0.411572 -0.003329 -0.042306 0.003409 0.027791 0.001348 0.999607
1311870433.863545 0.415941 -0.002736 -0.041449 0.002664 0.029143 0.001868 0.999570
1311870433.899585 0.420598 -0.003010 -0.039894 0.001723 0.030975 0.002746 0.999515
1311870433.931709 0.424255 -0.003615 -0.038376 0.001605 0.033313 0.004290 0.999434
1311870433.963703 0.427110 -0.002878 -0.037423 0.002090 0.035009 0.005457 0.999370
1311870433.999523 0.430919 -0.001511 -0.037243 0.001539 0.035967 0.005403 0.999337
1311870434.031599 0.434535 -0.002788 -0.035343 0.000528 0.036956 0.005575 0.999301
1311870434.063605 0.437820 -0.002384 -0.034714 0.000407 0.038264 0.006230 0.999248
1311870434.099832 0.440369 -0.003522 -0.032751 -0.000386 0.039667 0.006423 0.999192
1311870434.131804 0.443143 -0.005162 -0.030737 -0.000273 0.041113 0.006924 0.999130
1311870434.163544 0.446152 -0.005483 -0.030365 0.000610 0.042674 0.007341 0.999062
1311870434.199633 0.447776 -0.005551 -0.029636 0.000983 0.044199 0.008052 0.998990
1311870434.231542 0.448886 -0.004764 -0.029369 0.000972 0.044462 0.008766 0.998972
1311870434.263545 0.451296 -0.004547 -0.029331 0.000378 0.043850 0.009246 0.998995
1311870434.299615 0.452783 -0.003892 -0.028613 -0.000756 0.043170 0.010702 0.999010
1311870434.331839 0.453899 -0.003388 -0.027606 -0.001945 0.041379 0.012437 0.999064
1311870434.363534 0.457592 -0.003130 -0.028058 -0.003461 0.039051 0.012929 0.999148
1311870434.399678 0.461978 -0.002739 -0.027469 -0.005395 0.038395 0.012377 0.999171
1311870434.431695 0.466025 -0.002212 -0.026152 -0.006943 0.039564 0.011014 0.999132
1311870434.463583 0.470329 -0.000990 -0.025137 -0.008446 0.042083 0.008987 0.999038
1311870434.499762 0.472294 -0.001049 -0.022678 -0.010322 0.045344 0.006732 0.998895
1311870434.531561 0.474478 -0.000996 -0.021276 -0.011397 0.047269 0.004285 0.998808
1311870434.563553 0.477257 -0.000018 -0.019879 -0.012469 0.047930 0.002644 0.998769
1311870434.599830 0.479912 0.000620 -0.018201 -0.014169 0.047662 0.002292 0.998760
1311870434.631527 0.485082 0.001005 -0.017056 -0.015870 0.047124 0.002119 0.998761
1311870434.663662 0.489382 0.001268 -0.015428 -0.017700 0.047951 0.001066 0.998692
1311870434.699666 0.492904 0.001247 -0.012935 -0.018992 0.049011 -0.000481 0.998618
1311870434.731536 0.496208 0.002911 -0.011806 -0.020047 0.050186 -0.002278 0.998536
1311870434.767663 0.499080 0.006176 -0.009384 -0.022111 0.050484 -0.003831 0.998473
1311870434.799566 0.503383 0.009585 -0.007543 -0.025951 0.049691 -0.004550 0.998417
1311870434.831779 0.506624 0.011338 -0.004699 -0.032101 0.049020 -0.004689 0.998271
1311870434.867798 0.509637 0.013831 -0.001730 -0.037981 0.047979 -0.005201 0.998112
1311870434.899553 0.514269 0.015614 0.001832 -0.045606 0.045867 -0.005945 0.997888
1311870434.931645 0.516680 0.016702 0.005350 -0.053087 0.043113 -0.006509 0.997638
1311870434.967535 0.518488 0.020116 0.008831 -0.059748 0.039317 -0.007138 0.997413
1311870434.999589 0.520878 0.020864 0.011061 -0.066057 0.035424 -0.008152 0.997154
1311870435.031785 0.523916 0.021913 0.013061 -0.071176 0.032774 -0.009527 0.996880
1311870435.067626 0.527133 0.023756 0.015372 -0.075036 0.030629 -0.010918 0.996650
1311870435.099699 0.530307 0.027677 0.018676 -0.077802 0.028639 -0.011606 0.996490
1311870435.131763 0.534053 0.030987 0.021605 -0.081812 0.027337 -0.012224 0.996198
1311870435.167540 0.537099 0.031100 0.023255 -0.085985 0.026544 -0.013994 0.995844
1311870435.199566 0.540266 0.034161 0.025147 -0.088987 0.026456 -0.015245 0.995565
1311870435.231679 0.542425 0.035858 0.027511 -0.092709 0.026239 -0.015926 0.995220
1311870435.267867 0.545288 0.037982 0.028197 -0.097028 0.024445 -0.016580 0.994843
1311870435.299742 0.547577 0.037681 0.029426 -0.101835 0.022817 -0.018753 0.994363
1311870435.331634 0.551901 0.037939 0.030376 -0.104630 0.022730 -0.021624 0.994016
1311870435.367691 0.555268 0.037931 0.031039 -0.106713 0.024779 -0.024979 0.993667
1311870435.399734 0.558482 0.038290 0.032018 -0.108087 0.026409 -0.029055 0.993366
1311870435.431784 0.561822 0.039721 0.033337 -0.109227 0.027591 -0.031737 0.993127
1311870435.467618 0.564615 0.040796 0.034132 -0.110508 0.028016 -0.033273 0.992923
1311870435.499650 0.568837 0.041698 0.035680 -0.112744 0.027271 -0.034006 0.992667
1311870435.531794 0.571983 0.041635 0.037174 -0.114848 0.027044 -0.034145 0.992428
1311870435.567656 0.575559 0.040932 0.038893 -0.117166 0.026246 -0.034083 0.992180
1311870435.599673 0.581115 0.039597 0.039927 -0.118378 0.025803 -0.034801 0.992023
1311870435.631832 0.585898 0.039554 0.041485 -0.118824 0.026890 -0.036055 0.991896
1311870435.667902 0.590329 0.041139 0.043379 -0.119404 0.028202 -0.036538 0.991772
1311870435.699715 0.593932 0.041472 0.045689 -0.120687 0.028884 -0.036603 0.991595
1311870435.731639 0.598150 0.042556 0.047415 -0.122176 0.028522 -0.036436 0.991429
1311870435.767597 0.602245 0.041378 0.049402 -0.124485 0.028770 -0.036298 0.991140
1311870435.799955 0.605583 0.041227 0.052451 -0.125608 0.029140 -0.036897 0.990965
1311870435.831633 0.608283 0.040955 0.054873 -0.126496 0.028743 -0.037886 0.990827
1311870435.867717 0.611825 0.039609 0.056810 -0.127471 0.027821 -0.038501 0.990704
1311870435.899972 0.615822 0.038593 0.058424 -0.128246 0.027059 -0.038505 0.990625
1311870435.931792 0.619561 0.036609 0.060834 -0.129173 0.027053 -0.038006 0.990524
1311870435.967666 0.623053 0.037391 0.063387 -0.129042 0.026756 -0.037300 0.990576
1311870435.999894 0.626712 0.036721 0.065548 -0.130022 0.026084 -0.037215 0.990469
1311870436.031755 0.630994 0.035843 0.067864 -0.130777 0.025735 -0.037224 0.990378
1311870436.067746 0.634014 0.035074 0.070347 -0.131560 0.025996 -0.037858 0.990244
1311870436.099813 0.637282 0.033057 0.072946 -0.132332 0.026119 -0.038868 0.990099
1311870436.131762 0.640428 0.031044 0.075443 -0.132289 0.026420 -0.039332 0.990078
1311870436.167891 0.643098 0.030229 0.077920 -0.131695 0.026481 -0.039085 0.990165
1311870436.200035 0.646511 0.027543 0.080078 -0.131461 0.026202 -0.038457 0.990228
1311870436.231775 0.649507 0.025020 0.082616 -0.129918 0.026600 -0.038380 0.990424
1311870436.267655 0.651445 0.023710 0.084696 -0.127640 0.027236 -0.037997 0.990718
1311870436.299786 0.653185 0.022497 0.086682 -0.125493 0.026822 -0.036617 0.991056
1311870436.331958 0.655267 0.022356 0.088428 -0.123799 0.025429 -0.034472 0.991382
1311870436.367789 0.659181 0.021631 0.088534 -0.122958 0.024011 -0.032771 0.991580
1311870436.399748 0.661271 0.018847 0.090142 -0.123780 0.024029 -0.031923 0.991505
1311870436.431853 0.662948 0.015027 0.091583 -0.123688 0.024466 -0.031670 0.991514
1311870436.467708 0.663328 0.012885 0.092861 -0.122373 0.024865 -0.032046 0.991655
1311870436.499724 0.663685 0.008955 0.093983 -0.120922 0.024621 -0.032781 0.991815
1311870436.531686 0.663736 0.005442 0.094314 -0.117877 0.024076 -0.033154 0.992183
1311870436.567649 0.663673 0.004533 0.095522 -0.114306 0.022748 -0.033476 0.992621
1311870436.600076 0.662851 0.003907 0.096631 -0.111102 0.020160 -0.033586 0.993037
1311870436.633915 0.664832 0.001815 0.097868 -0.108295 0.015348 -0.032537 0.993468
1311870436.667799 0.667276 0.001109 0.098010 -0.106892 0.010141 -0.027841 0.993829
1311870436.699713 0.670355 -0.000838 0.097446 -0.107787 0.005333 -0.022718 0.993900
1311870436.731758 0.673571 -0.007332 0.096285 -0.108644 0.001578 -0.020079 0.993877
1311870436.768050 0.677812 -0.013763 0.096408 -0.107203 -0.000529 -0.021040 0.994014
1311870436.799700 0.682152 -0.018456 0.096385 -0.104410 -0.000274 -0.023493 0.994257
1311870436.831852 0.685080 -0.021023 0.097322 -0.100195 0.000851 -0.025093 0.994651
1311870436.867905 0.688634 -0.022538 0.096672 -0.096817 0.000234 -0.024973 0.994989
1311870436.899855 0.692611 -0.024400 0.097606 -0.095128 -0.001300 -0.023335 0.995191
1311870436.931933 0.695499 -0.026988 0.097797 -0.093685 -0.003240 -0.021249 0.995370
1311870436.968236 0.698138 -0.029981 0.097557 -0.092765 -0.007172 -0.019221 0.995477
1311870436.999889 0.704488 -0.033185 0.097016 -0.091539 -0.010900 -0.018964 0.995561
1311870437.031944 0.710674 -0.036813 0.096953 -0.089749 -0.012232 -0.018759 0.995713
1311870437.067654 0.715909 -0.038299 0.097223 -0.087617 -0.012837 -0.017517 0.995918
1311870437.100178 0.720685 -0.038543 0.097110 -0.085888 -0.014289 -0.016490 0.996066
1311870437.131969 0.725794 -0.039356 0.097808 -0.085509 -0.017277 -0.015302 0.996070
1311870437.167667 0.732238 -0.042337 0.098527 -0.085356 -0.020563 -0.015309 0.996021
1311870437.199925 0.738889 -0.045287 0.099675 -0.084555 -0.022979 -0.016490 0.996017
1311870437.231936 0.746710 -0.047701 0.100756 -0.082899 -0.024888 -0.016686 0.996107
1311870437.267827 0.753765 -0.049637 0.101806 -0.081271 -0.026155 -0.016377 0.996214
1311870437.300070 0.760026 -0.052217 0.103142 -0.079671 -0.028337 -0.016895 0.996275
1311870437.331827 0.768025 -0.054524 0.104495 -0.077825 -0.031551 -0.018206 0.996301
1311870437.367959 0.775676 -0.057291 0.106137 -0.075933 -0.034139 -0.019286 0.996342
1311870437.399868 0.783554 -0.058377 0.107090 -0.073937 -0.036643 -0.019885 0.996391
1311870437.431930 0.790896 -0.060471 0.109140 -0.072956 -0.039584 -0.020267 0.996343
1311870437.467917 0.798968 -0.062487 0.111085 -0.072155 -0.042607 -0.020169 0.996279
1311870437.499944 0.807035 -0.065013 0.113026 -0.071215 -0.045450 -0.021692 0.996189
1311870437.531864 0.815552 -0.067941 0.115250 -0.070540 -0.047645 -0.023609 0.996091
1311870437.567872 0.823144 -0.070949 0.117844 -0.069506 -0.049086 -0.025376 0.996050
1311870437.599941 0.830576 -0.074362 0.120285 -0.068154 -0.050780 -0.027307 0.996007
1311870437.631901 0.838878 -0.076971 0.122341 -0.066417 -0.052343 -0.027961 0.996026
1311870437.667940 0.846060 -0.079017 0.123726 -0.065144 -0.054102 -0.028163 0.996010
1311870437.699777 0.853818 -0.081611 0.125502 -0.064247 -0.056839 -0.029572 0.995875
1311870437.731943 0.861981 -0.083717 0.127379 -0.063359 -0.059544 -0.031554 0.995713
1311870437.767795 0.870067 -0.086096 0.129487 -0.062396 -0.061789 -0.032907 0.995593
1311870437.799747 0.878337 -0.088673 0.131116 -0.061147 -0.063951 -0.034399 0.995484
1311870437.831896 0.886427 -0.090207 0.132358 -0.059630 -0.065936 -0.036009 0.995389
1311870437.868123 0.893881 -0.092394 0.134196 -0.058298 -0.068061 -0.037357 0.995276
1311870437.900069 0.902176 -0.093393 0.135564 -0.056818 -0.070476 -0.037081 0.995203
1311870437.932604 0.909958 -0.094534 0.137114 -0.056032 -0.072935 -0.035122 0.995142
1311870437.967868 0.918150 -0.095894 0.137672 -0.055496 -0.075586 -0.033600 0.995027
1311870437.999873 0.926339 -0.097657 0.138528 -0.055240 -0.077906 -0.033737 0.994857
1311870438.032040 0.934791 -0.099782 0.139280 -0.054790 -0.079723 -0.034775 0.994702
1311870438.067992 0.943217 -0.101485 0.139956 -0.053923 -0.080814 -0.035703 0.994629
1311870438.100054 0.951360 -0.102800 0.140093 -0.052831 -0.081642 -0.036635 0.994586
1311870438.131845 0.958686 -0.105116 0.140527 -0.051880 -0.082510 -0.037500 0.994532
1311870438.167952 0.966548 -0.107302 0.140636 -0.050415 -0.084085 -0.038270 0.994446
1311870438.200093 0.975600 -0.109025 0.139967 -0.048637 -0.085670 -0.039061 0.994369
1311870438.231870 0.984833 -0.109861 0.139654 -0.047297 -0.086712 -0.039727 0.994317
1311870438.267979 0.993073 -0.111265 0.139677 -0.046465 -0.087103 -0.039752 0.994321
1311870438.299797 1.001109 -0.110128 0.139359 -0.045573 -0.087827 -0.039737 0.994299
1311870438.331819 1.008761 -0.110654 0.139314 -0.045829 -0.088996 -0.040343 0.994159
1311870438.367780 1.015444 -0.112455 0.139903 -0.046243 -0.090048 -0.041487 0.993998
1311870438.399835 1.021636 -0.113106 0.140446 -0.045974 -0.090941 -0.041584 0.993925
1311870438.432856 1.027371 -0.113053 0.140231 -0.045473 -0.092115 -0.040846 0.993870
1311870438.467869 1.032088 -0.112099 0.139632 -0.045265 -0.093996 -0.041134 0.993692
1311870438.500036 1.037646 -0.112305 0.139791 -0.045476 -0.096786 -0.042819 0.993343
1311870438.531921 1.042861 -0.112428 0.139650 -0.045818 -0.099053 -0.044878 0.993013
1311870438.568013 1.048159 -0.112657 0.139828 -0.046300 -0.100603 -0.046722 0.992750
1311870438.600021 1.051706 -0.113779 0.140789 -0.046799 -0.101567 -0.048647 0.992536
1311870438.631835 1.055358 -0.114644 0.141578 -0.046553 -0.102932 -0.049775 0.992351
1311870438.667869 1.059677 -0.114471 0.141818 -0.046018 -0.104540 -0.050299 0.992181
1311870438.699970 1.063907 -0.114356 0.142728 -0.045975 -0.106094 -0.049610 0.992053
1311870438.732000 1.066877 -0.115184 0.144026 -0.046268 -0.107317 -0.048123 0.991981
1311870438.768162 1.071334 -0.115369 0.144389 -0.046126 -0.109040 -0.047415 0.991834
1311870438.799815 1.073689 -0.116080 0.145165 -0.046296 -0.110198 -0.048331 0.991654
1311870438.832114 1.076764 -0.116525 0.146401 -0.046694 -0.112201 -0.049438 0.991356
1311870438.867827 1.079651 -0.118413 0.148328 -0.046947 -0.114245 -0.051174 0.991022
1311870438.900416 1.082732 -0.120426 0.150258 -0.046637 -0.115981 -0.052793 0.990750
1311870438.932530 1.086369 -0.121153 0.151832 -0.045855 -0.117096 -0.052973 0.990646
1311870438.967952 1.090399 -0.120979 0.153593 -0.045237 -0.117600 -0.052710 0.990629
1311870439.000222 1.094375 -0.120173 0.155297 -0.045499 -0.117608 -0.052776 0.990612
1311870439.031959 1.098168 -0.120963 0.157857 -0.046478 -0.116635 -0.053229 0.990658
1311870439.067798 1.099626 -0.120807 0.160830 -0.047104 -0.115277 -0.053540 0.990770
1311870439.100209 1.101535 -0.119484 0.162900 -0.047823 -0.115639 -0.054216 0.990657
1311870439.131876 1.104792 -0.121435 0.166895 -0.049140 -0.117322 -0.056335 0.990276
1311870439.167836 1.109373 -0.123233 0.170920 -0.049784 -0.118979 -0.058132 0.989943
1311870439.199794 1.114301 -0.124520 0.174907 -0.049892 -0.119655 -0.059643 0.989766
1311870439.231835 1.119758 -0.124799 0.179491 -0.050312 -0.119455 -0.060950 0.989689
1311870439.267817 1.123524 -0.125496 0.184861 -0.051322 -0.118617 -0.061800 0.989685
1311870439.299813 1.126720 -0.125358 0.190230 -0.052574 -0.118686 -0.062287 0.989581
1311870439.331860 1.130742 -0.126929 0.195996 -0.054395 -0.119972 -0.063162 0.989272
1311870439.367859 1.135962 -0.129745 0.202140 -0.055822 -0.121534 -0.065736 0.988834
1311870439.399807 1.140885 -0.134776 0.208542 -0.056592 -0.122040 -0.069565 0.988466
1311870439.431917 1.144610 -0.137458 0.214475 -0.055511 -0.121471 -0.072320 0.988399
1311870439.467853 1.147173 -0.140025 0.219785 -0.054959 -0.121604 -0.073580 0.988321
1311870439.499862 1.151070 -0.139857 0.224584 -0.054186 -0.123889 -0.074959 0.987976
1311870439.531912 1.153945 -0.146741 0.230449 -0.055532 -0.126982 -0.076868 0.987362
1311870439.567862 1.157665 -0.153004 0.235062 -0.055191 -0.130574 -0.077115 0.986893
1311870439.599826 1.161735 -0.154417 0.239334 -0.053009 -0.134350 -0.077584 0.986469
1311870439.631904 1.166358 -0.155584 0.244150 -0.051589 -0.138149 -0.077812 0.986001
1311870439.667868 1.171251 -0.156144 0.249076 -0.050552 -0.141783 -0.077506 0.985563
1311870439.699827 1.177025 -0.156062 0.254106 -0.050491 -0.144688 -0.078433 0.985071
1311870439.731911 1.181345 -0.157363 0.260911 -0.050372 -0.146458 -0.080676 0.984634
1311870439.767878 1.184596 -0.157051 0.265445 -0.049755 -0.147503 -0.083177 0.984301
1311870439.799818 1.185535 -0.160293 0.271257 -0.050252 -0.149056 -0.085906 0.983808
1311870439.831973 1.186771 -0.161722 0.275923 -0.049413 -0.151571 -0.086397 0.983423
1311870439.867821 1.189445 -0.161277 0.279457 -0.048047 -0.155623 -0.086579 0.982841
1311870439.900184 1.194995 -0.159601 0.281863 -0.047297 -0.160069 -0.086396 0.982180
1311870439.932173 1.202495 -0.161152 0.286132 -0.049615 -0.162873 -0.084791 0.981744
1311870439.967891 1.207846 -0.162704 0.289652 -0.051382 -0.162905 -0.081558 0.981922
1311870439.999959 1.211813 -0.161123 0.292063 -0.052309 -0.162033 -0.079251 0.982206
1311870440.032069 1.213961 -0.160203 0.293713 -0.053254 -0.161918 -0.080091 0.982106
1311870440.067993 1.216765 -0.159679 0.295878 -0.054393 -0.162812 -0.081933 0.981744
1311870440.100001 1.219041 -0.159773 0.298287 -0.056100 -0.163835 -0.083400 0.981354
1311870440.132116 1.220901 -0.160906 0.300485 -0.057482 -0.165237 -0.085381 0.980868
1311870440.168088 1.222804 -0.161970 0.303175 -0.058446 -0.167280 -0.087547 0.980274
1311870440.199932 1.224735 -0.163097 0.305665 -0.059039 -0.170127 -0.089973 0.979529
1311870440.232151 1.227398 -0.164399 0.307839 -0.059679 -0.173361 -0.092586 0.978679
1311870440.268000 1.230210 -0.166070 0.310484 -0.059974 -0.176245 -0.093414 0.978067
1311870440.300046 1.235792 -0.165772 0.313174 -0.060281 -0.178838 -0.093171 0.977600
1311870440.332046 1.239121 -0.167587 0.316978 -0.060943 -0.180172 -0.094249 0.977211
1311870440.368148 1.242476 -0.166809 0.319683 -0.060616 -0.181413 -0.094969 0.976932
1311870440.400131 1.246741 -0.166382 0.323308 -0.061041 -0.183610 -0.095709 0.976423
1311870440.432012 1.249331 -0.165814 0.326430 -0.061838 -0.186093 -0.095816 0.975892
1311870440.468251 1.253784 -0.165141 0.329229 -0.063314 -0.189669 -0.095450 0.975144
1311870440.500265 1.258057 -0.167293 0.332858 -0.064872 -0.193189 -0.096801 0.974217
1311870440.532310 1.264742 -0.167321 0.336187 -0.065416 -0.196230 -0.098351 0.973418
1311870440.568327 1.270127 -0.166465 0.339663 -0.066262 -0.198532 -0.100849 0.972638
1311870440.601112 1.273713 -0.166701 0.343388 -0.067749 -0.201281 -0.104299 0.971606
1311870440.632152 1.278387 -0.166356 0.346193 -0.068608 -0.205167 -0.108613 0.970259
1311870440.667912 1.284102 -0.165514 0.349263 -0.070017 -0.209672 -0.113663 0.968615
1311870440.700052 1.289794 -0.167633 0.352688 -0.071669 -0.214032 -0.118863 0.966915
1311870440.732289 1.296155 -0.168747 0.355388 -0.072287 -0.218047 -0.123724 0.965361
1311870440.768161 1.304285 -0.168665 0.358406 -0.072817 -0.222197 -0.128104 0.963803
1311870440.800074 1.312618 -0.167239 0.361318 -0.073842 -0.225770 -0.131873 0.962385
1311870440.831930 1.320739 -0.166879 0.364515 -0.075840 -0.228846 -0.135851 0.960949
1311870440.868097 1.328035 -0.167412 0.367746 -0.078074 -0.231266 -0.140414 0.959534
1311870440.900702 1.336210 -0.166739 0.370976 -0.079671 -0.233552 -0.145037 0.958160
1311870440.932236 1.343542 -0.166552 0.374107 -0.081696 -0.235058 -0.149743 0.956896
1311870440.968265 1.350291 -0.165845 0.377266 -0.083408 -0.236425 -0.154198 0.955704
1311870440.999991 1.357384 -0.164673 0.380676 -0.085228 -0.238365 -0.158273 0.954394
1311870441.032175 1.364192 -0.164015 0.383851 -0.087237 -0.240199 -0.161339 0.953239
1311870441.068154 1.371393 -0.161709 0.387242 -0.089161 -0.242485 -0.163816 0.952059
1311870441.100200 1.378318 -0.161700 0.390125 -0.091829 -0.244693 -0.165822 0.950892
1311870441.132291 1.385763 -0.159587 0.392459 -0.094193 -0.246601 -0.167652 0.949846
1311870441.168090 1.392509 -0.158782 0.395721 -0.096991 -0.248068 -0.169853 0.948791
1311870441.200181 1.400218 -0.157522 0.398454 -0.099393 -0.249340 -0.171859 0.947848
1311870441.232068 1.407769 -0.155764 0.401259 -0.102090 -0.249892 -0.174132 0.947000
1311870441.268233 1.413000 -0.155726 0.403804 -0.104626 -0.249641 -0.176917 0.946273
1311870441.300230 1.419748 -0.153033 0.406048 -0.105834 -0.249919 -0.179095 0.945656
1311870441.334609 1.426796 -0.149971 0.408478 -0.107887 -0.250265 -0.181060 0.944958
1311870441.367979 1.432917 -0.148698 0.410336 -0.110999 -0.250501 -0.181814 0.944390
1311870441.400106 1.439049 -0.146197 0.412337 -0.114411 -0.251025 -0.181658 0.943873
1311870441.432295 1.446395 -0.143110 0.415173 -0.118237 -0.252363 -0.181759 0.943025
1311870441.468277 1.453148 -0.142121 0.417471 -0.122523 -0.253208 -0.183151 0.941982
1311870441.500170 1.458364 -0.141509 0.419020 -0.125940 -0.253345 -0.184477 0.941235
1311870441.532130 1.464540 -0.140049 0.421175 -0.128563 -0.254171 -0.185797 0.940398
1311870441.568914 1.471380 -0.139072 0.423644 -0.130864 -0.254651 -0.186747 0.939762
1311870441.600118 1.478458 -0.138420 0.426217 -0.133054 -0.254348 -0.186718 0.939543
1311870441.632942 1.484945 -0.137193 0.429244 -0.135122 -0.253264 -0.186261 0.939631
1311870441.668118 1.491021 -0.134951 0.432291 -0.136944 -0.251660 -0.186505 0.939750
1311870441.700172 1.497799 -0.135941 0.436160 -0.139798 -0.249889 -0.186176 0.939867
1311870441.732030 1.501604 -0.136223 0.438285 -0.141697 -0.246692 -0.185094 0.940641
1311870441.768221 1.506556 -0.135597 0.440981 -0.143459 -0.244637 -0.184012 0.941123
1311870441.800208 1.509206 -0.138271 0.444607 -0.145558 -0.242649 -0.182802 0.941551
1311870441.832186 1.512522 -0.138670 0.445791 -0.146067 -0.241160 -0.180900 0.942222
1311870441.868242 1.516485 -0.141213 0.450212 -0.146936 -0.240753 -0.179837 0.942394
1311870441.900199 1.517616 -0.146293 0.450978 -0.147450 -0.239257 -0.178254 0.942995
1311870441.932347 1.521780 -0.145455 0.457371 -0.145889 -0.239172 -0.175299 0.943813
1311870441.968225 1.522956 -0.146743 0.459148 -0.145244 -0.238451 -0.171598 0.944775
1311870442.000519 1.522165 -0.148489 0.461216 -0.144586 -0.238740 -0.167361 0.945562
1311870442.032101 1.523644 -0.149007 0.463119 -0.143237 -0.240505 -0.164160 0.945882
1311870442.068163 1.525281 -0.153720 0.465698 -0.143539 -0.241862 -0.162145 0.945837
1311870442.103605 1.526313 -0.161240 0.468638 -0.143208 -0.242303 -0.161543 0.945878
1311870442.132295 1.527212 -0.164859 0.469995 -0.139938 -0.242166 -0.162461 0.946245
1311870442.168086 1.526556 -0.169201 0.471647 -0.136601 -0.241162 -0.163985 0.946726
1311870442.201178 1.524057 -0.173644 0.472100 -0.133253 -0.240042 -0.164257 0.947440
1311870442.232210 1.521637 -0.174926 0.473448 -0.129810 -0.240468 -0.164090 0.947839
1311870442.268206 1.520700 -0.175571 0.475642 -0.126151 -0.242465 -0.163177 0.947982
1311870442.300086 1.519822 -0.177946 0.477440 -0.124475 -0.244163 -0.162604 0.947866
1311870442.332140 1.518482 -0.186935 0.479059 -0.125111 -0.245201 -0.164069 0.947262
1311870442.368246 1.515295 -0.192440 0.481384 -0.123691 -0.246314 -0.165492 0.946912
1311870442.400030 1.512679 -0.196583 0.484045 -0.122074 -0.248642 -0.166333 0.946366
1311870442.432189 1.510802 -0.203764 0.486842 -0.121146 -0.251430 -0.165572 0.945882
1311870442.468023 1.510845 -0.209899 0.490620 -0.119350 -0.254027 -0.163404 0.945793
1311870442.500198 1.510322 -0.217521 0.493764 -0.117501 -0.254630 -0.161048 0.946267
1311870442.532181 1.507775 -0.222358 0.497069 -0.115153 -0.254022 -0.157340 0.947342
1311870442.568220 1.505430 -0.226087 0.500401 -0.112764 -0.254335 -0.153706 0.948141
1311870442.600265 1.503419 -0.229454 0.503825 -0.110910 -0.255310 -0.151440 0.948463
1311870442.635674 1.500870 -0.231962 0.506808 -0.108687 -0.256311 -0.150549 0.948592
1311870442.668160 1.498887 -0.236540 0.509843 -0.106825 -0.257443 -0.151222 0.948390
1311870442.700211 1.496862 -0.240494 0.512984 -0.104769 -0.257874 -0.152428 0.948309
1311870442.732224 1.494601 -0.244710 0.515800 -0.102447 -0.257592 -0.152923 0.948560
1311870442.768169 1.492422 -0.246883 0.518738 -0.100622 -0.257346 -0.153077 0.948797
1311870442.803175 1.488859 -0.251347 0.521883 -0.099122 -0.257105 -0.153326 0.948980
1311870442.832847 1.486784 -0.253175 0.524456 -0.096703 -0.257000 -0.152679 0.949362
1311870442.868218 1.483634 -0.253755 0.526956 -0.094148 -0.257185 -0.152089 0.949664
1311870442.900140 1.481694 -0.255179 0.529415 -0.092558 -0.258302 -0.151637 0.949589
1311870442.932118 1.479449 -0.258835 0.531990 -0.091888 -0.259318 -0.150861 0.949501
1311870442.968874 1.478216 -0.259838 0.533866 -0.091059 -0.260024 -0.148913 0.949695
1311870443.000647 1.476701 -0.260679 0.536350 -0.090907 -0.260714 -0.146829 0.949845
1311870443.032544 1.474713 -0.262892 0.538247 -0.090761 -0.261570 -0.145895 0.949767
1311870443.068224 1.474094 -0.262998 0.539993 -0.089795 -0.262664 -0.145987 0.949543
1311870443.100206 1.472607 -0.266306 0.542195 -0.089561 -0.263029 -0.146191 0.949433
1311870443.132186 1.471267 -0.265715 0.543322 -0.088078 -0.263386 -0.144970 0.949660
1311870443.168697 1.471012 -0.265504 0.544375 -0.088045 -0.265058 -0.143137 0.949476
1311870443.200234 1.470270 -0.268750 0.547240 -0.088801 -0.266412 -0.142402 0.949137
1311870443.232146 1.469758 -0.269932 0.548713 -0.088395 -0.267149 -0.140084 0.949312
1311870443.268148 1.469377 -0.268957 0.549234 -0.088129 -0.268534 -0.137251 0.949360
1311870443.300216 1.470112 -0.270309 0.551183 -0.088865 -0.270973 -0.136737 0.948673
1311870443.332286 1.470630 -0.275391 0.554325 -0.089265 -0.272629 -0.137508 0.948049
1311870443.368387 1.471616 -0.276133 0.555830 -0.087578 -0.273117 -0.137204 0.948110
1311870443.400129 1.472274 -0.275991 0.557348 -0.086866 -0.273963 -0.136452 0.948040
1311870443.433543 1.472527 -0.277773 0.559612 -0.087150 -0.275522 -0.135272 0.947731
1311870443.468216 1.473238 -0.279820 0.561482 -0.086869 -0.277984 -0.134283 0.947178
1311870443.500190 1.475984 -0.282269 0.564179 -0.086232 -0.280871 -0.134635 0.946334
1311870443.532274 1.477490 -0.285086 0.566907 -0.085012 -0.282794 -0.135100 0.945806
1311870443.568228 1.479529 -0.285121 0.568761 -0.083677 -0.285088 -0.134195 0.945365
1311870443.600188 1.482932 -0.286196 0.571577 -0.083175 -0.288333 -0.134549 0.944374
1311870443.633824 1.486470 -0.289015 0.575446 -0.082873 -0.291127 -0.135511 0.943406
1311870443.669450 1.490529 -0.289763 0.578775 -0.081937 -0.293353 -0.136328 0.942680
1311870443.700456 1.493409 -0.291723 0.581746 -0.081521 -0.295771 -0.138220 0.941684
1311870443.732224 1.497590 -0.294270 0.585379 -0.080565 -0.298815 -0.141080 0.940380
1311870443.768189 1.501635 -0.295085 0.588776 -0.079063 -0.301812 -0.144116 0.939090
1311870443.800762 1.506617 -0.295834 0.592349 -0.078398 -0.305358 -0.146603 0.937613
1311870443.832760 1.512096 -0.297559 0.595400 -0.077867 -0.309201 -0.150402 0.935794
1311870443.868379 1.519622 -0.300104 0.600415 -0.077752 -0.313211 -0.155120 0.933698
1311870443.900223 1.527337 -0.302611 0.605215 -0.077562 -0.315868 -0.159317 0.932110
1311870443.936095 1.534415 -0.303265 0.608839 -0.077723 -0.317679 -0.163619 0.930735
1311870443.968820 1.539543 -0.305294 0.612263 -0.077881 -0.319750 -0.169573 0.928945
1311870444.000310 1.546607 -0.306797 0.615727 -0.077690 -0.322824 -0.176396 0.926625
1311870444.036121 1.552906 -0.309154 0.619323 -0.078157 -0.325621 -0.182010 0.924519
1311870444.068450 1.558795 -0.309594 0.622943 -0.078603 -0.328886 -0.185455 0.922639
1311870444.100313 1.565383 -0.310814 0.626754 -0.079600 -0.333204 -0.188545 0.920375
1311870444.136376 1.573657 -0.312921 0.630580 -0.080717 -0.337767 -0.190381 0.918234
1311870444.168597 1.581531 -0.314381 0.634550 -0.082016 -0.341515 -0.190676 0.916670
1311870444.200428 1.590738 -0.314506 0.638023 -0.083192 -0.345408 -0.191084 0.915019
1311870444.236334 1.598848 -0.316359 0.642055 -0.084766 -0.348544 -0.192536 0.913379
1311870444.268377 1.604596 -0.317586 0.645223 -0.085602 -0.350866 -0.192785 0.912359
1311870444.300356 1.610318 -0.315809 0.646655 -0.084878 -0.354147 -0.193480 0.911011
1311870444.336251 1.618603 -0.314419 0.647588 -0.084009 -0.358962 -0.196680 0.908518
1311870444.368372 1.627786 -0.315494 0.650461 -0.084550 -0.363209 -0.199783 0.906100
1311870444.400227 1.636171 -0.314986 0.652981 -0.085247 -0.365506 -0.201290 0.904776
1311870444.436312 1.643741 -0.312884 0.655402 -0.086373 -0.367211 -0.202312 0.903751
1311870444.468622 1.649824 -0.311626 0.658094 -0.087903 -0.368961 -0.204081 0.902492
1311870444.500194 1.656989 -0.309563 0.660799 -0.088978 -0.371245 -0.205184 0.901199
1311870444.536787 1.663723 -0.307860 0.663383 -0.091115 -0.373229 -0.205571 0.900077
1311870444.568395 1.670188 -0.307532 0.666675 -0.093214 -0.375081 -0.205683 0.899066
1311870444.602292 1.678277 -0.304312 0.669984 -0.094115 -0.376580 -0.206545 0.898148
1311870444.636266 1.685632 -0.300657 0.673426 -0.096193 -0.376919 -0.206861 0.897712
1311870444.668446 1.692074 -0.295766 0.676947 -0.099882 -0.376490 -0.205170 0.897878
1311870444.701032 1.697091 -0.290992 0.681219 -0.104127 -0.376081 -0.205065 0.897591
1311870444.736354 1.703465 -0.285662 0.685761 -0.107805 -0.375819 -0.207571 0.896690
1311870444.768245 1.708388 -0.285205 0.689760 -0.112580 -0.373835 -0.211446 0.896027
1311870444.800418 1.711575 -0.280882 0.693308 -0.116076 -0.371244 -0.214181 0.896008
1311870444.836377 1.713751 -0.278270 0.696602 -0.119769 -0.369945 -0.217608 0.895233
1311870444.868299 1.716943 -0.275059 0.700872 -0.122559 -0.370047 -0.219943 0.894242
1311870444.900329 1.721474 -0.271910 0.705559 -0.125484 -0.370917 -0.220604 0.893313
1311870444.936351 1.725560 -0.271987 0.709422 -0.128357 -0.371471 -0.219834 0.892864
1311870444.968539 1.730541 -0.272366 0.712481 -0.131337 -0.371412 -0.218824 0.892704
1311870445.000303 1.734890 -0.273261 0.716633 -0.133728 -0.370759 -0.217650 0.892907
1311870445.036238 1.739409 -0.271316 0.720999 -0.135121 -0.370288 -0.216482 0.893177
1311870445.068452 1.744525 -0.269573 0.725302 -0.136230 -0.370385 -0.217162 0.892803
1311870445.100300 1.750194 -0.270476 0.730732 -0.138033 -0.370078 -0.219302 0.892130
1311870445.136199 1.754386 -0.270089 0.734977 -0.139226 -0.368525 -0.221174 0.892125
1311870445.168341 1.755763 -0.267641 0.738524 -0.140548 -0.367727 -0.223501 0.891667
1311870445.200264 1.756562 -0.267939 0.742349 -0.142022 -0.369559 -0.226068 0.890028
1311870445.236342 1.758908 -0.268277 0.744775 -0.142449 -0.372920 -0.227990 0.888065
1311870445.268384 1.763331 -0.267151 0.750296 -0.143660 -0.377644 -0.227280 0.886053
1311870445.300289 1.765500 -0.267137 0.755109 -0.145124 -0.381609 -0.227366 0.884092
1311870445.336313 1.770167 -0.268779 0.760319 -0.146436 -0.385544 -0.228670 0.881829
1311870445.368329 1.774989 -0.273259 0.769392 -0.148066 -0.388364 -0.230274 0.879900
1311870445.400309 1.778634 -0.272766 0.774737 -0.147165 -0.388541 -0.232660 0.879345
1311870445.436350 1.781711 -0.274266 0.782307 -0.149572 -0.388732 -0.233636 0.878596
1311870445.468401 1.782648 -0.275101 0.788057 -0.151387 -0.389073 -0.234388 0.877933
1311870445.500377 1.785885 -0.274308 0.795483 -0.152502 -0.391235 -0.237677 0.875893
1311870445.540077 1.788662 -0.283614 0.805011 -0.155571 -0.392600 -0.242124 0.873521
1311870445.568331 1.789072 -0.288590 0.810874 -0.153634 -0.391814 -0.244833 0.873462
1311870445.600389 1.792126 -0.286351 0.814618 -0.149365 -0.392017 -0.248017 0.873213
1311870445.636324 1.795375 -0.288787 0.821639 -0.148507 -0.393238 -0.251419 0.871836
1311870445.668335 1.795809 -0.290621 0.826546 -0.147601 -0.393115 -0.253116 0.871554
1311870445.700236 1.796180 -0.286316 0.827736 -0.145395 -0.393770 -0.254116 0.871339
1311870445.736362 1.797141 -0.282635 0.830313 -0.145601 -0.396717 -0.255140 0.869667
1311870445.768584 1.798717 -0.281802 0.834990 -0.147528 -0.400468 -0.256123 0.867330
1311870445.800369 1.799263 -0.282093 0.838289 -0.149146 -0.403938 -0.256950 0.865197
1311870445.836299 1.801180 -0.283875 0.841227 -0.150495 -0.407240 -0.257669 0.863199
1311870445.868337 1.803140 -0.285268 0.844383 -0.152131 -0.410009 -0.256885 0.861834
1311870445.900306 1.804815 -0.285653 0.847257 -0.154128 -0.412201 -0.255587 0.860820
1311870445.936551 1.805327 -0.286730 0.850812 -0.156434 -0.414439 -0.254529 0.859642
1311870445.968392 1.807848 -0.287899 0.853702 -0.157925 -0.416899 -0.254790 0.858101
1311870446.000304 1.809311 -0.293545 0.854360 -0.159630 -0.416761 -0.255961 0.857504
1311870446.036758 1.809301 -0.301727 0.854779 -0.159858 -0.414952 -0.258257 0.857650
1311870446.068635 1.809912 -0.303501 0.857432 -0.158248 -0.414567 -0.260812 0.857362
1311870446.100357 1.811130 -0.305061 0.860376 -0.156530 -0.415614 -0.263048 0.856486
1311870446.136276 1.813065 -0.306830 0.864229 -0.155774 -0.417522 -0.263852 0.855448
1311870446.168735 1.814960 -0.308744 0.867505 -0.156045 -0.419220 -0.263898 0.854554
1311870446.200427 1.816671 -0.310679 0.872055 -0.155820 -0.420935 -0.264150 0.853673
1311870446.236315 1.818575 -0.313508 0.876792 -0.155417 -0.422097 -0.264116 0.853184
1311870446.268306 1.820873 -0.312791 0.880104 -0.154046 -0.423277 -0.263413 0.853065
1311870446.301025 1.821903 -0.313332 0.883656 -0.154405 -0.425024 -0.262709 0.852348
1311870446.336338 1.824653 -0.314495 0.887925 -0.154464 -0.427662 -0.262502 0.851081
1311870446.368954 1.827369 -0.316160 0.893488 -0.155099 -0.430272 -0.262234 0.849732
1311870446.400492 1.831346 -0.318028 0.901746 -0.155946 -0.432860 -0.261265 0.848560
1311870446.436540 1.834349 -0.321538 0.909133 -0.156277 -0.433400 -0.260748 0.848382
1311870446.468367 1.835649 -0.323701 0.913302 -0.155182 -0.432573 -0.260917 0.848953
1311870446.500355 1.836449 -0.324898 0.916768 -0.153402 -0.433101 -0.262580 0.848495
1311870446.536436 1.837448 -0.328263 0.920263 -0.151841 -0.435854 -0.264721 0.846699
1311870446.568393 1.840128 -0.331153 0.924389 -0.150238 -0.439928 -0.266686 0.844257
1311870446.601101 1.842358 -0.335702 0.929131 -0.149207 -0.443707 -0.269022 0.841718
1311870446.637765 1.845998 -0.338855 0.931517 -0.146477 -0.446781 -0.272155 0.839561
1311870446.668422 1.848824 -0.341667 0.934707 -0.143856 -0.450136 -0.276521 0.836791
1311870446.700430 1.852525 -0.344500 0.939109 -0.141177 -0.454462 -0.281556 0.833222
1311870446.736562 1.857456 -0.346983 0.943961 -0.138586 -0.459063 -0.287092 0.829237
1311870446.768561 1.862265 -0.349106 0.951737 -0.137622 -0.463803 -0.291338 0.825269
1311870446.800611 1.866754 -0.352717 0.958063 -0.136658 -0.468135 -0.295511 0.821491
1311870446.839890 1.872499 -0.356145 0.963255 -0.135658 -0.471881 -0.300099 0.817842
1311870446.868281 1.877611 -0.361016 0.970263 -0.135780 -0.475186 -0.303238 0.814745
1311870446.900517 1.883700 -0.363665 0.977603 -0.135637 -0.478379 -0.304949 0.812258
1311870446.938961 1.890648 -0.365259 0.985436 -0.136027 -0.481375 -0.307685 0.809385
1311870446.968287 1.894577 -0.370341 0.992168 -0.137239 -0.483135 -0.311016 0.806855
1311870447.000608 1.898135 -0.372866 0.996604 -0.136565 -0.484576 -0.314586 0.804718
1311870447.036348 1.903934 -0.374491 1.003136 -0.135928 -0.487515 -0.318338 0.801569
1311870447.069357 1.908519 -0.378661 1.009449 -0.136952 -0.489463 -0.321994 0.798743
1311870447.100489 1.911257 -0.381749 1.013748 -0.137250 -0.490648 -0.325101 0.796703
1311870447.136384 1.914870 -0.384533 1.018175 -0.137365 -0.492391 -0.328453 0.794230
1311870447.168779 1.917613 -0.387874 1.023137 -0.137696 -0.494230 -0.331259 0.791861
1311870447.200406 1.918988 -0.391059 1.026327 -0.137078 -0.495890 -0.333359 0.790047
1311870447.236496 1.921727 -0.392912 1.028407 -0.135555 -0.498083 -0.336023 0.787798
1311870447.268702 1.924311 -0.396633 1.032488 -0.135120 -0.500723 -0.339135 0.784861
1311870447.300746 1.925246 -0.400309 1.036647 -0.134498 -0.502639 -0.340760 0.783037
1311870447.337758 1.927453 -0.403012 1.039678 -0.133322 -0.503764 -0.342273 0.781854
1311870447.368631 1.928053 -0.405952 1.043876 -0.133039 -0.504674 -0.343260 0.780882
1311870447.402784 1.927777 -0.407003 1.046682 -0.133150 -0.504987 -0.342491 0.780999
1311870447.436290 1.927724 -0.406595 1.047643 -0.133604 -0.505609 -0.341876 0.780788
1311870447.468472 1.926502 -0.406816 1.048848 -0.134991 -0.506932 -0.343166 0.779124
1311870447.505391 1.923847 -0.409272 1.051622 -0.136491 -0.509183 -0.344641 0.776740
1311870447.538012 1.921913 -0.412051 1.054209 -0.136383 -0.511385 -0.346148 0.774640
1311870447.568454 1.922065 -0.414531 1.056541 -0.135591 -0.512656 -0.348510 0.772878
1311870447.600701 1.918347 -0.417957 1.060838 -0.136038 -0.512370 -0.350347 0.772158
1311870447.636328 1.915273 -0.421366 1.063229 -0.134243 -0.511004 -0.351902 0.772670
1311870447.668541 1.913738 -0.421831 1.065515 -0.133082 -0.509228 -0.353091 0.773500
1311870447.702983 1.908281 -0.422655 1.068736 -0.134049 -0.507169 -0.352978 0.774737
1311870447.736460 1.900430 -0.425904 1.066689 -0.134560 -0.504532 -0.354303 0.775765
1311870447.768501 1.896916 -0.427391 1.067606 -0.134427 -0.504377 -0.355082 0.775532
1311870447.803252 1.890883 -0.429515 1.068818 -0.135375 -0.503921 -0.356576 0.774978
1311870447.836560 1.884778 -0.432580 1.070485 -0.135541 -0.503694 -0.358186 0.774354
1311870447.868373 1.880607 -0.434790 1.070912 -0.134767 -0.503400 -0.359343 0.774144
1311870447.903970 1.877335 -0.432734 1.070802 -0.135685 -0.502027 -0.361117 0.774050
1311870447.936552 1.869542 -0.434678 1.071969 -0.139536 -0.500615 -0.364154 0.772856
1311870447.968677 1.859312 -0.439992 1.071723 -0.142047 -0.499194 -0.366932 0.772003
1311870448.003362 1.853784 -0.441166 1.072833 -0.142776 -0.498650 -0.368043 0.771692
1311870448.036711 1.844776 -0.445776 1.076510 -0.144208 -0.497577 -0.369514 0.771415
1311870448.068615 1.839493 -0.449562 1.079305 -0.143090 -0.496482 -0.369357 0.772403
1311870448.101910 1.834897 -0.451320 1.083233 -0.143218 -0.493928 -0.367909 0.774705
1311870448.136537 1.823874 -0.453913 1.080892 -0.144075 -0.489287 -0.368952 0.776991
1311870448.168500 1.817557 -0.455103 1.082483 -0.144790 -0.488256 -0.369453 0.777268
1311870448.203656 1.809555 -0.458891 1.086123 -0.146611 -0.486368 -0.369393 0.778139
1311870448.236492 1.800812 -0.459539 1.088272 -0.146894 -0.483296 -0.368863 0.780248
1311870448.268590 1.792808 -0.459087 1.089029 -0.147345 -0.481952 -0.368866 0.780993
1311870448.302001 1.785164 -0.459627 1.091149 -0.149988 -0.481384 -0.369046 0.780755
1311870448.336426 1.775433 -0.461673 1.092857 -0.152385 -0.480458 -0.369229 0.780775
1311870448.368626 1.767009 -0.462414 1.093527 -0.153217 -0.479663 -0.370214 0.780634
1311870448.404180 1.757717 -0.463326 1.094595 -0.154554 -0.479162 -0.370807 0.780397
1311870448.436494 1.748829 -0.465460 1.096710 -0.155304 -0.479352 -0.369834 0.780593
1311870448.469255 1.742322 -0.466314 1.097832 -0.154450 -0.479001 -0.369802 0.780993
1311870448.501350 1.734782 -0.465564 1.098329 -0.154088 -0.478574 -0.369421 0.781507
1311870448.536588 1.727393 -0.464085 1.098500 -0.154662 -0.478692 -0.369386 0.781337
1311870448.570594 1.719945 -0.465172 1.100824 -0.155810 -0.480202 -0.368712 0.780500
1311870448.600762 1.713905 -0.465362 1.101234 -0.156318 -0.480773 -0.368436 0.780178
1311870448.636419 1.708085 -0.465520 1.102361 -0.156897 -0.481348 -0.368704 0.779580
1311870448.669818 1.702581 -0.465955 1.104827 -0.158360 -0.481397 -0.368411 0.779392
1311870448.700656 1.697949 -0.466056 1.106957 -0.159463 -0.480667 -0.367701 0.779953
1311870448.736438 1.692921 -0.464320 1.107775 -0.160877 -0.479125 -0.367846 0.780543
1311870448.771225 1.687577 -0.462394 1.108423 -0.163258 -0.478451 -0.367136 0.780796
1311870448.801564 1.681525 -0.462721 1.109665 -0.166416 -0.478541 -0.366419 0.780411
1311870448.836537 1.673979 -0.463336 1.107689 -0.167973 -0.478236 -0.367764 0.779631
1311870448.869700 1.669640 -0.464546 1.109682 -0.168715 -0.480140 -0.368522 0.777941
1311870448.900887 1.663890 -0.467365 1.111887 -0.169416 -0.481206 -0.369833 0.776507
1311870448.936448 1.658806 -0.468492 1.112826 -0.168423 -0.482316 -0.370093 0.775910
1311870448.969668 1.653801 -0.469261 1.112868 -0.168053 -0.484288 -0.369456 0.775065
1311870449.001510 1.648985 -0.469761 1.111752 -0.167525 -0.486465 -0.369424 0.773830
1311870449.036575 1.643195 -0.472399 1.112430 -0.167077 -0.489383 -0.370424 0.771606
1311870449.071321 1.638462 -0.474515 1.114000 -0.165269 -0.492643 -0.371591 0.769356
1311870449.100827 1.633246 -0.475415 1.112542 -0.163909 -0.495143 -0.370949 0.768352
1311870449.136566 1.629971 -0.472177 1.110488 -0.161439 -0.499835 -0.370990 0.765813
1311870449.171406 1.624161 -0.475373 1.113626 -0.162336 -0.506272 -0.371887 0.760944
1311870449.200685 1.620578 -0.476853 1.116894 -0.160307 -0.512300 -0.372930 0.756818
1311870449.236497 1.616315 -0.479428 1.121213 -0.158085 -0.517518 -0.374307 0.753046
1311870449.273412 1.612279 -0.481359 1.124406 -0.154521 -0.521934 -0.376215 0.749780
1311870449.300841 1.607984 -0.482132 1.126086 -0.149777 -0.525646 -0.379039 0.746722
1311870449.338081 1.605449 -0.482257 1.127989 -0.145650 -0.530355 -0.381252 0.743072
1311870449.371881 1.602075 -0.483648 1.130876 -0.143409 -0.535900 -0.382777 0.738733
1311870449.402787 1.599958 -0.485040 1.134737 -0.141167 -0.542071 -0.384340 0.733835
1311870449.436669 1.597153 -0.488143 1.140311 -0.138758 -0.548852 -0.386700 0.727991
1311870449.469614 1.595133 -0.490248 1.144489 -0.135344 -0.555108 -0.388964 0.722665
1311870449.501614 1.593559 -0.491610 1.148334 -0.132071 -0.561589 -0.391303 0.716978
1311870449.536434 1.592175 -0.495426 1.154668 -0.129134 -0.568739 -0.394995 0.709817
1311870449.569845 1.590756 -0.498436 1.159680 -0.126262 -0.575092 -0.398240 0.703372
1311870449.601760 1.590320 -0.501205 1.166303 -0.124327 -0.581496 -0.400899 0.696911
1311870449.639118 1.588336 -0.505428 1.174199 -0.123119 -0.587687 -0.403444 0.690433
1311870449.668836 1.586631 -0.508688 1.181029 -0.122172 -0.592973 -0.405392 0.684919
1311870449.701069 1.585538 -0.510703 1.187014 -0.120941 -0.598487 -0.407755 0.678913
1311870449.736551 1.586090 -0.513597 1.194732 -0.120056 -0.604441 -0.410719 0.671973
1311870449.770083 1.582852 -0.516761 1.203332 -0.120264 -0.609121 -0.413652 0.665883
1311870449.803170 1.580687 -0.519064 1.210246 -0.119109 -0.613684 -0.415791 0.660548
1311870449.837832 1.580863 -0.520429 1.217123 -0.117313 -0.618110 -0.418000 0.655327
1311870449.870218 1.579483 -0.521439 1.223734 -0.116527 -0.621558 -0.419676 0.651121
1311870449.901187 1.580868 -0.520432 1.229182 -0.114927 -0.624792 -0.421077 0.647396
1311870449.936773 1.583125 -0.518810 1.234760 -0.114982 -0.627220 -0.423208 0.643637
1311870449.970274 1.581767 -0.520726 1.241636 -0.116923 -0.629346 -0.425665 0.639580
1311870450.000712 1.580738 -0.520884 1.248379 -0.117399 -0.630734 -0.427425 0.636946
1311870450.039055 1.579826 -0.521529 1.254032 -0.117112 -0.631531 -0.429136 0.635056
1311870450.069346 1.581728 -0.519987 1.259214 -0.115187 -0.631963 -0.430938 0.633757
1311870450.100915 1.583457 -0.517367 1.263860 -0.115431 -0.631824 -0.430416 0.634206
1311870450.136869 1.586648 -0.514939 1.267046 -0.116899 -0.632447 -0.429389 0.634011
1311870450.170909 1.588750 -0.514019 1.271683 -0.119619 -0.633537 -0.429758 0.632164
1311870450.202283 1.589903 -0.514779 1.276652 -0.121524 -0.634281 -0.429772 0.631043
1311870450.236763 1.592180 -0.514039 1.279499 -0.121633 -0.634689 -0.430273 0.630270
1311870450.269090 1.597316 -0.511333 1.282332 -0.120956 -0.635814 -0.430828 0.628886
1311870450.301059 1.600719 -0.510135 1.285529 -0.122266 -0.636631 -0.431115 0.627609
1311870450.336876 1.604059 -0.509625 1.288440 -0.123784 -0.637451 -0.430740 0.626735
1311870450.369008 1.608395 -0.508828 1.291370 -0.124388 -0.638269 -0.430723 0.625794
1311870450.401010 1.612834 -0.507857 1.292596 -0.125366 -0.638585 -0.430383 0.625510
1311870450.437316 1.617978 -0.506416 1.292414 -0.126509 -0.639726 -0.429957 0.624406
1311870450.469143 1.625436 -0.505432 1.294551 -0.127362 -0.641993 -0.430182 0.621746
1311870450.501134 1.631928 -0.503421 1.296351 -0.128010 -0.642948 -0.431224 0.619901
1311870450.538645 1.637653 -0.501830 1.296581 -0.128930 -0.643570 -0.432165 0.618407
1311870450.569084 1.644300 -0.499911 1.297051 -0.128818 -0.644843 -0.433669 0.616047
1311870450.601120 1.650422 -0.499089 1.298243 -0.128968 -0.646187 -0.434797 0.613808
1311870450.637751 1.657871 -0.497780 1.298035 -0.128939 -0.647374 -0.434615 0.612691
1311870450.670066 1.666680 -0.495440 1.296834 -0.130501 -0.649289 -0.433114 0.611396
1311870450.701290 1.674504 -0.493652 1.296758 -0.133577 -0.652382 -0.431367 0.608669
1311870450.737892 1.686100 -0.492632 1.297911 -0.135638 -0.655836 -0.430444 0.605144
1311870450.769954 1.695790 -0.492898 1.301836 -0.138810 -0.658218 -0.430058 0.602105
1311870450.804254 1.702530 -0.491716 1.305587 -0.141156 -0.659098 -0.429433 0.601043
1311870450.840324 1.711355 -0.492654 1.307938 -0.140039 -0.660024 -0.430777 0.599324
1311870450.869862 1.720229 -0.493138 1.311019 -0.137083 -0.660836 -0.433506 0.597140
1311870450.901836 1.728747 -0.494407 1.313186 -0.134811 -0.660992 -0.434101 0.597053
1311870450.937709 1.740604 -0.494645 1.313709 -0.133103 -0.661503 -0.432924 0.597724
1311870450.972680 1.750566 -0.495115 1.315490 -0.133711 -0.662599 -0.432196 0.596901
1311870451.001936 1.761400 -0.495618 1.318098 -0.134678 -0.663868 -0.431930 0.595464
1311870451.039322 1.769795 -0.496838 1.322552 -0.136099 -0.664862 -0.431802 0.594123
1311870451.069587 1.778484 -0.497367 1.326804 -0.136033 -0.664971 -0.432025 0.593855
1311870451.100674 1.787039 -0.499505 1.328772 -0.135650 -0.664284 -0.432997 0.594003
1311870451.139173 1.794972 -0.501131 1.330309 -0.134751 -0.664351 -0.434716 0.592875
1311870451.170707 1.802802 -0.502330 1.332775 -0.133406 -0.665700 -0.435467 0.591114
1311870451.200766 1.812138 -0.502130 1.335729 -0.132646 -0.666883 -0.435248 0.590111
1311870451.241411 1.822442 -0.501881 1.338308 -0.133607 -0.667300 -0.435030 0.589584
1311870451.269610 1.829148 -0.503067 1.341072 -0.137136 -0.667208 -0.434824 0.589030
1311870451.300668 1.835580 -0.504538 1.344485 -0.138983 -0.667978 -0.435173 0.587464
1311870451.337433 1.842109 -0.505624 1.349419 -0.139006 -0.668928 -0.436574 0.585334
1311870451.373855 1.847738 -0.507718 1.353203 -0.138390 -0.669007 -0.437975 0.584342
1311870451.400678 1.853643 -0.510352 1.356469 -0.137279 -0.669475 -0.439069 0.583246
1311870451.440446 1.860068 -0.512639 1.360144 -0.135407 -0.670635 -0.439822 0.581782
1311870451.470627 1.867985 -0.512981 1.365374 -0.133953 -0.671959 -0.440205 0.580299
1311870451.500738 1.873069 -0.515870 1.370204 -0.134413 -0.672788 -0.440467 0.579032
1311870451.537387 1.877560 -0.519109 1.375550 -0.134448 -0.673911 -0.440631 0.577592
1311870451.569243 1.883722 -0.521133 1.382120 -0.132830 -0.675628 -0.440743 0.575872
1311870451.600842 1.888507 -0.524258 1.388732 -0.132482 -0.676942 -0.440213 0.574813
1311870451.640948 1.894819 -0.526853 1.394002 -0.132422 -0.678395 -0.439905 0.573348
1311870451.669907 1.899204 -0.530197 1.401857 -0.132578 -0.680647 -0.440583 0.570114
1311870451.700785 1.902411 -0.533928 1.410671 -0.132577 -0.682489 -0.440860 0.567692
1311870451.738569 1.906110 -0.537642 1.419135 -0.131562 -0.684130 -0.441394 0.565534
1311870451.770092 1.910490 -0.541902 1.427268 -0.129897 -0.685836 -0.442367 0.563087
1311870451.800957 1.914961 -0.545494 1.436492 -0.128465 -0.687334 -0.443720 0.560519
1311870451.843498 1.919076 -0.548554 1.445975 -0.126390 -0.688979 -0.445343 0.557676
1311870451.871994 1.925279 -0.550953 1.455446 -0.124225 -0.690393 -0.447961 0.554308
1311870451.900931 1.928808 -0.553594 1.466301 -0.124003 -0.691272 -0.450640 0.551081
1311870451.938315 1.933121 -0.556174 1.476553 -0.123739 -0.691917 -0.452927 0.548450
1311870451.973008 1.937689 -0.559053 1.486282 -0.123651 -0.692506 -0.456125 0.545065
1311870452.000747 1.940693 -0.561680 1.497041 -0.123892 -0.692954 -0.459506 0.541590
1311870452.038266 1.944097 -0.564587 1.506452 -0.123787 -0.693613 -0.462359 0.538332
1311870452.072962 1.947894 -0.567778 1.515325 -0.123480 -0.694484 -0.465667 0.534415
1311870452.100648 1.949850 -0.572272 1.524173 -0.123359 -0.695837 -0.468207 0.530449
1311870452.137766 1.954343 -0.575713 1.531929 -0.122581 -0.697516 -0.470137 0.526703
1311870452.171327 1.957818 -0.578565 1.538584 -0.122443 -0.699341 -0.471708 0.522897
1311870452.200712 1.961554 -0.582314 1.546438 -0.122184 -0.701639 -0.473109 0.518596
1311870452.238414 1.963828 -0.586986 1.554804 -0.121305 -0.703819 -0.474894 0.514198
1311870452.270154 1.967612 -0.591148 1.562554 -0.118647 -0.705490 -0.477000 0.510566
1311870452.300724 1.972284 -0.594489 1.569898 -0.116775 -0.706559 -0.478643 0.507975
1311870452.338323 1.976035 -0.598171 1.575546 -0.116358 -0.707626 -0.479675 0.505608
1311870452.368878 1.979668 -0.602110 1.581129 -0.115828 -0.709266 -0.481236 0.501934
1311870452.400892 1.983450 -0.605357 1.586792 0.115106 0.711228 0.482468 -0.498127
1311870452.437917 1.987625 -0.609208 1.591957 0.115442 0.712661 0.483386 -0.495102
1311870452.468917 1.993099 -0.613125 1.595708 0.116505 0.714779 0.483818 -0.491364
1311870452.500934 1.997647 -0.616598 1.599342 0.117884 0.717858 0.485571 -0.484773
1311870452.540934 1.999789 -0.618312 1.604686 0.119482 0.720935 0.486625 -0.478719
1311870452.569316 1.999290 -0.622140 1.611667 0.119499 0.723079 0.487849 -0.474216
1311870452.600992 1.998794 -0.626941 1.617094 0.116395 0.724252 0.489438 -0.471553
1311870452.645017 2.002851 -0.629071 1.621145 0.112453 0.725014 0.489817 -0.470944
1311870452.669288 2.006763 -0.631529 1.624075 0.111144 0.725566 0.489992 -0.470222
1311870452.700871 2.009040 -0.635040 1.626735 0.111700 0.727013 0.489721 -0.468133
1311870452.739677 2.011272 -0.637299 1.630658 0.112142 0.729120 0.489069 -0.465424
1311870452.768944 2.012212 -0.639920 1.635627 0.112312 0.730750 0.488762 -0.463145
1311870452.800752 2.011230 -0.641851 1.641342 0.112030 0.731648 0.488406 -0.462169
1311870452.837778 2.011954 -0.643747 1.645459 0.111328 0.732031 0.487487 -0.462701
1311870452.868888 2.012853 -0.645668 1.648805 0.111249 0.732181 0.487839 -0.462113
1311870452.900726 2.011658 -0.646975 1.652486 0.111049 0.733442 0.487320 -0.460706
1311870452.938955 2.013885 -0.649216 1.656265 0.110876 0.734462 0.487962 -0.458439
1311870452.968792 2.012762 -0.650702 1.660834 0.111270 0.734965 0.489581 -0.455803
1311870453.000758 2.008999 -0.651178 1.666298 0.111058 0.735120 0.491325 -0.453723
1311870453.040203 2.005456 -0.652681 1.671305 0.109622 0.735341 0.492131 -0.452839
1311870453.068897 2.004421 -0.653733 1.674897 0.107765 0.735326 0.493293 -0.452044
1311870453.106076 2.001602 -0.654927 1.678513 0.106851 0.736084 0.494297 -0.449926
1311870453.137902 1.998700 -0.657118 1.683421 0.106737 0.737685 0.493934 -0.447725
1311870453.169012 1.997148 -0.658897 1.688185 0.107501 0.738820 0.493157 -0.446524
1311870453.208665 1.992877 -0.660931 1.693093 0.109183 0.739486 0.492912 -0.445284
1311870453.239419 1.991700 -0.662731 1.697507 0.109062 0.740168 0.493890 -0.443091
1311870453.269017 1.984810 -0.663010 1.703342 0.108874 0.740530 0.496181 -0.439962
1311870453.305742 1.981896 -0.664893 1.708154 0.107872 0.740827 0.497361 -0.438373
1311870453.340444 1.977692 -0.665650 1.713475 0.108616 0.740610 0.499417 -0.436213
1311870453.368891 1.972280 -0.666709 1.719828 0.109523 0.740165 0.501099 -0.434811
1311870453.408070 1.965409 -0.668424 1.725157 0.112838 0.738747 0.501830 -0.435531
1311870453.437362 1.959213 -0.672191 1.728368 0.115590 0.738360 0.502598 -0.434579
1311870453.468964 1.952777 -0.673824 1.732951 0.115325 0.739649 0.504736 -0.429955
1311870453.508312 1.943351 -0.679007 1.736963 0.115190 0.741318 0.504971 -0.426828
1311870453.536921 1.936760 -0.683304 1.740602 0.112529 0.743722 0.502778 -0.425944
1311870453.568988 1.934296 -0.686237 1.743780 0.109374 0.746610 0.500916 -0.423903
1311870453.609964 1.932819 -0.688605 1.747760 0.107238 0.749942 0.498942 -0.420885
1311870453.636987 1.929962 -0.690569 1.753009 0.106019 0.752922 0.496882 -0.418302
1311870453.668811 1.928807 -0.692121 1.759168 0.104616 0.755121 0.495605 -0.416201
1311870453.708805 1.927644 -0.692719 1.764926 0.104584 0.755680 0.495854 -0.414895
1311870453.736779 1.922132 -0.694179 1.768507 0.105350 0.755791 0.495755 -0.414618
1311870453.768933 1.921553 -0.694801 1.771401 0.103773 0.756601 0.495498 -0.413846
1311870453.808528 1.919344 -0.695554 1.774526 0.101954 0.757750 0.496306 -0.411219
1311870453.836897 1.918386 -0.695906 1.777205 0.100476 0.759191 0.495912 -0.409397
1311870453.905295 1.921808 -0.699954 1.781260 0.103985 0.761068 0.495531 -0.405478
1311870453.936942 1.922663 -0.700833 1.782806 0.106235 0.761856 0.496900 -0.401721
1311870453.969060 1.917627 -0.696252 1.786406 0.107838 0.762991 0.498278 -0.397410
1311870454.006743 1.914399 -0.695235 1.788706 0.108970 0.764213 0.498281 -0.394740
1311870454.036868 1.914349 -0.695520 1.789156 0.109669 0.765417 0.498127 -0.392401
1311870454.069029 1.914727 -0.696836 1.790586 0.110675 0.767502 0.497518 -0.388802
1311870454.108394 1.913662 -0.702120 1.796742 0.113157 0.770303 0.497156 -0.382969
1311870454.137000 1.911669 -0.702309 1.799278 0.115132 0.772120 0.496674 -0.379329
1311870454.168921 1.909839 -0.703178 1.801404 0.115668 0.773856 0.496427 -0.375937
1311870454.208507 1.910332 -0.705272 1.804259 0.114684 0.775587 0.497514 -0.371205
1311870454.236797 1.908949 -0.705840 1.807918 0.114639 0.776696 0.498556 -0.367483
1311870454.269033 1.907799 -0.707701 1.810070 0.114899 0.777468 0.498807 -0.365422
1311870454.308639 1.909674 -0.709405 1.812548 0.113793 0.778328 0.500542 -0.361544
1311870454.336806 1.909171 -0.709978 1.815585 0.114041 0.779620 0.501573 -0.357229
1311870454.369037 1.909892 -0.711715 1.819246 0.115798 0.780698 0.501845 -0.353910
1311870454.408393 1.909857 -0.715310 1.824428 0.117580 0.781705 0.503214 -0.349124
1311870454.436702 1.907549 -0.715192 1.828631 0.117728 0.782528 0.504514 -0.345333
1311870454.468984 1.908062 -0.716879 1.832735 0.117107 0.783257 0.505114 -0.343008
1311870454.506976 1.909657 -0.719344 1.836763 0.117133 0.783836 0.506258 -0.339977
1311870454.536960 1.909269 -0.721136 1.840831 0.117299 0.784492 0.507593 -0.336396
1311870454.605779 1.906465 -0.724727 1.850935 0.115887 0.785581 0.509787 -0.330984
1311870454.636712 1.906201 -0.727283 1.856143 0.114686 0.785905 0.511150 -0.328520
1311870454.669109 1.903506 -0.727751 1.860962 0.113003 0.786222 0.512531 -0.326185
1311870454.708377 1.902068 -0.728896 1.866715 0.110984 0.786268 0.513567 -0.325137
1311870454.736893 1.901621 -0.731808 1.871128 0.109172 0.785831 0.515492 -0.323758
1311870454.769151 1.899675 -0.732451 1.876106 0.107219 0.785687 0.517393 -0.321721
1311870454.804834 1.898374 -0.734790 1.880998 0.106308 0.785786 0.518238 -0.320419
1311870454.837145 1.897760 -0.737707 1.885721 0.105956 0.786008 0.519152 -0.318506
1311870454.869278 1.896172 -0.739125 1.890410 0.105425 0.786695 0.519906 -0.315745
1311870454.904955 1.894035 -0.740467 1.894966 0.104643 0.787455 0.520409 -0.313270
1311870454.936946 1.892213 -0.741842 1.899677 0.103503 0.788002 0.520911 -0.311436
1311870454.969055 1.890880 -0.743895 1.903550 0.101909 0.788425 0.521464 -0.309962
1311870455.004911 1.889419 -0.745828 1.906988 0.100334 0.789094 0.521751 -0.308284
1311870455.036876 1.890511 -0.748788 1.910559 0.098879 0.789927 0.521722 -0.306667
1311870455.068919 1.889882 -0.750420 1.913658 0.098567 0.790563 0.521809 -0.304976
1311870455.105009 1.889871 -0.752250 1.917085 0.098072 0.791454 0.521556 -0.303251
1311870455.136862 1.888439 -0.752894 1.919665 0.097349 0.792279 0.521557 -0.301322
1311870455.169130 1.887656 -0.753811 1.923005 0.096437 0.793298 0.520919 -0.300037
1311870455.205004 1.887390 -0.755809 1.925768 0.095927 0.793780 0.520531 -0.299596
1311870455.236848 1.888197 -0.758300 1.928633 0.095513 0.794299 0.520361 -0.298647
1311870455.269148 1.886160 -0.758028 1.931580 0.095683 0.794959 0.520008 -0.297450
1311870455.304835 1.884560 -0.758558 1.934294 0.095747 0.795381 0.519247 -0.297630
1311870455.336789 1.884877 -0.760431 1.936985 0.095481 0.795629 0.518845 -0.297756
1311870455.369197 1.884965 -0.761793 1.939715 0.095676 0.795844 0.518876 -0.297062
1311870455.404805 1.884390 -0.762621 1.941889 0.095725 0.796228 0.518971 -0.295850
1311870455.436831 1.883330 -0.762438 1.944107 0.094862 0.796709 0.519224 -0.294384
1311870455.469223 1.881243 -0.762642 1.945630 0.094116 0.797092 0.518987 -0.294006
1311870455.504874 1.881326 -0.765696 1.947316 0.094143 0.797752 0.517950 -0.294035
1311870455.537012 1.882394 -0.767527 1.948937 0.094789 0.798776 0.516721 -0.293208
1311870455.569182 1.881574 -0.768443 1.951376 0.095575 0.799854 0.515724 -0.291766
1311870455.604923 1.880877 -0.768020 1.954272 0.096026 0.800397 0.515177 -0.291094
1311870455.637032 1.878984 -0.768420 1.955873 0.096498 0.800419 0.514904 -0.291360
1311870455.669070 1.878960 -0.769988 1.957239 0.096552 0.800560 0.514691 -0.291333
1311870455.704988 1.879111 -0.769965 1.958880 0.096314 0.800926 0.514733 -0.290329
1311870455.736754 1.877959 -0.770331 1.960394 0.096271 0.801383 0.514666 -0.289200
1311870455.769158 1.878100 -0.771006 1.962542 0.096812 0.802007 0.513876 -0.288693
1311870455.804909 1.878032 -0.771947 1.963787 0.097981 0.802365 0.513359 -0.288224
1311870455.836915 1.876860 -0.771657 1.964930 0.098147 0.802916 0.513244 -0.286832
1311870455.869194 1.875132 -0.771228 1.966702 0.098000 0.803611 0.512623 -0.286049
1311870455.905161 1.874561 -0.772226 1.968009 0.097760 0.803809 0.512518 -0.285762
1311870455.937044 1.873242 -0.773148 1.968972 0.097780 0.804186 0.512279 -0.285120
1311870455.969114 1.873246 -0.773776 1.970707 0.097403 0.804864 0.511594 -0.284566
1311870456.005174 1.872153 -0.773836 1.972213 0.097325 0.805051 0.511449 -0.284324
1311870456.036923 1.871150 -0.775428 1.972834 0.097573 0.805316 0.511159 -0.284010
1311870456.069304 1.870984 -0.775314 1.974308 0.097245 0.805786 0.511033 -0.283015
1311870456.105038 1.868308 -0.774993 1.975066 0.097605 0.806135 0.510589 -0.282698
1311870456.136872 1.868795 -0.776216 1.976846 0.097462 0.806575 0.509952 -0.282644
1311870456.169124 1.868192 -0.776733 1.978082 0.097185 0.806987 0.510017 -0.281443
1311870456.204948 1.867636 -0.776596 1.979775 0.097152 0.807463 0.509798 -0.280483
1311870456.236913 1.866423 -0.776121 1.981204 0.097591 0.807367 0.509943 -0.280345
1311870456.269026 1.864994 -0.776520 1.982145 0.097492 0.807247 0.510272 -0.280124
1311870456.304952 1.864893 -0.776758 1.983722 0.096948 0.807394 0.510520 -0.279439
1311870456.336938 1.864153 -0.776975 1.985103 0.097140 0.807550 0.510380 -0.279176
1311870456.369108 1.865723 -0.778238 1.986910 0.097058 0.807606 0.510606 -0.278628
1311870456.405081 1.864556 -0.777779 1.988277 0.097469 0.807467 0.511339 -0.277541
1311870456.436979 1.862813 -0.776960 1.989749 0.097596 0.807514 0.511550 -0.276972
1311870456.469056 1.862664 -0.777517 1.991307 0.097179 0.807612 0.511485 -0.276950
1311870456.504950 1.863074 -0.777978 1.992721 0.097402 0.807386 0.511632 -0.277260
1311870456.536960 1.861512 -0.778719 1.993810 0.098422 0.807445 0.511289 -0.277361
1311870456.568976 1.862451 -0.779447 1.996246 0.098013 0.807729 0.511259 -0.276734
1311870456.605010 1.862017 -0.779954 1.997655 0.097584 0.807699 0.511842 -0.275895
1311870456.636926 1.863556 -0.780834 1.999964 0.096998 0.807623 0.512361 -0.275359
1311870456.669162 1.861573 -0.780430 2.001398 0.096798 0.807235 0.513528 -0.274392
1311870456.704923 1.860510 -0.780717 2.002808 0.095468 0.807405 0.513924 -0.273617
1311870456.737510 1.860449 -0.780819 2.004854 0.093864 0.807310 0.514365 -0.273624
1311870456.769343 1.860102 -0.781750 2.006437 0.093492 0.807014 0.514277 -0.274786
1311870456.805084 1.861793 -0.783685 2.008491 0.093423 0.806558 0.514640 -0.275467
1311870456.837267 1.861568 -0.783247 2.010555 0.093531 0.805820 0.515627 -0.275744
1311870456.869185 1.861098 -0.783002 2.012671 0.094007 0.804838 0.516568 -0.276687
1311870456.904967 1.861162 -0.782550 2.014439 0.094261 0.803527 0.518060 -0.277621
1311870456.937137 1.861453 -0.782566 2.014856 0.094520 0.802127 0.519875 -0.278189
1311870456.969162 1.861046 -0.782148 2.015504 0.094750 0.801216 0.521227 -0.278206
1311870457.005002 1.863451 -0.782539 2.016702 0.094661 0.800692 0.522315 -0.277704
1311870457.037005 1.864034 -0.781100 2.016951 0.094416 0.799815 0.524454 -0.276280
1311870457.069172 1.863262 -0.779878 2.017011 0.094477 0.799326 0.525391 -0.275894
1311870457.105194 1.865305 -0.780247 2.016863 0.094396 0.798860 0.526188 -0.275750
1311870457.137059 1.865213 -0.779986 2.015668 0.094242 0.798744 0.526915 -0.274747
1311870457.169181 1.865999 -0.778908 2.015533 0.093540 0.799324 0.526906 -0.273317
1311870457.205041 1.865861 -0.778776 2.015291 0.093483 0.799871 0.526568 -0.272384
1311870457.237018 1.866899 -0.779077 2.014537 0.094090 0.800698 0.525479 -0.271846
1311870457.269408 1.868046 -0.779821 2.013743 0.095168 0.801561 0.524855 -0.270130
1311870457.305147 1.867986 -0.779031 2.013387 0.096311 0.802507 0.524177 -0.268227
1311870457.337020 1.868333 -0.777500 2.013381 0.097653 0.803008 0.523531 -0.267502
1311870457.369144 1.868310 -0.776621 2.011681 0.099202 0.802847 0.523419 -0.267636
1311870457.405048 1.868902 -0.775897 2.010653 0.099428 0.802689 0.523907 -0.267068
1311870457.437052 1.867982 -0.774965 2.008277 0.099227 0.802381 0.524669 -0.266572
1311870457.469227 1.870469 -0.775618 2.006772 0.098499 0.802519 0.524857 -0.266057
1311870457.505022 1.871844 -0.776321 2.004741 0.098902 0.802757 0.525295 -0.264319
1311870457.536973 1.874085 -0.777456 2.002211 0.099878 0.803591 0.524812 -0.262370
1311870457.569203 1.875868 -0.777141 2.000618 0.100684 0.804592 0.524159 -0.260291
1311870457.605160 1.876573 -0.775876 2.000001 0.101095 0.805590 0.523409 -0.258552
1311870457.637004 1.878981 -0.776907 1.999895 0.101053 0.806128 0.523174 -0.257363
1311870457.669307 1.881276 -0.779841 2.000690 0.100806 0.806497 0.523073 -0.256504
1311870457.705035 1.883319 -0.784932 2.004232 0.100785 0.807086 0.522756 -0.255305
1311870457.737023 1.886954 -0.789063 2.006129 0.101044 0.807102 0.522879 -0.254901
1311870457.769309 1.885875 -0.795053 2.007706 0.102983 0.807138 0.522999 -0.253760
1311870457.805115 1.886356 -0.794136 2.007691 0.102687 0.807147 0.523020 -0.253809
1311870457.837035 1.886268 -0.794155 2.006909 0.102505 0.806937 0.523293 -0.253989
1311870457.869208 1.886793 -0.794558 2.005818 0.102666 0.806894 0.523230 -0.254189
1311870457.905144 1.887689 -0.795276 2.004961 0.103314 0.807141 0.522632 -0.254373
1311870457.937152 1.887993 -0.795270 2.004980 0.103862 0.807601 0.522037 -0.253912
1311870457.969070 1.888266 -0.794439 2.005260 0.103379 0.808111 0.521617 -0.253348
1311870458.005126 1.890536 -0.794547 2.006057 0.102112 0.808305 0.521675 -0.253124
1311870458.037059 1.892940 -0.795092 2.006240 0.101688 0.807810 0.522599 -0.252968
1311870458.069169 1.894503 -0.795320 2.006424 0.102110 0.807205 0.523910 -0.252015
1311870458.105369 1.893732 -0.793165 2.005861 0.102864 0.806874 0.524747 -0.251025
1311870458.137028 1.892264 -0.791349 2.005684 0.104438 0.806751 0.524258 -0.251794
1311870458.169307 1.890910 -0.791169 2.005195 0.106018 0.806823 0.523010 -0.253491
1311870458.205364 1.892781 -0.792228 2.006699 0.107048 0.807190 0.521551 -0.254892
1311870458.237139 1.894975 -0.793262 2.008188 0.109061 0.806859 0.521101 -0.256004
1311870458.269045 1.894778 -0.792280 2.009702 0.111322 0.806222 0.521457 -0.256313
1311870458.305231 1.893162 -0.789718 2.011553 0.111774 0.805798 0.522135 -0.256069
1311870458.337016 1.891156 -0.787093 2.012832 0.110615 0.805094 0.523200 -0.256611
1311870458.369238 1.889235 -0.786353 2.011732 0.110508 0.803973 0.523589 -0.259364
1311870458.405178 1.890522 -0.789266 2.013160 0.111036 0.803341 0.523019 -0.262233
1311870458.437065 1.890309 -0.791018 2.013786 0.111868 0.802501 0.523424 -0.263640
1311870458.469429 1.889039 -0.791810 2.013644 0.112086 0.802117 0.523558 -0.264448
1311870458.505153 1.888559 -0.792957 2.013758 0.111750 0.801925 0.523420 -0.265444
1311870458.537298 1.887257 -0.795203 2.014333 0.110467 0.802372 0.523048 -0.265361
1311870458.569254 1.890601 -0.798129 2.015614 0.107821 0.803197 0.522937 -0.264171
1311870458.605078 1.890552 -0.798174 2.016171 0.106992 0.803482 0.523046 -0.263424
1311870458.637272 1.890867 -0.797813 2.017968 0.106946 0.803389 0.522742 -0.264328
1311870458.670175 1.890671 -0.798167 2.020035 0.106942 0.802500 0.523393 -0.265739
1311870458.705071 1.889775 -0.798338 2.021247 0.106891 0.801128 0.524525 -0.267659
1311870458.737205 1.889917 -0.798908 2.021751 0.107227 0.799469 0.525464 -0.270626
1311870458.769244 1.889568 -0.799980 2.023717 0.108113 0.798372 0.525890 -0.272679
1311870458.805282 1.887190 -0.799731 2.024471 0.108825 0.797887 0.526297 -0.273030
1311870458.837112 1.886395 -0.799959 2.025490 0.108983 0.797827 0.526014 -0.273686
1311870458.869226 1.885347 -0.799353 2.026403 0.109987 0.796877 0.526070 -0.275937
1311870458.905369 1.882874 -0.798363 2.027352 0.111610 0.795684 0.526176 -0.278514
1311870458.937109 1.879779 -0.798332 2.026516 0.113236 0.794356 0.526602 -0.280831
1311870458.969299 1.876802 -0.797498 2.027537 0.114012 0.793850 0.526458 -0.282215
1311870459.005085 1.872903 -0.796747 2.027077 0.114962 0.793133 0.526439 -0.283876
1311870459.037242 1.871055 -0.797178 2.025572 0.115801 0.792408 0.526276 -0.285856
1311870459.069262 1.867784 -0.796033 2.025186 0.116481 0.791865 0.526406 -0.286843
1311870459.105056 1.862606 -0.794916 2.024126 0.117586 0.791244 0.526323 -0.288254
1311870459.137142 1.859406 -0.794400 2.021523 0.118109 0.790670 0.526073 -0.290066
1311870459.169293 1.855157 -0.794416 2.018629 0.118840 0.790399 0.525909 -0.290803
1311870459.205333 1.849574 -0.792438 2.016289 0.118866 0.790363 0.525257 -0.292065
1311870459.237139 1.845019 -0.792519 2.012946 0.118358 0.790311 0.524315 -0.294097
1311870459.269319 1.840634 -0.792092 2.010436 0.116815 0.790489 0.523944 -0.294896
1311870459.305123 1.834579 -0.792550 2.007149 0.115783 0.790257 0.523540 -0.296637
1311870459.337124 1.828611 -0.794683 2.003723 0.115457 0.789839 0.522369 -0.299924
1311870459.369409 1.824193 -0.797900 1.999388 0.114546 0.789938 0.521146 -0.302133
1311870459.405110 1.817714 -0.799606 1.995677 0.112791 0.790723 0.520258 -0.302269
1311870459.437201 1.809340 -0.803578 1.992022 0.111686 0.791396 0.518348 -0.304196
1311870459.469335 1.806543 -0.807875 1.987606 0.109983 0.792838 0.513953 -0.308488
1311870459.505212 1.805756 -0.811717 1.985805 0.108199 0.794362 0.511035 -0.310040
1311870459.537121 1.800379 -0.814242 1.984526 0.107699 0.795791 0.507980 -0.311567
1311870459.569420 1.797028 -0.817265 1.984006 0.106937 0.797060 0.504082 -0.314899
1311870459.605201 1.795178 -0.820457 1.982456 0.105153 0.797794 0.501077 -0.318416
1311870459.637206 1.792557 -0.824535 1.981461 0.103325 0.798518 0.499084 -0.320326
1311870459.669438 1.791639 -0.828045 1.981161 0.102450 0.799607 0.496168 -0.322412
1311870459.705266 1.792782 -0.831615 1.982523 0.102127 0.800669 0.493944 -0.323292
1311870459.737262 1.789212 -0.834358 1.983996 0.103590 0.801319 0.492264 -0.323780
1311870459.769384 1.787164 -0.839630 1.983198 0.103932 0.802293 0.490103 -0.324535
1311870459.805269 1.788400 -0.842961 1.987001 0.102295 0.804145 0.487904 -0.323784
1311870459.837287 1.783609 -0.848289 1.990079 0.102437 0.805012 0.486251 -0.324071
1311870459.869302 1.784792 -0.853990 1.992250 0.101744 0.806623 0.482500 -0.325887
1311870459.905336 1.789873 -0.857860 1.997073 0.100298 0.808617 0.480115 -0.324913
1311870459.937243 1.788948 -0.862652 2.003279 0.099755 0.810030 0.480118 -0.321540
1311870459.969296 1.786841 -0.867056 2.011059 0.097719 0.811367 0.480012 -0.318940
1311870460.005159 1.786250 -0.870283 2.020011 0.093948 0.812230 0.479780 -0.318225
1311870460.037231 1.788587 -0.874245 2.028710 0.089975 0.812316 0.479961 -0.318880
1311870460.069303 1.792485 -0.877232 2.037676 0.087722 0.812182 0.480690 -0.318751
1311870460.105227 1.794152 -0.880219 2.047220 0.087373 0.811931 0.482363 -0.316954
1311870460.137155 1.794763 -0.883650 2.057158 0.087511 0.811794 0.484415 -0.314125
1311870460.169374 1.792825 -0.886588 2.068678 0.087610 0.811631 0.486470 -0.311332
1311870460.205176 1.791605 -0.890649 2.079597 0.087635 0.811289 0.487519 -0.310573
1311870460.237205 1.792390 -0.893862 2.091523 0.087294 0.810689 0.488521 -0.310660
1311870460.269407 1.792243 -0.895978 2.103550 0.087419 0.809606 0.490242 -0.310738
1311870460.305117 1.793664 -0.898310 2.115315 0.087669 0.808088 0.492574 -0.310933
1311870460.337274 1.792927 -0.900493 2.127331 0.087028 0.806198 0.496004 -0.310566
1311870460.369486 1.792794 -0.903203 2.139483 0.085252 0.804080 0.499538 -0.310884
1311870460.405219 1.792460 -0.906284 2.150511 0.082768 0.801676 0.502979 -0.312212
1311870460.437268 1.792218 -0.909127 2.162280 0.078926 0.799269 0.506241 -0.314103
1311870460.469173 1.796123 -0.910791 2.172722 0.074028 0.796676 0.509242 -0.317015
1311870460.505208 1.799580 -0.910510 2.185800 0.071037 0.793608 0.512828 -0.319606
1311870460.537203 1.801869 -0.911664 2.194508 0.072274 0.789156 0.517614 -0.322623
1311870460.569377 1.803337 -0.914308 2.204447 0.075806 0.785687 0.520834 -0.325087
1311870460.605217 1.804262 -0.914746 2.212512 0.079061 0.782548 0.523311 -0.327892
1311870460.637439 1.805556 -0.916378 2.219634 0.081808 0.779513 0.525434 -0.331038
1311870460.669312 1.808138 -0.915583 2.226196 0.083534 0.777084 0.526970 -0.333863
1311870460.705390 1.809734 -0.915897 2.233037 0.085943 0.774819 0.528549 -0.336015
1311870460.737177 1.815073 -0.917672 2.238436 0.089685 0.772113 0.529967 -0.339018
1311870460.769399 1.819371 -0.916820 2.244174 0.093164 0.768616 0.532947 -0.341346
1311870460.805511 1.821609 -0.913859 2.249566 0.096330 0.765026 0.536236 -0.343376
1311870460.837324 1.825669 -0.910999 2.253588 0.098776 0.761841 0.539654 -0.344404
1311870460.869379 1.828795 -0.910474 2.257933 0.101539 0.758913 0.543195 -0.344500
1311870460.905261 1.830654 -0.908726 2.263894 0.105107 0.757170 0.544644 -0.344977
1311870460.937427 1.832521 -0.904611 2.268754 0.108159 0.757384 0.543441 -0.345460
1311870460.969418 1.834472 -0.905822 2.272126 0.110203 0.758069 0.541856 -0.345801
1311870461.005311 1.835476 -0.908949 2.276522 0.111221 0.758441 0.539621 -0.348148
1311870461.037474 1.829976 -0.910684 2.281782 0.110276 0.758873 0.536818 -0.351820
1311870461.069223 1.846280 -0.916404 2.286298 0.102396 0.758854 0.532350 -0.360914
1311870461.105213 1.846232 -0.918069 2.286713 0.100906 0.758295 0.526470 -0.370993
1311870461.137183 1.846510 -0.926152 2.285521 0.099779 0.756273 0.522811 -0.380478
1311870461.169554 1.848730 -0.930266 2.287433 0.098888 0.755109 0.517934 -0.389584
1311870461.205320 1.852930 -0.933543 2.287570 0.097088 0.754086 0.513496 -0.397806
1311870461.237198 1.857622 -0.939667 2.287981 0.095024 0.753281 0.509839 -0.404478
1311870461.269420 1.865890 -0.945343 2.287346 0.093457 0.751831 0.506076 -0.412193
1311870461.305245 1.871136 -0.950846 2.287590 0.093473 0.750359 0.502753 -0.418883
1311870461.337484 1.878354 -0.956365 2.287378 0.093933 0.748687 0.499658 -0.425425
1311870461.369527 1.882853 -0.958687 2.287252 0.093932 0.747197 0.496708 -0.431456
1311870461.405326 1.890400 -0.961635 2.285376 0.093071 0.745883 0.493572 -0.437474
1311870461.437231 1.902467 -0.966558 2.283375 0.092634 0.744486 0.491387 -0.442377
1311870461.469524 1.910549 -0.968492 2.282644 0.093357 0.743171 0.489941 -0.446026
1311870461.505256 1.919094 -0.969979 2.281136 0.093931 0.742168 0.488735 -0.448890
1311870461.537210 1.926360 -0.971205 2.279599 0.094257 0.741566 0.487810 -0.450818
1311870461.569367 1.934972 -0.973825 2.278392 0.094416 0.741185 0.486805 -0.452495
1311870461.605303 1.941095 -0.974475 2.277948 0.094276 0.741074 0.485983 -0.453588
1311870461.637227 1.948605 -0.976758 2.276991 0.092359 0.741283 0.485387 -0.454278
1311870461.669539 1.954938 -0.979699 2.276778 0.090296 0.741345 0.485121 -0.454876
1311870461.705448 1.960805 -0.983715 2.277382 0.088952 0.741574 0.483654 -0.456327
1311870461.737497 1.966631 -0.986682 2.278550 0.088146 0.741680 0.481612 -0.458465
1311870461.769473 1.972168 -0.989751 2.279218 0.087691 0.741818 0.479256 -0.460793
1311870461.805342 1.978421 -0.992964 2.279397 0.088109 0.741831 0.477094 -0.462931
1311870461.837421 1.982539 -0.994823 2.280219 0.089125 0.742036 0.475121 -0.464434
1311870461.869391 1.984067 -0.998248 2.281883 0.089053 0.742427 0.474020 -0.464948
1311870461.905500 1.985393 -1.002145 2.283855 0.087137 0.742562 0.473420 -0.465705
1311870461.937506 1.986465 -1.003247 2.283395 0.084337 0.742596 0.472249 -0.467354
1311870461.969475 1.988633 -1.002026 2.281280 0.081613 0.743508 0.470081 -0.468572
1311870462.005294 1.990513 -1.004383 2.281292 0.079429 0.745584 0.468370 -0.467360
1311870462.037457 1.991982 -1.007079 2.282612 0.078432 0.747916 0.465967 -0.466202
1311870462.069279 1.991715 -1.011359 2.282974 0.077590 0.750393 0.462918 -0.465400
1311870462.105410 1.991955 -1.015210 2.284070 0.076055 0.752993 0.459777 -0.464568
1311870462.137337 1.991148 -1.019899 2.284905 0.074116 0.755952 0.456235 -0.463566
1311870462.169559 1.990795 -1.025456 2.286633 0.072106 0.758759 0.452696 -0.462765
1311870462.205313 1.989155 -1.030170 2.288705 0.070405 0.761574 0.448633 -0.462360
1311870462.237343 1.986253 -1.034962 2.289375 0.068789 0.764492 0.444404 -0.461872
1311870462.273364 1.985739 -1.038200 2.291894 0.065387 0.768416 0.439774 -0.460282
1311870462.305341 1.984740 -1.043724 2.294981 0.063345 0.771966 0.435997 -0.458218
1311870462.337274 1.983675 -1.049443 2.298426 0.061692 0.775236 0.432548 -0.456185
1311870462.373322 1.981562 -1.055780 2.301021 0.059654 0.777890 0.430539 -0.453833
1311870462.405402 1.977451 -1.061197 2.304310 0.056442 0.780668 0.428717 -0.451191
1311870462.437353 1.974819 -1.067122 2.306738 0.052641 0.783477 0.426571 -0.448810
1311870462.473328 1.972587 -1.072563 2.309138 0.049114 0.786440 0.424013 -0.446445
1311870462.505502 1.970618 -1.077896 2.311605 0.045724 0.789623 0.421106 -0.443931
1311870462.537628 1.970627 -1.082052 2.314017 0.042369 0.792844 0.418273 -0.441194
1311870462.573482 1.971817 -1.084631 2.316252 0.039956 0.795816 0.416309 -0.437913
1311870462.605454 1.970424 -1.087754 2.318079 0.038107 0.798722 0.415749 -0.433295
1311870462.637336 1.969864 -1.091470 2.319823 0.035680 0.801769 0.415513 -0.428068
1311870462.673488 1.966463 -1.095791 2.322572 0.033455 0.805043 0.415042 -0.422524
1311870462.705300 1.966982 -1.098245 2.323912 0.031201 0.808468 0.413129 -0.418007
1311870462.737400 1.970299 -1.101209 2.324851 0.030736 0.811922 0.411306 -0.413117
1311870462.773480 1.971112 -1.101789 2.325930 0.030999 0.815564 0.410404 -0.406772
1311870462.805607 1.970805 -1.104800 2.325983 0.031522 0.818813 0.410589 -0.399960
1311870462.837434 1.968378 -1.106017 2.327889 0.031515 0.822456 0.409754 -0.393287
1311870462.873367 1.969126 -1.106251 2.330341 0.030947 0.825816 0.408747 -0.387293
1311870462.937692 1.973071 -1.108844 2.327694 0.030884 0.831149 0.408967 -0.375477
1311870462.973378 1.974717 -1.107403 2.328779 0.030493 0.834696 0.408123 -0.368495
1311870463.005372 1.976112 -1.106026 2.328960 0.030005 0.837920 0.408122 -0.361146
1311870463.037653 1.979687 -1.106165 2.325694 0.030013 0.840521 0.408263 -0.354889
1311870463.073557 1.981038 -1.106966 2.325894 0.030145 0.843982 0.407732 -0.347190
1311870463.105531 1.981826 -1.104802 2.327926 0.030477 0.847093 0.407799 -0.339418
1311870463.137561 1.983910 -1.102885 2.325248 0.031202 0.849411 0.408059 -0.333190
1311870463.173458 1.988390 -1.105238 2.321586 0.031565 0.851445 0.409233 -0.326454
1311870463.205609 1.992899 -1.097053 2.316913 0.029919 0.853872 0.409442 -0.319945
1311870463.237420 1.993660 -1.097480 2.315331 0.029944 0.856335 0.410516 -0.311881
1311870463.273543 1.998419 -1.094889 2.314225 0.029863 0.858683 0.410467 -0.305432
1311870463.305619 2.002798 -1.092674 2.311184 0.029922 0.860198 0.411471 -0.299760
1311870463.337571 2.009592 -1.089867 2.305831 0.030680 0.861493 0.412252 -0.294849
1311870463.373561 2.014764 -1.087470 2.302242 0.031298 0.862911 0.413704 -0.288539
1311870463.405637 2.018580 -1.086704 2.298354 0.029884 0.864047 0.416115 -0.281740
1311870463.437442 2.028001 -1.086111 2.291896 0.027295 0.864132 0.418280 -0.278519
1311870463.473511 2.031221 -1.084055 2.286807 0.025088 0.864628 0.418868 -0.276294
1311870463.505376 2.042056 -1.081679 2.282157 0.022458 0.865065 0.419004 -0.274944
1311870463.537573 2.050382 -1.078790 2.276077 0.020826 0.865261 0.420392 -0.272325
1311870463.573593 2.059883 -1.073983 2.270666 0.020320 0.865962 0.420831 -0.269440
1311870463.605460 2.068908 -1.071470 2.265780 0.022467 0.866761 0.421085 -0.266285
1311870463.637467 2.077509 -1.069644 2.261924 0.024242 0.867378 0.422056 -0.262557
1311870463.673471 2.082889 -1.067572 2.257604 0.025559 0.867685 0.423416 -0.259207
1311870463.705442 2.088838 -1.066306 2.253370 0.025842 0.867836 0.424318 -0.257189
1311870463.737499 2.095288 -1.063117 2.249596 0.025258 0.867865 0.424917 -0.256158
1311870463.773528 2.104735 -1.059698 2.246158 0.024980 0.867756 0.425632 -0.255367
1311870463.805393 2.112618 -1.056989 2.242354 0.026448 0.867483 0.426955 -0.253934
1311870463.837576 2.117882 -1.054707 2.237976 0.027464 0.867399 0.428308 -0.251828
1311870463.873465 2.120107 -1.050295 2.237460 0.027707 0.867326 0.429516 -0.249988
1311870463.905382 2.124004 -1.052111 2.236453 0.028522 0.866468 0.430926 -0.250444
1311870463.937586 2.129109 -1.050873 2.236200 0.028832 0.865644 0.431418 -0.252404
1311870463.973412 2.132955 -1.048300 2.235227 0.029734 0.864461 0.432399 -0.254663
1311870464.005440 2.138666 -1.048782 2.234317 0.030899 0.863326 0.433323 -0.256795
1311870464.037653 2.139374 -1.045731 2.234815 0.032193 0.862249 0.434131 -0.258884
1311870464.073667 2.141356 -1.042678 2.234188 0.032661 0.860962 0.434864 -0.261862
1311870464.105417 2.144389 -1.039800 2.233550 0.032438 0.859390 0.436268 -0.264703
1311870464.137620 2.146330 -1.038453 2.232763 0.032720 0.858058 0.437407 -0.267098
1311870464.173501 2.149606 -1.036704 2.233317 0.033131 0.856765 0.438367 -0.269611
1311870464.205526 2.151097 -1.035133 2.232621 0.034323 0.855352 0.439473 -0.272136
1311870464.237403 2.154555 -1.033833 2.231562 0.034805 0.854183 0.440242 -0.274493
1311870464.273633 2.157447 -1.031537 2.232028 0.034455 0.853391 0.441010 -0.275768
1311870464.305449 2.159342 -1.029395 2.232880 0.034319 0.852280 0.442327 -0.277106
1311870464.337856 2.163105 -1.027613 2.232389 0.033552 0.851139 0.443717 -0.278482
1311870464.373516 2.169685 -1.025103 2.233051 0.033604 0.849966 0.445556 -0.279120
1311870464.405534 2.171515 -1.022842 2.231602 0.034357 0.848651 0.448222 -0.278761
1311870464.437721 2.174062 -1.022302 2.229171 0.036003 0.848484 0.448747 -0.278219
1311870464.473642 2.178443 -1.018723 2.231270 0.036839 0.848795 0.448993 -0.276758
1311870464.505457 2.178422 -1.015028 2.232387 0.037462 0.847955 0.451333 -0.275440
1311870464.537663 2.176571 -1.013902 2.232898 0.037428 0.846480 0.453894 -0.275774
1311870464.573666 2.176744 -1.013237 2.233713 0.036050 0.844737 0.456183 -0.277520
1311870464.605511 2.177682 -1.011377 2.233498 0.034513 0.842624 0.458332 -0.280581
1311870464.637486 2.180991 -1.010718 2.233720 0.034373 0.840770 0.459560 -0.284128
1311870464.673648 2.181850 -1.003286 2.232133 0.034900 0.838978 0.460568 -0.287708
1311870464.705497 2.182111 -1.003127 2.232153 0.036899 0.837538 0.461719 -0.289800
1311870464.737546 2.183764 -1.001787 2.232802 0.037876 0.836752 0.462343 -0.290948
1311870464.773647 2.187225 -1.001539 2.232104 0.039864 0.835841 0.463219 -0.291905
1311870464.805505 2.189685 -0.999845 2.233451 0.042202 0.835972 0.463052 -0.291466
1311870464.837646 2.192672 -0.995949 2.236684 0.043884 0.835592 0.463934 -0.290904
1311870464.873634 2.191248 -0.992699 2.237787 0.045893 0.834408 0.465733 -0.291119
1311870464.905420 2.190812 -0.989337 2.239792 0.047022 0.833413 0.466869 -0.291967
1311870464.937591 2.190528 -0.986865 2.241285 0.047399 0.832152 0.468393 -0.293060
1311870464.973700 2.191137 -0.985325 2.243352 0.048049 0.830736 0.469901 -0.294555
1311870465.005480 2.193805 -0.985430 2.245095 0.050023 0.829388 0.471277 -0.295824
1311870465.037669 2.197125 -0.986433 2.245338 0.052728 0.828200 0.472896 -0.296097
1311870465.073642 2.196033 -0.986883 2.245949 0.055406 0.827908 0.474148 -0.294418
1311870465.105525 2.196076 -0.984826 2.249695 0.056729 0.828007 0.474629 -0.293110
1311870465.137686 2.194268 -0.981717 2.253824 0.057812 0.828037 0.474891 -0.292389
1311870465.173751 2.191290 -0.967998 2.257520 0.056762 0.828051 0.474823 -0.292663
1311870465.205513 2.191649 -0.967413 2.259835 0.057900 0.827534 0.475961 -0.292055
1311870465.237546 2.192584 -0.965243 2.262995 0.058036 0.826817 0.477847 -0.290977
1311870465.273657 2.190875 -0.961039 2.266248 0.059463 0.825311 0.479982 -0.291450
1311870465.305695 2.190953 -0.960228 2.267412 0.061256 0.823375 0.482203 -0.292884
1311870465.337585 2.192429 -0.957239 2.270248 0.061803 0.821681 0.484645 -0.293495
1311870465.373730 2.190413 -0.952170 2.273528 0.062859 0.819783 0.487295 -0.294190
1311870465.405623 2.188522 -0.948801 2.277599 0.064331 0.818110 0.488900 -0.295861
1311870465.437662 2.186893 -0.938245 2.280507 0.066054 0.816861 0.489521 -0.297899
1311870465.473801 2.187864 -0.936078 2.282283 0.068182 0.814638 0.492582 -0.298462
1311870465.505731 2.189751 -0.935040 2.283855 0.070887 0.812550 0.495490 -0.298709
1311870465.537650 2.192318 -0.933180 2.285690 0.073934 0.810580 0.498463 -0.298375
1311870465.573630 2.193102 -0.929486 2.288614 0.077078 0.809083 0.500825 -0.297687
1311870465.605756 2.193226 -0.926360 2.291327 0.080085 0.807393 0.503436 -0.297077
1311870465.637540 2.195884 -0.921091 2.295193 0.080634 0.806247 0.505737 -0.296131
1311870465.673759 2.190290 -0.917723 2.295361 0.083208 0.804296 0.509056 -0.295036
1311870465.705660 2.191881 -0.917072 2.294250 0.084960 0.802001 0.511953 -0.295773
1311870465.737703 2.197934 -0.919655 2.294969 0.086307 0.799921 0.514724 -0.296203
1311870465.773760 2.198564 -0.918784 2.294390 0.087982 0.797969 0.517164 -0.296727
1311870465.805602 2.203445 -0.912543 2.296314 0.088362 0.797211 0.517168 -0.298638
1311870465.837767 2.201172 -0.909234 2.297822 0.090050 0.796126 0.518184 -0.299266
1311870465.873479 2.198867 -0.907052 2.298941 0.090825 0.795407 0.518595 -0.300228
1311870465.905564 2.198989 -0.905653 2.300486 0.090985 0.794637 0.518997 -0.301523
1311870465.937618 2.198267 -0.903981 2.301894 0.091919 0.793755 0.519283 -0.303065
1311870465.973641 2.197049 -0.903881 2.304061 0.093047 0.793429 0.519066 -0.303946
1311870466.005626 2.198746 -0.904013 2.303236 0.093329 0.792777 0.519725 -0.304433
1311870466.037751 2.195654 -0.901358 2.303066 0.093659 0.792626 0.519743 -0.304694
1311870466.073766 2.193054 -0.900284 2.302959 0.093265 0.792839 0.519032 -0.305475
1311870466.105774 2.190643 -0.898812 2.302669 0.091447 0.793087 0.518382 -0.306480
1311870466.137755 2.188986 -0.900300 2.302802 0.091330 0.793674 0.517232 -0.306938
1311870466.173850 2.186951 -0.900746 2.301853 0.091037 0.794561 0.515740 -0.307243
1311870466.205688 2.184903 -0.902791 2.302144 0.089910 0.795819 0.514453 -0.306474
1311870466.237789 2.190121 -0.913092 2.292176 0.090992 0.795091 0.514080 -0.308664
1311870466.273741 2.191729 -0.915156 2.290696 0.089226 0.796127 0.512297 -0.309472
1311870466.305774 2.194265 -0.917364 2.289024 0.086883 0.797369 0.510459 -0.309977
1311870466.337732 2.197047 -0.920054 2.286523 0.085404 0.798531 0.508637 -0.310392
1311870466.373759 2.183465 -0.911568 2.294233 0.082653 0.801796 0.505998 -0.307014
1311870466.405686 2.188112 -0.914702 2.292769 0.081118 0.802925 0.504387 -0.307124
1311870466.437684 2.185965 -0.915463 2.291541 0.080473 0.803759 0.503239 -0.306997
1311870466.473768 2.185061 -0.917081 2.290572 0.079429 0.804884 0.501241 -0.307588
1311870466.505618 2.183025 -0.918477 2.289896 0.078022 0.806050 0.499731 -0.307350
1311870466.537708 2.186526 -0.921325 2.286648 0.076620 0.806698 0.498353 -0.308238
1311870466.573767 2.188969 -0.922622 2.283627 0.075474 0.807279 0.496833 -0.309452
1311870466.605669 2.185926 -0.924505 2.282673 0.075143 0.808533 0.494960 -0.309261
1311870466.638080 2.183472 -0.925717 2.280815 0.074305 0.809657 0.492968 -0.309705
1311870466.673856 2.185766 -0.927766 2.279350 0.073098 0.810672 0.490511 -0.311233
1311870466.705750 2.185326 -0.930588 2.277004 0.073169 0.811391 0.488080 -0.313161
1311870466.737750 2.182830 -0.933031 2.274753 0.072887 0.812600 0.485382 -0.314283
1311870466.773742 2.183302 -0.935428 2.272589 0.071527 0.813682 0.483285 -0.315025
1311870466.805714 2.182196 -0.937572 2.271246 0.070295 0.814590 0.481358 -0.315905
1311870466.837615 2.179817 -0.940890 2.269378 0.069181 0.815518 0.479094 -0.317196
1311870466.873851 2.177156 -0.944033 2.267241 0.067994 0.816442 0.476736 -0.318627
1311870466.905802 2.173120 -0.947922 2.265370 0.067048 0.817893 0.473875 -0.319372
1311870466.937840 2.171005 -0.940859 2.267491 0.064404 0.820747 0.468280 -0.320843
1311870466.973674 2.172296 -0.930411 2.267980 0.059612 0.823450 0.462650 -0.323003
1311870467.005618 2.169399 -0.926536 2.271270 0.055196 0.825692 0.459099 -0.323132
1311870467.037827 2.174136 -0.927230 2.268176 0.051598 0.826763 0.455488 -0.326085
1311870467.073579 2.182038 -0.930641 2.264475 0.049274 0.827391 0.452514 -0.328978
1311870467.105863 2.194440 -0.932603 2.258281 0.045972 0.827503 0.449805 -0.332867
1311870467.137745 2.203793 -0.939997 2.252690 0.045757 0.827407 0.447313 -0.336475
1311870467.173666 2.202589 -0.942092 2.252509 0.045745 0.828185 0.444329 -0.338510
1311870467.206011 2.202688 -0.945131 2.252208 0.045794 0.828653 0.441844 -0.340604
1311870467.237767 2.200972 -0.946340 2.251508 0.046329 0.829094 0.439228 -0.342834
1311870467.273716 2.200420 -0.948698 2.250464 0.046209 0.829580 0.437242 -0.344210
1311870467.305577 2.197800 -0.951969 2.250307 0.046507 0.830293 0.435266 -0.344955
1311870467.337760 2.199224 -0.954064 2.248985 0.046544 0.831076 0.432607 -0.346407
1311870467.373747 2.199244 -0.954961 2.248572 0.046958 0.831837 0.430704 -0.346896
1311870467.406028 2.198813 -0.956590 2.249356 0.046807 0.832698 0.429186 -0.346732
1311870467.438051 2.195803 -0.958963 2.249557 0.047179 0.833122 0.427794 -0.347382
1311870467.473799 2.195748 -0.961772 2.247791 0.046447 0.833466 0.426159 -0.348661
1311870467.505738 2.195111 -0.963396 2.247673 0.045316 0.833988 0.424815 -0.349204
1311870467.537874 2.194735 -0.965675 2.247066 0.044746 0.834676 0.422803 -0.350072
1311870467.573878 2.196544 -0.967889 2.247262 0.044452 0.834976 0.421447 -0.351029
1311870467.605580 2.194167 -0.969017 2.246357 0.044866 0.835211 0.420065 -0.352072
1311870467.637908 2.193826 -0.970476 2.246160 0.044626 0.835661 0.418258 -0.353185
1311870467.673677 2.193286 -0.971488 2.245082 0.044559 0.836004 0.416565 -0.354380
1311870467.705961 2.194534 -0.972245 2.245482 0.044235 0.836289 0.415395 -0.355120
1311870467.737745 2.192682 -0.972834 2.244381 0.044600 0.836205 0.414586 -0.356218
1311870467.773820 2.191467 -0.973453 2.243352 0.044626 0.836551 0.413021 -0.357217
1311870467.805775 2.191676 -0.973818 2.241795 0.044108 0.837053 0.411730 -0.357597
1311870467.837700 2.192305 -0.974665 2.241659 0.043315 0.837654 0.411035 -0.357085
1311870467.873894 2.192640 -0.975324 2.241378 0.043431 0.837885 0.410375 -0.357288
1311870467.905737 2.191071 -0.977484 2.239467 0.044040 0.838011 0.409728 -0.357660
1311870467.937817 2.191165 -0.978315 2.239161 0.042715 0.838304 0.409335 -0.357584
1311870467.973800 2.190888 -0.979330 2.239308 0.041156 0.838237 0.409092 -0.358201
1311870468.005850 2.190518 -0.979423 2.238651 0.040416 0.838079 0.408373 -0.359474
1311870468.037862 2.190358 -0.979687 2.236776 0.041399 0.838184 0.407079 -0.360582
1311870468.073908 2.191221 -0.980029 2.235968 0.041746 0.838643 0.406467 -0.360168
1311870468.105641 2.190142 -0.982544 2.234899 0.042167 0.838963 0.406461 -0.359377
1311870468.137855 2.188621 -0.984014 2.234126 0.041842 0.839550 0.405175 -0.359496
1311870468.173648 2.189040 -0.985191 2.234211 0.041313 0.839865 0.403902 -0.360254
1311870468.205790 2.188809 -0.986078 2.232485 0.041264 0.840161 0.402680 -0.360937
1311870468.237732 2.190341 -0.986526 2.232511 0.040666 0.840565 0.402080 -0.360735
1311870468.274988 2.188673 -0.986826 2.231612 0.040843 0.840896 0.401601 -0.360474
1311870468.305723 2.189100 -0.987990 2.230415 0.040610 0.841504 0.400715 -0.360067
1311870468.337724 2.189408 -0.988276 2.230227 0.038752 0.842285 0.400335 -0.358870
1311870468.373701 2.189496 -0.989106 2.230306 0.037216 0.842684 0.400104 -0.358351
1311870468.405642 2.189503 -0.990983 2.229544 0.037085 0.843174 0.398673 -0.358805
1311870468.437918 2.190972 -0.991701 2.229827 0.036965 0.843594 0.397627 -0.358992
1311870468.473795 2.190290 -0.991720 2.229889 0.037282 0.843660 0.397345 -0.359118
1311870468.505768 2.189934 -0.991786 2.229722 0.037234 0.843727 0.397189 -0.359138
1311870468.537953 2.188495 -0.992212 2.228742 0.036669 0.843878 0.397073 -0.358969
1311870468.573925 2.189677 -0.992433 2.229105 0.035427 0.844414 0.396410 -0.358566
1311870468.605719 2.189840 -0.991710 2.229117 0.034506 0.844680 0.396514 -0.357913
1311870468.637766 2.190762 -0.991033 2.228852 0.033853 0.844749 0.397007 -0.357266
1311870468.673952 2.190064 -0.990280 2.227383 0.034270 0.844687 0.397480 -0.356846
1311870468.705990 2.190537 -0.991665 2.226140 0.034692 0.844940 0.397848 -0.355794
1311870468.737744 2.189304 -0.992729 2.226080 0.034896 0.845414 0.397672 -0.354844
1311870468.773870 2.188735 -0.993068 2.225635 0.034094 0.845915 0.397025 -0.354453
1311870468.805834 2.189187 -0.993908 2.225265 0.033096 0.846394 0.396291 -0.354224
1311870468.837762 2.190414 -0.993930 2.224649 0.032325 0.846996 0.395192 -0.354084
1311870468.874037 2.192208 -0.993634 2.225457 0.031915 0.847445 0.394830 -0.353452
1311870468.905802 2.190963 -0.994120 2.225615 0.031971 0.847653 0.394930 -0.352835
1311870468.937803 2.190840 -0.994253 2.226404 0.031913 0.847770 0.394481 -0.353061
1311870468.973989 2.191095 -0.994485 2.226802 0.032016 0.847587 0.394362 -0.353625
1311870469.005857 2.190679 -0.994636 2.226449 0.032255 0.847546 0.394135 -0.353953
1311870469.037788 2.190791 -0.994534 2.227018 0.032537 0.847698 0.393828 -0.353906
1311870469.073878 2.190187 -0.994592 2.227242 0.032973 0.847891 0.393552 -0.353709
1311870469.105791 2.190647 -0.994546 2.228165 0.032879 0.847934 0.393820 -0.353316
1311870469.137885 2.189043 -0.994851 2.227361 0.032886 0.847861 0.393992 -0.353299
1311870469.173755 2.188450 -0.994924 2.227255 0.032439 0.848088 0.393632 -0.353199
1311870469.205815 2.189548 -0.996048 2.227394 0.032403 0.848448 0.392883 -0.353169
1311870469.237980 2.189298 -0.996488 2.227310 0.032468 0.848755 0.392397 -0.352967
1311870469.273915 2.189364 -0.997407 2.227466 0.032280 0.849120 0.391690 -0.352892
1311870469.305865 2.189873 -0.996944 2.227957 0.031894 0.849277 0.391177 -0.353118
1311870469.337882 2.190138 -0.997209 2.226585 0.031833 0.849257 0.390961 -0.353410
1311870469.373779 2.191680 -0.997151 2.226263 0.031229 0.849558 0.390917 -0.352790
1311870469.405771 2.192669 -0.996216 2.226138 0.030791 0.849803 0.391262 -0.351852
1311870469.437777 2.194150 -0.995026 2.226982 0.031108 0.849874 0.391710 -0.351156
1311870469.473956 2.192505 -0.995028 2.225930 0.031849 0.849821 0.392187 -0.350683
1311870469.505924 2.192685 -0.994379 2.227178 0.031063 0.850153 0.392147 -0.349994
1311870469.538028 2.193167 -0.993950 2.227465 0.030734 0.849788 0.392768 -0.350213
1311870469.573828 2.193270 -0.993491 2.227540 0.031535 0.849447 0.392796 -0.350938
1311870469.605806 2.193405 -0.993436 2.227012 0.031952 0.849165 0.393253 -0.351068
1311870469.637782 2.193289 -0.993360 2.226875 0.031413 0.849068 0.393944 -0.350577
1311870469.673780 2.193105 -0.992965 2.227467 0.030933 0.849036 0.394102 -0.350519
1311870469.706012 2.193217 -0.992554 2.227498 0.030555 0.848850 0.394300 -0.350782
1311870469.737843 2.192838 -0.992371 2.227547 0.030486 0.848681 0.394548 -0.350917
1311870469.773750 2.193374 -0.992728 2.227179 0.030444 0.848473 0.394812 -0.351126
1311870469.805778 2.192484 -0.992349 2.227260 0.030560 0.848429 0.394920 -0.351101
1311870469.837821 2.193021 -0.992048 2.227764 0.030469 0.848436 0.394779 -0.351252
1311870469.873871 2.193495 -0.991731 2.227304 0.030279 0.848329 0.395095 -0.351171
1311870469.905750 2.192744 -0.991393 2.227578 0.029864 0.848322 0.395549 -0.350712
1311870469.937943 2.192455 -0.991047 2.227808 0.029333 0.848232 0.395732 -0.350769
1311870469.973965 2.193520 -0.990970 2.228770 0.029114 0.848103 0.395732 -0.351099
1311870470.005752 2.193667 -0.990870 2.228597 0.029796 0.847823 0.395830 -0.351607
1311870470.037917 2.193898 -0.990490 2.228427 0.029866 0.847809 0.395977 -0.351470
1311870470.073731 2.193046 -0.990276 2.229334 0.029566 0.847755 0.396415 -0.351129
1311870470.105880 2.192782 -0.990132 2.229920 0.029041 0.847564 0.396626 -0.351398
1311870470.137925 2.193238 -0.989416 2.230434 0.028591 0.847259 0.397090 -0.351645
1311870470.174381 2.194111 -0.989627 2.229804 0.028878 0.846934 0.397530 -0.351908
1311870470.205867 2.194780 -0.988748 2.230476 0.029177 0.846847 0.398025 -0.351532
1311870470.237895 2.193125 -0.988753 2.231065 0.029727 0.846659 0.398761 -0.351104
1311870470.273994 2.191857 -0.989214 2.230709 0.029819 0.846434 0.398935 -0.351442
1311870470.305986 2.192153 -0.988602 2.231159 0.029353 0.846261 0.398955 -0.351875
1311870470.337728 2.192380 -0.988831 2.230782 0.029501 0.846114 0.398921 -0.352253
1311870470.373945 2.193162 -0.988369 2.230624 0.029724 0.846197 0.398756 -0.352222
1311870470.405805 2.193520 -0.988240 2.230293 0.030185 0.846245 0.398880 -0.351928
1311870470.437840 2.193144 -0.987811 2.230318 0.030120 0.846390 0.399174 -0.351249
1311870470.474179 2.192785 -0.987562 2.230950 0.029528 0.846402 0.399615 -0.350769
1311870470.505829 2.193173 -0.987306 2.230712 0.029201 0.846286 0.399507 -0.351200
1311870470.538218 2.195129 -0.986898 2.230732 0.029231 0.846098 0.399738 -0.351389
1311870470.573867 2.194367 -0.986750 2.230069 0.029716 0.845997 0.400203 -0.351060
1311870470.605821 2.194774 -0.986577 2.230111 0.030001 0.846230 0.399943 -0.350770
1311870470.638024 2.195148 -0.986802 2.230191 0.030351 0.846389 0.399801 -0.350518
1311870470.673873 2.195059 -0.986648 2.230034 0.030284 0.846582 0.399634 -0.350249
1311870470.705826 2.195759 -0.986533 2.230921 0.029971 0.846705 0.399531 -0.350097
1311870470.738011 2.195739 -0.986371 2.231070 0.030239 0.846543 0.399603 -0.350382
1311870470.773871 2.195413 -0.986031 2.231035 0.030476 0.846411 0.399680 -0.350593
1311870470.805957 2.195162 -0.985810 2.230868 0.030338 0.846228 0.399978 -0.350707
1311870470.838079 2.194922 -0.985815 2.231206 0.030068 0.846126 0.400104 -0.350832
1311870470.873905 2.194673 -0.985635 2.231709 0.029960 0.846048 0.400046 -0.351097
1311870470.905869 2.195219 -0.985767 2.231858 0.030143 0.846002 0.399898 -0.351360
1311870470.937927 2.194888 -0.985288 2.232224 0.030504 0.845990 0.399795 -0.351474
1311870470.973873 2.195108 -0.985579 2.232494 0.030810 0.845905 0.399715 -0.351744
1311870471.005925 2.194968 -0.985733 2.232699 0.031310 0.845693 0.399823 -0.352087
1311870471.037976 2.194562 -0.985442 2.232433 0.031635 0.845634 0.399655 -0.352389
1311870471.073810 2.194937 -0.985586 2.232798 0.031424 0.845501 0.400075 -0.352250
1311870471.106003 2.193963 -0.985914 2.232246 0.031402 0.845355 0.400375 -0.352261
1311870471.138021 2.194410 -0.985827 2.232256 0.031238 0.845565 0.399829 -0.352394
1311870471.174023 2.194312 -0.986047 2.232438 0.030851 0.845720 0.399812 -0.352074
1311870471.205874 2.195057 -0.986828 2.232642 0.030431 0.845863 0.399641 -0.351962
1311870471.238040 2.194999 -0.987086 2.232926 0.030633 0.845895 0.399383 -0.352160
1311870471.273910 2.194278 -0.987662 2.232933 0.030903 0.845972 0.399045 -0.352333
1311870471.305871 2.194380 -0.988005 2.233556 0.030587 0.846050 0.398644 -0.352629
1311870471.337865 2.194221 -0.987759 2.233504 0.030591 0.845995 0.398194 -0.353267
1311870471.373855 2.194802 -0.988033 2.233175 0.030566 0.846064 0.397821 -0.353525
1311870471.405985 2.195294 -0.987514 2.233826 0.030272 0.846097 0.398015 -0.353253
1311870471.441920 2.195126 -0.987608 2.233855 0.030157 0.845900 0.398551 -0.353129
1311870471.473870 2.195202 -0.987335 2.234372 0.030241 0.845669 0.398883 -0.353301
1311870471.505831 2.195054 -0.987564 2.234317 0.030707 0.845351 0.399005 -0.353884
1311870471.542028 2.194971 -0.987121 2.234075 0.031168 0.845187 0.398943 -0.354304
1311870471.574014 2.193900 -0.987458 2.233662 0.031475 0.845124 0.398843 -0.354540
1311870471.605987 2.194457 -0.988264 2.233848 0.031129 0.845264 0.398448 -0.354681
1311870471.641978 2.193669 -0.989084 2.233809 0.030966 0.845255 0.398173 -0.355026
1311870471.674011 2.193945 -0.989089 2.234515 0.030589 0.845188 0.397667 -0.355786
1311870471.706195 2.193572 -0.989986 2.233926 0.031012 0.845015 0.397064 -0.356831
1311870471.742044 2.193726 -0.989649 2.233750 0.031052 0.845142 0.396012 -0.357694
1311870471.773909 2.193100 -0.989854 2.232845 0.031251 0.845128 0.395314 -0.358480
1311870471.805901 2.193111 -0.990457 2.233309 0.031022 0.845085 0.394739 -0.359235
1311870471.841988 2.192272 -0.990232 2.231788 0.030767 0.844794 0.394061 -0.360683
1311870471.874024 2.193787 -0.989533 2.230707 0.029973 0.844801 0.393262 -0.361605
1311870471.905983 2.195198 -0.988775 2.229762 0.029522 0.844853 0.393030 -0.361772
1311870471.942156 2.195966 -0.988092 2.228731 0.029356 0.845005 0.392978 -0.361486
1311870471.973865 2.196942 -0.987923 2.228571 0.028724 0.845097 0.393410 -0.360852
1311870472.006101 2.197064 -0.988125 2.228053 0.027817 0.844994 0.393955 -0.360570
1311870472.042094 2.197313 -0.987513 2.228264 0.026949 0.844776 0.394208 -0.360870
1311870472.074034 2.197219 -0.986288 2.227061 0.027387 0.844245 0.394049 -0.362252
1311870472.105974 2.197377 -0.985891 2.225287 0.028953 0.843877 0.393397 -0.363692
1311870472.142241 2.198695 -0.984589 2.225136 0.029733 0.843596 0.393382 -0.364296
1311870472.174085 2.197071 -0.984012 2.223573 0.030438 0.842947 0.394237 -0.364815
1311870472.205977 2.197921 -0.983131 2.221564 0.030539 0.842732 0.393961 -0.365602
1311870472.241992 2.199239 -0.982241 2.219908 0.029990 0.842895 0.393796 -0.365449
1311870472.274142 2.200300 -0.980571 2.219153 0.028992 0.843059 0.394076 -0.364850
1311870472.305946 2.201067 -0.980410 2.217712 0.029288 0.843032 0.393802 -0.365183
1311870472.341965 2.202375 -0.979144 2.216696 0.029949 0.842994 0.393100 -0.365973
1311870472.373998 2.203078 -0.978256 2.214874 0.030241 0.842697 0.393340 -0.366375
1311870472.406004 2.202777 -0.978285 2.212784 0.029786 0.842510 0.393335 -0.366847
1311870472.442046 2.205796 -0.977451 2.210898 0.028493 0.842519 0.392759 -0.367546
1311870472.473942 2.206822 -0.976882 2.208213 0.028216 0.842488 0.392360 -0.368065
1311870472.506007 2.210454 -0.975476 2.206735 0.027517 0.842699 0.391791 -0.368242
1311870472.542128 2.210708 -0.974883 2.204750 0.027700 0.842416 0.392024 -0.368626
1311870472.573975 2.212557 -0.973661 2.202555 0.027794 0.842326 0.391257 -0.369639
1311870472.605983 2.214457 -0.972588 2.200120 0.028154 0.842074 0.391019 -0.370436
1311870472.642166 2.215565 -0.972221 2.197336 0.028552 0.841839 0.390597 -0.371384
1311870472.673968 2.217400 -0.971593 2.194478 0.028477 0.841857 0.389557 -0.372440
1311870472.705964 2.220067 -0.970067 2.193037 0.027411 0.841830 0.388902 -0.373263
1311870472.742010 2.221540 -0.969664 2.191388 0.026592 0.841253 0.388750 -0.374781
1311870472.774092 2.224416 -0.967147 2.188815 0.026199 0.840550 0.387709 -0.377453
1311870472.805994 2.228116 -0.964425 2.184159 0.026866 0.839801 0.387444 -0.379342
1311870472.841981 2.231366 -0.962134 2.180794 0.028134 0.839645 0.387690 -0.379343
1311870472.874143 2.233837 -0.960712 2.177843 0.029523 0.839460 0.388318 -0.379004
1311870472.905960 2.233984 -0.959683 2.173620 0.029686 0.839329 0.388646 -0.378946
1311870472.941944 2.237453 -0.958292 2.170168 0.027885 0.839565 0.388480 -0.378729
1311870472.974144 2.243026 -0.955901 2.167052 0.026875 0.839684 0.388248 -0.378778
1311870473.006149 2.248168 -0.953059 2.163775 0.028158 0.839958 0.387624 -0.378715
1311870473.042100 2.249145 -0.951607 2.160288 0.030174 0.840150 0.387790 -0.377965
1311870473.073930 2.251138 -0.949575 2.158139 0.030480 0.840327 0.387992 -0.377337
1311870473.106027 2.252721 -0.947924 2.156207 0.030264 0.839854 0.388849 -0.377526
1311870473.142260 2.252732 -0.946377 2.152021 0.029969 0.839196 0.389309 -0.378538
1311870473.174040 2.255217 -0.943740 2.148690 0.028558 0.839258 0.389408 -0.378407
1311870473.206150 2.256043 -0.941733 2.146785 0.027002 0.839246 0.390460 -0.377462
1311870473.242252 2.256475 -0.940067 2.144532 0.025565 0.839002 0.391366 -0.377168
1311870473.274500 2.256743 -0.938005 2.143604 0.024239 0.838516 0.392375 -0.377287
1311870473.306261 2.256129 -0.936412 2.142401 0.024523 0.837886 0.392725 -0.378302
1311870473.342424 2.253454 -0.935178 2.140380 0.026418 0.837299 0.392729 -0.379469
1311870473.374112 2.251536 -0.933012 2.139653 0.027650 0.836984 0.392656 -0.380151
1311870473.406080 2.246326 -0.931547 2.137226 0.029106 0.836283 0.393505 -0.380705
1311870473.442154 2.243418 -0.929532 2.135694 0.029290 0.835893 0.394007 -0.381030
1311870473.474610 2.237177 -0.927919 2.132949 0.028722 0.835295 0.395046 -0.381308
1311870473.506409 2.233295 -0.925727 2.130746 0.027123 0.835118 0.395348 -0.381499
1311870473.542189 2.230936 -0.923147 2.128322 0.026718 0.835202 0.395085 -0.381617
1311870473.574202 2.226145 -0.921276 2.125463 0.028189 0.835492 0.394648 -0.381328
1311870473.606498 2.221062 -0.918909 2.122387 0.029368 0.836323 0.393794 -0.380300
1311870473.642118 2.215985 -0.916698 2.120615 0.030335 0.837194 0.393377 -0.378736
1311870473.674176 2.209568 -0.915362 2.118203 0.031924 0.837686 0.393147 -0.377755
1311870473.706403 2.198854 -0.916476 2.115041 0.033797 0.838391 0.391753 -0.377476
1311870473.742268 2.189895 -0.921131 2.112663 0.033081 0.839382 0.389217 -0.377960
1311870473.774145 2.184480 -0.920891 2.111304 0.030770 0.839976 0.385778 -0.380354
1311870473.806031 2.177544 -0.919953 2.108331 0.030227 0.840579 0.381549 -0.383318
1311870473.842130 2.171570 -0.920966 2.105572 0.028753 0.841288 0.378603 -0.384796
1311870473.874175 2.164691 -0.920180 2.104446 0.025392 0.841670 0.377522 -0.385258
1311870473.906399 2.157111 -0.921305 2.100858 0.023089 0.841423 0.376761 -0.386685
1311870473.942125 2.152266 -0.919852 2.097874 0.021100 0.841637 0.374931 -0.388109
1311870473.974168 2.148228 -0.917332 2.096789 0.019558 0.841724 0.374521 -0.388397
1311870474.006237 2.142316 -0.915722 2.095283 0.019403 0.841338 0.374929 -0.388846
1311870474.042518 2.134956 -0.914286 2.091847 0.019585 0.840842 0.375514 -0.389347
1311870474.074151 2.129002 -0.914144 2.088993 0.018820 0.840886 0.375988 -0.388831
1311870474.106170 2.123283 -0.913017 2.087951 0.017413 0.841086 0.376315 -0.388146
1311870474.142204 2.117134 -0.912423 2.087174 0.016945 0.841002 0.376144 -0.388514
1311870474.174263 2.112916 -0.911418 2.085565 0.016473 0.840732 0.375744 -0.389507
1311870474.206256 2.111079 -0.908586 2.085099 0.015938 0.840236 0.376248 -0.390111
1311870474.242280 2.105712 -0.907816 2.081894 0.016706 0.839491 0.377615 -0.390363
1311870474.274712 2.100521 -0.908859 2.080053 0.016001 0.839371 0.378189 -0.390094
1311870474.306126 2.098704 -0.907534 2.079005 0.013672 0.839142 0.378234 -0.390632
1311870474.342193 2.097515 -0.905885 2.079375 0.012089 0.838609 0.378702 -0.391374
1311870474.374090 2.094357 -0.905142 2.077887 0.011197 0.837468 0.379133 -0.393420
1311870474.406066 2.095316 -0.904213 2.076276 0.009671 0.836645 0.378741 -0.395585
1311870474.442146 2.096778 -0.902222 2.075065 0.009116 0.835730 0.379226 -0.397064
1311870474.474133 2.095334 -0.901405 2.073425 0.009630 0.834886 0.379905 -0.398178
1311870474.506142 2.093077 -0.901623 2.071497 0.009350 0.834051 0.379800 -0.400030
1311870474.542326 2.094721 -0.900450 2.068946 0.008545 0.832924 0.378888 -0.403246
1311870474.574197 2.097309 -0.898656 2.066309 0.007946 0.832024 0.378197 -0.405759
1311870474.606219 2.099372 -0.896817 2.064377 0.008360 0.831213 0.377657 -0.407910
1311870474.642126 2.102127 -0.895412 2.061495 0.009190 0.830412 0.376739 -0.410366
1311870474.674124 2.106520 -0.893878 2.059042 0.010517 0.829301 0.376195 -0.413069
1311870474.706175 2.108831 -0.893215 2.054202 0.012075 0.828066 0.375819 -0.415836
1311870474.742243 2.113572 -0.890303 2.050478 0.013391 0.827059 0.375072 -0.418467
1311870474.774339 2.117165 -0.887867 2.047186 0.015563 0.825867 0.375091 -0.420724
1311870474.806161 2.119225 -0.888224 2.041496 0.017976 0.824360 0.374832 -0.423803
1311870474.842137 2.122401 -0.888420 2.037090 0.018842 0.823328 0.373766 -0.426703
1311870474.874165 2.124089 -0.890011 2.034387 0.018365 0.822381 0.372489 -0.429655
1311870474.906314 2.130373 -0.888792 2.030030 0.016818 0.821028 0.370414 -0.434077
1311870474.942309 2.136330 -0.886904 2.026063 0.016716 0.819856 0.368288 -0.438088
1311870474.974405 2.143585 -0.883125 2.021719 0.017679 0.818741 0.366591 -0.441545
1311870475.006531 2.148271 -0.881393 2.016766 0.019341 0.817667 0.366351 -0.443659
1311870475.042643 2.152994 -0.880884 2.012930 0.019868 0.816756 0.366372 -0.445293
1311870475.074124 2.157122 -0.879134 2.008440 0.020222 0.815446 0.366437 -0.447619
1311870475.106487 2.161953 -0.877971 2.004350 0.019456 0.814350 0.366628 -0.449489
1311870475.142238 2.164649 -0.877191 1.999994 0.018414 0.813203 0.366835 -0.451436
1311870475.174253 2.172331 -0.874848 1.995911 0.016879 0.812433 0.365849 -0.453676
1311870475.206435 2.177496 -0.872557 1.991492 0.017336 0.811472 0.365372 -0.455759
1311870475.242461 2.182563 -0.871628 1.988664 0.017866 0.811024 0.364580 -0.457168
1311870475.274175 2.186119 -0.870968 1.986990 0.018229 0.810249 0.364440 -0.458637
1311870475.306297 2.189396 -0.870369 1.984242 0.017815 0.809183 0.363747 -0.461078
1311870475.342286 2.194902 -0.866761 1.981923 0.016616 0.807796 0.363449 -0.463782
1311870475.374384 2.198551 -0.865104 1.977450 0.016670 0.806137 0.363634 -0.466515
1311870475.406177 2.203873 -0.862492 1.973963 0.016678 0.804868 0.363405 -0.468877
1311870475.442349 2.207940 -0.860188 1.970220 0.017274 0.803658 0.363589 -0.470785
1311870475.474159 2.212008 -0.859592 1.968026 0.017970 0.802775 0.363630 -0.472231
1311870475.506409 2.215946 -0.859105 1.964840 0.017735 0.801839 0.363812 -0.473687
1311870475.542368 2.221313 -0.857710 1.963585 0.017131 0.801172 0.363613 -0.474989
1311870475.574183 2.225989 -0.856087 1.961060 0.017159 0.800129 0.363793 -0.476606
1311870475.606225 2.231691 -0.853479 1.958066 0.017235 0.799228 0.363947 -0.477996
1311870475.642242 2.236580 -0.850908 1.956856 0.018172 0.798354 0.364817 -0.478758
1311870475.674412 2.239998 -0.850170 1.956943 0.019670 0.797315 0.365927 -0.479583
1311870475.706519 2.241372 -0.850297 1.956101 0.020463 0.795928 0.366909 -0.481100
1311870475.742323 2.244520 -0.848905 1.956581 0.019653 0.794228 0.367923 -0.483164
1311870475.774113 2.248111 -0.846678 1.956184 0.019506 0.792176 0.368706 -0.485935
1311870475.806584 2.251907 -0.845047 1.956222 0.020937 0.790286 0.369475 -0.488362
1311870475.842399 2.255408 -0.845119 1.956525 0.022573 0.788855 0.370383 -0.489914
1311870475.874665 2.257347 -0.845078 1.957580 0.022990 0.787367 0.372001 -0.491060
1311870475.907306 2.260493 -0.845510 1.959622 0.022603 0.785742 0.373381 -0.492631
1311870475.942231 2.264103 -0.844743 1.961471 0.022526 0.783981 0.374194 -0.494818
1311870475.974354 2.267419 -0.845717 1.963390 0.023081 0.783015 0.374597 -0.496015
1311870476.006524 2.270220 -0.847619 1.965298 0.022077 0.782870 0.375884 -0.495316
1311870476.042481 2.272897 -0.849639 1.969201 0.020474 0.782949 0.376684 -0.494652
1311870476.074341 2.273918 -0.851759 1.972980 0.019646 0.782555 0.376210 -0.495668
1311870476.106461 2.277006 -0.854336 1.976773 0.017985 0.782403 0.375383 -0.496598
1311870476.142192 2.280378 -0.856834 1.980861 0.016118 0.782425 0.375202 -0.496765
1311870476.175104 2.283860 -0.859395 1.985058 0.015008 0.782510 0.374857 -0.496926
1311870476.206393 2.286067 -0.861801 1.989426 0.014589 0.782746 0.374158 -0.497094
1311870476.242328 2.289027 -0.864819 1.993972 0.013377 0.783459 0.373794 -0.496277
1311870476.274227 2.293893 -0.867692 1.999760 0.012430 0.784008 0.374069 -0.495227
1311870476.306297 2.298031 -0.868621 2.007316 0.013603 0.784042 0.374184 -0.495055
1311870476.342260 2.299818 -0.870870 2.013052 0.016497 0.783410 0.375077 -0.495292
1311870476.374475 2.301864 -0.873539 2.017760 0.017262 0.782426 0.377739 -0.494797
1311870476.406491 2.300292 -0.876164 2.023216 0.017760 0.781068 0.380382 -0.494901
1311870476.442421 2.300039 -0.878033 2.028002 0.018919 0.779935 0.380181 -0.496795
1311870476.474627 2.302018 -0.878620 2.033144 0.019572 0.779512 0.379450 -0.497992
1311870476.506504 2.304908 -0.880333 2.038759 0.019847 0.779348 0.380380 -0.497528
1311870476.542440 2.305962 -0.881152 2.042949 0.020564 0.779040 0.381542 -0.497091
1311870476.574569 2.307019 -0.882020 2.046345 0.020738 0.778737 0.383022 -0.496419
1311870476.606570 2.309658 -0.882656 2.049854 0.019568 0.778367 0.385230 -0.495338
1311870476.642434 2.309860 -0.882193 2.052373 0.018998 0.777880 0.387061 -0.494698
1311870476.674440 2.312889 -0.882411 2.054821 0.019676 0.778055 0.387028 -0.494421
1311870476.706389 2.313391 -0.881576 2.057229 0.021502 0.778391 0.387236 -0.493653
1311870476.742209 2.314237 -0.882625 2.060428 0.022414 0.778974 0.388061 -0.492042
1311870476.774360 2.312941 -0.883755 2.063566 0.023145 0.779111 0.388800 -0.491208
1311870476.806891 2.312798 -0.884642 2.065059 0.023683 0.779116 0.388302 -0.491568
1311870476.842211 2.312967 -0.885480 2.065369 0.023763 0.779120 0.388095 -0.491721
1311870476.874304 2.312935 -0.884995 2.066159 0.023168 0.779528 0.387814 -0.491324
1311870476.906567 2.314206 -0.885794 2.067471 0.023459 0.779925 0.387355 -0.491042
1311870476.942253 2.312507 -0.886645 2.067188 0.024211 0.780024 0.386858 -0.491241
1311870476.974379 2.310827 -0.888678 2.066153 0.023505 0.779831 0.386750 -0.491666
1311870477.006502 2.310262 -0.888505 2.065601 0.022283 0.779498 0.385487 -0.493241
1311870477.042467 2.312053 -0.887542 2.062837 0.021437 0.779224 0.383932 -0.494920
1311870477.074608 2.312126 -0.885243 2.059783 0.020431 0.779731 0.382831 -0.495018
1311870477.106391 2.314286 -0.885161 2.057889 0.019339 0.780585 0.382358 -0.494080
1311870477.142624 2.315822 -0.883519 2.055193 0.018510 0.780951 0.382254 -0.493614
1311870477.174420 2.316252 -0.882469 2.051644 0.018390 0.781222 0.381621 -0.493679
1311870477.206651 2.318950 -0.881571 2.049080 0.017637 0.781415 0.381826 -0.493243
1311870477.242472 2.319229 -0.879197 2.044892 0.017573 0.781424 0.381910 -0.493166
1311870477.274614 2.321485 -0.877402 2.040435 0.017721 0.781615 0.381436 -0.493225
1311870477.306562 2.322856 -0.875482 2.035094 0.017816 0.781726 0.380986 -0.493393
1311870477.342447 2.324698 -0.872232 2.027335 0.017454 0.781527 0.380390 -0.494180
1311870477.375546 2.327160 -0.871454 2.021477 0.017530 0.781542 0.379185 -0.495080
1311870477.406303 2.330238 -0.869661 2.015723 0.018611 0.781486 0.377319 -0.496552
1311870477.442535 2.332181 -0.867641 2.007536 0.019998 0.781218 0.375723 -0.498128
1311870477.474589 2.334276 -0.865584 1.999973 0.020884 0.781209 0.373808 -0.499544
1311870477.506439 2.336727 -0.863919 1.991040 -0.021051 -0.781000 -0.372241 0.501032
1311870477.542454 2.340435 -0.861668 1.983573 -0.020802 -0.780980 -0.370164 0.502609
1311870477.576952 2.344123 -0.858766 1.974003 -0.020390 -0.780667 -0.368617 0.504248
1311870477.606371 2.349652 -0.855573 1.965260 -0.019557 -0.780598 -0.367632 0.505105
1311870477.642455 2.353391 -0.853114 1.956946 -0.019169 -0.780573 -0.367051 0.505580
1311870477.674401 2.357615 -0.849006 1.949112 -0.018212 -0.780240 -0.366251 0.506709
1311870477.706293 2.361329 -0.845617 1.941344 -0.017973 -0.779503 -0.365081 0.508692
1311870477.742492 2.365830 -0.842260 1.931701 -0.018350 -0.778759 -0.363445 0.510984
1311870477.774408 2.369377 -0.838952 1.923195 -0.019059 -0.778435 -0.361697 0.512690
1311870477.806631 2.374038 -0.834903 1.915327 -0.019828 -0.778034 -0.360031 0.514439
1311870477.842377 2.376299 -0.830927 1.907547 -0.021246 -0.777304 -0.358498 0.516552
1311870477.874752 2.378981 -0.827633 1.898606 -0.021785 -0.776610 -0.357017 0.518596
1311870477.906459 2.381843 -0.823943 1.893930 -0.021408 -0.776003 -0.356353 0.519975
1311870477.942470 2.383671 -0.820453 1.885984 -0.020543 -0.774620 -0.356106 0.522235
1311870477.974821 2.385498 -0.816905 1.877701 -0.019739 -0.773458 -0.355085 0.524679
1311870478.006764 2.388913 -0.813561 1.870730 -0.018600 -0.772907 -0.353856 0.526360
1311870478.042396 2.391711 -0.810132 1.865427 -0.017113 -0.772472 -0.354043 0.526924
1311870478.074531 2.392100 -0.807407 1.859082 -0.015378 -0.771647 -0.354888 0.527615
1311870478.106703 2.392322 -0.804766 1.852758 -0.013975 -0.771115 -0.354373 0.528777
1311870478.142484 2.394555 -0.802092 1.846746 -0.013006 -0.770818 -0.353036 0.530129
1311870478.174891 2.395130 -0.800275 1.839403 -0.012861 -0.770719 -0.352078 0.530913
1311870478.206694 2.395771 -0.798786 1.833410 -0.012117 -0.771654 -0.350466 0.530637
1311870478.243551 2.396068 -0.797507 1.829458 -0.011315 -0.772575 -0.349807 0.529750
1311870478.274632 2.395505 -0.796220 1.824135 -0.010299 -0.773029 -0.349733 0.529157
1311870478.307070 2.393607 -0.794648 1.819192 -0.009184 -0.773309 -0.350090 0.528532
1311870478.342699 2.390963 -0.794009 1.814845 -0.007956 -0.773503 -0.350281 0.528142
1311870478.377314 2.387212 -0.793217 1.810165 -0.006857 -0.773187 -0.350184 0.528683
1311870478.407403 2.384029 -0.792533 1.803111 -0.005828 -0.773023 -0.349152 0.529617
1311870478.442461 2.382573 -0.791875 1.797398 -0.005034 -0.773870 -0.348023 0.529131
1311870478.474469 2.378578 -0.791341 1.793390 -0.004382 -0.775056 -0.347440 0.527783
1311870478.506459 2.372981 -0.790822 1.789831 -0.003598 -0.776094 -0.346452 0.526912
1311870478.542834 2.367817 -0.790823 1.785865 -0.002321 -0.777046 -0.344935 0.526511
1311870478.574568 2.362280 -0.790334 1.780823 -0.001019 -0.778018 -0.343206 0.526209
1311870478.606731 2.356809 -0.790885 1.775569 0.000541 -0.779603 -0.341009 0.525293
1311870478.642464 2.350913 -0.790409 1.772167 0.002632 -0.781344 -0.338803 0.524125
1311870478.674530 2.347503 -0.788656 1.769507 0.004737 -0.782734 -0.337124 0.523118
1311870478.706522 2.339591 -0.789347 1.765357 0.004488 -0.783514 -0.336091 0.522617
1311870478.742334 2.331828 -0.791457 1.758188 0.004347 -0.784880 -0.333449 0.522261
1311870478.774702 2.324241 -0.793516 1.754759 0.004880 -0.786932 -0.330305 0.521165
1311870478.806869 2.317400 -0.796191 1.751490 0.005133 -0.788506 -0.326942 0.520903
1311870478.842335 2.311969 -0.797341 1.747271 0.005691 -0.789622 -0.324131 0.520965
1311870478.874346 2.305136 -0.798853 1.742707 0.006533 -0.790400 -0.322874 0.520555
1311870478.906787 2.297458 -0.801988 1.737389 0.009335 -0.791069 -0.323048 0.519387
1311870478.942379 2.289951 -0.804630 1.734808 0.012771 -0.791920 -0.322527 0.518339
1311870478.974461 2.283574 -0.807141 1.732270 0.016039 -0.792445 -0.320968 0.518414
1311870479.006717 2.277886 -0.808285 1.730241 0.018828 -0.792624 -0.318901 0.519321
1311870479.042444 2.273577 -0.806940 1.729367 0.020754 -0.792707 -0.316333 0.520690
1311870479.074537 2.269623 -0.805955 1.726106 0.021689 -0.792391 -0.314867 0.522020
1311870479.106848 2.265757 -0.804274 1.723415 0.022019 -0.792484 -0.314071 0.522344
1311870479.142524 2.260950 -0.804136 1.720521 0.022037 -0.792482 -0.314780 0.521919
1311870479.174444 2.255192 -0.806449 1.716767 0.023279 -0.792299 -0.316220 0.521273
1311870479.207679 2.252340 -0.805126 1.715630 0.025883 -0.792290 -0.316599 0.520933
1311870479.242400 2.249978 -0.803010 1.715153 0.026483 -0.791905 -0.316297 0.521671
1311870479.274426 2.248213 -0.800767 1.713072 0.025509 -0.791275 -0.315966 0.522875
1311870479.306571 2.244853 -0.799781 1.709949 0.024318 -0.790677 -0.316341 0.523610
1311870479.342418 2.242268 -0.799401 1.708660 0.024007 -0.790263 -0.316653 0.524061
1311870479.374488 2.238940 -0.800030 1.707578 0.024422 -0.789342 -0.316975 0.525233
1311870479.406395 2.238173 -0.797044 1.705893 0.026176 -0.787825 -0.316737 0.527565
1311870479.442501 2.239081 -0.795593 1.703534 0.026261 -0.786163 -0.316148 0.530385
1311870479.474631 2.239599 -0.792139 1.701562 0.025378 -0.784846 -0.315426 0.532803
1311870479.506430 2.240057 -0.789673 1.697566 0.024202 -0.783536 -0.315600 0.534680
1311870479.542670 2.240055 -0.786720 1.694807 0.023897 -0.782547 -0.316139 0.535822
1311870479.574634 2.240707 -0.784673 1.693532 0.023504 -0.780984 -0.316651 0.537814
1311870479.606576 2.242385 -0.781889 1.688037 0.023325 -0.778601 -0.316987 0.541069
1311870479.642434 2.246050 -0.778715 1.680809 0.024314 -0.776701 -0.318127 0.543084
1311870479.674552 2.248666 -0.775749 1.674747 0.024767 -0.775338 -0.319184 0.544389
1311870479.706653 2.252607 -0.772561 1.669454 0.024390 -0.774495 -0.318687 0.545895
1311870479.742393 2.256868 -0.769549 1.665384 0.022350 -0.773502 -0.317795 0.547906
1311870479.774537 2.259589 -0.766952 1.658329 0.020144 -0.772004 -0.317404 0.550326
1311870479.806444 2.263285 -0.764558 1.651566 0.018952 -0.770915 -0.317228 0.551994
1311870479.842582 2.266393 -0.762242 1.645959 0.018271 -0.769716 -0.317134 0.553741
1311870479.874489 2.269700 -0.758882 1.640145 0.017724 -0.768153 -0.316855 0.556084
1311870479.906588 2.273100 -0.756930 1.634403 0.016204 -0.766725 -0.315906 0.558635
1311870479.942576 2.278534 -0.754086 1.627954 0.014740 -0.765347 -0.314626 0.561282
1311870479.974540 2.284661 -0.750187 1.621637 0.012755 -0.764290 -0.314025 0.563104
1311870480.006807 2.288330 -0.747267 1.615465 0.010258 -0.763608 -0.313929 0.564133
1311870480.042660 2.292579 -0.745606 1.612199 0.008624 -0.763029 -0.313628 0.565110
1311870480.074647 2.295212 -0.745218 1.609124 0.008779 -0.761378 -0.314349 0.566931
1311870480.106439 2.300225 -0.742311 1.605464 0.010530 -0.759071 -0.313878 0.570247
1311870480.142639 2.306580 -0.737113 1.598611 0.011302 -0.756396 -0.313132 0.574183
1311870480.174537 2.313891 -0.731487 1.593095 0.010867 -0.754816 -0.312804 0.576445
1311870480.206595 2.319633 -0.727909 1.589158 0.008782 -0.753743 -0.313186 0.577675
1311870480.242572 2.325660 -0.723765 1.586067 0.005414 -0.752910 -0.313148 0.578823
1311870480.274543 2.328297 -0.721318 1.582812 0.001204 -0.751942 -0.312885 0.580246
1311870480.306678 2.332359 -0.719127 1.580880 -0.000831 -0.750807 -0.312242 0.582059
1311870480.342480 2.337254 -0.715465 1.579927 -0.001699 -0.748556 -0.312153 0.584998
1311870480.374646 2.343888 -0.712704 1.576435 -0.003228 -0.745843 -0.311917 0.588572
1311870480.406616 2.349748 -0.708442 1.572558 -0.005037 -0.743591 -0.312926 0.590867
1311870480.442773 2.352482 -0.705406 1.570385 -0.006566 -0.741842 -0.314724 0.592095
1311870480.474488 2.354045 -0.704316 1.569622 -0.007551 -0.740020 -0.315539 0.593926
1311870480.506517 2.357425 -0.703076 1.569375 -0.007729 -0.738087 -0.314932 0.596645
1311870480.542681 2.364093 -0.700280 1.567711 -0.008293 -0.735779 -0.314498 0.599710
1311870480.575128 2.368807 -0.697697 1.564505 -0.009459 -0.734257 -0.315443 0.601060
1311870480.610475 2.371831 -0.695876 1.563122 -0.009728 -0.733704 -0.317991 0.600388
1311870480.642709 2.372656 -0.696118 1.563394 -0.007951 -0.733223 -0.321110 0.599340
1311870480.674530 2.375599 -0.696569 1.566425 -0.006085 -0.732218 -0.322706 0.599733
1311870480.710587 2.376494 -0.697610 1.566616 -0.005464 -0.730741 -0.322753 0.601514
1311870480.742508 2.380173 -0.697826 1.566972 -0.005236 -0.730135 -0.321667 0.602831
1311870480.775804 2.381867 -0.699233 1.568369 -0.005880 -0.730012 -0.321032 0.603313
1311870480.810605 2.381919 -0.701620 1.570626 -0.005626 -0.730093 -0.320303 0.603604
1311870480.842855 2.383260 -0.703539 1.572621 -0.003005 -0.729926 -0.320284 0.603836
1311870480.874824 2.386122 -0.705121 1.576602 0.000218 -0.729723 -0.320235 0.604114
1311870480.910467 2.390253 -0.707335 1.579429 0.002183 -0.729343 -0.320180 0.604598
1311870480.942993 2.394694 -0.709118 1.582425 0.003817 -0.729227 -0.320849 0.604375
1311870480.974607 2.397967 -0.710361 1.586810 0.005206 -0.729227 -0.322682 0.603388
1311870481.010488 2.397562 -0.713641 1.590805 0.005806 -0.729105 -0.323910 0.602872
1311870481.042482 2.400279 -0.715527 1.593672 0.007575 -0.729387 -0.324063 0.602428
1311870481.075001 2.405653 -0.716381 1.598999 0.008507 -0.730131 -0.324543 0.601255
1311870481.110534 2.409226 -0.716064 1.605175 0.006683 -0.730377 -0.325676 0.600367
1311870481.142707 2.410359 -0.718503 1.609950 0.002978 -0.729964 -0.327559 0.599875
1311870481.174606 2.408930 -0.720712 1.612930 0.002095 -0.729367 -0.329670 0.599448
1311870481.210715 2.409621 -0.723335 1.617741 0.004048 -0.729131 -0.331135 0.598917
1311870481.242633 2.412364 -0.724754 1.622940 0.005011 -0.728961 -0.330819 0.599291
1311870481.274974 2.418986 -0.724611 1.625809 0.003926 -0.729241 -0.329630 0.599613
1311870481.310580 2.422589 -0.723600 1.627910 0.001429 -0.730437 -0.330486 0.597694
1311870481.344908 2.424781 -0.724172 1.631570 -0.000814 -0.732188 -0.332513 0.594421
1311870481.374502 2.425508 -0.724043 1.635959 -0.002149 -0.733615 -0.334348 0.591621
1311870481.410685 2.426321 -0.724353 1.640918 -0.002132 -0.734448 -0.335803 0.589761
1311870481.442703 2.428907 -0.722019 1.646330 -0.002319 -0.734444 -0.336801 0.589196
1311870481.474602 2.429024 -0.721291 1.650975 -0.004257 -0.733648 -0.337829 0.589588
1311870481.510706 2.429801 -0.720642 1.654854 -0.006683 -0.732536 -0.338323 0.590664
1311870481.542967 2.431032 -0.719545 1.659513 -0.008607 -0.730885 -0.339590 0.591956
1311870481.574920 2.432405 -0.719283 1.660555 -0.010526 -0.728665 -0.341295 0.593679
1311870481.610928 2.432833 -0.718705 1.659028 -0.010833 -0.727151 -0.343252 0.594400
1311870481.642653 2.434004 -0.718224 1.658947 -0.011035 -0.726689 -0.344240 0.594390
1311870481.674734 2.435194 -0.717754 1.658083 -0.011589 -0.726627 -0.344317 0.594411
1311870481.710880 2.438072 -0.716593 1.658145 -0.012063 -0.726916 -0.343618 0.594453
1311870481.742677 2.440025 -0.716359 1.656562 -0.012592 -0.726592 -0.343480 0.594918
1311870481.774863 2.442642 -0.714694 1.655019 -0.012366 -0.726228 -0.343552 0.595324
1311870481.810567 2.445317 -0.714262 1.652632 -0.012607 -0.725712 -0.343487 0.595986
1311870481.842653 2.449313 -0.711461 1.649729 -0.012042 -0.725464 -0.343195 0.596468
1311870481.876661 2.451526 -0.710359 1.647475 -0.012157 -0.725075 -0.343546 0.596737
1311870481.910893 2.453274 -0.708992 1.644360 -0.011797 -0.724527 -0.343033 0.597704
1311870481.942739 2.458360 -0.707911 1.641032 -0.010950 -0.723694 -0.341978 0.599331
1311870481.974685 2.461474 -0.705207 1.636884 -0.011054 -0.722128 -0.340354 0.602136
1311870482.010687 2.464811 -0.702391 1.631559 -0.011938 -0.720943 -0.337880 0.604926
1311870482.042664 2.470617 -0.700019 1.626262 -0.013384 -0.720032 -0.336049 0.606997
1311870482.074642 2.475547 -0.697246 1.621041 -0.015618 -0.718876 -0.334910 0.608941
1311870482.111255 2.479376 -0.692809 1.614406 -0.018260 -0.717731 -0.334380 0.610507
1311870482.142728 2.481481 -0.689141 1.606772 -0.020159 -0.716987 -0.334338 0.611344
1311870482.174667 2.484474 -0.686527 1.599373 -0.020200 -0.716744 -0.334609 0.611479
1311870482.210670 2.487929 -0.684413 1.592427 -0.019592 -0.716423 -0.334665 0.611844
1311870482.242571 2.492431 -0.681893 1.584498 -0.018540 -0.715978 -0.333617 0.612970
1311870482.274596 2.500498 -0.678888 1.577576 -0.018013 -0.715352 -0.332940 0.614083
1311870482.310930 2.503628 -0.675466 1.570371 -0.018977 -0.714536 -0.331877 0.615577
1311870482.342857 2.508353 -0.672211 1.563539 -0.019945 -0.713946 -0.330384 0.617032
1311870482.374573 2.512436 -0.668823 1.555960 -0.020384 -0.713335 -0.329695 0.618093
1311870482.410597 2.516493 -0.665388 1.549023 -0.020582 -0.712569 -0.329373 0.619141
1311870482.442701 2.519268 -0.661908 1.541911 -0.020370 -0.711936 -0.329012 0.620068
1311870482.474935 2.524317 -0.658499 1.534441 -0.019580 -0.711566 -0.328717 0.620673
1311870482.510814 2.529459 -0.655131 1.527901 -0.019541 -0.711267 -0.328657 0.621049
1311870482.542650 2.534730 -0.651459 1.521556 -0.020162 -0.710777 -0.328427 0.621712
1311870482.574689 2.538904 -0.646566 1.515694 -0.021158 -0.710121 -0.328565 0.622355
1311870482.610775 2.542302 -0.642691 1.509866 -0.021863 -0.709343 -0.329526 0.622709
1311870482.642615 2.545127 -0.638876 1.505431 -0.022667 -0.708375 -0.330854 0.623078
1311870482.675223 2.547108 -0.635421 1.500179 -0.023250 -0.707261 -0.331622 0.623914
1311870482.710891 2.550903 -0.630973 1.495249 -0.023714 -0.706132 -0.332366 0.624778
1311870482.742773 2.552339 -0.627045 1.489865 -0.024532 -0.705156 -0.333432 0.625281
1311870482.774768 2.556475 -0.624396 1.486295 -0.025509 -0.704519 -0.334163 0.625570
1311870482.810806 2.556871 -0.621794 1.482281 -0.027244 -0.703550 -0.334433 0.626443
1311870482.842664 2.558731 -0.618450 1.478043 -0.028373 -0.702976 -0.334194 0.627164
1311870482.875230 2.559103 -0.615863 1.473675 -0.029129 -0.702703 -0.334328 0.627363
1311870482.910591 2.561087 -0.613166 1.469413 -0.029549 -0.702894 -0.334104 0.627249
1311870482.942680 2.562092 -0.610477 1.465704 -0.030166 -0.703169 -0.334326 0.626793
1311870482.975970 2.563002 -0.609327 1.462243 -0.030196 -0.703605 -0.334638 0.626136
1311870483.011189 2.565340 -0.607832 1.459290 -0.030013 -0.703833 -0.335853 0.625236
1311870483.042516 2.563503 -0.606083 1.456456 -0.030038 -0.703827 -0.337296 0.624465
1311870483.076199 2.563879 -0.605408 1.454369 -0.029847 -0.704017 -0.338277 0.623730
1311870483.110765 2.561418 -0.605091 1.453102 -0.029745 -0.703792 -0.339479 0.623334
1311870483.143020 2.559794 -0.604806 1.451997 -0.029294 -0.703443 -0.339460 0.623760
1311870483.174838 2.557504 -0.604028 1.450229 -0.028954 -0.703017 -0.339066 0.624470
1311870483.210814 2.554919 -0.603320 1.447971 -0.028409 -0.702970 -0.338760 0.624715
1311870483.242695 2.553317 -0.603413 1.446838 -0.027735 -0.703212 -0.338964 0.624362
1311870483.276143 2.551003 -0.603326 1.445734 -0.027130 -0.703130 -0.339646 0.624110
1311870483.311159 2.545498 -0.602230 1.444705 -0.026838 -0.703043 -0.339792 0.624140
1311870483.342800 2.542638 -0.600890 1.442081 -0.026102 -0.703242 -0.339521 0.624096
1311870483.375178 2.538202 -0.600184 1.441327 -0.026363 -0.703714 -0.339263 0.623693
1311870483.410669 2.531813 -0.600580 1.438946 -0.026961 -0.704321 -0.337733 0.623813
1311870483.442901 2.528642 -0.600433 1.435651 -0.027393 -0.705669 -0.336097 0.623153
1311870483.476563 2.525467 -0.599589 1.433990 -0.027771 -0.707482 -0.335406 0.621451
1311870483.511030 2.518615 -0.599987 1.432451 -0.028331 -0.708907 -0.335419 0.619792
1311870483.542892 2.511152 -0.601914 1.429980 -0.027697 -0.710336 -0.334706 0.618569
1311870483.576899 2.505127 -0.602889 1.428885 -0.026502 -0.711948 -0.332878 0.617754
1311870483.610711 2.499792 -0.604301 1.427182 -0.026559 -0.713501 -0.329829 0.617595
1311870483.642925 2.493888 -0.605305 1.423958 -0.027324 -0.715054 -0.327010 0.617264
1311870483.675720 2.486518 -0.608466 1.421694 -0.026621 -0.716626 -0.326403 0.615792
1311870483.711260 2.479514 -0.611119 1.420192 -0.024020 -0.717813 -0.326358 0.614538
1311870483.742805 2.471835 -0.614043 1.417371 -0.021435 -0.718668 -0.325683 0.613993
1311870483.774912 2.467575 -0.615338 1.414846 -0.018716 -0.720029 -0.324219 0.613262
1311870483.810771 2.462463 -0.616146 1.413703 -0.017685 -0.721492 -0.322800 0.612321
1311870483.842891 2.455920 -0.618460 1.411203 -0.017419 -0.722691 -0.321510 0.611593
1311870483.877085 2.450669 -0.618808 1.410611 -0.016156 -0.724015 -0.320203 0.610747
1311870483.911351 2.445443 -0.619298 1.409876 -0.014710 -0.724727 -0.319568 0.610271
1311870483.943198 2.440921 -0.618936 1.406682 -0.013687 -0.725029 -0.319401 0.610024
1311870483.975520 2.436456 -0.618342 1.403172 -0.012593 -0.725944 -0.320200 0.608539
1311870484.011069 2.432596 -0.617447 1.402631 -0.011100 -0.727221 -0.321657 0.606270
1311870484.042973 2.426229 -0.618257 1.401162 -0.010483 -0.727764 -0.322784 0.605030
1311870484.075058 2.422336 -0.618032 1.400005 -0.008089 -0.728220 -0.323599 0.604082
1311870484.110742 2.419651 -0.616408 1.399145 -0.006024 -0.728221 -0.324429 0.603659
1311870484.142706 2.415989 -0.615225 1.396966 -0.005309 -0.728161 -0.324328 0.603793
1311870484.176178 2.413491 -0.612996 1.395664 -0.004976 -0.728119 -0.324235 0.603895
1311870484.210812 2.410917 -0.610837 1.394551 -0.004975 -0.727565 -0.324305 0.604525
1311870484.242949 2.407116 -0.609349 1.391712 -0.005722 -0.726602 -0.323888 0.605899
1311870484.276681 2.404946 -0.607907 1.388404 -0.005797 -0.725885 -0.323175 0.607137
1311870484.310757 2.404720 -0.605520 1.386250 -0.005536 -0.725026 -0.322985 0.608266
1311870484.342826 2.403512 -0.603076 1.382530 -0.005010 -0.723456 -0.323675 0.609770
1311870484.375427 2.402833 -0.599503 1.378529 -0.003989 -0.721699 -0.324852 0.611233
1311870484.410852 2.401398 -0.596742 1.374070 -0.002846 -0.719749 -0.326344 0.612742
1311870484.442843 2.402699 -0.592931 1.369176 -0.001837 -0.717861 -0.326813 0.614707
1311870484.477407 2.405203 -0.589702 1.363600 -0.002266 -0.715721 -0.326901 0.617150
1311870484.510960 2.407310 -0.586853 1.356883 -0.003981 -0.713740 -0.326656 0.619561
1311870484.543117 2.408158 -0.582784 1.350812 -0.004750 -0.712208 -0.327250 0.621002
1311870484.574757 2.408554 -0.578727 1.345788 -0.004720 -0.710381 -0.327958 0.622719
1311870484.611024 2.410504 -0.575751 1.339114 -0.005681 -0.708226 -0.326583 0.625881
1311870484.642843 2.415041 -0.570263 1.331433 -0.007422 -0.706155 -0.324661 0.629194
1311870484.674789 2.417024 -0.568339 1.323667 -0.010490 -0.704485 -0.323135 0.631802
1311870484.710829 2.419968 -0.564880 1.316914 -0.012029 -0.703206 -0.322162 0.633694
1311870484.745698 2.422067 -0.561041 1.311233 -0.012835 -0.701415 -0.321535 0.635978
1311870484.776248 2.423697 -0.558112 1.303238 -0.013157 -0.699058 -0.320981 0.638840
1311870484.810786 2.428040 -0.553550 1.295566 -0.013146 -0.697110 -0.319969 0.641471
1311870484.842884 2.430943 -0.550028 1.287772 -0.014521 -0.695082 -0.318535 0.644349
1311870484.875769 2.434627 -0.546875 1.279314 -0.015839 -0.693252 -0.316751 0.647162
1311870484.910716 2.438097 -0.543311 1.271062 -0.016870 -0.691626 -0.315730 0.649371
1311870484.944216 2.441411 -0.539523 1.262956 -0.017291 -0.690273 -0.314820 0.651240
1311870484.975102 2.446903 -0.536408 1.254367 -0.017410 -0.688871 -0.313991 0.653118
1311870485.010871 2.452348 -0.532849 1.245383 -0.018059 -0.687500 -0.313156 0.654944
1311870485.043233 2.458388 -0.529325 1.236859 -0.018944 -0.686540 -0.312774 0.656107
1311870485.074769 2.464066 -0.526616 1.229119 -0.020239 -0.685514 -0.312902 0.657079
1311870485.110743 2.467726 -0.523292 1.221841 -0.021548 -0.684372 -0.312568 0.658386
1311870485.142899 2.472417 -0.519495 1.214334 -0.022691 -0.683265 -0.312708 0.659430
1311870485.178176 2.473388 -0.513239 1.209541 -0.023448 -0.682528 -0.313448 0.659816
1311870485.210890 2.475664 -0.511831 1.204657 -0.025240 -0.681388 -0.313659 0.660826
1311870485.249643 2.475879 -0.509061 1.200297 -0.025755 -0.680014 -0.313792 0.662157
1311870485.275402 2.476632 -0.507139 1.195521 -0.024520 -0.678685 -0.315577 0.662719
1311870485.310982 2.477475 -0.506082 1.191720 -0.023105 -0.677281 -0.316820 0.663613
1311870485.345369 2.478008 -0.502991 1.187085 -0.022299 -0.675850 -0.316477 0.665260
1311870485.375407 2.479794 -0.501667 1.181507 -0.022092 -0.675097 -0.316454 0.666042
1311870485.411025 2.481828 -0.501412 1.177391 -0.022108 -0.674759 -0.317294 0.665985
1311870485.445002 2.480112 -0.500627 1.176293 -0.021791 -0.674085 -0.318223 0.666235
1311870485.476895 2.479072 -0.499698 1.174521 -0.020929 -0.672816 -0.319002 0.667172
1311870485.510894 2.476635 -0.496386 1.172423 -0.020259 -0.671122 -0.319963 0.668437
1311870485.546561 2.472293 -0.494879 1.169238 -0.020485 -0.669852 -0.320746 0.669328
1311870485.575341 2.468854 -0.495088 1.165188 -0.020564 -0.669623 -0.321114 0.669379
1311870485.612777 2.464904 -0.493513 1.162119 -0.020483 -0.669998 -0.321596 0.668774
1311870485.643456 2.460882 -0.493390 1.158356 -0.020474 -0.670839 -0.321613 0.667923
1311870485.676367 2.456415 -0.492915 1.154810 -0.020017 -0.672170 -0.321717 0.666547
1311870485.714523 2.451070 -0.491926 1.152378 -0.019818 -0.673863 -0.320939 0.665218
1311870485.744269 2.448294 -0.491507 1.149723 -0.020160 -0.675533 -0.319664 0.664126
1311870485.776038 2.443676 -0.491130 1.147775 -0.021032 -0.676956 -0.319113 0.662914
1311870485.814596 2.435174 -0.489793 1.145423 -0.022560 -0.678048 -0.318518 0.662033
1311870485.844633 2.425328 -0.490672 1.142558 -0.023077 -0.679666 -0.317564 0.660813
1311870485.875826 2.417907 -0.491689 1.141234 -0.022777 -0.681481 -0.315409 0.659986
1311870485.914049 2.411825 -0.493171 1.138501 -0.022693 -0.683109 -0.311943 0.659953
1311870485.946463 2.406821 -0.494458 1.135852 -0.022777 -0.684882 -0.309387 0.659315
1311870485.976519 2.400330 -0.495830 1.134429 -0.022222 -0.686436 -0.308543 0.658113
1311870486.014211 2.395199 -0.497149 1.134086 -0.021038 -0.687445 -0.308300 0.657212
1311870486.043924 2.387414 -0.498755 1.132420 -0.020446 -0.687691 -0.307855 0.657183
1311870486.077096 2.383143 -0.499170 1.130731 -0.020031 -0.688296 -0.306359 0.657260
1311870486.114309 2.378124 -0.500799 1.129111 -0.020162 -0.688638 -0.305559 0.657271
1311870486.146847 2.372625 -0.501147 1.128316 -0.020151 -0.688563 -0.305374 0.657435
1311870486.176394 2.365584 -0.502824 1.125922 -0.019934 -0.688203 -0.305018 0.657984
1311870486.215167 2.361982 -0.502672 1.124222 -0.018195 -0.687942 -0.305553 0.658060
1311870486.247416 2.353656 -0.504321 1.122385 -0.016061 -0.687128 -0.307038 0.658274
1311870486.277315 2.351990 -0.505336 1.119465 -0.012660 -0.686736 -0.306877 0.658832
1311870486.314593 2.349539 -0.504701 1.117565 -0.011304 -0.685932 -0.306569 0.659837
1311870486.344442 2.346068 -0.504878 1.114407 -0.010553 -0.684994 -0.306357 0.660922
1311870486.374888 2.342223 -0.505054 1.111129 -0.010051 -0.684189 -0.305894 0.661977
1311870486.410964 2.339963 -0.504877 1.107020 -0.009754 -0.683376 -0.305206 0.663137
1311870486.446126 2.336900 -0.504008 1.104182 -0.009337 -0.682756 -0.304688 0.664020
1311870486.475142 2.332782 -0.504625 1.100617 -0.008769 -0.681700 -0.303901 0.665472
1311870486.513695 2.332626 -0.503932 1.094528 -0.007772 -0.680483 -0.302697 0.667276
1311870486.544595 2.330912 -0.502447 1.089114 -0.007531 -0.679623 -0.302384 0.668296
1311870486.577795 2.326957 -0.502850 1.084299 -0.007677 -0.678574 -0.301756 0.669643
1311870486.614111 2.326162 -0.503602 1.080571 -0.006888 -0.677205 -0.299884 0.671874
1311870486.644716 2.326574 -0.503125 1.075891 -0.006341 -0.674399 -0.297136 0.675912
1311870486.677991 2.324380 -0.503173 1.069243 -0.006595 -0.670905 -0.293949 0.680762
1311870486.713699 2.319663 -0.504505 1.059638 -0.005244 -0.668230 -0.291354 0.684511
1311870486.747476 2.323062 -0.505937 1.050947 -0.001430 -0.666878 -0.289492 0.686634
1311870486.775603 2.324534 -0.507179 1.045693 0.000862 -0.664970 -0.286319 0.689808
1311870486.814059 2.323896 -0.507556 1.036938 0.001116 -0.661740 -0.281592 0.694842
1311870486.843922 2.324990 -0.507556 1.027476 0.001988 -0.659392 -0.277474 0.698718
1311870486.876884 2.326101 -0.508680 1.019682 0.002528 -0.657127 -0.274085 0.702179
1311870486.910964 2.324322 -0.511169 1.008805 0.003490 -0.654735 -0.270197 0.705906
1311870486.944171 2.325912 -0.511491 0.997724 0.006575 -0.653502 -0.266192 0.708543
1311870486.974944 2.330950 -0.509295 0.990118 0.010236 -0.652663 -0.263248 0.710371
1311870487.013483 2.333050 -0.509901 0.982329 0.011360 -0.651138 -0.260106 0.712906
1311870487.045716 2.333504 -0.510086 0.971560 0.012525 -0.649879 -0.255897 0.715554
1311870487.074835 2.337510 -0.508164 0.963348 0.013609 -0.649717 -0.252050 0.717045
1311870487.113212 2.340206 -0.509242 0.957618 0.014657 -0.649037 -0.249229 0.718625
1311870487.144542 2.342362 -0.508890 0.952326 0.016175 -0.647602 -0.246192 0.720929
1311870487.174917 2.344782 -0.508032 0.947420 0.017517 -0.645844 -0.242267 0.723799
1311870487.212424 2.349486 -0.507025 0.937974 0.018766 -0.643465 -0.238609 0.727095
1311870487.250248 2.350149 -0.503830 0.931980 0.019261 -0.641736 -0.235610 0.729583
1311870487.274881 2.353603 -0.504949 0.924588 0.019315 -0.640417 -0.233361 0.731461
1311870487.314494 2.355512 -0.505629 0.918177 0.019629 -0.638991 -0.230779 0.733517
1311870487.343317 2.357715 -0.504267 0.913468 0.021861 -0.637570 -0.229213 0.735179
1311870487.375022 2.362156 -0.501466 0.908162 0.025162 -0.635349 -0.228712 0.737150
1311870487.412400 2.364594 -0.495772 0.903250 0.027164 -0.632885 -0.228042 0.739402
1311870487.443194 2.368232 -0.490818 0.893873 0.027681 -0.630764 -0.227974 0.741214
1311870487.475038 2.369806 -0.484889 0.887495 0.027490 -0.629755 -0.229171 0.741710
1311870487.514023 2.372363 -0.480419 0.884693 0.026645 -0.629091 -0.230671 0.741839
1311870487.544312 2.373521 -0.477107 0.880492 0.024987 -0.627902 -0.231242 0.742726
1311870487.575002 2.375213 -0.472567 0.876442 0.023135 -0.626918 -0.231987 0.743385
1311870487.611318 2.375904 -0.469606 0.873838 0.021340 -0.626117 -0.233226 0.743725
1311870487.643614 2.377626 -0.466297 0.871873 0.020152 -0.625066 -0.234518 0.744236
1311870487.674996 2.377856 -0.463198 0.869488 0.018247 -0.623665 -0.235556 0.745132
1311870487.710972 2.377682 -0.458795 0.866811 0.017088 -0.623042 -0.236721 0.745312
1311870487.743421 2.377358 -0.459358 0.867403 0.015410 -0.622732 -0.238004 0.745199
1311870487.775194 2.377895 -0.457564 0.866811 0.015947 -0.621809 -0.238924 0.745664
1311870487.811083 2.378322 -0.453340 0.865920 0.016978 -0.620535 -0.240657 0.746145
1311870487.844713 2.377608 -0.450969 0.864705 0.016356 -0.619678 -0.242113 0.746400
1311870487.875006 2.375374 -0.449322 0.863084 0.015071 -0.619457 -0.243095 0.746291
1311870487.912913 2.375101 -0.446812 0.863169 0.014072 -0.619937 -0.243667 0.745726
1311870487.944520 2.372905 -0.447840 0.864533 0.012738 -0.619830 -0.244132 0.745686
1311870487.975028 2.369995 -0.444629 0.864212 0.014075 -0.619308 -0.244734 0.745899
1311870488.013400 2.368779 -0.440215 0.864829 0.015832 -0.619089 -0.246361 0.745509
1311870488.045647 2.366744 -0.434376 0.863487 0.016266 -0.618795 -0.247600 0.745334
1311870488.075044 2.363407 -0.425396 0.862508 0.015089 -0.619821 -0.249042 0.744024
1311870488.114438 2.359102 -0.416852 0.863702 0.012481 -0.621705 -0.252795 0.741230
1311870488.143525 2.356169 -0.415852 0.865967 0.008224 -0.623412 -0.256762 0.738487
1311870488.175287 2.350707 -0.419531 0.868227 0.003774 -0.624150 -0.257928 0.737492
1311870488.215548 2.347667 -0.413987 0.867655 0.003164 -0.624203 -0.258543 0.737235
1311870488.243035 2.345133 -0.411367 0.868530 0.001337 -0.624548 -0.260953 0.736099
1311870488.275181 2.342248 -0.407992 0.867945 -0.001491 -0.624632 -0.261530 0.735822
1311870488.314277 2.336891 -0.403981 0.868476 -0.005256 -0.625619 -0.262170 0.734738
1311870488.343231 2.329466 -0.401291 0.872849 -0.007081 -0.627109 -0.264243 0.732707
1311870488.375053 2.327138 -0.399363 0.876611 -0.006977 -0.627721 -0.266863 0.731233
1311870488.413716 2.325463 -0.399238 0.880316 -0.008020 -0.627099 -0.267713 0.731445
1311870488.443189 2.322211 -0.397156 0.880426 -0.008807 -0.625427 -0.268453 0.732596
1311870488.475126 2.320082 -0.395281 0.881443 -0.009478 -0.624180 -0.269941 0.733104
1311870488.513911 2.316487 -0.393157 0.884155 -0.010321 -0.623000 -0.271183 0.733638
1311870488.543135 2.314735 -0.389120 0.884593 -0.012099 -0.621890 -0.271616 0.734391
1311870488.575150 2.311934 -0.388775 0.886020 -0.015317 -0.621472 -0.272402 0.734395
1311870488.614782 2.309273 -0.388268 0.888319 -0.017487 -0.621098 -0.273648 0.734199
1311870488.642988 2.306307 -0.386928 0.890242 -0.019063 -0.620152 -0.274705 0.734564
1311870488.675182 2.304413 -0.386478 0.892039 -0.019678 -0.618936 -0.275815 0.735158
1311870488.714949 2.301725 -0.387337 0.893303 -0.019715 -0.617031 -0.277179 0.736245
1311870488.742973 2.300782 -0.384348 0.893685 -0.018033 -0.615156 -0.278332 0.737420
1311870488.774991 2.300758 -0.380597 0.893899 -0.018025 -0.613407 -0.279011 0.738620
1311870488.813158 2.300117 -0.378056 0.893593 -0.019474 -0.611713 -0.279325 0.739869
1311870488.843027 2.301055 -0.374856 0.893915 -0.020312 -0.609983 -0.280608 0.740789
1311870488.875180 2.299684 -0.373710 0.894817 -0.021287 -0.607484 -0.282734 0.742005
1311870488.914190 2.299781 -0.369144 0.893331 -0.021083 -0.604681 -0.284021 0.743807
1311870488.943145 2.300410 -0.367223 0.889222 -0.021513 -0.602224 -0.285974 0.745038
1311870488.975055 2.302812 -0.363402 0.888353 -0.021968 -0.600581 -0.287478 0.745772
1311870489.015230 2.304285 -0.357924 0.888098 -0.023518 -0.597999 -0.288213 0.747514
1311870489.042989 2.304246 -0.358258 0.889401 -0.026780 -0.595767 -0.287614 0.749415
1311870489.075006 2.308450 -0.350730 0.883029 -0.027715 -0.592441 -0.288520 0.751666
1311870489.114834 2.310074 -0.346835 0.881424 -0.030835 -0.589285 -0.288720 0.753945
1311870489.143430 2.312030 -0.342429 0.876754 -0.033432 -0.586987 -0.287268 0.756179
1311870489.175392 2.313080 -0.337879 0.874842 -0.036112 -0.585770 -0.286712 0.757209
1311870489.214801 2.319575 -0.336712 0.868970 -0.037789 -0.584597 -0.286916 0.757956
1311870489.243220 2.322071 -0.333739 0.869704 -0.040047 -0.582672 -0.286152 0.759609
1311870489.275166 2.327545 -0.328495 0.860699 -0.042647 -0.579204 -0.284758 0.762638
1311870489.315177 2.329788 -0.320330 0.855110 -0.045513 -0.576938 -0.284638 0.764233
1311870489.343021 2.332028 -0.315876 0.849546 -0.047779 -0.575875 -0.285788 0.764467
1311870489.375409 2.335121 -0.312386 0.846167 -0.050184 -0.574987 -0.286668 0.764652
1311870489.411268 2.336865 -0.309377 0.840235 -0.052263 -0.573659 -0.286759 0.765476
1311870489.443337 2.341291 -0.305261 0.833572 -0.052988 -0.572568 -0.287979 0.765785
1311870489.475262 2.343369 -0.304759 0.828985 -0.054275 -0.571261 -0.288814 0.766356
1311870489.511309 2.347646 -0.302295 0.823353 -0.054586 -0.570095 -0.288234 0.767420
1311870489.543278 2.349619 -0.300541 0.818810 -0.055517 -0.569522 -0.287500 0.768054
1311870489.575205 2.352165 -0.297079 0.812976 -0.054871 -0.569571 -0.287907 0.767912
1311870489.611206 2.356249 -0.295399 0.807531 -0.054894 -0.569520 -0.288747 0.767632
1311870489.642879 2.359067 -0.293675 0.803259 -0.054942 -0.569226 -0.288091 0.768093
1311870489.675215 2.360895 -0.290642 0.799085 -0.055053 -0.568567 -0.287742 0.768704
1311870489.711229 2.363831 -0.289095 0.793755 -0.055104 -0.568206 -0.287547 0.769040
1311870489.743078 2.367167 -0.285630 0.788379 -0.055464 -0.567964 -0.287028 0.769386
1311870489.775225 2.369335 -0.283082 0.783615 -0.056465 -0.567481 -0.286615 0.769824
1311870489.811281 2.371394 -0.280301 0.780423 -0.056737 -0.567328 -0.286954 0.769790
1311870489.843240 2.374798 -0.277326 0.776446 -0.057275 -0.566527 -0.287621 0.770091
1311870489.881222 2.375813 -0.275558 0.773349 -0.058526 -0.565330 -0.287349 0.770978
1311870489.911377 2.378763 -0.273908 0.770173 -0.059676 -0.564494 -0.287092 0.771598
1311870489.943081 2.380458 -0.272500 0.767074 -0.060656 -0.563670 -0.287893 0.771826
1311870489.979557 2.382749 -0.268661 0.764776 -0.061120 -0.562834 -0.288594 0.772137
1311870490.011168 2.383594 -0.265642 0.762577 -0.062181 -0.561392 -0.289130 0.772901
1311870490.043138 2.384987 -0.261456 0.761146 -0.062842 -0.560382 -0.289280 0.773524
1311870490.081807 2.386593 -0.257475 0.759266 -0.064304 -0.559193 -0.289895 0.774034
1311870490.111060 2.387561 -0.253337 0.756945 -0.066140 -0.558164 -0.290488 0.774400
1311870490.143196 2.388293 -0.250233 0.755050 -0.068486 -0.557701 -0.291396 0.774188
1311870490.181076 2.388673 -0.249111 0.753649 -0.070102 -0.557282 -0.292681 0.773861
1311870490.211190 2.389957 -0.247430 0.751470 -0.070387 -0.556655 -0.293888 0.773829
1311870490.243373 2.391148 -0.244337 0.748458 -0.070552 -0.555898 -0.294598 0.774088
1311870490.281109 2.391724 -0.242120 0.746017 -0.070944 -0.555923 -0.294783 0.773964
1311870490.311195 2.394471 -0.239691 0.742483 -0.071415 -0.556226 -0.295042 0.773604
1311870490.343089 2.396191 -0.240844 0.740271 -0.071892 -0.556390 -0.295560 0.773244
1311870490.382586 2.398211 -0.240483 0.737951 -0.071478 -0.556069 -0.295750 0.773440
1311870490.411084 2.399690 -0.240342 0.734918 -0.070979 -0.555814 -0.295722 0.773681
1311870490.443151 2.402489 -0.238895 0.731321 -0.070172 -0.555941 -0.295718 0.773664
1311870490.483897 2.404651 -0.238724 0.729104 -0.069940 -0.556164 -0.295549 0.773590
1311870490.511192 2.407446 -0.238623 0.727120 -0.069557 -0.556004 -0.294972 0.773959
1311870490.543237 2.410986 -0.240719 0.725343 -0.068909 -0.555479 -0.294761 0.774475
1311870490.581310 2.414434 -0.240658 0.723809 -0.068007 -0.554654 -0.294309 0.775317
1311870490.611259 2.417432 -0.240807 0.722722 -0.067957 -0.553646 -0.293614 0.776305
1311870490.643214 2.418460 -0.241869 0.720483 -0.067895 -0.552650 -0.293231 0.777164
1311870490.679239 2.420130 -0.244186 0.720047 -0.067111 -0.552473 -0.292627 0.777586
1311870490.711269 2.421595 -0.247774 0.719608 -0.065669 -0.552215 -0.291631 0.778266
1311870490.743220 2.423170 -0.250911 0.720770 -0.064033 -0.552703 -0.289714 0.778772
1311870490.779308 2.424763 -0.254743 0.721545 -0.062985 -0.553361 -0.288166 0.778964
1311870490.811202 2.426203 -0.252504 0.721615 -0.060420 -0.553769 -0.286980 0.779315
1311870490.843222 2.429611 -0.253750 0.720774 -0.059940 -0.554371 -0.285771 0.779369
1311870490.879217 2.429761 -0.257897 0.721825 -0.060203 -0.555207 -0.284814 0.779103
1311870490.911255 2.430745 -0.259539 0.722595 -0.059470 -0.556497 -0.284341 0.778412
1311870490.943228 2.430709 -0.261870 0.723644 -0.058940 -0.558059 -0.284367 0.777323
1311870490.979347 2.431946 -0.270412 0.726353 -0.058403 -0.559808 -0.283565 0.776399
1311870491.011290 2.433579 -0.276409 0.727589 -0.056676 -0.561027 -0.282307 0.776106
1311870491.043154 2.435507 -0.281091 0.729838 -0.054310 -0.562705 -0.280971 0.775544
1311870491.079292 2.437612 -0.284113 0.730484 -0.052604 -0.564308 -0.279749 0.774939
1311870491.111326 2.439289 -0.287522 0.729802 -0.052517 -0.567055 -0.278720 0.773308
1311870491.143213 2.440580 -0.291401 0.730700 -0.053546 -0.571323 -0.278226 0.770268
1311870491.179327 2.441294 -0.298307 0.737704 -0.054895 -0.575831 -0.278045 0.766874
1311870491.211416 2.441601 -0.306806 0.745292 -0.054656 -0.578055 -0.277577 0.765386
1311870491.243379 2.440466 -0.311746 0.751772 -0.052856 -0.578764 -0.276471 0.765377
1311870491.279099 2.440058 -0.318026 0.756334 -0.050234 -0.579535 -0.275752 0.765230
1311870491.311156 2.440010 -0.321595 0.761116 -0.047765 -0.581017 -0.275046 0.764518
1311870491.343197 2.440319 -0.322729 0.766435 -0.045752 -0.582858 -0.274627 0.763389
1311870491.379175 2.440185 -0.327780 0.772287 -0.045004 -0.584616 -0.274586 0.762104
1311870491.411130 2.440441 -0.330462 0.777481 -0.044002 -0.585957 -0.274597 0.761128
1311870491.443276 2.439427 -0.334257 0.782965 -0.043508 -0.587228 -0.274493 0.760213
1311870491.479155 2.439441 -0.339353 0.789136 -0.042670 -0.588521 -0.273894 0.759476
1311870491.511162 2.440444 -0.343656 0.794988 -0.041088 -0.589179 -0.273386 0.759237
1311870491.543186 2.441738 -0.346095 0.800888 -0.040556 -0.589353 -0.272756 0.759356
1311870491.579136 2.442501 -0.347762 0.806646 -0.041255 -0.589821 -0.271509 0.759402
1311870491.611216 2.442328 -0.351376 0.812726 -0.041973 -0.590494 -0.271888 0.758704
1311870491.643223 2.441777 -0.355708 0.819532 -0.041088 -0.590848 -0.273138 0.758028
1311870491.679240 2.442175 -0.359402 0.826695 -0.039302 -0.590723 -0.273759 0.757996
1311870491.711210 2.443002 -0.362645 0.832979 -0.037623 -0.590420 -0.273538 0.758396
1311870491.743109 2.444332 -0.365952 0.839805 -0.036272 -0.590423 -0.273513 0.758469
1311870491.779329 2.446828 -0.368699 0.846744 -0.036010 -0.590558 -0.273194 0.758491
1311870491.811155 2.446834 -0.371869 0.853737 -0.037194 -0.590376 -0.272277 0.758906
1311870491.843188 2.449054 -0.374894 0.860892 -0.037955 -0.590506 -0.271606 0.759008
1311870491.879325 2.449833 -0.377530 0.868264 -0.038973 -0.590239 -0.272354 0.758896
1311870491.911296 2.450970 -0.380129 0.875134 -0.039022 -0.590179 -0.273168 0.758647
1311870491.943254 2.451274 -0.381436 0.881336 -0.039384 -0.590134 -0.273614 0.758502
1311870491.979292 2.453588 -0.384022 0.887546 -0.039448 -0.590596 -0.274233 0.757916
1311870492.011230 2.454345 -0.386271 0.894813 -0.039404 -0.590803 -0.275314 0.757365
1311870492.043219 2.455658 -0.388399 0.901057 -0.038871 -0.590684 -0.275205 0.757524
1311870492.079221 2.457665 -0.390904 0.907879 -0.038573 -0.590594 -0.275108 0.757645
1311870492.111294 2.459440 -0.392938 0.914210 -0.038709 -0.590486 -0.275070 0.757736
1311870492.143334 2.459861 -0.394612 0.920040 -0.039593 -0.590397 -0.274783 0.757864
1311870492.179310 2.461130 -0.397522 0.926682 -0.040367 -0.590744 -0.274492 0.757659
1311870492.211322 2.462043 -0.399891 0.932876 -0.040612 -0.590911 -0.274916 0.757361
1311870492.243271 2.460891 -0.401656 0.938140 -0.039982 -0.590984 -0.275420 0.757155
1311870492.279278 2.462631 -0.403666 0.944584 -0.038214 -0.591739 -0.275164 0.756750
1311870492.311357 2.466851 -0.405495 0.950040 -0.037462 -0.592218 -0.275889 0.756148
1311870492.343260 2.466975 -0.406681 0.955741 -0.037575 -0.592226 -0.276830 0.755792
1311870492.379293 2.467705 -0.407470 0.960814 -0.037725 -0.592623 -0.276728 0.755511
1311870492.411353 2.468953 -0.408653 0.965688 -0.037971 -0.593656 -0.277070 0.754561
1311870492.443309 2.470088 -0.409841 0.971398 -0.038659 -0.594830 -0.277749 0.753351
1311870492.479330 2.471423 -0.412972 0.977640 -0.038729 -0.595909 -0.278616 0.752174
1311870492.511312 2.472729 -0.414552 0.982663 -0.038064 -0.596555 -0.279126 0.751506
1311870492.543335 2.475693 -0.414936 0.987779 -0.038014 -0.597290 -0.279654 0.750729
1311870492.579262 2.476846 -0.415992 0.993114 -0.038781 -0.597750 -0.280490 0.750011
1311870492.611395 2.477939 -0.417424 0.998035 -0.038954 -0.598181 -0.281439 0.749303
1311870492.643303 2.480079 -0.419845 1.003723 -0.038682 -0.598585 -0.283002 0.748405
1311870492.679416 2.481543 -0.421661 1.009012 -0.038629 -0.598444 -0.283925 0.748171
1311870492.711364 2.482168 -0.423635 1.013495 -0.038713 -0.598155 -0.284069 0.748342
1311870492.743283 2.484453 -0.425391 1.018639 -0.038423 -0.598300 -0.284604 0.748038
1311870492.779457 2.484854 -0.427286 1.023598 -0.038637 -0.598235 -0.284838 0.747991
1311870492.811340 2.485019 -0.428889 1.027744 -0.038274 -0.598211 -0.284040 0.748331
1311870492.843308 2.486001 -0.431166 1.031594 -0.037194 -0.598462 -0.283592 0.748355
1311870492.879362 2.488577 -0.433196 1.036087 -0.036351 -0.598520 -0.283200 0.748499
1311870492.911641 2.488272 -0.433307 1.039165 -0.036881 -0.598083 -0.281871 0.749323
1311870492.943380 2.486817 -0.433313 1.040734 -0.037845 -0.598693 -0.280294 0.749380
1311870492.979305 2.489014 -0.432034 1.045052 -0.039395 -0.600911 -0.279685 0.747750
1311870493.011429 2.487677 -0.432324 1.047178 -0.043093 -0.601721 -0.280240 0.746686
1311870493.043316 2.485632 -0.433238 1.049995 -0.046443 -0.602250 -0.279676 0.746270
1311870493.079222 2.484736 -0.434432 1.052894 -0.048684 -0.602451 -0.280261 0.745746
1311870493.111251 2.482952 -0.434568 1.056362 -0.049257 -0.601586 -0.281532 0.745928
1311870493.143285 2.480069 -0.434819 1.057283 -0.049519 -0.599651 -0.281712 0.747399
1311870493.179267 2.478478 -0.433971 1.057615 -0.049466 -0.598623 -0.281178 0.748427
1311870493.211286 2.477524 -0.433670 1.058266 -0.050141 -0.598438 -0.281830 0.748285
1311870493.243266 2.473261 -0.434862 1.060176 -0.051634 -0.598076 -0.281652 0.748539
1311870493.279326 2.468977 -0.434343 1.059842 -0.051569 -0.598032 -0.279295 0.749462
1311870493.311344 2.469063 -0.432315 1.059835 -0.051859 -0.599114 -0.277522 0.749236
1311870493.343296 2.464183 -0.431230 1.060386 -0.053312 -0.600300 -0.276014 0.748742
1311870493.379352 2.461826 -0.431631 1.060142 -0.053616 -0.601882 -0.274809 0.747893
1311870493.411505 2.463228 -0.434407 1.060996 -0.053418 -0.602929 -0.275013 0.746988
1311870493.443388 2.463312 -0.438297 1.061272 -0.053987 -0.602293 -0.275688 0.747211
1311870493.479434 2.459302 -0.439675 1.060610 -0.053575 -0.601199 -0.275553 0.748171
1311870493.511475 2.454579 -0.437561 1.060160 -0.052717 -0.600595 -0.274700 0.749031
1311870493.543377 2.452565 -0.438292 1.059487 -0.052990 -0.600679 -0.273500 0.749383
1311870493.579523 2.450222 -0.440365 1.059726 -0.053583 -0.600640 -0.272272 0.749819
1311870493.611605 2.446942 -0.442527 1.058903 -0.053207 -0.600003 -0.271226 0.750734
1311870493.643420 2.446784 -0.443251 1.058343 -0.051528 -0.598966 -0.271534 0.751568
1311870493.679357 2.446806 -0.446601 1.058384 -0.050126 -0.596780 -0.272081 0.753202
1311870493.711375 2.441013 -0.443694 1.058804 -0.047260 -0.593832 -0.271460 0.755936
1311870493.743403 2.440836 -0.442348 1.057980 -0.045405 -0.592088 -0.271988 0.757227
1311870493.779356 2.437071 -0.441965 1.057024 -0.044909 -0.591001 -0.272404 0.757956
1311870493.811365 2.438606 -0.442338 1.056994 -0.045168 -0.591252 -0.271423 0.758097
1311870493.843390 2.436264 -0.441310 1.057003 -0.046576 -0.590999 -0.271453 0.758198
1311870493.879323 2.431904 -0.441697 1.058603 -0.047141 -0.590731 -0.271969 0.758187
1311870493.911477 2.429230 -0.441826 1.059542 -0.045917 -0.590309 -0.272815 0.758287
1311870493.943368 2.427094 -0.441162 1.061128 -0.043690 -0.589953 -0.274834 0.757967
1311870493.979508 2.425968 -0.442473 1.062550 -0.042150 -0.589672 -0.276921 0.757512
1311870494.011888 2.421334 -0.443107 1.064302 -0.041221 -0.589399 -0.277226 0.757664
1311870494.043210 2.422256 -0.442409 1.065698 -0.040528 -0.590549 -0.276603 0.757034
1311870494.079376 2.417464 -0.442781 1.067946 -0.041579 -0.592227 -0.275984 0.755891
1311870494.111398 2.416346 -0.444144 1.071118 -0.042491 -0.594514 -0.275422 0.754248
1311870494.143313 2.413664 -0.446576 1.075156 -0.043423 -0.596390 -0.275497 0.752686
1311870494.179353 2.412588 -0.448704 1.079118 -0.043176 -0.597920 -0.275577 0.751455
1311870494.211397 2.409185 -0.450470 1.082796 -0.042462 -0.599218 -0.275716 0.750410
1311870494.243321 2.408165 -0.452737 1.086500 -0.040541 -0.601141 -0.276732 0.748602
1311870494.279553 2.406947 -0.455714 1.091161 -0.038440 -0.603106 -0.278512 0.746470
1311870494.311381 2.407526 -0.460943 1.096343 -0.036216 -0.604783 -0.279740 0.744763
1311870494.343373 2.409597 -0.463682 1.101092 -0.034592 -0.605739 -0.280231 0.743878
1311870494.379546 2.407768 -0.464949 1.105864 -0.034047 -0.606438 -0.279704 0.743532
1311870494.411300 2.408951 -0.466617 1.110614 -0.034379 -0.607560 -0.279318 0.742745
1311870494.443357 2.408531 -0.468499 1.117139 -0.035403 -0.609241 -0.280190 0.740989
1311870494.479365 2.407317 -0.471979 1.123119 -0.036536 -0.610772 -0.281816 0.739055
1311870494.511516 2.406591 -0.476247 1.128629 -0.036102 -0.611928 -0.283638 0.737422
1311870494.543527 2.406044 -0.479042 1.133824 -0.034562 -0.612730 -0.286001 0.735915
1311870494.579608 2.402888 -0.481110 1.139220 -0.033348 -0.613410 -0.287570 0.734792
1311870494.611451 2.403852 -0.483456 1.143362 -0.032484 -0.614924 -0.287637 0.733538
1311870494.643379 2.404098 -0.484650 1.147411 -0.032586 -0.617001 -0.288402 0.731487
1311870494.679420 2.404185 -0.487233 1.152052 -0.032995 -0.619375 -0.289535 0.729010
1311870494.711486 2.404422 -0.489982 1.156126 -0.033196 -0.621170 -0.290550 0.727067
1311870494.743354 2.405027 -0.491821 1.161448 -0.032869 -0.622951 -0.291787 0.725060
1311870494.779566 2.405357 -0.493722 1.165727 -0.032867 -0.624412 -0.293457 0.723127
1311870494.811428 2.406517 -0.496243 1.170083 -0.033913 -0.625513 -0.294438 0.721727
1311870494.843396 2.404137 -0.495863 1.174350 -0.034992 -0.626354 -0.295061 0.720691
1311870494.879540 2.402506 -0.495939 1.177709 -0.035462 -0.627636 -0.296015 0.719160
1311870494.911510 2.401205 -0.496489 1.180979 -0.035799 -0.629089 -0.296895 0.717509
1311870494.943602 2.401437 -0.498031 1.183781 -0.035955 -0.630692 -0.297459 0.715858
1311870494.979390 2.401229 -0.499539 1.187136 -0.035444 -0.632390 -0.298190 0.714079
1311870495.011491 2.403126 -0.500833 1.189766 -0.034565 -0.634014 -0.299329 0.712204
1311870495.043432 2.402257 -0.501652 1.192883 -0.034271 -0.635237 -0.300259 0.710735
1311870495.079467 2.402989 -0.503006 1.195137 -0.033641 -0.636427 -0.300766 0.709485
1311870495.111297 2.403122 -0.503519 1.197666 -0.032924 -0.637649 -0.301756 0.708000
1311870495.143348 2.402828 -0.504558 1.200080 -0.031971 -0.638956 -0.302734 0.706446
1311870495.179441 2.404258 -0.506005 1.202435 -0.030918 -0.640147 -0.303563 0.705057
1311870495.211492 2.404554 -0.506966 1.205122 -0.030300 -0.641077 -0.304224 0.703954
1311870495.243412 2.406178 -0.508412 1.207509 -0.029756 -0.642115 -0.304986 0.702699
1311870495.279615 2.406044 -0.509678 1.209949 -0.029305 -0.643015 -0.306349 0.701301
1311870495.311423 2.407278 -0.510702 1.212356 -0.028514 -0.644015 -0.307518 0.699903
1311870495.343427 2.407602 -0.510924 1.214414 -0.027727 -0.644851 -0.309257 0.698397
1311870495.379434 2.408527 -0.510929 1.215940 -0.026629 -0.645815 -0.310975 0.696784
1311870495.411446 2.410565 -0.510344 1.217211 -0.025977 -0.647130 -0.312804 0.694768
1311870495.443388 2.410982 -0.510730 1.219108 -0.026181 -0.648375 -0.314886 0.692655
1311870495.479588 2.410992 -0.509611 1.220162 -0.025493 -0.649632 -0.316762 0.690645
1311870495.511384 2.413208 -0.509105 1.220931 -0.025125 -0.651236 -0.319265 0.687990
1311870495.543386 2.413026 -0.508974 1.222721 -0.025032 -0.652603 -0.321712 0.685554
1311870495.579444 2.414781 -0.507686 1.223299 -0.025349 -0.654035 -0.323442 0.683360
1311870495.611710 2.413956 -0.506401 1.223986 -0.026133 -0.656057 -0.324924 0.680683
1311870495.643449 2.414609 -0.504453 1.222435 -0.026952 -0.658161 -0.326527 0.677848
1311870495.679371 2.415258 -0.504462 1.222320 -0.028228 -0.660643 -0.327486 0.674913
1311870495.711761 2.417651 -0.504799 1.223361 -0.029036 -0.662985 -0.328016 0.672319
1311870495.743600 2.420916 -0.507594 1.222889 -0.029930 -0.664238 -0.328328 0.670890
1311870495.779388 2.421195 -0.507062 1.221843 -0.029897 -0.664769 -0.328290 0.670383
1311870495.811625 2.421957 -0.507139 1.220121 -0.028347 -0.665506 -0.328163 0.669782
1311870495.843576 2.430510 -0.507154 1.217354 -0.027119 -0.666451 -0.328010 0.668967
1311870495.879595 2.431914 -0.505829 1.218322 -0.028360 -0.667336 -0.327017 0.668519
1311870495.911554 2.434011 -0.505666 1.215870 -0.029497 -0.667352 -0.325723 0.669086
1311870495.943537 2.437814 -0.505397 1.213578 -0.029906 -0.667099 -0.324906 0.669717
1311870495.979656 2.439998 -0.505335 1.211114 -0.029748 -0.666229 -0.324797 0.670642
1311870496.011625 2.442837 -0.505508 1.208654 -0.028501 -0.665058 -0.324293 0.672101
1311870496.043556 2.446588 -0.505026 1.204475 -0.027001 -0.663512 -0.324019 0.673821
1311870496.079440 2.450968 -0.504068 1.200862 -0.026574 -0.662564 -0.323333 0.675099
1311870496.111791 2.455036 -0.503712 1.196505 -0.027368 -0.661842 -0.322396 0.676223
1311870496.143401 2.457332 -0.503637 1.192617 -0.028252 -0.661248 -0.321097 0.677384
1311870496.179563 2.461605 -0.503034 1.187335 -0.028494 -0.661053 -0.319385 0.678373
1311870496.211581 2.465164 -0.502679 1.182716 -0.027850 -0.661002 -0.319114 0.678577
1311870496.243641 2.471010 -0.502285 1.177801 -0.026150 -0.660947 -0.319297 0.678612
1311870496.279839 2.478799 -0.499729 1.172600 -0.025620 -0.660372 -0.319207 0.679235
1311870496.311445 2.483564 -0.496998 1.167302 -0.026601 -0.659735 -0.318954 0.679934
1311870496.343426 2.488794 -0.494344 1.162662 -0.027737 -0.659657 -0.319295 0.679804
1311870496.379559 2.491678 -0.493232 1.159159 -0.028521 -0.659870 -0.320732 0.678888
1311870496.411605 2.497092 -0.492973 1.156266 -0.027805 -0.659502 -0.322145 0.678606
1311870496.443469 2.501400 -0.491404 1.153993 -0.026833 -0.658299 -0.322964 0.679424
1311870496.479565 2.505847 -0.488941 1.151285 -0.026268 -0.656940 -0.322907 0.680787
1311870496.511618 2.511091 -0.486754 1.148900 -0.025946 -0.656036 -0.323102 0.681578
1311870496.543663 2.513891 -0.486000 1.148665 -0.026348 -0.655396 -0.323556 0.681963
1311870496.579536 2.516911 -0.485729 1.148126 -0.025977 -0.654490 -0.323433 0.682905
1311870496.611486 2.521742 -0.485067 1.147692 -0.025574 -0.653311 -0.323454 0.684038
1311870496.643485 2.523034 -0.483793 1.148066 -0.025540 -0.652052 -0.323669 0.685138
1311870496.679506 2.526763 -0.483099 1.145319 -0.025453 -0.651283 -0.323252 0.686069
1311870496.711627 2.528815 -0.483831 1.146145 -0.026597 -0.651251 -0.322943 0.686202
1311870496.743548 2.528316 -0.485356 1.148221 -0.026890 -0.650941 -0.321948 0.686951
1311870496.779658 2.529214 -0.485590 1.148755 -0.025488 -0.650679 -0.320417 0.687968
1311870496.811666 2.535225 -0.485807 1.147086 -0.024223 -0.650921 -0.319372 0.688271
1311870496.843618 2.537064 -0.487147 1.147288 -0.024176 -0.651431 -0.318708 0.688098
1311870496.879599 2.538712 -0.488007 1.148073 -0.023809 -0.652611 -0.317482 0.687558
1311870496.911711 2.539874 -0.489769 1.150615 -0.023250 -0.653668 -0.316575 0.686992
1311870496.943683 2.541711 -0.492585 1.153120 -0.022473 -0.654319 -0.315369 0.686953
1311870496.979493 2.543624 -0.494079 1.154916 -0.021380 -0.655158 -0.314008 0.686812
1311870497.011669 2.544985 -0.496901 1.157920 -0.020408 -0.655974 -0.313441 0.686321
1311870497.043473 2.546057 -0.499561 1.161038 -0.018255 -0.656439 -0.313440 0.685938
1311870497.079687 2.548650 -0.501533 1.164238 -0.015875 -0.656865 -0.314063 0.685303
1311870497.111612 2.549190 -0.503519 1.168031 -0.013861 -0.657303 -0.314893 0.684546
1311870497.143721 2.551792 -0.505870 1.170913 -0.011994 -0.657830 -0.315454 0.683816
1311870497.179611 2.552323 -0.508125 1.176066 -0.011096 -0.658670 -0.316439 0.682567
1311870497.211751 2.551597 -0.510840 1.179652 -0.009504 -0.659447 -0.317521 0.681336
1311870497.243694 2.553754 -0.513580 1.184038 -0.008030 -0.660597 -0.318671 0.679703
1311870497.279855 2.553654 -0.516260 1.189430 -0.007122 -0.661781 -0.319171 0.678325
1311870497.311714 2.554707 -0.519246 1.194641 -0.006616 -0.663127 -0.319270 0.676967
1311870497.343508 2.555272 -0.522122 1.201245 -0.006855 -0.664473 -0.319396 0.675584
1311870497.379599 2.555615 -0.524794 1.207085 -0.007345 -0.665633 -0.319406 0.674432
1311870497.411557 2.556610 -0.526883 1.212812 -0.008082 -0.666774 -0.319840 0.673090
1311870497.443690 2.556384 -0.529379 1.219140 -0.008379 -0.668027 -0.320608 0.671476
1311870497.479735 2.557212 -0.532167 1.225169 -0.008517 -0.669346 -0.321723 0.669625
1311870497.511707 2.558364 -0.534554 1.231321 -0.009567 -0.670688 -0.322700 0.667796
1311870497.543641 2.557150 -0.536225 1.237756 -0.011190 -0.672338 -0.322873 0.666025
1311870497.579833 2.558053 -0.538410 1.243361 -0.012139 -0.674295 -0.323676 0.663636
1311870497.611790 2.559195 -0.541985 1.250040 -0.011896 -0.675834 -0.325669 0.661095
1311870497.643755 2.559664 -0.545810 1.256639 -0.011729 -0.676417 -0.326882 0.659902
1311870497.679782 2.559527 -0.546685 1.261977 -0.012339 -0.676921 -0.326019 0.659801
1311870497.711783 2.560239 -0.547957 1.268583 -0.013819 -0.678151 -0.325607 0.658712
1311870497.743625 2.559795 -0.550189 1.274276 -0.015557 -0.679469 -0.325998 0.657118
1311870497.779826 2.559677 -0.553421 1.280923 -0.016910 -0.680568 -0.325987 0.655952
1311870497.811723 2.559370 -0.555930 1.286567 -0.017391 -0.681038 -0.326212 0.655340
1311870497.843750 2.559945 -0.557781 1.291557 -0.016777 -0.681326 -0.327129 0.654599
1311870497.879674 2.560130 -0.558782 1.296616 -0.016100 -0.681550 -0.328095 0.653899
1311870497.911821 2.559694 -0.559578 1.300645 -0.015821 -0.681897 -0.328463 0.653360
1311870497.943701 2.561891 -0.560525 1.304345 -0.015863 -0.682312 -0.328819 0.652745
1311870497.979692 2.561045 -0.561210 1.308069 -0.015767 -0.682488 -0.330309 0.651811
1311870498.011908 2.560318 -0.562417 1.311439 -0.014809 -0.682701 -0.331721 0.650893
1311870498.043847 2.561746 -0.562335 1.313573 -0.013765 -0.682712 -0.332760 0.650373
1311870498.079623 2.561479 -0.562449 1.315948 -0.013708 -0.682623 -0.334003 0.649831
1311870498.111753 2.558671 -0.562031 1.317866 -0.013700 -0.682641 -0.334727 0.649440
1311870498.143624 2.558599 -0.561316 1.319261 -0.012982 -0.683147 -0.335511 0.648517
1311870498.179863 2.559043 -0.560774 1.319396 -0.012732 -0.683609 -0.336534 0.647504
1311870498.211623 2.557750 -0.560973 1.320107 -0.012981 -0.684029 -0.337279 0.646667
1311870498.243773 2.558448 -0.560673 1.319799 -0.012830 -0.684183 -0.337726 0.646274
1311870498.279753 2.556797 -0.561413 1.319836 -0.013046 -0.683880 -0.338469 0.646201
1311870498.311829 2.557408 -0.563715 1.319504 -0.012372 -0.682655 -0.338556 0.647463
1311870498.343830 2.557784 -0.564177 1.318744 -0.011708 -0.680280 -0.337784 0.650372
1311870498.379719 2.553034 -0.560886 1.317510 -0.010592 -0.677782 -0.336048 0.653890
1311870498.411770 2.555777 -0.555427 1.311778 -0.009969 -0.675922 -0.334210 0.656760
1311870498.443588 2.559048 -0.552702 1.306314 -0.011973 -0.674793 -0.334743 0.657615
1311870498.479824 2.554810 -0.549125 1.302478 -0.014723 -0.673795 -0.334840 0.658533
1311870498.511760 2.553452 -0.546599 1.297689 -0.016080 -0.672707 -0.334410 0.659830
1311870498.543664 2.550328 -0.544736 1.292028 -0.016116 -0.671227 -0.334309 0.661386
1311870498.579847 2.552096 -0.541777 1.283696 -0.015888 -0.669558 -0.333407 0.663536
1311870498.612284 2.551202 -0.539128 1.276024 -0.017642 -0.667818 -0.330576 0.666653
1311870498.643972 2.547550 -0.537073 1.268474 -0.019801 -0.666563 -0.326466 0.669867
1311870498.679748 2.549833 -0.536289 1.259731 -0.020658 -0.665837 -0.323121 0.672181
1311870498.711836 2.550996 -0.533647 1.251608 -0.021987 -0.664199 -0.320939 0.674800
1311870498.743611 2.550019 -0.528382 1.242757 -0.024516 -0.662031 -0.316963 0.678711
1311870498.779817 2.544518 -0.522867 1.232430 -0.027162 -0.660375 -0.313010 0.682050
1311870498.811828 2.542720 -0.519228 1.222173 -0.028211 -0.659866 -0.310319 0.683728
1311870498.843754 2.542046 -0.516292 1.211900 -0.028773 -0.659348 -0.308207 0.685158
1311870498.879682 2.539808 -0.513013 1.201879 -0.028813 -0.658250 -0.305346 0.687489
1311870498.911793 2.542768 -0.510367 1.192744 -0.028002 -0.656950 -0.302648 0.689955
1311870498.943959 2.543800 -0.505650 1.183567 -0.027797 -0.654866 -0.301719 0.692346
1311870498.979675 2.540160 -0.500309 1.173473 -0.027807 -0.652437 -0.300644 0.695102
1311870499.011674 2.538044 -0.493999 1.162765 -0.027102 -0.651288 -0.298156 0.697276
1311870499.047750 2.540753 -0.488185 1.153889 -0.026990 -0.651146 -0.297902 0.697520
1311870499.079561 2.538766 -0.484156 1.143922 -0.027017 -0.650007 -0.298884 0.698161
1311870499.111876 2.537097 -0.479407 1.136050 -0.026532 -0.648569 -0.298609 0.699633
1311870499.147720 2.536493 -0.475097 1.128450 -0.025811 -0.647141 -0.297511 0.701448
1311870499.179917 2.535376 -0.470794 1.121639 -0.024753 -0.645521 -0.297650 0.702919
1311870499.211843 2.532701 -0.467506 1.114492 -0.022965 -0.643644 -0.298069 0.704521
1311870499.247640 2.530726 -0.464031 1.107268 -0.021008 -0.642115 -0.297624 0.706164
1311870499.279843 2.530842 -0.460581 1.100880 -0.020185 -0.641026 -0.296676 0.707574
1311870499.311852 2.528322 -0.456725 1.095391 -0.020989 -0.640339 -0.295997 0.708457
1311870499.347761 2.524374 -0.454795 1.089403 -0.022413 -0.640516 -0.295689 0.708382
1311870499.379654 2.523198 -0.454688 1.081611 -0.023879 -0.640868 -0.295332 0.708165
1311870499.411904 2.520634 -0.454363 1.077268 -0.025625 -0.640838 -0.294806 0.708350
1311870499.447712 2.514051 -0.454180 1.071350 -0.026250 -0.639701 -0.294570 0.709452
1311870499.479701 2.508909 -0.453385 1.065186 -0.024812 -0.638743 -0.293810 0.710681
1311870499.511929 2.504940 -0.454370 1.059304 -0.022597 -0.637908 -0.293710 0.711546
1311870499.547724 2.501969 -0.454181 1.054718 -0.019544 -0.636991 -0.293911 0.712375
1311870499.580101 2.496515 -0.453069 1.050089 -0.017139 -0.635064 -0.293922 0.714150
1311870499.611806 2.491142 -0.450998 1.044114 -0.013974 -0.633619 -0.293306 0.715754
1311870499.647772 2.488404 -0.448143 1.038779 -0.011701 -0.632527 -0.293202 0.716802
1311870499.679669 2.484327 -0.445575 1.032424 -0.010898 -0.631270 -0.292834 0.718073
1311870499.711830 2.479587 -0.441034 1.026914 -0.010626 -0.630296 -0.292151 0.719209
1311870499.747903 2.475767 -0.439232 1.024061 -0.011208 -0.630109 -0.292980 0.719027
1311870499.779757 2.468550 -0.434945 1.018135 -0.012367 -0.628870 -0.294139 0.719619
1311870499.811836 2.457147 -0.432205 1.014389 -0.012429 -0.627721 -0.294494 0.720476
1311870499.847770 2.450917 -0.427899 1.008054 -0.009756 -0.626732 -0.295659 0.720901
1311870499.879787 2.441746 -0.424077 1.002780 -0.007628 -0.625615 -0.296883 0.721394
1311870499.911800 2.431651 -0.420654 0.996485 -0.006516 -0.624928 -0.295512 0.722562
1311870499.947701 2.426047 -0.420509 0.986734 -0.006355 -0.625509 -0.292743 0.723188
1311870499.979829 2.417545 -0.418864 0.980092 -0.005791 -0.626914 -0.291160 0.722614
1311870500.011682 2.412365 -0.418610 0.975101 -0.004713 -0.628508 -0.289766 0.721797
1311870500.047754 2.405907 -0.418209 0.972376 -0.004994 -0.628977 -0.287628 0.722242
1311870500.079955 2.396895 -0.418784 0.964940 -0.004578 -0.628020 -0.285708 0.723837
1311870500.111923 2.389417 -0.416884 0.959824 -0.001711 -0.627573 -0.284908 0.724553
1311870500.147807 2.381357 -0.415954 0.954812 0.000429 -0.626883 -0.284250 0.725410
1311870500.179782 2.375221 -0.414588 0.947749 0.001580 -0.625884 -0.282515 0.726947
1311870500.211909 2.367418 -0.410158 0.945261 0.002999 -0.625697 -0.281439 0.727521
1311870500.247783 2.362049 -0.406754 0.942179 0.003936 -0.624845 -0.282143 0.727975
1311870500.279624 2.353800 -0.404814 0.937035 0.003667 -0.623430 -0.282121 0.729198
1311870500.311946 2.348218 -0.401024 0.931618 0.003085 -0.622466 -0.281579 0.730232
1311870500.347791 2.341541 -0.397536 0.926049 0.003189 -0.621625 -0.282648 0.730536
1311870500.379875 2.339032 -0.392855 0.922649 0.002314 -0.620785 -0.284103 0.730689
1311870500.411721 2.331388 -0.391174 0.917800 -0.000894 -0.619309 -0.285098 0.731557
1311870500.447890 2.322054 -0.390423 0.911042 -0.002401 -0.618269 -0.286307 0.731960
1311870500.479808 2.315446 -0.391635 0.905406 -0.000615 -0.617778 -0.288122 0.731667
1311870500.511934 2.312988 -0.390123 0.901091 0.002982 -0.616488 -0.289183 0.732330
1311870500.547775 2.307694 -0.387583 0.893244 0.005485 -0.613982 -0.289138 0.734435
1311870500.579706 2.305468 -0.384552 0.886640 0.006902 -0.612678 -0.288493 0.735764
1311870500.611853 2.302023 -0.382950 0.880206 0.007212 -0.611293 -0.288179 0.737036
1311870500.647928 2.300772 -0.381793 0.873963 0.007124 -0.609745 -0.286823 0.738846
1311870500.679732 2.297269 -0.379155 0.868047 0.007480 -0.607422 -0.285661 0.741202
1311870500.711786 2.296116 -0.376078 0.862049 0.008443 -0.605064 -0.284543 0.743546
1311870500.747952 2.296422 -0.372733 0.855285 0.008166 -0.602280 -0.283248 0.746299
1311870500.779943 2.292999 -0.369427 0.844150 0.006955 -0.598590 -0.281411 0.749966
1311870500.811954 2.293463 -0.366121 0.835871 0.005985 -0.596389 -0.278626 0.752763
1311870500.848004 2.291572 -0.362688 0.825935 0.005012 -0.593971 -0.277060 0.755256
1311870500.880131 2.291286 -0.359610 0.814596 0.005475 -0.591632 -0.275124 0.757792
1311870500.911759 2.293460 -0.357002 0.804693 0.006389 -0.589355 -0.272573 0.760476
1311870500.947879 2.296100 -0.352856 0.793289 0.007272 -0.586433 -0.270692 0.763394
1311870500.979878 2.298158 -0.348322 0.779286 0.007525 -0.583287 -0.268065 0.766721
1311870501.011943 2.302796 -0.344946 0.769286 0.006555 -0.581182 -0.265052 0.769371
1311870501.047804 2.305472 -0.338023 0.756916 0.005362 -0.578378 -0.263264 0.772102
1311870501.079842 2.308482 -0.333346 0.742880 0.003548 -0.575920 -0.262036 0.774365
1311870501.111897 2.311164 -0.330545 0.732673 0.001055 -0.573578 -0.259707 0.776891
1311870501.147952 2.313222 -0.325555 0.720915 -0.002196 -0.570626 -0.257065 0.779935
1311870501.179865 2.311885 -0.321861 0.706245 -0.005603 -0.567561 -0.254223 0.783080
1311870501.211743 2.312459 -0.318672 0.694688 -0.007057 -0.566069 -0.250852 0.785232
1311870501.248040 2.316062 -0.315014 0.682656 -0.007411 -0.564894 -0.248893 0.786697
1311870501.279931 2.319050 -0.310998 0.672117 -0.007373 -0.562725 -0.248004 0.788530
1311870501.311750 2.321345 -0.307132 0.661205 -0.007413 -0.560016 -0.246419 0.790951
1311870501.348003 2.323920 -0.300748 0.650313 -0.008429 -0.557897 -0.244936 0.792897
1311870501.379857 2.324864 -0.293347 0.639074 -0.009350 -0.556442 -0.244834 0.793940
1311870501.411963 2.327087 -0.288427 0.630445 -0.010164 -0.554972 -0.245865 0.794640
1311870501.447890 2.326034 -0.282652 0.620470 -0.010205 -0.553221 -0.246457 0.795677
1311870501.479909 2.329110 -0.274789 0.610678 -0.010771 -0.553419 -0.246308 0.795578
1311870501.511909 2.329175 -0.269582 0.602635 -0.014584 -0.554466 -0.246593 0.794699
1311870501.548011 2.326506 -0.265326 0.594426 -0.016754 -0.555986 -0.248530 0.792989
1311870501.579810 2.326755 -0.263051 0.587095 -0.016911 -0.557271 -0.251911 0.791014
1311870501.612018 2.328461 -0.264746 0.581525 -0.016139 -0.557121 -0.254012 0.790464
1311870501.647864 2.327781 -0.262839 0.574795 -0.014634 -0.554927 -0.253893 0.792073
1311870501.679989 2.325248 -0.260444 0.567120 -0.013267 -0.552964 -0.253105 0.793721
1311870501.711907 2.325187 -0.257422 0.559631 -0.012591 -0.552543 -0.252257 0.794295
1311870501.747900 2.325592 -0.255015 0.554696 -0.013549 -0.552888 -0.251496 0.794280
1311870501.780039 2.323536 -0.252603 0.548685 -0.014760 -0.552636 -0.251211 0.794524
1311870501.812193 2.321403 -0.250100 0.543409 -0.014925 -0.552296 -0.251901 0.794539
1311870501.848089 2.317672 -0.248635 0.539040 -0.014532 -0.551523 -0.252501 0.794893
1311870501.879841 2.317221 -0.244127 0.535105 -0.013707 -0.550490 -0.252933 0.795486
1311870501.911796 2.310943 -0.240263 0.529885 -0.014314 -0.549183 -0.253726 0.796126
1311870501.947888 2.306199 -0.236054 0.522869 -0.014404 -0.549029 -0.254601 0.795951
1311870501.980072 2.301120 -0.232894 0.516785 -0.015094 -0.549187 -0.255288 0.795609
1311870502.011986 2.297028 -0.232989 0.517714 -0.015486 -0.549102 -0.254823 0.795810
1311870502.047757 2.291386 -0.234305 0.513545 -0.015299 -0.546753 -0.253125 0.797969
1311870502.080053 2.285566 -0.229404 0.508331 -0.013826 -0.544247 -0.250392 0.800567
1311870502.111939 2.278709 -0.227500 0.502361 -0.013487 -0.542653 -0.248616 0.802207
1311870502.148086 2.270462 -0.225484 0.495569 -0.012370 -0.541566 -0.247311 0.803362
1311870502.180123 2.263741 -0.225273 0.489985 -0.010422 -0.541187 -0.245760 0.804121
1311870502.211942 2.257921 -0.222024 0.484309 -0.008163 -0.541125 -0.244426 0.804595
1311870502.247902 2.251643 -0.220061 0.473433 -0.007185 -0.542271 -0.241977 0.804573
1311870502.279943 2.253899 -0.214655 0.465735 -0.008635 -0.545556 -0.239986 0.802932
1311870502.312128 2.247916 -0.212625 0.462074 -0.012407 -0.547674 -0.240574 0.801264
1311870502.348085 2.246211 -0.213912 0.457776 -0.016015 -0.547895 -0.241247 0.800846
1311870502.379971 2.235554 -0.210346 0.464318 -0.016890 -0.545496 -0.241130 0.802499
1311870502.411996 2.228105 -0.208046 0.460818 -0.017028 -0.541414 -0.239898 0.805624
1311870502.447989 2.217312 -0.205849 0.455848 -0.017376 -0.537296 -0.237372 0.809114
1311870502.480060 2.209110 -0.203515 0.446954 -0.017053 -0.534196 -0.234906 0.811888
1311870502.511998 2.204025 -0.202929 0.445076 -0.016462 -0.532564 -0.233887 0.813266
1311870502.547785 2.195614 -0.202319 0.441907 -0.016183 -0.530222 -0.232456 0.815210
1311870502.579726 2.187147 -0.199913 0.437009 -0.014751 -0.527795 -0.231048 0.817210
1311870502.611956 2.181713 -0.196978 0.426461 -0.012041 -0.525535 -0.231622 0.818547
1311870502.647923 2.178910 -0.193296 0.424088 -0.010247 -0.524458 -0.233359 0.818769
1311870502.679998 2.174802 -0.188577 0.418878 -0.011057 -0.522084 -0.233901 0.820120
1311870502.712040 2.170216 -0.187374 0.406013 -0.014517 -0.519284 -0.233975 0.821821
1311870502.748009 2.165307 -0.185109 0.395430 -0.017807 -0.518126 -0.236508 0.821762
1311870502.779903 2.157745 -0.187056 0.390809 -0.021046 -0.517835 -0.240234 0.820787
1311870502.812215 2.150310 -0.190154 0.387261 -0.020871 -0.516978 -0.242244 0.820741
1311870502.848251 2.146134 -0.189069 0.383058 -0.016771 -0.515599 -0.244288 0.821097
1311870502.879856 2.146340 -0.188085 0.374916 -0.013521 -0.512923 -0.246811 0.822078
1311870502.911868 2.139132 -0.187108 0.365872 -0.012135 -0.509050 -0.245986 0.824749
1311870502.947918 2.137659 -0.185099 0.355578 -0.011228 -0.507601 -0.244336 0.826145
1311870502.979904 2.134560 -0.183642 0.351640 -0.012339 -0.507550 -0.244123 0.826223
1311870503.012049 2.130363 -0.183840 0.345582 -0.011987 -0.506129 -0.244957 0.826853
1311870503.047853 2.129274 -0.186098 0.340775 -0.009831 -0.503847 -0.245934 0.827984
1311870503.080047 2.128353 -0.184071 0.335311 -0.007257 -0.499917 -0.245925 0.830393
1311870503.112061 2.126151 -0.181733 0.326713 -0.006270 -0.495543 -0.245269 0.833211
1311870503.148129 2.126089 -0.182299 0.315496 -0.007270 -0.491242 -0.244196 0.836060
1311870503.179945 2.123133 -0.180931 0.306993 -0.008199 -0.486735 -0.241922 0.839343
1311870503.212212 2.123402 -0.178687 0.298501 -0.009084 -0.481841 -0.240076 0.842681
1311870503.247900 2.120196 -0.175896 0.289482 -0.009877 -0.476095 -0.238472 0.846385
1311870503.280065 2.117763 -0.172085 0.277617 -0.010720 -0.470938 -0.236553 0.849792
1311870503.312120 2.111510 -0.168432 0.265953 -0.011498 -0.467708 -0.234391 0.852161
1311870503.347883 2.112603 -0.165793 0.253329 -0.011365 -0.466862 -0.233304 0.852924
1311870503.379934 2.111137 -0.163122 0.242554 -0.011671 -0.464984 -0.232446 0.854179
1311870503.412119 2.108804 -0.159909 0.230206 -0.011333 -0.462408 -0.231161 0.855929
1311870503.448175 2.108052 -0.155758 0.217604 -0.010928 -0.460601 -0.229167 0.857444
1311870503.480013 2.108699 -0.152073 0.204739 -0.011333 -0.459241 -0.227829 0.858524
1311870503.512104 2.105751 -0.148596 0.193887 -0.012117 -0.457645 -0.225804 0.859899
1311870503.548220 2.106841 -0.144869 0.181485 -0.011564 -0.456460 -0.224920 0.860768
1311870503.580038 2.109296 -0.142295 0.169712 -0.012571 -0.455006 -0.225131 0.861468
1311870503.612142 2.108641 -0.137605 0.160171 -0.015094 -0.452864 -0.224340 0.862762
1311870503.648065 2.103398 -0.133122 0.150680 -0.017977 -0.451608 -0.223160 0.863671
1311870503.680293 2.103104 -0.130570 0.141671 -0.020094 -0.451274 -0.222631 0.863935
1311870503.711937 2.102980 -0.128079 0.133745 -0.022071 -0.449776 -0.222150 0.864791
1311870503.748145 2.099890 -0.125191 0.127028 -0.023639 -0.447246 -0.220251 0.866546
1311870503.780083 2.094648 -0.121408 0.118328 -0.023296 -0.445106 -0.217831 0.868267
1311870503.811910 2.094338 -0.118222 0.109238 -0.022312 -0.444798 -0.217660 0.868493
1311870503.848056 2.091490 -0.115016 0.102474 -0.022146 -0.444490 -0.216706 0.868894
1311870503.880025 2.089706 -0.111857 0.095302 -0.021794 -0.444432 -0.214900 0.869381
1311870503.912091 2.089731 -0.109232 0.088841 -0.021643 -0.444867 -0.214678 0.869217
1311870503.948251 2.088479 -0.106928 0.083696 -0.022102 -0.444839 -0.215821 0.868937
1311870503.980018 2.084240 -0.105059 0.081222 -0.021722 -0.443977 -0.216662 0.869178
1311870504.011998 2.081797 -0.103424 0.077604 -0.020148 -0.442557 -0.217131 0.869822
1311870504.048156 2.080137 -0.102107 0.074481 -0.018942 -0.441034 -0.217357 0.870567
1311870504.079934 2.076073 -0.100357 0.071548 -0.018400 -0.439623 -0.216984 0.871384
1311870504.111962 2.073268 -0.099049 0.069319 -0.018197 -0.439081 -0.216178 0.871862
1311870504.148039 2.070108 -0.098022 0.068412 -0.018548 -0.438432 -0.214895 0.872498
1311870504.179932 2.066652 -0.098181 0.066818 -0.018016 -0.437442 -0.214283 0.873157
1311870504.212116 2.063995 -0.098152 0.065935 -0.017256 -0.436356 -0.213761 0.873843
1311870504.247918 2.061992 -0.097339 0.065344 -0.017089 -0.435229 -0.212644 0.874680
1311870504.280084 2.057610 -0.097439 0.064946 -0.017815 -0.434468 -0.211628 0.875291
1311870504.312060 2.055025 -0.097101 0.064923 -0.019000 -0.434506 -0.210306 0.875566
1311870504.348035 2.049335 -0.096842 0.066373 -0.021204 -0.434544 -0.208649 0.875892
1311870504.379984 2.044184 -0.097505 0.068402 -0.022364 -0.434933 -0.207702 0.875895
1311870504.412305 2.039325 -0.099201 0.070530 -0.022785 -0.434918 -0.207203 0.876010
1311870504.448107 2.036663 -0.101634 0.073009 -0.023277 -0.434051 -0.206639 0.876560
1311870504.480201 2.034284 -0.105367 0.075825 -0.024208 -0.431673 -0.205149 0.878058
1311870504.512082 2.027279 -0.106755 0.078100 -0.024467 -0.428595 -0.201998 0.880287
1311870504.548048 2.023650 -0.106755 0.078930 -0.024451 -0.426842 -0.200035 0.881586
1311870504.580075 2.018275 -0.107366 0.082364 -0.026140 -0.425649 -0.197473 0.882691
1311870504.611994 2.009879 -0.108486 0.086998 -0.027104 -0.424938 -0.193820 0.883814
1311870504.647976 2.005867 -0.111907 0.089403 -0.026642 -0.425015 -0.193040 0.883962
1311870504.680079 2.002854 -0.115485 0.093197 -0.025586 -0.424739 -0.193900 0.883937
1311870504.712331 1.997432 -0.117373 0.098449 -0.024126 -0.423281 -0.193105 0.884851
1311870504.748338 1.993788 -0.120784 0.102583 -0.022572 -0.421538 -0.191571 0.886057
1311870504.780163 1.992463 -0.127605 0.108002 -0.022113 -0.419581 -0.190579 0.887210
1311870504.812036 1.989365 -0.133465 0.115459 -0.021097 -0.416721 -0.187834 0.889166
1311870504.847987 1.983959 -0.134796 0.121230 -0.018645 -0.413379 -0.184985 0.891376
1311870504.880042 1.979978 -0.137027 0.125130 -0.016332 -0.411210 -0.183092 0.892814
1311870504.912228 1.978507 -0.138580 0.129672 -0.015361 -0.409588 -0.182026 0.893794
1311870504.948276 1.973888 -0.140530 0.141271 -0.015188 -0.407615 -0.181031 0.894901
1311870504.980118 1.969872 -0.142857 0.145482 -0.015448 -0.405585 -0.179999 0.896026
1311870505.012129 1.966760 -0.147537 0.147485 -0.015829 -0.403795 -0.179237 0.896980
1311870505.048023 1.964624 -0.150850 0.149728 -0.016473 -0.401003 -0.178142 0.898438
1311870505.079992 1.959408 -0.154993 0.151551 -0.017581 -0.397017 -0.175410 0.900722
1311870505.112129 1.956038 -0.156717 0.150636 -0.018144 -0.393341 -0.172479 0.902887
1311870505.148203 1.951107 -0.157414 0.148876 -0.019132 -0.390150 -0.170614 0.904604
1311870505.180166 1.948196 -0.157583 0.146930 -0.020691 -0.388520 -0.170008 0.905385
1311870505.212050 1.944725 -0.160746 0.147194 -0.024369 -0.388054 -0.169247 0.905635
1311870505.248098 1.941274 -0.163017 0.145230 -0.027286 -0.387678 -0.168687 0.905818
1311870505.280043 1.937587 -0.164240 0.142327 -0.030241 -0.387058 -0.169030 0.905925
1311870505.312143 1.935541 -0.164559 0.140331 -0.033104 -0.386435 -0.171637 0.905601
1311870505.348172 1.932171 -0.166884 0.140234 -0.037044 -0.384301 -0.175336 0.905648
1311870505.380043 1.929591 -0.170839 0.139421 -0.039914 -0.381599 -0.175504 0.906635
1311870505.412169 1.927762 -0.171196 0.136409 -0.041531 -0.377843 -0.174865 0.908258
1311870505.448014 1.926876 -0.169366 0.131359 -0.043511 -0.373667 -0.174762 0.909911
1311870505.480019 1.916012 -0.163081 0.115269 -0.048576 -0.369016 -0.172218 0.912035
1311870505.512232 1.913008 -0.162285 0.113855 -0.056490 -0.373652 -0.170663 0.909982
1311870505.548014 1.908224 -0.166254 0.113021 -0.062406 -0.376745 -0.173203 0.907838
1311870505.580109 1.908412 -0.171919 0.126189 -0.062185 -0.378147 -0.173117 0.907286
1311870505.612208 1.912456 -0.177112 0.111109 -0.058700 -0.375046 -0.175227 0.908400
1311870505.648216 1.914628 -0.190567 0.120669 -0.058788 -0.372581 -0.172452 0.909938
1311870505.679928 1.908295 -0.198912 0.086411 -0.054956 -0.363389 -0.170156 0.914317
1311870505.712188 1.904208 -0.197104 0.087294 -0.052495 -0.361694 -0.164174 0.916225
1311870505.748044 1.920018 -0.221433 0.096402 -0.059258 -0.369289 -0.164506 0.912717
1311870505.780026 1.933320 -0.232658 0.110607 -0.064972 -0.378590 -0.158435 0.909586
1311870505.812150 1.943203 -0.241027 0.113011 -0.068749 -0.383726 -0.153717 0.907964
1311870505.848080 1.936063 -0.241293 0.101717 -0.070735 -0.381907 -0.151896 0.908885
1311870505.880081 1.929043 -0.245014 0.099036 -0.070943 -0.378340 -0.148077 0.910988
1311870505.912493 1.930197 -0.249814 0.092698 -0.068000 -0.374450 -0.145009 0.913310
1311870505.948256 1.925129 -0.251370 0.080954 -0.064897 -0.370026 -0.144859 0.915361
1311870505.980101 1.919880 -0.253215 0.071110 -0.063263 -0.367463 -0.144490 0.916565
1311870506.012380 1.915362 -0.252245 0.060827 -0.062469 -0.365492 -0.143821 0.917512
1311870506.048206 1.908234 -0.253067 0.054207 -0.063532 -0.365247 -0.143379 0.917606
1311870506.080230 1.904762 -0.259557 0.052384 -0.063736 -0.365717 -0.143864 0.917329
1311870506.112131 1.903029 -0.264252 0.049494 -0.061761 -0.364447 -0.144600 0.917853
1311870506.148026 1.898417 -0.269325 0.043208 -0.059708 -0.361471 -0.144790 0.919135
1311870506.180306 1.892065 -0.270765 0.036850 -0.057663 -0.358580 -0.143517 0.920597
1311870506.212158 1.886285 -0.269995 0.032734 -0.055197 -0.356802 -0.141854 0.921696
1311870506.248184 1.882041 -0.268746 0.033705 -0.052679 -0.356226 -0.141165 0.922171
1311870506.280374 1.877752 -0.266122 0.030627 -0.051062 -0.355468 -0.141036 0.922575
1311870506.311921 1.870509 -0.266863 0.024982 -0.051375 -0.354390 -0.139488 0.923207
1311870506.348187 1.861932 -0.267448 0.020063 -0.052734 -0.354501 -0.137612 0.923369
1311870506.380127 1.856623 -0.265270 0.021057 -0.054026 -0.356775 -0.137046 0.922503
1311870506.412264 1.850850 -0.270825 0.028368 -0.056124 -0.358165 -0.137243 0.921809
1311870506.448069 1.842465 -0.273219 0.028248 -0.055141 -0.356172 -0.136584 0.922738
1311870506.480103 1.834087 -0.273359 0.023562 -0.052800 -0.353107 -0.134950 0.924292
1311870506.512268 1.827301 -0.269697 0.022308 -0.050359 -0.352225 -0.133928 0.924913
1311870506.548161 1.820535 -0.267635 0.022661 -0.049264 -0.352513 -0.133012 0.924995
1311870506.580315 1.812767 -0.268938 0.021724 -0.048646 -0.352189 -0.131101 0.925424
1311870506.612421 1.806586 -0.269956 0.020902 -0.046913 -0.351182 -0.130633 0.925962
1311870506.648075 1.798181 -0.269591 0.020798 -0.044868 -0.349226 -0.129834 0.926915
1311870506.680223 1.790858 -0.267807 0.024411 -0.043401 -0.349102 -0.126180 0.927536
1311870506.712116 1.778293 -0.268279 0.018762 -0.043606 -0.348312 -0.122581 0.928305
1311870506.748348 1.772668 -0.269191 0.020777 -0.042661 -0.350049 -0.121297 0.927865
1311870506.780407 1.763418 -0.271051 0.023305 -0.040876 -0.349964 -0.123837 0.927642
1311870506.812568 1.753425 -0.270578 0.022037 -0.039195 -0.348957 -0.124904 0.927950
1311870506.848233 1.742194 -0.270584 0.021401 -0.039885 -0.348750 -0.123428 0.928196
1311870506.880285 1.734663 -0.272701 0.024004 -0.041233 -0.349730 -0.122354 0.927911
1311870506.912274 1.723228 -0.279396 0.026209 -0.041610 -0.348692 -0.123484 0.928135
1311870506.948074 1.713082 -0.284395 0.027999 -0.039394 -0.347144 -0.123267 0.928840
1311870506.980175 1.700455 -0.285021 0.026503 -0.035281 -0.345012 -0.120532 0.930158
1311870507.012290 1.692923 -0.286065 0.026863 -0.032255 -0.345177 -0.117715 0.930568
1311870507.048124 1.680564 -0.288260 0.023725 -0.031148 -0.344704 -0.116511 0.930932
1311870507.080403 1.669752 -0.288655 0.021270 -0.029783 -0.345420 -0.113095 0.931133
1311870507.112226 1.661810 -0.288753 0.019385 -0.028925 -0.347433 -0.110314 0.930744
1311870507.148230 1.653852 -0.290107 0.022395 -0.029276 -0.349453 -0.108923 0.930140
1311870507.180282 1.645034 -0.291511 0.024937 -0.028295 -0.349811 -0.108548 0.930080
1311870507.212880 1.636646 -0.291456 0.023081 -0.027131 -0.348744 -0.109922 0.930354
1311870507.248294 1.626462 -0.291339 0.021640 -0.027429 -0.347535 -0.110876 0.930685
1311870507.280550 1.616230 -0.292816 0.021125 -0.028166 -0.346675 -0.111843 0.930867
1311870507.312261 1.604746 -0.294258 0.019188 -0.027799 -0.345782 -0.114351 0.930906
1311870507.348220 1.597065 -0.297904 0.019628 -0.027771 -0.345744 -0.116757 0.930622
1311870507.380398 1.590181 -0.301256 0.020044 -0.027737 -0.344266 -0.117928 0.931023
1311870507.412372 1.583766 -0.304900 0.020307 -0.027563 -0.341111 -0.118506 0.932116
1311870507.448147 1.572103 -0.304690 0.017711 -0.026404 -0.336057 -0.118805 0.933945
1311870507.480449 1.561342 -0.302333 0.014186 -0.026177 -0.332500 -0.118216 0.935299
1311870507.512338 1.551948 -0.301872 0.011391 -0.027703 -0.330319 -0.117943 0.936062
1311870507.548409 1.544057 -0.301854 0.008412 -0.029093 -0.328282 -0.117920 0.936739
1311870507.580256 1.534460 -0.304022 0.005813 -0.030262 -0.325196 -0.117604 0.937817
1311870507.612370 1.527630 -0.305119 0.001304 -0.029563 -0.321827 -0.116638 0.939121
1311870507.648289 1.519811 -0.305315 -0.004390 -0.028552 -0.317057 -0.116143 0.940835
1311870507.680356 1.509099 -0.304039 -0.010806 -0.027718 -0.312174 -0.114741 0.942663
1311870507.712294 1.498305 -0.299872 -0.017957 -0.026809 -0.309449 -0.112590 0.943846
1311870507.748317 1.492937 -0.296396 -0.024649 -0.027976 -0.309109 -0.110510 0.944170
1311870507.780969 1.484809 -0.297883 -0.029653 -0.031093 -0.308170 -0.108296 0.944636
1311870507.812477 1.477320 -0.299012 -0.035018 -0.032782 -0.307890 -0.105878 0.944944
1311870507.848660 1.473170 -0.301481 -0.039350 -0.034289 -0.307630 -0.104118 0.945171
1311870507.881029 1.466409 -0.302932 -0.043586 -0.035800 -0.305495 -0.100391 0.946210
1311870507.912585 1.459689 -0.303403 -0.049219 -0.036877 -0.303720 -0.096297 0.947165
1311870507.948307 1.456326 -0.307233 -0.052781 -0.037691 -0.302192 -0.095944 0.947657
1311870507.980465 1.449716 -0.309005 -0.057996 -0.037699 -0.298137 -0.095355 0.949000
1311870508.012439 1.441936 -0.310303 -0.063297 -0.038697 -0.294633 -0.092931 0.950293
1311870508.048355 1.439164 -0.315916 -0.065655 -0.039361 -0.291443 -0.092791 0.951263
1311870508.080440 1.435268 -0.319403 -0.068379 -0.039376 -0.284923 -0.092704 0.953244
1311870508.112310 1.425758 -0.319063 -0.074558 -0.039623 -0.278132 -0.090676 0.955432
1311870508.148533 1.415703 -0.320472 -0.079686 -0.040918 -0.273930 -0.089633 0.956689
1311870508.180363 1.408430 -0.323285 -0.085122 -0.042193 -0.271022 -0.088465 0.957570
1311870508.216310 1.402519 -0.328173 -0.088590 -0.043642 -0.268649 -0.086243 0.958376
1311870508.248163 1.398356 -0.332041 -0.092189 -0.043517 -0.265947 -0.083845 0.959348
1311870508.280508 1.395755 -0.335063 -0.095960 -0.043011 -0.261960 -0.082977 0.960542
1311870508.316252 1.389804 -0.338521 -0.098926 -0.042314 -0.256431 -0.083163 0.962048
1311870508.348284 1.384509 -0.343444 -0.102084 -0.041112 -0.250548 -0.083144 0.963651
1311870508.380490 1.375865 -0.344336 -0.106881 -0.039637 -0.244995 -0.082435 0.965200
1311870508.416350 1.368774 -0.344533 -0.111169 -0.038630 -0.241911 -0.081682 0.966082
1311870508.448193 1.362568 -0.345154 -0.114741 -0.038687 -0.239715 -0.081518 0.966641
1311870508.480243 1.357593 -0.346916 -0.117816 -0.039734 -0.237803 -0.081494 0.967073
1311870508.516262 1.353662 -0.351143 -0.118281 -0.040827 -0.235484 -0.082142 0.967540
1311870508.548342 1.349063 -0.354196 -0.118970 -0.041372 -0.231628 -0.083447 0.968335
1311870508.580613 1.342964 -0.355011 -0.120218 -0.041787 -0.226809 -0.083558 0.969448
1311870508.616329 1.334767 -0.357680 -0.119889 -0.042670 -0.222256 -0.083053 0.970507
1311870508.648331 1.329740 -0.357343 -0.121687 -0.043158 -0.219068 -0.083738 0.971151
1311870508.680410 1.326209 -0.357407 -0.117353 -0.044515 -0.217100 -0.085351 0.971391
1311870508.716325 1.319192 -0.359434 -0.115988 -0.045823 -0.215096 -0.085879 0.971730
1311870508.748532 1.313031 -0.360710 -0.115419 -0.047046 -0.212859 -0.086228 0.972133
1311870508.780358 1.305725 -0.363380 -0.112758 -0.048443 -0.210287 -0.086013 0.972643
1311870508.816297 1.297227 -0.363865 -0.110806 -0.049043 -0.208262 -0.083754 0.973246
1311870508.848360 1.290345 -0.363096 -0.108569 -0.049319 -0.208642 -0.081170 0.973369
1311870508.880221 1.285554 -0.365449 -0.106052 -0.050457 -0.209763 -0.078920 0.973255
1311870508.916285 1.279308 -0.370656 -0.104033 -0.051617 -0.209968 -0.076561 0.973338
1311870508.948861 1.273767 -0.372413 -0.102875 -0.052101 -0.209897 -0.074967 0.973452
1311870508.980480 1.268182 -0.374987 -0.100398 -0.052601 -0.209752 -0.074286 0.973508
1311870509.016227 1.262312 -0.375748 -0.098029 -0.052654 -0.209686 -0.073652 0.973568
1311870509.049529 1.259910 -0.376884 -0.095691 -0.053123 -0.209368 -0.073472 0.973625
1311870509.081271 1.251971 -0.384782 -0.093936 -0.054520 -0.205966 -0.074386 0.974203
1311870509.116238 1.245529 -0.391379 -0.090525 -0.054388 -0.202634 -0.074871 0.974872
1311870509.148336 1.239584 -0.395747 -0.087849 -0.052848 -0.199958 -0.074126 0.975566
1311870509.180552 1.231322 -0.393505 -0.087470 -0.051074 -0.198455 -0.073572 0.976009
1311870509.216279 1.223442 -0.395052 -0.086186 -0.050090 -0.198401 -0.074300 0.976016
1311870509.248341 1.217996 -0.400377 -0.084117 -0.049633 -0.197825 -0.074184 0.976165
1311870509.280562 1.213662 -0.402118 -0.081932 -0.048967 -0.196790 -0.072852 0.976508
1311870509.316445 1.204972 -0.404009 -0.081017 -0.048701 -0.195521 -0.071321 0.976889
1311870509.348401 1.197134 -0.405152 -0.080274 -0.048587 -0.195942 -0.070313 0.976884
1311870509.380502 1.195154 -0.406501 -0.077511 -0.048651 -0.197102 -0.070169 0.976658
1311870509.417033 1.190051 -0.412340 -0.075815 -0.048598 -0.195163 -0.070408 0.977032
1311870509.448306 1.183283 -0.407879 -0.076508 -0.046483 -0.192244 -0.070617 0.977699
1311870509.480826 1.177357 -0.406060 -0.076573 -0.046861 -0.190631 -0.071574 0.977927
1311870509.516377 1.171696 -0.410568 -0.074285 -0.048546 -0.189324 -0.072605 0.978023
1311870509.548536 1.162296 -0.412986 -0.076289 -0.048033 -0.186179 -0.074015 0.978546
1311870509.580402 1.155528 -0.415424 -0.077012 -0.047042 -0.182659 -0.074338 0.979233
1311870509.616459 1.151501 -0.416024 -0.075465 -0.046185 -0.179565 -0.072789 0.979962
1311870509.648358 1.145435 -0.415819 -0.077165 -0.045250 -0.176315 -0.070795 0.980741
1311870509.680313 1.135456 -0.411568 -0.082543 -0.044555 -0.172993 -0.069881 0.981430
1311870509.716502 1.127641 -0.412758 -0.084750 -0.045807 -0.170394 -0.070091 0.981812
1311870509.748527 1.121283 -0.413106 -0.086859 -0.046400 -0.166951 -0.069657 0.982406
1311870509.780511 1.114286 -0.412648 -0.089209 -0.046596 -0.162955 -0.069185 0.983101
1311870509.816617 1.110418 -0.409932 -0.092907 -0.046120 -0.159033 -0.069689 0.983730
1311870509.848435 1.101946 -0.409144 -0.096519 -0.046931 -0.154097 -0.069811 0.984468
1311870509.880414 1.089084 -0.406885 -0.105033 -0.047330 -0.148252 -0.069283 0.985384
1311870509.916377 1.078464 -0.403060 -0.110831 -0.047707 -0.144177 -0.068269 0.986041
1311870509.948447 1.075528 -0.400427 -0.114489 -0.049007 -0.143011 -0.067325 0.986212
1311870509.980798 1.062993 -0.400302 -0.121343 -0.050492 -0.139453 -0.064868 0.986811
1311870510.016412 1.053754 -0.398125 -0.126393 -0.051275 -0.137844 -0.060171 0.987294
1311870510.048898 1.049350 -0.394420 -0.133182 -0.052041 -0.137483 -0.056355 0.987529
1311870510.080560 1.041155 -0.392107 -0.138064 -0.054150 -0.135389 -0.053242 0.987878
1311870510.116341 1.034031 -0.390994 -0.140837 -0.055968 -0.132995 -0.049038 0.988319
1311870510.148444 1.022086 -0.388060 -0.147352 -0.057015 -0.130600 -0.044667 0.988786
1311870510.180473 1.013800 -0.383196 -0.153497 -0.058586 -0.130863 -0.041830 0.988784
1311870510.216558 1.008340 -0.383858 -0.156378 -0.061157 -0.130011 -0.040676 0.988788
1311870510.248324 1.002594 -0.385205 -0.159624 -0.062320 -0.126375 -0.039309 0.989242
1311870510.280622 0.994545 -0.382329 -0.162797 -0.062528 -0.121695 -0.038140 0.989862
1311870510.316572 0.981665 -0.378461 -0.169429 -0.062118 -0.117443 -0.037739 0.990416
1311870510.348425 0.970079 -0.374074 -0.174142 -0.062431 -0.116084 -0.037228 0.990576
1311870510.380363 0.963869 -0.373303 -0.178911 -0.063473 -0.117080 -0.037306 0.990390
1311870510.416479 0.957971 -0.373228 -0.182903 -0.064608 -0.116506 -0.038368 0.990343
1311870510.448483 0.950493 -0.373580 -0.184871 -0.064652 -0.114587 -0.039240 0.990530
1311870510.480414 0.944530 -0.372659 -0.186802 -0.063731 -0.112923 -0.040185 0.990743
1311870510.516466 0.934819 -0.370966 -0.189940 -0.062595 -0.111187 -0.041515 0.990957
1311870510.548480 0.927082 -0.369514 -0.192748 -0.062121 -0.110731 -0.042759 0.990985
1311870510.580413 0.920008 -0.369581 -0.194794 -0.061529 -0.109769 -0.043650 0.991090
1311870510.616534 0.912150 -0.367691 -0.197060 -0.060618 -0.108763 -0.044149 0.991235
1311870510.648602 0.904654 -0.365520 -0.199815 -0.060136 -0.108608 -0.045244 0.991232
1311870510.680582 0.898589 -0.365455 -0.200419 -0.060487 -0.108604 -0.046816 0.991138
1311870510.716517 0.891642 -0.364331 -0.201267 -0.059813 -0.107796 -0.047741 0.991223
1311870510.748610 0.883702 -0.361650 -0.201951 -0.059360 -0.107580 -0.048302 0.991247
1311870510.780777 0.877782 -0.357944 -0.202871 -0.059668 -0.108329 -0.049193 0.991103
1311870510.816493 0.869583 -0.358673 -0.202124 -0.061292 -0.108052 -0.049867 0.991000
1311870510.848414 0.863718 -0.357350 -0.201025 -0.061817 -0.108441 -0.050362 0.990900
1311870510.880533 0.855883 -0.355934 -0.199499 -0.062584 -0.108434 -0.050851 0.990828
1311870510.916516 0.847367 -0.355713 -0.197307 -0.063665 -0.109246 -0.050075 0.990709
1311870510.948628 0.839093 -0.355976 -0.195507 -0.064279 -0.110313 -0.048152 0.990647
1311870510.980593 0.830997 -0.355195 -0.193650 -0.064416 -0.112549 -0.046731 0.990454
1311870511.016518 0.824435 -0.354280 -0.192245 -0.065011 -0.115191 -0.046253 0.990134
1311870511.048272 0.816075 -0.353435 -0.189284 -0.065704 -0.116222 -0.046368 0.989962
1311870511.080594 0.807865 -0.353438 -0.186083 -0.065966 -0.116058 -0.047350 0.989918
1311870511.116574 0.798639 -0.355048 -0.182439 -0.066100 -0.115311 -0.050368 0.989847
1311870511.148539 0.787160 -0.356869 -0.179452 -0.065264 -0.115079 -0.052763 0.989805
1311870511.180618 0.776937 -0.357120 -0.177442 -0.064135 -0.115504 -0.053278 0.989801
1311870511.216596 0.768217 -0.360516 -0.173438 -0.063854 -0.116410 -0.052385 0.989761
1311870511.248758 0.758867 -0.362311 -0.170036 -0.063113 -0.117479 -0.050232 0.989794
1311870511.280598 0.750253 -0.361794 -0.168490 -0.062563 -0.118727 -0.047558 0.989812
1311870511.316555 0.741514 -0.364962 -0.166298 -0.063409 -0.119754 -0.046834 0.989669
1311870511.348626 0.734069 -0.370662 -0.160581 -0.063279 -0.120326 -0.048480 0.989529
1311870511.380430 0.725340 -0.375938 -0.156608 -0.061425 -0.119543 -0.050671 0.989631
1311870511.416519 0.715359 -0.380774 -0.153702 -0.059072 -0.117888 -0.051813 0.989913
1311870511.448601 0.705715 -0.384790 -0.150146 -0.055934 -0.116546 -0.052264 0.990231
1311870511.481030 0.694650 -0.384934 -0.148252 -0.052668 -0.116018 -0.052061 0.990483
1311870511.516401 0.685175 -0.382943 -0.146927 -0.050787 -0.117315 -0.051683 0.990448
1311870511.548648 0.675888 -0.385632 -0.142087 -0.049994 -0.118644 -0.052171 0.990304
1311870511.580577 0.667732 -0.389962 -0.138665 -0.047978 -0.119599 -0.053147 0.990237
1311870511.616618 0.664460 -0.388682 -0.136264 -0.045193 -0.119522 -0.052648 0.990404
1311870511.648634 0.654135 -0.386382 -0.134675 -0.044052 -0.117290 -0.050587 0.990830
1311870511.680528 0.645061 -0.384822 -0.131595 -0.044506 -0.116713 -0.048779 0.990968
1311870511.716482 0.637092 -0.382441 -0.129055 -0.045333 -0.117107 -0.048790 0.990884
1311870511.749418 0.632203 -0.382393 -0.124878 -0.047230 -0.116977 -0.049456 0.990777
1311870511.780714 0.627725 -0.382668 -0.121169 -0.048522 -0.114780 -0.050560 0.990916
1311870511.816641 0.620103 -0.383352 -0.117417 -0.049368 -0.110767 -0.052013 0.991256
1311870511.848452 0.610361 -0.382096 -0.114348 -0.049882 -0.106558 -0.053367 0.991619
1311870511.880710 0.600432 -0.378041 -0.112805 -0.050010 -0.103634 -0.054334 0.991870
1311870511.916572 0.593591 -0.374514 -0.110676 -0.051962 -0.101646 -0.054648 0.991959
1311870511.948849 0.588241 -0.375556 -0.108480 -0.053865 -0.099611 -0.054967 0.992046
1311870511.980637 0.580853 -0.374145 -0.106533 -0.054284 -0.095913 -0.055772 0.992342
1311870512.016557 0.573162 -0.372358 -0.105957 -0.053947 -0.091537 -0.056036 0.992759
1311870512.049201 0.568054 -0.369972 -0.106374 -0.053969 -0.087821 -0.054612 0.993173
1311870512.080554 0.562649 -0.365732 -0.107854 -0.054849 -0.084267 -0.052670 0.993537
1311870512.116670 0.555165 -0.362606 -0.108339 -0.056468 -0.080817 -0.051176 0.993811
1311870512.148844 0.547163 -0.359295 -0.109923 -0.057931 -0.077284 -0.050263 0.994055
1311870512.180555 0.540362 -0.357796 -0.111745 -0.059344 -0.073793 -0.049405 0.994280
1311870512.216636 0.532604 -0.354532 -0.114837 -0.060342 -0.070089 -0.047715 0.994570
1311870512.248891 0.522758 -0.352998 -0.117515 -0.061664 -0.067172 -0.045902 0.994776
1311870512.280825 0.514373 -0.351050 -0.120824 -0.062624 -0.064948 -0.043766 0.994960
1311870512.316616 0.506873 -0.350266 -0.124494 -0.063577 -0.062325 -0.041660 0.995157
1311870512.348749 0.497385 -0.348553 -0.128634 -0.064249 -0.059415 -0.038766 0.995409
1311870512.380530 0.487643 -0.345933 -0.133357 -0.064524 -0.057553 -0.035398 0.995626
1311870512.416611 0.479851 -0.343390 -0.137961 -0.065288 -0.056731 -0.032002 0.995738
1311870512.448649 0.473606 -0.341338 -0.142667 -0.065942 -0.055686 -0.029056 0.995845
1311870512.480873 0.464788 -0.339274 -0.147509 -0.066141 -0.053833 -0.026684 0.996000
1311870512.516478 0.457060 -0.334848 -0.153346 -0.065376 -0.052705 -0.024735 0.996161
1311870512.549111 0.449386 -0.331951 -0.158053 -0.065456 -0.051830 -0.022616 0.996252
1311870512.580550 0.443108 -0.326888 -0.162945 -0.064566 -0.051131 -0.021049 0.996380
1311870512.616585 0.436989 -0.323413 -0.167179 -0.063994 -0.049566 -0.021454 0.996488
1311870512.648878 0.430774 -0.319282 -0.170832 -0.063234 -0.047749 -0.021481 0.996624
1311870512.680697 0.422790 -0.313930 -0.174321 -0.062630 -0.045615 -0.021325 0.996766
1311870512.716466 0.417010 -0.310649 -0.178051 -0.062307 -0.043615 -0.021085 0.996881
1311870512.748564 0.412154 -0.307490 -0.182148 -0.062068 -0.041775 -0.020833 0.996980
1311870512.780680 0.406953 -0.305777 -0.185062 -0.061551 -0.040034 -0.020703 0.997086
1311870512.816492 0.400510 -0.300731 -0.188225 -0.060139 -0.038406 -0.020705 0.997236
1311870512.848544 0.396313 -0.298447 -0.189921 -0.059319 -0.036681 -0.020993 0.997344
1311870512.880656 0.391267 -0.295731 -0.192040 -0.057562 -0.034403 -0.021760 0.997512
1311870512.916597 0.384714 -0.292521 -0.194562 -0.056065 -0.032331 -0.022601 0.997648
1311870512.948751 0.379233 -0.289869 -0.195517 -0.055285 -0.031529 -0.022714 0.997714
1311870512.980644 0.372427 -0.285886 -0.196243 -0.054217 -0.031176 -0.022051 0.997799
1311870513.017021 0.368180 -0.283630 -0.196880 -0.053760 -0.031981 -0.021307 0.997814
1311870513.048599 0.364393 -0.279663 -0.196184 -0.052408 -0.032387 -0.021026 0.997879
1311870513.080592 0.360911 -0.275535 -0.195675 -0.050839 -0.031711 -0.022287 0.997954
1311870513.116693 0.355848 -0.271449 -0.193558 -0.048344 -0.029666 -0.025746 0.998058
1311870513.148876 0.348265 -0.265045 -0.193133 -0.045596 -0.027385 -0.029220 0.998157
1311870513.180660 0.341582 -0.259123 -0.191167 -0.043580 -0.026071 -0.031387 0.998216
1311870513.217798 0.334325 -0.252647 -0.189703 -0.041904 -0.025371 -0.032637 0.998266
1311870513.248768 0.327777 -0.246459 -0.188279 -0.041499 -0.026060 -0.033289 0.998244
1311870513.280795 0.319808 -0.242262 -0.184067 -0.042523 -0.027958 -0.033069 0.998157
1311870513.316689 0.314433 -0.236506 -0.180447 -0.042681 -0.030985 -0.030968 0.998128
1311870513.348727 0.308604 -0.232824 -0.175852 -0.044111 -0.034134 -0.029818 0.997998
1311870513.380578 0.302064 -0.229326 -0.170721 -0.045044 -0.037160 -0.029080 0.997870
1311870513.416927 0.293574 -0.226347 -0.164015 -0.045873 -0.040397 -0.028043 0.997736
1311870513.448685 0.291033 -0.220957 -0.158676 -0.045578 -0.044034 -0.026249 0.997645
1311870513.480618 0.288626 -0.219564 -0.154072 -0.047072 -0.045544 -0.024811 0.997544
1311870513.516695 0.284623 -0.217628 -0.147138 -0.048564 -0.045619 -0.023113 0.997510
1311870513.549145 0.280812 -0.214831 -0.136741 -0.048840 -0.043843 -0.022781 0.997584
1311870513.580726 0.276955 -0.211471 -0.130911 -0.048324 -0.039895 -0.022111 0.997790
1311870513.616593 0.271954 -0.211074 -0.123523 -0.048279 -0.034691 -0.020595 0.998019
1311870513.648886 0.268147 -0.209146 -0.118571 -0.048084 -0.029717 -0.018490 0.998230
1311870513.680668 0.261075 -0.208110 -0.112696 -0.047984 -0.026244 -0.019059 0.998321
1311870513.716551 0.256419 -0.205827 -0.109617 -0.047311 -0.024908 -0.019046 0.998388
1311870513.748940 0.252472 -0.203220 -0.105077 -0.046517 -0.024297 -0.017941 0.998461
1311870513.780628 0.246402 -0.203136 -0.099580 -0.046770 -0.023358 -0.017416 0.998481
1311870513.817448 0.241862 -0.202047 -0.095726 -0.046177 -0.022942 -0.016306 0.998537
1311870513.848769 0.238574 -0.200367 -0.091731 -0.045683 -0.022209 -0.015190 0.998594
1311870513.880831 0.236993 -0.197719 -0.089596 -0.045007 -0.019981 -0.013764 0.998692
1311870513.916620 0.232814 -0.196347 -0.087475 -0.045094 -0.016825 -0.014043 0.998742
1311870513.948819 0.228652 -0.193452 -0.086477 -0.045345 -0.013990 -0.015326 0.998756
1311870513.981164 0.221555 -0.191280 -0.083817 -0.046663 -0.012052 -0.015956 0.998711
1311870514.016691 0.215711 -0.189704 -0.079971 -0.047897 -0.012563 -0.016838 0.998631
1311870514.048717 0.213588 -0.186382 -0.078640 -0.048283 -0.013123 -0.017309 0.998597
1311870514.080776 0.210789 -0.183882 -0.076979 -0.049497 -0.012027 -0.016161 0.998571
1311870514.116775 0.207816 -0.181669 -0.075376 -0.050656 -0.010107 -0.016409 0.998530
1311870514.148748 0.202313 -0.178630 -0.074945 -0.051462 -0.007592 -0.018037 0.998483
1311870514.181035 0.197788 -0.175520 -0.074504 -0.052725 -0.005497 -0.019140 0.998411
1311870514.216614 0.192350 -0.172915 -0.074473 -0.054793 -0.003575 -0.019639 0.998298
1311870514.248703 0.187128 -0.171276 -0.073718 -0.057019 -0.002433 -0.019743 0.998175
1311870514.280757 0.182156 -0.170539 -0.073092 -0.058311 -0.001658 -0.019530 0.998106
1311870514.316734 0.176545 -0.166587 -0.074557 -0.058215 -0.001072 -0.019821 0.998107
1311870514.348655 0.169634 -0.161452 -0.075900 -0.059276 -0.000754 -0.019297 0.998055
1311870514.380725 0.162861 -0.155268 -0.078023 -0.061156 -0.001987 -0.017796 0.997968
1311870514.416768 0.156861 -0.150547 -0.079284 -0.064645 -0.002772 -0.016309 0.997771
1311870514.449389 0.150561 -0.147312 -0.080540 -0.068898 -0.001928 -0.013740 0.997527
1311870514.480759 0.143759 -0.145534 -0.081816 -0.072813 -0.000293 -0.010155 0.997294
1311870514.516662 0.136686 -0.143891 -0.084092 -0.074579 0.001352 -0.007619 0.997185
1311870514.548705 0.129150 -0.141493 -0.087453 -0.075367 0.003858 -0.006072 0.997130
1311870514.580866 0.120943 -0.141135 -0.091286 -0.075789 0.005935 -0.004581 0.997096
1311870514.616608 0.113137 -0.140077 -0.095823 -0.075028 0.006596 -0.002849 0.997156
1311870514.649213 0.106236 -0.137468 -0.100724 -0.074142 0.006967 -0.001287 0.997223
1311870514.680698 0.099361 -0.136121 -0.104561 -0.073172 0.008112 0.001077 0.997286
1311870514.716874 0.092990 -0.132864 -0.109251 -0.071708 0.010017 0.003819 0.997368
1311870514.748716 0.087922 -0.129283 -0.113887 -0.071027 0.012650 0.006093 0.997376
1311870514.780725 0.083518 -0.126713 -0.118838 -0.070918 0.016022 0.007688 0.997324
1311870514.816669 0.078739 -0.123937 -0.123881 -0.070332 0.020184 0.009366 0.997275
1311870514.848851 0.072364 -0.121507 -0.128158 -0.071011 0.024321 0.010067 0.997128
1311870514.880752 0.066977 -0.118538 -0.131891 -0.071463 0.028232 0.011044 0.996982
1311870514.917136 0.060842 -0.115875 -0.135510 -0.071359 0.032786 0.011959 0.996840
1311870514.948944 0.053819 -0.111389 -0.140953 -0.071523 0.036054 0.012151 0.996713
1311870514.980839 0.047677 -0.108499 -0.143181 -0.073038 0.038019 0.012541 0.996525
1311870515.016762 0.042495 -0.105635 -0.146973 -0.074592 0.039867 0.013698 0.996323
1311870515.049229 0.037550 -0.102324 -0.150008 -0.076118 0.041131 0.013957 0.996152
1311870515.080871 0.033138 -0.099769 -0.151180 -0.077681 0.042306 0.013744 0.995985
1311870515.116742 0.028531 -0.099044 -0.152030 -0.078567 0.044346 0.014441 0.995817
1311870515.149061 0.023425 -0.097503 -0.153815 -0.078673 0.046573 0.014360 0.995708
1311870515.180825 0.020347 -0.095603 -0.154859 -0.078531 0.048159 0.014941 0.995636
1311870515.217051 0.016030 -0.093697 -0.157323 -0.078026 0.050174 0.015847 0.995562
1311870515.249086 0.011122 -0.091177 -0.158368 -0.078102 0.051130 0.017232 0.995484
1311870515.280873 0.008183 -0.090756 -0.157636 -0.078386 0.051568 0.018442 0.995418
1311870515.316924 0.004225 -0.087740 -0.158237 -0.077493 0.052163 0.017729 0.995470
1311870515.348984 0.002224 -0.086545 -0.158687 -0.077703 0.052948 0.017616 0.995414
1311870515.380828 -0.000642 -0.085469 -0.157772 -0.078087 0.054681 0.019111 0.995262
1311870515.416977 -0.004245 -0.084403 -0.155574 -0.077918 0.056165 0.019605 0.995183
1311870515.448730 -0.005346 -0.081807 -0.153667 -0.077761 0.057658 0.018942 0.995123
1311870515.480677 -0.008856 -0.079995 -0.151642 -0.077478 0.059981 0.019886 0.994989
1311870515.516884 -0.009600 -0.077323 -0.149360 -0.077706 0.060890 0.023311 0.994842
1311870515.548761 -0.008993 -0.074716 -0.144922 -0.078131 0.063397 0.028877 0.994506
1311870515.580786 -0.011279 -0.069872 -0.139897 -0.078082 0.067012 0.032745 0.994153
1311870515.616782 -0.013478 -0.066742 -0.135429 -0.078722 0.069461 0.035325 0.993846
1311870515.648822 -0.015606 -0.063750 -0.130069 -0.079526 0.071312 0.038546 0.993531
1311870515.681287 -0.016237 -0.058564 -0.125798 -0.080931 0.072530 0.041067 0.993229
1311870515.717139 -0.015207 -0.057828 -0.118780 -0.083844 0.074695 0.042591 0.992762
1311870515.748708 -0.014793 -0.057769 -0.112484 -0.084215 0.078869 0.043802 0.992355
1311870515.780993 -0.016696 -0.055052 -0.106301 -0.082862 0.083493 0.044934 0.992040
1311870515.816887 -0.020033 -0.052620 -0.101183 -0.081700 0.087903 0.045204 0.991743
1311870515.848866 -0.020563 -0.050576 -0.095793 -0.080921 0.091110 0.045441 0.991507
1311870515.881091 -0.023323 -0.047520 -0.092165 -0.079367 0.094647 0.044591 0.991340
1311870515.916993 -0.029343 -0.043802 -0.087317 -0.079499 0.097639 0.040632 0.991209
1311870515.949225 -0.042109 -0.031758 -0.076456 -0.077880 0.100764 0.033051 0.991307
1311870515.980823 -0.045190 -0.029795 -0.072445 -0.078790 0.100721 0.028540 0.991379
1311870516.017108 -0.048406 -0.029330 -0.067689 -0.079657 0.101062 0.025921 0.991347
1311870516.048597 -0.052049 -0.026903 -0.063849 -0.078980 0.100869 0.022210 0.991511
1311870516.080984 -0.053433 -0.024029 -0.060628 -0.079043 0.100644 0.019100 0.991594
1311870516.117447 -0.051794 -0.024022 -0.058065 -0.079605 0.102363 0.020068 0.991354
1311870516.148896 -0.053915 -0.023810 -0.055319 -0.077460 0.106169 0.022420 0.991073
1311870516.180811 -0.056572 -0.019547 -0.053907 -0.076218 0.109268 0.022133 0.990839
1311870516.217019 -0.056632 -0.020090 -0.050933 -0.076305 0.111415 0.023577 0.990560
1311870516.249677 -0.058123 -0.017614 -0.050903 -0.074749 0.113801 0.025716 0.990354
1311870516.280715 -0.061047 -0.014681 -0.051468 -0.074868 0.115960 0.026409 0.990076
1311870516.317211 -0.063410 -0.014610 -0.048343 -0.075711 0.117376 0.025207 0.989876
1311870516.348809 -0.066363 -0.013738 -0.048132 -0.074481 0.119348 0.024258 0.989758
1311870516.380720 -0.069664 -0.009540 -0.049448 -0.073423 0.121088 0.022434 0.989668
1311870516.416952 -0.072479 -0.007804 -0.050390 -0.074616 0.123456 0.019871 0.989341
1311870516.448748 -0.076309 -0.003465 -0.050770 -0.075204 0.126652 0.018995 0.988910
1311870516.480805 -0.080759 0.001401 -0.051126 -0.077045 0.128932 0.018943 0.988474
1311870516.516852 -0.084884 0.005002 -0.052473 -0.080602 0.130065 0.020589 0.988009
1311870516.549071 -0.088641 0.010317 -0.052552 -0.084636 0.130722 0.020923 0.987578
1311870516.581144 -0.091682 0.012158 -0.053145 -0.088607 0.132689 0.020593 0.986974
1311870516.616924 -0.098066 0.016635 -0.054758 -0.091682 0.135718 0.020689 0.986279
1311870516.648987 -0.104461 0.016528 -0.054934 -0.095590 0.136992 0.020344 0.985739
1311870516.680804 -0.109976 0.018234 -0.057092 -0.097130 0.137290 0.020848 0.985537
1311870516.716713 -0.114349 0.019789 -0.060554 -0.098530 0.137632 0.022448 0.985315
1311870516.748807 -0.119158 0.020365 -0.063987 -0.099844 0.139225 0.024224 0.984917
1311870516.780766 -0.125743 0.020016 -0.067476 -0.100573 0.141313 0.026745 0.984480
1311870516.817369 -0.131865 0.020385 -0.071431 -0.100829 0.142777 0.029894 0.984152
1311870516.848747 -0.138711 0.020466 -0.074988 -0.100666 0.144351 0.032869 0.983844
1311870516.880949 -0.146029 0.019793 -0.078329 -0.099842 0.145635 0.034394 0.983686
1311870516.916808 -0.153353 0.020629 -0.083820 -0.098408 0.146806 0.035907 0.983603
1311870516.949269 -0.161145 0.020116 -0.087530 -0.097697 0.147810 0.037690 0.983457
1311870516.980822 -0.168252 0.021086 -0.092988 -0.096127 0.148365 0.039199 0.983469
1311870517.016940 -0.178136 0.023585 -0.098824 -0.096122 0.149344 0.041894 0.983210
1311870517.048730 -0.186188 0.023403 -0.100759 -0.097748 0.148539 0.045053 0.983032
1311870517.080915 -0.193587 0.023932 -0.104927 -0.098229 0.147184 0.048755 0.983011
1311870517.117578 -0.200454 0.024592 -0.109756 -0.098094 0.146520 0.050464 0.983037
1311870517.148913 -0.207352 0.025533 -0.115298 -0.097805 0.146835 0.050790 0.983003
1311870517.180897 -0.214633 0.026119 -0.119403 -0.097740 0.147630 0.051422 0.982857
1311870517.216791 -0.221479 0.026904 -0.123627 -0.097586 0.147905 0.051425 0.982831
1311870517.248937 -0.226923 0.028565 -0.129377 -0.097772 0.148315 0.050295 0.982809
1311870517.280881 -0.233079 0.030111 -0.133363 -0.098736 0.149996 0.049002 0.982523
1311870517.316941 -0.239998 0.030015 -0.135308 -0.099793 0.151429 0.047905 0.982250
1311870517.349257 -0.245952 0.031361 -0.139170 -0.099943 0.151671 0.047499 0.982217
1311870517.385883 -0.249431 0.032191 -0.142261 -0.100193 0.151913 0.047252 0.982167
1311870517.417034 -0.253697 0.032014 -0.145731 -0.100152 0.153440 0.046816 0.981954
1311870517.448895 -0.258994 0.032477 -0.147589 -0.099603 0.154560 0.046867 0.981832
1311870517.484795 -0.262815 0.033335 -0.150372 -0.099225 0.155009 0.047008 0.981793
1311870517.523738 -0.266584 0.033817 -0.150889 -0.099472 0.155504 0.046076 0.981734
1311870517.549778 -0.267963 0.033777 -0.151182 -0.099355 0.156087 0.043248 0.981782
1311870517.584888 -0.269885 0.034864 -0.151253 -0.098815 0.157807 0.041232 0.981648
1311870517.618659 -0.271949 0.035572 -0.150559 -0.098738 0.159699 0.040802 0.981368
1311870517.648922 -0.274450 0.035863 -0.148862 -0.099465 0.161362 0.041462 0.980994
1311870517.684853 -0.276505 0.035565 -0.146827 -0.100172 0.162621 0.042398 0.980675
1311870517.716957 -0.277631 0.036551 -0.144987 -0.101000 0.163579 0.043546 0.980380
1311870517.749021 -0.279473 0.036336 -0.141213 -0.102531 0.164714 0.044045 0.980009
1311870517.786038 -0.281560 0.035279 -0.136532 -0.103766 0.165500 0.043563 0.979768
1311870517.816955 -0.283187 0.035116 -0.131803 -0.104174 0.165641 0.043215 0.979716
1311870517.848849 -0.284815 0.034176 -0.127157 -0.104966 0.165788 0.043903 0.979576
1311870517.884894 -0.287305 0.032466 -0.122126 -0.105249 0.165714 0.044667 0.979523
1311870517.916815 -0.288439 0.033516 -0.116919 -0.106393 0.164726 0.045046 0.979549
1311870517.948937 -0.288489 0.031888 -0.108629 -0.107959 0.164212 0.046086 0.979416
1311870517.984866 -0.289740 0.030483 -0.102006 -0.108149 0.164449 0.047979 0.979264
1311870518.016692 -0.291872 0.028843 -0.096791 -0.108262 0.164577 0.050056 0.979126
1311870518.048901 -0.293487 0.026420 -0.090915 -0.108380 0.164003 0.052037 0.979106
1311870518.084929 -0.293211 0.024748 -0.085251 -0.107896 0.162834 0.053946 0.979251
1311870518.116926 -0.291728 0.023279 -0.081162 -0.107583 0.162978 0.054956 0.979206
1311870518.148942 -0.292131 0.021508 -0.074242 -0.107636 0.164590 0.054859 0.978936
1311870518.184855 -0.292042 0.018876 -0.068439 -0.107833 0.165502 0.054199 0.978797
1311870518.216804 -0.290708 0.015610 -0.063851 -0.107752 0.166576 0.053632 0.978655
1311870518.248863 -0.289479 0.012832 -0.059983 -0.107526 0.168573 0.053162 0.978364
1311870518.284884 -0.288459 0.009943 -0.055315 -0.106808 0.171225 0.054083 0.977931
1311870518.317116 -0.288434 0.008296 -0.049968 -0.105885 0.173929 0.055765 0.977460
1311870518.348887 -0.288762 0.007901 -0.045028 -0.105573 0.175848 0.056896 0.977085
1311870518.385605 -0.289805 0.006366 -0.039688 -0.106105 0.176848 0.057010 0.976840
1311870518.417149 -0.290937 0.003918 -0.035862 -0.106276 0.176986 0.055675 0.976873
1311870518.448787 -0.290256 0.001108 -0.034278 -0.105313 0.176998 0.052345 0.977160
1311870518.484955 -0.290377 0.002182 -0.034210 -0.103741 0.178733 0.048867 0.977192
1311870518.516903 -0.291807 0.004098 -0.032594 -0.104057 0.181609 0.048140 0.976664
1311870518.549524 -0.295606 0.004919 -0.028664 -0.105732 0.183866 0.049019 0.976018
1311870518.586884 -0.296609 0.004262 -0.025469 -0.107865 0.184102 0.050942 0.975642
1311870518.616963 -0.297023 0.003784 -0.023972 -0.108653 0.184877 0.053708 0.975259
1311870518.649051 -0.298857 0.004422 -0.022655 -0.109257 0.186421 0.056482 0.974741
1311870518.684945 -0.300808 0.004119 -0.020816 -0.109947 0.188162 0.058351 0.974219
1311870518.717002 -0.302833 0.005065 -0.021063 -0.110084 0.190289 0.059025 0.973749
1311870518.748852 -0.306814 0.004345 -0.020887 -0.111022 0.193267 0.059402 0.973033
1311870518.791123 -0.312244 0.002953 -0.020017 -0.111127 0.195763 0.060260 0.972469
1311870518.816898 -0.317199 0.003565 -0.021532 -0.110539 0.196915 0.061621 0.972218
1311870518.848913 -0.320548 0.003584 -0.023495 -0.110557 0.198556 0.063247 0.971778
1311870518.884981 -0.325761 0.002487 -0.024659 -0.109710 0.201698 0.065173 0.971099
1311870518.916862 -0.332445 0.003397 -0.028214 -0.107892 0.204720 0.066222 0.970600
1311870518.949027 -0.339153 0.004012 -0.031997 -0.106913 0.207521 0.067657 0.970014
1311870518.984982 -0.346509 0.004451 -0.035446 -0.105965 0.210341 0.070543 0.969305
1311870519.017077 -0.353735 0.007026 -0.039346 -0.104881 0.212614 0.073536 0.968704
1311870519.049840 -0.360496 0.010108 -0.043596 -0.105585 0.215100 0.076530 0.967847
1311870519.084921 -0.369384 0.010823 -0.045774 -0.106941 0.218219 0.079879 0.966728
1311870519.117024 -0.377579 0.011149 -0.048251 -0.108032 0.220549 0.081663 0.965929
1311870519.149934 -0.385736 0.012064 -0.050588 -0.107873 0.223008 0.082994 0.965268
1311870519.184993 -0.395721 0.014603 -0.052822 -0.108249 0.225070 0.084919 0.964580
1311870519.216985 -0.403909 0.013890 -0.055300 -0.109251 0.225812 0.086342 0.964167
1311870519.251968 -0.411206 0.014736 -0.059633 -0.109622 0.226854 0.087943 0.963736
1311870519.285449 -0.418205 0.015194 -0.060893 -0.109942 0.228967 0.089892 0.963019
1311870519.317000 -0.427308 0.015926 -0.062404 -0.109832 0.230771 0.091191 0.962479
1311870519.352072 -0.434707 0.016727 -0.065081 -0.110383 0.231421 0.091674 0.962214
1311870519.385668 -0.440988 0.015900 -0.068479 -0.110533 0.232825 0.093147 0.961716
1311870519.417023 -0.448335 0.017771 -0.069640 -0.110136 0.234556 0.094921 0.961168
1311870519.452771 -0.453918 0.018270 -0.072529 -0.109733 0.236258 0.095568 0.960733
1311870519.485733 -0.461011 0.020060 -0.076219 -0.109463 0.238807 0.096872 0.960003
1311870519.517127 -0.468378 0.021663 -0.077013 -0.110180 0.240728 0.098426 0.959282
1311870519.551772 -0.474964 0.023903 -0.078473 -0.110687 0.241297 0.099623 0.958958
1311870519.585163 -0.480473 0.027631 -0.079017 -0.112340 0.242076 0.100711 0.958455
1311870519.616985 -0.486769 0.029025 -0.078962 -0.114348 0.243255 0.101851 0.957798
1311870519.653136 -0.493548 0.031155 -0.077894 -0.116103 0.243589 0.101623 0.957527
1311870519.684937 -0.498617 0.033357 -0.078239 -0.118173 0.243603 0.100560 0.957382
1311870519.716946 -0.503514 0.032989 -0.078103 -0.120268 0.244874 0.099761 0.956880
1311870519.750489 -0.508554 0.032405 -0.078376 -0.121099 0.245789 0.098415 0.956680
1311870519.784901 -0.512144 0.032530 -0.077634 -0.121192 0.246311 0.096738 0.956705
1311870519.817010 -0.514038 0.032879 -0.079992 -0.120742 0.247500 0.095804 0.956549
1311870519.851306 -0.511184 0.037635 -0.079780 -0.121079 0.250347 0.094974 0.955848
1311870519.884968 -0.512051 0.033425 -0.079257 -0.123008 0.257505 0.094250 0.953770
1311870519.917266 -0.521746 0.033431 -0.076862 -0.121384 0.263795 0.096930 0.951989
1311870519.952668 -0.527390 0.035537 -0.074763 -0.121863 0.264365 0.100396 0.951410
1311870519.985059 -0.528851 0.036311 -0.072120 -0.124023 0.262527 0.103017 0.951360
1311870520.016963 -0.529134 0.036142 -0.069162 -0.126330 0.261812 0.104137 0.951131
1311870520.053141 -0.530615 0.035224 -0.065927 -0.127674 0.262205 0.104683 0.950784
1311870520.084858 -0.532625 0.035872 -0.062889 -0.128679 0.262667 0.105751 0.950402
1311870520.116996 -0.533594 0.036358 -0.058903 -0.129715 0.263307 0.105882 0.950070
1311870520.150022 -0.535247 0.036571 -0.053980 -0.130825 0.263901 0.106066 0.949732
1311870520.185705 -0.536654 0.036365 -0.049230 -0.131269 0.263906 0.106161 0.949659
1311870520.217057 -0.537860 0.036869 -0.045465 -0.131836 0.263970 0.105903 0.949591
1311870520.250180 -0.539160 0.036292 -0.039205 -0.132395 0.264402 0.106371 0.949341
1311870520.285839 -0.541505 0.036425 -0.033953 -0.132213 0.264194 0.106893 0.949366
1311870520.317888 -0.542082 0.037203 -0.028927 -0.132327 0.263425 0.108134 0.949423
1311870520.354406 -0.541814 0.036741 -0.023484 -0.132767 0.263179 0.109976 0.949218
1311870520.384950 -0.541744 0.037569 -0.018743 -0.133462 0.263479 0.111904 0.948812
1311870520.421786 -0.541762 0.037497 -0.011819 -0.135130 0.264263 0.113498 0.948168
1311870520.451179 -0.541495 0.035506 -0.003717 -0.135884 0.264839 0.115471 0.947662
1311870520.485176 -0.540201 0.034424 0.000142 -0.135261 0.264777 0.117952 0.947462
1311870520.517498 -0.537744 0.035058 0.003965 -0.135327 0.266043 0.120892 0.946728
1311870520.552145 -0.536516 0.033431 0.014077 -0.136797 0.268983 0.122782 0.945441
1311870520.584912 -0.535192 0.030471 0.019406 -0.136651 0.270551 0.123156 0.944966
1311870520.617214 -0.531725 0.027294 0.023823 -0.135758 0.272207 0.122806 0.944665
1311870520.650283 -0.530158 0.024577 0.026276 -0.133946 0.275672 0.122230 0.943993
1311870520.685030 -0.532573 0.023872 0.032191 -0.132286 0.279399 0.121607 0.943212
1311870520.720361 -0.533855 0.022898 0.037888 -0.131599 0.280330 0.121365 0.943063
1311870520.749570 -0.534226 0.022272 0.042357 -0.131737 0.279902 0.121835 0.943110
1311870520.785066 -0.534894 0.021309 0.047977 -0.131971 0.279770 0.122635 0.943013
1311870520.817755 -0.536316 0.021225 0.053518 -0.131875 0.279196 0.122765 0.943180
1311870520.850972 -0.537180 0.019747 0.058756 -0.133012 0.278201 0.122277 0.943377
1311870520.884996 -0.537733 0.018285 0.063700 -0.133795 0.277265 0.122135 0.943560
1311870520.918471 -0.537110 0.016261 0.067374 -0.134844 0.276774 0.122031 0.943568
1311870520.949392 -0.537755 0.015132 0.071432 -0.135592 0.277631 0.122138 0.943196
1311870520.985090 -0.538931 0.013028 0.077177 -0.135908 0.278296 0.122904 0.942855
1311870521.017445 -0.540389 0.011030 0.080383 -0.135091 0.278212 0.124099 0.942840
1311870521.051337 -0.539987 0.008543 0.083489 -0.134884 0.278338 0.124756 0.942746
1311870521.085046 -0.540682 0.006162 0.084567 -0.133746 0.279891 0.125449 0.942356
1311870521.118649 -0.542429 0.004596 0.088167 -0.133056 0.281939 0.126597 0.941690
1311870521.152391 -0.544232 0.003544 0.090135 -0.131903 0.283690 0.128285 0.941098
1311870521.185010 -0.545821 0.002589 0.092431 -0.131752 0.285499 0.130098 0.940322
1311870521.220198 -0.547065 0.002378 0.093735 -0.131774 0.287786 0.131911 0.939369
1311870521.250068 -0.546112 0.000500 0.097528 -0.132622 0.291148 0.133140 0.938039
1311870521.285069 -0.545935 -0.003112 0.097003 -0.131537 0.297166 0.133557 0.936244
1311870521.321107 -0.550808 -0.003235 0.100710 -0.129166 0.305880 0.133549 0.933766
1311870521.349914 -0.559697 -0.002564 0.105513 -0.127883 0.311903 0.135171 0.931714
1311870521.385056 -0.565513 -0.003479 0.108994 -0.128240 0.313798 0.137554 0.930680
1311870521.418191 -0.569515 -0.004921 0.111013 -0.128680 0.315512 0.140188 0.929645
1311870521.451020 -0.574459 -0.006693 0.112824 -0.128984 0.318792 0.142708 0.928100
1311870521.485101 -0.581023 -0.008228 0.115931 -0.129117 0.322909 0.145638 0.926201
1311870521.518793 -0.587937 -0.012244 0.120928 -0.128689 0.326752 0.148762 0.924415
1311870521.550328 -0.594354 -0.018114 0.124179 -0.126564 0.329559 0.150910 0.923363
1311870521.589723 -0.599849 -0.019749 0.122278 -0.122624 0.332136 0.153081 0.922613
1311870521.618815 -0.605397 -0.019624 0.122009 -0.120329 0.336548 0.156694 0.920708
1311870521.653703 -0.612102 -0.020490 0.125658 -0.119547 0.341736 0.161974 0.917981
1311870521.686096 -0.619834 -0.023800 0.128541 -0.118947 0.346296 0.168638 0.915146
1311870521.720829 -0.627400 -0.025887 0.130685 -0.117703 0.350233 0.174412 0.912723
1311870521.751009 -0.634669 -0.027453 0.132960 -0.116969 0.353355 0.177721 0.910974
1311870521.786592 -0.641967 -0.028638 0.134585 -0.116681 0.356058 0.179706 0.909568
1311870521.822012 -0.649105 -0.029640 0.137209 -0.117055 0.358843 0.181893 0.907989
1311870521.851559 -0.655715 -0.031389 0.139468 -0.117369 0.361475 0.183450 0.906590
1311870521.885620 -0.662301 -0.032033 0.142089 -0.117797 0.364396 0.184647 0.905122
1311870521.917848 -0.668048 -0.033961 0.145385 -0.118142 0.367250 0.186143 0.903615
1311870521.950099 -0.674372 -0.034657 0.146505 -0.117225 0.370217 0.188068 0.902124
1311870521.986235 -0.681258 -0.033935 0.147662 -0.116855 0.373305 0.190305 0.900429
1311870522.018390 -0.687384 -0.034505 0.150990 -0.117571 0.376118 0.192349 0.898729
1311870522.050693 -0.692523 -0.034655 0.153008 -0.117678 0.378303 0.194196 0.897400
1311870522.086425 -0.697039 -0.035135 0.155280 -0.118116 0.380801 0.196283 0.895830
1311870522.118618 -0.701848 -0.036400 0.158503 -0.118047 0.383475 0.197969 0.894327
1311870522.150721 -0.706370 -0.035892 0.160297 -0.117907 0.385383 0.198831 0.893333
1311870522.189104 -0.710662 -0.035948 0.163488 -0.119208 0.387383 0.199501 0.892145
1311870522.218590 -0.714742 -0.037567 0.167664 -0.120949 0.389224 0.199715 0.891061
1311870522.250422 -0.717616 -0.039252 0.171881 -0.121802 0.390358 0.199306 0.890540
1311870522.285838 -0.720293 -0.040351 0.175843 -0.122280 0.391604 0.198703 0.890062
1311870522.318002 -0.723014 -0.041576 0.180958 -0.122437 0.393141 0.199039 0.889288
1311870522.351073 -0.725870 -0.042839 0.187039 -0.122126 0.394018 0.199734 0.888786
1311870522.387638 -0.727715 -0.043986 0.191148 -0.122129 0.394223 0.200038 0.888627
1311870522.417416 -0.729194 -0.045858 0.196785 -0.122708 0.395180 0.200127 0.888102
1311870522.450329 -0.730477 -0.047559 0.203316 -0.122872 0.396300 0.199886 0.887634
1311870522.487260 -0.731804 -0.049760 0.210104 -0.122508 0.397417 0.199552 0.887260
1311870522.517400 -0.733478 -0.050874 0.217507 -0.121378 0.398285 0.200149 0.886892
1311870522.550252 -0.734409 -0.052292 0.225541 -0.120751 0.398342 0.201323 0.886686
1311870522.587317 -0.734670 -0.054549 0.233336 -0.120041 0.397668 0.202658 0.886781
1311870522.619163 -0.733533 -0.058592 0.240655 -0.118981 0.397292 0.203871 0.886814
1311870522.649388 -0.734351 -0.060333 0.247803 -0.116630 0.397929 0.204921 0.886599
1311870522.687298 -0.735344 -0.061052 0.255518 -0.116635 0.398427 0.206083 0.886105
1311870522.718394 -0.734437 -0.064855 0.265151 -0.118483 0.398304 0.207492 0.885586
1311870522.749406 -0.733202 -0.068943 0.272783 -0.118422 0.397861 0.208333 0.885596
1311870522.788502 -0.732078 -0.072775 0.280039 -0.118210 0.398400 0.209044 0.885214
1311870522.817483 -0.730943 -0.077750 0.288377 -0.117690 0.400042 0.208822 0.884595
1311870522.849243 -0.730645 -0.080355 0.295137 -0.116650 0.401508 0.208740 0.884088
1311870522.886229 -0.729699 -0.083394 0.303328 -0.116579 0.402824 0.209344 0.883356
1311870522.918267 -0.729020 -0.086925 0.312371 -0.116239 0.403387 0.210209 0.882938
1311870522.949363 -0.727824 -0.090010 0.318705 -0.115711 0.402627 0.210623 0.883256
1311870522.988539 -0.726354 -0.093074 0.325662 -0.115563 0.402667 0.212164 0.882888
1311870523.018171 -0.725757 -0.096194 0.333801 -0.114985 0.402980 0.214323 0.882299
1311870523.049325 -0.724856 -0.099335 0.340919 -0.114706 0.402479 0.214391 0.882547
1311870523.086359 -0.724775 -0.101369 0.347029 -0.114963 0.402992 0.213217 0.882564
1311870523.118084 -0.724362 -0.102793 0.355060 -0.115809 0.404489 0.212532 0.881934
1311870523.149386 -0.725625 -0.103102 0.361273 -0.115875 0.405822 0.212911 0.881221
1311870523.187203 -0.727288 -0.104213 0.366961 -0.117226 0.406653 0.213433 0.880533
1311870523.219284 -0.728429 -0.105778 0.373655 -0.119294 0.407490 0.214076 0.879711
1311870523.249223 -0.730170 -0.109254 0.381229 -0.120347 0.407954 0.213963 0.879380
1311870523.285851 -0.732450 -0.111732 0.386742 -0.120163 0.407663 0.213863 0.879565
1311870523.317780 -0.735462 -0.114804 0.390165 -0.119916 0.407558 0.213605 0.879710
1311870523.349133 -0.737771 -0.117912 0.395163 -0.119762 0.408334 0.213094 0.879495
1311870523.385396 -0.741355 -0.119608 0.397981 -0.118400 0.409654 0.212845 0.879126
1311870523.418510 -0.745394 -0.122210 0.400478 -0.117841 0.411699 0.213990 0.877967
1311870523.449206 -0.749959 -0.124169 0.402512 -0.116506 0.414294 0.216440 0.876322
1311870523.485699 -0.755628 -0.123953 0.404008 -0.115879 0.416800 0.219168 0.874537
1311870523.518696 -0.760420 -0.125859 0.406267 -0.117637 0.419282 0.221065 0.872637
1311870523.549243 -0.766286 -0.127559 0.409006 -0.118545 0.422422 0.222762 0.870565
1311870523.585986 -0.772243 -0.130244 0.412138 -0.119046 0.425378 0.224370 0.868643
1311870523.618533 -0.779074 -0.131970 0.413937 -0.118341 0.428577 0.225388 0.866901
1311870523.649474 -0.785589 -0.133735 0.416449 -0.117382 0.431771 0.227187 0.864975
1311870523.686718 -0.793351 -0.134937 0.416884 -0.115796 0.434921 0.229910 0.862889
1311870523.718226 -0.801402 -0.136506 0.419868 -0.115302 0.438023 0.232768 0.860616
1311870523.749498 -0.808823 -0.138407 0.422584 -0.114895 0.439991 0.235811 0.858836
1311870523.787662 -0.815987 -0.139930 0.424585 -0.114406 0.441879 0.239040 0.857038
1311870523.818614 -0.824092 -0.141902 0.426257 -0.113919 0.444271 0.241590 0.855149
1311870523.849265 -0.831880 -0.143640 0.428476 -0.113539 0.446319 0.243313 0.853643
1311870523.886463 -0.840026 -0.145081 0.430368 -0.113046 0.448110 0.244649 0.852388
1311870523.918332 -0.848380 -0.146146 0.432225 -0.112691 0.449778 0.245981 0.851172
1311870523.949283 -0.856979 -0.147116 0.433355 -0.113120 0.450853 0.246354 0.850438
1311870523.986069 -0.864808 -0.149391 0.434768 -0.114513 0.452301 0.245627 0.849693
1311870524.017326 -0.872157 -0.150026 0.436794 -0.115372 0.454280 0.245743 0.848487
1311870524.049414 -0.879202 -0.151066 0.440080 -0.115906 0.456227 0.246335 0.847197
1311870524.086354 -0.886417 -0.152423 0.441090 -0.115802 0.457499 0.247868 0.846077
1311870524.117218 -0.893506 -0.153800 0.441798 -0.115690 0.459042 0.248834 0.844972
1311870524.149472 -0.900159 -0.155301 0.443227 -0.115742 0.461042 0.249646 0.843636
1311870524.187907 -0.906913 -0.155827 0.445304 -0.115400 0.462891 0.250381 0.842451
1311870524.217310 -0.914378 -0.156204 0.447027 -0.115369 0.464161 0.250521 0.841715
1311870524.249450 -0.921216 -0.156620 0.448145 -0.116065 0.464863 0.250293 0.841299
1311870524.286853 -0.927235 -0.159011 0.449961 -0.117268 0.466070 0.249095 0.840820
1311870524.317431 -0.933433 -0.159379 0.451818 -0.117600 0.467172 0.248058 0.840469
1311870524.349372 -0.938416 -0.161166 0.453580 -0.118503 0.468180 0.247420 0.839969
1311870524.385411 -0.943082 -0.162594 0.455094 -0.118135 0.469193 0.247012 0.839576
1311870524.417294 -0.947848 -0.163827 0.457565 -0.117380 0.470174 0.246193 0.839373
1311870524.449394 -0.952512 -0.165374 0.458497 -0.116803 0.470617 0.244715 0.839638
1311870524.488312 -0.956063 -0.166978 0.460371 -0.116659 0.471207 0.243681 0.839628
1311870524.517401 -0.958796 -0.168730 0.462757 -0.116363 0.471977 0.242788 0.839495
1311870524.549410 -0.961386 -0.170011 0.465049 -0.116126 0.472615 0.241507 0.839538
1311870524.587095 -0.964519 -0.170431 0.466858 -0.116206 0.473250 0.241348 0.839215
1311870524.617332 -0.965914 -0.171818 0.471370 -0.117501 0.473912 0.242494 0.838330
1311870524.649477 -0.965816 -0.173527 0.476370 -0.118153 0.474218 0.243588 0.837749
1311870524.686391 -0.966297 -0.175755 0.479961 -0.118280 0.474717 0.244001 0.837328
1311870524.717336 -0.966322 -0.177601 0.485270 -0.118286 0.475457 0.244082 0.836883
1311870524.749436 -0.966657 -0.179444 0.490847 -0.117247 0.475376 0.244041 0.837087
1311870524.785717 -0.967723 -0.180475 0.496119 -0.115953 0.474221 0.244085 0.837909
1311870524.817299 -0.967857 -0.181477 0.501267 -0.115375 0.472570 0.244008 0.838943
1311870524.849324 -0.967744 -0.182557 0.507643 -0.114687 0.470897 0.243797 0.840040
1311870524.887434 -0.967494 -0.183470 0.514070 -0.114160 0.468928 0.244001 0.841153
1311870524.917322 -0.967724 -0.184092 0.519379 -0.113358 0.466787 0.244627 0.842269
1311870524.949450 -0.968855 -0.183497 0.523388 -0.114199 0.464937 0.245463 0.842935
1311870524.986189 -0.967236 -0.182067 0.530931 -0.117104 0.463809 0.247671 0.842513
1311870525.017647 -0.963410 -0.184130 0.539764 -0.119786 0.462735 0.249779 0.842103
1311870525.049303 -0.960668 -0.185849 0.545651 -0.120723 0.461871 0.251102 0.842050
1311870525.088620 -0.959025 -0.187043 0.552279 -0.121091 0.461772 0.252999 0.841484
1311870525.117394 -0.956148 -0.188940 0.559644 -0.121513 0.460613 0.255842 0.841199
1311870525.149339 -0.952253 -0.192804 0.565067 -0.122383 0.458902 0.257343 0.841550
1311870525.185688 -0.946775 -0.198963 0.570932 -0.123621 0.458647 0.256926 0.841635
1311870525.217352 -0.941799 -0.203712 0.574951 -0.122357 0.459394 0.255791 0.841758
1311870525.249330 -0.939879 -0.205294 0.579439 -0.119280 0.461115 0.255762 0.841268
1311870525.285313 -0.938214 -0.205428 0.584157 -0.116755 0.461329 0.257403 0.841004
1311870525.317479 -0.934612 -0.208373 0.588258 -0.116177 0.460163 0.259001 0.841232
1311870525.349313 -0.931266 -0.210992 0.590740 -0.115503 0.459713 0.260285 0.841174
1311870525.385471 -0.928653 -0.212043 0.594802 -0.114638 0.460366 0.261991 0.840406
1311870525.417354 -0.926478 -0.211699 0.599163 -0.114174 0.460596 0.263141 0.839983
1311870525.449789 -0.923960 -0.211764 0.602876 -0.114554 0.459858 0.263518 0.840218
1311870525.485285 -0.922092 -0.211775 0.605394 -0.115637 0.459427 0.263779 0.840224
1311870525.517329 -0.919088 -0.212793 0.609161 -0.116972 0.459853 0.263723 0.839823
1311870525.549437 -0.917860 -0.212521 0.611903 -0.117301 0.460447 0.263134 0.839637
1311870525.585463 -0.917859 -0.211312 0.613720 -0.118357 0.461037 0.262315 0.839421
1311870525.617355 -0.916849 -0.211021 0.617016 -0.120931 0.461905 0.262660 0.838468
1311870525.649427 -0.915355 -0.211907 0.620284 -0.122515 0.462302 0.263178 0.837857
1311870525.685312 -0.914380 -0.212890 0.622295 -0.123671 0.462633 0.263048 0.837545
1311870525.717436 -0.913540 -0.213842 0.623627 -0.124030 0.464077 0.263423 0.836575
1311870525.749470 -0.914201 -0.213942 0.625736 -0.123802 0.466095 0.263781 0.835373
1311870525.785560 -0.915538 -0.214013 0.627829 -0.124337 0.467413 0.263994 0.834490
1311870525.817423 -0.916433 -0.214770 0.629568 -0.125162 0.468212 0.264762 0.833674
1311870525.849626 -0.917632 -0.215539 0.631032 -0.125475 0.469550 0.265410 0.832668
1311870525.885457 -0.919196 -0.216519 0.631711 -0.125504 0.471541 0.265982 0.831355
1311870525.917424 -0.923537 -0.216571 0.632058 -0.125456 0.474308 0.266939 0.829480
1311870525.949556 -0.926427 -0.217533 0.633192 -0.126386 0.476745 0.268994 0.827274
1311870525.985467 -0.930189 -0.218352 0.634649 -0.126489 0.479603 0.271013 0.824944
1311870526.017460 -0.934343 -0.218676 0.636637 -0.126303 0.481983 0.272306 0.823158
1311870526.049541 -0.939205 -0.220326 0.637200 -0.126258 0.484305 0.273221 0.821497
1311870526.085403 -0.945374 -0.221677 0.638409 -0.126128 0.487541 0.274699 0.819106
1311870526.117461 -0.950875 -0.223768 0.640023 -0.125786 0.490366 0.277521 0.816518
1311870526.149364 -0.956296 -0.226666 0.641271 -0.124984 0.493125 0.279961 0.814143
1311870526.185388 -0.962566 -0.229403 0.642809 -0.123752 0.496191 0.280999 0.812108
1311870526.217318 -0.969712 -0.231267 0.644318 -0.122507 0.499095 0.281721 0.810265
1311870526.249551 -0.977133 -0.233153 0.646322 -0.121388 0.501624 0.282958 0.808439
1311870526.285570 -0.984637 -0.234911 0.648120 -0.120861 0.503670 0.284346 0.806757
1311870526.317484 -0.991495 -0.237191 0.650210 -0.120446 0.505742 0.286042 0.804921
1311870526.349558 -0.998693 -0.238885 0.651787 -0.119960 0.507908 0.287603 0.803072
1311870526.385396 -1.005564 -0.241017 0.652847 -0.120058 0.510721 0.288533 0.800936
1311870526.417624 -1.012811 -0.243348 0.656022 -0.119728 0.514263 0.289411 0.798398
1311870526.449431 -1.021663 -0.244374 0.658875 -0.118911 0.516529 0.290412 0.796693
1311870526.485363 -1.029570 -0.245821 0.662090 -0.119900 0.517643 0.291171 0.795543
1311870526.517648 -1.036254 -0.248204 0.665458 -0.121271 0.518214 0.291525 0.794834
1311870526.553464 -1.042854 -0.250325 0.667015 -0.121325 0.518674 0.291399 0.794572
1311870526.585409 -1.050931 -0.251350 0.668157 -0.121190 0.519858 0.290435 0.794172
1311870526.617493 -1.058351 -0.252311 0.669779 -0.121655 0.521379 0.289816 0.793329
1311870526.653466 -1.064880 -0.253830 0.671472 -0.122182 0.522884 0.290509 0.792002
1311870526.685417 -1.071593 -0.255111 0.673704 -0.122218 0.524608 0.291340 0.790550
1311870526.717629 -1.078479 -0.255858 0.676442 -0.122622 0.526181 0.292312 0.789083
1311870526.753642 -1.084713 -0.257162 0.679563 -0.122998 0.526995 0.293031 0.788213
1311870526.785325 -1.090655 -0.258340 0.681883 -0.123454 0.527309 0.293907 0.787606
1311870526.817661 -1.096103 -0.260009 0.684590 -0.123491 0.527874 0.295034 0.786800
1311870526.853590 -1.101264 -0.262963 0.687262 -0.123080 0.528375 0.295041 0.786525
1311870526.885581 -1.108015 -0.263923 0.688732 -0.122124 0.528783 0.293774 0.786874
1311870526.917599 -1.113825 -0.265177 0.689667 -0.122243 0.529015 0.293067 0.786963
1311870526.953584 -1.118119 -0.266550 0.691558 -0.122472 0.529707 0.292763 0.786575
1311870526.985372 -1.123089 -0.267503 0.692947 -0.121995 0.530409 0.292588 0.786242
1311870527.017688 -1.126393 -0.268584 0.693510 -0.122045 0.530829 0.292741 0.785893
1311870527.053583 -1.128873 -0.270338 0.694218 -0.121804 0.532182 0.292364 0.785156
1311870527.085526 -1.132010 -0.270846 0.694825 -0.121014 0.533626 0.291535 0.784606
1311870527.117691 -1.134258 -0.271352 0.694835 -0.120531 0.534865 0.290606 0.784181
1311870527.153611 -1.135813 -0.271850 0.694879 -0.120725 0.536344 0.289425 0.783577
1311870527.185439 -1.136242 -0.272262 0.694569 -0.121150 0.537955 0.288109 0.782892
1311870527.217746 -1.135646 -0.273076 0.695133 -0.121145 0.540105 0.287341 0.781695
1311870527.253641 -1.135544 -0.273228 0.696044 -0.120516 0.542151 0.287265 0.780402
1311870527.285561 -1.135348 -0.273393 0.697589 -0.119767 0.543808 0.287413 0.779309
1311870527.317499 -1.134406 -0.272814 0.699604 -0.119206 0.544515 0.288591 0.778466
1311870527.353673 -1.132561 -0.273694 0.703165 -0.118741 0.544705 0.289946 0.777900
1311870527.385442 -1.130703 -0.273995 0.706303 -0.117902 0.544031 0.291110 0.778064
1311870527.417505 -1.127859 -0.274821 0.708873 -0.117309 0.543384 0.291250 0.778554
1311870527.453537 -1.124876 -0.275916 0.712268 -0.116500 0.542882 0.290538 0.779291
1311870527.485444 -1.124156 -0.275883 0.714720 -0.115372 0.542290 0.289875 0.780117
1311870527.517495 -1.122024 -0.275944 0.718258 -0.116172 0.541777 0.289735 0.780407
1311870527.553541 -1.117726 -0.279428 0.723922 -0.116733 0.540982 0.290649 0.780535
1311870527.585396 -1.113668 -0.281081 0.726091 -0.114887 0.539521 0.291152 0.781632
1311870527.617786 -1.111667 -0.281238 0.727545 -0.112815 0.538739 0.292303 0.782043
1311870527.653556 -1.109342 -0.282882 0.730228 -0.111821 0.537845 0.294320 0.782046
1311870527.685683 -1.106604 -0.283897 0.732711 -0.111185 0.536121 0.296340 0.782556
1311870527.717743 -1.100574 -0.286461 0.734195 -0.111837 0.534262 0.297340 0.783355
1311870527.753560 -1.095717 -0.288984 0.734932 -0.111414 0.533962 0.295945 0.784148
1311870527.785611 -1.091275 -0.289758 0.734359 -0.110393 0.534335 0.294186 0.784700
1311870527.817660 -1.088243 -0.288644 0.734320 -0.109332 0.535755 0.293674 0.784072
1311870527.853602 -1.084235 -0.288556 0.736901 -0.109470 0.536766 0.294694 0.782978
1311870527.885426 -1.080921 -0.287286 0.737799 -0.109238 0.536565 0.296446 0.782487
1311870527.917615 -1.076962 -0.286074 0.738471 -0.110590 0.536028 0.298677 0.781816
1311870527.953613 -1.071560 -0.285864 0.739744 -0.112471 0.535559 0.300243 0.781269
1311870527.985521 -1.066534 -0.285566 0.740051 -0.112735 0.535786 0.300684 0.780905
1311870528.017688 -1.065138 -0.282384 0.740759 -0.113140 0.536427 0.300852 0.780342
1311870528.053545 -1.061355 -0.281273 0.742570 -0.115199 0.536157 0.302117 0.779737
1311870528.085603 -1.055847 -0.280714 0.742652 -0.116576 0.535788 0.302478 0.779646
1311870528.117562 -1.053700 -0.278214 0.740268 -0.116718 0.537116 0.302662 0.778640
1311870528.153637 -1.052519 -0.277023 0.740395 -0.117977 0.539750 0.303821 0.776173
1311870528.185455 -1.051297 -0.276660 0.742087 -0.119293 0.541815 0.304829 0.774135
1311870528.217554 -1.051284 -0.276302 0.742927 -0.120165 0.543160 0.305555 0.772770
1311870528.253557 -1.050302 -0.276676 0.743781 -0.120603 0.544310 0.306768 0.771411
1311870528.285502 -1.050753 -0.276895 0.744600 -0.120226 0.545637 0.307439 0.770264
1311870528.317676 -1.051417 -0.276969 0.744618 -0.119668 0.547202 0.308120 0.768968
1311870528.353572 -1.053232 -0.276867 0.745019 -0.118273 0.549225 0.310606 0.766738
1311870528.385617 -1.057721 -0.277020 0.746248 -0.116781 0.551175 0.314192 0.764102
1311870528.417630 -1.061396 -0.276676 0.748010 -0.117793 0.552133 0.317676 0.761811
1311870528.453581 -1.063878 -0.278341 0.749750 -0.119766 0.552979 0.319306 0.760207
1311870528.485584 -1.067474 -0.279693 0.751181 -0.120770 0.554534 0.319442 0.758857
1311870528.517605 -1.071552 -0.282733 0.753841 -0.121197 0.556893 0.317829 0.757737
1311870528.553734 -1.078881 -0.285639 0.755375 -0.120235 0.559313 0.315467 0.757095
1311870528.585482 -1.086021 -0.288210 0.756912 -0.118751 0.561480 0.313500 0.756542
1311870528.617711 -1.094964 -0.289521 0.757852 -0.116841 0.563352 0.313376 0.755499
1311870528.653807 -1.102723 -0.291536 0.760674 -0.116062 0.565315 0.314295 0.753769
1311870528.685658 -1.110843 -0.292849 0.763501 -0.115627 0.566696 0.315143 0.752443
1311870528.717725 -1.118400 -0.295051 0.766738 -0.115812 0.568147 0.316263 0.750849
1311870528.753754 -1.125562 -0.296480 0.770282 -0.116086 0.569448 0.317360 0.749357
1311870528.785670 -1.133855 -0.298278 0.773984 -0.116318 0.570702 0.318164 0.748025
1311870528.817695 -1.141820 -0.300400 0.778053 -0.116936 0.571624 0.319247 0.746762
1311870528.853709 -1.149463 -0.302604 0.781683 -0.117159 0.572189 0.320556 0.745733
1311870528.885613 -1.157723 -0.304467 0.785329 -0.116896 0.572999 0.321185 0.744881
1311870528.917710 -1.166347 -0.305885 0.789380 -0.116986 0.573563 0.321342 0.744365
1311870528.953635 -1.174107 -0.307858 0.792326 -0.117542 0.573668 0.321522 0.744119
1311870528.985528 -1.182123 -0.309431 0.795671 -0.117624 0.574612 0.321873 0.743225
1311870529.017633 -1.190445 -0.310890 0.799256 -0.117546 0.575397 0.322883 0.742191
1311870529.053960 -1.198953 -0.312013 0.802478 -0.117692 0.575600 0.323702 0.741654
1311870529.085558 -1.206476 -0.313263 0.805279 -0.117913 0.575357 0.324719 0.741362
1311870529.117636 -1.213503 -0.314048 0.807440 -0.117534 0.575706 0.325816 0.740670
1311870529.153562 -1.221078 -0.314564 0.809473 -0.117381 0.576776 0.326787 0.739433
1311870529.185613 -1.228827 -0.315351 0.812553 -0.117086 0.577729 0.327336 0.738493
1311870529.217784 -1.237043 -0.315075 0.814504 -0.117347 0.577479 0.328179 0.738272
1311870529.253670 -1.241018 -0.316645 0.817382 -0.118587 0.577289 0.329523 0.737624
1311870529.285539 -1.246785 -0.317208 0.819272 -0.118559 0.577625 0.329128 0.737542
1311870529.317748 -1.250236 -0.318646 0.820902 -0.119685 0.578136 0.327893 0.737509
1311870529.353620 -1.254450 -0.320146 0.822402 -0.119207 0.579505 0.326957 0.736928
1311870529.385706 -1.259042 -0.320457 0.823863 -0.118912 0.580266 0.326181 0.736720
1311870529.417814 -1.261676 -0.321112 0.825612 -0.119746 0.580158 0.324927 0.737224
1311870529.453577 -1.261443 -0.322451 0.827087 -0.121035 0.579946 0.323635 0.737749
1311870529.485560 -1.261224 -0.324277 0.827911 -0.121035 0.580800 0.321731 0.737910
1311870529.517835 -1.261061 -0.326338 0.828963 -0.120189 0.582135 0.319615 0.737916
1311870529.553733 -1.261491 -0.327912 0.830030 -0.118169 0.583002 0.318139 0.738195
1311870529.585764 -1.261889 -0.328397 0.830562 -0.115626 0.582883 0.317000 0.739181
1311870529.617609 -1.263105 -0.327225 0.830193 -0.114538 0.582252 0.316398 0.740105
1311870529.653670 -1.260942 -0.327568 0.830587 -0.116415 0.581731 0.316613 0.740130
1311870529.685645 -1.256406 -0.330555 0.832422 -0.116823 0.581747 0.315957 0.740333
1311870529.717693 -1.254732 -0.330401 0.831332 -0.114375 0.581704 0.315396 0.740989
1311870529.753737 -1.253302 -0.330524 0.832406 -0.112588 0.582196 0.316275 0.740501
1311870529.785572 -1.252858 -0.330074 0.834258 -0.110954 0.580997 0.319416 0.740341
1311870529.817686 -1.250917 -0.329383 0.834385 -0.111334 0.577706 0.323294 0.741176
1311870529.853727 -1.244197 -0.331898 0.836272 -0.113930 0.575322 0.325064 0.741861
1311870529.885616 -1.237424 -0.335620 0.834192 -0.113894 0.575121 0.322381 0.743192
1311870529.917708 -1.235780 -0.336680 0.831001 -0.112284 0.577478 0.318141 0.743436
1311870529.953714 -1.235176 -0.336972 0.831848 -0.111038 0.580499 0.316777 0.741852
1311870529.985592 -1.234994 -0.337507 0.833024 -0.109726 0.581238 0.317726 0.741062
1311870530.017922 -1.232687 -0.337115 0.832553 -0.109710 0.579187 0.319337 0.741977
1311870530.053808 -1.228787 -0.337333 0.831966 -0.110221 0.577996 0.319157 0.742907
1311870530.085624 -1.227278 -0.336648 0.831179 -0.111028 0.578628 0.317765 0.742891
1311870530.117774 -1.226787 -0.336604 0.832411 -0.112470 0.579916 0.315480 0.742644
1311870530.153765 -1.226431 -0.336726 0.833930 -0.114089 0.580071 0.313386 0.743162
1311870530.185634 -1.226323 -0.336456 0.834360 -0.114767 0.579528 0.312215 0.743974
1311870530.217786 -1.226468 -0.336473 0.835431 -0.115418 0.579290 0.311331 0.744429
1311870530.253929 -1.227637 -0.336177 0.835659 -0.116109 0.579291 0.310481 0.744676
1311870530.286029 -1.229152 -0.335623 0.835850 -0.117357 0.579577 0.310257 0.744351
1311870530.317935 -1.230451 -0.335783 0.837044 -0.118853 0.580319 0.310847 0.743289
1311870530.353722 -1.231060 -0.336480 0.838743 -0.119920 0.581051 0.311141 0.742422
1311870530.385850 -1.233259 -0.337024 0.840063 -0.120212 0.581963 0.310724 0.741835
1311870530.417758 -1.234377 -0.338768 0.841154 -0.120903 0.583293 0.309113 0.741351
1311870530.453862 -1.237331 -0.339890 0.840975 -0.120502 0.585605 0.308084 0.740020
1311870530.485681 -1.240576 -0.341806 0.843845 -0.119590 0.588649 0.308655 0.737511
1311870530.517600 -1.246150 -0.342873 0.845958 -0.117730 0.590528 0.310470 0.735544
1311870530.553887 -1.250573 -0.344607 0.848717 -0.116954 0.591796 0.312877 0.733626
1311870530.585894 -1.256374 -0.346716 0.852442 -0.116218 0.592761 0.314126 0.732430
1311870530.617876 -1.262201 -0.348715 0.856001 -0.116163 0.592570 0.314437 0.732459
1311870530.653848 -1.269177 -0.350669 0.858262 -0.115768 0.593253 0.315399 0.731555
1311870530.685747 -1.276963 -0.352113 0.862152 -0.115944 0.594566 0.317894 0.729378
1311870530.717879 -1.282643 -0.354109 0.867593 -0.116396 0.594818 0.319908 0.728219
1311870530.753813 -1.290057 -0.356350 0.871145 -0.116105 0.594077 0.320989 0.728394
1311870530.785751 -1.296825 -0.359093 0.874514 -0.116481 0.593737 0.321268 0.728489
1311870530.817694 -1.303838 -0.361498 0.877859 -0.117126 0.594834 0.319791 0.728140
1311870530.853579 -1.311663 -0.363810 0.881831 -0.117630 0.596299 0.318495 0.727428
1311870530.885594 -1.318374 -0.366305 0.885913 -0.117495 0.597057 0.318600 0.726782
1311870530.917651 -1.325418 -0.368560 0.889366 -0.116291 0.597419 0.319159 0.726432
1311870530.953721 -1.331906 -0.370815 0.892192 -0.115552 0.598070 0.319491 0.725869
1311870530.985770 -1.338162 -0.373053 0.895696 -0.114306 0.599347 0.320527 0.724555
1311870531.017632 -1.344992 -0.375273 0.899623 -0.112428 0.600448 0.321536 0.723490
1311870531.053817 -1.352123 -0.377021 0.903167 -0.111469 0.600804 0.321686 0.723276
1311870531.085728 -1.357709 -0.378981 0.906665 -0.111339 0.601198 0.321710 0.722957
1311870531.117833 -1.363324 -0.380792 0.910452 -0.110346 0.601968 0.322482 0.722125
1311870531.153808 -1.369547 -0.382705 0.914331 -0.109010 0.602526 0.323242 0.721522
1311870531.185806 -1.375970 -0.384193 0.917916 -0.108323 0.602601 0.323311 0.721532
1311870531.217648 -1.381660 -0.385955 0.921944 -0.108391 0.602894 0.322852 0.721482
1311870531.253950 -1.387625 -0.387422 0.925581 -0.108323 0.603106 0.322706 0.721380
1311870531.285639 -1.393864 -0.388750 0.929378 -0.108365 0.603076 0.322646 0.721426
1311870531.317741 -1.400294 -0.389497 0.932209 -0.108620 0.602525 0.323420 0.721501
1311870531.353899 -1.404671 -0.390371 0.936914 -0.109441 0.601478 0.324196 0.721903
1311870531.385755 -1.408724 -0.391364 0.940408 -0.110210 0.600498 0.324040 0.722671
1311870531.417753 -1.413392 -0.392304 0.943306 -0.110951 0.600345 0.323656 0.722857
1311870531.453962 -1.416930 -0.392699 0.947140 -0.111626 0.600370 0.323578 0.722767
1311870531.485663 -1.420948 -0.393920 0.949299 -0.111979 0.599945 0.323751 0.722988
1311870531.517943 -1.423742 -0.394445 0.951481 -0.112248 0.599692 0.324624 0.722764
1311870531.553875 -1.426819 -0.395561 0.953615 -0.111968 0.599751 0.325444 0.722390
1311870531.585802 -1.429349 -0.396630 0.955552 -0.111925 0.599697 0.325409 0.722458
1311870531.617744 -1.432760 -0.397463 0.956882 -0.111660 0.599881 0.324700 0.722665
1311870531.653887 -1.435876 -0.398333 0.958577 -0.111747 0.600070 0.324254 0.722695
1311870531.685863 -1.437832 -0.399177 0.960573 -0.111989 0.600163 0.323351 0.722985
1311870531.717776 -1.440848 -0.400072 0.961321 -0.111780 0.600263 0.322356 0.723378
1311870531.753721 -1.443715 -0.400540 0.961908 -0.111355 0.600673 0.322307 0.723125
1311870531.785779 -1.447197 -0.400658 0.962255 -0.111305 0.600847 0.322633 0.722843
1311870531.817896 -1.449450 -0.400719 0.963054 -0.111734 0.600474 0.323441 0.722726
1311870531.853864 -1.450781 -0.401018 0.964084 -0.112059 0.600149 0.323861 0.722757
1311870531.885692 -1.452590 -0.401288 0.962949 -0.113045 0.600137 0.323072 0.722967
1311870531.917945 -1.453546 -0.401406 0.962534 -0.113931 0.601303 0.322431 0.722144
1311870531.953725 -1.455320 -0.400895 0.962642 -0.114415 0.602457 0.322529 0.721061
1311870531.985707 -1.456397 -0.400609 0.962926 -0.115386 0.602729 0.322059 0.720890
1311870532.017814 -1.456468 -0.400282 0.962557 -0.116810 0.602628 0.321693 0.720908
1311870532.053802 -1.455959 -0.400491 0.961836 -0.118011 0.603223 0.320693 0.720661
1311870532.085794 -1.455426 -0.400365 0.961772 -0.118897 0.604523 0.319094 0.720135
1311870532.117752 -1.456107 -0.399987 0.961180 -0.118867 0.605335 0.318125 0.719887
1311870532.153955 -1.455525 -0.399359 0.960440 -0.118949 0.605470 0.318514 0.719588
1311870532.185767 -1.454308 -0.398907 0.959474 -0.119027 0.605502 0.319626 0.719055
1311870532.217912 -1.451932 -0.398276 0.959082 -0.119532 0.605708 0.320831 0.718260
1311870532.253887 -1.449104 -0.398011 0.959227 -0.119948 0.606339 0.321467 0.717374
1311870532.285764 -1.445343 -0.398140 0.959669 -0.120153 0.606907 0.320917 0.717105
1311870532.317766 -1.441251 -0.398607 0.959260 -0.120483 0.607616 0.318730 0.717425
1311870532.353921 -1.436789 -0.399552 0.958173 -0.120271 0.608369 0.316605 0.717763
1311870532.385803 -1.432929 -0.401835 0.956376 -0.118416 0.608913 0.314738 0.718431
1311870532.417808 -1.428677 -0.402097 0.956277 -0.115527 0.609385 0.312702 0.719389
1311870532.454013 -1.425233 -0.402198 0.955425 -0.113094 0.609709 0.311677 0.719946
1311870532.485809 -1.422143 -0.401842 0.953312 -0.113355 0.608662 0.312869 0.720274
1311870532.518264 -1.414128 -0.403720 0.956104 -0.114385 0.607424 0.314669 0.720372
1311870532.553703 -1.407318 -0.405671 0.956163 -0.112050 0.606314 0.314846 0.721596
1311870532.585765 -1.403532 -0.406307 0.954175 -0.109061 0.606018 0.315328 0.722092
1311870532.617834 -1.399428 -0.407270 0.953711 -0.106325 0.605968 0.317183 0.721729
1311870532.653874 -1.396894 -0.407852 0.953085 -0.103940 0.604644 0.319298 0.722254
1311870532.685884 -1.391033 -0.408668 0.953375 -0.104363 0.602634 0.319310 0.723866
1311870532.717871 -1.384159 -0.410454 0.953224 -0.104548 0.602238 0.316594 0.725360
1311870532.753718 -1.380690 -0.411221 0.951781 -0.103334 0.603296 0.314050 0.725761
1311870532.785894 -1.377338 -0.411614 0.951823 -0.102266 0.604178 0.313378 0.725469
1311870532.817873 -1.373804 -0.411845 0.952408 -0.101442 0.603917 0.313123 0.725912
1311870532.853993 -1.369219 -0.411826 0.952642 -0.101212 0.602810 0.313316 0.726780
1311870532.885775 -1.365261 -0.411783 0.952892 -0.100939 0.601848 0.313202 0.727664
1311870532.917754 -1.361589 -0.411474 0.953207 -0.100496 0.601007 0.312946 0.728530
1311870532.953790 -1.359649 -0.409428 0.954378 -0.101028 0.599991 0.313041 0.729253
1311870532.985935 -1.355869 -0.409638 0.956293 -0.102978 0.598656 0.313273 0.729977
1311870533.017890 -1.353496 -0.409407 0.956298 -0.103242 0.597378 0.312827 0.731178
1311870533.053880 -1.351580 -0.408571 0.957150 -0.104364 0.596717 0.311136 0.732278
1311870533.085764 -1.349527 -0.407895 0.958159 -0.105238 0.596653 0.310110 0.732640
1311870533.117910 -1.348290 -0.407041 0.958823 -0.105503 0.596901 0.309943 0.732471
1311870533.153906 -1.347871 -0.406182 0.959266 -0.106272 0.597236 0.310345 0.731916
1311870533.185897 -1.346883 -0.405759 0.960054 -0.107298 0.597580 0.311804 0.730865
1311870533.217947 -1.346028 -0.405542 0.961610 -0.107906 0.598064 0.313599 0.729610
1311870533.253938 -1.345449 -0.405984 0.963185 -0.108551 0.598487 0.314787 0.728655
1311870533.285776 -1.345133 -0.406872 0.964463 -0.109373 0.599038 0.314371 0.728259
1311870533.317840 -1.345536 -0.408001 0.965459 -0.110413 0.600331 0.312959 0.727646
1311870533.353961 -1.346391 -0.409479 0.967375 -0.110127 0.602345 0.312338 0.726290
1311870533.385784 -1.348740 -0.410837 0.968833 -0.108521 0.604116 0.312449 0.725012
1311870533.418074 -1.351320 -0.411937 0.970018 -0.107688 0.605539 0.312850 0.723775
1311870533.453809 -1.353819 -0.413667 0.970762 -0.106929 0.607512 0.314186 0.721652
1311870533.485930 -1.357099 -0.415420 0.973355 -0.105488 0.609907 0.316202 0.718959
1311870533.517844 -1.360393 -0.416887 0.975725 -0.104433 0.611683 0.317613 0.716979
1311870533.553791 -1.363778 -0.418932 0.977892 -0.103992 0.613785 0.318141 0.715010
1311870533.585802 -1.368503 -0.420418 0.980951 -0.103563 0.615627 0.319400 0.712924
1311870533.617883 -1.371594 -0.422507 0.984542 -0.102937 0.616701 0.321483 0.711149
1311870533.653986 -1.376579 -0.424366 0.987121 -0.101789 0.617663 0.323424 0.709597
1311870533.685836 -1.381376 -0.426435 0.990536 -0.101684 0.618548 0.324886 0.708172
1311870533.717851 -1.385384 -0.429305 0.995516 -0.102407 0.619158 0.325080 0.707446
1311870533.754009 -1.390004 -0.432199 1.000128 -0.102123 0.619423 0.324781 0.707392
1311870533.786580 -1.395613 -0.434636 1.003265 -0.101768 0.619084 0.324366 0.707931
1311870533.817830 -1.399523 -0.437618 1.007826 -0.101925 0.619460 0.323357 0.708040
1311870533.854024 -1.405607 -0.440205 1.010941 -0.101382 0.619913 0.322931 0.707916
1311870533.885885 -1.410253 -0.442468 1.015492 -0.100885 0.619660 0.323490 0.707954
1311870533.918070 -1.414722 -0.444809 1.019544 -0.100127 0.618766 0.323798 0.708701
1311870533.953885 -1.418447 -0.447126 1.021625 -0.099698 0.618136 0.323497 0.709449
1311870533.986039 -1.422904 -0.449331 1.024368 -0.098961 0.618780 0.322741 0.709335
1311870534.017845 -1.427347 -0.451609 1.027502 -0.098745 0.619454 0.322014 0.709107
1311870534.053805 -1.431344 -0.453937 1.030813 -0.098074 0.619774 0.321922 0.708963
1311870534.085843 -1.434988 -0.455941 1.034030 -0.097644 0.619706 0.321831 0.709122
1311870534.117829 -1.437858 -0.458385 1.036897 -0.097116 0.620210 0.321390 0.708955
1311870534.153817 -1.443087 -0.460229 1.039082 -0.095788 0.620485 0.320855 0.709137
1311870534.185866 -1.446754 -0.462427 1.041705 -0.095436 0.620154 0.320259 0.709744
1311870534.217924 -1.451228 -0.464281 1.043649 -0.094664 0.619623 0.320067 0.710396
1311870534.254180 -1.454717 -0.466007 1.045823 -0.094748 0.618987 0.319718 0.711096
1311870534.285889 -1.457672 -0.467345 1.047905 -0.094836 0.619089 0.318562 0.711515
1311870534.318155 -1.461267 -0.468602 1.050345 -0.094521 0.619767 0.318153 0.711149
1311870534.353864 -1.465221 -0.469805 1.051867 -0.093864 0.620089 0.317814 0.711107
1311870534.386175 -1.468888 -0.470509 1.053099 -0.093961 0.620172 0.317452 0.711183
1311870534.417874 -1.471949 -0.471369 1.054672 -0.093832 0.620503 0.317618 0.710838
1311870534.453764 -1.475003 -0.472048 1.056463 -0.093414 0.620607 0.317982 0.710640
1311870534.486051 -1.478019 -0.472690 1.057221 -0.093061 0.620600 0.318530 0.710447
1311870534.518420 -1.481442 -0.473193 1.058606 -0.092970 0.620906 0.318895 0.710027
1311870534.553916 -1.483358 -0.474157 1.061265 -0.093097 0.621094 0.319155 0.709729
1311870534.585910 -1.486185 -0.475867 1.063245 -0.092319 0.621086 0.318933 0.709938
1311870534.617855 -1.488973 -0.477024 1.065110 -0.091271 0.620758 0.319011 0.710325
1311870534.654074 -1.492307 -0.478668 1.066213 -0.089901 0.620386 0.319189 0.710744
1311870534.685957 -1.496182 -0.480044 1.067227 -0.088087 0.619661 0.319704 0.711372
1311870534.718130 -1.500041 -0.481305 1.067613 -0.087399 0.618503 0.319748 0.712444
1311870534.754156 -1.501708 -0.482289 1.069220 -0.087137 0.617992 0.319299 0.713121
1311870534.785847 -1.505128 -0.483117 1.069676 -0.086739 0.618320 0.318804 0.713107
1311870534.817908 -1.508127 -0.483831 1.071886 -0.086336 0.618738 0.318945 0.712729
1311870534.853941 -1.510846 -0.484738 1.072784 -0.085860 0.618624 0.319158 0.712791
1311870534.885905 -1.513642 -0.485033 1.073488 -0.085778 0.618654 0.319267 0.712726
1311870534.918048 -1.516369 -0.485506 1.074375 -0.085779 0.618899 0.319123 0.712577
1311870534.954068 -1.517809 -0.485692 1.075914 -0.086340 0.619022 0.319085 0.712420
1311870534.985871 -1.519098 -0.486181 1.075658 -0.086224 0.619548 0.318944 0.712039
1311870535.018049 -1.520929 -0.486334 1.074927 -0.085505 0.620828 0.319151 0.710918
1311870535.054164 -1.524080 -0.486150 1.074403 -0.085373 0.621939 0.320056 0.709554
1311870535.085918 -1.525313 -0.486176 1.075351 -0.085950 0.622442 0.321263 0.708498
1311870535.117922 -1.526734 -0.486158 1.075519 -0.085901 0.622707 0.321663 0.708089
1311870535.154191 -1.528485 -0.485782 1.075967 -0.085841 0.623040 0.321951 0.707672
1311870535.185891 -1.530999 -0.485540 1.075492 -0.086264 0.623231 0.321866 0.707491
1311870535.217963 -1.533311 -0.485096 1.076106 -0.086834 0.622976 0.322356 0.707423
1311870535.254036 -1.534730 -0.483996 1.076410 -0.088036 0.621680 0.323077 0.708085
1311870535.285911 -1.534531 -0.483478 1.076139 -0.090716 0.620814 0.323758 0.708196
1311870535.317996 -1.533847 -0.482729 1.076793 -0.092516 0.621444 0.324619 0.707015
1311870535.354185 -1.534660 -0.482198 1.076646 -0.092828 0.622515 0.324959 0.705875
1311870535.386102 -1.535728 -0.482278 1.076234 -0.093561 0.623095 0.325281 0.705118
1311870535.418054 -1.536367 -0.482028 1.076066 -0.094334 0.623338 0.325554 0.704674
1311870535.454154 -1.537256 -0.481790 1.075624 -0.095342 0.623662 0.324834 0.704584
1311870535.486006 -1.539026 -0.481185 1.074728 -0.096704 0.623775 0.323765 0.704790
1311870535.517985 -1.540597 -0.480051 1.074150 -0.097739 0.623309 0.323758 0.705063
1311870535.554126 -1.541473 -0.478969 1.073232 -0.099108 0.622314 0.323778 0.705741
1311870535.586026 -1.541653 -0.477745 1.071492 -0.100511 0.621552 0.323149 0.706503
1311870535.618203 -1.540645 -0.477480 1.068740 -0.101351 0.621739 0.322458 0.706533
1311870535.653954 -1.541412 -0.477178 1.065888 -0.100818 0.623003 0.321041 0.706141
1311870535.685919 -1.542420 -0.476264 1.062626 -0.100556 0.623511 0.319744 0.706319
1311870535.722020 -1.541798 -0.475891 1.058600 -0.099762 0.623810 0.319111 0.706454
1311870535.753972 -1.542231 -0.474895 1.054012 -0.098468 0.623898 0.318431 0.706864
1311870535.785923 -1.542043 -0.474269 1.048612 -0.098125 0.623831 0.317562 0.707362
1311870535.822043 -1.540437 -0.472895 1.043649 -0.098053 0.624316 0.317027 0.707184
1311870535.854132 -1.538558 -0.471447 1.039413 -0.097240 0.625272 0.316469 0.706702
1311870535.886083 -1.538290 -0.470090 1.033679 -0.095696 0.626202 0.316198 0.706209
1311870535.922048 -1.540705 -0.467588 1.026920 -0.095181 0.626071 0.316433 0.706290
1311870535.954065 -1.539288 -0.464377 1.023347 -0.096585 0.624676 0.316338 0.707376
1311870535.985940 -1.536225 -0.462822 1.019792 -0.097081 0.622826 0.315187 0.709450
1311870536.022118 -1.535962 -0.460470 1.011723 -0.096777 0.621447 0.313995 0.711228
1311870536.053971 -1.534802 -0.457752 1.005180 -0.097046 0.621135 0.313440 0.711709
1311870536.086162 -1.532550 -0.455425 0.999200 -0.096978 0.620457 0.313165 0.712429
1311870536.122071 -1.531154 -0.453098 0.991639 -0.096042 0.619127 0.312782 0.713881
1311870536.154212 -1.529942 -0.450623 0.983969 -0.096635 0.617494 0.310999 0.715991
1311870536.185964 -1.527101 -0.448221 0.976273 -0.098154 0.616579 0.308650 0.717587
1311870536.222145 -1.525534 -0.445549 0.968695 -0.098741 0.616276 0.306969 0.718487
1311870536.254533 -1.524869 -0.442518 0.960719 -0.099067 0.614999 0.305661 0.720092
1311870536.285958 -1.523907 -0.439254 0.953029 -0.100621 0.613188 0.304536 0.721896
1311870536.322117 -1.522619 -0.436371 0.945855 -0.102504 0.611110 0.303453 0.723846
1311870536.354191 -1.520491 -0.433535 0.938409 -0.104581 0.608355 0.302942 0.726080
1311870536.386255 -1.517077 -0.430817 0.931412 -0.105663 0.606087 0.301933 0.728238
1311870536.422203 -1.516828 -0.427921 0.923977 -0.105734 0.604323 0.300351 0.730345
1311870536.453990 -1.515656 -0.424522 0.916294 -0.107190 0.602068 0.298545 0.732731
1311870536.486155 -1.514712 -0.421182 0.909218 -0.108092 0.600096 0.297558 0.734615
1311870536.522243 -1.514366 -0.417761 0.901985 -0.108733 0.597136 0.297225 0.737064
1311870536.554054 -1.513025 -0.414284 0.895033 -0.110766 0.592950 0.296414 0.740459
1311870536.586020 -1.507508 -0.412362 0.889186 -0.113204 0.589323 0.294750 0.743644
1311870536.622194 -1.504475 -0.410650 0.881562 -0.113594 0.587756 0.292212 0.745822
1311870536.654414 -1.503988 -0.408192 0.873962 -0.113289 0.586606 0.289803 0.747712
1311870536.686043 -1.502500 -0.406081 0.868080 -0.113168 0.585139 0.287433 0.749791
1311870536.722157 -1.502913 -0.403208 0.861503 -0.111128 0.582715 0.286606 0.752297
1311870536.754257 -1.503696 -0.400568 0.853610 -0.109698 0.578322 0.287561 0.755526
1311870536.786106 -1.503054 -0.397665 0.845327 -0.110248 0.573136 0.287993 0.759224
1311870536.822151 -1.500562 -0.396080 0.838458 -0.112635 0.569656 0.285465 0.762440
1311870536.854015 -1.499616 -0.394350 0.831925 -0.115058 0.568296 0.283081 0.763980
1311870536.886074 -1.498319 -0.391430 0.828451 -0.116258 0.566597 0.281466 0.765656
1311870536.922146 -1.497677 -0.388641 0.822866 -0.117791 0.563221 0.278981 0.768816
1311870536.954108 -1.494396 -0.387095 0.817758 -0.119272 0.560699 0.276773 0.771225
1311870536.986393 -1.493144 -0.385626 0.813039 -0.119347 0.560108 0.274662 0.772397
1311870537.022074 -1.492568 -0.383592 0.808231 -0.119757 0.559191 0.272796 0.773658
1311870537.054071 -1.491985 -0.382205 0.803639 -0.121191 0.558627 0.269591 0.774965
1311870537.086400 -1.491416 -0.380183 0.799938 -0.122906 0.558324 0.268026 0.775455
1311870537.122159 -1.490022 -0.378860 0.798347 -0.122354 0.557596 0.269575 0.775529
1311870537.154044 -1.489133 -0.377205 0.795875 -0.120676 0.556076 0.272428 0.775887
1311870537.186006 -1.487064 -0.375617 0.791481 -0.119999 0.555176 0.274982 0.775735
1311870537.222178 -1.485086 -0.374482 0.787881 -0.118858 0.556483 0.277747 0.773987
1311870537.254088 -1.484759 -0.373256 0.786061 -0.117229 0.559228 0.279710 0.771546
1311870537.286093 -1.486089 -0.371833 0.785042 -0.116144 0.561083 0.281244 0.769804
1311870537.322226 -1.484175 -0.371159 0.785700 -0.115781 0.561842 0.282197 0.768956
1311870537.354088 -1.483803 -0.371418 0.783693 -0.114873 0.563072 0.281558 0.768426
1311870537.386038 -1.487424 -0.369437 0.780800 -0.114705 0.564292 0.282287 0.767288
1311870537.422153 -1.487103 -0.369040 0.780406 -0.117801 0.564380 0.284639 0.765884
1311870537.454193 -1.482728 -0.371232 0.783892 -0.120429 0.565276 0.285860 0.764359
1311870537.486083 -1.480973 -0.373051 0.785153 -0.120407 0.566709 0.284341 0.763867
1311870537.522105 -1.479810 -0.375152 0.787013 -0.119591 0.569120 0.282170 0.763007
1311870537.554064 -1.482434 -0.375628 0.787178 -0.116811 0.569557 0.282625 0.762943
1311870537.586084 -1.482214 -0.376272 0.786925 -0.115514 0.568122 0.285776 0.763037
1311870537.622154 -1.481896 -0.377846 0.788532 -0.113794 0.568171 0.288769 0.762132
1311870537.654062 -1.482400 -0.378804 0.790225 -0.112200 0.566819 0.291769 0.762232
1311870537.686040 -1.482417 -0.380920 0.789176 -0.111176 0.566153 0.292462 0.762612
1311870537.722168 -1.483888 -0.381623 0.788713 -0.111039 0.567328 0.291663 0.762064
1311870537.754254 -1.482971 -0.382793 0.789702 -0.111457 0.568473 0.290876 0.761451
1311870537.786249 -1.483899 -0.382998 0.791155 -0.110907 0.569283 0.289546 0.761433
1311870537.822222 -1.484474 -0.383277 0.791054 -0.111175 0.567672 0.289408 0.762647
1311870537.854262 -1.481409 -0.384620 0.790654 -0.111678 0.567152 0.288611 0.763263
1311870537.886381 -1.481671 -0.384610 0.789504 -0.110408 0.568173 0.288073 0.762891
1311870537.922171 -1.481632 -0.384679 0.788772 -0.109721 0.567973 0.287928 0.763194
1311870537.954347 -1.479856 -0.384109 0.787656 -0.109308 0.566913 0.289108 0.763596
1311870537.986107 -1.477771 -0.384177 0.786353 -0.108438 0.566005 0.290695 0.763790
1311870538.022288 -1.475896 -0.383942 0.784440 -0.108223 0.565157 0.290172 0.764647
1311870538.054071 -1.473653 -0.383490 0.782259 -0.108011 0.564554 0.290180 0.765120
1311870538.086140 -1.471131 -0.383105 0.780915 -0.106976 0.564283 0.290705 0.765266
1311870538.122594 -1.470127 -0.382214 0.778415 -0.105543 0.563399 0.290448 0.766212
1311870538.154168 -1.468548 -0.380435 0.774628 -0.105234 0.560656 0.290248 0.768340
1311870538.186414 -1.466606 -0.379586 0.770100 -0.105651 0.558299 0.289728 0.770193
1311870538.222265 -1.464580 -0.377829 0.766583 -0.106457 0.556921 0.288152 0.771670
1311870538.254167 -1.461456 -0.375652 0.763104 -0.108232 0.555134 0.285813 0.773578
1311870538.286215 -1.457489 -0.374270 0.759056 -0.109662 0.553842 0.283808 0.775039
1311870538.322310 -1.454360 -0.372679 0.753900 -0.110099 0.552710 0.281592 0.776592
1311870538.354240 -1.451304 -0.371221 0.747663 -0.110368 0.551107 0.278575 0.778778
1311870538.386094 -1.448006 -0.369852 0.740217 -0.110516 0.549523 0.275240 0.781059
1311870538.422217 -1.445218 -0.367324 0.732058 -0.109997 0.547862 0.272781 0.783159
1311870538.454159 -1.441760 -0.365186 0.724372 -0.109532 0.546373 0.271637 0.784661
1311870538.486125 -1.439316 -0.361889 0.716769 -0.109407 0.544517 0.270625 0.786316
1311870538.522200 -1.434453 -0.359679 0.709253 -0.110515 0.541917 0.269734 0.788261
1311870538.554259 -1.429781 -0.358164 0.701663 -0.110302 0.540061 0.268248 0.790070
1311870538.586143 -1.427314 -0.355327 0.693692 -0.110250 0.538311 0.266271 0.791938
1311870538.622362 -1.422829 -0.353342 0.686164 -0.110624 0.536778 0.263703 0.793784
1311870538.654294 -1.420351 -0.350303 0.677664 -0.110022 0.535410 0.262108 0.795318
1311870538.686207 -1.417930 -0.346291 0.669327 -0.109973 0.533717 0.261658 0.796610
1311870538.722309 -1.415773 -0.342660 0.661918 -0.110903 0.531710 0.261145 0.797991
1311870538.754182 -1.412231 -0.338915 0.654277 -0.112029 0.529756 0.260121 0.799466
1311870538.786218 -1.409987 -0.334011 0.645596 -0.113285 0.528063 0.260001 0.800447
1311870538.822228 -1.405518 -0.331112 0.638879 -0.114824 0.526929 0.260166 0.800922
1311870538.854281 -1.403432 -0.328158 0.632401 -0.115534 0.526197 0.259707 0.801449
1311870538.886222 -1.401131 -0.324463 0.625014 -0.116265 0.525049 0.259488 0.802167
1311870538.922182 -1.399049 -0.321457 0.619684 -0.116982 0.523545 0.258709 0.803296
1311870538.954344 -1.397901 -0.317594 0.612973 -0.117327 0.520590 0.258693 0.805170
1311870538.986328 -1.395846 -0.314942 0.607539 -0.118151 0.517281 0.259647 0.806873
1311870539.022372 -1.393894 -0.313171 0.601405 -0.118508 0.514347 0.260201 0.808516
1311870539.054236 -1.392832 -0.310878 0.594354 -0.119500 0.512392 0.258731 0.810082
1311870539.086179 -1.391073 -0.309507 0.589757 -0.121019 0.511064 0.256874 0.811285
1311870539.122393 -1.389132 -0.307958 0.585160 -0.121437 0.509568 0.255235 0.812680
1311870539.154145 -1.389319 -0.306039 0.580126 -0.121008 0.507482 0.253773 0.814505
1311870539.186213 -1.388498 -0.304010 0.574322 -0.121129 0.504828 0.253000 0.816375
1311870539.222410 -1.387075 -0.302281 0.570878 -0.120994 0.503256 0.253352 0.817255
1311870539.254251 -1.386956 -0.299957 0.564715 -0.120658 0.501256 0.253898 0.818364
1311870539.286197 -1.385577 -0.297058 0.559985 -0.121912 0.499447 0.253845 0.819300
1311870539.322337 -1.383077 -0.295292 0.558656 -0.123142 0.498749 0.254449 0.819354
1311870539.354172 -1.381773 -0.293107 0.554474 -0.122912 0.497881 0.255078 0.819721
1311870539.386179 -1.381040 -0.290651 0.551301 -0.123610 0.497404 0.255343 0.819823
1311870539.422287 -1.380129 -0.288494 0.548975 -0.124321 0.496691 0.256233 0.819870
1311870539.454836 -1.378807 -0.286355 0.547187 -0.124447 0.496021 0.258682 0.819488
1311870539.487455 -1.378408 -0.284038 0.545090 -0.124281 0.494601 0.261745 0.819398
1311870539.522354 -1.375904 -0.282569 0.543835 -0.125315 0.492804 0.263721 0.819690
1311870539.554154 -1.373385 -0.280498 0.540973 -0.125861 0.492407 0.264918 0.819459
1311870539.586271 -1.371947 -0.278722 0.540181 -0.126222 0.492680 0.266396 0.818760
1311870539.622380 -1.370976 -0.276484 0.539359 -0.126824 0.491894 0.268430 0.818475
1311870539.654246 -1.368583 -0.275365 0.538467 -0.128700 0.490618 0.271230 0.818025
1311870539.686345 -1.365069 -0.272895 0.539100 -0.130215 0.490018 0.274490 0.817057
1311870539.722235 -1.362153 -0.273285 0.541785 -0.130687 0.490277 0.276142 0.816269
1311870539.754311 -1.360979 -0.272831 0.541821 -0.130254 0.490000 0.276187 0.816489
1311870539.786602 -1.358777 -0.272900 0.541432 -0.129725 0.489835 0.276052 0.816718
1311870539.822291 -1.357090 -0.273748 0.539172 -0.128790 0.490509 0.275462 0.816661
1311870539.854254 -1.355516 -0.274959 0.536798 -0.128585 0.492559 0.273556 0.816100
1311870539.886326 -1.354392 -0.275677 0.535564 -0.128911 0.496035 0.270943 0.814814
1311870539.922326 -1.352898 -0.276944 0.535240 -0.128990 0.499599 0.268524 0.813423
1311870539.954396 -1.353037 -0.278540 0.536856 -0.128039 0.502506 0.266885 0.812322
1311870539.986265 -1.351461 -0.279598 0.535072 -0.127004 0.502470 0.267136 0.812424
1311870540.022451 -1.348160 -0.282312 0.533508 -0.126778 0.502509 0.267604 0.812281
1311870540.054248 -1.344190 -0.284345 0.530090 -0.126071 0.503397 0.268433 0.811567
1311870540.086327 -1.342537 -0.284643 0.527431 -0.125250 0.505850 0.268966 0.809991
1311870540.122405 -1.341888 -0.283563 0.527976 -0.124708 0.508382 0.271360 0.807688
1311870540.154212 -1.338927 -0.284112 0.530057 -0.123887 0.508220 0.274290 0.806926
1311870540.186183 -1.335966 -0.284485 0.527676 -0.122995 0.507302 0.275547 0.807212
1311870540.222385 -1.333783 -0.283295 0.525460 -0.122500 0.507150 0.276147 0.807178
1311870540.254274 -1.331238 -0.282581 0.524461 -0.122059 0.507148 0.277480 0.806788
1311870540.286328 -1.330081 -0.281167 0.524118 -0.121189 0.505908 0.279965 0.806839
1311870540.322198 -1.325486 -0.280339 0.522392 -0.121359 0.503476 0.281914 0.807656
1311870540.354334 -1.318486 -0.280212 0.520321 -0.121431 0.503074 0.282090 0.807834
1311870540.386386 -1.314916 -0.279322 0.517531 -0.119912 0.504143 0.281337 0.807657
1311870540.422311 -1.312363 -0.277322 0.515612 -0.118798 0.504270 0.281322 0.807748
1311870540.454309 -1.307746 -0.276141 0.513373 -0.117633 0.503170 0.282163 0.808311
1311870540.486221 -1.303732 -0.274621 0.511250 -0.116247 0.501565 0.282758 0.809300
1311870540.522337 -1.299014 -0.273510 0.508421 -0.115553 0.499453 0.281701 0.811073
1311870540.554375 -1.294054 -0.272315 0.504083 -0.115483 0.497448 0.279753 0.812987
1311870540.586464 -1.289439 -0.270786 0.500394 -0.115460 0.496187 0.277371 0.814575
1311870540.622414 -1.286980 -0.268966 0.498080 -0.115919 0.494419 0.273799 0.816790
1311870540.654269 -1.281466 -0.268670 0.494961 -0.116806 0.490844 0.270905 0.819780
1311870540.686268 -1.277296 -0.267282 0.490438 -0.116663 0.487217 0.268813 0.822648
1311870540.722364 -1.271762 -0.265723 0.485434 -0.116416 0.482837 0.267948 0.825542
1311870540.754251 -1.265348 -0.263865 0.478518 -0.116499 0.478495 0.266773 0.828434
1311870540.786246 -1.258418 -0.263041 0.473152 -0.117126 0.475253 0.263429 0.831277
1311870540.822468 -1.252694 -0.261577 0.465544 -0.117048 0.472542 0.258675 0.834321
1311870540.854236 -1.247739 -0.259321 0.457292 -0.117184 0.469940 0.254965 0.836909
1311870540.886320 -1.240613 -0.257288 0.449878 -0.118376 0.467303 0.251900 0.839143
1311870540.922347 -1.233547 -0.255789 0.442987 -0.119168 0.465150 0.248966 0.841101
1311870540.954328 -1.227746 -0.253982 0.435126 -0.119599 0.463343 0.245770 0.842975
1311870540.986261 -1.220626 -0.252491 0.427486 -0.120760 0.462234 0.242781 0.844283
1311870541.022351 -1.214622 -0.250958 0.421695 -0.120773 0.461383 0.240976 0.845263
1311870541.054387 -1.211184 -0.248793 0.416436 -0.120509 0.459109 0.240481 0.846679
1311870541.086340 -1.205895 -0.247999 0.410666 -0.121393 0.455593 0.240529 0.848437
1311870541.122437 -1.200581 -0.247429 0.405011 -0.121527 0.452256 0.239699 0.850435
1311870541.154508 -1.195624 -0.245645 0.397237 -0.121964 0.449069 0.237533 0.852667
1311870541.186431 -1.191627 -0.243897 0.391053 -0.122735 0.447026 0.234643 0.854428
1311870541.222493 -1.189201 -0.241254 0.385770 -0.123540 0.444736 0.232842 0.855998
1311870541.254588 -1.185370 -0.238792 0.379697 -0.124833 0.441862 0.231824 0.857573
1311870541.286332 -1.182104 -0.236135 0.373575 -0.125677 0.439538 0.231252 0.858798
1311870541.322625 -1.178972 -0.233763 0.366461 -0.127187 0.437651 0.231137 0.859570
1311870541.354428 -1.175280 -0.231778 0.361077 -0.127921 0.436941 0.231117 0.859828
1311870541.386374 -1.173605 -0.229640 0.356455 -0.128130 0.435937 0.231304 0.860256
1311870541.422454 -1.172153 -0.226619 0.350614 -0.128375 0.434155 0.230979 0.861207
1311870541.454513 -1.170684 -0.223977 0.344640 -0.129341 0.432568 0.230364 0.862025
1311870541.486795 -1.168730 -0.220717 0.338228 -0.129910 0.431192 0.230642 0.862555
1311870541.522439 -1.167264 -0.218162 0.332387 -0.130739 0.430527 0.231152 0.862625
1311870541.555173 -1.166363 -0.216039 0.327126 -0.132317 0.429756 0.231027 0.862803
1311870541.586667 -1.163292 -0.215538 0.324357 -0.134059 0.429603 0.229989 0.862888
1311870541.622463 -1.161483 -0.214950 0.319924 -0.133934 0.430021 0.228715 0.863037
1311870541.654490 -1.159893 -0.215162 0.316083 -0.133209 0.431021 0.227511 0.862969
1311870541.686496 -1.158867 -0.213305 0.312548 -0.131660 0.432013 0.226331 0.863021
1311870541.722353 -1.157999 -0.213569 0.309048 -0.130553 0.433449 0.226226 0.862497
1311870541.754325 -1.156142 -0.213733 0.305622 -0.128574 0.434871 0.227851 0.861650
1311870541.786545 -1.156753 -0.212863 0.303995 -0.125870 0.435981 0.229578 0.861029
1311870541.822399 -1.156642 -0.212080 0.303675 -0.124547 0.435864 0.230854 0.860940
1311870541.854332 -1.155124 -0.212409 0.305148 -0.123165 0.434827 0.232347 0.861261
1311870541.886498 -1.155528 -0.213744 0.304217 -0.121602 0.433117 0.232754 0.862234
1311870541.922427 -1.154154 -0.214338 0.303875 -0.121208 0.432049 0.231561 0.863146
1311870541.954548 -1.152876 -0.215647 0.303956 -0.120594 0.432238 0.229870 0.863590
1311870541.986569 -1.152952 -0.215846 0.304650 -0.119345 0.432592 0.229620 0.863652
1311870542.022417 -1.152787 -0.217215 0.305736 -0.118457 0.432374 0.230070 0.863764
1311870542.054327 -1.151955 -0.218005 0.306263 -0.117541 0.431896 0.230140 0.864110
1311870542.086535 -1.152095 -0.218206 0.305112 -0.117029 0.432426 0.230873 0.863718
1311870542.122433 -1.151895 -0.218069 0.307253 -0.117787 0.433757 0.233220 0.862316
1311870542.154468 -1.152059 -0.220231 0.311472 -0.118695 0.434446 0.233386 0.861800
1311870542.186374 -1.152473 -0.222428 0.315795 -0.119413 0.433721 0.231390 0.862604
1311870542.222469 -1.152025 -0.225047 0.319233 -0.119631 0.431964 0.228658 0.864182
1311870542.254367 -1.150723 -0.227354 0.321036 -0.118917 0.430324 0.227814 0.865321
1311870542.286569 -1.148628 -0.230150 0.321990 -0.117727 0.430099 0.229636 0.865114
1311870542.322368 -1.150325 -0.231813 0.324132 -0.115835 0.431077 0.232929 0.864002
1311870542.354466 -1.151653 -0.234249 0.328312 -0.115687 0.430091 0.236156 0.863637
1311870542.386344 -1.149901 -0.236526 0.330783 -0.116156 0.428347 0.236611 0.864316
1311870542.422546 -1.148473 -0.237962 0.332382 -0.116258 0.427915 0.234834 0.865000
1311870542.454398 -1.148169 -0.239004 0.333569 -0.116053 0.428959 0.233502 0.864872
1311870542.486607 -1.149268 -0.239021 0.335559 -0.115204 0.429774 0.234989 0.864177
1311870542.522398 -1.148707 -0.239709 0.337961 -0.114828 0.429315 0.238029 0.863623
1311870542.554522 -1.147899 -0.241024 0.339626 -0.114883 0.428529 0.239676 0.863551
1311870542.586430 -1.145548 -0.241517 0.339547 -0.115875 0.427825 0.239342 0.863860
1311870542.622435 -1.142918 -0.241915 0.337010 -0.116848 0.428862 0.238938 0.863326
1311870542.654545 -1.142912 -0.241941 0.337866 -0.117847 0.431055 0.238399 0.862247
1311870542.686551 -1.142340 -0.241430 0.339892 -0.119568 0.431123 0.237675 0.862176
1311870542.722485 -1.142042 -0.241097 0.341596 -0.121079 0.429032 0.237591 0.863031
1311870542.754612 -1.140810 -0.241242 0.341893 -0.122515 0.424759 0.238424 0.864710
1311870542.786515 -1.134976 -0.242964 0.339422 -0.124087 0.420003 0.238916 0.866671
1311870542.822618 -1.129320 -0.243950 0.334386 -0.123962 0.418395 0.239753 0.867236
1311870542.854518 -1.126209 -0.243311 0.332407 -0.122749 0.419247 0.240869 0.866687
1311870542.886471 -1.124806 -0.242446 0.330576 -0.121881 0.419068 0.240922 0.866881
1311870542.922511 -1.122309 -0.241538 0.328296 -0.122347 0.417037 0.239341 0.868232
1311870542.954692 -1.118486 -0.240950 0.326506 -0.122472 0.413968 0.237636 0.870150
1311870542.986531 -1.113882 -0.240707 0.322161 -0.121425 0.410367 0.236660 0.872265
1311870543.022361 -1.109984 -0.239120 0.315550 -0.120489 0.407337 0.235099 0.874235
1311870543.054503 -1.103652 -0.238143 0.310510 -0.120098 0.404965 0.233828 0.875731
1311870543.086501 -1.101285 -0.236374 0.304601 -0.118745 0.403240 0.233199 0.876878
1311870543.122447 -1.097957 -0.234551 0.298646 -0.118533 0.400355 0.232686 0.878364
1311870543.154423 -1.093271 -0.233091 0.292119 -0.118852 0.396798 0.231349 0.880286
1311870543.186537 -1.088449 -0.230866 0.284055 -0.119594 0.393465 0.229235 0.882232
1311870543.222444 -1.082676 -0.228979 0.276537 -0.120977 0.390955 0.226306 0.883914
1311870543.254396 -1.078768 -0.227604 0.269876 -0.121943 0.389003 0.222655 0.885568
1311870543.286693 -1.074657 -0.224922 0.262779 -0.123212 0.386281 0.219318 0.887415
1311870543.322559 -1.068308 -0.223864 0.255491 -0.124330 0.383518 0.216092 0.889247
1311870543.354735 -1.063691 -0.222133 0.248034 -0.124797 0.381262 0.212916 0.890917
1311870543.386750 -1.059881 -0.220537 0.240464 -0.125201 0.378700 0.209294 0.892809
1311870543.422566 -1.055747 -0.218615 0.232882 -0.125757 0.375874 0.205957 0.894699
1311870543.454309 -1.050830 -0.216270 0.225094 -0.125731 0.373120 0.203390 0.896441
1311870543.486520 -1.047373 -0.214240 0.216787 -0.125203 0.370824 0.202015 0.897777
1311870543.522582 -1.043940 -0.212006 0.208573 -0.125191 0.368671 0.201122 0.898865
1311870543.554798 -1.041097 -0.209661 0.201268 -0.125591 0.366639 0.200416 0.899798
1311870543.586450 -1.038251 -0.206294 0.194618 -0.125679 0.364023 0.200591 0.900808
1311870543.622532 -1.036754 -0.202563 0.188838 -0.126235 0.360504 0.201393 0.901966
1311870543.654514 -1.034012 -0.200824 0.184072 -0.127543 0.355712 0.202189 0.903505
1311870543.686479 -1.030959 -0.198154 0.176241 -0.128965 0.350519 0.202639 0.905230
1311870543.722474 -1.025300 -0.196506 0.168960 -0.131146 0.347250 0.202441 0.906220
1311870543.754435 -1.020457 -0.195759 0.161509 -0.132542 0.346968 0.201439 0.906349
1311870543.786567 -1.015249 -0.195541 0.157424 -0.132343 0.349441 0.200247 0.905692
1311870543.822562 -1.014881 -0.193714 0.150879 -0.131067 0.352169 0.197815 0.905355
1311870543.854650 -1.012856 -0.191728 0.148365 -0.130762 0.353896 0.197019 0.904899
1311870543.886603 -1.012349 -0.190254 0.145257 -0.128931 0.354721 0.198565 0.904501
1311870543.922562 -1.011332 -0.189102 0.142400 -0.128052 0.354116 0.201286 0.904261
1311870543.954493 -1.007295 -0.188086 0.137957 -0.127489 0.352523 0.202109 0.904780
1311870543.986550 -1.003426 -0.187073 0.135103 -0.127352 0.352741 0.201938 0.904752
1311870544.022508 -1.000760 -0.186195 0.132592 -0.126804 0.354339 0.202261 0.904132
1311870544.054454 -0.999514 -0.183916 0.130129 -0.126463 0.355767 0.203328 0.903380
1311870544.086527 -0.996923 -0.181591 0.127813 -0.127000 0.356768 0.204665 0.902607
1311870544.122512 -0.994816 -0.180040 0.126596 -0.128375 0.357756 0.205741 0.901777
1311870544.154676 -0.992072 -0.177760 0.125781 -0.130149 0.358472 0.206094 0.901157
1311870544.186896 -0.987518 -0.175498 0.125184 -0.132666 0.359353 0.206442 0.900359
1311870544.222602 -0.983782 -0.174497 0.125310 -0.134832 0.361602 0.207494 0.898894
1311870544.254540 -0.981244 -0.173372 0.125216 -0.136281 0.363899 0.208640 0.897482
1311870544.286587 -0.977490 -0.172547 0.125756 -0.137740 0.365854 0.209992 0.896149
1311870544.322554 -0.973821 -0.171159 0.124810 -0.139088 0.368152 0.212164 0.894486
1311870544.354609 -0.968970 -0.170953 0.126570 -0.140382 0.370923 0.214508 0.892578
1311870544.386694 -0.966511 -0.171340 0.126693 -0.140456 0.372898 0.215272 0.891559
1311870544.422518 -0.962484 -0.172552 0.127666 -0.140841 0.374262 0.214996 0.890993
1311870544.454952 -0.958742 -0.174073 0.128111 -0.139513 0.375980 0.214284 0.890650
1311870544.486493 -0.954274 -0.172242 0.126641 -0.137711 0.377474 0.214581 0.890227
1311870544.522511 -0.950650 -0.172083 0.125862 -0.135998 0.379836 0.216131 0.889110
1311870544.554697 -0.947751 -0.171229 0.125582 -0.134238 0.382010 0.218302 0.887915
1311870544.586533 -0.945271 -0.170677 0.124555 -0.133261 0.383793 0.221042 0.886614
1311870544.622497 -0.942200 -0.169469 0.125933 -0.133284 0.385206 0.223866 0.885288
1311870544.654693 -0.938930 -0.169411 0.126427 -0.132927 0.385649 0.226212 0.884552
1311870544.686484 -0.935619 -0.167720 0.125457 -0.132620 0.385411 0.227570 0.884354
1311870544.722542 -0.931563 -0.167029 0.125678 -0.133170 0.385238 0.228702 0.884055
1311870544.754551 -0.928613 -0.165772 0.125495 -0.133107 0.384886 0.230499 0.883751
1311870544.786501 -0.924827 -0.164343 0.126390 -0.133544 0.383693 0.232202 0.883758
1311870544.822618 -0.918997 -0.163496 0.124587 -0.133797 0.381773 0.233124 0.884308
1311870544.855021 -0.913050 -0.162445 0.122873 -0.133816 0.380426 0.233520 0.884781
1311870544.890655 -0.908393 -0.161927 0.121642 -0.133626 0.379625 0.233713 0.885103
1311870544.922592 -0.903456 -0.161280 0.119836 -0.133205 0.378069 0.233468 0.885897
1311870544.954606 -0.898732 -0.160605 0.117555 -0.132442 0.376075 0.232701 0.887061
1311870544.990496 -0.894299 -0.159918 0.114084 -0.131546 0.373784 0.231151 0.888566
1311870545.022553 -0.890539 -0.158240 0.110110 -0.130786 0.371321 0.228682 0.890348
1311870545.054668 -0.886172 -0.157052 0.105767 -0.130546 0.368648 0.226132 0.892144
1311870545.090638 -0.883530 -0.154740 0.100974 -0.130206 0.365800 0.222506 0.894275
1311870545.122537 -0.881112 -0.152055 0.095193 -0.131322 0.362023 0.218387 0.896661
1311870545.154758 -0.876982 -0.149804 0.089324 -0.132645 0.357861 0.214706 0.899023
1311870545.190523 -0.874119 -0.145735 0.081876 -0.133811 0.353164 0.211201 0.901534
1311870545.222656 -0.868581 -0.140834 0.075242 -0.135488 0.348067 0.208081 0.903988
1311870545.254684 -0.865184 -0.136945 0.066381 -0.137825 0.343143 0.204968 0.906226
1311870545.290663 -0.859068 -0.131932 0.059974 -0.140074 0.338190 0.202117 0.908381
1311870545.322603 -0.854831 -0.127335 0.049651 -0.141209 0.333383 0.199276 0.910607
1311870545.354649 -0.849268 -0.123688 0.040583 -0.143326 0.329109 0.197713 0.912170
1311870545.390609 -0.844099 -0.119911 0.031436 -0.145139 0.325575 0.197131 0.913277
1311870545.422677 -0.839446 -0.116360 0.023806 -0.146534 0.322273 0.196891 0.914277
1311870545.454786 -0.835268 -0.112820 0.015795 -0.147495 0.318212 0.196606 0.915605
1311870545.490531 -0.830711 -0.110275 0.007527 -0.148599 0.314054 0.195019 0.917200
1311870545.522543 -0.826436 -0.108122 -0.001303 -0.149156 0.310611 0.192522 0.918808
1311870545.554599 -0.823524 -0.106066 -0.010089 -0.149248 0.307929 0.190423 0.920132
1311870545.590637 -0.821793 -0.103459 -0.018454 -0.149089 0.304903 0.189126 0.921432
1311870545.622567 -0.819424 -0.100446 -0.026514 -0.149626 0.301236 0.188170 0.922747
1311870545.654573 -0.816815 -0.097753 -0.035377 -0.149711 0.297992 0.187409 0.923940
1311870545.690650 -0.815013 -0.094127 -0.043532 -0.150074 0.295385 0.187345 0.924731
1311870545.722708 -0.813526 -0.090746 -0.051236 -0.150989 0.292584 0.188088 0.925322
1311870545.754829 -0.811801 -0.087292 -0.058029 -0.152114 0.288990 0.189449 0.925989
1311870545.790659 -0.810068 -0.084107 -0.064723 -0.153477 0.285484 0.190769 0.926580
1311870545.822700 -0.807655 -0.081785 -0.071689 -0.154622 0.282359 0.190763 0.927348
1311870545.854783 -0.804909 -0.078938 -0.077516 -0.155488 0.279772 0.189530 0.928240
1311870545.890801 -0.800490 -0.076316 -0.084971 -0.155968 0.277925 0.188041 0.929017
1311870545.922584 -0.795141 -0.073929 -0.092254 -0.156543 0.277739 0.186768 0.929233
1311870545.954811 -0.791585 -0.071711 -0.095958 -0.156072 0.279336 0.186402 0.928906
1311870545.990635 -0.790735 -0.070838 -0.101730 -0.155214 0.279952 0.187349 0.928674
1311870546.022658 -0.787863 -0.068965 -0.107056 -0.154773 0.279199 0.189074 0.928625
1311870546.054892 -0.782811 -0.066906 -0.110985 -0.153699 0.279297 0.190819 0.928417
1311870546.090934 -0.778387 -0.064859 -0.117207 -0.152761 0.280400 0.191045 0.928193
1311870546.122708 -0.773620 -0.062983 -0.120252 -0.152038 0.281929 0.190724 0.927914
1311870546.154630 -0.771225 -0.062149 -0.123983 -0.151097 0.283949 0.191441 0.927304
1311870546.190742 -0.768886 -0.060750 -0.127038 -0.150493 0.285439 0.192635 0.926698
1311870546.222659 -0.766565 -0.059251 -0.130192 -0.150588 0.286076 0.193491 0.926307
1311870546.254715 -0.761736 -0.058272 -0.132093 -0.151154 0.286218 0.195670 0.925713
1311870546.290727 -0.757602 -0.056709 -0.134340 -0.151090 0.286517 0.198136 0.925107
1311870546.322664 -0.755100 -0.054504 -0.134777 -0.151591 0.286165 0.198484 0.925059
1311870546.354807 -0.749891 -0.053664 -0.137457 -0.152895 0.284223 0.197975 0.925552
1311870546.390689 -0.745625 -0.052588 -0.138909 -0.153730 0.283277 0.197724 0.925757
1311870546.422785 -0.741219 -0.050832 -0.139213 -0.154704 0.282301 0.196323 0.926191
1311870546.454649 -0.735843 -0.050117 -0.140559 -0.155623 0.281271 0.192877 0.927074
1311870546.490793 -0.729764 -0.049472 -0.141164 -0.156610 0.281006 0.190005 0.927581
1311870546.522750 -0.724022 -0.049227 -0.141577 -0.156557 0.281018 0.188427 0.927909
1311870546.554861 -0.718002 -0.048369 -0.141764 -0.156749 0.280320 0.187319 0.928311
1311870546.590781 -0.711506 -0.048170 -0.142079 -0.157067 0.279140 0.185684 0.928942
1311870546.622718 -0.703527 -0.048352 -0.140827 -0.157348 0.277950 0.184224 0.929541
1311870546.654864 -0.697623 -0.048045 -0.141436 -0.157117 0.276807 0.182098 0.930340
1311870546.690819 -0.689894 -0.049088 -0.139850 -0.158051 0.275020 0.179702 0.931177
1311870546.722746 -0.683890 -0.050190 -0.139391 -0.157701 0.272959 0.177566 0.932252
1311870546.754758 -0.677821 -0.050697 -0.138971 -0.158153 0.270111 0.176675 0.933174
1311870546.790674 -0.669855 -0.053267 -0.137227 -0.158511 0.267025 0.174799 0.934354
1311870546.822614 -0.661469 -0.054665 -0.137618 -0.158525 0.264309 0.171362 0.935759
1311870546.855436 -0.653614 -0.056878 -0.137104 -0.157717 0.262959 0.168036 0.936879
1311870546.890755 -0.647130 -0.058553 -0.137247 -0.156527 0.261861 0.166481 0.937663
1311870546.922740 -0.640776 -0.060403 -0.137185 -0.154877 0.260820 0.165358 0.938426
1311870546.954680 -0.634634 -0.060986 -0.137997 -0.153443 0.259685 0.163375 0.939323
1311870546.990973 -0.627337 -0.062449 -0.138385 -0.152459 0.258969 0.161068 0.940079
1311870547.022663 -0.622992 -0.063159 -0.138364 -0.150688 0.259097 0.159329 0.940625
1311870547.054663 -0.620467 -0.063660 -0.137080 -0.149156 0.258471 0.158344 0.941208
1311870547.090644 -0.618708 -0.062926 -0.136172 -0.147384 0.256308 0.157349 0.942245
1311870547.122659 -0.616473 -0.061843 -0.136271 -0.146731 0.252662 0.157260 0.943346
1311870547.154863 -0.611763 -0.060274 -0.136019 -0.146783 0.248459 0.158030 0.944325
1311870547.190789 -0.607010 -0.059182 -0.136137 -0.147798 0.245089 0.158942 0.944894
1311870547.222724 -0.602591 -0.059376 -0.135368 -0.149119 0.242722 0.159068 0.945276
1311870547.254843 -0.599278 -0.059477 -0.134898 -0.149524 0.240959 0.158497 0.945759
1311870547.290729 -0.596264 -0.059941 -0.133985 -0.149406 0.238956 0.158280 0.946322
1311870547.322669 -0.592827 -0.059926 -0.134881 -0.148341 0.236617 0.157944 0.947133
1311870547.355067 -0.588991 -0.059784 -0.135399 -0.147557 0.235108 0.157944 0.947631
1311870547.390896 -0.586279 -0.059953 -0.136244 -0.146626 0.233806 0.158791 0.947956
1311870547.423247 -0.583735 -0.059725 -0.137269 -0.145935 0.232074 0.159988 0.948287
1311870547.454876 -0.581195 -0.059461 -0.138430 -0.145555 0.229908 0.160734 0.948747
1311870547.490882 -0.578214 -0.059315 -0.139497 -0.145112 0.227478 0.160697 0.949407
1311870547.522831 -0.575441 -0.058212 -0.141566 -0.144687 0.225016 0.159436 0.950270
1311870547.554861 -0.572659 -0.057805 -0.143389 -0.144421 0.222652 0.157159 0.951246
1311870547.590703 -0.569706 -0.057370 -0.145510 -0.143881 0.219893 0.154710 0.952371
1311870547.624176 -0.568246 -0.055768 -0.148750 -0.143227 0.217199 0.152763 0.953401
1311870547.654989 -0.566062 -0.054727 -0.150934 -0.143519 0.214094 0.151766 0.954219
1311870547.690803 -0.563469 -0.054242 -0.153756 -0.143659 0.210458 0.150675 0.955179
1311870547.723212 -0.560033 -0.053126 -0.156964 -0.143660 0.206925 0.149526 0.956131
1311870547.755090 -0.556542 -0.052900 -0.160089 -0.143285 0.204019 0.147987 0.957050
1311870547.790887 -0.553030 -0.052154 -0.165071 -0.142516 0.201257 0.146442 0.957987
1311870547.822833 -0.548737 -0.051890 -0.168405 -0.141517 0.199240 0.145563 0.958691
1311870547.855177 -0.546632 -0.050613 -0.175417 -0.140123 0.197426 0.144456 0.959438
1311870547.890824 -0.543195 -0.049360 -0.180255 -0.140216 0.195421 0.143899 0.959918
1311870547.922822 -0.539901 -0.047946 -0.185659 -0.139984 0.193551 0.143509 0.960389
1311870547.954984 -0.535874 -0.046085 -0.190986 -0.140339 0.191752 0.142486 0.960851
1311870547.990874 -0.531198 -0.044682 -0.196178 -0.140699 0.190631 0.141164 0.961216
1311870548.022941 -0.527237 -0.042007 -0.201217 -0.140829 0.190259 0.139904 0.961455
1311870548.054917 -0.523763 -0.040918 -0.206379 -0.141042 0.190213 0.139267 0.961525
1311870548.090697 -0.521148 -0.038816 -0.212697 -0.141115 0.189863 0.138471 0.961699
1311870548.122924 -0.517160 -0.035821 -0.217288 -0.141658 0.189328 0.137877 0.961810
1311870548.154835 -0.513328 -0.032873 -0.222559 -0.142356 0.189081 0.137887 0.961754
1311870548.191024 -0.510700 -0.031194 -0.227560 -0.143809 0.188863 0.138320 0.961518
1311870548.222826 -0.508516 -0.030137 -0.231609 -0.145130 0.188179 0.138396 0.961443
1311870548.254853 -0.506129 -0.028184 -0.236262 -0.146191 0.187061 0.137524 0.961625
1311870548.290832 -0.503192 -0.026443 -0.240686 -0.147542 0.186091 0.136371 0.961772
1311870548.323014 -0.500437 -0.025561 -0.245021 -0.148351 0.185433 0.135648 0.961876
1311870548.355018 -0.498086 -0.022828 -0.249707 -0.148496 0.184355 0.134461 0.962228
1311870548.390790 -0.494841 -0.019293 -0.254091 -0.149024 0.183273 0.133631 0.962468
1311870548.423124 -0.491780 -0.017977 -0.258213 -0.149700 0.182951 0.132979 0.962515
1311870548.454948 -0.489181 -0.015439 -0.262508 -0.149774 0.183052 0.132009 0.962618
1311870548.490974 -0.486936 -0.013280 -0.266502 -0.150243 0.183273 0.131542 0.962567
1311870548.522930 -0.485655 -0.012096 -0.270062 -0.150621 0.183198 0.131570 0.962518
1311870548.554992 -0.484147 -0.010832 -0.273425 -0.151015 0.182445 0.131625 0.962592
1311870548.590937 -0.481925 -0.008572 -0.276223 -0.150992 0.181464 0.131324 0.962822
1311870548.622907 -0.479290 -0.004953 -0.277353 -0.151258 0.181467 0.130739 0.962859
1311870548.654863 -0.477305 -0.003402 -0.278814 -0.151647 0.182714 0.129802 0.962689
1311870548.690823 -0.478202 -0.003664 -0.280699 -0.151923 0.184146 0.128900 0.962494
1311870548.723045 -0.479620 -0.003571 -0.283332 -0.152327 0.183744 0.128196 0.962601
1311870548.755029 -0.479417 -0.004068 -0.282225 -0.152852 0.182331 0.128220 0.962783
1311870548.790849 -0.481120 -0.005027 -0.283804 -0.152247 0.180846 0.128860 0.963073
1311870548.823040 -0.482789 -0.003742 -0.283398 -0.151889 0.178225 0.129635 0.963515
1311870548.854973 -0.483189 -0.002660 -0.281783 -0.151690 0.175083 0.130144 0.964053
1311870548.890795 -0.485030 -0.002676 -0.282188 -0.151693 0.172308 0.130960 0.964442
1311870548.922923 -0.486763 -0.002004 -0.281468 -0.151954 0.169349 0.131262 0.964884
1311870548.954848 -0.488623 -0.001818 -0.279638 -0.152039 0.167132 0.131938 0.965165
1311870548.991138 -0.491049 -0.002744 -0.279442 -0.152115 0.165138 0.132439 0.965427
1311870549.023006 -0.493753 -0.004286 -0.278235 -0.152313 0.163403 0.133080 0.965603
1311870549.054757 -0.495649 -0.003995 -0.277670 -0.151921 0.161211 0.133113 0.966029
1311870549.090938 -0.497812 -0.003600 -0.274897 -0.152006 0.160358 0.133631 0.966086
1311870549.122900 -0.499918 -0.005739 -0.272622 -0.151670 0.160971 0.134000 0.965986
1311870549.154892 -0.503118 -0.007265 -0.271751 -0.151294 0.161687 0.133436 0.966003
1311870549.190886 -0.506845 -0.007143 -0.269221 -0.151756 0.162512 0.132782 0.965882
1311870549.222929 -0.508606 -0.009919 -0.263817 -0.151966 0.164209 0.132059 0.965662
1311870549.255420 -0.513010 -0.011515 -0.262338 -0.150768 0.166509 0.131020 0.965597
1311870549.291238 -0.516574 -0.012577 -0.259742 -0.150653 0.168305 0.131349 0.965259
1311870549.322870 -0.520053 -0.014918 -0.255761 -0.150961 0.170039 0.132946 0.964688
1311870549.354935 -0.525269 -0.014791 -0.252864 -0.150778 0.171302 0.134678 0.964253
1311870549.390878 -0.528604 -0.016599 -0.249097 -0.152631 0.171637 0.137013 0.963572
1311870549.422995 -0.531932 -0.021535 -0.245124 -0.153911 0.172372 0.138363 0.963045
1311870549.454798 -0.535065 -0.024188 -0.241115 -0.153559 0.173460 0.137431 0.963039
1311870549.490948 -0.538090 -0.025063 -0.237617 -0.152385 0.175079 0.135937 0.963144
1311870549.522845 -0.540621 -0.027137 -0.233531 -0.151635 0.177536 0.137488 0.962593
1311870549.554992 -0.546233 -0.030769 -0.229935 -0.150306 0.179920 0.140662 0.961900
1311870549.590903 -0.552947 -0.031405 -0.227895 -0.149886 0.180273 0.142477 0.961632
1311870549.622816 -0.556858 -0.033838 -0.223625 -0.151534 0.179751 0.144334 0.961194
1311870549.655066 -0.560667 -0.036631 -0.219956 -0.151661 0.180252 0.144940 0.960989
1311870549.691035 -0.564480 -0.038028 -0.217633 -0.151537 0.181007 0.144158 0.960985
1311870549.722894 -0.566878 -0.039810 -0.213917 -0.151685 0.182037 0.143142 0.960919
1311870549.755228 -0.569835 -0.040598 -0.211152 -0.150958 0.183854 0.143522 0.960630
1311870549.791268 -0.574704 -0.041120 -0.209150 -0.150648 0.185628 0.144318 0.960219
1311870549.823422 -0.578757 -0.042434 -0.207122 -0.151565 0.186121 0.145677 0.959773
1311870549.854982 -0.582938 -0.043856 -0.205499 -0.153072 0.185777 0.147478 0.959326
1311870549.891018 -0.585675 -0.044494 -0.202693 -0.154770 0.184499 0.147997 0.959220
1311870549.923205 -0.586614 -0.044782 -0.201014 -0.156269 0.183835 0.147752 0.959142
1311870549.954941 -0.587821 -0.046517 -0.199582 -0.157338 0.184598 0.147906 0.958797
1311870549.990979 -0.590557 -0.047986 -0.196954 -0.157506 0.186221 0.148181 0.958413
1311870550.023489 -0.593939 -0.048179 -0.194452 -0.157155 0.187102 0.147795 0.958359
1311870550.054924 -0.595814 -0.049766 -0.192258 -0.157081 0.187127 0.147431 0.958422
1311870550.090979 -0.598225 -0.050077 -0.191268 -0.156302 0.187866 0.146918 0.958484
1311870550.123038 -0.600944 -0.050334 -0.190434 -0.155979 0.189088 0.145845 0.958460
1311870550.154996 -0.602534 -0.049924 -0.189672 -0.156030 0.190148 0.145331 0.958320
1311870550.190993 -0.605924 -0.051442 -0.187722 -0.156506 0.191638 0.145608 0.957903
1311870550.223075 -0.609688 -0.052192 -0.187513 -0.156869 0.191800 0.144876 0.957923
1311870550.254889 -0.611199 -0.052910 -0.185371 -0.157677 0.191205 0.143681 0.958089
1311870550.290958 -0.613222 -0.053229 -0.184942 -0.157532 0.191190 0.142749 0.958255
1311870550.323124 -0.615201 -0.053775 -0.183633 -0.157346 0.191491 0.141950 0.958344
1311870550.355127 -0.618304 -0.053395 -0.183650 -0.157131 0.191830 0.140995 0.958453
1311870550.391181 -0.619922 -0.054378 -0.181708 -0.157622 0.191791 0.141297 0.958335
1311870550.422917 -0.623846 -0.054241 -0.182560 -0.157132 0.191537 0.141601 0.958422
1311870550.454866 -0.625207 -0.052971 -0.181605 -0.158171 0.190728 0.141576 0.958416
1311870550.492495 -0.625977 -0.053499 -0.179699 -0.158684 0.190932 0.140951 0.958383
1311870550.523326 -0.627313 -0.053438 -0.178777 -0.158706 0.191839 0.140558 0.958256
1311870550.554989 -0.631101 -0.054399 -0.178226 -0.158838 0.192295 0.140085 0.958211
1311870550.591150 -0.634499 -0.055233 -0.178084 -0.159242 0.191009 0.139202 0.958530
1311870550.622970 -0.635627 -0.054324 -0.177789 -0.159484 0.189150 0.138597 0.958946
1311870550.654870 -0.635395 -0.052665 -0.177064 -0.160009 0.188515 0.138752 0.958962
1311870550.690953 -0.636499 -0.053646 -0.176654 -0.160241 0.189293 0.139535 0.958656
1311870550.723132 -0.638141 -0.052697 -0.176188 -0.160652 0.189679 0.139810 0.958470
1311870550.755207 -0.638442 -0.053109 -0.175332 -0.161373 0.189926 0.140123 0.958255
1311870550.790930 -0.637487 -0.052818 -0.174835 -0.161345 0.190447 0.140499 0.958101
1311870550.823148 -0.638288 -0.051143 -0.173151 -0.160716 0.191928 0.141057 0.957829
1311870550.854892 -0.638304 -0.051431 -0.172994 -0.160900 0.193353 0.141485 0.957449
1311870550.890890 -0.638265 -0.052387 -0.171878 -0.161187 0.195212 0.141885 0.956964
1311870550.922959 -0.639948 -0.054130 -0.172444 -0.160546 0.197028 0.141880 0.956700
1311870550.955055 -0.641889 -0.054017 -0.172583 -0.159976 0.198130 0.142318 0.956503
1311870550.990978 -0.644165 -0.054706 -0.171485 -0.160204 0.198271 0.142637 0.956388
1311870551.023157 -0.645450 -0.056701 -0.169998 -0.159945 0.197238 0.142377 0.956684
1311870551.055074 -0.647043 -0.056387 -0.171241 -0.159017 0.195881 0.141640 0.957226
1311870551.091058 -0.646898 -0.056074 -0.170986 -0.158930 0.195079 0.141094 0.957485
1311870551.123105 -0.646935 -0.056101 -0.169998 -0.158293 0.195220 0.141088 0.957563
1311870551.155407 -0.648172 -0.055822 -0.170995 -0.157616 0.195074 0.140685 0.957764
1311870551.190967 -0.648435 -0.055791 -0.170941 -0.157727 0.194944 0.140353 0.957820
1311870551.222839 -0.648420 -0.055351 -0.170870 -0.157804 0.195085 0.139782 0.957863
1311870551.254952 -0.648738 -0.056129 -0.171149 -0.158190 0.195805 0.139121 0.957748
1311870551.291052 -0.649362 -0.056808 -0.171047 -0.158426 0.196596 0.138541 0.957631
1311870551.322945 -0.649676 -0.057079 -0.171274 -0.158964 0.197012 0.138312 0.957490
1311870551.356465 -0.649393 -0.058984 -0.170027 -0.159055 0.197505 0.138258 0.957381
1311870551.391116 -0.650226 -0.059456 -0.169400 -0.158411 0.197765 0.137912 0.957484
1311870551.422998 -0.651026 -0.059708 -0.168623 -0.157421 0.197619 0.137221 0.957776
1311870551.455289 -0.651399 -0.060690 -0.168511 -0.156881 0.197425 0.136505 0.958007
1311870551.491038 -0.651975 -0.061963 -0.167338 -0.155984 0.197606 0.135876 0.958206
1311870551.522967 -0.654053 -0.062445 -0.167327 -0.154932 0.197231 0.134978 0.958581
1311870551.555084 -0.655296 -0.062248 -0.167505 -0.154860 0.196111 0.134543 0.958883
1311870551.591350 -0.655059 -0.061707 -0.166554 -0.155018 0.194945 0.133841 0.959194
1311870551.623031 -0.654662 -0.061305 -0.166005 -0.154988 0.194481 0.132539 0.959473
1311870551.655008 -0.654978 -0.060920 -0.166406 -0.155149 0.194532 0.131095 0.959635
1311870551.693173 -0.655204 -0.061794 -0.165802 -0.155863 0.194866 0.130638 0.959514
1311870551.723056 -0.655733 -0.062872 -0.164817 -0.155748 0.195061 0.130098 0.959567
1311870551.754947 -0.656498 -0.062934 -0.165164 -0.155242 0.194523 0.129149 0.959886
1311870551.791252 -0.656512 -0.062689 -0.165560 -0.155101 0.193838 0.129091 0.960055
1311870551.823042 -0.656372 -0.062812 -0.165411 -0.155324 0.193503 0.129703 0.960004
1311870551.855921 -0.655913 -0.063106 -0.164345 -0.155159 0.193513 0.129811 0.960014
1311870551.891133 -0.656895 -0.063914 -0.165357 -0.154644 0.193710 0.129134 0.960149
1311870551.923134 -0.657745 -0.063981 -0.166201 -0.154654 0.193811 0.129045 0.960139
1311870551.955109 -0.657489 -0.063946 -0.166183 -0.154616 0.193223 0.129083 0.960258
1311870551.991222 -0.657928 -0.063336 -0.166522 -0.154538 0.192758 0.128616 0.960427
1311870552.023035 -0.656696 -0.062435 -0.165946 -0.154584 0.192678 0.128428 0.960461
1311870552.055106 -0.657157 -0.062525 -0.167062 -0.154675 0.193310 0.128240 0.960344
1311870552.091138 -0.657535 -0.062504 -0.167363 -0.154828 0.193743 0.128522 0.960195
1311870552.123025 -0.657849 -0.063357 -0.167357 -0.154964 0.193821 0.129297 0.960053
1311870552.155057 -0.657977 -0.062721 -0.168349 -0.154960 0.193554 0.129438 0.960088
1311870552.191099 -0.656807 -0.061157 -0.167706 -0.155204 0.193088 0.128859 0.960221
1311870552.223069 -0.656676 -0.061187 -0.167721 -0.155305 0.193272 0.128748 0.960182
1311870552.255003 -0.657013 -0.060637 -0.168809 -0.155727 0.193434 0.129402 0.959993
1311870552.291108 -0.655728 -0.059531 -0.168193 -0.156305 0.193255 0.130434 0.959796
1311870552.323058 -0.655250 -0.059016 -0.168807 -0.157022 0.193208 0.131065 0.959602
1311870552.355142 -0.654957 -0.058931 -0.168020 -0.157305 0.193459 0.130938 0.959523
1311870552.391147 -0.655362 -0.058913 -0.169623 -0.157363 0.193614 0.130837 0.959496
1311870552.422923 -0.654515 -0.058670 -0.169246 -0.157409 0.193612 0.130969 0.959471
1311870552.455187 -0.654348 -0.058247 -0.170483 -0.157170 0.194157 0.130341 0.959485
1311870552.491593 -0.651449 -0.056961 -0.169122 -0.156958 0.194764 0.130321 0.959400
1311870552.523105 -0.652671 -0.058925 -0.171673 -0.156704 0.196108 0.130734 0.959111
1311870552.555087 -0.653710 -0.059363 -0.173778 -0.156824 0.196539 0.131157 0.958945
1311870552.591109 -0.652614 -0.059083 -0.173956 -0.156882 0.196212 0.131721 0.958926
1311870552.623006 -0.652733 -0.059335 -0.175190 -0.156836 0.196471 0.131450 0.958917
1311870552.655129 -0.652350 -0.059789 -0.175830 -0.156959 0.196945 0.131487 0.958795
1311870552.691009 -0.652445 -0.059245 -0.175910 -0.156725 0.196833 0.131819 0.958811
1311870552.723159 -0.652793 -0.059389 -0.176442 -0.156783 0.196607 0.132139 0.958803
1311870552.755159 -0.652856 -0.059345 -0.177203 -0.156638 0.196483 0.131973 0.958875
1311870552.791694 -0.650690 -0.058305 -0.177604 -0.156341 0.196249 0.131951 0.958975
1311870552.823129 -0.650910 -0.059313 -0.178369 -0.156343 0.196926 0.132344 0.958782
1311870552.855106 -0.651601 -0.059837 -0.178546 -0.156287 0.197258 0.132720 0.958671
1311870552.891135 -0.650618 -0.059398 -0.178623 -0.155932 0.196822 0.132461 0.958854
1311870552.923053 -0.649834 -0.059648 -0.179710 -0.155334 0.196631 0.132386 0.959000
1311870552.955086 -0.649271 -0.059918 -0.180315 -0.154797 0.196926 0.132574 0.959001
1311870552.991509 -0.650383 -0.059847 -0.181332 -0.154203 0.197310 0.133017 0.958956
1311870553.023056 -0.649382 -0.059207 -0.182369 -0.154033 0.196881 0.133564 0.958995
1311870553.055187 -0.649236 -0.059164 -0.181674 -0.153911 0.196926 0.133597 0.959001
1311870553.091104 -0.648317 -0.059559 -0.183318 -0.154040 0.196958 0.132987 0.959059
1311870553.123234 -0.649485 -0.058631 -0.183792 -0.153742 0.197598 0.133349 0.958925
1311870553.155044 -0.649234 -0.057887 -0.183076 -0.153732 0.197209 0.133718 0.958955
1311870553.191099 -0.649381 -0.057949 -0.184306 -0.153806 0.196642 0.133505 0.959089
1311870553.222942 -0.648346 -0.057818 -0.185050 -0.154169 0.196404 0.133509 0.959079
1311870553.255409 -0.647189 -0.057264 -0.185509 -0.154007 0.196671 0.134022 0.958979
1311870553.291041 -0.647495 -0.056776 -0.185995 -0.154031 0.196996 0.134330 0.958865
1311870553.323277 -0.646995 -0.057116 -0.186178 -0.154418 0.196842 0.134566 0.958801
1311870553.355140 -0.646469 -0.057617 -0.187152 -0.154228 0.197053 0.134560 0.958789
1311870553.391243 -0.646966 -0.056903 -0.187184 -0.154004 0.197581 0.134648 0.958705
1311870553.423106 -0.647550 -0.056940 -0.187093 -0.153873 0.197670 0.134608 0.958713
1311870553.455151 -0.647417 -0.057021 -0.187681 -0.153934 0.197064 0.133992 0.958914
1311870553.491155 -0.647414 -0.056615 -0.188624 -0.153771 0.196717 0.133582 0.959069
1311870553.523226 -0.647338 -0.056488 -0.189269 -0.153910 0.196691 0.133318 0.959088
1311870553.555238 -0.647457 -0.056806 -0.189082 -0.154090 0.196755 0.133387 0.959037
1311870553.597045 -0.647402 -0.056974 -0.189534 -0.154007 0.196451 0.133857 0.959047
1311870553.623237 -0.647102 -0.056853 -0.190445 -0.153825 0.196122 0.133916 0.959135
1311870553.655202 -0.647223 -0.056769 -0.190958 -0.153904 0.196368 0.133504 0.959130
1311870553.691133 -0.647240 -0.056602 -0.191200 -0.153720 0.196512 0.133621 0.959113
1311870553.723044 -0.647370 -0.057133 -0.191702 -0.153536 0.196471 0.133421 0.959179
1311870553.757175 -0.647583 -0.055574 -0.192947 -0.153626 0.196197 0.132756 0.959313
1311870553.792103 -0.646504 -0.055292 -0.192330 -0.154491 0.196041 0.132759 0.959206
1311870553.824352 -0.646366 -0.055516 -0.192785 -0.154959 0.196401 0.133070 0.959013
1311870553.859890 -0.646748 -0.055465 -0.192713 -0.155433 0.196808 0.133686 0.958768
1311870553.891715 -0.645325 -0.055304 -0.192382 -0.155628 0.196922 0.134294 0.958628
1311870553.924394 -0.645559 -0.055297 -0.193116 -0.155471 0.197664 0.134295 0.958500
1311870553.955671 -0.644258 -0.056476 -0.194069 -0.155596 0.198204 0.134005 0.958409
1311870553.991142 -0.643820 -0.055585 -0.194324 -0.154776 0.199153 0.134038 0.958341
1311870554.023227 -0.643747 -0.055023 -0.194580 -0.154611 0.199975 0.134271 0.958163
1311870554.059131 -0.643157 -0.054677 -0.194152 -0.154600 0.200665 0.134504 0.957988
1311870554.091067 -0.642643 -0.054805 -0.194074 -0.154801 0.201455 0.134661 0.957768
1311870554.123172 -0.641981 -0.054813 -0.193307 -0.154677 0.202148 0.135211 0.957564
1311870554.159427 -0.641965 -0.054830 -0.192838 -0.154128 0.202725 0.135361 0.957510
1311870554.194530 -0.641689 -0.055111 -0.193552 -0.153682 0.202809 0.134904 0.957628
1311870554.223628 -0.641081 -0.055414 -0.192463 -0.153148 0.203188 0.134706 0.957661
1311870554.259452 -0.642015 -0.055925 -0.193652 -0.152246 0.203593 0.134503 0.957747
1311870554.291215 -0.640170 -0.055613 -0.193743 -0.151768 0.203524 0.134184 0.957883
1311870554.323100 -0.638196 -0.056155 -0.194716 -0.151302 0.204225 0.133879 0.957850
1311870554.359316 -0.637865 -0.056373 -0.194015 -0.150468 0.206027 0.133978 0.957582
1311870554.391135 -0.640120 -0.056749 -0.194696 -0.149232 0.207498 0.134074 0.957444
1311870554.423274 -0.640495 -0.056861 -0.194734 -0.148848 0.207716 0.134118 0.957450
1311870554.459365 -0.639941 -0.057878 -0.194555 -0.148334 0.207595 0.134536 0.957497
1311870554.491233 -0.639093 -0.060097 -0.194256 -0.146913 0.207540 0.134523 0.957730
1311870554.523195 -0.638556 -0.059997 -0.196083 -0.144614 0.207650 0.134100 0.958116
1311870554.559252 -0.636890 -0.060371 -0.196989 -0.143267 0.208497 0.133625 0.958200
1311870554.591135 -0.636596 -0.060346 -0.197940 -0.141705 0.210474 0.132754 0.958122
1311870554.623261 -0.635909 -0.059665 -0.196027 -0.139032 0.212472 0.132720 0.958077
1311870554.660149 -0.634663 -0.060005 -0.196964 -0.136081 0.214104 0.132736 0.958135
1311870554.692618 -0.634608 -0.065828 -0.200199 -0.134725 0.216412 0.132531 0.957836
1311870554.723357 -0.633017 -0.064691 -0.198642 -0.130284 0.218910 0.132624 0.957870
1311870554.759191 -0.634744 -0.061880 -0.198626 -0.125941 0.221601 0.131643 0.957967
1311870554.791470 -0.634986 -0.062094 -0.197881 -0.123832 0.223464 0.130735 0.957934
1311870554.823586 -0.633750 -0.062362 -0.194188 -0.120141 0.225256 0.130223 0.958054
1311870554.859491 -0.632975 -0.064239 -0.198976 -0.117066 0.227178 0.129548 0.958073
1311870554.891334 -0.634385 -0.063750 -0.197852 -0.114054 0.229663 0.128542 0.957979
1311870554.923272 -0.635834 -0.067041 -0.198742 -0.111748 0.231408 0.127543 0.957964
1311870554.959174 -0.638214 -0.067007 -0.199517 -0.108373 0.232469 0.126899 0.958181
1311870554.991385 -0.640701 -0.066875 -0.199757 -0.106573 0.232651 0.126081 0.958446
1311870555.026905 -0.641476 -0.068084 -0.199017 -0.105230 0.231148 0.125842 0.958989
1311870555.059273 -0.640407 -0.067465 -0.199121 -0.103184 0.228976 0.125285 0.959806
1311870555.091165 -0.638028 -0.066968 -0.198116 -0.101036 0.228127 0.124309 0.960363
1311870555.126212 -0.637337 -0.069958 -0.202017 -0.099072 0.229389 0.122364 0.960517
1311870555.159123 -0.639380 -0.066110 -0.198833 -0.096315 0.231690 0.121628 0.960338
1311870555.191299 -0.639707 -0.066042 -0.198153 -0.095016 0.232550 0.121262 0.960306
1311870555.226157 -0.641289 -0.066873 -0.198684 -0.093443 0.232479 0.122017 0.960382
1311870555.259282 -0.640825 -0.064893 -0.199099 -0.092379 0.231452 0.122352 0.960690
1311870555.291227 -0.637915 -0.064787 -0.197589 -0.092020 0.231070 0.122704 0.960772
1311870555.326190 -0.640204 -0.066796 -0.198519 -0.091232 0.231952 0.122685 0.960637
1311870555.359267 -0.640994 -0.068477 -0.198565 -0.090157 0.231629 0.122899 0.960789
1311870555.391327 -0.641796 -0.068845 -0.199480 -0.088760 0.230740 0.122734 0.961154
1311870555.423263 -0.640938 -0.067900 -0.198855 -0.087988 0.229889 0.122799 0.961420
1311870555.465388 -0.639996 -0.065667 -0.197640 -0.086508 0.229693 0.123573 0.961503
1311870555.493443 -0.641669 -0.068942 -0.199259 -0.086356 0.229986 0.123864 0.961409
1311870555.527900 -0.640494 -0.067617 -0.198970 -0.085740 0.229536 0.123157 0.961662
1311870555.560098 -0.639714 -0.068773 -0.197420 -0.085190 0.230084 0.122021 0.961725
1311870555.591211 -0.638743 -0.070404 -0.199101 -0.083952 0.230806 0.121800 0.961689
1311870555.624804 -0.640647 -0.069013 -0.199635 -0.082319 0.231507 0.121091 0.961751
1311870555.660116 -0.640411 -0.068990 -0.199256 -0.081934 0.231306 0.121348 0.961800
1311870555.691414 -0.639673 -0.069118 -0.198693 -0.080908 0.231100 0.122066 0.961845
1311870555.726456 -0.640330 -0.070143 -0.201003 -0.080258 0.231620 0.121940 0.961791
1311870555.759372 -0.639986 -0.069539 -0.200280 -0.079720 0.231999 0.122023 0.961734
1311870555.791162 -0.640142 -0.071021 -0.200202 -0.079299 0.231945 0.122426 0.961730
1311870555.825897 -0.639026 -0.070560 -0.200363 -0.078606 0.231685 0.122578 0.961830
1311870555.859347 -0.638948 -0.072048 -0.200845 -0.078073 0.231887 0.122254 0.961866
1311870555.891306 -0.639725 -0.071913 -0.200771 -0.077115 0.232535 0.121756 0.961851
1311870555.926220 -0.638976 -0.072009 -0.200105 -0.076421 0.232502 0.121655 0.961927
1311870555.959431 -0.638628 -0.071590 -0.199240 -0.075278 0.232453 0.121121 0.962096
1311870555.991367 -0.639343 -0.071841 -0.199552 -0.074532 0.232518 0.120540 0.962211
1311870556.025722 -0.639347 -0.071750 -0.199493 -0.074152 0.232384 0.119910 0.962352
1311870556.059292 -0.638875 -0.072596 -0.199720 -0.073493 0.232510 0.119502 0.962422
1311870556.091457 -0.639150 -0.072128 -0.200195 -0.072910 0.232496 0.119119 0.962518
1311870556.124878 -0.639613 -0.072995 -0.199845 -0.072948 0.232562 0.118861 0.962531
1311870556.159233 -0.639535 -0.074216 -0.200207 -0.072714 0.232325 0.119047 0.962583
1311870556.191390 -0.637958 -0.073301 -0.200763 -0.072246 0.231976 0.119294 0.962672
1311870556.223200 -0.637611 -0.074112 -0.199919 -0.072193 0.232287 0.119571 0.962566
1311870556.259965 -0.638258 -0.073800 -0.200932 -0.071966 0.232446 0.119668 0.962533
1311870556.295605 -0.636629 -0.072888 -0.199743 -0.072121 0.232480 0.119891 0.962485
1311870556.324589 -0.638232 -0.074077 -0.200755 -0.072381 0.233097 0.119160 0.962407
1311870556.359340 -0.637725 -0.073334 -0.199855 -0.072864 0.233016 0.118717 0.962445
1311870556.391507 -0.636754 -0.073474 -0.199815 -0.073315 0.233010 0.119078 0.962368
1311870556.423779 -0.635945 -0.074002 -0.199224 -0.073635 0.232934 0.119566 0.962301
1311870556.459405 -0.636583 -0.072946 -0.198594 -0.073366 0.232911 0.119333 0.962356
1311870556.495280 -0.635681 -0.072253 -0.198667 -0.073480 0.232559 0.119589 0.962401
1311870556.527200 -0.634120 -0.073055 -0.198262 -0.073723 0.232588 0.120201 0.962299
1311870556.559413 -0.634280 -0.072000 -0.198445 -0.073697 0.232675 0.119828 0.962327
1311870556.594832 -0.633329 -0.071137 -0.197448 -0.074312 0.232309 0.119885 0.962361
1311870556.624698 -0.633490 -0.070312 -0.196806 -0.074675 0.232115 0.119947 0.962372
1311870556.659280 -0.632113 -0.070048 -0.195349 -0.075139 0.231778 0.120155 0.962391
1311870556.695113 -0.632651 -0.069852 -0.197281 -0.075623 0.231697 0.119649 0.962435
1311870556.731925 -0.632110 -0.069890 -0.196991 -0.077188 0.231365 0.119691 0.962386
1311870556.759291 -0.631312 -0.070708 -0.195895 -0.078364 0.231445 0.120100 0.962221
1311870556.794439 -0.629801 -0.069543 -0.195786 -0.078714 0.231460 0.120612 0.962124
1311870556.823188 -0.630895 -0.069615 -0.194541 -0.079066 0.231799 0.120783 0.961992
1311870556.859318 -0.630340 -0.070168 -0.194559 -0.079440 0.230961 0.121009 0.962135
1311870556.891802 -0.627813 -0.068874 -0.193144 -0.079276 0.229884 0.121562 0.962336
1311870556.925468 -0.628383 -0.070176 -0.194736 -0.079120 0.230053 0.120936 0.962388
1311870556.959298 -0.627657 -0.068991 -0.193229 -0.078539 0.230188 0.121058 0.962388
1311870556.994694 -0.628775 -0.070294 -0.194082 -0.078409 0.229952 0.120751 0.962493
1311870557.025411 -0.626649 -0.068700 -0.193094 -0.078217 0.228831 0.120838 0.962765
1311870557.059416 -0.626356 -0.069542 -0.193707 -0.078160 0.228754 0.120785 0.962795
1311870557.092050 -0.625919 -0.069375 -0.194174 -0.078055 0.228750 0.121014 0.962776
1311870557.123857 -0.625964 -0.069197 -0.193399 -0.077963 0.228719 0.121195 0.962767
1311870557.159497 -0.626337 -0.068944 -0.194208 -0.077881 0.228573 0.120927 0.962842
1311870557.193333 -0.625179 -0.068949 -0.193648 -0.077702 0.228316 0.120906 0.962920
1311870557.224989 -0.626659 -0.070349 -0.195648 -0.077628 0.228516 0.120723 0.962902
1311870557.259366 -0.625775 -0.069381 -0.195483 -0.077513 0.227966 0.120859 0.963024
1311870557.294693 -0.625092 -0.069343 -0.195319 -0.077467 0.227665 0.121024 0.963079
1311870557.327523 -0.624297 -0.068915 -0.195472 -0.077551 0.227759 0.121315 0.963013
1311870557.359424 -0.624632 -0.069088 -0.195818 -0.077531 0.227937 0.121622 0.962934
1311870557.391546 -0.624995 -0.070377 -0.196455 -0.077706 0.227927 0.121549 0.962931
1311870557.428674 -0.625060 -0.070023 -0.196662 -0.077341 0.227552 0.121315 0.963079
1311870557.459894 -0.625485 -0.070595 -0.197191 -0.077185 0.227211 0.121299 0.963174
1311870557.493549 -0.625296 -0.070518 -0.198561 -0.077161 0.226754 0.121057 0.963314
1311870557.523830 -0.623892 -0.070854 -0.199209 -0.077767 0.226512 0.119680 0.963494
1311870557.561270 -0.623376 -0.070730 -0.198732 -0.077587 0.227360 0.118266 0.963484
1311870557.592617 -0.620579 -0.069018 -0.198328 -0.077036 0.227817 0.118935 0.963338
1311870557.623903 -0.623315 -0.071282 -0.200480 -0.077543 0.229500 0.120008 0.962764
1311870557.662509 -0.623816 -0.070560 -0.200527 -0.078294 0.229547 0.120763 0.962598
1311870557.695104 -0.622574 -0.071184 -0.199360 -0.078974 0.229078 0.120807 0.962648
1311870557.723860 -0.622848 -0.070978 -0.199527 -0.078761 0.229038 0.119016 0.962899
1311870557.759892 -0.622948 -0.071852 -0.199691 -0.078585 0.229037 0.116498 0.963221
1311870557.791472 -0.624362 -0.071061 -0.200658 -0.077847 0.228898 0.115221 0.963468
1311870557.823593 -0.624743 -0.070279 -0.201293 -0.077752 0.227856 0.115585 0.963679
1311870557.860252 -0.624166 -0.069770 -0.200602 -0.078857 0.226968 0.117311 0.963590
1311870557.892852 -0.619947 -0.068169 -0.197589 -0.079156 0.226305 0.118711 0.963550
1311870557.925915 -0.617084 -0.068942 -0.197912 -0.078793 0.226819 0.119263 0.963391
1311870557.963591 -0.620977 -0.069463 -0.196646 -0.077735 0.228934 0.119141 0.962991
1311870557.991608 -0.623351 -0.072556 -0.198455 -0.076547 0.228474 0.118156 0.963317
1311870558.025204 -0.624542 -0.072656 -0.201826 -0.075605 0.226631 0.117386 0.963921
1311870558.060552 -0.622987 -0.072165 -0.203119 -0.075995 0.225336 0.117172 0.964220
1311870558.093485 -0.621225 -0.073568 -0.203331 -0.075702 0.225659 0.117225 0.964161
1311870558.123666 -0.620900 -0.073882 -0.204713 -0.074209 0.226600 0.117356 0.964040
1311870558.161355 -0.621433 -0.074177 -0.205122 -0.072719 0.227754 0.117918 0.963813
1311870558.191808 -0.622699 -0.073082 -0.206453 -0.071354 0.228041 0.118872 0.963730
1311870558.223361 -0.623118 -0.072191 -0.207152 -0.071344 0.227593 0.120059 0.963690
1311870558.259368 -0.622848 -0.072138 -0.207187 -0.071949 0.226735 0.120830 0.963750
1311870558.293938 -0.622472 -0.070831 -0.208034 -0.073173 0.226072 0.120168 0.963897
1311870558.323308 -0.621543 -0.071732 -0.206583 -0.074370 0.226210 0.119155 0.963899
1311870558.361109 -0.621534 -0.072470 -0.206724 -0.074233 0.226703 0.118689 0.963851
1311870558.391543 -0.622138 -0.072249 -0.206746 -0.073695 0.226902 0.118281 0.963895
1311870558.423430 -0.622638 -0.072146 -0.206608 -0.073326 0.226559 0.118021 0.964036
1311870558.459503 -0.622382 -0.071172 -0.208025 -0.072898 0.226085 0.118855 0.964077
1311870558.491390 -0.622232 -0.070195 -0.208336 -0.073410 0.225884 0.120173 0.963922
1311870561.081717 -0.621881 -0.070214 -0.208016 -0.074470 0.225564 0.119859 0.963955
1311870561.198313 -0.638477 -0.081173 -0.179811 -0.078108 0.229884 0.118964 0.962756
1311870561.361909 -0.633836 -0.085864 -0.133806 -0.084147 0.237314 0.101378 0.962457
1311870561.431339 -0.633845 -0.088512 -0.133636 -0.081367 0.236214 0.101004 0.963006
1311870561.499130 -0.634264 -0.091049 -0.133702 -0.078433 0.235949 0.099464 0.963474
1311870561.563772 -0.636966 -0.091940 -0.134279 -0.075516 0.234074 0.099202 0.964192
1311870561.631953 -0.637399 -0.093807 -0.132825 -0.075338 0.234327 0.098232 0.964244
1311870561.697054 -0.641814 -0.094471 -0.131683 -0.074026 0.233600 0.097922 0.964553
1311870561.799438 -0.644756 -0.095087 -0.130155 -0.073602 0.231713 0.097301 0.965103
1311870561.829471 -0.650855 -0.095931 -0.127998 -0.074102 0.229927 0.096886 0.965534
1311870561.898860 -0.651793 -0.097279 -0.126097 -0.074390 0.229150 0.097034 0.965681
1311870561.962090 -0.653091 -0.098505 -0.124554 -0.073855 0.229310 0.097197 0.965668
1311870562.031321 -0.656427 -0.098238 -0.124492 -0.072835 0.229866 0.097857 0.965547
1311870562.098947 -0.658037 -0.099033 -0.123302 -0.072935 0.230686 0.100612 0.965060
1311870562.128860 -0.658718 -0.100350 -0.121511 -0.073185 0.231729 0.105928 0.964222
1311870562.196699 -0.659421 -0.101090 -0.121379 -0.072746 0.232783 0.107560 0.963821
1311870562.231536 -0.660209 -0.103646 -0.119952 -0.071639 0.234915 0.107235 0.963423
1311870562.300032 -0.662707 -0.106088 -0.119008 -0.069318 0.236415 0.105788 0.963386
1311870562.364858 -0.662649 -0.106994 -0.119038 -0.068024 0.237176 0.105942 0.963274
1311870562.432335 -0.664170 -0.108266 -0.118572 -0.065628 0.239163 0.107777 0.962745
1311870562.597000 -0.669710 -0.110789 -0.115913 -0.062542 0.243217 0.106908 0.962032
1311870562.667669 -0.671664 -0.108925 -0.114470 -0.062764 0.245368 0.107470 0.961408
1311870562.696764 -0.671956 -0.108692 -0.112245 -0.063969 0.245626 0.109202 0.961067
1311870562.767985 -0.672186 -0.108716 -0.109859 -0.064310 0.245668 0.111268 0.960797
1311870562.898088 -0.674678 -0.109625 -0.106273 -0.063220 0.247988 0.111917 0.960198
1311870562.999413 -0.676916 -0.110594 -0.104235 -0.063962 0.249241 0.111225 0.959905
1311870563.068108 -0.678104 -0.111433 -0.102844 -0.062850 0.250384 0.111526 0.959646
1311870563.131640 -0.680210 -0.112410 -0.100937 -0.062460 0.251652 0.112185 0.959262
1311870563.197720 -0.681929 -0.113086 -0.099302 -0.062019 0.252495 0.112459 0.959038
1311870563.334146 -0.687008 -0.113453 -0.095086 -0.064273 0.253821 0.111960 0.958597
1311870563.398492 -0.689035 -0.112705 -0.091925 -0.065722 0.253543 0.111552 0.958620
1311870563.464704 -0.691350 -0.111952 -0.089946 -0.067449 0.252976 0.110718 0.958747
1311870563.535746 -0.693246 -0.112122 -0.086232 -0.067918 0.253433 0.111258 0.958530
1311870563.597199 -0.696405 -0.113478 -0.084452 -0.068306 0.252139 0.110380 0.958946
1311870563.665851 -0.698749 -0.113936 -0.083045 -0.068649 0.251383 0.108440 0.959341
1311870563.735366 -0.704125 -0.114880 -0.079826 -0.069345 0.249378 0.106714 0.960007
1311870563.798425 -0.706632 -0.114868 -0.078628 -0.069527 0.249133 0.105706 0.960169
1311870563.933834 -0.711099 -0.116413 -0.075795 -0.069053 0.247839 0.103925 0.960733
1311870563.999300 -0.712014 -0.116965 -0.075816 -0.068899 0.248008 0.103658 0.960729
1311870564.067079 -0.715430 -0.116680 -0.075439 -0.069237 0.247215 0.104108 0.960860
1311870564.134885 -0.715815 -0.117025 -0.074045 -0.070221 0.245940 0.103174 0.961217
1311870564.199265 -0.717627 -0.115867 -0.074946 -0.070660 0.245251 0.102626 0.961419
1311870564.264917 -0.718142 -0.115989 -0.074279 -0.071521 0.245188 0.102409 0.961395
1311870564.335238 -0.718734 -0.115532 -0.074287 -0.071961 0.245332 0.101137 0.961460
1311870564.399530 -0.719236 -0.115691 -0.073509 -0.072270 0.245443 0.101563 0.961364
1311870564.465945 -0.718971 -0.115246 -0.074334 -0.072630 0.245760 0.102051 0.961204
1311870564.533196 -0.718448 -0.114483 -0.075327 -0.072708 0.246321 0.102399 0.961017
1311870564.601109 -0.718329 -0.114481 -0.076278 -0.072745 0.246726 0.102413 0.960909
1311870564.667669 -0.717370 -0.113716 -0.076945 -0.072716 0.247812 0.102947 0.960575
1311870564.735751 -0.716709 -0.113625 -0.077786 -0.072655 0.248235 0.103023 0.960462
1311870564.803439 -0.716548 -0.113310 -0.078446 -0.072073 0.248942 0.104333 0.960181
1311870564.835756 -0.715347 -0.113324 -0.080983 -0.071704 0.248631 0.104649 0.960255
1311870564.903714 -0.714401 -0.113564 -0.081056 -0.071418 0.249280 0.104666 0.960106
1311870564.965822 -0.714178 -0.112567 -0.082174 -0.070670 0.249994 0.105081 0.959931
1311870565.033600 -0.712335 -0.112279 -0.083636 -0.070742 0.250388 0.105667 0.959758
1311870565.103730 -0.711713 -0.112704 -0.082927 -0.071180 0.250701 0.105674 0.959644
1311870565.164984 -0.712138 -0.111974 -0.083943 -0.070656 0.250633 0.104951 0.959779
1311870565.235724 -0.711855 -0.112211 -0.085039 -0.069927 0.250460 0.105043 0.959868
1311870565.265740 -0.711041 -0.111952 -0.086370 -0.069901 0.250647 0.105053 0.959820
1311870565.335501 -0.710305 -0.111872 -0.085989 -0.070231 0.250854 0.105630 0.959678
1311870565.400919 -0.710609 -0.112062 -0.086555 -0.069975 0.250348 0.105630 0.959829
1311870565.464919 -0.710838 -0.112472 -0.086744 -0.069245 0.249973 0.105206 0.960026
1311870565.532754 -0.711276 -0.112699 -0.087276 -0.069003 0.248544 0.105381 0.960395
1311870565.664873 -0.711571 -0.112303 -0.088090 -0.069253 0.247436 0.105042 0.960701
1311870565.736099 -0.710576 -0.112571 -0.087926 -0.069372 0.246818 0.104366 0.960925
1311870565.803859 -0.710737 -0.112267 -0.088928 -0.069420 0.246648 0.103813 0.961025
1311870565.869644 -0.710329 -0.111530 -0.089539 -0.069248 0.246692 0.103988 0.961007
1311870565.933144 -0.710410 -0.111297 -0.090151 -0.069694 0.247148 0.105077 0.960739
1311870566.002704 -0.710129 -0.111265 -0.089813 -0.070229 0.246888 0.105423 0.960729
1311870566.071625 -0.710871 -0.111862 -0.089131 -0.070621 0.246696 0.105419 0.960750
1311870566.101903 -0.710987 -0.110611 -0.090341 -0.070370 0.245861 0.105033 0.961025
1311870566.133243 -0.711146 -0.110465 -0.090377 -0.070618 0.246026 0.105686 0.960893
1311870566.201045 -0.711278 -0.110164 -0.089778 -0.071523 0.246037 0.105907 0.960799
1311870566.270321 -0.711720 -0.110653 -0.089247 -0.071637 0.246055 0.105645 0.960814
1311870566.343851 -0.711816 -0.111377 -0.089835 -0.071022 0.245927 0.105001 0.960963
1311870566.401248 -0.712027 -0.110973 -0.089909 -0.070447 0.246125 0.104677 0.960990
1311870566.472310 -0.712597 -0.111431 -0.090384 -0.070059 0.245969 0.105259 0.960995
1311870566.502143 -0.713275 -0.111486 -0.089859 -0.070171 0.245889 0.105298 0.961003
1311870566.570302 -0.714072 -0.111834 -0.089705 -0.070320 0.245521 0.104907 0.961129
1311870566.635198 -0.713344 -0.112356 -0.089200 -0.070238 0.245347 0.103917 0.961287
1311870566.703464 -0.714736 -0.111606 -0.090204 -0.069675 0.244843 0.103930 0.961455
1311870566.777550 -0.714644 -0.112395 -0.090676 -0.068814 0.244505 0.104309 0.961562
1311870566.870075 -0.715163 -0.112024 -0.091351 -0.069486 0.245632 0.103529 0.961311
1311870566.936872 -0.714373 -0.111509 -0.092016 -0.069670 0.245407 0.103281 0.961382
1311870567.004483 -0.713746 -0.110849 -0.092395 -0.069782 0.246728 0.103826 0.960977
1311870567.036902 -0.713776 -0.110792 -0.092225 -0.070121 0.246908 0.104201 0.960865
1311870567.101332 -0.713060 -0.110650 -0.092002 -0.070399 0.246969 0.104164 0.960833
1311870567.473584 -0.712501 -0.110613 -0.094993 -0.068379 0.248090 0.105580 0.960536
1311870567.540209 -0.712834 -0.110254 -0.096372 -0.068147 0.248694 0.105349 0.960421
1311870567.604153 -0.712999 -0.110527 -0.095953 -0.068949 0.248164 0.105442 0.960491
1311870567.739514 -0.713276 -0.110098 -0.096411 -0.068491 0.248483 0.104779 0.960514
1311870567.804034 -0.712702 -0.110505 -0.096303 -0.068343 0.248434 0.105207 0.960490
1311870567.871833 -0.712607 -0.110735 -0.096013 -0.068556 0.248938 0.105009 0.960366
1311870568.003648 -0.712456 -0.111358 -0.096661 -0.068535 0.248587 0.103884 0.960581
1311870568.037029 -0.713191 -0.110890 -0.097359 -0.068202 0.249008 0.103359 0.960552
1311870568.103740 -0.712835 -0.111139 -0.097152 -0.068421 0.248920 0.102913 0.960607
1311870568.173341 -0.712239 -0.111415 -0.097158 -0.068507 0.249113 0.102856 0.960557
1311870568.240977 -0.712072 -0.111408 -0.097738 -0.068314 0.249185 0.102633 0.960576
1311870568.274175 -0.711812 -0.111673 -0.097778 -0.068141 0.249286 0.102400 0.960587
1311870568.337150 -0.711969 -0.111287 -0.098403 -0.067789 0.249383 0.102703 0.960555
1311870568.408980 -0.711504 -0.111084 -0.098470 -0.067934 0.249145 0.103011 0.960573
1311870568.472372 -0.710228 -0.110872 -0.098696 -0.067637 0.249454 0.103382 0.960474
1311870568.505016 -0.709863 -0.110961 -0.098192 -0.067856 0.250415 0.104356 0.960103
1311870568.669323 -0.708761 -0.110840 -0.099102 -0.067213 0.250200 0.105297 0.960101
1311870568.708062 -0.708403 -0.111329 -0.099315 -0.066756 0.250228 0.104888 0.960171
1311870568.838136 -0.707514 -0.111097 -0.099953 -0.066271 0.250648 0.104799 0.960105
