# timestamp tx ty tz qx qy qz qw
1341845820.887882 0.000000 0.000000 0.000000 0.000000 0.000000 0.000000 1.000000
1341845820.920082 -0.001851 0.003673 -0.001374 -0.000423 0.000001 -0.000698 1.000000
1341845820.955790 -0.001873 0.002394 -0.001706 -0.001889 -0.000966 -0.000845 0.999997
1341845820.987817 -0.000896 0.001082 -0.001690 -0.002791 -0.001296 -0.001021 0.999995
1341845821.019783 -0.002004 0.000135 -0.001419 -0.002942 -0.001380 -0.001234 0.999994
1341845821.055706 -0.003583 0.000041 -0.001637 -0.002304 -0.001678 0.000081 0.999996
1341845821.087831 -0.002471 -0.001938 -0.001168 -0.001519 -0.003366 0.002713 0.999990
1341845821.119871 0.005442 -0.000675 -0.001000 0.000625 -0.003299 0.004918 0.999982
1341845821.155881 0.003974 0.002340 -0.001650 0.000846 -0.000124 0.005778 0.999983
1341845821.188556 0.001465 -0.001479 0.000535 0.000379 0.001978 0.007845 0.999967
1341845821.223751 0.002907 -0.004937 0.000732 0.003152 0.002184 0.010054 0.999942
1341845821.256005 0.006515 0.002518 -0.004136 0.004661 0.003240 0.009567 0.999938
1341845821.287883 0.007348 -0.000051 -0.001964 0.002605 0.005725 0.008222 0.999946
1341845821.323879 0.010091 -0.003774 -0.001585 0.002503 0.007583 0.006908 0.999944
1341845821.355690 0.007284 -0.000927 -0.001074 0.003605 0.010221 0.007085 0.999916
1341845821.388161 0.006489 -0.003070 -0.000796 0.003400 0.010817 0.008729 0.999898
1341845821.424470 0.012759 -0.005935 -0.000845 0.004858 0.011434 0.009441 0.999878
1341845821.455778 0.009329 -0.001582 -0.000936 0.005584 0.014406 0.008364 0.999846
1341845821.488014 0.006433 -0.005355 0.000936 0.005022 0.015680 0.008523 0.999828
1341845821.524370 0.009500 -0.007949 0.001013 0.006592 0.016005 0.009334 0.999807
1341845821.555644 0.006936 -0.005952 0.000578 0.008390 0.017660 0.008839 0.999770
1341845821.587677 0.002989 -0.002862 -0.001443 0.008652 0.017867 0.007912 0.999772
1341845821.623761 0.004659 -0.004883 -0.001398 0.007913 0.016888 0.007233 0.999800
1341845821.655725 0.005711 -0.003548 -0.002827 0.007936 0.016763 0.006166 0.999809
1341845821.691884 0.004013 -0.003034 -0.003338 0.006924 0.016952 0.005203 0.999819
1341845821.724228 0.002249 -0.006918 -0.002165 0.006470 0.016273 0.005462 0.999832
1341845821.755681 0.001623 -0.006386 -0.002056 0.007442 0.015195 0.006431 0.999836
1341845821.791636 0.003835 -0.007899 -0.001018 0.008252 0.014356 0.006777 0.999840
1341845821.823697 0.004479 -0.005018 -0.002708 0.009164 0.014929 0.005355 0.999832
1341845821.855574 0.002225 -0.005909 -0.002441 0.008098 0.015977 0.003731 0.999833
1341845821.891741 0.000820 -0.010157 -0.001648 0.008232 0.015835 0.003640 0.999834
1341845821.923730 0.003100 -0.009424 -0.002265 0.009870 0.015604 0.004397 0.999820
1341845821.955750 0.001547 -0.007160 -0.003689 0.010787 0.016139 0.004274 0.999802
1341845821.991786 0.002047 -0.006238 -0.003407 0.010287 0.016450 0.003517 0.999806
1341845822.023863 -0.001604 -0.009281 -0.002047 0.009924 0.017364 0.003202 0.999795
1341845822.059759 -0.003576 -0.006442 -0.002486 0.010171 0.017494 0.003247 0.999790
1341845822.091719 -0.002587 -0.012414 -0.001122 0.009486 0.017562 0.003358 0.999795
1341845822.123689 -0.002874 -0.012384 -0.001828 0.011346 0.018483 0.002990 0.999760
1341845822.185916 -0.013677 -0.012867 -0.002118 0.010416 0.019409 0.003526 0.999751
1341845822.221838 -0.014136 -0.012614 -0.002380 0.012195 0.017643 0.004517 0.999760
1341845822.254004 -0.016737 -0.007673 -0.002899 0.012163 0.017125 0.004134 0.999771
1341845822.289876 -0.020284 -0.013405 -0.000388 0.010755 0.016665 0.003090 0.999799
1341845822.321804 -0.021559 -0.013817 0.000659 0.011738 0.016191 0.002042 0.999798
1341845822.353784 -0.024589 -0.013772 0.000883 0.012418 0.016408 0.001674 0.999787
1341845822.391662 -0.028345 -0.015075 0.001486 0.013176 0.017069 0.001632 0.999766
1341845822.428074 -0.034768 -0.013267 0.000543 0.013828 0.017348 0.001572 0.999753
1341845822.459970 -0.037992 -0.012944 0.001040 0.013267 0.016775 0.001722 0.999770
1341845822.495728 -0.042443 -0.015559 0.002375 0.013041 0.016481 0.001688 0.999778
1341845822.527724 -0.047700 -0.013461 0.001489 0.013344 0.016180 0.001689 0.999779
1341845822.559648 -0.051096 -0.012841 0.002544 0.012309 0.015312 0.002704 0.999803
1341845822.595852 -0.052553 -0.015147 0.003755 0.011953 0.015010 0.002901 0.999812
1341845822.627724 -0.059075 -0.011944 0.003733 0.011495 0.015886 0.002883 0.999804
1341845822.663716 -0.069902 -0.020499 0.008475 0.010612 0.015482 0.006161 0.999805
1341845822.695601 -0.067866 -0.023236 0.007055 0.014639 0.012239 0.009862 0.999769
1341845822.731816 -0.069548 -0.018277 0.006090 0.017307 0.011893 0.010684 0.999722
1341845822.789911 -0.076160 -0.018355 0.005885 0.018224 0.012808 0.010458 0.999697
1341845822.825897 -0.083585 -0.019244 0.006811 0.017262 0.014424 0.010373 0.999693
1341845822.859721 -0.091755 -0.025642 0.008789 0.017639 0.014304 0.012288 0.999667
1341845822.889712 -0.095098 -0.026060 0.007698 0.019922 0.012731 0.013882 0.999624
1341845822.925900 -0.094619 -0.024404 0.007180 0.020985 0.011452 0.013391 0.999625
1341845822.957708 -0.095418 -0.025807 0.007885 0.021095 0.011968 0.011804 0.999636
1341845822.989939 -0.101989 -0.028168 0.008571 0.022096 0.012845 0.011214 0.999610
1341845823.025889 -0.102253 -0.028305 0.009171 0.024178 0.012274 0.011601 0.999565
1341845823.057775 -0.100331 -0.027867 0.008821 0.025628 0.013459 0.011488 0.999515
1341845823.093671 -0.107054 -0.028019 0.008952 0.026875 0.016442 0.011264 0.999440
1341845823.125951 -0.110962 -0.026567 0.008299 0.027832 0.017439 0.012260 0.999385
1341845823.157773 -0.113739 -0.029070 0.008810 0.028234 0.018787 0.012399 0.999348
1341845823.193885 -0.122539 -0.023515 0.006822 0.029065 0.019776 0.011632 0.999314
1341845823.225800 -0.126854 -0.024205 0.007818 0.027101 0.018437 0.011387 0.999398
1341845823.261842 -0.127183 -0.026195 0.008515 0.026636 0.016973 0.010878 0.999442
1341845823.293622 -0.129999 -0.019413 0.006138 0.025966 0.017235 0.009712 0.999467
1341845823.325746 -0.129099 -0.022411 0.007144 0.022195 0.019062 0.009720 0.999525
1341845823.361852 -0.130860 -0.029022 0.010195 0.022132 0.022435 0.010853 0.999444
1341845823.394013 -0.137644 -0.028799 0.009970 0.024551 0.025703 0.013803 0.999273
1341845823.426028 -0.148903 -0.030172 0.009755 0.025645 0.027947 0.016481 0.999144
1341845823.461869 -0.152508 -0.032020 0.008024 0.026227 0.027175 0.017636 0.999131
1341845823.493758 -0.151850 -0.032595 0.007012 0.026451 0.027836 0.017887 0.999102
1341845823.529780 -0.160252 -0.034199 0.007259 0.026419 0.030187 0.018160 0.999030
1341845823.561916 -0.172349 -0.036996 0.006514 0.026464 0.029918 0.018758 0.999026
1341845823.593678 -0.174455 -0.036928 0.007436 0.026886 0.026623 0.020472 0.999074
1341845823.629815 -0.171110 -0.036717 0.007892 0.026609 0.026154 0.020823 0.999087
1341845823.661750 -0.181856 -0.039416 0.009431 0.025858 0.028051 0.020125 0.999069
1341845823.695523 -0.193840 -0.048969 0.013414 0.026819 0.026864 0.021583 0.999046
1341845823.729635 -0.193905 -0.047934 0.012253 0.031071 0.023458 0.023242 0.998972
1341845823.761810 -0.199158 -0.046466 0.010714 0.033443 0.021891 0.023650 0.998921
1341845823.797871 -0.206295 -0.045633 0.009125 0.033677 0.019115 0.022538 0.998996
1341845823.829660 -0.208403 -0.049241 0.011161 0.032825 0.015320 0.020507 0.999133
1341845823.861808 -0.219852 -0.052385 0.011894 0.033418 0.013335 0.018285 0.999185
1341845823.929826 -0.225839 -0.053713 0.009661 0.033506 0.006190 0.015004 0.999307
1341845823.961797 -0.232559 -0.051984 0.007591 0.032253 0.005757 0.011365 0.999399
1341845823.998070 -0.237787 -0.056867 0.013758 0.030787 0.005581 0.009526 0.999465
1341845824.029656 -0.243324 -0.056504 0.011219 0.031724 0.005724 0.010828 0.999422
1341845824.065768 -0.240580 -0.056102 0.009530 0.031738 0.006976 0.013425 0.999382
1341845824.097956 -0.220776 -0.048084 0.000526 0.031010 0.009736 0.013175 0.999385
1341845824.130299 -0.247669 -0.050649 0.006777 0.024974 0.031547 0.012405 0.999113
1341845824.165751 -0.243471 -0.049888 0.002082 0.019685 0.040746 0.014331 0.998873
1341845824.197930 -0.260807 -0.063694 0.016573 0.016771 0.045701 0.013219 0.998727
1341845824.229907 -0.269367 -0.066644 0.013306 0.021072 0.046394 0.013681 0.998607
1341845824.265800 -0.290643 -0.066372 0.009759 0.023795 0.044506 0.013943 0.998628
1341845824.298080 -0.289148 -0.067233 0.010774 0.024923 0.035954 0.014011 0.998944
1341845824.333783 -0.281656 -0.070353 0.019404 0.027501 0.031097 0.013493 0.999047
1341845824.365821 -0.290469 -0.070030 0.003049 0.029662 0.032238 0.012941 0.998956
1341845824.398039 -0.298915 -0.069592 -0.000375 0.028915 0.031913 0.011355 0.999008
1341845824.433843 -0.310907 -0.073206 0.005153 0.028375 0.029764 0.011805 0.999084
1341845824.465921 -0.324126 -0.076267 0.003373 0.029503 0.027747 0.016314 0.999046
1341845824.501802 -0.329136 -0.070699 0.000812 0.029805 0.025917 0.021274 0.998993
1341845824.533723 -0.335590 -0.071415 -0.000295 0.027770 0.023702 0.025361 0.999011
1341845824.565735 -0.339701 -0.073841 0.002314 0.025536 0.020779 0.028584 0.999049
1341845824.601758 -0.345302 -0.075475 0.003965 0.025201 0.019057 0.032267 0.998980
1341845824.633861 -0.351571 -0.074593 0.001699 0.024731 0.017521 0.036119 0.998888
1341845824.665789 -0.356723 -0.077199 0.002208 0.024212 0.015574 0.039273 0.998814
1341845824.701769 -0.364827 -0.078649 0.004483 0.024746 0.013144 0.041257 0.998756
1341845824.733585 -0.365865 -0.077456 0.001890 0.026317 0.010363 0.042991 0.998675
1341845824.769643 -0.373783 -0.066305 -0.006381 0.025792 0.009569 0.043600 0.998670
1341845824.801632 -0.379780 -0.076503 0.000896 0.020761 0.006106 0.043076 0.998837
1341845824.833654 -0.381731 -0.086677 0.005645 0.021525 0.003731 0.042480 0.998858
1341845824.869926 -0.385432 -0.079921 -0.000412 0.026066 0.003707 0.044042 0.998683
1341845824.902071 -0.393032 -0.077743 -0.003530 0.025087 0.003223 0.043281 0.998743
1341845824.933752 -0.392802 -0.086343 -0.001994 0.024460 0.002522 0.040582 0.998874
1341845824.969855 -0.393958 -0.079475 -0.007035 0.025647 0.003904 0.039174 0.998896
1341845825.001907 -0.397978 -0.080551 -0.006573 0.023913 0.007054 0.038902 0.998932
1341845825.037975 -0.407538 -0.085853 -0.002343 0.022935 0.010667 0.037497 0.998977
1341845825.075793 -0.419400 -0.096220 0.000205 0.024604 0.010666 0.038618 0.998894
1341845825.107881 -0.417627 -0.097517 -0.000345 0.029875 0.010048 0.040492 0.998683
1341845825.143675 -0.418427 -0.093096 -0.004560 0.033604 0.011739 0.039286 0.998594
1341845825.175707 -0.424548 -0.095643 -0.006434 0.033792 0.013318 0.036147 0.998686
1341845825.211865 -0.428572 -0.091175 -0.007327 0.035639 0.013723 0.035748 0.998631
1341845825.243814 -0.429572 -0.101571 -0.005537 0.036502 0.015295 0.037386 0.998517
1341845825.275795 -0.440403 -0.093431 -0.008364 0.039849 0.017474 0.036845 0.998373
1341845825.311665 -0.449852 -0.095952 -0.010162 0.040510 0.016509 0.038643 0.998295
1341845825.343650 -0.448860 -0.089605 -0.016167 0.040999 0.014288 0.040242 0.998246
1341845825.379771 -0.455037 -0.095064 -0.009195 0.038083 0.014551 0.041092 0.998323
1341845825.411924 -0.460377 -0.093199 -0.013283 0.039352 0.013278 0.042601 0.998229
1341845825.443786 -0.468352 -0.086263 -0.010978 0.035782 0.011233 0.043736 0.998339
1341845825.480278 -0.475106 -0.093233 -0.012806 0.032280 0.007546 0.046118 0.998386
1341845825.511636 -0.477282 -0.089592 -0.013944 0.031374 0.003753 0.047550 0.998369
1341845825.547911 -0.481210 -0.088984 -0.012415 0.029169 0.001558 0.049288 0.998357
1341845825.579744 -0.479774 -0.091387 -0.005592 0.028437 -0.000162 0.053593 0.998158
1341845825.611784 -0.488357 -0.093140 -0.003272 0.029942 -0.000772 0.056130 0.997974
1341845825.648004 -0.480575 -0.092058 -0.004119 0.030873 -0.002043 0.054749 0.998021
1341845825.679708 -0.490518 -0.093321 -0.004514 0.032345 0.001244 0.053988 0.998017
1341845825.711937 -0.501753 -0.090916 -0.006276 0.032797 -0.000926 0.053226 0.998043
1341845825.747617 -0.497248 -0.087769 -0.010956 0.031630 -0.004152 0.051567 0.998160
1341845825.779688 -0.506702 -0.087978 -0.007410 0.028715 -0.005742 0.048523 0.998393
1341845825.815954 -0.507607 -0.088880 -0.006875 0.026180 -0.008479 0.045885 0.998568
1341845825.847829 -0.516988 -0.088861 -0.004537 0.024634 -0.008716 0.043797 0.998699
1341845825.879767 -0.522433 -0.091158 -0.000601 0.024139 -0.011392 0.045181 0.998622
1341845825.915646 -0.520021 -0.090066 -0.007136 0.024284 -0.013086 0.046317 0.998546
1341845825.947881 -0.528024 -0.088601 -0.006076 0.023633 -0.012354 0.047156 0.998532
1341845825.979700 -0.531404 -0.089732 -0.003321 0.023215 -0.013872 0.050454 0.998360
1341845826.015845 -0.532721 -0.088762 -0.008884 0.022979 -0.015154 0.051101 0.998314
1341845826.047945 -0.533456 -0.092144 -0.003337 0.022421 -0.015504 0.050886 0.998332
1341845826.079731 -0.542055 -0.087895 -0.005118 0.024224 -0.015702 0.052999 0.998177
1341845826.115655 -0.539095 -0.092201 -0.002469 0.023411 -0.018466 0.053444 0.998126
1341845826.147949 -0.536333 -0.091074 -0.010821 0.023777 -0.018182 0.047878 0.998405
1341845826.183767 -0.541457 -0.088690 -0.010344 0.022706 -0.017642 0.043519 0.998639
1341845826.215780 -0.544261 -0.088377 -0.009428 0.021725 -0.018541 0.043881 0.998628
1341845826.247732 -0.548274 -0.086175 -0.008320 0.021842 -0.018986 0.048841 0.998387
1341845826.283763 -0.553755 -0.087735 -0.006724 0.020738 -0.021272 0.053127 0.998146
1341845826.315658 -0.550187 -0.088545 -0.006489 0.020471 -0.025098 0.054720 0.997976
1341845826.347773 -0.553546 -0.088141 -0.010588 0.019367 -0.026574 0.054404 0.997977
1341845826.383718 -0.556168 -0.091344 -0.007727 0.018019 -0.029180 0.055601 0.997864
1341845826.415712 -0.558827 -0.095206 -0.005529 0.017757 -0.031586 0.057160 0.997707
1341845826.447806 -0.557596 -0.095410 -0.007787 0.018842 -0.034008 0.056620 0.997639
1341845826.483677 -0.558379 -0.092324 -0.010565 0.018927 -0.034463 0.057522 0.997570
1341845826.515677 -0.561494 -0.094890 -0.010851 0.018400 -0.035590 0.060520 0.997363
1341845826.551684 -0.559043 -0.096142 -0.016767 0.016485 -0.036238 0.058160 0.997513
1341845826.583716 -0.562704 -0.093962 -0.013858 0.015483 -0.035227 0.056759 0.997646
1341845826.615875 -0.565316 -0.093025 -0.010076 0.014662 -0.038011 0.060611 0.997330
1341845826.651722 -0.561571 -0.094197 -0.015820 0.014342 -0.038836 0.063831 0.997102
1341845826.683753 -0.565110 -0.091109 -0.016631 0.010926 -0.039082 0.059622 0.997396
1341845826.715643 -0.563777 -0.088738 -0.017134 0.007701 -0.040248 0.058036 0.997473
1341845826.751884 -0.566674 -0.084367 -0.015196 0.004772 -0.039394 0.060360 0.997388
1341845826.783713 -0.567041 -0.084981 -0.013580 0.001434 -0.040947 0.061200 0.997284
1341845826.819713 -0.556240 -0.084941 -0.020167 -0.003388 -0.039974 0.058168 0.997500
1341845826.851701 -0.566271 -0.078465 -0.009217 -0.006681 -0.035808 0.059158 0.997584
1341845826.884460 -0.567767 -0.078890 -0.006482 -0.007657 -0.037645 0.064222 0.997196
1341845826.945792 -0.563255 -0.069487 -0.009377 -0.019243 -0.030507 0.054442 0.997865
1341845826.981873 -0.570984 -0.070684 -0.001863 -0.021698 -0.031266 0.059679 0.997492
1341845827.013745 -0.560736 -0.061986 -0.005989 -0.022094 -0.033340 0.067379 0.996925
1341845827.045694 -0.553229 -0.057527 -0.017337 -0.029393 -0.029263 0.066105 0.996950
1341845827.082458 -0.557724 -0.057108 -0.018241 -0.034298 -0.026767 0.066026 0.996869
1341845827.113645 -0.559715 -0.068754 -0.016174 -0.036041 -0.029237 0.068858 0.996546
1341845827.145773 -0.552931 -0.056060 -0.010413 -0.037655 -0.028130 0.066381 0.996687
1341845827.182474 -0.553887 -0.057518 -0.014104 -0.043055 -0.024298 0.060177 0.996963
1341845827.213974 -0.554329 -0.068150 -0.012842 -0.042223 -0.024693 0.061990 0.996877
1341845827.251751 -0.552569 -0.061403 -0.007157 -0.037476 -0.024617 0.066543 0.996776
1341845827.313888 -0.555456 -0.065078 -0.001050 -0.047296 -0.017635 0.063171 0.996725
1341845827.349700 -0.558327 -0.067055 -0.001871 -0.042794 -0.019472 0.069111 0.996500
1341845827.381963 -0.551601 -0.061118 0.002072 -0.042891 -0.019774 0.066730 0.996653
1341845827.413850 -0.552195 -0.065586 0.001378 -0.044950 -0.017246 0.062180 0.996903
1341845827.449725 -0.550649 -0.067569 -0.004891 -0.042896 -0.017457 0.062664 0.996960
1341845827.488394 -0.554828 -0.073362 0.007818 -0.040726 -0.018901 0.062639 0.997026
1341845827.555964 -0.548254 -0.068704 0.002970 -0.038008 -0.017641 0.060606 0.997282
1341845827.623688 -0.537544 -0.067285 0.001139 -0.033307 -0.019324 0.066352 0.997053
1341845827.656212 -0.537875 -0.064378 0.003587 -0.036032 -0.017581 0.059746 0.997408
1341845827.687624 -0.532339 -0.068894 0.006603 -0.039770 -0.015576 0.054442 0.997603
1341845827.723697 -0.532144 -0.074487 0.011164 -0.038741 -0.013286 0.057783 0.997489
1341845827.755778 -0.529440 -0.072203 0.007113 -0.036895 -0.012549 0.061212 0.997364
1341845827.791657 -0.521161 -0.072423 0.006243 -0.037200 -0.009966 0.059844 0.997465
1341845827.823845 -0.524004 -0.074439 0.012055 -0.037602 -0.005753 0.058857 0.997541
1341845827.855606 -0.517845 -0.078048 0.014902 -0.035791 -0.005292 0.061429 0.997456
1341845827.891685 -0.509259 -0.076696 0.012595 -0.033125 -0.002634 0.062991 0.997461
1341845827.923824 -0.507595 -0.073173 0.010429 -0.032079 0.001967 0.061574 0.997585
1341845827.959777 -0.505486 -0.074754 0.016479 -0.031933 0.004596 0.062516 0.997522
1341845827.991672 -0.496395 -0.072495 0.010423 -0.030326 0.006292 0.064054 0.997466
1341845828.023726 -0.490082 -0.069884 0.010978 -0.031784 0.010077 0.063566 0.997420
1341845828.059622 -0.487543 -0.071373 0.015424 -0.032704 0.013501 0.063544 0.997352
1341845828.091720 -0.485374 -0.070767 0.017447 -0.032448 0.015601 0.063948 0.997304
1341845828.127612 -0.480368 -0.067637 0.014863 -0.032468 0.016942 0.064985 0.997214
1341845828.159638 -0.473911 -0.067541 0.018082 -0.033748 0.018792 0.064444 0.997173
1341845828.191711 -0.471862 -0.069734 0.024640 -0.033778 0.021315 0.062075 0.997272
1341845828.227644 -0.465753 -0.065845 0.022786 -0.032034 0.022587 0.062943 0.997247
1341845828.259785 -0.464366 -0.065640 0.026010 -0.031754 0.025450 0.065778 0.997004
1341845828.291687 -0.458440 -0.066942 0.028090 -0.030516 0.026609 0.067905 0.996870
1341845828.327803 -0.453125 -0.062586 0.022999 -0.029452 0.028230 0.067400 0.996892
1341845828.359694 -0.448196 -0.060736 0.025982 -0.030415 0.029904 0.067386 0.996815
1341845828.395928 -0.442568 -0.061854 0.028144 -0.030217 0.032273 0.068788 0.996651
1341845828.427803 -0.439758 -0.060150 0.028843 -0.030144 0.033695 0.068479 0.996628
1341845828.459660 -0.432126 -0.060790 0.031668 -0.029929 0.034572 0.068788 0.996583
1341845828.495761 -0.426985 -0.056977 0.027715 -0.028610 0.036580 0.070552 0.996426
1341845828.527686 -0.425888 -0.053513 0.028748 -0.030546 0.038248 0.068941 0.996419
1341845828.595750 -0.415322 -0.055209 0.032029 -0.030898 0.040456 0.069021 0.996316
1341845828.654055 -0.404011 -0.054531 0.035031 -0.033060 0.043418 0.069356 0.996098
1341845828.689681 -0.403588 -0.053125 0.032687 -0.031695 0.044961 0.069467 0.996066
1341845828.721870 -0.400834 -0.049734 0.030808 -0.031940 0.045156 0.070198 0.995998
1341845828.757706 -0.394332 -0.050814 0.032402 -0.032528 0.045712 0.072223 0.995809
1341845828.789650 -0.395290 -0.051407 0.032442 -0.031692 0.046301 0.075683 0.995552
1341845828.821914 -0.389502 -0.048370 0.030361 -0.031304 0.044673 0.077164 0.995525
1341845828.857781 -0.383484 -0.047769 0.031187 -0.032227 0.044010 0.077987 0.995461
1341845828.889770 -0.380178 -0.048560 0.031368 -0.032343 0.043873 0.078892 0.995392
1341845828.931671 -0.379812 -0.047819 0.031321 -0.032241 0.043066 0.078335 0.995474
1341845828.989696 -0.367915 -0.048839 0.030135 -0.030438 0.039704 0.077476 0.995738
1341845829.025626 -0.361846 -0.043308 0.027416 -0.029862 0.038220 0.075913 0.995934
1341845829.063840 -0.352646 -0.043573 0.027258 -0.030939 0.037685 0.074153 0.996054
1341845829.089737 -0.351040 -0.042066 0.025587 -0.030826 0.038681 0.074603 0.995986
1341845829.125754 -0.343113 -0.042527 0.025666 -0.031324 0.037812 0.074646 0.996001
1341845829.158048 -0.330450 -0.042966 0.024958 -0.030877 0.038423 0.074589 0.995995
1341845829.193669 -0.328961 -0.046896 0.026663 -0.029223 0.040319 0.076781 0.995804
1341845829.225742 -0.323477 -0.047346 0.024550 -0.025740 0.039920 0.078409 0.995789
1341845829.257763 -0.318807 -0.045974 0.023042 -0.023019 0.039386 0.078350 0.995882
1341845829.293851 -0.311930 -0.045550 0.020562 -0.020648 0.038595 0.077140 0.996059
1341845829.325861 -0.310696 -0.049403 0.020781 -0.018768 0.037957 0.076379 0.996179
1341845829.357901 -0.304597 -0.049010 0.019030 -0.015578 0.034899 0.075994 0.996376
1341845829.393704 -0.295675 -0.044589 0.016025 -0.013423 0.033182 0.074066 0.996611
1341845829.425831 -0.293191 -0.040754 0.014120 -0.013200 0.032080 0.072077 0.996796
1341845829.461720 -0.288093 -0.050637 0.019753 -0.013977 0.030169 0.072498 0.996814
1341845829.493662 -0.283468 -0.049541 0.014548 -0.007938 0.027922 0.075698 0.996708
1341845829.525846 -0.275765 -0.037807 0.009277 -0.006348 0.025361 0.073950 0.996919
1341845829.561864 -0.266316 -0.036154 0.007893 -0.009120 0.025177 0.071236 0.997100
1341845829.593763 -0.262398 -0.047573 0.011044 -0.011060 0.026176 0.071929 0.997005
1341845829.625785 -0.261899 -0.047982 0.008928 -0.005354 0.024940 0.074223 0.996915
1341845829.661787 -0.253067 -0.037150 0.005623 -0.002594 0.022265 0.073300 0.997058
1341845829.693835 -0.240581 -0.031422 0.003568 -0.005759 0.023085 0.068420 0.997373
1341845829.729747 -0.245703 -0.044017 0.009369 -0.009232 0.025438 0.064844 0.997528
1341845829.761817 -0.251608 -0.046818 0.008277 -0.004811 0.020844 0.064838 0.997666
1341845829.793840 -0.232969 -0.039453 0.006597 -0.001641 0.014389 0.064189 0.997833
1341845829.829803 -0.224446 -0.036159 0.004195 -0.001031 0.015020 0.060159 0.998075
1341845829.861640 -0.240824 -0.037325 0.000674 -0.002227 0.015299 0.058270 0.998181
1341845829.897840 -0.219328 -0.044168 0.008400 -0.000671 0.007267 0.061906 0.998055
1341845829.929703 -0.204941 -0.034410 0.001131 0.003179 0.006972 0.062841 0.997994
1341845829.962023 -0.213913 -0.033234 0.002710 0.001243 0.009518 0.063286 0.997949
1341845829.997954 -0.208824 -0.050905 0.005998 0.002222 0.005188 0.065075 0.997864
1341845830.029819 -0.189714 -0.038935 0.003199 0.009969 0.003238 0.065550 0.997794
1341845830.061836 -0.191844 -0.026762 -0.006388 0.011019 0.005547 0.065208 0.997795
1341845830.097885 -0.185785 -0.037623 0.002314 0.008170 0.005746 0.065372 0.997811
1341845830.129668 -0.180649 -0.043254 0.005467 0.013763 0.006188 0.067641 0.997596
1341845830.165590 -0.192031 -0.030967 -0.003778 0.017511 0.005708 0.068889 0.997454
1341845830.197779 -0.177094 -0.035481 -0.000059 0.016032 -0.000746 0.074130 0.997119
1341845830.229883 -0.159146 -0.032340 -0.004546 0.018142 -0.001352 0.074452 0.997059
1341845830.265730 -0.166865 -0.030127 -0.012024 0.016426 0.000759 0.074769 0.997065
1341845830.297873 -0.160502 -0.036063 -0.002124 0.016397 -0.002981 0.078591 0.996768
1341845830.329863 -0.147503 -0.032629 -0.004170 0.019281 -0.004751 0.079664 0.996624
1341845830.365740 -0.150080 -0.027492 -0.008406 0.019111 -0.004155 0.079155 0.996670
1341845830.397779 -0.139438 -0.028640 -0.004294 0.018022 -0.007134 0.077985 0.996766
1341845830.433725 -0.123121 -0.029275 -0.001872 0.018560 -0.007210 0.075429 0.996952
1341845830.465762 -0.127750 -0.026411 -0.004260 0.019786 -0.005234 0.074511 0.997010
1341845830.507859 -0.117368 -0.030169 -0.002534 0.020935 -0.008423 0.076627 0.996804
1341845830.565943 -0.096518 -0.023949 -0.014713 0.022208 -0.003354 0.074717 0.996952
1341845830.597841 -0.096803 -0.029457 -0.013500 0.021170 -0.004120 0.076960 0.996801
1341845830.633627 -0.075824 -0.027547 -0.010241 0.023367 -0.005982 0.078170 0.996648
1341845830.665700 -0.073507 -0.023095 -0.016276 0.023744 -0.003507 0.076550 0.996777
1341845830.701788 -0.064734 -0.023979 -0.015785 0.022471 -0.003366 0.075386 0.996896
1341845830.733901 -0.056237 -0.021328 -0.016724 0.021045 -0.001321 0.070789 0.997268
1341845830.765759 -0.051346 -0.021631 -0.017495 0.018780 0.000730 0.067535 0.997540
1341845830.801839 -0.042230 -0.024392 -0.013311 0.018044 0.003131 0.066313 0.997631
1341845830.833774 -0.039820 -0.025123 -0.015350 0.019818 0.005602 0.065275 0.997655
1341845830.865751 -0.034010 -0.020274 -0.018793 0.020390 0.005981 0.063513 0.997755
1341845830.901883 -0.023926 -0.020531 -0.015807 0.018638 0.008122 0.060447 0.997964
1341845830.933811 -0.023537 -0.025398 -0.016387 0.019146 0.010188 0.059924 0.997967
1341845830.969705 -0.021903 -0.021381 -0.021089 0.020578 0.009725 0.058547 0.998025
1341845831.001855 -0.014904 -0.018592 -0.021456 0.019111 0.009162 0.055601 0.998228
1341845831.033886 -0.006155 -0.020580 -0.018101 0.017936 0.009935 0.052990 0.998385
1341845831.069727 -0.003697 -0.021341 -0.017946 0.018546 0.011213 0.052384 0.998392
1341845831.101853 0.002039 -0.018407 -0.019884 0.019283 0.010928 0.052732 0.998363
1341845831.137817 0.014153 -0.015209 -0.022871 0.018172 0.011964 0.051288 0.998447
1341845831.169942 0.013308 -0.018424 -0.020281 0.017028 0.014342 0.050096 0.998496
1341845831.201715 0.018894 -0.023207 -0.020213 0.018577 0.013306 0.052534 0.998358
1341845831.237723 0.026127 -0.017146 -0.022552 0.021363 0.012945 0.052776 0.998294
1341845831.269903 0.025867 -0.016471 -0.025154 0.020701 0.013299 0.051857 0.998351
1341845831.301755 0.025682 -0.019006 -0.025573 0.020031 0.010628 0.051561 0.998412
1341845831.337779 0.034369 -0.020738 -0.025019 0.020952 0.006282 0.051509 0.998433
1341845831.369742 0.041842 -0.018286 -0.026936 0.022020 0.002844 0.050894 0.998457
1341845831.405710 0.057603 -0.013841 -0.029689 0.020903 0.001305 0.048923 0.998583
1341845831.437646 0.064558 -0.016471 -0.027724 0.019326 0.003205 0.046936 0.998706
1341845831.469752 0.064845 -0.021034 -0.028600 0.020140 0.003531 0.047921 0.998642
1341845831.505745 0.075625 -0.015014 -0.030877 0.021032 0.001825 0.046847 0.998679
1341845831.537844 0.086272 -0.011972 -0.032245 0.017590 0.004429 0.042961 0.998912
1341845831.569610 0.085494 -0.015467 -0.030089 0.014765 0.007569 0.041992 0.998980
1341845831.605848 0.091294 -0.016810 -0.028993 0.014764 0.007161 0.043619 0.998913
1341845831.637789 0.098476 -0.007681 -0.031642 0.013825 0.008042 0.042455 0.998970
1341845831.673597 0.110069 -0.006265 -0.030468 0.007905 0.010608 0.041225 0.999062
1341845831.705652 0.111289 -0.011856 -0.027773 0.004965 0.015689 0.043265 0.998928
1341845831.737705 0.113718 -0.011576 -0.029028 0.005364 0.018061 0.047568 0.998690
1341845831.773629 0.122300 -0.006160 -0.031148 0.005283 0.018700 0.050195 0.998550
1341845831.805810 0.128680 -0.002974 -0.032260 0.002776 0.020986 0.050281 0.998511
1341845831.837719 0.129392 -0.004053 -0.031552 -0.000270 0.022225 0.051504 0.998425
1341845831.873791 0.138870 -0.002815 -0.029913 -0.000951 0.020859 0.053067 0.998373
1341845831.905728 0.148018 0.002561 -0.028965 -0.003579 0.022483 0.051354 0.998421
1341845831.941628 0.153689 -0.000165 -0.026572 -0.005498 0.023881 0.050626 0.998417
1341845831.973784 0.162032 0.000960 -0.025391 -0.005750 0.025368 0.050383 0.998391
1341845832.005729 0.169256 0.002186 -0.025996 -0.005499 0.027114 0.049359 0.998398
1341845832.041627 0.178039 0.007417 -0.028566 -0.006189 0.029598 0.047510 0.998413
1341845832.073865 0.179091 0.006177 -0.027144 -0.007921 0.032811 0.045603 0.998389
1341845832.109730 0.181351 0.003020 -0.026905 -0.007451 0.032528 0.047068 0.998334
1341845832.141683 0.194340 0.006951 -0.027589 -0.005432 0.030967 0.047551 0.998374
1341845832.173988 0.196734 0.012078 -0.031844 -0.006212 0.033400 0.044918 0.998413
1341845832.209956 0.195675 0.007269 -0.030432 -0.007319 0.032210 0.046020 0.998394
1341845832.241796 0.206116 0.011667 -0.031292 -0.006114 0.029282 0.046687 0.998462
1341845832.273776 0.215349 0.018831 -0.033189 -0.006917 0.029498 0.044855 0.998534
1341845832.309916 0.214883 0.018802 -0.034218 -0.010290 0.031386 0.043714 0.998498
1341845832.341687 0.219471 0.017913 -0.031616 -0.011876 0.029500 0.045789 0.998445
1341845832.377708 0.225029 0.023532 -0.031752 -0.012321 0.028468 0.046451 0.998439
1341845832.409802 0.227574 0.024668 -0.031048 -0.014473 0.028030 0.047133 0.998390
1341845832.442187 0.232880 0.024666 -0.030456 -0.015778 0.027117 0.047395 0.998383
1341845832.477743 0.237586 0.026560 -0.031907 -0.016668 0.027048 0.047769 0.998353
1341845832.509635 0.244930 0.028000 -0.032266 -0.017732 0.026546 0.048817 0.998297
1341845832.541586 0.252258 0.031242 -0.033480 -0.018414 0.027111 0.049626 0.998230
1341845832.577871 0.254204 0.031158 -0.036295 -0.018940 0.027520 0.051140 0.998133
1341845832.609738 0.260288 0.033769 -0.036240 -0.018813 0.026625 0.051849 0.998123
1341845832.645699 0.262870 0.037296 -0.037798 -0.019335 0.027680 0.051364 0.998109
1341845832.677817 0.264366 0.039461 -0.037962 -0.021609 0.027913 0.050624 0.998094
1341845832.710177 0.272555 0.038562 -0.033735 -0.023037 0.028117 0.051907 0.997990
1341845832.745710 0.276654 0.042103 -0.034711 -0.022702 0.029172 0.053595 0.997878
1341845832.777849 0.280405 0.045118 -0.035041 -0.023374 0.030711 0.055700 0.997701
1341845832.810110 0.286586 0.047056 -0.034922 -0.024494 0.031713 0.056848 0.997578
1341845832.845797 0.291327 0.048999 -0.035205 -0.026009 0.033524 0.056779 0.997485
1341845832.877696 0.295530 0.047678 -0.033155 -0.026677 0.034833 0.058256 0.997337
1341845832.913787 0.298140 0.049422 -0.036546 -0.026275 0.035216 0.058980 0.997292
1341845832.945664 0.305880 0.051860 -0.036238 -0.027745 0.036291 0.057146 0.997320
1341845832.978015 0.306299 0.049698 -0.035149 -0.028502 0.037391 0.057822 0.997219
1341845833.045857 0.321805 0.055556 -0.040082 -0.029531 0.037160 0.058040 0.997185
1341845833.077785 0.328305 0.056037 -0.039228 -0.031161 0.038659 0.057648 0.997101
1341845833.113636 0.338097 0.053895 -0.035686 -0.031211 0.039677 0.058114 0.997033
1341845833.145767 0.338753 0.059401 -0.045683 -0.031087 0.042025 0.057350 0.996985
1341845833.181891 0.348447 0.061631 -0.044667 -0.034946 0.043939 0.055307 0.996890
1341845833.213878 0.351077 0.057081 -0.045588 -0.036442 0.045708 0.055884 0.996725
1341845833.245714 0.358014 0.055844 -0.046361 -0.034733 0.043172 0.058382 0.996755
1341845833.281847 0.369831 0.054450 -0.050021 -0.031662 0.043572 0.059702 0.996762
1341845833.313771 0.374481 0.061183 -0.053449 -0.029097 0.046242 0.059965 0.996704
1341845833.349756 0.380212 0.063217 -0.055075 -0.030293 0.046886 0.060446 0.996609
1341845833.381840 0.396067 0.062213 -0.058318 -0.030985 0.048175 0.060946 0.996496
1341845833.414644 0.395266 0.062353 -0.067495 -0.031722 0.051728 0.059801 0.996364
1341845833.449819 0.399464 0.061021 -0.057756 -0.032473 0.050994 0.061856 0.996252
1341845833.488616 0.408319 0.061138 -0.059483 -0.031362 0.050400 0.061571 0.996336
1341845833.549835 0.410322 0.060196 -0.059131 -0.035042 0.051731 0.060519 0.996210
1341845833.581733 0.419326 0.059688 -0.050895 -0.032035 0.049328 0.062082 0.996336
1341845833.617817 0.413775 0.063070 -0.070749 -0.031268 0.049668 0.061654 0.996371
1341845833.649899 0.418304 0.062422 -0.066692 -0.034237 0.048159 0.060913 0.996393
1341845833.681671 0.427072 0.061638 -0.048054 -0.033599 0.047513 0.061770 0.996393
1341845833.717606 0.418346 0.065327 -0.060934 -0.031713 0.047155 0.063214 0.996381
1341845833.752940 0.426326 0.069982 -0.052525 -0.033738 0.043726 0.062551 0.996512
1341845833.817827 0.426933 0.068205 -0.051808 -0.036912 0.044969 0.061636 0.996402
1341845833.849860 0.433368 0.067785 -0.045889 -0.036805 0.042551 0.062726 0.996444
1341845833.885667 0.436243 0.069374 -0.047720 -0.036101 0.044066 0.061224 0.996497
1341845833.917724 0.431194 0.071087 -0.049063 -0.038164 0.045601 0.059931 0.996430
1341845833.949675 0.435520 0.065473 -0.044744 -0.038358 0.044145 0.061546 0.996389
1341845833.985662 0.436471 0.069259 -0.047728 -0.035904 0.045685 0.060405 0.996481
1341845834.018158 0.428881 0.071626 -0.050500 -0.038326 0.047501 0.058018 0.996448
1341845834.049769 0.429193 0.066991 -0.047573 -0.039868 0.045709 0.057861 0.996480
1341845834.085753 0.428588 0.068091 -0.048588 -0.039429 0.045857 0.055174 0.996644
1341845834.153871 0.422000 0.067584 -0.048641 -0.041320 0.047776 0.054713 0.996502
1341845834.185736 0.419652 0.066525 -0.048192 -0.042289 0.048546 0.052668 0.996535
1341845834.217802 0.411370 0.067265 -0.050741 -0.042922 0.049831 0.050996 0.996531
1341845834.253824 0.403437 0.070856 -0.051742 -0.046250 0.048368 0.049061 0.996551
1341845834.285756 0.403589 0.064448 -0.047755 -0.049406 0.045840 0.048451 0.996549
1341845834.321783 0.402761 0.059919 -0.042767 -0.047529 0.045563 0.049725 0.996590
1341845834.355135 0.397799 0.057648 -0.042661 -0.041956 0.046284 0.053350 0.996620
1341845834.385801 0.391539 0.060283 -0.046324 -0.039487 0.047098 0.053462 0.996677
1341845834.421748 0.385023 0.060888 -0.047957 -0.039785 0.048170 0.052290 0.996676
1341845834.453840 0.373365 0.058222 -0.052833 -0.040627 0.047647 0.050757 0.996746
1341845834.485639 0.370748 0.055777 -0.047746 -0.041015 0.045756 0.048518 0.996930
1341845834.521785 0.365029 0.056480 -0.049066 -0.040161 0.045817 0.047397 0.997016
1341845834.553727 0.356670 0.056362 -0.048735 -0.040614 0.046250 0.047096 0.996992
1341845834.589787 0.344479 0.051052 -0.043372 -0.041062 0.044932 0.047460 0.997017
1341845834.621791 0.342561 0.052263 -0.048387 -0.039171 0.041951 0.047895 0.997202
1341845834.653808 0.334576 0.056070 -0.049179 -0.041231 0.042937 0.043849 0.997263
1341845834.689847 0.323747 0.052548 -0.047060 -0.044347 0.042762 0.042296 0.997204
1341845834.721856 0.316416 0.047220 -0.043656 -0.044866 0.039703 0.042882 0.997282
1341845834.753919 0.313937 0.043132 -0.045665 -0.042578 0.037165 0.043542 0.997452
1341845834.789834 0.305972 0.045516 -0.048243 -0.041523 0.038319 0.041536 0.997538
1341845834.821826 0.289647 0.043233 -0.045593 -0.043166 0.038946 0.041302 0.997454
1341845834.857804 0.285117 0.040721 -0.045415 -0.043681 0.035472 0.041171 0.997566
1341845834.889796 0.278668 0.038620 -0.045283 -0.043918 0.034163 0.039845 0.997655
1341845834.921771 0.264967 0.034255 -0.043922 -0.043483 0.033774 0.039846 0.997688
1341845834.957942 0.255536 0.034023 -0.045932 -0.042477 0.030791 0.039445 0.997844
1341845834.989806 0.247516 0.032214 -0.043005 -0.041714 0.028292 0.039095 0.997963
1341845835.021804 0.239063 0.031254 -0.040772 -0.040510 0.025886 0.039395 0.998067
1341845835.058003 0.229702 0.028770 -0.041939 -0.038760 0.024430 0.039935 0.998151
1341845835.089820 0.216337 0.028632 -0.047439 -0.037281 0.022940 0.040706 0.998212
1341845835.125663 0.207978 0.030184 -0.052127 -0.037381 0.019507 0.040760 0.998279
1341845835.157750 0.202189 0.028777 -0.044033 -0.038650 0.016797 0.039867 0.998316
1341845835.189830 0.189643 0.020234 -0.035449 -0.037291 0.015172 0.040850 0.998354
1341845835.225912 0.181853 0.022151 -0.038740 -0.033276 0.012201 0.042978 0.998447
1341845835.258001 0.174834 0.026945 -0.043789 -0.031930 0.010427 0.041645 0.998568
1341845835.290164 0.160367 0.023257 -0.040068 -0.033306 0.009440 0.039820 0.998607
1341845835.325788 0.149812 0.017822 -0.034771 -0.032119 0.006712 0.040110 0.998656
1341845835.363902 0.147284 0.019513 -0.035468 -0.030271 0.004621 0.039060 0.998768
1341845835.431742 0.115953 0.017461 -0.041730 -0.029963 0.000912 0.036269 0.998892
1341845835.493790 0.103824 0.011721 -0.031465 -0.027093 -0.003846 0.037773 0.998912
1341845835.527633 0.088790 0.013076 -0.040767 -0.025981 -0.005577 0.037700 0.998936
1341845835.561788 0.084355 0.013803 -0.041212 -0.026895 -0.010229 0.037607 0.998878
1341845835.594173 0.086794 0.010989 -0.035845 -0.028259 -0.011782 0.036801 0.998853
1341845835.625859 0.073244 0.003628 -0.031047 -0.026284 -0.010947 0.037508 0.998891
1341845835.661923 0.064090 0.005188 -0.033978 -0.021500 -0.014171 0.041658 0.998800
1341845835.693994 0.071580 0.007385 -0.033801 -0.018822 -0.016692 0.042812 0.998766
1341845835.725724 0.061676 0.005819 -0.033479 -0.017196 -0.013549 0.042952 0.998837
1341845835.761816 0.043196 0.001050 -0.037038 -0.014268 -0.013994 0.045740 0.998753
1341845835.793927 0.043229 0.007160 -0.038311 -0.011646 -0.016897 0.047343 0.998668
1341845835.829809 0.040567 0.008298 -0.037476 -0.012409 -0.016587 0.046182 0.998718
1341845835.868224 0.023269 -0.000848 -0.038618 -0.012387 -0.015117 0.047369 0.998686
1341845835.903857 0.015452 0.000801 -0.041401 -0.009544 -0.018267 0.050290 0.998522
1341845835.935727 0.019880 0.003676 -0.041921 -0.008768 -0.020121 0.050198 0.998498
1341845835.967812 0.012344 -0.000426 -0.037087 -0.008704 -0.017865 0.049675 0.998568
1341845836.003789 -0.000508 -0.005893 -0.039087 -0.005719 -0.017755 0.053055 0.998417
1341845836.035920 -0.000201 -0.000569 -0.038568 -0.002544 -0.018991 0.053391 0.998390
1341845836.067671 -0.006997 -0.001934 -0.040316 -0.002777 -0.016865 0.051883 0.998507
1341845836.104034 -0.022902 -0.009044 -0.042426 -0.001770 -0.016428 0.052127 0.998504
1341845836.135769 -0.031283 -0.007083 -0.047208 0.000666 -0.019852 0.052775 0.998409
1341845836.172097 -0.031900 -0.001320 -0.045359 0.000652 -0.022658 0.051378 0.998422
1341845836.203642 -0.033587 -0.006270 -0.042377 -0.001053 -0.021837 0.050894 0.998465
1341845836.235687 -0.050822 -0.014897 -0.043435 0.000326 -0.020867 0.051975 0.998430
1341845836.271774 -0.057547 -0.011893 -0.048079 0.003695 -0.024459 0.054363 0.998215
1341845836.303797 -0.053584 -0.006515 -0.048291 0.004780 -0.027116 0.055250 0.998093
1341845836.335742 -0.054042 -0.004668 -0.047782 0.003593 -0.025749 0.055463 0.998122
1341845836.372549 -0.064340 -0.014686 -0.043424 0.004496 -0.022967 0.058771 0.997997
1341845836.403992 -0.068396 -0.008449 -0.049545 0.008395 -0.022554 0.061937 0.997790
1341845836.435705 -0.067522 -0.008056 -0.052447 0.009062 -0.020764 0.063176 0.997745
1341845836.471817 -0.077101 -0.005556 -0.053760 0.009628 -0.016774 0.062341 0.997867
1341845836.503945 -0.091609 -0.007545 -0.054484 0.009700 -0.016082 0.063975 0.997775
1341845836.539832 -0.090403 -0.005472 -0.056483 0.010174 -0.018385 0.064647 0.997687
1341845836.571973 -0.090506 -0.004116 -0.056834 0.009295 -0.018600 0.064451 0.997704
1341845836.604373 -0.097418 -0.003624 -0.056933 0.007479 -0.017786 0.062789 0.997840
1341845836.639724 -0.099694 -0.012773 -0.053625 0.005301 -0.018499 0.061942 0.997894
1341845836.672049 -0.098548 -0.020848 -0.053318 0.006712 -0.019042 0.060664 0.997954
1341845836.704020 -0.102539 -0.026581 -0.053659 0.008713 -0.018447 0.060494 0.997960
1341845836.739779 -0.103559 -0.048359 -0.053927 0.011710 -0.018908 0.061465 0.997861
1341845836.771652 -0.098521 -0.054069 -0.053354 0.020019 -0.018737 0.063036 0.997634
1341845836.803601 -0.105373 -0.049467 -0.055191 0.027103 -0.016533 0.064700 0.997400
1341845836.839643 -0.106950 -0.052769 -0.058074 0.030587 -0.018132 0.066940 0.997123
1341845836.871771 -0.102122 -0.061381 -0.053965 0.033274 -0.019780 0.067337 0.996979
1341845836.907663 -0.098021 -0.058038 -0.053453 0.035162 -0.018217 0.069119 0.996822
1341845836.939824 -0.105687 -0.069235 -0.053604 0.035205 -0.015733 0.072131 0.996649
1341845836.971802 -0.104253 -0.065806 -0.053982 0.037991 -0.017066 0.071401 0.996578
1341845837.007714 -0.093190 -0.061179 -0.056971 0.035087 -0.014467 0.070959 0.996757
1341845837.039752 -0.100149 -0.091820 -0.051440 0.028467 -0.008349 0.071616 0.996991
1341845837.071715 -0.101549 -0.107126 -0.051528 0.031838 -0.007735 0.071399 0.996910
1341845837.107691 -0.095899 -0.103887 -0.053516 0.034299 -0.007098 0.073255 0.996698
1341845837.139763 -0.090901 -0.122805 -0.049258 0.032529 -0.003803 0.072162 0.996855
1341845837.171636 -0.098637 -0.129774 -0.049195 0.036551 -0.000790 0.068372 0.996990
1341845837.207675 -0.109060 -0.128445 -0.054158 0.037493 -0.001839 0.063771 0.997258
1341845837.239749 -0.095749 -0.144466 -0.052510 0.034370 -0.004288 0.059285 0.997640
1341845837.275755 -0.094394 -0.159933 -0.049306 0.035040 -0.002174 0.055497 0.997841
1341845837.307686 -0.100805 -0.174387 -0.050474 0.038884 -0.001789 0.059721 0.997456
1341845837.339628 -0.096602 -0.183288 -0.049986 0.043576 -0.004414 0.060611 0.997200
1341845837.375710 -0.088049 -0.187124 -0.053501 0.047734 -0.003853 0.058824 0.997119
1341845837.407709 -0.088355 -0.177742 -0.058487 0.048197 -0.000597 0.054860 0.997330
1341845837.439656 -0.090446 -0.186113 -0.057765 0.041611 0.001943 0.052801 0.997736
1341845837.475671 -0.081862 -0.207770 -0.056494 0.037876 0.002563 0.051527 0.997950
1341845837.507973 -0.076915 -0.209400 -0.068562 0.037960 0.006388 0.051319 0.997940
1341845837.543708 -0.081908 -0.219124 -0.061167 0.033170 0.010776 0.047942 0.998241
1341845837.575706 -0.078117 -0.233870 -0.057177 0.031534 0.012145 0.045383 0.998398
1341845837.607609 -0.072933 -0.242329 -0.056849 0.032125 0.014192 0.043642 0.998430
1341845837.643704 -0.073668 -0.251875 -0.056023 0.033347 0.017039 0.040997 0.998457
1341845837.675706 -0.073024 -0.258752 -0.056269 0.035831 0.018679 0.039289 0.998411
1341845837.711803 -0.071323 -0.259779 -0.061295 0.037547 0.020558 0.037809 0.998368
1341845837.743935 -0.068020 -0.267909 -0.059095 0.037127 0.022960 0.036304 0.998387
1341845837.775698 -0.067760 -0.275607 -0.060644 0.039396 0.025561 0.035758 0.998256
1341845837.811909 -0.063545 -0.266479 -0.069814 0.040893 0.027985 0.035379 0.998145
1341845837.843915 -0.066090 -0.277097 -0.063093 0.037319 0.031003 0.033416 0.998263
1341845837.879790 -0.064155 -0.289198 -0.061169 0.038111 0.033105 0.033301 0.998170
1341845837.911946 -0.067965 -0.293369 -0.061284 0.042285 0.034175 0.035889 0.997876
1341845837.946188 -0.066337 -0.289257 -0.065237 0.044752 0.033632 0.036958 0.997748
1341845837.979709 -0.050644 -0.289771 -0.070554 0.043672 0.034744 0.035431 0.997813
1341845838.041927 -0.070606 -0.295507 -0.064511 0.037168 0.041177 0.029442 0.998026
1341845838.073905 -0.061945 -0.311516 -0.058277 0.035795 0.039887 0.029374 0.998131
1341845838.105792 -0.063118 -0.311247 -0.056741 0.038574 0.041174 0.030521 0.997940
1341845838.141667 -0.065054 -0.308562 -0.058619 0.038737 0.041499 0.029253 0.997959
1341845838.173678 -0.058122 -0.312639 -0.064639 0.035456 0.041606 0.024229 0.998211
1341845838.205767 -0.058238 -0.309093 -0.055652 0.031164 0.043883 0.019158 0.998367
1341845838.241893 -0.062247 -0.317749 -0.051298 0.024060 0.046614 0.016608 0.998485
1341845838.273791 -0.067675 -0.334313 -0.047502 0.021568 0.046173 0.014976 0.998588
1341845838.309852 -0.067864 -0.332178 -0.047468 0.022899 0.043576 0.015003 0.998675
1341845838.341805 -0.063646 -0.340138 -0.045402 0.022135 0.041800 0.018487 0.998710
1341845838.373872 -0.060712 -0.346030 -0.045161 0.023649 0.041721 0.019526 0.998659
1341845838.409713 -0.063554 -0.342331 -0.046630 0.024650 0.041793 0.021091 0.998599
1341845838.441818 -0.061789 -0.342169 -0.048447 0.022358 0.041062 0.022356 0.998656
1341845838.473754 -0.057300 -0.350262 -0.047948 0.019816 0.041013 0.020243 0.998757
1341845838.509713 -0.056177 -0.359035 -0.045668 0.018347 0.042245 0.018458 0.998768
1341845838.541649 -0.060129 -0.368093 -0.045163 0.018481 0.042378 0.018453 0.998760
1341845838.577804 -0.054810 -0.371831 -0.046833 0.021425 0.041641 0.015348 0.998785
1341845838.609807 -0.051130 -0.372754 -0.048522 0.023738 0.043305 0.012896 0.998697
1341845838.641690 -0.053498 -0.375603 -0.049391 0.025108 0.045570 0.012504 0.998567
1341845838.677850 -0.055704 -0.377564 -0.050815 0.025912 0.046083 0.011831 0.998531
1341845838.709635 -0.046843 -0.370923 -0.054746 0.026302 0.045689 0.010312 0.998556
1341845838.745913 -0.025552 -0.353265 -0.061942 0.023236 0.046678 0.008289 0.998605
1341845838.777723 -0.032982 -0.365819 -0.061422 0.017145 0.049546 0.007856 0.998594
1341845838.809656 -0.039680 -0.379466 -0.054673 0.013440 0.048766 0.005418 0.998705
1341845838.845874 -0.027327 -0.378592 -0.058114 0.014219 0.047174 0.006796 0.998762
1341845838.877695 -0.019581 -0.371330 -0.058986 0.010083 0.050152 0.004856 0.998679
1341845838.909636 -0.027143 -0.386772 -0.054123 0.004976 0.053906 0.000758 0.998533
1341845838.945837 -0.028867 -0.392652 -0.050917 0.004975 0.053956 0.000154 0.998531
1341845838.977758 -0.022731 -0.394230 -0.054011 0.006543 0.053578 0.001959 0.998540
1341845839.013907 -0.015913 -0.397558 -0.057101 0.006554 0.055299 0.001193 0.998448
1341845839.046225 -0.023034 -0.392421 -0.056598 0.005741 0.058340 -0.002427 0.998277
1341845839.077750 -0.029861 -0.396987 -0.054335 0.002694 0.057367 -0.003659 0.998343
1341845839.113934 -0.018263 -0.410736 -0.049327 0.002581 0.054071 -0.001411 0.998533
1341845839.145852 -0.013763 -0.405559 -0.052332 0.006229 0.053815 0.001390 0.998531
1341845839.177741 -0.009337 -0.403192 -0.054358 0.006124 0.053869 0.002126 0.998527
1341845839.214000 -0.000999 -0.412889 -0.050548 0.005621 0.054900 0.001756 0.998475
1341845839.246198 -0.002989 -0.412614 -0.053233 0.008410 0.057489 0.003053 0.998306
1341845839.281774 0.001612 -0.409439 -0.057415 0.009193 0.058584 0.004574 0.998230
1341845839.314004 0.010472 -0.418150 -0.057300 0.007997 0.060800 0.002377 0.998115
1341845839.345945 0.003705 -0.421174 -0.056271 0.008774 0.063419 0.002029 0.997946
1341845839.381741 0.006260 -0.421285 -0.057570 0.010844 0.062661 0.006712 0.997953
1341845839.413801 0.016718 -0.426354 -0.057294 0.012554 0.062769 0.008413 0.997914
1341845839.445714 0.013413 -0.420790 -0.063519 0.014439 0.065281 0.007387 0.997735
1341845839.481741 0.014551 -0.417607 -0.068206 0.013429 0.066076 0.006886 0.997700
1341845839.514001 0.022779 -0.424405 -0.059439 0.011301 0.067148 0.006422 0.997658
1341845839.549791 0.020556 -0.428351 -0.060244 0.012938 0.068966 0.007005 0.997510
1341845839.587666 0.018342 -0.423108 -0.066996 0.014237 0.069094 0.007776 0.997478
1341845839.681817 0.017208 -0.422408 -0.069060 0.013664 0.071941 0.006949 0.997291
1341845839.713876 0.026071 -0.422050 -0.063928 0.012868 0.069969 0.006811 0.997443
1341845839.749808 0.028389 -0.420109 -0.064372 0.012924 0.071261 0.007196 0.997348
1341845839.781785 0.018776 -0.419001 -0.072315 0.011786 0.072375 0.007292 0.997281
1341845839.817825 0.018061 -0.419643 -0.067529 0.009932 0.070920 0.007345 0.997406
1341845839.849994 0.022148 -0.415972 -0.071435 0.009163 0.070191 0.007477 0.997463
1341845839.881829 0.014122 -0.415051 -0.071932 0.006663 0.070504 0.006765 0.997466
1341845839.917855 0.007928 -0.415567 -0.069917 0.004260 0.069311 0.006262 0.997566
1341845839.950283 0.005057 -0.411434 -0.067527 0.002809 0.067102 0.006612 0.997720
1341845839.985757 0.004423 -0.404519 -0.063727 0.001171 0.065203 0.006739 0.997849
1341845840.017660 0.004823 -0.397108 -0.059360 -0.002816 0.063651 0.005182 0.997955
1341845840.049741 -0.004424 -0.390773 -0.052678 -0.006469 0.063178 0.004647 0.997970
1341845840.085650 -0.007085 -0.396427 -0.050282 -0.009876 0.060759 0.006223 0.998084
1341845840.117698 -0.006974 -0.387532 -0.049896 -0.010511 0.058957 0.007841 0.998174
1341845840.149796 -0.011274 -0.379988 -0.049907 -0.013993 0.058256 0.008199 0.998170
1341845840.186069 -0.010345 -0.378172 -0.048021 -0.018903 0.057346 0.007699 0.998146
1341845840.217657 -0.009819 -0.372276 -0.044349 -0.023006 0.057812 0.007913 0.998031
1341845840.253694 -0.023218 -0.367330 -0.039286 -0.025769 0.058471 0.008865 0.997917
1341845840.285914 -0.024985 -0.364049 -0.039807 -0.027897 0.055290 0.009698 0.998033
1341845840.317753 -0.021341 -0.357431 -0.038360 -0.030236 0.052978 0.011574 0.998071
1341845840.353861 -0.021508 -0.354693 -0.038577 -0.032674 0.052704 0.012180 0.998001
1341845840.385775 -0.025589 -0.347313 -0.036715 -0.035702 0.053556 0.009799 0.997878
1341845840.417676 -0.031733 -0.339246 -0.036059 -0.038396 0.052745 0.008992 0.997829
1341845840.453598 -0.029286 -0.340049 -0.033386 -0.040907 0.051155 0.010119 0.997801
1341845840.485943 -0.029460 -0.334123 -0.032485 -0.041253 0.051306 0.009906 0.997781
1341845840.521810 -0.037632 -0.325630 -0.032651 -0.042046 0.051583 0.010552 0.997727
1341845840.553677 -0.041548 -0.323836 -0.031816 -0.044762 0.049769 0.011710 0.997688
1341845840.585765 -0.039107 -0.323832 -0.029991 -0.046230 0.048151 0.010554 0.997714
1341845840.621850 -0.043273 -0.313837 -0.030926 -0.046557 0.048314 0.008875 0.997707
1341845840.653789 -0.049980 -0.314534 -0.028869 -0.051873 0.047644 0.007194 0.997491
1341845840.685850 -0.047802 -0.318975 -0.025618 -0.053339 0.046079 0.005158 0.997499
1341845840.721832 -0.055509 -0.320258 -0.020559 -0.051292 0.046396 0.004483 0.997595
1341845840.753824 -0.064765 -0.316218 -0.024309 -0.047626 0.043548 0.007764 0.997885
1341845840.789783 -0.054962 -0.314600 -0.025444 -0.045175 0.039841 0.009322 0.998141
1341845840.821733 -0.052743 -0.305296 -0.028761 -0.043023 0.041110 0.007509 0.998200
1341845840.853661 -0.061380 -0.300882 -0.029998 -0.042871 0.042730 0.008100 0.998134
1341845840.889737 -0.064480 -0.297947 -0.031445 -0.042926 0.041070 0.010132 0.998182
1341845840.921786 -0.054531 -0.289958 -0.038273 -0.042771 0.040677 0.010158 0.998205
1341845840.957782 -0.059934 -0.282228 -0.038781 -0.044697 0.044088 0.008620 0.997990
1341845840.989777 -0.063887 -0.281695 -0.035400 -0.047535 0.045448 0.008978 0.997795
1341845841.021755 -0.064549 -0.284524 -0.030143 -0.047129 0.045972 0.009690 0.997783
1341845841.057797 -0.062054 -0.284982 -0.027274 -0.043621 0.046880 0.010594 0.997891
1341845841.089861 -0.064843 -0.270144 -0.028726 -0.038694 0.049326 0.009017 0.997992
1341845841.127763 -0.071730 -0.266041 -0.029475 -0.037864 0.050241 0.005982 0.998001
1341845841.189794 -0.071910 -0.261473 -0.027261 -0.034901 0.048935 -0.001905 0.998190
1341845841.225871 -0.071287 -0.255036 -0.028006 -0.031055 0.048329 -0.003567 0.998342
1341845841.257769 -0.073672 -0.245001 -0.028324 -0.027444 0.048288 -0.004837 0.998445
1341845841.289834 -0.074830 -0.231813 -0.030479 -0.025418 0.047260 -0.003306 0.998554
1341845841.325856 -0.073806 -0.220079 -0.031213 -0.026475 0.046854 -0.002811 0.998547
1341845841.357778 -0.078386 -0.221014 -0.025917 -0.028951 0.046464 -0.002535 0.998497
1341845841.389747 -0.082825 -0.223434 -0.020077 -0.027024 0.043620 -0.000245 0.998683
1341845841.425648 -0.073489 -0.223370 -0.020814 -0.021280 0.039946 0.005501 0.998960
1341845841.457784 -0.071606 -0.212575 -0.021033 -0.012200 0.039004 0.010812 0.999106
1341845841.493636 -0.073935 -0.194214 -0.025657 -0.007312 0.038566 0.013014 0.999145
1341845841.525800 -0.072322 -0.180632 -0.025162 -0.009199 0.038460 0.013135 0.999131
1341845841.557776 -0.074547 -0.176924 -0.022266 -0.012159 0.039121 0.013856 0.999064
1341845841.593697 -0.078626 -0.177374 -0.018594 -0.014352 0.038092 0.016204 0.999040
1341845841.625800 -0.072584 -0.180037 -0.016838 -0.012642 0.035721 0.018546 0.999110
1341845841.657778 -0.072072 -0.172748 -0.016186 -0.009643 0.036085 0.019340 0.999115
1341845841.693890 -0.077070 -0.163294 -0.016309 -0.008054 0.036257 0.021095 0.999087
1341845841.725831 -0.074223 -0.160839 -0.014281 -0.008564 0.035066 0.021302 0.999121
1341845841.761977 -0.075788 -0.154823 -0.014308 -0.007655 0.034889 0.019549 0.999171
1341845841.793705 -0.082749 -0.145342 -0.014057 -0.009057 0.034632 0.019193 0.999175
1341845841.825907 -0.081798 -0.147773 -0.011176 -0.011698 0.032487 0.019387 0.999216
1341845841.862456 -0.080880 -0.150728 -0.007523 -0.011214 0.030627 0.020858 0.999250
1341845841.893840 -0.080309 -0.150367 -0.001180 -0.006289 0.028235 0.025171 0.999265
1341845841.925729 -0.082679 -0.138766 -0.009696 -0.002761 0.026628 0.026249 0.999297
1341845841.961799 -0.077936 -0.136615 -0.008437 -0.003055 0.025471 0.025677 0.999341
1341845841.994063 -0.076933 -0.129535 -0.010205 -0.002909 0.026839 0.023327 0.999363
1341845842.030345 -0.084776 -0.124368 -0.011097 -0.005662 0.027294 0.023335 0.999339
1341845842.061842 -0.081382 -0.126186 -0.009325 -0.006339 0.024669 0.024943 0.999364
1341845842.095648 -0.079051 -0.118194 -0.010011 -0.005453 0.024410 0.025515 0.999362
1341845842.130144 -0.080296 -0.112751 -0.010016 -0.005762 0.024948 0.027745 0.999287
1341845842.168651 -0.081278 -0.107401 -0.010395 -0.006202 0.025014 0.029539 0.999231
1341845842.204415 -0.082114 -0.107476 -0.008615 -0.006356 0.025184 0.030568 0.999195
1341845842.236995 -0.088654 -0.103052 -0.010750 -0.004472 0.024444 0.032000 0.999179
1341845842.298056 -0.077753 -0.093221 -0.006436 -0.000551 0.018442 0.037080 0.999142
1341845842.330531 -0.084753 -0.085188 -0.008543 0.001051 0.020471 0.036355 0.999129
1341845842.362365 -0.085696 -0.073170 -0.008245 -0.000297 0.018693 0.037570 0.999119
1341845842.399606 -0.081028 -0.075226 -0.005863 -0.004206 0.017567 0.037577 0.999130
1341845842.439754 -0.079487 -0.073871 -0.004722 -0.004689 0.018193 0.037687 0.999113
1341845842.472222 -0.084581 -0.071153 -0.004539 -0.004972 0.018547 0.038739 0.999065
1341845842.506051 -0.084306 -0.072162 -0.003705 -0.005097 0.016159 0.039636 0.999071
1341845842.539739 -0.079571 -0.068744 -0.003859 -0.004445 0.015939 0.037899 0.999145
1341845842.597810 -0.086935 -0.068843 -0.002015 -0.002999 0.016848 0.037077 0.999166
1341845842.671782 -0.086188 -0.052805 -0.002930 0.001295 0.016675 0.037380 0.999161
1341845842.733828 -0.090206 -0.051704 -0.000386 0.002691 0.015356 0.044370 0.998894
1341845842.772554 -0.090357 -0.039022 -0.001703 0.004669 0.015073 0.045837 0.998824
1341845842.803667 -0.092404 -0.033546 -0.001877 0.002135 0.015099 0.047556 0.998752
1341845842.839779 -0.087410 -0.033294 0.000095 0.000773 0.015183 0.047067 0.998776
1341845842.871951 -0.094668 -0.028254 -0.000674 0.000817 0.016867 0.046029 0.998797
1341845842.903766 -0.095486 -0.019551 -0.001965 -0.000325 0.015807 0.046151 0.998809
1341845842.939694 -0.091592 -0.020406 0.000712 -0.002966 0.015944 0.045155 0.998848
1341845842.971703 -0.096016 -0.019675 0.000870 -0.002433 0.016978 0.045001 0.998840
1341845843.003637 -0.101767 -0.010623 0.000730 -0.001401 0.015479 0.047726 0.998740
1341845843.039687 -0.091675 -0.009152 0.001691 -0.001773 0.013340 0.049867 0.998665
1341845843.071786 -0.094121 -0.004222 0.001960 -0.001433 0.015804 0.049730 0.998637
1341845843.103725 -0.104060 -0.003920 0.002244 -0.001179 0.016167 0.052748 0.998476
1341845843.139742 -0.101964 0.002891 0.000046 0.000891 0.012797 0.053917 0.998463
1341845843.171825 -0.098819 0.012416 -0.000367 0.000052 0.012337 0.050997 0.998623
1341845843.207907 -0.103829 0.017397 -0.001724 -0.003106 0.013634 0.046587 0.998816
1341845843.240014 -0.108547 0.019950 -0.000965 -0.006373 0.012858 0.044126 0.998923
1341845843.281910 -0.109079 0.022305 0.002003 -0.006909 0.010711 0.043835 0.998957
1341845843.307930 -0.107094 0.030126 0.004244 -0.006065 0.009029 0.044059 0.998970
1341845843.339844 -0.104628 0.033633 0.007725 -0.005177 0.008139 0.046296 0.998881
1341845843.407961 -0.107162 0.050600 0.009069 -0.000821 0.012338 0.047451 0.998797
1341845843.469698 -0.097390 0.065038 0.016747 -0.002173 0.013654 0.048340 0.998735
1341845843.501755 -0.111174 0.071423 0.014756 -0.003734 0.017794 0.047398 0.998711
1341845843.537749 -0.114565 0.072387 0.015162 -0.004732 0.015672 0.050880 0.998571
1341845843.601912 -0.116173 0.089952 0.017082 -0.009286 0.017119 0.046944 0.998708
1341845843.637854 -0.110744 0.094682 0.019273 -0.011622 0.015837 0.047441 0.998681
1341845843.669935 -0.106117 0.092583 0.020900 -0.012870 0.017492 0.049038 0.998561
1341845843.705705 -0.108279 0.104410 0.023212 -0.011832 0.020844 0.050599 0.998431
1341845843.738087 -0.109641 0.107479 0.025424 -0.013923 0.023075 0.052336 0.998266
1341845843.769868 -0.108264 0.110064 0.026822 -0.012157 0.023578 0.055128 0.998127
1341845843.805741 -0.105879 0.117805 0.027532 -0.010579 0.025107 0.057348 0.997982
1341845843.837731 -0.102272 0.124716 0.027056 -0.011199 0.027444 0.056590 0.997957
1341845843.869723 -0.104601 0.124097 0.030630 -0.012424 0.030675 0.056042 0.997880
1341845843.905817 -0.103262 0.125118 0.032673 -0.009729 0.031473 0.059894 0.997661
1341845843.937846 -0.095077 0.128985 0.033511 -0.006436 0.032463 0.063198 0.997452
1341845843.973843 -0.095048 0.138574 0.030954 -0.003599 0.037719 0.062825 0.997305
1341845844.005877 -0.104685 0.137208 0.032752 -0.003500 0.041466 0.062935 0.997150
1341845844.037839 -0.102653 0.144573 0.030172 -0.000822 0.040037 0.062046 0.997270
1341845844.073843 -0.095487 0.152709 0.030493 -0.001467 0.040714 0.058180 0.997474
1341845844.105844 -0.099050 0.151362 0.031591 -0.001652 0.043820 0.056040 0.997465
1341845844.137727 -0.102794 0.154947 0.031004 -0.000976 0.044747 0.055871 0.997434
1341845844.173729 -0.099973 0.159488 0.031923 0.000773 0.044356 0.054644 0.997520
1341845844.205772 -0.105334 0.170207 0.028878 -0.000208 0.046510 0.051939 0.997567
1341845844.241826 -0.103321 0.162880 0.034833 -0.000782 0.045298 0.054726 0.997473
1341845844.273743 -0.098424 0.173627 0.035361 0.007116 0.043875 0.058751 0.997283
1341845844.305737 -0.111525 0.181667 0.030133 0.008740 0.046852 0.059617 0.997083
1341845844.341702 -0.115513 0.192353 0.029760 0.006743 0.047217 0.057463 0.997208
1341845844.373700 -0.113964 0.194742 0.030870 0.002738 0.046434 0.057450 0.997264
1341845844.409780 -0.118021 0.201919 0.030145 0.001905 0.046279 0.059802 0.997135
1341845844.441868 -0.115145 0.210087 0.031171 0.000145 0.044941 0.061091 0.997120
1341845844.473633 -0.110075 0.216782 0.033342 -0.001849 0.045328 0.061653 0.997066
1341845844.509732 -0.114653 0.221412 0.032587 -0.003190 0.047357 0.063081 0.996879
1341845844.541734 -0.119923 0.230973 0.033358 -0.005068 0.046835 0.064370 0.996814
1341845844.573798 -0.115823 0.231698 0.033796 -0.009023 0.044902 0.064540 0.996864
1341845844.609774 -0.118883 0.237922 0.034840 -0.009884 0.045505 0.064742 0.996815
1341845844.641742 -0.125873 0.242979 0.037947 -0.009700 0.044007 0.066605 0.996761
1341845844.677619 -0.127247 0.245800 0.036916 -0.006904 0.039185 0.070511 0.996717
1341845844.709820 -0.137963 0.255964 0.033390 -0.007970 0.038767 0.069022 0.996830
1341845844.741764 -0.137492 0.259274 0.032956 -0.010030 0.033988 0.070342 0.996893
1341845844.778110 -0.137495 0.264868 0.037969 -0.012044 0.030355 0.068692 0.997103
1341845844.811162 -0.141870 0.269424 0.036334 -0.011502 0.025863 0.068166 0.997272
1341845844.842336 -0.149833 0.273187 0.028898 -0.016005 0.022659 0.064505 0.997532
1341845844.883762 -0.141724 0.274182 0.040442 -0.017792 0.017752 0.063661 0.997655
1341845844.947016 -0.150618 0.284508 0.036789 -0.016480 0.008984 0.061720 0.997917
1341845844.977793 -0.149825 0.282145 0.027861 -0.018879 0.007195 0.057032 0.998168
1341845845.009670 -0.148989 0.293739 0.039574 -0.018195 0.004854 0.053622 0.998384
1341845845.045698 -0.150136 0.298262 0.035449 -0.017003 0.000080 0.051707 0.998518
1341845845.077748 -0.140491 0.303287 0.032334 -0.017889 -0.002497 0.047388 0.998713
1341845845.109679 -0.146668 0.307645 0.033982 -0.019635 0.000397 0.043271 0.998870
1341845845.145640 -0.146527 0.305855 0.036214 -0.020882 -0.000365 0.043623 0.998830
1341845845.177719 -0.134279 0.313902 0.030915 -0.019110 -0.002503 0.043534 0.998866
1341845845.213604 -0.130369 0.328097 0.027671 -0.018816 0.000144 0.042305 0.998928
1341845845.245741 -0.131865 0.327906 0.029646 -0.021382 0.001797 0.042404 0.998870
1341845845.277905 -0.132741 0.328152 0.030776 -0.020575 0.002295 0.043121 0.998855
1341845845.314159 -0.131548 0.336708 0.027186 -0.019813 0.001876 0.043309 0.998863
1341845845.345748 -0.131879 0.339128 0.029578 -0.022157 0.002435 0.042618 0.998843
1341845845.381704 -0.134834 0.341857 0.027952 -0.023367 0.002075 0.042564 0.998818
1341845845.413648 -0.138166 0.343673 0.030220 -0.024798 0.001309 0.042748 0.998777
1341845845.445777 -0.138801 0.352431 0.027448 -0.024172 -0.000964 0.041884 0.998830
1341845845.481809 -0.136083 0.359270 0.028712 -0.028354 -0.001764 0.037352 0.998898
1341845845.514332 -0.136708 0.359606 0.030416 -0.030325 -0.002834 0.036497 0.998870
1341845845.545717 -0.140694 0.366579 0.029041 -0.030637 -0.004529 0.037536 0.998815
1341845845.581658 -0.137730 0.371646 0.029729 -0.033277 -0.006811 0.036035 0.998773
1341845845.613959 -0.134887 0.381252 0.030633 -0.036329 -0.005967 0.031963 0.998811
1341845845.649696 -0.141838 0.378911 0.030085 -0.040282 -0.004748 0.033179 0.998626
1341845845.682034 -0.144689 0.380933 0.030542 -0.038864 -0.007619 0.035711 0.998577
1341845845.714232 -0.137448 0.391282 0.030999 -0.039729 -0.009065 0.034367 0.998578
1341845845.751971 -0.140217 0.395152 0.031305 -0.045242 -0.007634 0.031414 0.998453
1341845845.787747 -0.141550 0.391771 0.033023 -0.048596 -0.006954 0.028476 0.998388
1341845845.820616 -0.144748 0.394567 0.033179 -0.048585 -0.007089 0.029431 0.998360
1341845845.887653 -0.138689 0.411821 0.034187 -0.049699 -0.007004 0.026151 0.998397
1341845845.949895 -0.139055 0.419130 0.034171 -0.049862 -0.004276 0.027401 0.998371
1341845845.981855 -0.143102 0.427727 0.031515 -0.050017 -0.001276 0.027642 0.998365
1341845846.017822 -0.144390 0.427607 0.034091 -0.051990 -0.000298 0.027221 0.998276
1341845846.049788 -0.145098 0.430338 0.033824 -0.050585 0.000593 0.028095 0.998324
1341845846.081697 -0.147148 0.437753 0.032120 -0.050239 0.000416 0.028854 0.998320
1341845846.117753 -0.145515 0.440549 0.032651 -0.052523 -0.000837 0.027949 0.998228
1341845846.149729 -0.148183 0.445339 0.032600 -0.052614 -0.001003 0.028969 0.998194
1341845846.185551 -0.147640 0.453678 0.032527 -0.053410 -0.002644 0.031690 0.998066
1341845846.217670 -0.145208 0.463783 0.032533 -0.053749 -0.002872 0.031953 0.998039
1341845846.249670 -0.146356 0.466785 0.032192 -0.058168 -0.002508 0.034570 0.997705
1341845846.285621 -0.146936 0.469438 0.031307 -0.059982 -0.003114 0.035729 0.997555
1341845846.318706 -0.144672 0.477276 0.029787 -0.062235 -0.002236 0.034371 0.997467
1341845846.349746 -0.147318 0.476966 0.029767 -0.066209 -0.001113 0.035639 0.997168
1341845846.385823 -0.147658 0.484270 0.028448 -0.067236 -0.001476 0.037444 0.997033
1341845846.417804 -0.145153 0.494240 0.027899 -0.068901 -0.000084 0.036591 0.996952
1341845846.453757 -0.151159 0.492643 0.026888 -0.072871 0.001221 0.039791 0.996547
1341845846.485915 -0.148442 0.496973 0.025666 -0.074898 -0.000285 0.040576 0.996365
1341845846.517804 -0.143620 0.502838 0.024548 -0.076715 0.001825 0.038836 0.996295
1341845846.553866 -0.147502 0.500813 0.022766 -0.082387 0.003399 0.039753 0.995801
1341845846.585802 -0.145234 0.502924 0.022731 -0.083270 0.002148 0.039248 0.995752
1341845846.621952 -0.144847 0.507498 0.020647 -0.084187 0.003782 0.037432 0.995739
1341845846.653735 -0.145272 0.502335 0.020083 -0.088093 0.003740 0.037819 0.995387
1341845846.687048 -0.142158 0.503908 0.020147 -0.088030 0.003892 0.034652 0.995507
1341845846.721930 -0.143233 0.502345 0.017606 -0.088097 0.005961 0.033065 0.995545
1341845846.755684 -0.144677 0.498221 0.015900 -0.088244 0.005832 0.034048 0.995500
1341845846.785987 -0.141014 0.492768 0.017352 -0.087421 0.005298 0.033652 0.995589
1341845846.821760 -0.140191 0.493279 0.016650 -0.085362 0.006883 0.031368 0.995832
1341845846.853756 -0.146535 0.477562 0.016689 -0.086124 0.008083 0.030857 0.995774
1341845846.889724 -0.146030 0.464144 0.016529 -0.082301 0.006674 0.031787 0.996078
1341845846.921756 -0.145355 0.456773 0.016458 -0.079357 0.007127 0.030017 0.996369
1341845846.953776 -0.146808 0.451202 0.016502 -0.076601 0.007653 0.030281 0.996572
1341845846.989607 -0.147359 0.442669 0.016530 -0.072350 0.006008 0.031731 0.996856
1341845847.021791 -0.146772 0.437259 0.016722 -0.067228 0.005107 0.030539 0.997257
1341845847.053671 -0.148441 0.430380 0.016227 -0.065836 0.005003 0.030235 0.997360
1341845847.089677 -0.150779 0.415000 0.018795 -0.066303 0.001980 0.027996 0.997405
1341845847.121825 -0.146716 0.412816 0.014896 -0.058489 -0.000102 0.026379 0.997939
1341845847.157737 -0.142829 0.407707 0.015122 -0.055241 0.000435 0.026511 0.998121
1341845847.189613 -0.143924 0.404180 0.012767 -0.050213 0.001797 0.027539 0.998357
1341845847.221790 -0.141255 0.391583 0.011383 -0.047921 0.003746 0.028505 0.998437
1341845847.257718 -0.140763 0.379656 0.011116 -0.046426 0.005671 0.029478 0.998471
1341845847.289652 -0.139704 0.367058 0.009488 -0.045235 0.005204 0.030945 0.998483
1341845847.321777 -0.137177 0.362798 0.007185 -0.041953 0.005879 0.029117 0.998678
1341845847.357899 -0.138623 0.351838 0.006064 -0.040726 0.007658 0.028277 0.998741
1341845847.390176 -0.137526 0.342441 0.004076 -0.039145 0.007509 0.027281 0.998833
1341845847.425786 -0.135356 0.338091 0.000656 -0.037944 0.008936 0.024819 0.998932
1341845847.489945 -0.137991 0.316819 -0.002057 -0.037414 0.009474 0.026408 0.998906
1341845847.525805 -0.139142 0.309633 -0.006366 -0.037592 0.007968 0.025478 0.998937
1341845847.557741 -0.141394 0.303307 -0.011588 -0.041439 0.006615 0.019974 0.998919
1341845847.593782 -0.135148 0.288414 -0.008873 -0.045424 0.003640 0.017630 0.998806
1341845847.625656 -0.132314 0.277536 -0.012813 -0.041843 0.003111 0.019037 0.998938
1341845847.657670 -0.133405 0.270069 -0.017563 -0.039925 0.003405 0.021232 0.998971
1341845847.693751 -0.130742 0.263402 -0.021264 -0.039272 0.003436 0.021607 0.998989
1341845847.725684 -0.130038 0.257761 -0.024596 -0.038740 0.004759 0.021093 0.999015
1341845847.757787 -0.131635 0.243885 -0.025603 -0.038478 0.005020 0.025308 0.998926
1341845847.793826 -0.135730 0.236697 -0.030991 -0.037931 0.003907 0.027228 0.998902
1341845847.825684 -0.130947 0.232013 -0.030261 -0.038556 0.002577 0.026023 0.998914
1341845847.861928 -0.135323 0.226081 -0.032385 -0.038323 0.002475 0.026832 0.998902
1341845847.893697 -0.135401 0.218125 -0.033063 -0.038231 -0.000443 0.031155 0.998783
1341845847.925644 -0.126655 0.228283 -0.034833 -0.032519 -0.003980 0.033032 0.998917
1341845847.961946 -0.129676 0.218829 -0.036070 -0.034088 -0.002213 0.031876 0.998908
1341845847.993685 -0.133647 0.199743 -0.038641 -0.035890 -0.002645 0.034540 0.998755
1341845848.025620 -0.126958 0.197709 -0.039191 -0.035114 -0.004964 0.035812 0.998729
1341845848.061715 -0.128333 0.190471 -0.040167 -0.034321 -0.004455 0.036083 0.998749
1341845848.093689 -0.131731 0.185674 -0.044175 -0.034856 -0.005361 0.036553 0.998709
1341845848.132119 -0.129613 0.176398 -0.043706 -0.035965 -0.008387 0.036121 0.998665
1341845848.167711 -0.117602 0.175847 -0.044952 -0.034878 -0.010410 0.033701 0.998769
1341845848.200502 -0.128565 0.165006 -0.046844 -0.036412 -0.007866 0.032580 0.998775
1341845848.232265 -0.127861 0.158095 -0.047332 -0.036926 -0.010032 0.033713 0.998699
1341845848.267873 -0.119959 0.153164 -0.048829 -0.035516 -0.011437 0.034050 0.998723
1341845848.301135 -0.122260 0.152495 -0.054852 -0.035813 -0.010225 0.033869 0.998732
1341845848.335735 -0.129902 0.145355 -0.057947 -0.040298 -0.010750 0.034791 0.998524
1341845848.367757 -0.118745 0.135555 -0.056153 -0.042269 -0.014200 0.033654 0.998438
1341845848.399644 -0.123427 0.132501 -0.060375 -0.042246 -0.013874 0.033062 0.998464
1341845848.435802 -0.129562 0.127002 -0.064302 -0.043145 -0.017386 0.035283 0.998294
1341845848.467705 -0.108174 0.125093 -0.067191 -0.043988 -0.021221 0.033953 0.998229
1341845848.503759 -0.114543 0.120757 -0.065207 -0.044912 -0.016574 0.032213 0.998334
1341845848.536036 -0.122908 0.113590 -0.065766 -0.045761 -0.016123 0.034314 0.998233
1341845848.567958 -0.116837 0.110411 -0.068055 -0.045286 -0.018644 0.036189 0.998144
1341845848.603657 -0.114698 0.106582 -0.069201 -0.045990 -0.018142 0.035193 0.998157
1341845848.635797 -0.121002 0.099857 -0.069643 -0.046863 -0.017827 0.035258 0.998120
1341845848.671815 -0.118782 0.084266 -0.067975 -0.047069 -0.019607 0.036606 0.998028
1341845848.703677 -0.113591 0.080334 -0.069888 -0.041744 -0.019197 0.037380 0.998244
1341845848.735781 -0.115340 0.077942 -0.071315 -0.038227 -0.017636 0.039515 0.998332
1341845848.771647 -0.117336 0.074024 -0.072514 -0.036228 -0.017325 0.042182 0.998303
1341845848.803783 -0.109269 0.073000 -0.076517 -0.034060 -0.016969 0.042888 0.998355
1341845848.839757 -0.107878 0.078859 -0.080944 -0.034377 -0.013995 0.041276 0.998458
1341845848.871829 -0.109178 0.073141 -0.072985 -0.039847 -0.011293 0.038375 0.998405
1341845848.903622 -0.097988 0.046857 -0.065876 -0.040770 -0.008914 0.038246 0.998396
1341845848.940608 -0.096560 0.043722 -0.061623 -0.032370 -0.003094 0.041951 0.998590
1341845848.972843 -0.101063 0.048544 -0.061773 -0.025152 0.001975 0.043868 0.998719
1341845849.008613 -0.100372 0.049085 -0.059730 -0.023633 0.004174 0.041443 0.998853
1341845849.072005 -0.111293 0.054551 -0.048048 -0.020328 0.009781 0.040142 0.998939
1341845849.133777 -0.085272 0.051880 -0.049310 -0.022606 0.011966 0.034826 0.999066
1341845849.165908 -0.098573 0.056356 -0.027974 -0.021714 0.018339 0.035423 0.998968
1341845849.201651 -0.100949 0.055408 -0.022128 -0.019573 0.018548 0.037522 0.998932
1341845849.233648 -0.095542 0.059879 -0.016963 -0.018489 0.018829 0.036917 0.998970
1341845849.265690 -0.099291 0.064230 -0.010117 -0.019639 0.021832 0.034500 0.998973
1341845849.301701 -0.106173 0.062835 -0.002018 -0.021925 0.022396 0.034311 0.998920
1341845849.333730 -0.105229 0.063922 0.006948 -0.022442 0.020342 0.034304 0.998952
1341845849.369727 -0.105493 0.065711 0.015103 -0.023669 0.019795 0.033429 0.998965
1341845849.401811 -0.107178 0.061133 0.027009 -0.024076 0.019112 0.033643 0.998961
1341845849.433692 -0.103389 0.065617 0.032040 -0.022226 0.018867 0.033233 0.999022
1341845849.469648 -0.109979 0.065906 0.041661 -0.023447 0.020035 0.033115 0.998976
1341845849.501641 -0.107006 0.064627 0.050816 -0.024021 0.018590 0.033661 0.998972
1341845849.533689 -0.106903 0.064919 0.060006 -0.023690 0.019652 0.032905 0.998984
1341845849.569780 -0.112274 0.070287 0.068210 -0.024553 0.020779 0.031745 0.998978
1341845849.601759 -0.107047 0.065330 0.080165 -0.027045 0.020383 0.031964 0.998915
1341845849.637837 -0.107096 0.064431 0.089573 -0.025904 0.022873 0.031900 0.998894
1341845849.669719 -0.110296 0.066387 0.098164 -0.025427 0.024949 0.031906 0.998856
1341845849.701927 -0.108324 0.066961 0.106588 -0.025970 0.026476 0.030974 0.998832
1341845849.737804 -0.109336 0.065612 0.119161 -0.026362 0.029653 0.030023 0.998761
1341845849.769688 -0.119947 0.067207 0.128349 -0.026215 0.031831 0.030397 0.998687
1341845849.805874 -0.120708 0.065678 0.139140 -0.026574 0.029811 0.031304 0.998712
1341845849.838002 -0.113416 0.069684 0.146642 -0.026487 0.028462 0.029269 0.998815
1341845849.873756 -0.117694 0.071211 0.156138 -0.028992 0.030774 0.026512 0.998754
1341845849.905773 -0.120272 0.067817 0.167753 -0.030290 0.030303 0.027371 0.998707
1341845849.942380 -0.108231 0.066267 0.174856 -0.029092 0.029140 0.027513 0.998773
1341845849.969808 -0.115356 0.071349 0.182451 -0.028945 0.033444 0.025505 0.998696
1341845850.006040 -0.121267 0.069337 0.191870 -0.030271 0.034099 0.024448 0.998661
1341845850.038041 -0.118924 0.067782 0.200085 -0.030793 0.032894 0.022850 0.998723
1341845850.073843 -0.117751 0.066059 0.208245 -0.029768 0.033287 0.022286 0.998754
1341845850.137727 -0.130017 0.070855 0.220953 -0.031434 0.033278 0.018424 0.998782
1341845850.173748 -0.127008 0.068904 0.230139 -0.033140 0.030171 0.017330 0.998845
1341845850.205888 -0.126254 0.069040 0.238257 -0.033299 0.028830 0.017496 0.998876
1341845850.242190 -0.129982 0.070395 0.245683 -0.033698 0.028019 0.018057 0.998876
1341845850.276369 -0.126157 0.069495 0.254347 -0.034649 0.025522 0.017295 0.998924
1341845850.311979 -0.128390 0.070803 0.261555 -0.035139 0.025027 0.015521 0.998948
1341845850.343827 -0.128011 0.072494 0.268752 -0.037247 0.023297 0.014233 0.998933
1341845850.380151 -0.124130 0.067478 0.278311 -0.039250 0.022422 0.013569 0.998886
1341845850.412359 -0.121875 0.067523 0.285558 -0.038018 0.023151 0.014249 0.998907
1341845850.447279 -0.122797 0.068432 0.291804 -0.037623 0.024904 0.016556 0.998844
1341845850.511722 -0.115076 0.066680 0.306002 -0.033702 0.026694 0.021915 0.998835
1341845850.573894 -0.117024 0.064189 0.319632 -0.032398 0.029386 0.022686 0.998785
1341845850.609794 -0.117155 0.067569 0.323759 -0.030154 0.029849 0.022598 0.998844
1341845850.641744 -0.118657 0.065577 0.330470 -0.030646 0.029351 0.021746 0.998863
1341845850.673755 -0.110597 0.064812 0.335760 -0.028909 0.027890 0.020443 0.998984
1341845850.709784 -0.114111 0.066787 0.341408 -0.028405 0.030470 0.019410 0.998943
1341845850.741802 -0.119556 0.064878 0.348529 -0.027737 0.030398 0.020629 0.998940
1341845850.777740 -0.111425 0.067446 0.353148 -0.027099 0.028049 0.021095 0.999016
1341845850.841900 -0.115389 0.072216 0.364546 -0.026325 0.029075 0.020661 0.999017
1341845850.877766 -0.110639 0.071036 0.371089 -0.027660 0.027501 0.020127 0.999036
1341845850.909781 -0.107567 0.074104 0.376691 -0.027589 0.027952 0.019913 0.999030
1341845850.941758 -0.112335 0.074639 0.383730 -0.028924 0.029584 0.020339 0.998937
1341845850.977762 -0.114491 0.073626 0.391127 -0.029313 0.029177 0.022601 0.998889
1341845851.009834 -0.109604 0.078496 0.395734 -0.028598 0.027537 0.025014 0.998898
1341845851.045751 -0.108492 0.078517 0.402170 -0.030361 0.028023 0.026351 0.998799
1341845851.077894 -0.109248 0.074406 0.409860 -0.030058 0.028760 0.028535 0.998727
1341845851.109747 -0.110646 0.082036 0.414113 -0.028309 0.028584 0.029302 0.998761
1341845851.145889 -0.108242 0.085041 0.419350 -0.031070 0.026643 0.027139 0.998793
1341845851.177904 -0.100716 0.084206 0.425619 -0.032956 0.026103 0.024481 0.998816
1341845851.209882 -0.113494 0.087707 0.432275 -0.034081 0.029109 0.022266 0.998747
1341845851.251733 -0.112222 0.085519 0.439108 -0.036571 0.025181 0.021711 0.998778
1341845851.313813 -0.108642 0.085910 0.446961 -0.033738 0.027476 0.021728 0.998817
1341845851.345834 -0.117207 0.083792 0.453368 -0.032926 0.026879 0.024542 0.998795
1341845851.377718 -0.111136 0.087283 0.455948 -0.030142 0.023456 0.027109 0.998903
1341845851.413805 -0.110373 0.094618 0.457275 -0.029657 0.023004 0.026736 0.998938
1341845851.445896 -0.119564 0.093018 0.463700 -0.033318 0.022392 0.024457 0.998895
1341845851.478163 -0.114502 0.094346 0.467876 -0.033157 0.017905 0.025480 0.998965
1341845851.514640 -0.106350 0.100607 0.469414 -0.034103 0.016459 0.025873 0.998948
1341845851.546201 -0.113498 0.099808 0.474784 -0.037017 0.018738 0.026148 0.998797
1341845851.581975 -0.110802 0.094561 0.479547 -0.038189 0.018365 0.030307 0.998642
1341845851.616214 -0.110798 0.098545 0.481220 -0.034703 0.019673 0.035505 0.998573
1341845851.681977 -0.107561 0.095628 0.488962 -0.036731 0.017017 0.037090 0.998492
1341845851.714139 -0.110432 0.100768 0.491562 -0.034444 0.018564 0.037277 0.998539
1341845851.745927 -0.113729 0.102874 0.496060 -0.034927 0.016795 0.038277 0.998515
1341845851.781911 -0.103379 0.101454 0.498789 -0.035795 0.013156 0.037168 0.998581
1341845851.813848 -0.099504 0.099937 0.501045 -0.035264 0.014213 0.034945 0.998666
1341845851.849910 -0.107262 0.099556 0.503223 -0.035501 0.015831 0.033245 0.998691
1341845851.881832 -0.095967 0.086305 0.503753 -0.034655 0.013050 0.032085 0.998799
1341845851.913735 -0.087968 0.101903 0.501242 -0.028129 0.014409 0.028599 0.999091
1341845851.949904 -0.095991 0.094482 0.502785 -0.031983 0.017111 0.025728 0.999011
1341845851.982005 -0.087365 0.089817 0.499155 -0.030076 0.016444 0.022833 0.999151
1341845852.017909 -0.086080 0.095620 0.498433 -0.027936 0.018967 0.022133 0.999185
1341845852.050012 -0.079879 0.099978 0.495895 -0.027726 0.019971 0.020450 0.999207
1341845852.082035 -0.081731 0.092094 0.491486 -0.029506 0.024010 0.018681 0.999102
1341845852.121076 -0.079196 0.093128 0.487049 -0.028164 0.026639 0.019309 0.999062
1341845852.163838 -0.077312 0.090637 0.483495 -0.029924 0.029766 0.020100 0.998907
1341845852.190660 -0.081218 0.086905 0.482838 -0.029214 0.033592 0.021791 0.998771
1341845852.223981 -0.083433 0.084701 0.481575 -0.029785 0.034262 0.022453 0.998717
1341845852.286726 -0.085712 0.087735 0.472108 -0.027642 0.033902 0.023865 0.998758
1341845852.349834 -0.083161 0.082846 0.463918 -0.030025 0.030070 0.026687 0.998740
1341845852.385657 -0.091469 0.081410 0.460547 -0.029785 0.029868 0.029158 0.998684
1341845852.417731 -0.085314 0.083573 0.452262 -0.031072 0.025456 0.029337 0.998762
1341845852.449741 -0.086036 0.076865 0.447233 -0.033105 0.025917 0.027759 0.998730
1341845852.485861 -0.091547 0.080173 0.440432 -0.032955 0.025331 0.026127 0.998794
1341845852.517876 -0.093915 0.076329 0.434929 -0.036238 0.023306 0.024698 0.998766
1341845852.553887 -0.094441 0.072630 0.429156 -0.034737 0.021906 0.027901 0.998767
1341845852.617891 -0.100864 0.070839 0.413795 -0.036518 0.018703 0.029008 0.998737
1341845852.653840 -0.097697 0.073859 0.403808 -0.036004 0.017061 0.028468 0.998800
1341845852.685926 -0.105983 0.071675 0.396747 -0.037411 0.018905 0.027633 0.998739
1341845852.717821 -0.111503 0.070107 0.389289 -0.037737 0.017858 0.030905 0.998650
1341845852.753958 -0.100115 0.074065 0.378990 -0.036522 0.015589 0.033542 0.998648
1341845852.785766 -0.106837 0.074376 0.371184 -0.038389 0.019400 0.033067 0.998527
1341845852.822784 -0.112996 0.070742 0.364306 -0.038485 0.019492 0.034867 0.998460
1341845852.885924 -0.110124 0.069968 0.346914 -0.039621 0.021090 0.033995 0.998414
1341845852.921581 -0.115069 0.072016 0.338731 -0.038731 0.021935 0.033836 0.998436
1341845852.953977 -0.108235 0.065009 0.332666 -0.038620 0.021985 0.033260 0.998458
1341845852.989721 -0.117095 0.075483 0.322999 -0.034399 0.025192 0.031819 0.998584
1341845853.021716 -0.126746 0.075344 0.314409 -0.038783 0.023307 0.028907 0.998557
1341845853.053750 -0.124087 0.071236 0.310117 -0.038576 0.020947 0.028949 0.998617
1341845853.089814 -0.125674 0.081234 0.300246 -0.037365 0.020598 0.028505 0.998683
1341845853.121864 -0.129861 0.071329 0.294818 -0.041842 0.019735 0.027463 0.998552
1341845853.159690 -0.127907 0.068890 0.287920 -0.039862 0.019213 0.028762 0.998606
1341845853.195824 -0.134446 0.072099 0.278705 -0.037675 0.020053 0.029595 0.998650
1341845853.227731 -0.134486 0.071799 0.269979 -0.038769 0.018907 0.029072 0.998646
1341845853.263703 -0.131779 0.064360 0.263535 -0.038550 0.019101 0.028609 0.998664
1341845853.296490 -0.139066 0.066428 0.253843 -0.035655 0.021231 0.028440 0.998734
1341845853.327753 -0.145147 0.067761 0.244681 -0.034556 0.020175 0.028945 0.998780
1341845853.363891 -0.135547 0.063552 0.237267 -0.034185 0.017739 0.029988 0.998808
1341845853.395726 -0.136965 0.067820 0.225416 -0.031630 0.020086 0.028731 0.998885
1341845853.463774 -0.147311 0.063006 0.210485 -0.032421 0.019314 0.027987 0.998896
1341845853.525799 -0.156778 0.066211 0.192005 -0.033702 0.020363 0.024997 0.998912
1341845853.557770 -0.155803 0.063128 0.184540 -0.033265 0.017888 0.026173 0.998944
1341845853.589705 -0.154845 0.066140 0.175169 -0.032233 0.017569 0.026341 0.998979
1341845853.625908 -0.161975 0.067223 0.165963 -0.032235 0.017941 0.026569 0.998966
1341845853.657783 -0.160650 0.065811 0.158003 -0.032665 0.016385 0.027740 0.998947
1341845853.689930 -0.157949 0.065093 0.148481 -0.030775 0.016746 0.029056 0.998964
1341845853.725779 -0.163325 0.068459 0.137762 -0.029684 0.018504 0.029397 0.998956
1341845853.757962 -0.167086 0.064729 0.131089 -0.030022 0.019320 0.031431 0.998868
1341845853.793750 -0.166780 0.065796 0.120884 -0.027624 0.019179 0.033326 0.998879
1341845853.825783 -0.169237 0.069565 0.111461 -0.027319 0.019451 0.032177 0.998919
1341845853.857700 -0.176187 0.066263 0.105571 -0.028185 0.019413 0.031393 0.998921
1341845853.893805 -0.177206 0.066729 0.096720 -0.026884 0.017148 0.030275 0.999033
1341845853.925836 -0.175360 0.071755 0.087104 -0.028361 0.016012 0.025467 0.999145
1341845853.957735 -0.176575 0.067289 0.083886 -0.030777 0.017378 0.022492 0.999122
1341845853.993852 -0.184252 0.063853 0.078186 -0.028879 0.018128 0.025637 0.999090
1341845854.025830 -0.180768 0.071368 0.069076 -0.026185 0.016136 0.027014 0.999162
1341845854.061903 -0.178507 0.076868 0.063456 -0.028952 0.017042 0.022355 0.999185
1341845854.093760 -0.187501 0.067639 0.060785 -0.031104 0.019007 0.020590 0.999123
1341845854.125736 -0.197504 0.072674 0.054932 -0.028378 0.017243 0.021440 0.999219
1341845854.161837 -0.185097 0.079803 0.045491 -0.028242 0.012705 0.021217 0.999295
1341845854.193844 -0.181095 0.083173 0.039820 -0.030826 0.014357 0.019001 0.999241
1341845854.229884 -0.193773 0.081612 0.038401 -0.032327 0.016637 0.020853 0.999121
1341845854.261692 -0.193950 0.083987 0.030889 -0.032110 0.014381 0.025581 0.999053
1341845854.293781 -0.187494 0.085293 0.024522 -0.032681 0.013969 0.028413 0.998964
1341845854.330249 -0.190357 0.089644 0.016764 -0.033854 0.016235 0.028213 0.998897
1341845854.361687 -0.198771 0.088207 0.015613 -0.037013 0.017292 0.028817 0.998750
1341845854.393726 -0.195501 0.083743 0.011615 -0.036846 0.015563 0.031761 0.998695
1341845854.429762 -0.185238 0.088689 0.000801 -0.036012 0.016230 0.031268 0.998730
1341845854.462072 -0.194048 0.086185 0.004008 -0.038109 0.020455 0.030465 0.998600
1341845854.497796 -0.197955 0.077422 0.000939 -0.035620 0.021405 0.034367 0.998545
1341845854.529719 -0.193435 0.086700 -0.005685 -0.032213 0.021034 0.034802 0.998653
1341845854.561884 -0.196881 0.086076 -0.007179 -0.034451 0.022777 0.031249 0.998658
1341845854.597860 -0.200784 0.083660 -0.007407 -0.034965 0.021599 0.027015 0.998790
1341845854.629736 -0.199561 0.084239 -0.011256 -0.034846 0.019575 0.024064 0.998911
1341845854.662835 -0.199028 0.082546 -0.012502 -0.035461 0.019514 0.022739 0.998922
1341845854.697815 -0.199754 0.079195 -0.013959 -0.034515 0.019481 0.023766 0.998932
1341845854.729806 -0.201092 0.077541 -0.017903 -0.032056 0.019075 0.024757 0.998997
1341845854.765688 -0.196125 0.082262 -0.023719 -0.029940 0.017414 0.023203 0.999131
1341845854.797997 -0.194890 0.081073 -0.028588 -0.030549 0.018471 0.020603 0.999150
1341845854.829779 -0.203471 0.078446 -0.033865 -0.030742 0.018979 0.019904 0.999149
1341845854.865670 -0.197809 0.077607 -0.040289 -0.030165 0.015895 0.018358 0.999250
1341845854.897712 -0.187712 0.083292 -0.051689 -0.030865 0.015640 0.015848 0.999276
1341845854.930302 -0.193187 0.078013 -0.052963 -0.032877 0.018459 0.016257 0.999157
1341845854.965801 -0.198049 0.077131 -0.061163 -0.032093 0.018593 0.018801 0.999135
1341845854.997629 -0.191713 0.081081 -0.070217 -0.032284 0.017399 0.019544 0.999136
1341845855.033841 -0.191159 0.080792 -0.073016 -0.033426 0.019414 0.020061 0.999051
1341845855.065777 -0.204525 0.079733 -0.076810 -0.032869 0.020779 0.022571 0.998989
1341845855.097795 -0.207807 0.083961 -0.088914 -0.032877 0.017152 0.024607 0.999009
1341845855.133841 -0.198985 0.083289 -0.092087 -0.034818 0.013894 0.024173 0.999005
1341845855.165831 -0.206287 0.083358 -0.094476 -0.035809 0.014247 0.022471 0.999004
1341845855.201780 -0.217253 0.082185 -0.097802 -0.036523 0.011503 0.023192 0.998997
1341845855.233747 -0.206666 0.082701 -0.104037 -0.037340 0.005983 0.023597 0.999006
1341845855.265823 -0.205028 0.079115 -0.103080 -0.037659 0.006166 0.023006 0.999007
1341845855.301716 -0.210739 0.076428 -0.107155 -0.035697 0.006836 0.025100 0.999024
1341845855.333726 -0.213349 0.076600 -0.113009 -0.033077 0.005443 0.029423 0.999005
1341845855.365773 -0.211976 0.079653 -0.119062 -0.031954 0.003616 0.032350 0.998959
1341845855.401892 -0.207344 0.077920 -0.120396 -0.032357 0.003422 0.033206 0.998919
1341845855.433652 -0.215361 0.074385 -0.125692 -0.030893 0.004452 0.034997 0.998900
1341845855.469817 -0.218773 0.075614 -0.131991 -0.029371 0.002581 0.037136 0.998875
1341845855.502750 -0.214460 0.075135 -0.135536 -0.029052 0.000257 0.037474 0.998875
1341845855.533846 -0.207687 0.076046 -0.141078 -0.028225 -0.000140 0.034181 0.999017
1341845855.569986 -0.214686 0.074305 -0.144117 -0.028520 0.000941 0.031716 0.999089
1341845855.601707 -0.218883 0.067549 -0.144979 -0.027631 -0.000488 0.031737 0.999114
1341845855.633953 -0.214424 0.071180 -0.150564 -0.024621 -0.002449 0.030600 0.999225
1341845855.669628 -0.216206 0.076153 -0.156220 -0.025048 -0.002333 0.027114 0.999316
1341845855.701786 -0.224891 0.069628 -0.152846 -0.027448 -0.002994 0.025385 0.999296
1341845855.737762 -0.219496 0.067298 -0.154548 -0.025308 -0.005921 0.026623 0.999308
1341845855.769674 -0.226404 0.070957 -0.160077 -0.024275 -0.006752 0.027210 0.999312
1341845855.802152 -0.220820 0.071511 -0.163172 -0.025213 -0.009507 0.026578 0.999284
1341845855.837801 -0.220386 0.065828 -0.162160 -0.026193 -0.009635 0.024678 0.999306
1341845855.869788 -0.219059 0.066992 -0.166571 -0.024447 -0.009598 0.024950 0.999344
1341845855.901958 -0.219591 0.068518 -0.170618 -0.024167 -0.009514 0.025895 0.999327
1341845855.937711 -0.216359 0.065234 -0.172829 -0.024456 -0.010012 0.026185 0.999308
1341845855.969840 -0.214308 0.064900 -0.177046 -0.023600 -0.008742 0.026113 0.999342
1341845856.038077 -0.215019 0.065039 -0.181879 -0.023485 -0.007166 0.029905 0.999251
1341845856.069815 -0.214053 0.070706 -0.189152 -0.021644 -0.006454 0.032265 0.999224
1341845856.105773 -0.215705 0.077770 -0.194468 -0.023780 -0.006054 0.033525 0.999137
1341845856.137725 -0.217346 0.073558 -0.195325 -0.026912 -0.006742 0.034628 0.999015
1341845856.169966 -0.211262 0.081352 -0.199428 -0.027820 -0.007101 0.034421 0.998995
1341845856.205833 -0.213202 0.080964 -0.201567 -0.031692 -0.005442 0.034748 0.998879
1341845856.237587 -0.217294 0.076972 -0.204448 -0.032942 -0.005692 0.036844 0.998762
1341845856.273683 -0.212427 0.081911 -0.207175 -0.033126 -0.006402 0.036953 0.998747
1341845856.305723 -0.213131 0.080553 -0.210020 -0.034104 -0.004819 0.037624 0.998698
1341845856.337653 -0.217369 0.079574 -0.213499 -0.034940 -0.004067 0.038723 0.998631
1341845856.373714 -0.219968 0.075379 -0.215920 -0.034404 -0.004871 0.040167 0.998589
1341845856.405678 -0.217984 0.079702 -0.219648 -0.032996 -0.006093 0.040599 0.998612
1341845856.441799 -0.217856 0.080820 -0.222342 -0.034239 -0.006100 0.038335 0.998660
1341845856.473680 -0.221958 0.078233 -0.224435 -0.034935 -0.006368 0.036916 0.998687
1341845856.505768 -0.218904 0.080504 -0.226266 -0.034156 -0.008568 0.036637 0.998708
1341845856.541718 -0.213482 0.085902 -0.227657 -0.035318 -0.008099 0.034585 0.998745
1341845856.573678 -0.221679 0.077037 -0.227897 -0.037309 -0.005594 0.034968 0.998676
1341845856.605758 -0.223195 0.078529 -0.230717 -0.035711 -0.006856 0.037460 0.998636
1341845856.641782 -0.215964 0.076246 -0.231058 -0.035289 -0.007468 0.038682 0.998600
1341845856.673977 -0.215493 0.082160 -0.235435 -0.033955 -0.004874 0.037683 0.998701
1341845856.709876 -0.225998 0.080053 -0.234666 -0.036307 -0.003583 0.038416 0.998596
1341845856.741736 -0.222479 0.071964 -0.232860 -0.034845 -0.006144 0.041015 0.998532
1341845856.773960 -0.213192 0.083873 -0.240809 -0.031748 -0.005690 0.040154 0.998673
1341845856.809797 -0.226029 0.083775 -0.241418 -0.035637 -0.002735 0.037635 0.998652
1341845856.841746 -0.224216 0.079723 -0.240722 -0.036747 -0.005102 0.037771 0.998597
1341845856.873762 -0.218156 0.085069 -0.243376 -0.036772 -0.005671 0.037561 0.998601
1341845856.915904 -0.220296 0.086658 -0.245153 -0.038986 -0.004377 0.036595 0.998560
1341845856.977900 -0.219828 0.084086 -0.246042 -0.041987 -0.003581 0.038106 0.998385
1341845857.009735 -0.218733 0.084323 -0.247926 -0.041331 -0.003665 0.041097 0.998293
1341845857.041737 -0.215583 0.083806 -0.250268 -0.040263 -0.003408 0.043242 0.998247
1341845857.077896 -0.215986 0.085477 -0.255897 -0.039320 -0.002322 0.043470 0.998278
1341845857.109633 -0.217479 0.087811 -0.260877 -0.040281 -0.002275 0.041993 0.998303
1341845857.141583 -0.213991 0.085329 -0.262454 -0.042055 -0.002632 0.039766 0.998320
1341845857.178255 -0.209557 0.083151 -0.266956 -0.042189 -0.001182 0.036179 0.998454
1341845857.209846 -0.212929 0.085400 -0.272417 -0.042731 0.000862 0.033945 0.998509
1341845857.245767 -0.215856 0.078725 -0.272911 -0.043816 0.000597 0.033530 0.998477
1341845857.277737 -0.210135 0.078741 -0.277755 -0.042368 0.000412 0.032549 0.998572
1341845857.309994 -0.211196 0.078922 -0.281641 -0.041303 0.001606 0.031911 0.998636
1341845857.345862 -0.212230 0.082015 -0.286283 -0.041363 0.001740 0.031219 0.998655
1341845857.377787 -0.213092 0.073537 -0.285748 -0.042139 0.001773 0.030349 0.998649
1341845857.413693 -0.214495 0.079868 -0.291962 -0.040239 0.001628 0.031036 0.998707
1341845857.445790 -0.215635 0.081318 -0.293153 -0.042171 0.000665 0.031374 0.998617
1341845857.477853 -0.211970 0.075391 -0.291666 -0.043029 -0.000932 0.031916 0.998563
1341845857.513902 -0.208171 0.079934 -0.295398 -0.041672 -0.000467 0.030401 0.998669
1341845857.545992 -0.210650 0.076416 -0.294472 -0.042976 0.000431 0.030180 0.998620
1341845857.613882 -0.200578 0.071035 -0.296966 -0.040170 0.001636 0.031899 0.998682
1341845857.646056 -0.199563 0.071773 -0.298502 -0.038382 0.004155 0.033289 0.998700
1341845857.681834 -0.195539 0.070585 -0.300584 -0.037623 0.005719 0.035396 0.998649
1341845857.713765 -0.184798 0.066215 -0.302283 -0.035932 0.008208 0.034852 0.998713
1341845857.745825 -0.190314 0.064389 -0.307240 -0.033612 0.012397 0.035109 0.998741
1341845857.781799 -0.188473 0.065344 -0.314151 -0.032354 0.012861 0.035459 0.998764
1341845857.813817 -0.180170 0.064160 -0.320760 -0.033024 0.013616 0.034289 0.998773
1341845857.846046 -0.180613 0.061871 -0.322828 -0.033181 0.015920 0.034098 0.998741
1341845857.881939 -0.178414 0.066835 -0.340112 -0.033549 0.016191 0.034180 0.998721
1341845857.913666 -0.176498 0.066825 -0.343311 -0.037973 0.015495 0.032041 0.998645
1341845857.949845 -0.177321 0.066089 -0.346258 -0.041073 0.014015 0.030679 0.998587
1341845857.982166 -0.176044 0.065275 -0.348884 -0.043264 0.011500 0.030680 0.998526
1341845858.013803 -0.173949 0.064588 -0.351485 -0.044868 0.008853 0.032242 0.998433
1341845858.050247 -0.171212 0.066551 -0.354515 -0.045298 0.007158 0.033054 0.998401
1341845858.081715 -0.173716 0.072497 -0.358479 -0.047845 0.007000 0.032237 0.998310
1341845858.113782 -0.173269 0.071128 -0.358590 -0.052250 0.005182 0.032263 0.998099
1341845858.149725 -0.173475 0.072494 -0.362170 -0.054816 0.004253 0.032687 0.997952
1341845858.181831 -0.173207 0.071174 -0.362044 -0.057821 0.003691 0.034094 0.997738
1341845858.217730 -0.175016 0.069557 -0.363983 -0.058215 0.001402 0.036235 0.997645
1341845858.281842 -0.169890 0.071398 -0.368129 -0.061323 0.001423 0.031052 0.997634
1341845858.317768 -0.175413 0.069904 -0.367244 -0.060924 -0.000132 0.031013 0.997661
1341845858.349904 -0.170847 0.071896 -0.371619 -0.060464 -0.003181 0.031103 0.997681
1341845858.381855 -0.162066 0.073621 -0.373487 -0.060642 -0.003420 0.029617 0.997714
1341845858.417827 -0.167469 0.068330 -0.372366 -0.060793 -0.001105 0.028944 0.997730
1341845858.449872 -0.172206 0.068267 -0.375732 -0.058654 -0.001799 0.029343 0.997845
1341845858.485842 -0.168917 0.071350 -0.378894 -0.058381 -0.003152 0.027922 0.997899
1341845858.517682 -0.169419 0.068177 -0.377927 -0.058874 -0.003466 0.025889 0.997924
1341845858.549803 -0.170473 0.066845 -0.378973 -0.058102 -0.004161 0.025304 0.997981
1341845858.585823 -0.168760 0.067847 -0.382184 -0.057318 -0.005568 0.025278 0.998020
1341845858.618138 -0.161759 0.073018 -0.386832 -0.057864 -0.005758 0.023123 0.998040
1341845858.654134 -0.167917 0.067322 -0.385236 -0.059971 -0.003814 0.022578 0.997937
1341845858.685756 -0.168780 0.067083 -0.387503 -0.059801 -0.005238 0.025049 0.997882
1341845858.717690 -0.160033 0.068157 -0.390182 -0.059635 -0.006012 0.024992 0.997889
1341845858.753674 -0.158787 0.074631 -0.395458 -0.060376 -0.003516 0.022894 0.997907
1341845858.785618 -0.165080 0.069607 -0.393632 -0.064121 -0.001884 0.023155 0.997672
1341845858.817756 -0.164946 0.062085 -0.391865 -0.063972 -0.002704 0.025044 0.997634
1341845858.853864 -0.158658 0.067937 -0.397637 -0.061875 -0.002670 0.025002 0.997767
1341845858.885702 -0.162465 0.068086 -0.399520 -0.063970 -0.000559 0.022114 0.997707
1341845858.922000 -0.163601 0.062449 -0.397646 -0.065467 -0.000624 0.021169 0.997630
1341845858.954158 -0.157049 0.060915 -0.399523 -0.064239 -0.001307 0.020786 0.997717
1341845858.985944 -0.154631 0.064596 -0.405578 -0.063692 0.000386 0.020056 0.997768
1341845859.021830 -0.159281 0.066520 -0.407141 -0.066920 0.002164 0.018519 0.997584
1341845859.053720 -0.156910 0.062788 -0.407724 -0.069554 0.001983 0.017669 0.997420
1341845859.085862 -0.154550 0.062454 -0.409865 -0.069874 0.002428 0.018020 0.997390
1341845859.121873 -0.154016 0.065440 -0.413350 -0.071678 0.003433 0.017559 0.997267
1341845859.153800 -0.154181 0.061972 -0.412215 -0.073970 0.004487 0.016479 0.997114
1341845859.189853 -0.153856 0.060262 -0.413884 -0.073795 0.004823 0.016627 0.997123
1341845859.221654 -0.150444 0.061972 -0.416859 -0.074033 0.005112 0.015145 0.997128
1341845859.253689 -0.148150 0.062995 -0.419427 -0.075386 0.006391 0.011457 0.997068
1341845859.289745 -0.149675 0.061931 -0.420795 -0.077519 0.007887 0.008061 0.996927
1341845859.321911 -0.150531 0.056300 -0.419077 -0.078658 0.008280 0.006520 0.996846
1341845859.353758 -0.142413 0.056043 -0.422873 -0.078108 0.008524 0.005351 0.996894
1341845859.389950 -0.143477 0.054186 -0.424530 -0.077860 0.010880 0.005032 0.996892
1341845859.421715 -0.140517 0.053945 -0.427745 -0.077576 0.012075 0.003705 0.996906
1341845859.457807 -0.139180 0.052364 -0.429334 -0.077880 0.014337 0.001606 0.996858
1341845859.489859 -0.140529 0.052212 -0.430338 -0.078147 0.016075 0.001159 0.996812
1341845859.521735 -0.139171 0.048250 -0.426977 -0.078527 0.017121 0.000871 0.996765
1341845859.557712 -0.137611 0.046604 -0.430681 -0.076605 0.018389 0.000603 0.996892
1341845859.589783 -0.136177 0.049788 -0.433998 -0.076436 0.020214 -0.000374 0.996869
1341845859.625646 -0.133304 0.044512 -0.432885 -0.076962 0.022068 -0.001036 0.996789
1341845859.657759 -0.128535 0.043619 -0.437527 -0.076141 0.025309 -0.001292 0.996775
1341845859.689869 -0.134550 0.044629 -0.436624 -0.075959 0.028513 0.000103 0.996703
1341845859.725812 -0.130264 0.039837 -0.436414 -0.073460 0.028106 0.004268 0.996893
1341845859.757824 -0.126142 0.043015 -0.439960 -0.070883 0.029845 0.003700 0.997031
1341845859.789818 -0.130744 0.040398 -0.439433 -0.069781 0.032844 0.003390 0.997016
1341845859.825831 -0.136231 0.036555 -0.434160 -0.066897 0.033052 0.004441 0.997202
1341845859.857647 -0.129145 0.041870 -0.441147 -0.062751 0.032206 0.006124 0.997491
1341845859.893646 -0.126616 0.045171 -0.446067 -0.061915 0.033227 0.005784 0.997511
1341845859.925740 -0.132030 0.044781 -0.443379 -0.062549 0.034128 0.003620 0.997452
1341845859.957775 -0.139563 0.038908 -0.434511 -0.062628 0.033723 0.001263 0.997466
1341845859.993847 -0.135740 0.037875 -0.436099 -0.059439 0.031091 0.000875 0.997747
1341845860.025774 -0.132765 0.041623 -0.444169 -0.057663 0.029788 -0.000622 0.997891
1341845860.057745 -0.138606 0.041603 -0.437308 -0.056411 0.025958 -0.001849 0.998068
1341845860.093794 -0.135814 0.039797 -0.440743 -0.055752 0.021888 -0.002513 0.998202
1341845860.125763 -0.135980 0.035861 -0.436855 -0.054090 0.020041 -0.003643 0.998328
1341845860.161703 -0.143334 0.041584 -0.439427 -0.052062 0.017747 -0.004141 0.998478
1341845860.193724 -0.142314 0.034295 -0.436397 -0.051636 0.012453 -0.006001 0.998570
1341845860.225730 -0.138155 0.031629 -0.438362 -0.048757 0.008735 -0.008617 0.998735
1341845860.261716 -0.139736 0.035028 -0.442436 -0.046516 0.006514 -0.011560 0.998829
1341845860.294553 -0.146305 0.026948 -0.438823 -0.044962 0.002328 -0.013898 0.998889
1341845860.325872 -0.142524 0.031539 -0.440113 -0.040428 -0.002939 -0.013479 0.999087
1341845860.361673 -0.135858 0.029340 -0.450325 -0.039554 -0.005609 -0.014982 0.999089
1341845860.393714 -0.137242 0.025890 -0.453750 -0.037045 -0.008510 -0.015222 0.999161
1341845860.429768 -0.137780 0.032703 -0.460490 -0.035865 -0.011912 -0.016053 0.999157
1341845860.461780 -0.136832 0.031806 -0.455409 -0.036301 -0.015630 -0.016496 0.999083
1341845860.493718 -0.134327 0.032085 -0.455606 -0.035842 -0.017691 -0.015559 0.999080
1341845860.529831 -0.132734 0.034002 -0.461374 -0.035606 -0.019903 -0.014307 0.999065
1341845860.567950 -0.131370 0.038393 -0.461992 -0.036598 -0.021630 -0.014208 0.998995
1341845860.604131 -0.129290 0.036034 -0.462934 -0.038811 -0.022601 -0.016227 0.998859
1341845860.638227 -0.132753 0.036407 -0.459980 -0.040005 -0.022846 -0.016888 0.998795
1341845860.668441 -0.135977 0.034693 -0.458458 -0.040460 -0.024375 -0.015298 0.998767
1341845860.706028 -0.132799 0.032732 -0.459574 -0.039634 -0.026462 -0.013454 0.998773
1341845860.736338 -0.133744 0.042363 -0.463238 -0.039276 -0.027684 -0.011896 0.998774
1341845860.772400 -0.142357 0.038340 -0.461893 -0.041749 -0.030246 -0.011169 0.998608
1341845860.803824 -0.132404 0.041268 -0.463852 -0.042169 -0.034405 -0.010972 0.998458
1341845860.871717 -0.143462 0.038164 -0.458936 -0.045082 -0.036687 -0.011455 0.998244
1341845860.929775 -0.133992 0.040512 -0.463284 -0.045306 -0.040200 -0.013150 0.998077
1341845860.965899 -0.139210 0.035931 -0.459137 -0.046022 -0.040663 -0.014912 0.998001
1341845860.997827 -0.138320 0.036707 -0.457086 -0.044568 -0.042328 -0.014655 0.998002
1341845861.029961 -0.135446 0.037890 -0.459459 -0.042935 -0.043661 -0.013979 0.998025
1341845861.065806 -0.133028 0.041759 -0.461340 -0.043795 -0.043161 -0.015653 0.997985
1341845861.097631 -0.134973 0.032335 -0.457018 -0.044254 -0.042639 -0.016760 0.997969
1341845861.133786 -0.132557 0.038738 -0.458880 -0.042616 -0.042024 -0.017011 0.998062
1341845861.165622 -0.132508 0.041181 -0.458773 -0.043634 -0.040928 -0.017374 0.998058
1341845861.197704 -0.133594 0.033009 -0.453739 -0.044293 -0.039813 -0.017220 0.998076
1341845861.233683 -0.129927 0.036958 -0.455238 -0.042820 -0.038939 -0.017299 0.998174
1341845861.265692 -0.136850 0.035883 -0.451701 -0.042796 -0.037267 -0.016801 0.998247
1341845861.297700 -0.132708 0.036703 -0.455251 -0.042019 -0.038378 -0.014687 0.998271
1341845861.333616 -0.128301 0.037289 -0.454935 -0.043290 -0.037365 -0.015432 0.998244
1341845861.365694 -0.137333 0.030900 -0.449178 -0.043872 -0.035610 -0.015958 0.998275
1341845861.407792 -0.134764 0.035791 -0.451645 -0.041659 -0.037266 -0.014104 0.998337
1341845861.440894 -0.132426 0.032667 -0.448037 -0.042561 -0.037306 -0.013745 0.998303
1341845861.472256 -0.133804 0.029703 -0.448929 -0.041475 -0.036837 -0.014367 0.998357
1341845861.507634 -0.133398 0.035141 -0.450262 -0.040904 -0.037159 -0.015326 0.998354
1341845861.539675 -0.132099 0.028243 -0.446091 -0.041113 -0.037833 -0.015858 0.998312
1341845861.571790 -0.129428 0.032380 -0.449099 -0.039910 -0.037230 -0.016086 0.998380
1341845861.607759 -0.133312 0.032373 -0.445771 -0.040532 -0.036811 -0.016592 0.998362
1341845861.639739 -0.131677 0.027707 -0.439784 -0.040034 -0.037055 -0.016444 0.998376
1341845861.671875 -0.129786 0.029252 -0.441114 -0.038361 -0.036859 -0.015790 0.998459
1341845861.707829 -0.128776 0.023542 -0.438390 -0.037491 -0.037172 -0.016077 0.998476
1341845861.739782 -0.121187 0.027831 -0.442640 -0.035564 -0.037546 -0.019395 0.998474
1341845861.775717 -0.120239 0.031256 -0.439726 -0.036557 -0.035987 -0.024385 0.998386
1341845861.807676 -0.126911 0.024239 -0.433146 -0.037311 -0.035177 -0.025383 0.998362
1341845861.839701 -0.125119 0.027174 -0.435108 -0.035003 -0.036795 -0.023148 0.998441
1341845861.875772 -0.123053 0.027347 -0.435132 -0.034740 -0.038154 -0.022267 0.998420
1341845861.907742 -0.120805 0.026884 -0.433838 -0.034691 -0.038557 -0.021421 0.998424
1341845861.939697 -0.123712 0.024797 -0.431928 -0.034559 -0.038644 -0.020618 0.998442
1341845861.975661 -0.120287 0.025278 -0.433395 -0.033908 -0.040519 -0.021303 0.998376
1341845862.007930 -0.111936 0.027698 -0.433887 -0.034251 -0.040761 -0.022935 0.998318
1341845862.039647 -0.116940 0.019085 -0.429652 -0.034388 -0.038795 -0.022503 0.998402
1341845862.075738 -0.111974 0.021085 -0.429653 -0.031591 -0.038473 -0.020551 0.998549
1341845862.107644 -0.108151 0.021933 -0.436254 -0.029975 -0.036863 -0.021559 0.998638
1341845862.143904 -0.104587 0.028410 -0.437644 -0.031093 -0.033705 -0.024191 0.998655
1341845862.175702 -0.111920 0.026729 -0.433380 -0.033764 -0.031501 -0.024983 0.998621
1341845862.207672 -0.106169 0.028468 -0.436072 -0.035089 -0.031387 -0.026456 0.998541
1341845862.243827 -0.106781 0.033116 -0.433025 -0.038949 -0.028938 -0.028769 0.998408
1341845862.275754 -0.111764 0.028565 -0.429531 -0.042608 -0.028195 -0.027231 0.998323
1341845862.311739 -0.109687 0.026405 -0.427891 -0.042138 -0.029223 -0.023162 0.998416
1341845862.343750 -0.104618 0.025564 -0.429559 -0.041448 -0.028671 -0.019719 0.998535
1341845862.375792 -0.101059 0.024517 -0.429730 -0.040892 -0.026282 -0.017268 0.998669
1341845862.411748 -0.099140 0.023420 -0.427532 -0.039777 -0.023412 -0.015376 0.998816
1341845862.443696 -0.100386 0.023439 -0.425213 -0.037496 -0.020241 -0.011893 0.999021
1341845862.479688 -0.097156 0.022527 -0.427563 -0.035138 -0.018595 -0.009181 0.999167
1341845862.511723 -0.093078 0.028655 -0.434411 -0.033846 -0.015809 -0.009858 0.999253
1341845862.543776 -0.097965 0.028465 -0.428101 -0.035004 -0.013185 -0.010637 0.999244
1341845862.579869 -0.097987 0.026543 -0.427523 -0.034086 -0.012790 -0.009247 0.999294
1341845862.611759 -0.093245 0.027216 -0.433399 -0.033348 -0.011732 -0.008421 0.999339
1341845862.647939 -0.090892 0.030611 -0.434655 -0.033433 -0.009589 -0.009261 0.999352
1341845862.679727 -0.096312 0.028178 -0.428973 -0.034115 -0.007348 -0.009484 0.999346
1341845862.712299 -0.092545 0.028801 -0.433300 -0.032990 -0.007095 -0.008788 0.999392
1341845862.747743 -0.089373 0.028691 -0.434871 -0.033286 -0.005155 -0.010171 0.999381
1341845862.779732 -0.094953 0.024925 -0.430686 -0.032613 -0.002649 -0.011377 0.999400
1341845862.815767 -0.098046 0.027953 -0.432759 -0.030657 -0.002476 -0.011747 0.999458
1341845862.847856 -0.100861 0.028873 -0.433273 -0.030356 -0.002910 -0.012207 0.999460
1341845862.879714 -0.099991 0.027588 -0.434769 -0.029950 -0.003999 -0.012655 0.999463
1341845862.915725 -0.100497 0.029279 -0.435153 -0.029613 -0.005076 -0.012545 0.999470
1341845862.947913 -0.096680 0.023802 -0.434571 -0.029165 -0.005624 -0.012153 0.999485
1341845862.983749 -0.093997 0.027169 -0.441492 -0.027359 -0.004255 -0.011972 0.999545
1341845863.015854 -0.100289 0.032464 -0.439767 -0.027751 -0.002480 -0.012231 0.999537
1341845863.048281 -0.100532 0.026589 -0.436969 -0.028552 -0.003299 -0.012570 0.999508
1341845863.083795 -0.098125 0.029838 -0.441151 -0.027240 -0.003031 -0.013566 0.999532
1341845863.115808 -0.104104 0.032134 -0.439115 -0.028309 -0.002270 -0.014105 0.999497
1341845863.151916 -0.103264 0.026395 -0.438105 -0.028282 -0.003847 -0.013490 0.999502
1341845863.183716 -0.102197 0.028293 -0.443018 -0.027490 -0.004195 -0.013223 0.999526
1341845863.215844 -0.102164 0.028509 -0.443629 -0.027996 -0.003989 -0.013598 0.999508
1341845863.251883 -0.100538 0.030602 -0.443516 -0.028740 -0.003961 -0.013745 0.999485
1341845863.283627 -0.101394 0.028414 -0.440825 -0.029378 -0.003582 -0.013417 0.999472
1341845863.315718 -0.102598 0.030164 -0.442772 -0.028968 -0.003402 -0.012935 0.999491
