# timestamp tx ty tz qx qy qz qw
1305031910.765238 0.000000 0.000000 0.000000 0.000000 0.000000 0.000000 1.000000
1305031910.797230 -0.013527 0.001327 0.000563 0.005129 -0.001350 -0.008402 0.999951
1305031910.835208 -0.020302 -0.003314 0.005447 0.005320 -0.007401 -0.014538 0.999853
1305031910.865025 -0.032014 -0.007261 0.006494 0.006370 -0.012515 -0.022838 0.999641
1305031910.897222 -0.036039 -0.011431 0.013772 0.005861 -0.022564 -0.031596 0.999229
1305031910.935211 -0.033547 -0.021031 0.023628 0.006847 -0.031289 -0.037462 0.998785
1305031910.965249 -0.051015 -0.022145 0.024212 0.013040 -0.032590 -0.042079 0.998497
1305031910.997325 -0.064985 -0.017322 0.022228 0.015426 -0.039833 -0.050776 0.997796
1305031911.035050 -0.076939 -0.024182 0.029138 0.011762 -0.050026 -0.060211 0.996862
1305031911.065269 -0.094027 -0.023810 0.029954 0.012223 -0.064024 -0.070572 0.995375
1305031911.097196 -0.096942 -0.027936 0.039620 0.010170 -0.085078 -0.082480 0.992902
1305031911.135664 -0.096862 -0.033661 0.045556 0.012211 -0.101507 -0.093506 0.990355
1305031911.165177 -0.105342 -0.034480 0.040229 0.016081 -0.113391 -0.101589 0.988212
1305031911.197213 -0.113698 -0.034516 0.043222 0.018446 -0.124797 -0.108293 0.986082
1305031911.235651 -0.124090 -0.038312 0.047598 0.019982 -0.134823 -0.115034 0.983967
1305031911.265104 -0.127622 -0.037898 0.046648 0.021982 -0.146430 -0.123592 0.981224
1305031911.297334 -0.137484 -0.041555 0.052448 0.021853 -0.155080 -0.131052 0.978927
1305031911.333191 -0.142528 -0.044933 0.054371 0.023601 -0.165196 -0.136936 0.976423
1305031911.365235 -0.142082 -0.047753 0.061485 0.026559 -0.174564 -0.143078 0.973833
1305031911.397333 -0.151387 -0.049735 0.064003 0.030804 -0.178541 -0.147822 0.972277
1305031911.433256 -0.160675 -0.046550 0.064587 0.035951 -0.184124 -0.149992 0.970726
1305031911.465250 -0.171390 -0.046378 0.066243 0.037774 -0.190941 -0.150346 0.969284
1305031911.497291 -0.181319 -0.048999 0.066667 0.039044 -0.201399 -0.150759 0.967050
1305031911.533251 -0.185071 -0.049723 0.071564 0.041203 -0.213424 -0.151299 0.964293
1305031911.565335 -0.191295 -0.053849 0.075687 0.042832 -0.223216 -0.150706 0.962095
1305031911.597302 -0.198266 -0.055118 0.076737 0.048165 -0.235668 -0.152499 0.958585
1305031911.633337 -0.195873 -0.050995 0.084172 0.053256 -0.249197 -0.159329 0.953771
1305031911.665124 -0.197684 -0.048102 0.089571 0.056546 -0.259425 -0.167230 0.949492
1305031911.697167 -0.201543 -0.047941 0.091636 0.057182 -0.268392 -0.175137 0.945528
1305031911.733203 -0.203552 -0.044701 0.097280 0.058383 -0.276662 -0.183917 0.941395
1305031911.765284 -0.207828 -0.040089 0.101430 0.058669 -0.282679 -0.192722 0.937821
1305031911.797297 -0.210627 -0.037261 0.105732 0.057808 -0.287764 -0.200124 0.934773
1305031911.833338 -0.221255 -0.034140 0.102423 0.054200 -0.290580 -0.208080 0.932378
1305031911.865269 -0.228087 -0.029104 0.100209 0.050150 -0.297017 -0.213901 0.929254
1305031911.897159 -0.233787 -0.028227 0.102372 0.044206 -0.305442 -0.218810 0.925675
1305031911.933063 -0.237473 -0.027252 0.103170 0.037691 -0.316588 -0.224663 0.920803
1305031911.965140 -0.242831 -0.024863 0.103611 0.030724 -0.330436 -0.230933 0.914625
1305031911.997252 -0.236951 -0.028555 0.103737 0.021220 -0.348782 -0.237409 0.906387
1305031912.033135 -0.242637 -0.021497 0.109435 0.013116 -0.361228 -0.240088 0.900944
1305031912.065365 -0.243138 -0.020719 0.114532 0.006632 -0.372025 -0.241765 0.896160
1305031912.096953 -0.236865 -0.032474 0.123446 -0.000870 -0.382594 -0.247905 0.890036
1305031912.133282 -0.235838 -0.044440 0.132033 -0.004857 -0.390148 -0.257259 0.884069
1305031912.165138 -0.233333 -0.045020 0.134081 -0.000427 -0.396377 -0.268694 0.877889
1305031912.197357 -0.231835 -0.046938 0.136739 0.002630 -0.400235 -0.281368 0.872145
1305031912.233265 -0.230184 -0.048763 0.138149 0.006980 -0.402624 -0.292343 0.867399
1305031912.265090 -0.233162 -0.057806 0.139184 0.009411 -0.404284 -0.301387 0.863500
1305031912.297250 -0.237853 -0.067172 0.136393 0.017638 -0.406568 -0.306120 0.860629
1305031912.333274 -0.229623 -0.058032 0.135856 0.032208 -0.411761 -0.305627 0.857909
1305031912.365250 -0.226793 -0.056279 0.136014 0.038588 -0.415532 -0.305704 0.855797
1305031912.397198 -0.224782 -0.052055 0.132063 0.044325 -0.421125 -0.307348 0.852189
1305031912.433290 -0.220952 -0.051349 0.132584 0.046219 -0.428317 -0.313914 0.846089
1305031912.465142 -0.218253 -0.052600 0.131568 0.047078 -0.435262 -0.320300 0.840083
1305031912.497123 -0.212091 -0.049174 0.134076 0.046389 -0.441088 -0.325914 0.834907
1305031912.533113 -0.212898 -0.053505 0.135066 0.041167 -0.444490 -0.330501 0.831567
1305031912.565146 -0.210299 -0.054736 0.134310 0.037061 -0.449748 -0.332077 0.828299
1305031912.597090 -0.207699 -0.060322 0.140607 0.030842 -0.455948 -0.332252 0.825087
1305031912.633132 -0.205589 -0.063212 0.144755 0.028101 -0.460548 -0.333777 0.822009
1305031912.665220 -0.203999 -0.062548 0.145074 0.026259 -0.464830 -0.338478 0.817726
1305031912.697182 -0.203802 -0.065281 0.145798 0.023125 -0.471257 -0.344457 0.811623
1305031912.733125 -0.202481 -0.064971 0.146216 0.021252 -0.478521 -0.351663 0.804301
1305031912.765193 -0.199463 -0.070175 0.148715 0.019643 -0.483377 -0.357385 0.798897
1305031912.797155 -0.194910 -0.069261 0.150110 0.020033 -0.484048 -0.360503 0.797078
1305031912.833077 -0.194461 -0.072315 0.153192 0.018806 -0.482207 -0.362983 0.797098
1305031912.865153 -0.195054 -0.076408 0.156420 0.018929 -0.479476 -0.365184 0.797737
1305031912.897198 -0.193151 -0.075198 0.158872 0.022129 -0.475698 -0.364829 0.800076
1305031912.933115 -0.192069 -0.079528 0.160369 0.022595 -0.470985 -0.362812 0.803760
1305031912.965034 -0.194175 -0.087250 0.162961 0.025273 -0.469150 -0.364301 0.804079
1305031912.997049 -0.189275 -0.084121 0.161638 0.033648 -0.465410 -0.363649 0.806239
1305031913.033133 -0.186908 -0.084638 0.158876 0.037110 -0.462304 -0.361216 0.808963
1305031913.065209 -0.184139 -0.085022 0.159779 0.039417 -0.460930 -0.356007 0.811941
1305031913.097038 -0.179519 -0.083247 0.161014 0.041517 -0.457112 -0.346885 0.817922
1305031913.133146 -0.178211 -0.080014 0.163264 0.044038 -0.449133 -0.336423 0.826535
1305031913.165211 -0.177582 -0.077988 0.163759 0.045984 -0.438067 -0.322995 0.837650
1305031913.197113 -0.172829 -0.081659 0.166401 0.045480 -0.429023 -0.310090 0.847181
1305031913.233126 -0.171904 -0.078139 0.168820 0.046801 -0.418187 -0.294848 0.857901
1305031913.265022 -0.169082 -0.076985 0.170143 0.046736 -0.406466 -0.276800 0.869473
1305031913.297160 -0.166384 -0.076982 0.172820 0.047039 -0.393400 -0.260452 0.880448
1305031913.333122 -0.162985 -0.075946 0.175557 0.047944 -0.379531 -0.245060 0.890844
1305031913.365070 -0.156814 -0.078908 0.179940 0.048284 -0.368341 -0.233752 0.898528
1305031913.397099 -0.150798 -0.077670 0.183080 0.050722 -0.355428 -0.223087 0.906273
1305031913.433081 -0.145298 -0.081687 0.185129 0.052655 -0.339195 -0.211822 0.915044
1305031913.465231 -0.133536 -0.085582 0.181173 0.054486 -0.318729 -0.197848 0.925365
1305031913.497227 -0.128743 -0.083360 0.181387 0.055427 -0.292192 -0.179886 0.937653
1305031913.533297 -0.120422 -0.081363 0.176800 0.055955 -0.267734 -0.163811 0.947815
1305031913.565261 -0.117183 -0.081902 0.176751 0.055625 -0.243126 -0.149804 0.956742
1305031913.597139 -0.112603 -0.082983 0.173280 0.058352 -0.220350 -0.136192 0.964102
1305031913.633293 -0.103685 -0.072370 0.162715 0.062827 -0.196639 -0.122661 0.970742
1305031913.665421 -0.100554 -0.064963 0.156809 0.060808 -0.171611 -0.106700 0.977480
1305031913.697243 -0.091708 -0.064663 0.152008 0.054855 -0.149329 -0.088344 0.983304
1305031913.733097 -0.085977 -0.062470 0.141158 0.048984 -0.125219 -0.074370 0.988124
1305031913.765028 -0.084513 -0.065506 0.122429 0.039303 -0.099216 -0.061636 0.992377
1305031913.797106 -0.078655 -0.060783 0.115154 0.031986 -0.079911 -0.047027 0.995178
1305031913.833143 -0.072546 -0.062215 0.112347 0.023581 -0.061355 -0.031879 0.997328
1305031913.865063 -0.064648 -0.061900 0.103710 0.019234 -0.043262 -0.015827 0.998753
1305031913.897116 -0.061091 -0.058694 0.094694 0.014830 -0.023836 0.001832 0.999604
1305031913.933123 -0.048199 -0.059225 0.089607 0.011261 -0.011708 0.017538 0.999714
1305031913.965134 -0.039498 -0.054818 0.079776 0.012033 0.001103 0.028744 0.999514
1305031913.997116 -0.032525 -0.048994 0.073591 0.010556 0.015821 0.043196 0.998886
1305031914.033441 -0.015888 -0.048419 0.067204 0.009780 0.025674 0.059742 0.997836
1305031914.065072 -0.007029 -0.037783 0.056157 0.012703 0.039264 0.071886 0.996559
1305031914.097126 0.007982 -0.033558 0.049082 0.010926 0.050342 0.081796 0.995317
1305031914.133245 0.021356 -0.029238 0.041731 0.010574 0.061401 0.092493 0.993762
1305031914.165013 0.039027 -0.024114 0.033088 0.011729 0.070379 0.102339 0.992187
1305031914.197110 0.055333 -0.016917 0.024726 0.013838 0.079983 0.108536 0.990773
1305031914.233108 0.078227 -0.016393 0.020051 0.016021 0.090215 0.115885 0.989027
1305031914.265074 0.100742 -0.009353 0.007891 0.024626 0.101531 0.118170 0.987482
1305031914.297165 0.115313 -0.004238 -0.012697 0.028905 0.111303 0.117088 0.986441
1305031914.333148 0.111892 0.005081 -0.026461 0.028549 0.124999 0.115194 0.985033
1305031914.365058 0.119278 0.012837 -0.033113 0.022792 0.130135 0.113340 0.984733
1305031914.397215 0.138072 0.019764 -0.044169 0.016249 0.127073 0.113081 0.985292
1305031914.433060 0.159290 0.027275 -0.053952 0.011565 0.124737 0.112547 0.985718
1305031914.465054 0.181028 0.036202 -0.064655 0.008121 0.122675 0.111514 0.986128
1305031914.497127 0.203212 0.045531 -0.077112 0.004775 0.122666 0.107860 0.986558
1305031914.533107 0.221762 0.053668 -0.089085 0.000371 0.124421 0.103272 0.986841
1305031914.565001 0.237998 0.058823 -0.100743 -0.002886 0.125197 0.100113 0.987064
1305031914.597122 0.257859 0.071394 -0.114183 -0.005082 0.125164 0.095523 0.987514
1305031914.633055 0.273716 0.079562 -0.123893 -0.011414 0.128589 0.090681 0.987477
1305031914.665019 0.290019 0.085669 -0.131060 -0.018087 0.133635 0.088837 0.986875
1305031914.697129 0.307447 0.087966 -0.139530 -0.023122 0.138374 0.088307 0.986164
1305031914.733078 0.322365 0.093033 -0.148855 -0.024188 0.142612 0.084590 0.985861
1305031914.764901 0.334736 0.104021 -0.159855 -0.026242 0.146480 0.083213 0.985358
1305031914.797119 0.348629 0.107677 -0.166285 -0.031825 0.146812 0.083563 0.985115
1305031914.833133 0.363423 0.106991 -0.173039 -0.035742 0.144814 0.082398 0.985374
1305031914.865128 0.377006 0.111009 -0.180977 -0.036215 0.141370 0.078700 0.986159
1305031914.897188 0.393205 0.113874 -0.187914 -0.036945 0.136233 0.077123 0.986979
1305031914.933099 0.406167 0.109596 -0.195288 -0.036623 0.131121 0.076143 0.987759
1305031914.964978 0.427335 0.118646 -0.204366 -0.030930 0.122123 0.071257 0.989470
1305031914.997078 0.447383 0.127833 -0.212665 -0.028255 0.117156 0.069393 0.990283
1305031915.033152 0.462024 0.127660 -0.218869 -0.028934 0.114091 0.069411 0.990620
1305031915.065009 0.483322 0.134412 -0.226939 -0.026540 0.108558 0.068417 0.991378
1305031915.097024 0.500163 0.134283 -0.233371 -0.026870 0.105915 0.064607 0.991910
1305031915.133208 0.519819 0.135837 -0.240024 -0.024157 0.102114 0.056613 0.992867
1305031915.165021 0.537610 0.136523 -0.246505 -0.020216 0.100156 0.046118 0.993697
1305031915.197108 0.553526 0.137858 -0.253367 -0.013965 0.096552 0.033999 0.994649
1305031915.233111 0.572965 0.149072 -0.259869 -0.007121 0.090951 0.023843 0.995544
1305031915.264979 0.588841 0.150121 -0.263826 -0.006805 0.086258 0.015822 0.996124
1305031915.297152 0.602023 0.152616 -0.267161 -0.005187 0.078843 0.009140 0.996832
1305031915.333207 0.620734 0.153728 -0.271783 -0.004929 0.066640 0.002876 0.997761
1305031915.365050 0.640817 0.152664 -0.276400 -0.005177 0.054129 -0.004496 0.998510
1305031915.397167 0.660475 0.153203 -0.280892 -0.005584 0.042252 -0.012277 0.999016
1305031915.432960 0.680525 0.147732 -0.283588 -0.007039 0.030005 -0.022062 0.999281
1305031915.464920 0.697886 0.148283 -0.288799 -0.005239 0.018299 -0.038268 0.999086
1305031915.497121 0.713212 0.150306 -0.294431 -0.006515 0.005604 -0.053777 0.998516
1305031915.533058 0.734081 0.144372 -0.296734 -0.011091 -0.008655 -0.064473 0.997820
1305031915.564985 0.759008 0.139438 -0.301869 -0.011283 -0.020393 -0.076396 0.996805
1305031915.601161 0.782821 0.136357 -0.306178 -0.011061 -0.025658 -0.089931 0.995556
1305031915.633062 0.803348 0.131000 -0.309021 -0.011772 -0.025899 -0.098999 0.994681
1305031915.665003 0.818040 0.124797 -0.309645 -0.010703 -0.024707 -0.104786 0.994130
1305031915.701106 0.830459 0.126889 -0.311401 -0.006049 -0.025708 -0.110090 0.993571
1305031915.733046 0.838696 0.130929 -0.310905 -0.004330 -0.031096 -0.113405 0.993053
1305031915.765010 0.854179 0.133660 -0.310114 -0.007151 -0.046612 -0.117934 0.991901
1305031915.801243 0.870311 0.124240 -0.306134 -0.013182 -0.063825 -0.123040 0.990259
1305031915.833049 0.892063 0.119341 -0.308141 -0.012869 -0.082599 -0.131729 0.987755
1305031915.865069 0.911141 0.122311 -0.307397 -0.014018 -0.097784 -0.141687 0.984970
1305031915.901234 0.929556 0.119524 -0.305054 -0.017393 -0.112004 -0.151532 0.981932
1305031915.933056 0.949625 0.117404 -0.302611 -0.021668 -0.123916 -0.160530 0.978982
1305031915.965061 0.967573 0.104348 -0.298611 -0.026385 -0.133205 -0.166235 0.976692
1305031916.001234 0.988698 0.106932 -0.296391 -0.024278 -0.140462 -0.173873 0.974397
1305031916.033043 1.004488 0.098013 -0.290797 -0.028808 -0.145839 -0.183878 0.971643
1305031916.065060 1.014800 0.072488 -0.289957 -0.027154 -0.151342 -0.193349 0.969007
1305031916.101115 1.025836 0.064457 -0.291209 -0.008751 -0.159883 -0.199614 0.966703
1305031916.133093 1.037067 0.055501 -0.294110 0.011204 -0.173582 -0.202709 0.963666
1305031916.165155 1.056018 0.067199 -0.300612 0.037310 -0.190194 -0.204616 0.959462
1305031916.201031 1.078194 0.072305 -0.302075 0.048532 -0.210346 -0.207925 0.954026
1305031916.233050 1.099052 0.056564 -0.299808 0.054122 -0.228598 -0.211610 0.948702
1305031916.265060 1.120875 0.049840 -0.297497 0.068407 -0.241940 -0.217949 0.943018
1305031916.301076 1.140354 0.044369 -0.296966 0.081804 -0.251646 -0.224501 0.937860
1305031916.333426 1.157763 0.034044 -0.297277 0.096975 -0.258472 -0.230585 0.933069
1305031916.365121 1.178215 0.024405 -0.295721 0.116738 -0.262454 -0.237080 0.928053
1305031916.401006 1.193692 0.017976 -0.299360 0.134634 -0.260827 -0.241401 0.924969
1305031916.433168 1.203464 0.010432 -0.302855 0.149450 -0.260389 -0.238513 0.923566
1305031916.465124 1.213860 0.008200 -0.307614 0.163107 -0.263237 -0.232524 0.921973
1305031916.501025 1.220661 0.005843 -0.313814 0.173691 -0.269466 -0.226555 0.919724
1305031916.533266 1.228867 -0.003666 -0.316103 0.184349 -0.281816 -0.222696 0.914878
1305031916.565142 1.237037 -0.008753 -0.324893 0.195783 -0.293825 -0.220490 0.909242
1305031916.601238 1.251219 -0.009403 -0.322371 0.202697 -0.307461 -0.219757 0.903376
1305031916.633156 1.260216 -0.025399 -0.317642 0.207725 -0.321560 -0.219497 0.897369
1305031916.665139 1.276379 -0.035978 -0.308959 0.215378 -0.332994 -0.220383 0.891156
1305031916.701048 1.285634 -0.043625 -0.300757 0.224706 -0.340766 -0.221189 0.885698
1305031916.733056 1.291259 -0.051782 -0.292693 0.232146 -0.349323 -0.221133 0.880444
1305031916.765076 1.301180 -0.062849 -0.280834 0.238917 -0.359455 -0.218180 0.875276
1305031916.801088 1.310135 -0.072032 -0.272391 0.246218 -0.369084 -0.212409 0.870653
1305031916.833266 1.318022 -0.083970 -0.260692 0.253048 -0.378468 -0.209259 0.865413
1305031916.865085 1.325539 -0.094326 -0.250316 0.258758 -0.387435 -0.206397 0.860430
1305031916.901017 1.328705 -0.105622 -0.244645 0.265348 -0.397386 -0.201914 0.854930
1305031916.933088 1.335259 -0.118011 -0.232826 0.272209 -0.407601 -0.197869 0.848889
1305031916.965054 1.340672 -0.123478 -0.221651 0.279983 -0.415065 -0.195103 0.843366
1305031917.001132 1.342777 -0.145433 -0.224923 0.284372 -0.422311 -0.191429 0.839131
1305031917.033155 1.348692 -0.158809 -0.220629 0.296421 -0.430298 -0.186261 0.832036
1305031917.065136 1.354748 -0.164032 -0.210558 0.311779 -0.437360 -0.181544 0.823742
1305031917.101130 1.359449 -0.188874 -0.221228 0.324142 -0.441075 -0.183358 0.816557
1305031917.133106 1.362021 -0.215136 -0.236054 0.338528 -0.442729 -0.184709 0.809489
1305031917.165045 1.366956 -0.231042 -0.237876 0.354495 -0.445947 -0.180216 0.801865
1305031917.201175 1.371199 -0.231828 -0.229429 0.369485 -0.448026 -0.175541 0.794946
1305031917.233102 1.380012 -0.225005 -0.210443 0.382307 -0.450973 -0.166747 0.789088
1305031917.265163 1.383387 -0.236143 -0.207376 0.391315 -0.455187 -0.158983 0.783838
1305031917.301107 1.390831 -0.228626 -0.186952 0.399780 -0.459958 -0.154099 0.777732
1305031917.333229 1.400310 -0.251438 -0.177215 0.398326 -0.465446 -0.154715 0.775087
1305031917.365138 1.409063 -0.271254 -0.179512 0.395179 -0.469918 -0.156929 0.773553
1305031917.401065 1.411696 -0.269598 -0.170854 0.392321 -0.472589 -0.158962 0.772965
1305031917.433141 1.419318 -0.276195 -0.161238 0.386392 -0.473429 -0.164145 0.774353
1305031917.465076 1.425784 -0.275877 -0.148227 0.376369 -0.472830 -0.167432 0.778938
1305031917.501158 1.428719 -0.288958 -0.149145 0.359949 -0.470803 -0.174529 0.786334
1305031917.533057 1.434644 -0.306295 -0.157519 0.343471 -0.468975 -0.183104 0.792820
1305031917.565195 1.439141 -0.309901 -0.150501 0.330911 -0.467551 -0.193858 0.796438
1305031917.601069 1.445333 -0.318789 -0.142671 0.316919 -0.467182 -0.204058 0.799790
1305031917.633090 1.456525 -0.318062 -0.116093 0.305103 -0.469812 -0.210610 0.801144
1305031917.665060 1.464802 -0.317983 -0.104950 0.293462 -0.471448 -0.217066 0.802807
1305031917.701096 1.472580 -0.315595 -0.090497 0.280536 -0.474201 -0.220620 0.804835
1305031917.733003 1.477551 -0.327846 -0.089558 0.264715 -0.476940 -0.225298 0.807276
1305031917.765114 1.493596 -0.303349 -0.050508 0.252810 -0.482041 -0.228317 0.807214
1305031917.801048 1.502898 -0.305356 -0.039577 0.233291 -0.483835 -0.234337 0.810287
1305031917.833090 1.514025 -0.298704 -0.018452 0.215755 -0.486469 -0.239717 0.811993
1305031917.865107 1.526378 -0.296886 -0.001390 0.198466 -0.487643 -0.249200 0.812844
1305031917.901060 1.537435 -0.293737 0.012926 0.184449 -0.485644 -0.259941 0.813977
1305031917.932948 1.548561 -0.288934 0.022887 0.167332 -0.482806 -0.268268 0.816658
1305031917.965346 1.556658 -0.298848 0.033692 0.147661 -0.480448 -0.278012 0.818581
1305031918.001098 1.564189 -0.308832 0.042391 0.130959 -0.477944 -0.286990 0.819790
1305031918.033144 1.577605 -0.304518 0.052199 0.117564 -0.475567 -0.296921 0.819666
1305031918.065137 1.576843 -0.322585 0.060879 0.099615 -0.473761 -0.311930 0.817513
1305031918.101060 1.582656 -0.331830 0.068040 0.088764 -0.475043 -0.322522 0.813901
1305031918.133054 1.595673 -0.332214 0.081377 0.080572 -0.476693 -0.334796 0.808816
1305031918.165017 1.604676 -0.342509 0.094783 0.070489 -0.475736 -0.345269 0.805913
1305031918.201086 1.615965 -0.345945 0.107782 0.063752 -0.473274 -0.351728 0.805130
1305031918.233042 1.627866 -0.349912 0.123849 0.055130 -0.470499 -0.359735 0.803854
1305031918.265256 1.638077 -0.355964 0.139868 0.046650 -0.466073 -0.369815 0.802394
1305031918.301124 1.648987 -0.360098 0.156094 0.038102 -0.460771 -0.380806 0.800765
1305031918.333165 1.656624 -0.368087 0.173007 0.028499 -0.453952 -0.394022 0.798663
1305031918.365072 1.665032 -0.377405 0.190938 0.021859 -0.447886 -0.404538 0.797038
1305031918.401030 1.678508 -0.379697 0.210372 0.016414 -0.440616 -0.412669 0.797052
1305031918.433043 1.687601 -0.390269 0.230290 0.004792 -0.432431 -0.422218 0.796689
1305031918.465089 1.691393 -0.404414 0.248934 -0.004917 -0.424154 -0.429806 0.797080
1305031918.501125 1.695366 -0.417045 0.264475 -0.009592 -0.414118 -0.436216 0.798830
1305031918.533134 1.703516 -0.426245 0.278431 -0.011852 -0.405896 -0.440978 0.800404
1305031918.565018 1.711749 -0.435991 0.296842 -0.017342 -0.399832 -0.444799 0.801241
1305031918.601029 1.714657 -0.452162 0.314528 -0.023113 -0.394817 -0.448414 0.801567
1305031918.633027 1.723350 -0.463002 0.328936 -0.025101 -0.391374 -0.452535 0.800880
1305031918.665112 1.728644 -0.475723 0.343092 -0.029146 -0.389298 -0.458547 0.798331
1305031918.701017 1.734516 -0.488369 0.358373 -0.033489 -0.389955 -0.462509 0.795549
1305031918.732948 1.739579 -0.507798 0.375449 -0.038672 -0.392021 -0.466796 0.791786
1305031918.765151 1.745989 -0.526431 0.390987 -0.036895 -0.393074 -0.474789 0.786579
1305031918.801097 1.751019 -0.542024 0.404918 -0.029484 -0.391791 -0.486430 0.780395
1305031918.833123 1.755754 -0.553895 0.414378 -0.021945 -0.390092 -0.496491 0.775141
1305031918.865115 1.758568 -0.565681 0.425146 -0.015262 -0.391637 -0.506581 0.767961
1305031918.901084 1.761940 -0.575733 0.436122 -0.006996 -0.396142 -0.517298 0.758568
1305031918.933071 1.766033 -0.585560 0.446255 -0.001071 -0.403536 -0.526762 0.748117
1305031918.965058 1.770074 -0.598795 0.458619 0.003453 -0.412379 -0.537108 0.735831
1305031919.001053 1.770189 -0.609426 0.468381 0.008217 -0.419596 -0.547132 0.724236
1305031919.033082 1.777960 -0.616960 0.481609 0.012408 -0.430530 -0.552739 0.713421
1305031919.065147 1.779689 -0.627616 0.495823 0.011114 -0.439485 -0.560800 0.701593
1305031919.101028 1.780644 -0.640890 0.509804 0.010682 -0.448565 -0.568813 0.689295
1305031919.133133 1.783512 -0.651839 0.524519 0.011521 -0.456349 -0.575626 0.678431
1305031919.165110 1.785743 -0.659838 0.537676 0.011976 -0.462930 -0.581288 0.669072
1305031919.201124 1.789103 -0.666755 0.550569 0.011835 -0.470303 -0.587353 0.658553
1305031919.233093 1.788225 -0.675541 0.560797 0.011128 -0.478973 -0.596022 0.644374
1305031919.265125 1.792377 -0.687578 0.574451 0.012885 -0.491063 -0.604589 0.627028
1305031919.301119 1.792816 -0.696543 0.583376 0.014706 -0.500295 -0.612196 0.612131
1305031919.333120 1.803679 -0.708554 0.595121 0.015597 -0.513463 -0.613287 0.599993
1305031919.364948 1.810907 -0.723405 0.610774 0.012534 -0.524239 -0.617252 0.586528
1305031919.401124 1.816128 -0.735161 0.620197 0.010448 -0.531847 -0.621327 0.575311
1305031919.433256 1.824390 -0.749901 0.633361 0.007330 -0.541381 -0.624075 0.563368
1305031919.465070 1.831158 -0.768126 0.647063 0.004595 -0.549003 -0.628517 0.550945
1305031919.501049 1.835889 -0.786313 0.660077 0.002469 -0.553778 -0.632308 0.541766
1305031919.533110 1.835001 -0.806411 0.670716 0.001296 -0.556717 -0.634545 0.536113
1305031919.565165 1.843178 -0.820201 0.676352 0.006382 -0.559696 -0.633916 0.533713
1305031919.601094 1.844416 -0.834920 0.684150 0.006741 -0.563537 -0.634098 0.529434
1305031919.633127 1.842910 -0.853020 0.687505 0.007501 -0.569958 -0.632672 0.524230
1305031919.665042 1.845682 -0.872488 0.701077 0.009900 -0.580557 -0.627660 0.518554
1305031919.701092 1.839911 -0.893824 0.714031 0.010419 -0.587191 -0.624218 0.515219
1305031919.733117 1.836739 -0.910619 0.718667 0.016547 -0.591585 -0.620069 0.515042
1305031919.765060 1.841070 -0.919737 0.724210 0.019643 -0.597487 -0.613202 0.516339
1305031919.801129 1.839301 -0.927483 0.724244 0.018131 -0.605000 -0.607261 0.514665
1305031919.833072 1.842418 -0.932996 0.731745 0.015234 -0.616827 -0.600529 0.508583
1305031919.865180 1.833375 -0.941977 0.748000 -0.002787 0.629337 0.595520 -0.499283
1305031919.901067 1.814490 -0.960387 0.757220 0.007551 0.639041 0.592538 -0.490375
1305031919.933102 1.806713 -0.967730 0.764548 0.011217 0.647226 0.585983 -0.487439
1305031919.965129 1.793345 -0.977617 0.774939 0.017973 0.655202 0.579869 -0.483880
1305031920.001054 1.783215 -0.984884 0.778305 0.021663 0.662117 0.572919 -0.482593
1305031920.033118 1.779862 -0.987446 0.785709 0.026563 0.671337 0.566061 -0.477677
1305031920.065136 1.762367 -0.993382 0.795484 0.036087 0.681089 0.561735 -0.468261
1305031920.101055 1.749900 -0.999355 0.806183 0.040124 0.691213 0.556288 -0.459520
1305031920.132987 1.737012 -1.002676 0.820342 0.043397 0.698757 0.553191 -0.451481
1305031920.165140 1.721286 -1.008166 0.834864 0.045317 0.704070 0.551341 -0.445259
1305031920.201166 1.706420 -1.015159 0.849129 0.045240 0.704940 0.551765 -0.443360
1305031920.233083 1.684634 -1.017377 0.858588 0.043602 0.702690 0.550802 -0.448266
1305031920.265120 1.670283 -1.022951 0.867931 0.038912 0.700795 0.547846 -0.455232
1305031920.301096 1.653544 -1.022256 0.874724 0.033397 0.696005 0.544231 -0.467198
1305031920.333124 1.640789 -1.025259 0.879518 0.028351 0.691574 0.537100 -0.482126
1305031920.365130 1.628862 -1.025210 0.888384 0.023605 0.686045 0.530317 -0.497542
1305031920.401115 1.611343 -1.025356 0.892589 -0.019628 -0.679172 -0.524194 0.513382
1305031920.433123 1.600113 -1.026195 0.896841 -0.012564 -0.673771 -0.516944 0.527867
1305031920.465148 1.587652 -1.028760 0.898149 -0.006768 -0.668620 -0.511337 0.539848
1305031920.501107 1.576654 -1.031254 0.899568 0.000649 -0.665006 -0.505000 0.550220
1305031920.533105 1.571439 -1.031172 0.897550 0.008814 -0.661802 -0.498872 0.559523
1305031920.565153 1.560940 -1.033033 0.898030 0.013086 -0.661055 -0.494354 0.564314
1305031920.601126 1.548597 -1.042002 0.898509 0.016358 -0.660797 -0.489453 0.568784
1305031920.633105 1.540780 -1.051543 0.900944 0.020753 -0.659759 -0.482371 0.575852
1305031920.665129 1.527697 -1.059890 0.914157 0.023307 -0.655959 -0.474133 0.586833
1305031920.701147 1.517049 -1.066789 0.915654 0.029336 -0.645845 -0.466041 0.604010
1305031920.733091 1.506440 -1.074293 0.920404 0.038223 -0.637539 -0.456845 0.619173
1305031920.765152 1.497866 -1.077409 0.923261 0.046643 -0.627381 -0.447850 0.635333
1305031920.801031 1.491424 -1.083070 0.922366 0.054809 -0.617656 -0.439211 0.650070
1305031920.833132 1.486233 -1.087226 0.923957 0.062561 -0.610988 -0.432115 0.660345
1305031920.865163 1.478998 -1.093080 0.923655 0.069351 -0.603263 -0.425343 0.671079
1305031920.901037 1.475321 -1.099389 0.919432 0.075059 -0.594899 -0.416529 0.683348
1305031920.933077 1.473373 -1.107046 0.924307 0.077935 -0.587007 -0.407203 0.695367
1305031920.965217 1.465976 -1.117620 0.926000 0.080013 -0.577070 -0.401052 0.706927
1305031921.001108 1.455777 -1.128184 0.929219 0.082217 -0.567329 -0.394899 0.717936
1305031921.033111 1.452110 -1.139415 0.935362 0.086604 -0.559254 -0.390992 0.725851
1305031921.065147 1.447941 -1.145900 0.933029 0.089794 -0.548096 -0.389261 0.734849
1305031921.101105 1.445464 -1.153690 0.932866 0.090194 -0.538211 -0.386573 0.743475
1305031921.133159 1.438007 -1.157266 0.942916 0.090742 -0.528936 -0.386521 0.750063
1305031921.165116 1.429811 -1.167119 0.949904 0.090031 -0.517547 -0.388698 0.756937
1305031921.201159 1.415661 -1.181113 0.956044 0.091604 -0.506712 -0.391181 0.762777
1305031921.233189 1.406176 -1.190263 0.960517 0.096507 -0.497539 -0.390909 0.768331
1305031921.265164 1.399232 -1.198027 0.960814 0.101530 -0.489585 -0.389339 0.773572
1305031921.301188 1.397523 -1.202952 0.960259 0.105309 -0.483968 -0.387036 0.777745
1305031921.333158 1.391343 -1.207541 0.960254 0.106103 -0.478220 -0.382959 0.783193
1305031921.365112 1.386498 -1.215094 0.964209 0.105644 -0.474795 -0.378609 0.787442
1305031921.401108 1.382298 -1.227219 0.970507 0.105486 -0.470873 -0.374955 0.791555
1305031921.433143 1.378980 -1.234025 0.972169 0.106495 -0.464441 -0.369849 0.797599
1305031921.465014 1.375960 -1.241301 0.974720 0.105436 -0.458281 -0.362800 0.804511
1305031921.501096 1.373717 -1.254197 0.982836 0.104459 -0.452013 -0.355825 0.811271
1305031921.533099 1.370523 -1.267736 0.992625 0.105221 -0.443822 -0.350819 0.817849
1305031921.565119 1.360941 -1.282954 1.000474 0.108216 -0.434158 -0.343891 0.825551
1305031921.601114 1.369246 -1.285874 1.002122 0.116756 -0.424638 -0.337620 0.831903
1305031921.633107 1.371208 -1.293390 1.005901 0.116365 -0.411840 -0.331943 0.840631
1305031921.665162 1.360789 -1.298762 1.012881 0.116881 -0.394588 -0.323302 0.852124
1305031921.701068 1.363753 -1.306711 1.025453 0.121039 -0.380086 -0.315863 0.860880
1305031921.733068 1.362957 -1.307027 1.032023 0.125505 -0.359777 -0.308706 0.871498
1305031921.765060 1.359989 -1.312619 1.037302 0.126528 -0.341366 -0.302967 0.880722
1305031921.801034 1.352995 -1.309697 1.039305 0.128309 -0.324728 -0.297842 0.888470
1305031921.833122 1.345531 -1.313952 1.037635 0.125130 -0.311041 -0.294220 0.895003
1305031921.865148 1.336632 -1.320399 1.045439 0.123291 -0.304882 -0.291154 0.898374
1305031921.901117 1.340592 -1.317902 1.049717 0.124086 -0.297780 -0.288270 0.901571
1305031921.933132 1.327377 -1.323645 1.055336 0.119892 -0.286493 -0.285811 0.906565
1305031921.965107 1.318618 -1.325956 1.062468 0.119857 -0.275845 -0.278961 0.911989
1305031922.001101 1.322244 -1.328846 1.069345 0.120582 -0.264960 -0.272009 0.917206
1305031922.033170 1.315496 -1.327245 1.074895 0.120937 -0.251382 -0.267209 0.922378
1305031922.065166 1.305079 -1.325783 1.079599 0.120008 -0.238508 -0.261228 0.927616
1305031922.101032 1.300094 -1.336314 1.077891 0.116349 -0.228725 -0.256508 0.931854
1305031922.133245 1.294475 -1.335872 1.078972 0.115970 -0.218882 -0.251281 0.935682
1305031922.165062 1.295552 -1.335712 1.082075 0.114692 -0.210218 -0.245264 0.939414
1305031922.201057 1.287431 -1.339723 1.085655 0.111945 -0.200863 -0.241890 0.942662
1305031922.233248 1.283068 -1.336768 1.084870 0.112392 -0.191200 -0.238582 0.945457
1305031922.265183 1.283927 -1.335869 1.086527 0.110787 -0.182557 -0.235112 0.948220
1305031922.301137 1.281205 -1.335473 1.085684 0.107765 -0.171217 -0.233734 0.951021
1305031922.333215 1.274940 -1.335158 1.088369 0.104140 -0.158102 -0.233252 0.953809
1305031922.365143 1.267403 -1.333413 1.090974 0.101544 -0.147748 -0.231882 0.956081
1305031922.401139 1.266718 -1.327798 1.090125 0.099786 -0.139176 -0.229263 0.958181
1305031922.433086 1.262931 -1.326547 1.091254 0.094199 -0.127508 -0.227003 0.960905
1305031922.465219 1.253784 -1.326166 1.093519 0.090011 -0.117302 -0.225714 0.962908
1305031922.501312 1.253292 -1.321382 1.096654 0.088463 -0.110098 -0.222741 0.964593
1305031922.533139 1.248589 -1.316672 1.100965 0.084168 -0.101312 -0.219403 0.966703
1305031922.565031 1.249062 -1.319806 1.101926 0.080647 -0.095542 -0.220287 0.967389
1305031922.601111 1.247811 -1.317336 1.103721 0.077847 -0.085494 -0.219607 0.968712
1305031922.633085 1.245369 -1.318112 1.108609 0.075067 -0.078002 -0.218858 0.969733
1305031922.665318 1.244776 -1.319142 1.104545 0.072835 -0.070346 -0.218459 0.970578
1305031922.701355 1.247256 -1.323932 1.106639 0.069979 -0.061213 -0.216518 0.971841
1305031922.733235 1.238160 -1.330957 1.103227 0.068342 -0.051306 -0.211563 0.973621
1305031922.765373 1.239392 -1.331097 1.103275 0.071171 -0.044459 -0.205706 0.975009
1305031922.801220 1.240949 -1.331061 1.103564 0.073923 -0.037270 -0.199271 0.976441
1305031922.833262 1.242636 -1.332033 1.102150 0.076467 -0.029807 -0.194349 0.977493
1305031922.865045 1.242719 -1.332502 1.103749 0.079778 -0.020377 -0.188653 0.978586
1305031922.901109 1.246687 -1.332862 1.104608 0.084415 -0.013404 -0.183940 0.979214
1305031922.933136 1.250300 -1.332095 1.099700 0.086576 -0.006628 -0.179815 0.979861
1305031922.965220 1.252886 -1.330691 1.103913 0.087221 -0.002020 -0.174804 0.980730
1305031923.001054 1.246200 -1.338516 1.082821 0.082062 0.004308 -0.171301 0.981786
1305031923.033184 1.236315 -1.340635 1.069820 0.079549 0.013450 -0.169422 0.982236
1305031923.065085 1.238106 -1.341150 1.070570 0.079539 0.017337 -0.164672 0.982983
1305031923.101056 1.245997 -1.341687 1.068174 0.080001 0.019695 -0.161742 0.983388
1305031923.133238 1.246656 -1.344971 1.062319 0.078064 0.027411 -0.158589 0.983872
1305031923.165168 1.242440 -1.352768 1.063225 0.078574 0.035389 -0.156330 0.983938
1305031923.201181 1.231468 -1.356466 1.046955 0.084233 0.044715 -0.157335 0.982930
1305031923.233162 1.261023 -1.340930 1.068989 0.097379 0.046025 -0.151110 0.982632
1305031923.265159 1.266747 -1.339898 1.062280 0.096120 0.054052 -0.143897 0.983429
1305031923.301183 1.267703 -1.340070 1.061275 0.093989 0.062119 -0.135059 0.984412
1305031923.333169 1.270708 -1.339495 1.057033 0.092945 0.068360 -0.127467 0.985109
1305031923.365230 1.280018 -1.335670 1.055662 0.092665 0.072899 -0.121061 0.985618
1305031923.401139 1.287537 -1.335478 1.050285 0.086938 0.078870 -0.113226 0.986611
1305031923.433112 1.295970 -1.336541 1.052065 0.084495 0.085520 -0.104677 0.987213
1305031923.465290 1.300674 -1.339471 1.041595 0.082651 0.093764 -0.096814 0.987423
1305031923.501145 1.302323 -1.345586 1.033621 0.084562 0.100935 -0.088858 0.987302
1305031923.533199 1.311311 -1.345418 1.020464 0.091780 0.103400 -0.084869 0.986753
1305031923.565198 1.317468 -1.342503 1.012188 0.096914 0.105879 -0.079533 0.986444
1305031923.601069 1.326259 -1.340131 1.003180 0.102114 0.106426 -0.075195 0.986201
1305031923.633244 1.332386 -1.339397 0.981083 0.102897 0.108517 -0.069825 0.986286
1305031923.665141 1.342270 -1.337767 0.973617 0.105079 0.109092 -0.062490 0.986485
1305031923.701144 1.350597 -1.329798 0.959614 0.109458 0.110588 -0.058697 0.986075
1305031923.733145 1.359025 -1.326062 0.949327 0.109165 0.112004 -0.054846 0.986169
1305031923.765175 1.368158 -1.320487 0.938564 0.112345 0.113858 -0.053910 0.985651
1305031923.801150 1.376889 -1.311498 0.923206 0.112001 0.117163 -0.054417 0.985275
1305031923.833045 1.380834 -1.314252 0.911546 0.110685 0.120523 -0.053438 0.985072
1305031923.865161 1.392337 -1.303450 0.900687 0.118145 0.119236 -0.054492 0.984304
1305031923.901121 1.401113 -1.293235 0.895522 0.123878 0.120591 -0.060363 0.983091
1305031923.933140 1.407133 -1.281717 0.878645 0.128373 0.123852 -0.066542 0.981709
1305031923.965198 1.419692 -1.265790 0.871288 0.126466 0.126163 -0.069406 0.981464
1305031924.001096 1.428250 -1.266793 0.869472 0.123180 0.128987 -0.068786 0.981559
1305031924.033250 1.429917 -1.266587 0.829288 0.126629 0.135262 -0.076322 0.979716
1305031924.065224 1.437354 -1.255412 0.792727 0.125018 0.139486 -0.073988 0.979510
1305031924.101175 1.442598 -1.255757 0.776393 0.117958 0.142910 -0.072824 0.979979
1305031924.133285 1.451732 -1.243932 0.779356 0.122012 0.143106 -0.075397 0.979259
1305031924.165591 1.461449 -1.230108 0.761407 0.120606 0.141642 -0.074717 0.979699
1305031924.201130 1.470311 -1.227820 0.754896 0.116722 0.137672 -0.075232 0.980695
1305031924.233238 1.477866 -1.216236 0.745418 0.119124 0.133898 -0.081013 0.980468
1305031924.265335 1.485812 -1.210091 0.737281 0.117919 0.130721 -0.082813 0.980892
1305031924.301099 1.493856 -1.199895 0.723975 0.117531 0.127726 -0.083405 0.981283
1305031924.333113 1.501478 -1.192667 0.715074 0.114680 0.124795 -0.083259 0.982009
1305031924.365169 1.507702 -1.184773 0.704721 0.114006 0.120173 -0.085654 0.982458
1305031924.401095 1.513792 -1.175623 0.692137 0.113144 0.113633 -0.088628 0.983072
1305031924.433069 1.519731 -1.168766 0.683691 0.111387 0.108235 -0.090327 0.983727
1305031924.465394 1.523276 -1.162033 0.678098 0.112306 0.103658 -0.093663 0.983804
1305031924.501116 1.525735 -1.154181 0.668334 0.114271 0.096861 -0.097186 0.983928
1305031924.533245 1.528188 -1.148457 0.659030 0.115097 0.088207 -0.098240 0.984541
1305031924.565264 1.530954 -1.143391 0.652256 0.119154 0.077183 -0.100727 0.984733
1305031924.601161 1.538530 -1.136555 0.642496 0.124473 0.067068 -0.103053 0.984575
1305031924.633221 1.541227 -1.132588 0.637231 0.129731 0.061767 -0.102075 0.984345
1305031924.665187 1.548922 -1.123853 0.625711 0.136806 0.054129 -0.100886 0.983959
1305031924.701168 1.553918 -1.118952 0.616311 0.141252 0.048946 -0.101962 0.983492
1305031924.733166 1.560325 -1.111749 0.608369 0.147126 0.043845 -0.103072 0.982755
1305031924.765170 1.570401 -1.102052 0.602451 0.151142 0.040283 -0.103790 0.982222
1305031924.801057 1.574986 -1.095401 0.597389 0.152464 0.041231 -0.102991 0.982063
1305031924.833187 1.581107 -1.085974 0.589748 0.155341 0.041731 -0.102886 0.981602
1305031924.865165 1.584661 -1.069637 0.583924 0.155837 0.043422 -0.103365 0.981400
1305031924.901110 1.587048 -1.063181 0.578461 0.150139 0.042442 -0.102256 0.982446
1305031924.933186 1.590838 -1.058966 0.572612 0.147606 0.037957 -0.103407 0.982893
1305031924.969060 1.594334 -1.049124 0.568992 0.148878 0.034257 -0.106786 0.982476
1305031925.001103 1.598057 -1.042714 0.562652 0.149669 0.030733 -0.109019 0.982227
1305031925.033148 1.600862 -1.035253 0.557553 0.152852 0.028394 -0.111398 0.981540
1305031925.069090 1.603449 -1.027568 0.551393 0.158418 0.027412 -0.114194 0.980363
1305031925.101107 1.609729 -1.012215 0.539829 0.161416 0.025119 -0.113996 0.979959
1305031925.133209 1.612275 -1.002806 0.533007 0.155891 0.023531 -0.111793 0.981145
1305031925.169080 1.612082 -0.999549 0.528223 0.151860 0.021500 -0.111138 0.981899
1305031925.201117 1.614946 -0.992432 0.521961 0.153456 0.017342 -0.113458 0.981467
1305031925.233193 1.619164 -0.978976 0.512725 0.153330 0.013623 -0.115554 0.981301
1305031925.269164 1.621611 -0.971745 0.505841 0.149977 0.010145 -0.120424 0.981276
1305031925.301283 1.626901 -0.960999 0.498122 0.148155 0.007975 -0.125319 0.980960
1305031925.333142 1.631323 -0.948710 0.491247 0.144239 0.007334 -0.128041 0.981197
1305031925.369107 1.634248 -0.940352 0.485177 0.139538 0.006982 -0.134107 0.981069
1305031925.401456 1.638186 -0.931742 0.480723 0.137214 0.006628 -0.139063 0.980709
1305031925.433406 1.641642 -0.925204 0.474209 0.136968 0.004850 -0.142688 0.980233
1305031925.469099 1.650640 -0.917281 0.468896 0.140178 0.004261 -0.144489 0.979518
1305031925.501267 1.658227 -0.910279 0.464495 0.145231 0.007882 -0.143074 0.978967
1305031925.533321 1.667633 -0.899185 0.453886 0.152279 0.012798 -0.138889 0.978446
1305031925.569132 1.676920 -0.889509 0.445830 0.156424 0.017660 -0.131831 0.978693
1305031925.601218 1.688071 -0.879281 0.435159 0.159798 0.022267 -0.126388 0.978772
1305031925.633430 1.698205 -0.867899 0.422827 0.160609 0.028052 -0.121237 0.979142
1305031925.669137 1.709416 -0.859309 0.414263 0.157954 0.030234 -0.117012 0.980023
1305031925.701322 1.716175 -0.851821 0.409548 0.156016 0.030725 -0.114915 0.980566
1305031925.733167 1.728218 -0.843386 0.405037 0.154134 0.029254 -0.113597 0.981062
1305031925.769246 1.740929 -0.835041 0.401736 0.150016 0.029293 -0.110149 0.982092
1305031925.801208 1.753406 -0.826750 0.397674 0.144307 0.032270 -0.107159 0.983184
1305031925.833148 1.764936 -0.818155 0.392868 0.136487 0.037078 -0.102736 0.984602
1305031925.869197 1.772221 -0.812592 0.389835 0.127801 0.043743 -0.099930 0.985783
1305031925.901176 1.782124 -0.804999 0.385528 0.120666 0.049563 -0.095046 0.986889
1305031925.933170 1.790645 -0.798344 0.381565 0.113819 0.053621 -0.087736 0.988166
1305031925.969198 1.799169 -0.789950 0.375519 0.105863 0.056507 -0.082232 0.989362
1305031926.001186 1.803715 -0.785191 0.370767 0.098320 0.059692 -0.077480 0.990337
1305031926.033156 1.813818 -0.777824 0.363870 0.094460 0.059827 -0.071976 0.991119
1305031926.069077 1.822513 -0.769607 0.356459 0.090426 0.062120 -0.068329 0.991613
1305031926.101106 1.829386 -0.763349 0.349324 0.087728 0.066842 -0.067042 0.991636
1305031926.133181 1.840984 -0.752587 0.338154 0.087068 0.070992 -0.065201 0.991528
1305031926.169101 1.849232 -0.744193 0.331486 0.083393 0.077549 -0.062338 0.991537
1305031926.201141 1.853953 -0.738452 0.323895 0.083146 0.084850 -0.059260 0.991148
1305031926.233134 1.865538 -0.727861 0.309925 0.083212 0.090269 -0.055875 0.990861
1305031926.269135 1.874350 -0.720096 0.301990 0.081248 0.096511 -0.054601 0.990506
1305031926.301054 1.882925 -0.712373 0.293346 0.081426 0.103762 -0.053242 0.989833
1305031926.333164 1.891632 -0.704114 0.282644 0.081267 0.113367 -0.049796 0.988971
1305031926.369064 1.897432 -0.698959 0.274708 0.081464 0.123725 -0.045814 0.987905
1305031926.401166 1.903742 -0.692301 0.259778 0.082533 0.132286 -0.040857 0.986924
1305031926.433155 1.910307 -0.685913 0.246106 0.082458 0.140399 -0.035518 0.986016
1305031926.469090 1.916582 -0.681488 0.237650 0.082470 0.148366 -0.030059 0.985029
1305031926.501075 1.922067 -0.679357 0.227437 0.084179 0.157233 -0.022037 0.983720
1305031926.533176 1.923170 -0.672561 0.214136 0.087131 0.167300 -0.014775 0.981937
1305031926.569122 1.925968 -0.668471 0.202119 0.089143 0.175871 -0.005781 0.980352
1305031926.601166 1.927694 -0.663585 0.189918 0.090581 0.183942 0.003738 0.978747
1305031926.633127 1.929799 -0.658048 0.178828 0.091191 0.191446 0.013940 0.977158
1305031926.669140 1.933137 -0.652889 0.170507 0.091714 0.198899 0.024901 0.975401
1305031926.701042 1.938648 -0.644846 0.165700 0.093692 0.207791 0.032398 0.973137
1305031926.733207 1.937056 -0.643492 0.160384 0.092407 0.222177 0.040439 0.969775
1305031926.769141 1.934810 -0.642443 0.152169 0.090470 0.236908 0.052371 0.965892
1305031926.801342 1.936508 -0.637971 0.147454 0.089511 0.250305 0.065091 0.961820
1305031926.833209 1.935474 -0.635175 0.144795 0.088478 0.266064 0.078954 0.956634
1305031926.869333 1.928443 -0.635746 0.142705 0.085922 0.285027 0.096408 0.949780
1305031926.901097 1.931898 -0.629318 0.141115 0.085329 0.302784 0.113222 0.942455
1305031926.933348 1.939515 -0.620610 0.132367 0.085246 0.319551 0.128283 0.934967
1305031926.969122 1.934371 -0.615035 0.124007 0.082144 0.338888 0.141233 0.926532
1305031927.001575 1.933099 -0.611434 0.118557 0.076207 0.355861 0.154587 0.918509
1305031927.033929 1.938667 -0.604849 0.119618 0.072347 0.371762 0.168498 0.910037
1305031927.070528 1.938709 -0.597385 0.110906 0.069253 0.385356 0.182715 0.901843
1305031927.101272 1.943063 -0.594709 0.097970 0.062596 0.393589 0.197095 0.895725
1305031927.133471 1.945869 -0.583033 0.095295 0.058087 0.404274 0.209452 0.888436
1305031927.169161 1.948552 -0.572613 0.088712 0.052774 0.413920 0.221942 0.881264
1305031927.201210 1.952628 -0.562654 0.076933 0.045643 0.420429 0.235290 0.875097
1305031927.233491 1.952855 -0.544077 0.060399 0.037270 0.421565 0.246967 0.871723
1305031927.269153 1.956799 -0.537771 0.067243 0.026423 0.425350 0.256091 0.867638
1305031927.301135 1.959624 -0.525900 0.067850 0.018559 0.429102 0.265586 0.863129
1305031927.333139 1.960606 -0.513214 0.069105 0.013824 0.433626 0.276335 0.857564
1305031927.369147 1.967636 -0.507618 0.064719 0.005973 0.437853 0.288072 0.851624
1305031927.401161 1.972483 -0.497076 0.062376 -0.000263 0.442868 0.298032 0.845604
1305031927.433274 1.974338 -0.482993 0.057169 -0.003925 0.445879 0.305962 0.841168
1305031927.469105 1.976589 -0.470280 0.049172 -0.009305 0.447084 0.312650 0.838021
1305031927.501136 1.980670 -0.460454 0.045482 -0.016296 0.448270 0.317002 0.835643
1305031927.533182 1.981967 -0.452167 0.042993 -0.020859 0.449978 0.319750 0.833573
1305031927.569225 1.982121 -0.437119 0.035933 -0.024216 0.449285 0.320649 0.833511
1305031927.601132 1.984136 -0.427088 0.031228 -0.031754 0.447215 0.320870 0.834286
1305031927.633201 1.987583 -0.420540 0.031899 -0.040992 0.445121 0.319684 0.835457
1305031927.669158 1.989910 -0.409799 0.030421 -0.046271 0.442083 0.313510 0.839127
1305031927.701131 1.994197 -0.403165 0.024174 -0.055097 0.438079 0.306225 0.843373
1305031927.733219 1.998474 -0.396986 0.023109 -0.063191 0.435650 0.299865 0.846343
1305031927.769158 2.003596 -0.389756 0.019101 -0.070059 0.432489 0.294061 0.849455
1305031927.801109 2.008323 -0.381662 0.015939 -0.074052 0.430877 0.289629 0.851456
1305031927.833282 2.014707 -0.374990 0.009717 -0.077699 0.429137 0.287266 0.852809
1305031927.869143 2.021244 -0.368535 0.005320 -0.082043 0.428417 0.287465 0.852696
1305031927.901130 2.027936 -0.365581 0.005960 -0.085242 0.429990 0.286713 0.851844
1305031927.933465 2.033634 -0.352375 -0.007268 -0.083942 0.429310 0.284552 0.853040
1305031927.969176 2.040002 -0.342084 -0.017532 -0.084642 0.427720 0.285174 0.853561
1305031928.001134 2.047122 -0.336651 -0.024244 -0.086508 0.428036 0.286141 0.852892
1305031928.033186 2.053724 -0.325370 -0.037042 -0.086291 0.427440 0.286214 0.853188
1305031928.069125 2.060406 -0.315977 -0.047968 -0.089277 0.427267 0.288290 0.852268
1305031928.101114 2.066782 -0.309746 -0.054470 -0.091719 0.428493 0.290336 0.850698
1305031928.133202 2.074397 -0.301569 -0.067323 -0.093519 0.428564 0.291479 0.850075
1305031928.169018 2.080374 -0.297888 -0.073672 -0.096553 0.432497 0.292002 0.847561
1305031928.201096 2.085298 -0.291497 -0.081399 -0.097971 0.438269 0.292100 0.844393
1305031928.233133 2.087765 -0.284413 -0.092738 -0.099024 0.444505 0.294334 0.840224
1305031928.269216 2.091511 -0.281978 -0.094602 -0.100980 0.451986 0.299022 0.834325
1305031928.301255 2.092985 -0.279263 -0.103131 -0.100365 0.457923 0.303583 0.829500
1305031928.333609 2.095572 -0.275387 -0.111554 -0.099449 0.464044 0.308977 0.824200
1305031928.369520 2.102929 -0.269326 -0.115538 -0.096853 0.470862 0.316081 0.817925
1305031928.401116 2.103780 -0.270549 -0.122770 -0.093758 0.478949 0.324153 0.810396
1305031928.433543 2.109272 -0.266059 -0.133715 -0.088160 0.488198 0.333870 0.801512
1305031928.469232 2.112437 -0.258780 -0.142351 -0.080606 0.499142 0.344585 0.790962
1305031928.501428 2.122754 -0.260232 -0.151458 -0.074142 0.509693 0.357066 0.779243
1305031928.533982 2.123288 -0.256740 -0.157705 -0.063096 0.520667 0.366431 0.768540
1305031928.569299 2.120186 -0.252914 -0.165075 -0.053347 0.531340 0.372773 0.758862
1305031928.601271 2.118988 -0.250705 -0.166971 -0.043338 0.544862 0.378749 0.746857
1305031928.633595 2.102481 -0.284509 -0.214322 -0.040302 0.554455 0.382889 0.737802
1305031928.669146 2.103625 -0.284690 -0.225677 -0.030982 0.567284 0.382321 0.728738
1305031928.701110 2.098990 -0.285530 -0.231585 -0.021646 0.580417 0.379925 0.719934
1305031928.733185 2.103764 -0.289781 -0.240959 -0.014127 0.591542 0.378769 0.711627
1305031928.769202 2.101817 -0.298855 -0.243192 -0.005758 0.604575 0.377972 0.701138
1305031928.801117 2.102210 -0.302838 -0.250993 0.003872 0.615067 0.375712 0.693194
1305031928.833193 2.096105 -0.306983 -0.257744 0.014476 0.626649 0.371920 0.684673
1305031928.869148 2.094633 -0.310406 -0.270475 0.024905 0.636271 0.369093 0.676986
1305031928.901197 2.091478 -0.315827 -0.276341 0.034927 0.647323 0.364748 0.668366
1305031928.933215 2.091234 -0.321171 -0.284258 0.046884 0.658248 0.359903 0.659532
1305031928.969097 2.088905 -0.328072 -0.291819 0.056776 0.670343 0.351282 0.651166
1305031929.001155 2.085107 -0.337609 -0.293607 0.064792 0.683966 0.344154 0.639961
1305031929.033640 2.083544 -0.342942 -0.302437 0.075056 0.695762 0.337912 0.629363
1305031929.069089 2.078045 -0.351173 -0.305899 0.083771 0.709739 0.328244 0.617664
1305031929.101213 2.071515 -0.356709 -0.308426 0.092152 0.723621 0.318837 0.605165
1305031929.133202 2.071403 -0.363725 -0.313816 0.102340 0.736152 0.311833 0.591919
1305031929.169204 2.066169 -0.372092 -0.319742 0.111714 0.746950 0.305173 0.580048
1305031929.201163 2.058950 -0.378475 -0.317648 0.121167 0.758464 0.297886 0.566846
1305031929.233293 2.060691 -0.391449 -0.328783 0.132876 0.767735 0.294707 0.553241
1305031929.269214 2.057309 -0.400011 -0.334500 0.145165 0.777105 0.288197 0.540350
1305031929.301292 2.050363 -0.412876 -0.337904 0.153767 0.786326 0.282054 0.527724
1305031929.333529 2.050043 -0.416128 -0.337873 0.164488 0.795239 0.275163 0.514610
1305031929.369189 2.048048 -0.423424 -0.333041 0.174397 0.802841 0.267958 0.503219
1305031929.401369 2.044851 -0.436501 -0.337910 0.183771 0.806775 0.264786 0.495208
1305031929.433239 2.037796 -0.448037 -0.339622 0.192479 0.811003 0.258898 0.488055
1305031929.469219 2.031354 -0.457886 -0.340026 0.199884 0.815469 0.253021 0.480663
1305031929.501198 2.025739 -0.470169 -0.341132 0.207180 0.819124 0.248225 0.473811
1305031929.533262 2.019061 -0.482794 -0.342018 0.213704 0.823016 0.242643 0.467012
1305031929.569172 2.012908 -0.494784 -0.342843 0.219504 0.826766 0.236740 0.460685
1305031929.601101 2.006181 -0.508710 -0.343452 0.224147 0.830461 0.229636 0.455368
1305031929.634447 1.998888 -0.520619 -0.342658 0.227769 0.834833 0.221294 0.449671
1305031929.669287 1.992757 -0.531958 -0.340900 0.231295 0.838983 0.212469 0.444372
1305031929.701269 1.987783 -0.539704 -0.335803 0.235990 0.842779 0.202998 0.439117
1305031929.733617 1.981740 -0.549848 -0.332912 0.241423 0.844712 0.195312 0.435924
1305031929.769190 1.976004 -0.558289 -0.328647 0.246319 0.844593 0.189012 0.436193
1305031929.801229 1.970002 -0.566823 -0.326088 0.251546 0.844543 0.180794 0.436790
1305031929.833358 1.963251 -0.572939 -0.323484 0.256569 0.844451 0.172661 0.437335
1305031929.869242 1.958426 -0.579463 -0.321108 0.260648 0.843966 0.165505 0.438625
1305031929.901292 1.950855 -0.586370 -0.320284 0.264613 0.843155 0.159321 0.440098
1305031929.933176 1.942894 -0.595875 -0.323031 0.266058 0.843365 0.153878 0.440760
1305031929.969176 1.935285 -0.601244 -0.324894 0.265518 0.844793 0.149246 0.439944
1305031930.001350 1.924394 -0.617952 -0.334699 0.264484 0.845852 0.150752 0.438014
1305031930.033650 1.913798 -0.617534 -0.334788 0.266413 0.846747 0.151908 0.434705
1305031930.069293 1.904003 -0.614636 -0.335657 0.267849 0.847158 0.154709 0.432025
1305031930.101133 1.899591 -0.614607 -0.338628 0.266961 0.847781 0.158432 0.429997
1305031930.134163 1.884061 -0.611051 -0.339543 0.262866 0.848939 0.162643 0.428662
1305031930.169117 1.880772 -0.609707 -0.340026 0.259691 0.851971 0.166976 0.422878
1305031930.201148 1.868153 -0.603237 -0.343418 0.256111 0.854939 0.172059 0.416992
1305031930.233355 1.863444 -0.604666 -0.341548 0.249310 0.859208 0.178888 0.409396
1305031930.269064 1.854153 -0.588051 -0.352140 0.243945 0.862418 0.183419 0.403835
1305031930.301105 1.838648 -0.580714 -0.353078 0.239514 0.865242 0.191479 0.396643
1305031930.333138 1.834714 -0.573226 -0.358873 0.231900 0.868461 0.200073 0.389830
1305031930.369794 1.836936 -0.582445 -0.351808 0.223939 0.873282 0.210208 0.378209
1305031930.401077 1.829140 -0.562066 -0.359655 0.220068 0.875203 0.217668 0.371768
1305031930.433290 1.815689 -0.551373 -0.364643 0.213793 0.876589 0.226771 0.366685
1305031930.469130 1.839799 -0.578468 -0.345957 0.206519 0.880003 0.242403 0.352401
1305031930.501044 1.828806 -0.563236 -0.351180 0.203743 0.877885 0.255642 0.349934
1305031930.533067 1.815303 -0.555659 -0.360198 0.196461 0.876101 0.268621 0.348844
1305031930.569007 1.803908 -0.536566 -0.359870 0.189872 0.875761 0.276462 0.347217
1305031930.601041 1.795032 -0.529580 -0.355876 0.182476 0.874967 0.288129 0.343681
1305031930.633126 1.794653 -0.530385 -0.353518 0.173514 0.872886 0.302231 0.341496
1305031930.668925 1.807651 -0.539933 -0.340391 0.165263 0.870670 0.316473 0.338329
1305031930.701009 1.802176 -0.555984 -0.349034 0.158915 0.864214 0.333371 0.341678
1305031930.733195 1.828499 -0.526495 -0.317023 0.157349 0.863497 0.339290 0.338373
1305031930.769068 1.825737 -0.517108 -0.312971 0.150399 0.858892 0.349867 0.342458
1305031930.801055 1.823997 -0.513171 -0.312278 0.144813 0.854488 0.360398 0.344954
1305031930.833091 1.818949 -0.506898 -0.310943 0.139998 0.851352 0.368382 0.346260
1305031930.869070 1.816344 -0.508785 -0.313673 0.131715 0.848015 0.378759 0.346501
1305031930.900829 1.813429 -0.503685 -0.314022 0.126141 0.844222 0.389098 0.346381
1305031930.933330 1.811619 -0.477559 -0.294602 0.123895 0.843257 0.393193 0.344916
1305031930.969059 1.808423 -0.467863 -0.289570 0.119323 0.839988 0.402327 0.343971
1305031931.000795 1.805135 -0.457623 -0.283923 0.114091 0.836168 0.412629 0.342845
1305031931.033023 1.802234 -0.449848 -0.282599 0.108176 0.831776 0.423566 0.342109
1305031931.068905 1.801419 -0.441126 -0.278448 0.102135 0.827640 0.434842 0.339842
1305031931.100819 1.800219 -0.435183 -0.278785 0.097127 0.822555 0.447927 0.336647
1305031931.133042 1.795481 -0.423353 -0.275071 0.093540 0.818673 0.458458 0.332928
1305031931.168900 1.786684 -0.408052 -0.274555 0.088990 0.815033 0.469164 0.328157
1305031931.200696 1.783936 -0.399317 -0.272554 0.082712 0.811898 0.481743 0.319224
1305031931.233053 1.784066 -0.394343 -0.275400 0.073936 0.807916 0.496338 0.308955
1305031931.268951 1.786574 -0.391160 -0.275619 0.066085 0.805109 0.509186 0.296920
1305031931.300955 1.790627 -0.386341 -0.278427 0.058308 0.802338 0.521788 0.283887
1305031931.332991 1.785260 -0.368539 -0.274960 0.052925 0.802153 0.529057 0.271749
1305031931.369797 1.790199 -0.363661 -0.273608 0.048207 0.801317 0.538651 0.255777
1305031931.401337 1.794759 -0.357597 -0.272517 0.045900 0.799917 0.547631 0.241094
1305031931.432892 1.805242 -0.357988 -0.273788 0.043225 0.798233 0.556892 0.225448
1305031931.469079 1.810925 -0.358787 -0.274665 0.042862 0.797067 0.563932 0.211723
1305031931.500852 1.814142 -0.353277 -0.272681 0.042605 0.796475 0.569177 0.199626
1305031931.532871 1.821529 -0.348234 -0.274002 0.042809 0.794411 0.576458 0.186478
1305031931.569726 1.833038 -0.344043 -0.279901 0.045016 0.793440 0.581851 0.172846
1305031931.601199 1.840968 -0.339164 -0.279037 0.047556 0.794183 0.583723 0.162108
1305031931.633004 1.849387 -0.335050 -0.280719 0.048012 0.793800 0.586361 0.154133
1305031931.669064 1.856709 -0.331371 -0.282453 0.047409 0.794345 0.587323 0.147719
1305031931.701060 1.866191 -0.328209 -0.280214 0.045496 0.795312 0.588067 0.139951
1305031931.732985 1.877906 -0.324985 -0.280287 0.043842 0.795436 0.589606 0.133135
1305031931.768911 1.887941 -0.320580 -0.277045 0.041469 0.794708 0.591678 0.128984
1305031931.800959 1.898246 -0.315917 -0.276570 0.042102 0.792620 0.595373 0.124545
1305031931.832926 1.905892 -0.311384 -0.273463 0.046554 0.790342 0.599192 0.119000
1305031931.868988 1.915091 -0.305702 -0.273006 0.052229 0.785777 0.606077 0.111788
1305031931.900957 1.922560 -0.300614 -0.276139 0.057304 0.781815 0.611530 0.107293
1305031931.932907 1.930992 -0.297062 -0.277130 0.061769 0.780724 0.613380 0.102079
1305031931.968902 1.938829 -0.291107 -0.276315 0.066291 0.779620 0.614876 0.098619
1305031932.000829 1.944540 -0.285735 -0.277597 0.071193 0.779211 0.615518 0.094339
1305031932.032913 1.953368 -0.282045 -0.279038 0.076031 0.778926 0.616259 0.087850
1305031932.068920 1.960265 -0.276526 -0.279183 0.080379 0.779276 0.615812 0.083927
1305031932.101294 1.969239 -0.272981 -0.279782 0.083126 0.777929 0.617809 0.078917
1305031932.132895 1.981469 -0.273037 -0.285650 0.088981 0.775417 0.620425 0.076707
1305031932.169077 1.991864 -0.269603 -0.286004 0.093172 0.774471 0.620400 0.081351
1305031932.200948 1.998537 -0.262482 -0.293858 0.096696 0.772117 0.621639 0.089721
1305031932.232821 2.006758 -0.258630 -0.298928 0.098653 0.771187 0.621021 0.099352
1305031932.268818 2.012914 -0.253354 -0.305714 0.100911 0.770057 0.620191 0.110424
1305031932.300945 2.017207 -0.251012 -0.314410 0.102995 0.769808 0.618371 0.120019
1305031932.333175 2.023962 -0.246125 -0.321389 0.103739 0.770436 0.616208 0.126314
1305031932.368837 2.032422 -0.243639 -0.330601 0.104530 0.771496 0.613223 0.133510
1305031932.401680 2.039777 -0.242703 -0.338449 0.106732 0.772790 0.609402 0.141537
1305031932.432994 2.045675 -0.240758 -0.343544 0.110203 0.773433 0.605933 0.150005
1305031932.469022 2.053038 -0.236199 -0.352087 0.113450 0.772982 0.603457 0.159582
1305031932.500893 2.058173 -0.235110 -0.359634 0.115743 0.772455 0.600811 0.170125
1305031932.532959 2.067184 -0.231391 -0.369811 0.116810 0.772051 0.598223 0.180060
1305031932.568972 2.073229 -0.228661 -0.377346 0.118377 0.772754 0.593507 0.191277
1305031932.600957 2.080348 -0.228666 -0.383928 0.118207 0.773194 0.588371 0.204982
1305031932.632929 2.083548 -0.230653 -0.390424 0.118777 0.773154 0.582743 0.220308
1305031932.669236 2.078287 -0.191035 -0.374450 0.125391 0.779943 0.564589 0.239176
1305031932.700806 2.084627 -0.189454 -0.383926 0.125333 0.780094 0.557992 0.253751
1305031932.732848 2.090962 -0.189850 -0.392503 0.124811 0.781053 0.550487 0.267099
1305031932.768757 2.094616 -0.195508 -0.397732 0.125823 0.781904 0.543321 0.278562
1305031932.800821 2.086427 -0.171377 -0.387973 0.135103 0.787032 0.525064 0.294339
1305031932.832891 2.085283 -0.145006 -0.382533 0.140939 0.792013 0.508614 0.306862
1305031932.869016 2.094952 -0.147527 -0.395507 0.140123 0.794121 0.500125 0.315613
1305031932.901214 2.098852 -0.145543 -0.399250 0.143123 0.799030 0.486388 0.323254
1305031932.932932 2.101831 -0.144936 -0.398659 0.146161 0.801836 0.476100 0.330189
1305031932.968787 2.107650 -0.145322 -0.409826 0.144554 0.801696 0.470813 0.338707
1305031933.001958 2.114781 -0.145250 -0.422409 0.142114 0.804050 0.464242 0.343202
1305031933.033045 2.118113 -0.141241 -0.427507 0.142544 0.808286 0.456489 0.343472
1305031933.068879 2.123311 -0.136445 -0.430234 0.141737 0.811563 0.452163 0.341796
1305031933.100908 2.131713 -0.129313 -0.441905 0.141855 0.813618 0.451297 0.337984
1305031933.132911 2.129276 -0.124335 -0.450990 0.143555 0.818495 0.447953 0.329842
1305031933.169450 2.128284 -0.122725 -0.452149 0.143937 0.823735 0.446900 0.317842
1305031933.200949 2.132055 -0.118977 -0.455179 0.143686 0.828462 0.446724 0.305682
1305031933.233374 2.141902 -0.117806 -0.455883 0.142058 0.833239 0.446291 0.293865
1305031933.269079 2.147042 -0.115990 -0.458782 0.140971 0.837064 0.444940 0.285445
1305031933.300869 2.144335 -0.114432 -0.456897 0.141436 0.840506 0.443420 0.277352
1305031933.332881 2.141142 -0.113085 -0.456620 0.142999 0.841630 0.445334 0.269976
1305031933.368978 2.138227 -0.109478 -0.460247 0.143872 0.842481 0.447206 0.263691
1305031933.400926 2.131870 -0.106116 -0.456745 0.146458 0.844019 0.447516 0.256733
1305031933.432912 2.139691 -0.097220 -0.451492 0.148305 0.845198 0.450167 0.246972
1305031933.469486 2.138496 -0.094301 -0.454710 0.149801 0.845271 0.453701 0.239232
1305031933.500809 2.133597 -0.090663 -0.454566 0.151809 0.846373 0.455097 0.231286
1305031933.533065 2.130325 -0.087298 -0.454869 0.151771 0.847445 0.457608 0.222258
1305031933.568861 2.126080 -0.088402 -0.454824 0.152605 0.848504 0.460655 0.211067
1305031933.600899 2.124766 -0.084605 -0.453194 0.154768 0.850365 0.462607 0.197283
1305031933.632949 2.114983 -0.084256 -0.453161 0.156000 0.851322 0.465958 0.183840
1305031933.669114 2.112385 -0.087737 -0.447641 0.156759 0.852823 0.470020 0.164929
1305031933.700931 2.108707 -0.081812 -0.444924 0.158301 0.854025 0.473256 0.147008
1305031933.732901 2.104754 -0.081421 -0.439953 0.159873 0.854284 0.477324 0.129616
1305031933.768934 2.098679 -0.077501 -0.437559 0.161378 0.854189 0.480969 0.113965
1305031933.800879 2.090962 -0.076249 -0.432715 0.161356 0.854490 0.483613 0.099650
1305031933.833132 2.086617 -0.077814 -0.423079 0.159606 0.854525 0.486934 0.084904
1305031933.868855 2.081556 -0.077003 -0.417400 0.158407 0.853214 0.491625 0.072373
1305031933.900942 2.077023 -0.076142 -0.411382 0.156773 0.851784 0.496097 0.061434
1305031933.932925 2.070983 -0.078119 -0.403953 0.154900 0.850286 0.500317 0.051978
1305031933.968843 2.066920 -0.080919 -0.394839 0.152948 0.848429 0.504907 0.042949
1305031934.000841 2.061238 -0.080808 -0.388036 0.151762 0.846300 0.509272 0.037229
1305031934.033000 2.054610 -0.078746 -0.380675 0.149761 0.844439 0.513279 0.032248
1305031934.068946 2.046463 -0.077308 -0.372492 0.147491 0.842843 0.516844 0.027112
1305031934.100917 2.038572 -0.075347 -0.363532 0.145081 0.841117 0.520615 0.020818
1305031934.132845 2.030415 -0.074216 -0.355678 0.142887 0.838965 0.524928 0.013127
1305031934.169177 2.021719 -0.074993 -0.347673 0.140510 0.837335 0.528289 0.006148
1305031934.200808 2.011816 -0.074249 -0.337714 0.137895 0.835642 0.531683 -0.000015
1305031934.232870 2.003069 -0.075416 -0.330341 0.136326 0.833309 0.535679 -0.007687
1305031934.269296 1.994326 -0.078889 -0.323540 0.135997 0.831403 0.538593 -0.013871
1305031934.300934 1.985922 -0.082495 -0.313940 0.134977 0.829559 0.541578 -0.017512
1305031934.336871 1.975202 -0.083916 -0.308186 0.134461 0.826533 0.546289 -0.018194
1305031934.368906 1.965670 -0.086980 -0.303434 0.133492 0.824977 0.548895 -0.017515
1305031934.400928 1.954794 -0.089286 -0.297501 0.131849 0.823911 0.550986 -0.014181
1305031934.436865 1.943286 -0.091337 -0.294025 0.128948 0.823750 0.552017 -0.009215
1305031934.469287 1.930676 -0.093274 -0.288061 0.122785 0.826284 0.549704 -0.002110
1305031934.501241 1.915852 -0.093438 -0.280095 0.114209 0.828274 0.548545 0.004117
1305031934.536876 1.901219 -0.096128 -0.277993 0.108003 0.828835 0.548927 0.006887
1305031934.569101 1.887948 -0.099434 -0.272883 0.104185 0.830815 0.546652 0.007927
1305031934.600850 1.874904 -0.102684 -0.266592 0.100540 0.832155 0.545276 0.009199
1305031934.637030 1.862741 -0.106602 -0.265262 0.098026 0.831916 0.546021 0.012967
1305031934.668984 1.847723 -0.107794 -0.261547 0.094615 0.834507 0.542481 0.018989
1305031934.700945 1.833665 -0.111446 -0.256361 0.089843 0.836470 0.540105 0.023055
1305031934.736903 1.818699 -0.116184 -0.255391 0.086555 0.837186 0.539273 0.028506
1305031934.769124 1.802896 -0.116956 -0.251743 0.081892 0.839618 0.535724 0.036550
1305031934.801627 1.787262 -0.118213 -0.248451 0.077722 0.841181 0.533413 0.042936
1305031934.836769 1.770100 -0.120634 -0.247244 0.074786 0.842584 0.531004 0.049935
1305031934.869115 1.753515 -0.122670 -0.243868 0.070059 0.845244 0.526588 0.057951
1305031934.901010 1.735063 -0.124392 -0.243099 0.066643 0.846901 0.523226 0.067473
1305031934.937234 1.717380 -0.125738 -0.242214 0.062661 0.850135 0.517139 0.076889
1305031934.969077 1.698797 -0.129084 -0.242048 0.057225 0.854042 0.509916 0.085574
1305031935.001270 1.681296 -0.131771 -0.240374 0.051721 0.858638 0.501308 0.093570
1305031935.036852 1.662913 -0.133804 -0.241693 0.050272 0.861833 0.494772 0.099588
1305031935.069722 1.645491 -0.136735 -0.241859 0.051246 0.865252 0.487430 0.105474
1305031935.100912 1.628342 -0.137250 -0.239500 0.051420 0.867903 0.481600 0.110279
1305031935.136853 1.611383 -0.138064 -0.242654 0.050671 0.868843 0.479347 0.113004
1305031935.169281 1.595533 -0.138783 -0.246653 0.051464 0.870368 0.475828 0.115755
1305031935.200951 1.581060 -0.138701 -0.247164 0.054911 0.871837 0.472290 0.117586
1305031935.237095 1.567071 -0.138383 -0.249870 0.060410 0.871639 0.471388 0.119960
1305031935.268965 1.552098 -0.137642 -0.254280 0.065423 0.871124 0.470822 0.123246
1305031935.300805 1.535553 -0.136717 -0.256618 0.068575 0.871161 0.469977 0.124486
1305031935.336810 1.521076 -0.138128 -0.262850 0.071335 0.871058 0.470545 0.121476
1305031935.368827 1.506016 -0.137231 -0.265413 0.076165 0.871245 0.470793 0.116124
1305031935.400848 1.493119 -0.138552 -0.271364 0.082085 0.870719 0.472770 0.107696
1305031935.436887 1.480026 -0.137905 -0.277259 0.089555 0.870208 0.474195 0.099277
1305031935.468890 1.466770 -0.138236 -0.285112 0.096495 0.869731 0.475174 0.092012
1305031935.500863 1.452771 -0.141023 -0.294900 0.101660 0.870710 0.473668 0.084663
1305031935.536900 1.440051 -0.141945 -0.302655 0.107575 0.872902 0.469644 0.076837
1305031935.568783 1.423410 -0.147295 -0.312438 0.112383 0.875339 0.465157 0.069141
1305031935.600963 1.407153 -0.153625 -0.321226 0.114871 0.879254 0.458645 0.057990
1305031935.636916 1.393574 -0.155922 -0.330782 0.116019 0.885004 0.448693 0.044514
1305031935.669100 1.376889 -0.162047 -0.336251 0.114040 0.891992 0.436419 0.029722
1305031935.700948 1.363149 -0.167241 -0.343557 0.107629 0.899018 0.424262 0.013581
1305031935.736900 1.346442 -0.174725 -0.346815 0.098582 0.906175 0.411221 -0.004969
1305031935.768974 1.335551 -0.180596 -0.348692 0.087566 0.912702 0.398268 -0.026278
1305031935.801178 1.326871 -0.184286 -0.351675 0.078638 0.917240 0.387773 -0.046027
1305031935.836877 1.321479 -0.184939 -0.356331 0.071858 0.920672 0.378645 -0.061866
1305031935.869025 1.305120 -0.180481 -0.371669 0.068222 0.923003 0.371101 -0.075467
1305031935.901144 1.301799 -0.185533 -0.371199 0.063582 0.925457 0.363186 -0.087080
1305031935.936825 1.285792 -0.183634 -0.390050 0.059783 0.927857 0.355397 -0.095914
1305031935.969109 1.281939 -0.184891 -0.398923 0.052978 0.930919 0.346250 -0.103413
1305031936.000820 1.273456 -0.186237 -0.404374 0.046082 0.934071 0.336937 -0.108913
1305031936.036965 1.267332 -0.185103 -0.407139 0.039380 0.937049 0.327326 -0.115091
1305031936.068809 1.260743 -0.185463 -0.411429 0.034762 0.938942 0.319706 -0.122342
1305031936.100718 1.251757 -0.183798 -0.416568 0.031553 0.940459 0.312150 -0.130782
1305031936.137490 1.250380 -0.184993 -0.417509 0.029287 0.941521 0.304888 -0.140438
1305031936.168897 1.243567 -0.182306 -0.420071 0.029212 0.941893 0.300060 -0.148150
1305031936.200867 1.237283 -0.181372 -0.429841 0.030189 0.942073 0.294770 -0.157153
1305031936.237546 1.224220 -0.180242 -0.434476 0.030884 0.943189 0.287202 -0.164184
1305031936.268981 1.219493 -0.180873 -0.434204 0.031077 0.943808 0.280213 -0.172459
1305031936.300816 1.211344 -0.177763 -0.439219 0.035292 0.944233 0.272353 -0.181664
1305031936.336863 1.204111 -0.174991 -0.441405 0.042668 0.944833 0.263201 -0.190250
1305031936.368927 1.196439 -0.176759 -0.440329 0.049279 0.944996 0.256053 -0.197461
1305031936.400840 1.190305 -0.177953 -0.441710 0.053982 0.944588 0.249791 -0.206017
1305031936.436777 1.178570 -0.177107 -0.444714 0.057587 0.944450 0.244313 -0.212152
1305031936.468789 1.169415 -0.176412 -0.448368 0.061058 0.944300 0.238791 -0.218057
1305031936.500753 1.160001 -0.175715 -0.450585 0.064566 0.944471 0.232789 -0.222746
1305031936.536847 1.153286 -0.174591 -0.452528 0.066125 0.944749 0.228017 -0.226018
1305031936.569452 1.150734 -0.174844 -0.457158 0.069939 0.944751 0.223794 -0.229062
1305031936.600821 1.146182 -0.171992 -0.458687 0.074324 0.945086 0.219520 -0.230433
1305031936.636879 1.137465 -0.165394 -0.456501 0.075962 0.945613 0.216671 -0.230433
1305031936.668885 1.120651 -0.154470 -0.454887 0.074725 0.946169 0.213806 -0.231229
1305031936.700881 1.115814 -0.151266 -0.455759 0.075034 0.945539 0.210614 -0.236573
1305031936.737504 1.126671 -0.147057 -0.458313 0.077165 0.944011 0.210142 -0.242341
1305031936.768825 1.110352 -0.141009 -0.460766 0.078988 0.943372 0.213858 -0.240988
1305031936.800856 1.109879 -0.133062 -0.458496 0.083159 0.942154 0.215769 -0.242641
1305031936.836845 1.109713 -0.141922 -0.467398 0.092891 0.939105 0.223793 -0.243659
1305031936.868891 1.107302 -0.128073 -0.459601 0.096272 0.937917 0.231214 -0.239967
1305031936.900833 1.107415 -0.129019 -0.457559 0.103791 0.935344 0.241925 -0.236288
1305031936.936914 1.110704 -0.107610 -0.452665 0.101557 0.934014 0.253285 -0.230544
1305031936.968821 1.098248 -0.096807 -0.454731 0.104745 0.931025 0.268115 -0.224355
1305031937.001118 1.081336 -0.088627 -0.455926 0.110768 0.928493 0.279693 -0.217724
1305031937.036874 1.066975 -0.086920 -0.458531 0.116450 0.925825 0.292900 -0.208558
1305031937.068765 1.059199 -0.083274 -0.461099 0.124640 0.922210 0.307249 -0.198977
1305031937.100716 1.046502 -0.061675 -0.458990 0.127816 0.921219 0.315768 -0.187908
1305031937.136838 1.038928 -0.052066 -0.458100 0.130794 0.918504 0.326522 -0.180629
1305031937.168856 1.027183 -0.041042 -0.458040 0.136287 0.914516 0.338525 -0.174606
1305031937.200813 1.020346 -0.033413 -0.458116 0.142361 0.910167 0.350440 -0.168883
1305031937.236893 1.012719 -0.023037 -0.458045 0.149809 0.905474 0.362689 -0.161650
1305031937.268821 1.007863 -0.006037 -0.452890 0.155016 0.900988 0.374104 -0.155680
1305031937.300783 0.999825 0.002230 -0.452696 0.163351 0.895160 0.386323 -0.150864
1305031937.336862 0.996733 0.018163 -0.448964 0.167503 0.890569 0.396963 -0.145772
1305031937.368734 0.993828 0.037539 -0.442328 0.168048 0.886562 0.406179 -0.144178
1305031937.400796 0.988952 0.045047 -0.441312 0.171336 0.880908 0.416745 -0.144806
1305031937.438211 0.981847 0.049165 -0.444500 0.175177 0.874453 0.429363 -0.142452
1305031937.468824 0.977950 0.057149 -0.442917 0.176883 0.869190 0.440581 -0.138235
1305031937.500797 0.975215 0.069402 -0.440424 0.177614 0.863409 0.452841 -0.133844
1305031937.536931 0.972913 0.081821 -0.437621 0.179154 0.856314 0.466502 -0.130405
1305031937.568829 0.969524 0.092158 -0.436430 0.183788 0.848060 0.480235 -0.128028
1305031937.600746 0.967853 0.106782 -0.430583 0.184552 0.840962 0.493026 -0.125100
1305031937.636891 0.967950 0.121063 -0.422944 0.183531 0.834977 0.503501 -0.124968
1305031937.668803 0.966860 0.131266 -0.419318 0.184407 0.827129 0.515620 -0.126441
1305031937.700837 0.965152 0.143974 -0.414547 0.184286 0.820559 0.525429 -0.129021
1305031937.736899 0.959916 0.151718 -0.413589 0.185819 0.813645 0.535078 -0.130941
1305031937.768919 0.960820 0.164622 -0.404169 0.183840 0.809326 0.541874 -0.132542
1305031937.800834 0.960532 0.177305 -0.393340 0.179967 0.806876 0.545996 -0.135834
1305031937.836877 0.959357 0.178391 -0.397350 0.179260 0.800411 0.554184 -0.141734
1305031937.868807 0.960586 0.186565 -0.393459 0.177858 0.795171 0.560379 -0.148478
1305031937.900823 0.957652 0.195690 -0.389035 0.177361 0.790088 0.565432 -0.156813
1305031937.936960 0.957906 0.194051 -0.387327 0.177071 0.782532 0.572800 -0.167897
1305031937.968830 0.954670 0.208571 -0.381621 0.176618 0.776523 0.577565 -0.179547
1305031938.000822 0.950837 0.212745 -0.381676 0.176404 0.769527 0.583245 -0.191140
1305031938.036945 0.939639 0.227245 -0.374750 0.176797 0.763673 0.587406 -0.201247
1305031938.068761 0.932796 0.236070 -0.374889 0.176496 0.758182 0.590473 -0.212956
1305031938.100744 0.930760 0.234262 -0.374410 0.175988 0.751098 0.595380 -0.224505
1305031938.136885 0.923574 0.242901 -0.370674 0.177147 0.743098 0.599947 -0.237673
1305031938.168914 0.911623 0.244194 -0.367176 0.184142 0.733515 0.604630 -0.249940
1305031938.200883 0.909369 0.246956 -0.368963 0.188374 0.722972 0.610813 -0.262173
1305031938.236878 0.908072 0.255891 -0.361503 0.190639 0.715634 0.613353 -0.274449
1305031938.268809 0.901095 0.262502 -0.359294 0.193344 0.707750 0.615174 -0.288564
1305031938.300837 0.902492 0.261493 -0.351882 0.191128 0.702718 0.614381 -0.303634
1305031938.336900 0.889573 0.267379 -0.338195 0.191229 0.699886 0.612964 -0.312837
1305031938.368914 0.881158 0.271353 -0.332659 0.190429 0.695688 0.612400 -0.323607
1305031938.400842 0.872758 0.273087 -0.323723 0.188062 0.692886 0.610997 -0.333503
1305031938.436889 0.874541 0.278762 -0.312306 0.182975 0.692281 0.605888 -0.346653
1305031938.468781 0.867269 0.273330 -0.310980 0.179936 0.689539 0.603407 -0.357854
1305031938.501288 0.870540 0.271438 -0.309542 0.173542 0.687722 0.600841 -0.368661
1305031938.537028 0.872584 0.264728 -0.319496 0.165352 0.685606 0.597934 -0.380892
1305031938.568999 0.865873 0.279166 -0.316172 0.156866 0.688394 0.591204 -0.389853
1305031938.601007 0.861776 0.275924 -0.309358 0.146908 0.690658 0.585502 -0.398242
1305031938.637299 0.871281 0.275154 -0.323313 0.133503 0.691257 0.579689 -0.410245
1305031938.668747 0.899803 0.247792 -0.349183 0.117280 0.691121 0.573443 -0.423982
1305031938.700851 0.901541 0.242657 -0.345581 0.105340 0.695944 0.564359 -0.431352
1305031938.736859 0.897728 0.234736 -0.344517 0.092010 0.701215 0.553933 -0.439305
1305031938.769073 0.897752 0.224838 -0.341988 0.079161 0.705876 0.543717 -0.447039
1305031938.800781 0.892372 0.219444 -0.341756 0.064737 0.711012 0.533444 -0.453552
1305031938.836754 0.894900 0.212118 -0.338255 0.049217 0.716361 0.521001 -0.461479
1305031938.869057 0.888729 0.197602 -0.348720 0.035005 0.718705 0.512933 -0.468122
1305031938.900976 0.880473 0.185112 -0.357834 0.021520 0.720522 0.504262 -0.475504
1305031938.936828 0.883977 0.180402 -0.356057 0.009747 0.724362 0.489532 -0.485350
1305031938.969026 0.878595 0.166918 -0.361396 0.003833 0.727049 0.478233 -0.492624
1305031939.001030 0.876120 0.156127 -0.366227 -0.002952 0.729815 0.468015 -0.498321
1305031939.037090 0.876950 0.147369 -0.369258 0.009827 -0.732635 -0.458105 0.503278
1305031939.069377 0.875931 0.136207 -0.372458 0.015044 -0.735807 -0.447473 0.508065
1305031939.101368 0.878578 0.128951 -0.369496 0.021010 -0.740610 -0.434712 0.511938
1305031939.137143 0.877927 0.118166 -0.370938 0.027010 -0.744618 -0.422578 0.515986
1305031939.168815 0.878301 0.106987 -0.372909 0.033746 -0.749541 -0.409689 0.518850
1305031939.200865 0.880599 0.098030 -0.377657 0.039840 -0.753339 -0.396883 0.522855
1305031939.237165 0.878793 0.084846 -0.377998 0.046495 -0.758445 -0.384108 0.524462
1305031939.268824 0.879863 0.073771 -0.382140 0.053662 -0.762023 -0.372555 0.526919
1305031939.300842 0.881300 0.062800 -0.387466 0.064079 -0.765624 -0.359026 0.529919
1305031939.336729 0.883201 0.053791 -0.383634 0.074951 -0.771182 -0.342768 0.531197
1305031939.368966 0.885356 0.043565 -0.387115 0.088115 -0.776133 -0.324251 0.533587
1305031939.400848 0.890113 0.043397 -0.384529 0.100724 -0.781475 -0.304464 0.535213
1305031939.436845 0.892309 0.037410 -0.386647 0.108531 -0.785288 -0.290196 0.536032
1305031939.468851 0.899630 0.034422 -0.385732 0.113936 -0.788727 -0.277461 0.536604
1305031939.500839 0.904228 0.027975 -0.382091 0.117137 -0.792597 -0.268539 0.534749
1305031939.536755 0.906448 0.016066 -0.383832 0.121049 -0.794351 -0.261904 0.534566
1305031939.568772 0.910129 0.010701 -0.381220 0.125931 -0.795536 -0.252497 0.536199
1305031939.600838 0.912567 -0.002572 -0.381171 0.125971 -0.795982 -0.246971 0.538098
1305031939.636792 0.915829 -0.008567 -0.378911 0.127604 -0.796043 -0.240537 0.540532
1305031939.668867 0.919415 -0.015049 -0.374094 0.126181 -0.796561 -0.234858 0.542597
1305031939.700830 0.924303 -0.019731 -0.367911 0.124705 -0.795991 -0.231236 0.545322
1305031939.736750 0.926778 -0.036601 -0.370280 0.119555 -0.792704 -0.232096 0.550870
1305031939.768919 0.928120 -0.043653 -0.363735 0.117004 -0.790536 -0.229385 0.555649
1305031939.803671 0.931078 -0.049862 -0.359035 0.115142 -0.785969 -0.227941 0.563061
1305031939.837145 0.929599 -0.057506 -0.356610 0.111985 -0.779275 -0.227495 0.573094
1305031939.869215 0.929423 -0.057847 -0.351426 0.111623 -0.772014 -0.224507 0.584064
1305031939.903633 0.937098 -0.059497 -0.350593 0.111509 -0.762981 -0.223545 0.596199
1305031939.937192 0.941680 -0.059475 -0.338175 0.106866 -0.755722 -0.223365 0.606277
1305031939.968904 0.938976 -0.066308 -0.336350 0.100068 -0.745057 -0.231045 0.617653
1305031940.005582 0.932831 -0.057268 -0.321909 0.097177 -0.735866 -0.233469 0.628132
1305031940.037088 0.923582 -0.059271 -0.328424 0.092806 -0.721428 -0.240698 0.642645
1305031940.068783 0.907820 -0.064495 -0.335562 0.091388 -0.706479 -0.249367 0.656012
1305031940.104265 0.896506 -0.061362 -0.334620 0.095240 -0.694135 -0.251331 0.667786
1305031940.136746 0.888605 -0.058586 -0.337458 0.098955 -0.681675 -0.252003 0.679722
1305031940.168737 0.880604 -0.055465 -0.336345 0.101631 -0.671672 -0.250317 0.689833
1305031940.200829 0.875700 -0.054093 -0.330375 0.100755 -0.664791 -0.247215 0.697700
1305031940.236742 0.868032 -0.051138 -0.329377 0.097406 -0.657528 -0.244823 0.705854
1305031940.269041 0.861019 -0.048888 -0.328646 0.092891 -0.648712 -0.242332 0.715415
1305031940.301146 0.851170 -0.050131 -0.330321 0.087797 -0.637477 -0.240481 0.726693
1305031940.336732 0.855389 -0.066326 -0.328278 0.085220 -0.624401 -0.243709 0.737202
1305031940.369236 0.845035 -0.043404 -0.325103 0.080399 -0.607889 -0.237065 0.753530
1305031940.403665 0.834836 -0.041481 -0.325849 0.071937 -0.589556 -0.236392 0.769005
1305031940.436756 0.824245 -0.035594 -0.326132 0.063867 -0.571739 -0.233184 0.784003
1305031940.468746 0.831160 -0.013783 -0.314060 0.056227 -0.559470 -0.220579 0.796980
1305031940.503804 0.811609 -0.005435 -0.313033 0.050247 -0.544982 -0.218162 0.808007
1305031940.536724 0.809944 0.003469 -0.305691 0.045931 -0.534323 -0.214076 0.816432
1305031940.568758 0.813493 0.012106 -0.304300 0.040455 -0.524940 -0.210186 0.823786
1305031940.603364 0.797046 0.018307 -0.305515 0.038512 -0.514085 -0.210969 0.830497
1305031940.636761 0.788105 0.022072 -0.298338 0.039422 -0.503501 -0.208938 0.837423
1305031940.668762 0.788831 0.023871 -0.299959 0.038024 -0.491797 -0.206986 0.844894
1305031940.703222 0.780688 0.027197 -0.295219 0.038421 -0.481474 -0.209451 0.850198
1305031940.736947 0.774861 0.031720 -0.291668 0.038574 -0.471478 -0.209582 0.855743
1305031940.768772 0.772948 0.034168 -0.288461 0.037020 -0.462533 -0.209527 0.860692
1305031940.803047 0.765180 0.039859 -0.281795 0.034850 -0.453434 -0.210320 0.865418
1305031940.836755 0.759691 0.041217 -0.283832 0.031994 -0.444368 -0.212955 0.869577
1305031940.869689 0.743861 0.054468 -0.268037 0.030510 -0.436086 -0.216661 0.872901
1305031940.903305 0.733598 0.058974 -0.263475 0.026133 -0.426669 -0.222963 0.876104
1305031940.937034 0.715921 0.066734 -0.258223 0.022588 -0.416334 -0.228702 0.879688
1305031940.968758 0.705618 0.071875 -0.250025 0.018705 -0.407406 -0.233776 0.882621
1305031941.003160 0.691656 0.077048 -0.243708 0.015083 -0.397992 -0.238485 0.885720
1305031941.036777 0.678987 0.081603 -0.236784 0.013439 -0.390713 -0.243726 0.887559
1305031941.071057 0.666327 0.086754 -0.230717 0.010816 -0.384441 -0.247561 0.889270
1305031941.103422 0.652803 0.091404 -0.220529 0.008073 -0.379029 -0.251171 0.890609
1305031941.136774 0.639918 0.095349 -0.209659 0.005486 -0.372851 -0.253471 0.892583
1305031941.171144 0.626064 0.099828 -0.198673 0.001892 -0.365983 -0.251785 0.895911
1305031941.203508 0.611012 0.100112 -0.184889 -0.000399 -0.359600 -0.248752 0.899339
1305031941.236705 0.597579 0.103362 -0.175854 -0.001133 -0.350901 -0.246423 0.903406
1305031941.271129 0.583609 0.105763 -0.167752 -0.002877 -0.341638 -0.242617 0.907972
1305031941.303362 0.568620 0.105929 -0.151796 -0.003760 -0.332958 -0.237900 0.912430
1305031941.336734 0.553423 0.105578 -0.150390 -0.005471 -0.320728 -0.230842 0.918594
1305031941.371607 0.540695 0.108966 -0.147169 -0.009162 -0.311500 -0.222124 0.923875
1305031941.403845 0.527318 0.109496 -0.142873 -0.017108 -0.303985 -0.211759 0.928687
1305031941.436799 0.511552 0.106750 -0.130450 -0.027584 -0.297673 -0.198062 0.933489
1305031941.469611 0.499431 0.106304 -0.123196 -0.036037 -0.293461 -0.181287 0.937932
1305031941.501458 0.487709 0.108848 -0.113233 -0.042579 -0.289062 -0.170091 0.941116
1305031941.537220 0.486247 0.108127 -0.086209 -0.045707 -0.286030 -0.164301 0.942923
1305031941.570287 0.476649 0.106454 -0.078071 -0.047252 -0.275281 -0.159093 0.946930
1305031941.603047 0.468517 0.108737 -0.076125 -0.049140 -0.261143 -0.154299 0.951620
1305031941.636822 0.456566 0.113291 -0.069347 -0.052770 -0.246048 -0.152738 0.955692
1305031941.671554 0.442667 0.112464 -0.058590 -0.058514 -0.232310 -0.147123 0.959668
1305031941.703763 0.431731 0.108982 -0.055478 -0.060214 -0.221294 -0.140565 0.963143
1305031941.736866 0.420784 0.112615 -0.055289 -0.058585 -0.210894 -0.138545 0.965866
1305031941.768815 0.406922 0.114901 -0.050159 -0.059198 -0.201378 -0.138988 0.967794
1305031941.800820 0.391467 0.115731 -0.043580 -0.058648 -0.193421 -0.141229 0.969125
1305031941.836848 0.375383 0.117789 -0.038406 -0.055808 -0.186287 -0.142956 0.970436
1305031941.871813 0.361292 0.123382 -0.033770 -0.051961 -0.180721 -0.143897 0.971562
1305031941.902976 0.344571 0.122763 -0.029350 -0.047422 -0.175691 -0.143098 0.972834
1305031941.936760 0.331153 0.130442 -0.025802 -0.038958 -0.171499 -0.141962 0.974124
1305031941.971057 0.316433 0.134318 -0.021229 -0.032840 -0.167204 -0.139128 0.975504
1305031942.003141 0.301420 0.140095 -0.020525 -0.025450 -0.162909 -0.135928 0.976902
1305031942.036729 0.283788 0.143413 -0.019209 -0.020793 -0.160806 -0.134072 0.977616
1305031942.071082 0.268959 0.154061 -0.021302 -0.014170 -0.161799 -0.133326 0.977673
1305031942.100691 0.260537 0.169190 -0.015880 -0.016091 -0.161999 -0.136546 0.977166
1305031942.136758 0.243595 0.171192 -0.012637 -0.024013 -0.158200 -0.140613 0.977049
1305031942.170749 0.230377 0.176889 -0.009462 -0.024158 -0.155045 -0.144162 0.977034
1305031942.203108 0.221635 0.188928 -0.003168 -0.026203 -0.152328 -0.146831 0.977011
1305031942.238994 0.207544 0.192238 0.003110 -0.030862 -0.147316 -0.150730 0.977050
1305031942.271105 0.193099 0.198751 0.004692 -0.033705 -0.140876 -0.150882 0.977882
1305031942.303257 0.185779 0.207177 0.007462 -0.043574 -0.137116 -0.151230 0.977972
1305031942.337047 0.178966 0.215480 0.011114 -0.049285 -0.135211 -0.150780 0.978036
1305031942.370761 0.167200 0.224259 0.012832 -0.056925 -0.132177 -0.149171 0.978283
1305031942.402939 0.158918 0.226321 0.021486 -0.065903 -0.133322 -0.150704 0.977328
1305031942.439262 0.150079 0.227646 0.030132 -0.069270 -0.136165 -0.156347 0.975816
1305031942.471958 0.143222 0.230242 0.035295 -0.066255 -0.137103 -0.157892 0.975645
1305031942.503553 0.135085 0.233873 0.035748 -0.066352 -0.136080 -0.156998 0.975926
1305031942.539453 0.126078 0.231942 0.048239 -0.067659 -0.138319 -0.156278 0.975637
1305031942.571867 0.119745 0.233806 0.050708 -0.065391 -0.142193 -0.157459 0.975044
1305031942.601448 0.113459 0.236054 0.056988 -0.064673 -0.146599 -0.158407 0.974286
1305031942.639942 0.107361 0.236968 0.061042 -0.064583 -0.150409 -0.160569 0.973357
1305031942.669006 0.102647 0.241434 0.056824 -0.066560 -0.154494 -0.164635 0.971904
1305031942.704015 0.096246 0.241222 0.069763 -0.071327 -0.159108 -0.170075 0.969882
1305031942.739812 0.091055 0.242530 0.076417 -0.074125 -0.161199 -0.175619 0.968338
1305031942.771708 0.087207 0.242017 0.089462 -0.077801 -0.162895 -0.177173 0.967482
1305031942.801557 0.080057 0.239226 0.102224 -0.079402 -0.162018 -0.179428 0.967084
1305031942.841042 0.071706 0.238185 0.106144 -0.081318 -0.160347 -0.181662 0.966786
1305031942.868828 0.062967 0.240730 0.113806 -0.082481 -0.162395 -0.183120 0.966070
1305031942.903960 0.055492 0.237640 0.116182 -0.085669 -0.164248 -0.185038 0.965113
1305031942.936816 0.056525 0.237376 0.132642 -0.087908 -0.170131 -0.186174 0.963674
1305031942.970936 0.055916 0.233998 0.141879 -0.087552 -0.172358 -0.188718 0.962815
1305031943.001103 0.050827 0.232232 0.149560 -0.087592 -0.172880 -0.190220 0.962422
1305031943.039961 0.045625 0.227588 0.155435 -0.085729 -0.177313 -0.193805 0.961067
1305031943.071743 0.044616 0.221817 0.162066 -0.086387 -0.182418 -0.197179 0.959365
1305031943.104177 0.041466 0.220403 0.170285 -0.087296 -0.185105 -0.198849 0.958423
1305031943.139521 0.040042 0.217423 0.179214 -0.086347 -0.187080 -0.197730 0.958357
1305031943.171912 0.038235 0.209026 0.187035 -0.087668 -0.188074 -0.195556 0.958489
1305031943.201564 0.040313 0.204569 0.197809 -0.086342 -0.190568 -0.194177 0.958397
1305031943.240004 0.040361 0.193623 0.206444 -0.086295 -0.191498 -0.193408 0.958371
1305031943.271805 0.041009 0.180076 0.217847 -0.087202 -0.193028 -0.190958 0.958473
1305031943.303965 0.038913 0.167722 0.225220 -0.083651 -0.195052 -0.189441 0.958681
1305031943.339941 0.043646 0.156215 0.231861 -0.077367 -0.199195 -0.187276 0.958782
1305031943.371774 0.043470 0.140670 0.241091 -0.072251 -0.202130 -0.185894 0.958836
1305031943.404245 0.044238 0.124674 0.248025 -0.067593 -0.204902 -0.182490 0.959241
1305031943.440153 0.045517 0.104752 0.255518 -0.062418 -0.208334 -0.180212 0.959283
1305031943.471431 0.043798 0.094114 0.255263 -0.054307 -0.208133 -0.181094 0.959654
1305031943.501108 0.048996 0.076016 0.264082 -0.051704 -0.210652 -0.179013 0.959639
1305031943.539525 0.049823 0.060788 0.267324 -0.045893 -0.211195 -0.177346 0.960124
1305031943.570021 0.050982 0.056661 0.266499 -0.037670 -0.210047 -0.174927 0.961177
1305031943.607467 0.050652 0.038773 0.268304 -0.038264 -0.209068 -0.173439 0.961637
1305031943.638026 0.052797 0.028994 0.272126 -0.039111 -0.207619 -0.173483 0.961909
1305031943.671504 0.051819 0.015244 0.270774 -0.036323 -0.204652 -0.173894 0.962579
1305031943.707251 0.051756 -0.017686 0.271365 -0.033698 -0.205315 -0.174234 0.962472
1305031943.739428 0.050054 -0.029409 0.268179 -0.023185 -0.204849 -0.175154 0.962715
1305031943.771329 0.048928 -0.041387 0.267625 -0.017073 -0.205219 -0.177021 0.962423
1305031943.806822 0.047667 -0.051142 0.266843 -0.010721 -0.206578 -0.179682 0.961730
1305031943.837754 0.047247 -0.056982 0.266935 -0.004466 -0.208299 -0.181244 0.961115
1305031943.868873 0.045975 -0.072378 0.266717 0.002051 -0.212396 -0.182476 0.959993
1305031943.907218 0.044798 -0.076874 0.266396 0.013760 -0.216095 -0.183919 0.958795
1305031943.936768 0.051095 -0.063743 0.266613 0.032155 -0.222614 -0.180987 0.957420
1305031943.971278 0.045805 -0.087931 0.263952 0.039309 -0.226281 -0.180312 0.956420
1305031944.007760 0.045389 -0.091823 0.258119 0.049380 -0.224206 -0.180278 0.956448
1305031944.040486 0.044825 -0.105053 0.255390 0.057535 -0.219851 -0.175027 0.957977
1305031944.070886 0.046575 -0.108754 0.256825 0.071061 -0.214247 -0.169236 0.959379
1305031944.107390 0.053514 -0.105024 0.255475 0.085890 -0.208454 -0.160289 0.960977
1305031944.139656 0.050470 -0.116512 0.251936 0.091503 -0.202441 -0.153477 0.962855
1305031944.171370 0.052139 -0.119307 0.249280 0.098702 -0.198743 -0.146868 0.963945
1305031944.206998 0.053414 -0.113650 0.245215 0.106274 -0.195121 -0.141405 0.964696
1305031944.239334 0.056254 -0.108854 0.239002 0.111212 -0.192377 -0.137000 0.965326
1305031944.270963 0.061379 -0.109881 0.237163 0.114168 -0.188589 -0.132233 0.966392
1305031944.306934 0.067892 -0.114372 0.236183 0.115801 -0.183688 -0.126136 0.967956
1305031944.339308 0.079352 -0.116075 0.234506 0.118209 -0.178173 -0.120018 0.969472
1305031944.370745 0.080168 -0.113084 0.227876 0.119553 -0.168549 -0.112185 0.971963
1305031944.406233 0.087658 -0.112259 0.224675 0.119140 -0.160753 -0.102997 0.974349
1305031944.438724 0.104699 -0.104440 0.221769 0.117849 -0.151255 -0.092099 0.977114
1305031944.471304 0.110504 -0.113735 0.219360 0.110642 -0.137082 -0.080338 0.981077
1305031944.506947 0.117896 -0.116887 0.212620 0.109204 -0.121040 -0.071082 0.984059
1305031944.539069 0.123805 -0.106588 0.210181 0.109090 -0.104993 -0.063783 0.986411
1305031944.571530 0.123577 -0.104251 0.204676 0.104931 -0.091285 -0.057627 0.988603
1305031944.607229 0.133349 -0.099664 0.198506 0.099405 -0.081314 -0.053155 0.990293
1305031944.639625 0.139170 -0.099107 0.194826 0.091912 -0.069965 -0.050689 0.992012
1305031944.671779 0.149230 -0.095939 0.190612 0.084777 -0.058381 -0.050011 0.993430
1305031944.707774 0.158328 -0.092647 0.190186 0.074777 -0.043393 -0.048400 0.995079
1305031944.739941 0.158812 -0.105169 0.185766 0.064684 -0.026482 -0.043381 0.996611
1305031944.769058 0.162729 -0.102596 0.182215 0.062849 -0.011103 -0.040837 0.997125
1305031944.807919 0.163248 -0.101763 0.178293 0.058415 0.002017 -0.039967 0.997490
1305031944.839956 0.161388 -0.100378 0.175775 0.052127 0.012821 -0.037559 0.997852
1305031944.875719 0.170854 -0.102527 0.175841 0.045781 0.018794 -0.033358 0.998217
1305031944.904670 0.176788 -0.102428 0.174159 0.042487 0.026440 -0.031451 0.998252
1305031944.939702 0.181948 -0.103781 0.171692 0.037010 0.035339 -0.030894 0.998212
1305031944.969076 0.195588 -0.118657 0.175076 0.033254 0.040520 -0.027178 0.998255
1305031945.007437 0.199628 -0.134299 0.174943 0.041706 0.046681 -0.018928 0.997859
1305031945.039937 0.199984 -0.136021 0.168728 0.062003 0.051588 -0.014058 0.996643
1305031945.069177 0.195956 -0.129870 0.169764 0.081613 0.054911 -0.008681 0.995112
1305031945.107523 0.196612 -0.141907 0.155530 0.098264 0.052707 -0.006741 0.993741
1305031945.136772 0.204361 -0.145095 0.152597 0.120045 0.049269 -0.006556 0.991523
1305031945.168992 0.209660 -0.149928 0.148047 0.137150 0.045313 -0.005624 0.989497
1305031945.207107 0.219744 -0.144688 0.149281 0.156850 0.041689 -0.010950 0.986681
1305031945.238859 0.224958 -0.145856 0.141933 0.166195 0.045446 -0.017864 0.984883
1305031945.269070 0.230248 -0.147601 0.139650 0.171834 0.049608 -0.021445 0.983642
1305031945.306358 0.231443 -0.155167 0.138098 0.178426 0.051374 -0.021096 0.982385
1305031945.338940 0.239063 -0.159369 0.135021 0.189871 0.047637 -0.018809 0.980472
1305031945.369056 0.247071 -0.156339 0.135638 0.199285 0.042481 -0.018575 0.978844
1305031945.406657 0.252706 -0.166190 0.129210 0.206199 0.035789 -0.017432 0.977700
1305031945.436818 0.262181 -0.172764 0.125634 0.219339 0.028794 -0.020532 0.975007
1305031945.469167 0.277008 -0.168452 0.126534 0.231753 0.023933 -0.024545 0.972170
1305031945.506438 0.288048 -0.174411 0.123049 0.235489 0.022296 -0.029360 0.971178
1305031945.538422 0.294058 -0.180832 0.119543 0.241765 0.025947 -0.034664 0.969368
1305031945.569071 0.315478 -0.170550 0.110979 0.251921 0.029606 -0.031418 0.966784
1305031945.606029 0.327638 -0.163446 0.106842 0.253191 0.036040 -0.028986 0.966310
1305031945.638298 0.337911 -0.163330 0.110768 0.252066 0.039130 -0.027898 0.966516
1305031945.669116 0.345569 -0.152142 0.110951 0.250852 0.041981 -0.025259 0.966785
1305031945.706215 0.358687 -0.148704 0.113255 0.244861 0.043949 -0.025014 0.968239
1305031945.738673 0.370737 -0.152819 0.112443 0.237861 0.048168 -0.026202 0.969750
1305031945.769045 0.388280 -0.135478 0.121447 0.233260 0.053745 -0.024050 0.970630
1305031945.806240 0.399995 -0.128443 0.122284 0.222081 0.058748 -0.020730 0.973036
1305031945.838266 0.410943 -0.126566 0.121485 0.209029 0.063725 -0.019509 0.975636
1305031945.869258 0.431098 -0.114800 0.121521 0.194307 0.067467 -0.015244 0.978499
1305031945.909177 0.443971 -0.110233 0.117130 0.174257 0.072305 -0.009753 0.981994
1305031945.936806 0.453419 -0.114669 0.125635 0.153870 0.081572 -0.006838 0.984694
1305031945.969300 0.463040 -0.112547 0.113496 0.134795 0.091774 -0.001079 0.986614
1305031946.005983 0.474432 -0.105982 0.113423 0.116832 0.102913 0.005320 0.987791
1305031946.037278 0.480774 -0.104575 0.114987 0.098901 0.115167 0.011205 0.988347
1305031946.069057 0.489709 -0.101745 0.114469 0.086322 0.124589 0.017762 0.988287
1305031946.107140 0.496864 -0.099015 0.115712 0.074784 0.134445 0.025104 0.987776
1305031946.137054 0.504052 -0.098236 0.113325 0.067105 0.141079 0.027820 0.987330
1305031946.168867 0.508546 -0.090492 0.109277 0.063104 0.147333 0.028356 0.986664
1305031946.207043 0.511088 -0.082648 0.104909 0.057254 0.153217 0.031334 0.986035
1305031946.237369 0.507207 -0.081333 0.098169 0.048734 0.158630 0.035482 0.985496
1305031946.268902 0.515986 -0.067638 0.094378 0.043918 0.155499 0.036218 0.986194
1305031946.306775 0.515019 -0.060365 0.087035 0.035675 0.151075 0.034100 0.987290
1305031946.337036 0.516395 -0.052576 0.075365 0.027100 0.144873 0.031637 0.988573
1305031946.369021 0.516143 -0.041848 0.062763 0.020202 0.141325 0.029581 0.989315
1305031946.406520 0.514243 -0.035451 0.050100 0.012595 0.138572 0.027319 0.989895
1305031946.437150 0.512494 -0.028098 0.035740 0.008331 0.135178 0.026969 0.990419
1305031946.468964 0.511219 -0.018147 0.020115 0.005836 0.131521 0.027866 0.990904
1305031946.506586 0.511575 -0.008600 0.003704 0.002540 0.127957 0.028271 0.991373
1305031946.537148 0.512185 -0.002656 -0.012802 -0.000485 0.126361 0.029273 0.991552
1305031946.569238 0.513289 0.006293 -0.029657 -0.001293 0.126716 0.031313 0.991444
1305031946.606469 0.514412 0.015268 -0.045685 -0.002622 0.129417 0.034032 0.991003
1305031946.637163 0.514013 0.022329 -0.062433 -0.003090 0.133914 0.035573 0.990350
1305031946.669089 0.513204 0.030737 -0.078718 -0.003371 0.138862 0.035791 0.989659
1305031946.706515 0.510269 0.038553 -0.095683 -0.003341 0.144749 0.034351 0.988866
1305031946.737134 0.504317 0.049107 -0.111969 -0.004308 0.149455 0.033066 0.988206
1305031946.769059 0.504517 0.057175 -0.128370 -0.008263 0.151331 0.032589 0.987911
1305031946.806647 0.503163 0.062673 -0.143320 -0.012820 0.155247 0.033000 0.987241
1305031946.837100 0.501059 0.067836 -0.158844 -0.016254 0.158393 0.034333 0.986645
1305031946.869090 0.497437 0.069197 -0.173238 -0.018435 0.160282 0.033642 0.986325
1305031946.906602 0.490241 0.074627 -0.187425 -0.017613 0.159822 0.033634 0.986415
1305031946.937151 0.491882 0.083575 -0.203221 -0.017139 0.154601 0.034211 0.987236
1305031946.969064 0.494119 0.091857 -0.217581 -0.020149 0.151567 0.034389 0.987643
1305031947.006827 0.492897 0.093225 -0.229201 -0.025895 0.149150 0.034089 0.987887
1305031947.037000 0.498375 0.097059 -0.243435 -0.028640 0.144148 0.033984 0.988558
1305031947.068973 0.506416 0.099205 -0.256114 -0.030829 0.142364 0.034534 0.988731
1305031947.106644 0.512516 0.099881 -0.267295 -0.030542 0.142544 0.031101 0.988828
1305031947.137044 0.521131 0.109814 -0.277089 -0.028504 0.144659 0.028546 0.988659
1305031947.169117 0.526448 0.114543 -0.284667 -0.030021 0.148575 0.030711 0.987968
1305031947.204982 0.533907 0.115319 -0.290877 -0.031261 0.149276 0.031418 0.987802
1305031947.237001 0.541199 0.119023 -0.297031 -0.031500 0.149383 0.030085 0.987820
1305031947.269076 0.548314 0.125326 -0.301698 -0.033482 0.147299 0.025269 0.988202
1305031947.304951 0.562569 0.133773 -0.306094 -0.039005 0.142886 0.022248 0.988720
1305031947.336945 0.572596 0.129641 -0.306796 -0.048223 0.140270 0.019021 0.988755
1305031947.368991 0.586797 0.129175 -0.307397 -0.052596 0.134785 0.009897 0.989428
1305031947.405013 0.601101 0.132508 -0.309094 -0.054050 0.129511 0.002330 0.990101
1305031947.437038 0.615513 0.129367 -0.309572 -0.056239 0.123246 0.000491 0.990781
1305031947.469273 0.629499 0.122970 -0.312409 -0.053433 0.115761 -0.002788 0.991835
1305031947.504994 0.643407 0.126681 -0.315740 -0.046670 0.106359 -0.010215 0.993179
1305031947.537022 0.659221 0.135113 -0.318551 -0.040976 0.095637 -0.016932 0.994428
1305031947.568989 0.675556 0.135193 -0.321122 -0.040817 0.082392 -0.022847 0.995502
1305031947.605177 0.698615 0.136509 -0.324720 -0.039857 0.066624 -0.035355 0.996355
1305031947.637085 0.717212 0.133825 -0.327901 -0.038277 0.055801 -0.046556 0.996621
1305031947.669011 0.731045 0.132995 -0.331679 -0.033830 0.044786 -0.055130 0.996900
1305031947.705153 0.752302 0.132865 -0.335769 -0.027449 0.028764 -0.067561 0.996923
1305031947.736979 0.772775 0.136162 -0.340117 -0.020025 0.014998 -0.081834 0.996332
1305031947.769041 0.796070 0.135819 -0.343808 -0.011732 0.001537 -0.094089 0.995493
1305031947.804941 0.818574 0.145192 -0.348427 -0.004560 -0.006570 -0.102817 0.994668
1305031947.837022 0.831440 0.139494 -0.350686 -0.003679 -0.013412 -0.111697 0.993645
1305031947.868988 0.853015 0.146061 -0.354519 0.003826 -0.023718 -0.122649 0.992159
1305031947.904995 0.866631 0.147872 -0.355607 0.004057 -0.030315 -0.131656 0.990824
1305031947.937025 0.882404 0.149480 -0.357572 0.006541 -0.039782 -0.140271 0.989292
1305031947.968976 0.902420 0.154838 -0.358731 0.006511 -0.048448 -0.147120 0.987910
1305031948.004911 0.915262 0.151343 -0.357784 0.002384 -0.054152 -0.152418 0.986829
1305031948.037003 0.930804 0.145424 -0.357907 0.001288 -0.060604 -0.155723 0.985939
1305031948.068973 0.948834 0.144239 -0.357753 0.003896 -0.064770 -0.157417 0.985398
1305031948.104993 0.959004 0.143225 -0.356720 0.005752 -0.066885 -0.159281 0.984948
1305031948.136951 0.972082 0.142865 -0.354226 0.006721 -0.072552 -0.160446 0.984352
1305031948.168952 0.985225 0.138079 -0.351008 0.007510 -0.080325 -0.163815 0.983187
1305031948.204992 1.001133 0.136577 -0.346996 0.009744 -0.088895 -0.169245 0.981508
1305031948.237002 1.015149 0.136033 -0.342096 0.010621 -0.096221 -0.174481 0.979890
1305031948.269041 1.027680 0.132182 -0.335541 0.009465 -0.104250 -0.177524 0.978533
1305031948.304939 1.047201 0.128022 -0.328489 0.008757 -0.113392 -0.177568 0.977515
1305031948.337101 1.072084 0.125718 -0.318133 0.007440 -0.118418 -0.176364 0.977148
1305031948.368969 1.087888 0.116441 -0.308110 0.002728 -0.117578 -0.175913 0.977355
1305031948.404989 1.104830 0.110386 -0.300180 0.001397 -0.116429 -0.176171 0.977449
1305031948.436942 1.126596 0.109830 -0.287167 -0.002010 -0.114485 -0.176756 0.977572
1305031948.469170 1.136825 0.099907 -0.275534 -0.009385 -0.110848 -0.176165 0.978054
1305031948.505024 1.156134 0.092158 -0.263912 -0.013862 -0.111818 -0.176333 0.977860
1305031948.537017 1.175482 0.083589 -0.251026 -0.018835 -0.110875 -0.177708 0.977636
1305031948.568891 1.191979 0.070743 -0.239767 -0.023279 -0.108143 -0.179343 0.977548
1305031948.605001 1.208919 0.065295 -0.229769 -0.024094 -0.105049 -0.183393 0.977114
1305031948.636912 1.224690 0.056329 -0.218015 -0.027952 -0.101448 -0.188654 0.976390
1305031948.669040 1.239897 0.046948 -0.209417 -0.029757 -0.098618 -0.193198 0.975737
1305031948.705075 1.259918 0.041977 -0.200199 -0.031375 -0.095149 -0.198958 0.974873
1305031948.737063 1.270704 0.035026 -0.190323 -0.035304 -0.087735 -0.201506 0.974911
1305031948.768899 1.286326 0.031246 -0.181456 -0.037905 -0.084398 -0.200259 0.975365
1305031948.804975 1.303173 0.026327 -0.171461 -0.043313 -0.080521 -0.198579 0.975811
1305031948.837073 1.319686 0.023553 -0.161562 -0.048691 -0.076417 -0.195396 0.976530
1305031948.868835 1.338013 0.024044 -0.151401 -0.056743 -0.072909 -0.191776 0.977081
1305031948.905077 1.349750 0.019995 -0.139928 -0.069546 -0.067376 -0.187603 0.977460
1305031948.936996 1.363151 0.019071 -0.130077 -0.079489 -0.065496 -0.182360 0.977822
1305031948.968952 1.379041 0.021214 -0.119042 -0.092129 -0.066174 -0.180217 0.977065
1305031949.005006 1.391543 0.019703 -0.106441 -0.109673 -0.066482 -0.180652 0.975150
1305031949.037089 1.407205 0.020368 -0.093934 -0.124528 -0.066090 -0.181203 0.973289
1305031949.069061 1.416879 0.021071 -0.083138 -0.140503 -0.061613 -0.181621 0.971327
1305031949.105077 1.421629 0.025922 -0.072780 -0.152820 -0.058928 -0.182862 0.969399
1305031949.137263 1.428965 0.027675 -0.062335 -0.167779 -0.061568 -0.186990 0.965968
1305031949.168946 1.436684 0.024704 -0.052675 -0.181869 -0.066998 -0.189873 0.962488
1305031949.204940 1.446702 0.026171 -0.044276 -0.192188 -0.075749 -0.194797 0.958843
1305031949.237011 1.459371 0.028572 -0.036659 -0.200159 -0.087276 -0.201998 0.954733
1305031949.268994 1.469690 0.026198 -0.027964 -0.209828 -0.097706 -0.208991 0.950131
1305031949.305254 1.478852 0.018676 -0.019794 -0.218459 -0.107094 -0.216308 0.945525
1305031949.337227 1.493546 0.019249 -0.014001 -0.219151 -0.118173 -0.224859 0.942044
1305031949.368902 1.507625 0.016138 -0.007759 -0.223973 -0.127090 -0.235619 0.937106
1305031949.405064 1.516647 0.006338 -0.000150 -0.230985 -0.131125 -0.248235 0.931575
1305031949.437094 1.525735 -0.002832 0.005022 -0.230555 -0.136361 -0.258071 0.928251
1305031949.468902 1.537470 -0.006525 0.006891 -0.226644 -0.144033 -0.265720 0.925894
1305031949.505002 1.546104 -0.015470 0.010663 -0.227662 -0.151395 -0.271698 0.922730
1305031949.537017 1.550547 -0.027740 0.014387 -0.228004 -0.157797 -0.276152 0.920247
1305031949.568988 1.556224 -0.038914 0.015625 -0.221794 -0.167449 -0.280422 0.918766
1305031949.604798 1.564362 -0.049450 0.016657 -0.213038 -0.179001 -0.286465 0.916794
1305031949.637172 1.564404 -0.065228 0.018053 -0.207273 -0.186108 -0.292659 0.914742
1305031949.668955 1.568174 -0.080600 0.019224 -0.196234 -0.196111 -0.295305 0.914236
1305031949.705003 1.575017 -0.090814 0.018244 -0.180534 -0.204695 -0.298204 0.914648
1305031949.736949 1.575788 -0.104693 0.018828 -0.170172 -0.208832 -0.299414 0.915304
1305031949.768985 1.575334 -0.119336 0.018778 -0.158425 -0.212820 -0.297156 0.917228
1305031949.804939 1.577098 -0.133231 0.018685 -0.142782 -0.218456 -0.295715 0.918936
1305031949.836964 1.578198 -0.144512 0.016867 -0.126246 -0.223072 -0.295200 0.920412
1305031949.868951 1.577322 -0.157108 0.014857 -0.109829 -0.228209 -0.292831 0.922013
1305031949.904851 1.579549 -0.173068 0.015256 -0.091903 -0.235466 -0.291246 0.922651
1305031949.936858 1.586364 -0.181171 0.011798 -0.069991 -0.239184 -0.290081 0.923983
1305031949.968881 1.590400 -0.192076 0.009387 -0.051553 -0.238404 -0.288130 0.926006
1305031950.004952 1.591869 -0.206688 0.008649 -0.034628 -0.235788 -0.283053 0.929024
1305031950.036989 1.594251 -0.217624 0.007013 -0.015767 -0.232171 -0.275245 0.932785
1305031950.069081 1.596387 -0.229477 0.006662 0.001994 -0.228168 -0.264549 0.936990
1305031950.104966 1.594382 -0.241995 0.007480 0.019754 -0.223804 -0.252531 0.941143
1305031950.136997 1.590864 -0.256401 0.003822 0.044392 -0.221051 -0.238967 0.944490
1305031950.168914 1.594075 -0.261059 0.002747 0.074733 -0.221232 -0.223387 0.946345
1305031950.204933 1.596814 -0.277356 0.002108 0.101330 -0.220769 -0.209711 0.947109
1305031950.237027 1.600175 -0.287121 0.001472 0.130126 -0.219314 -0.199535 0.946126
1305031950.269033 1.602229 -0.296131 0.001465 0.153466 -0.217098 -0.191672 0.944764
1305031950.304978 1.605489 -0.302956 0.002038 0.172450 -0.214316 -0.185932 0.943270
1305031950.337197 1.601909 -0.316917 0.003945 0.189858 -0.211537 -0.182986 0.941128
1305031950.368911 1.598722 -0.335032 0.001169 0.206841 -0.211148 -0.179660 0.938273
1305031950.404939 1.599648 -0.339868 0.004217 0.223504 -0.213286 -0.175172 0.934810
1305031950.436983 1.597884 -0.349438 0.003418 0.237910 -0.217372 -0.172589 0.930785
1305031950.468976 1.596482 -0.352125 0.003975 0.252834 -0.222014 -0.170919 0.926052
1305031950.504938 1.594267 -0.358984 0.004004 0.262418 -0.225343 -0.170086 0.922728
1305031950.536894 1.599458 -0.350856 0.017350 0.269895 -0.228118 -0.167453 0.920369
1305031950.568883 1.594198 -0.332312 0.025633 0.275082 -0.225817 -0.164255 0.919977
1305031950.604862 1.586483 -0.304009 0.041004 0.279011 -0.221423 -0.158612 0.920851
1305031950.637006 1.593317 -0.291452 0.053587 0.276100 -0.219853 -0.153175 0.923022
1305031950.668910 1.589498 -0.295221 0.058941 0.267198 -0.218064 -0.150629 0.926479
1305031950.704873 1.585723 -0.291252 0.066154 0.257145 -0.218546 -0.148955 0.929476
1305031950.736893 1.580705 -0.282512 0.071503 0.245093 -0.217968 -0.152878 0.932227
1305031950.768897 1.580603 -0.277871 0.078419 0.228755 -0.219008 -0.157417 0.935375
1305031950.804899 1.586794 -0.272413 0.088479 0.212275 -0.221203 -0.162121 0.937937
1305031950.837135 1.588955 -0.260812 0.100249 0.195425 -0.220150 -0.167707 0.940860
1305031950.869014 1.590953 -0.260801 0.104979 0.176481 -0.220050 -0.170429 0.944133
1305031950.904883 1.598320 -0.248865 0.115740 0.162023 -0.221057 -0.172295 0.946148
1305031950.936970 1.604415 -0.247244 0.120768 0.144635 -0.221580 -0.175131 0.948321
1305031950.968904 1.607493 -0.255394 0.122834 0.126332 -0.222552 -0.180061 0.949784
1305031951.004836 1.610695 -0.270801 0.125075 0.110620 -0.224420 -0.185588 0.950240
1305031951.036930 1.618808 -0.267916 0.129309 0.104328 -0.226618 -0.190946 0.949368
1305031951.069013 1.631773 -0.260448 0.135720 0.097789 -0.228983 -0.196531 0.948356
1305031951.104800 1.640061 -0.256658 0.138525 0.088481 -0.229584 -0.202598 0.947848
1305031951.136893 1.648292 -0.254342 0.140126 0.079092 -0.232457 -0.208780 0.946636
1305031951.168908 1.659989 -0.246683 0.141774 0.071245 -0.236751 -0.216152 0.944538
1305031951.204914 1.671606 -0.237878 0.143142 0.059154 -0.241685 -0.225704 0.941885
1305031951.236957 1.684598 -0.234263 0.143321 0.044223 -0.246851 -0.239117 0.938047
1305031951.268906 1.696915 -0.239329 0.147813 0.030448 -0.251156 -0.253814 0.933580
1305031951.304862 1.708196 -0.237042 0.145115 0.024047 -0.253356 -0.269628 0.928727
1305031951.336937 1.727586 -0.229186 0.149469 0.018971 -0.257072 -0.284329 0.923424
1305031951.368840 1.743285 -0.229137 0.153792 0.009030 -0.258392 -0.299305 0.918460
1305031951.404865 1.758357 -0.229135 0.158328 0.002139 -0.259589 -0.311933 0.913951
1305031951.436903 1.778074 -0.227340 0.164138 -0.004600 -0.258706 -0.321503 0.910871
1305031951.468857 1.792508 -0.227831 0.169157 -0.013278 -0.254917 -0.327573 0.909691
1305031951.504916 1.810313 -0.227060 0.176410 -0.021508 -0.252593 -0.330080 0.909275
1305031951.536888 1.825880 -0.230082 0.183969 -0.031740 -0.247924 -0.330555 0.910088
1305031951.569006 1.841858 -0.231218 0.191825 -0.040253 -0.242585 -0.328791 0.911827
1305031951.604927 1.856277 -0.233396 0.200381 -0.048577 -0.238558 -0.327659 0.912891
1305031951.636936 1.874428 -0.236398 0.211430 -0.055451 -0.236588 -0.328012 0.912885
1305031951.668929 1.890650 -0.237803 0.223297 -0.061973 -0.230891 -0.330746 0.912938
1305031951.704880 1.904097 -0.239650 0.234624 -0.070136 -0.224429 -0.331533 0.913673
1305031951.736828 1.920489 -0.241068 0.247163 -0.080343 -0.219716 -0.329880 0.914576
1305031951.768926 1.932974 -0.244573 0.262265 -0.092028 -0.213821 -0.329829 0.914890
1305031951.804886 1.945499 -0.248896 0.276651 -0.100710 -0.208564 -0.328852 0.915541
1305031951.836932 1.962125 -0.251516 0.291868 -0.108271 -0.203045 -0.327532 0.916391
1305031951.868913 1.975140 -0.254214 0.307836 -0.116895 -0.196593 -0.327240 0.916843
1305031951.904907 1.982623 -0.260195 0.321465 -0.126486 -0.189209 -0.325762 0.917649
1305031951.936962 1.994641 -0.263515 0.336075 -0.132461 -0.184120 -0.323563 0.918619
1305031951.968839 2.005255 -0.266047 0.348499 -0.137489 -0.181693 -0.320716 0.919362
1305031952.004839 2.012028 -0.269597 0.361143 -0.143963 -0.182355 -0.318614 0.918971
1305031952.037104 2.017038 -0.275708 0.374440 -0.149152 -0.185639 -0.319172 0.917290
1305031952.068888 2.020815 -0.284259 0.386659 -0.151454 -0.190868 -0.320970 0.915210
1305031952.105135 2.026265 -0.291172 0.397452 -0.148415 -0.198805 -0.323992 0.912951
1305031952.136943 2.031025 -0.292352 0.406583 -0.141118 -0.209272 -0.329203 0.909899
1305031952.168932 2.039122 -0.294531 0.414458 -0.138201 -0.224543 -0.334820 0.904642
1305031952.204914 2.044204 -0.303987 0.427083 -0.140469 -0.241246 -0.344270 0.896408
1305031952.236877 2.044393 -0.314795 0.437452 -0.138856 -0.255996 -0.358239 0.887046
1305031952.268902 2.052570 -0.319412 0.444872 -0.133241 -0.271479 -0.367508 0.879479
1305031952.304888 2.051464 -0.334102 0.457533 -0.136728 -0.282757 -0.379631 0.870192
1305031952.336993 2.052366 -0.351203 0.468743 -0.134396 -0.291900 -0.390042 0.862902
1305031952.368960 2.058935 -0.362180 0.478783 -0.128479 -0.297770 -0.395347 0.859376
1305031952.404918 2.060607 -0.375564 0.488014 -0.129031 -0.297571 -0.396676 0.858749
1305031952.437054 2.061672 -0.385013 0.497508 -0.128313 -0.296818 -0.392962 0.860823
1305031952.468939 2.061778 -0.394386 0.507206 -0.128179 -0.296497 -0.389457 0.862545
1305031952.504868 2.063136 -0.403556 0.516233 -0.126193 -0.297322 -0.387484 0.863441
1305031952.536948 2.063133 -0.412347 0.525393 -0.124553 -0.297306 -0.385615 0.864521
1305031952.568932 2.060055 -0.421303 0.533129 -0.120712 -0.297180 -0.383680 0.865969
1305031952.604926 2.061151 -0.426506 0.540479 -0.114622 -0.299945 -0.380967 0.867040
1305031952.636992 2.058942 -0.431450 0.547307 -0.110053 -0.302430 -0.378005 0.868065
1305031952.668899 2.054380 -0.437663 0.553391 -0.104496 -0.306204 -0.375584 0.868480
1305031952.704918 2.051399 -0.440616 0.558433 -0.097099 -0.312626 -0.369621 0.869608
1305031952.736938 2.052015 -0.442929 0.562800 -0.088940 -0.322592 -0.362441 0.869862
1305031952.768957 2.051011 -0.444146 0.563833 -0.081093 -0.333280 -0.359979 0.867619
1305031952.804919 2.044702 -0.448625 0.565913 -0.075323 -0.347133 -0.358255 0.863411
1305031952.836931 2.043875 -0.450702 0.567672 -0.065440 -0.364958 -0.354257 0.858502
1305031952.868991 2.045535 -0.452331 0.572531 -0.057844 -0.383802 -0.350568 0.852322
1305031952.904920 2.040135 -0.460057 0.575342 -0.048441 -0.401208 -0.350578 0.844856
1305031952.936984 2.049111 -0.461753 0.578477 -0.033516 -0.421835 -0.347196 0.836892
1305031952.972903 2.053086 -0.464973 0.581774 -0.030343 -0.437763 -0.348410 0.828284
1305031953.004869 2.047407 -0.478063 0.581540 -0.030658 -0.448424 -0.349896 0.821918
1305031953.036943 2.051954 -0.482963 0.587661 -0.023176 -0.460572 -0.349683 0.815511
1305031953.073127 2.054779 -0.488559 0.591483 -0.017725 -0.468807 -0.351515 0.810150
1305031953.104909 2.057487 -0.494653 0.594301 -0.014550 -0.476474 -0.352830 0.805153
1305031953.137098 2.057684 -0.500850 0.598870 -0.012531 -0.483665 -0.354329 0.800226
1305031953.172998 2.057898 -0.507865 0.600820 -0.008374 -0.488751 -0.356622 0.796161
1305031953.204992 2.058361 -0.513320 0.601137 -0.003012 -0.493678 -0.360212 0.791531
1305031953.237103 2.058659 -0.517834 0.599570 0.003188 -0.499248 -0.364609 0.786004
1305031953.273087 2.057668 -0.523070 0.598642 0.007259 -0.506128 -0.368741 0.779623
1305031953.304968 2.056552 -0.528497 0.598803 0.012133 -0.512227 -0.371033 0.774474
1305031953.337012 2.055794 -0.532291 0.594885 0.018372 -0.516979 -0.373162 0.770160
1305031953.372964 2.054413 -0.535706 0.589798 0.022691 -0.522676 -0.373035 0.766250
1305031953.404920 2.055864 -0.536651 0.584754 0.026771 -0.529905 -0.371661 0.761809
1305031953.436876 2.057717 -0.537313 0.577966 0.026950 -0.536730 -0.370405 0.757625
1305031953.473261 2.056775 -0.539302 0.573929 0.023447 -0.541591 -0.369438 0.754749
1305031953.504919 2.055604 -0.541568 0.566012 0.019494 -0.545403 -0.366275 0.753656
1305031953.536948 2.059739 -0.536333 0.561811 0.016616 -0.549698 -0.363557 0.751919
1305031953.572862 2.058811 -0.538337 0.557751 0.010621 -0.551177 -0.365518 0.749992
1305031953.604882 2.061967 -0.535659 0.553097 0.007603 -0.550789 -0.366930 0.749624
1305031953.636962 2.063961 -0.533902 0.547669 -0.001779 -0.548367 -0.368232 0.750796
1305031953.673021 2.062531 -0.537932 0.543293 -0.012314 -0.545271 -0.365904 0.754084
1305031953.704929 2.065615 -0.533512 0.536777 -0.016406 -0.541231 -0.362015 0.758779
1305031953.736982 2.069489 -0.528115 0.531218 -0.022590 -0.536915 -0.361305 0.762017
1305031953.772886 2.067608 -0.528446 0.527287 -0.031834 -0.532621 -0.359293 0.765643
1305031953.804859 2.071691 -0.523382 0.525414 -0.038502 -0.528615 -0.352223 0.771377
1305031953.836840 2.075005 -0.517463 0.525826 -0.048254 -0.520891 -0.347547 0.778174
1305031953.872987 2.073242 -0.515980 0.523841 -0.057070 -0.510796 -0.342399 0.786507
1305031953.904912 2.080082 -0.513605 0.522019 -0.062588 -0.500099 -0.336998 0.795246
1305031953.936924 2.078810 -0.504656 0.521444 -0.067232 -0.484256 -0.336598 0.804784
1305031953.972857 2.077863 -0.505096 0.520507 -0.070138 -0.469867 -0.336269 0.813160
1305031954.004852 2.081863 -0.501629 0.515330 -0.067356 -0.453431 -0.336523 0.822567
1305031954.036921 2.082627 -0.496558 0.506341 -0.066516 -0.434217 -0.341486 0.830914
1305031954.072918 2.080607 -0.496084 0.498594 -0.067665 -0.418316 -0.345564 0.837269
1305031954.104933 2.081531 -0.496290 0.493811 -0.066725 -0.405336 -0.347755 0.842803
1305031954.136939 2.081047 -0.496180 0.486778 -0.064781 -0.390867 -0.350148 0.848777
1305031954.172997 2.078487 -0.494303 0.475895 -0.062437 -0.376223 -0.351252 0.855090
1305031954.204838 2.074782 -0.495911 0.466862 -0.060340 -0.364373 -0.350941 0.860483
1305031954.237023 2.070211 -0.499885 0.450975 -0.056594 -0.353626 -0.351361 0.865038
1305031954.272870 2.066562 -0.497294 0.436920 -0.049504 -0.346273 -0.349514 0.869186
1305031954.304869 2.066967 -0.493245 0.422052 -0.042870 -0.340555 -0.346623 0.872947
1305031954.336921 2.065060 -0.486950 0.406947 -0.040293 -0.333692 -0.343940 0.876773
1305031954.372872 2.061119 -0.482690 0.392889 -0.039615 -0.328149 -0.342888 0.879305
1305031954.404711 2.056048 -0.481251 0.379507 -0.038101 -0.324334 -0.344794 0.880041
1305031954.436896 2.056069 -0.474977 0.364902 -0.033988 -0.319435 -0.345848 0.881587
1305031954.472974 2.051367 -0.467510 0.348811 -0.034774 -0.311394 -0.344968 0.884772
1305031954.504827 2.044797 -0.463138 0.333994 -0.038487 -0.303816 -0.341233 0.888693
1305031954.536934 2.045000 -0.457665 0.321242 -0.040090 -0.298047 -0.336749 0.892279
1305031954.572946 2.038320 -0.450344 0.305990 -0.044915 -0.286828 -0.332451 0.897323
1305031954.604885 2.022207 -0.450965 0.291205 -0.050241 -0.277467 -0.324942 0.902719
1305031954.636862 2.016069 -0.451624 0.279310 -0.045835 -0.275044 -0.318725 0.905905
1305031954.672891 2.012340 -0.438290 0.263492 -0.035566 -0.272455 -0.314775 0.908526
1305031954.704892 2.006585 -0.427588 0.248744 -0.031104 -0.272677 -0.313266 0.909145
1305031954.736939 2.000486 -0.422789 0.237975 -0.029802 -0.272987 -0.314209 0.908770
1305031954.773183 1.990333 -0.417355 0.225377 -0.026877 -0.272866 -0.315739 0.908367
1305031954.804833 1.988715 -0.411617 0.215341 -0.023508 -0.274370 -0.314452 0.908454
1305031954.836924 1.982664 -0.404930 0.205450 -0.022703 -0.271181 -0.313012 0.909928
1305031954.873001 1.977653 -0.403809 0.196256 -0.021114 -0.268950 -0.312109 0.910938
1305031954.904866 1.975707 -0.394068 0.186863 -0.018619 -0.262763 -0.308438 0.914043
1305031954.937022 1.967166 -0.389366 0.178565 -0.020789 -0.256190 -0.304615 0.917139
1305031954.972931 1.967042 -0.384392 0.172729 -0.019515 -0.253448 -0.303488 0.918302
1305031955.004936 1.962359 -0.377907 0.165784 -0.019393 -0.246909 -0.303439 0.920100
1305031955.036969 1.957912 -0.371230 0.159624 -0.019424 -0.241986 -0.303098 0.921519
1305031955.073048 1.958353 -0.361436 0.155344 -0.019432 -0.237763 -0.303562 0.922465
1305031955.104929 1.951786 -0.353116 0.150231 -0.023382 -0.231622 -0.303763 0.923868
1305031955.136878 1.949584 -0.345562 0.147554 -0.026705 -0.229375 -0.304406 0.924127
1305031955.173003 1.947303 -0.336785 0.144938 -0.030962 -0.226077 -0.305588 0.924417
1305031955.204960 1.942007 -0.331416 0.143635 -0.037406 -0.223802 -0.306649 0.924381
1305031955.236857 1.941087 -0.328651 0.142892 -0.041384 -0.223641 -0.310554 0.922945
1305031955.272905 1.939189 -0.322432 0.141971 -0.044361 -0.220713 -0.313164 0.922630
1305031955.304880 1.934608 -0.320112 0.141528 -0.049175 -0.217861 -0.313640 0.922902
1305031955.337035 1.935029 -0.318316 0.141774 -0.051481 -0.216362 -0.313003 0.923345
1305031955.372861 1.932571 -0.314864 0.141607 -0.055104 -0.211903 -0.310982 0.924852
1305031955.404928 1.931517 -0.314650 0.142107 -0.058239 -0.208942 -0.307593 0.926465
1305031955.436909 1.930137 -0.313238 0.142274 -0.061021 -0.205074 -0.304110 0.928298
1305031955.472931 1.927759 -0.312661 0.142013 -0.063040 -0.202500 -0.302698 0.929190
1305031955.504893 1.928975 -0.310549 0.141977 -0.063718 -0.201602 -0.302172 0.929510
1305031955.536891 1.926171 -0.310462 0.141747 -0.066636 -0.199400 -0.300203 0.930418
1305031955.572893 1.924924 -0.313721 0.141649 -0.067491 -0.199931 -0.299602 0.930436
1305031955.604944 1.926793 -0.312092 0.141512 -0.065820 -0.199756 -0.299386 0.930663
1305031955.636881 1.925512 -0.310697 0.140704 -0.065804 -0.198863 -0.297209 0.931552
1305031955.672837 1.926431 -0.310902 0.140504 -0.066574 -0.199776 -0.296047 0.931672
1305031955.704890 1.926708 -0.313124 0.140741 -0.067417 -0.199728 -0.295167 0.931901
1305031955.736903 1.926727 -0.313198 0.140345 -0.066952 -0.199330 -0.293217 0.932636
1305031955.772963 1.927399 -0.313757 0.140106 -0.066826 -0.199528 -0.291555 0.933123
1305031955.804902 1.928024 -0.315143 0.139886 -0.066713 -0.199460 -0.289375 0.933824
1305031955.837019 1.928975 -0.314796 0.139428 -0.066128 -0.199309 -0.287934 0.934343
1305031955.872917 1.928934 -0.316242 0.138706 -0.065886 -0.199532 -0.286424 0.934777
1305031955.904911 1.931581 -0.313908 0.137852 -0.064935 -0.199742 -0.284197 0.935478
1305031955.937291 1.930037 -0.315396 0.136913 -0.066386 -0.199480 -0.283198 0.935735
1305031955.973194 1.930838 -0.317150 0.136353 -0.066261 -0.201048 -0.282528 0.935610
1305031956.004870 1.933971 -0.318263 0.136451 -0.065255 -0.201624 -0.281320 0.935921
1305031956.036937 1.933265 -0.319096 0.135531 -0.064569 -0.199968 -0.280399 0.936600
1305031956.073037 1.932845 -0.320178 0.134657 -0.063475 -0.199895 -0.279075 0.937086
1305031956.104901 1.935902 -0.319589 0.134252 -0.061239 -0.200098 -0.277380 0.937695
1305031956.136924 1.935748 -0.319069 0.133537 -0.060925 -0.198090 -0.276923 0.938276
