# timestamp tx ty tz qx qy qz qw
1311870427.199132 0.000000 0.000000 0.000000 0.000000 0.000000 0.000000 1.000000
1311870427.231132 -0.000215 -0.000327 -0.001067 0.002053 -0.000033 0.000453 0.999998
1311870427.263210 0.000615 0.000875 -0.002590 0.002791 -0.000617 0.001073 0.999995
1311870427.299143 0.000019 0.000190 -0.003542 0.003070 -0.001096 0.001930 0.999993
1311870427.331187 -0.002031 -0.000641 -0.006258 0.002434 -0.001435 0.002821 0.999992
1311870427.363116 0.000960 0.000031 -0.004406 0.002237 -0.002244 0.003130 0.999990
1311870427.399237 0.000574 -0.000609 -0.004181 0.002374 -0.001663 0.003077 0.999991
1311870427.431127 0.001003 -0.001167 -0.006323 0.002639 -0.001445 0.002952 0.999991
1311870427.463385 -0.000609 -0.000483 -0.005005 0.002620 -0.001344 0.003444 0.999990
1311870427.499447 -0.001344 -0.000542 -0.008212 0.001827 -0.002218 0.003863 0.999988
1311870427.531159 -0.000396 -0.001370 -0.007941 0.001282 -0.003141 0.003137 0.999989
1311870427.563190 -0.000786 -0.000743 -0.008322 0.001162 -0.003312 0.002598 0.999990
1311870427.599086 0.000295 -0.000564 -0.007792 0.001214 -0.003836 0.003017 0.999987
1311870427.631114 -0.000499 -0.002319 -0.007321 0.001002 -0.004072 0.003126 0.999986
1311870427.663429 0.000570 -0.001428 -0.009494 0.001803 -0.004181 0.002335 0.999987
1311870427.699151 0.000096 -0.001914 -0.009977 0.002049 -0.003836 0.002309 0.999988
1311870427.731118 -0.000970 -0.001474 -0.008275 0.002568 -0.004131 0.002116 0.999986
1311870427.763327 -0.000834 -0.001161 -0.010006 0.002917 -0.004737 0.002336 0.999982
1311870427.799196 0.001166 -0.002775 -0.011711 0.002476 -0.005385 0.001815 0.999981
1311870427.831457 -0.000239 -0.002776 -0.011066 0.003571 -0.004770 0.002406 0.999979
1311870427.863134 0.000494 -0.001564 -0.013847 0.003630 -0.005257 0.001980 0.999978
1311870427.899231 -0.000515 -0.000104 -0.010482 0.002945 -0.006062 0.002157 0.999975
1311870427.931111 0.000524 -0.001404 -0.011172 0.001775 -0.007801 0.000575 0.999968
1311870427.963137 -0.000245 -0.003689 -0.013907 0.000681 -0.008550 -0.001448 0.999962
1311870427.999083 0.001577 -0.003624 -0.012351 0.001232 -0.008246 -0.001947 0.999963
1311870428.031250 0.001260 -0.002212 -0.013109 0.002061 -0.007295 -0.001928 0.999969
1311870428.063193 0.000197 -0.003099 -0.014048 0.002126 -0.006732 -0.001370 0.999974
1311870428.099167 0.000626 -0.002372 -0.012977 0.002569 -0.006639 -0.001060 0.999974
1311870428.131267 0.001677 -0.002570 -0.012447 0.002984 -0.006767 -0.001033 0.999972
1311870428.163279 0.000549 -0.002329 -0.010881 0.003215 -0.006638 -0.001195 0.999972
1311870428.199270 0.001524 -0.002874 -0.013505 0.003180 -0.007171 -0.001616 0.999968
1311870428.231191 0.000227 -0.002195 -0.012308 0.003446 -0.007083 -0.001344 0.999968
1311870428.263420 0.001773 -0.003343 -0.013255 0.003347 -0.007884 -0.000975 0.999963
1311870428.299170 0.002701 -0.002973 -0.013612 0.003149 -0.008032 -0.001018 0.999962
1311870428.331174 0.002692 -0.003585 -0.014483 0.003277 -0.007959 -0.001026 0.999962
1311870428.363160 0.000916 -0.003382 -0.015013 0.003986 -0.007546 -0.001562 0.999962
1311870428.399340 0.001669 -0.003547 -0.013744 0.003798 -0.007504 -0.002711 0.999961
1311870428.431153 0.000741 -0.003757 -0.014518 0.003665 -0.007193 -0.003061 0.999963
1311870428.463176 -0.000151 -0.001496 -0.013216 0.004371 -0.007255 -0.002459 0.999961
1311870428.499303 0.000029 -0.001678 -0.013281 0.003378 -0.007722 -0.002971 0.999960
1311870428.531230 0.001553 -0.003338 -0.012744 0.003440 -0.008106 -0.003321 0.999956
1311870428.563181 0.000658 -0.002765 -0.013075 0.003977 -0.007732 -0.003159 0.999957
1311870428.599270 0.000818 -0.002296 -0.013442 0.004108 -0.008131 -0.002699 0.999955
1311870428.631378 0.000062 -0.003315 -0.012706 0.004124 -0.008870 -0.002395 0.999949
1311870428.663196 0.001926 -0.003215 -0.014571 0.004272 -0.009642 -0.002857 0.999940
1311870428.699275 0.001581 -0.003960 -0.014385 0.004256 -0.009395 -0.003399 0.999941
1311870428.731171 0.001807 -0.003857 -0.013810 0.004281 -0.009525 -0.002959 0.999941
1311870428.763173 -0.000416 -0.003643 -0.014564 0.004050 -0.009488 -0.003247 0.999942
1311870428.799280 -0.000621 -0.003829 -0.012920 0.004243 -0.009974 -0.003437 0.999935
1311870428.831376 -0.000672 -0.003034 -0.013324 0.004419 -0.010051 -0.003914 0.999932
1311870428.863232 -0.000084 -0.003686 -0.014665 0.004550 -0.010166 -0.003313 0.999932
1311870428.899406 0.000926 -0.004237 -0.013810 0.004368 -0.010580 -0.003340 0.999929
1311870428.931143 -0.000682 -0.003649 -0.013503 0.004119 -0.010441 -0.004070 0.999929
1311870428.963255 0.001456 -0.003424 -0.013877 0.004540 -0.010984 -0.003660 0.999923
1311870428.999316 -0.000670 -0.003186 -0.012678 0.004390 -0.010613 -0.004390 0.999924
1311870429.031368 0.000410 -0.004041 -0.012870 0.004056 -0.011594 -0.004117 0.999916
1311870429.063298 -0.001800 -0.003965 -0.013038 0.004334 -0.010949 -0.004247 0.999922
1311870429.099362 0.000408 -0.004584 -0.013750 0.004492 -0.011483 -0.003436 0.999918
1311870429.131434 0.000173 -0.005698 -0.012826 0.004413 -0.011593 -0.003335 0.999917
1311870429.163291 0.000713 -0.004645 -0.013385 0.004706 -0.012100 -0.004920 0.999904
1311870429.199396 0.003254 -0.005865 -0.015079 0.004767 -0.012592 -0.004339 0.999900
1311870429.231437 -0.000828 -0.006460 -0.014713 0.005026 -0.011324 -0.004890 0.999911
1311870429.263266 0.001563 -0.003891 -0.014103 0.005647 -0.011727 -0.004386 0.999906
1311870429.299443 0.000979 -0.004791 -0.013643 0.005200 -0.011293 -0.004553 0.999912
1311870429.331255 0.002089 -0.006710 -0.014889 0.004889 -0.010861 -0.004297 0.999920
1311870429.363267 0.001790 -0.003539 -0.012677 0.005147 -0.010238 -0.004302 0.999925
1311870429.399320 0.001851 -0.005365 -0.013452 0.004249 -0.010084 -0.005010 0.999928
1311870429.431354 0.003180 -0.005257 -0.013155 0.004414 -0.010084 -0.004765 0.999928
1311870429.463269 0.002942 -0.005903 -0.014795 0.004442 -0.010066 -0.005165 0.999926
1311870429.499243 0.002206 -0.006135 -0.014406 0.004351 -0.009437 -0.005576 0.999930
1311870429.531208 0.003272 -0.005387 -0.013158 0.004843 -0.009124 -0.004871 0.999935
1311870429.563312 0.003961 -0.004451 -0.012963 0.005279 -0.008696 -0.004702 0.999937
1311870429.599449 0.004250 -0.006312 -0.013946 0.005237 -0.007927 -0.005086 0.999942
1311870429.631293 0.003585 -0.004821 -0.013687 0.006042 -0.007401 -0.005026 0.999942
1311870429.663354 0.003735 -0.004793 -0.012861 0.005432 -0.007658 -0.004521 0.999946
1311870429.699491 0.004761 -0.005353 -0.014106 0.005314 -0.007872 -0.005219 0.999941
1311870429.731303 0.006173 -0.005143 -0.013054 0.005277 -0.007960 -0.005079 0.999941
1311870429.763313 0.005104 -0.004306 -0.012690 0.005601 -0.007337 -0.004897 0.999945
1311870429.799489 0.006281 -0.004072 -0.013294 0.005683 -0.007885 -0.004218 0.999944
1311870429.831318 0.006084 -0.006271 -0.012767 0.004930 -0.007902 -0.005328 0.999942
1311870429.863196 0.005652 -0.005363 -0.012718 0.005667 -0.007382 -0.006001 0.999939
1311870429.899470 0.003992 -0.003720 -0.013338 0.005932 -0.006929 -0.006365 0.999938
1311870429.931446 0.005111 -0.004208 -0.012603 0.004925 -0.007796 -0.008238 0.999924
1311870429.963465 0.005335 -0.003410 -0.013836 0.003490 -0.008721 -0.009072 0.999915
1311870429.999478 0.006842 -0.003270 -0.013380 0.002389 -0.008998 -0.009064 0.999916
1311870430.031269 0.006363 -0.003627 -0.013377 0.001571 -0.008308 -0.009165 0.999922
1311870430.063451 0.008126 -0.005900 -0.012026 0.001017 -0.008101 -0.008668 0.999929
1311870430.099355 0.007119 -0.005997 -0.012825 0.001183 -0.006959 -0.008496 0.999939
1311870430.131369 0.008518 -0.007379 -0.010533 0.001534 -0.007052 -0.007902 0.999943
1311870430.163315 0.007076 -0.006143 -0.010420 0.001831 -0.006566 -0.008480 0.999941
1311870430.199392 0.007830 -0.006880 -0.012214 0.001823 -0.006529 -0.007861 0.999946
1311870430.231223 0.006987 -0.004921 -0.013466 0.002635 -0.006527 -0.007855 0.999944
1311870430.263346 0.007249 -0.005141 -0.011958 0.002611 -0.006633 -0.008248 0.999941
1311870430.299384 0.010254 -0.007673 -0.011583 0.002989 -0.006856 -0.007769 0.999942
1311870430.331664 0.010362 -0.007044 -0.012297 0.003444 -0.005777 -0.007028 0.999953
1311870430.363389 0.011567 -0.005511 -0.012499 0.004103 -0.004840 -0.006957 0.999956
1311870430.399281 0.014724 -0.006327 -0.011543 0.004172 -0.004709 -0.005524 0.999965
1311870430.431391 0.012707 -0.006349 -0.012358 0.003289 -0.003682 -0.006229 0.999968
1311870430.463459 0.015397 -0.007570 -0.011142 0.002428 -0.003588 -0.006883 0.999967
1311870430.499344 0.016037 -0.006661 -0.011158 0.003703 -0.002577 -0.006210 0.999971
1311870430.531454 0.016445 -0.007130 -0.010633 0.004000 -0.002032 -0.005281 0.999976
1311870430.563500 0.017232 -0.007550 -0.011730 0.003957 -0.001484 -0.005475 0.999976
1311870430.599385 0.017902 -0.005333 -0.011814 0.004944 -0.000783 -0.005616 0.999972
1311870430.631310 0.019329 -0.006215 -0.011863 0.003864 -0.000660 -0.005652 0.999976
1311870430.663444 0.018737 -0.006292 -0.013918 0.003789 0.000385 -0.006322 0.999973
1311870430.699258 0.023832 -0.007433 -0.014133 0.003302 -0.000069 -0.005821 0.999978
1311870430.731345 0.025542 -0.008159 -0.012808 0.003434 0.000926 -0.006207 0.999974
1311870430.763500 0.027925 -0.007778 -0.014687 0.004537 0.001620 -0.005399 0.999974
1311870430.799409 0.030456 -0.006923 -0.016391 0.004610 0.001751 -0.005364 0.999973
1311870430.831480 0.031140 -0.007406 -0.015330 0.004364 0.002384 -0.005283 0.999974
1311870430.863574 0.033440 -0.007443 -0.017023 0.004016 0.002201 -0.004395 0.999980
1311870430.899451 0.036273 -0.005683 -0.016170 0.004032 0.002220 -0.005110 0.999976
1311870430.931499 0.037644 -0.005988 -0.016949 0.004105 0.002781 -0.005839 0.999971
1311870430.963601 0.042241 -0.006154 -0.019062 0.003746 0.002917 -0.005716 0.999972
1311870430.999454 0.045909 -0.005765 -0.020457 0.004076 0.004161 -0.005902 0.999966
1311870431.031523 0.049583 -0.005460 -0.019523 0.003882 0.006339 -0.006250 0.999953
1311870431.063647 0.056595 -0.007178 -0.017338 0.003838 0.008806 -0.004354 0.999944
1311870431.099270 0.057939 -0.006818 -0.018490 0.005035 0.011987 -0.002982 0.999911
1311870431.131475 0.061855 -0.006361 -0.016167 0.005306 0.014038 -0.002068 0.999885
1311870431.163490 0.066851 -0.006384 -0.018569 0.004908 0.015753 -0.000562 0.999864
1311870431.199595 0.073996 -0.004405 -0.018532 0.005026 0.017302 0.000898 0.999837
1311870431.231528 0.078531 -0.006018 -0.017611 0.004310 0.019585 0.002245 0.999796
1311870431.263518 0.084415 -0.004967 -0.019309 0.004384 0.021445 0.002436 0.999757
1311870431.299516 0.089592 -0.006219 -0.018312 0.003383 0.023599 0.001121 0.999715
1311870431.331676 0.092663 -0.005851 -0.016810 0.003223 0.026947 0.001593 0.999630
1311870431.363631 0.099601 -0.005473 -0.017857 0.003313 0.028431 0.002486 0.999587
1311870431.399293 0.103678 -0.002258 -0.017117 0.003363 0.029716 0.002917 0.999548
1311870431.431480 0.110961 -0.000587 -0.016413 0.003193 0.029618 0.002999 0.999552
1311870431.463503 0.114892 -0.002258 -0.017141 0.002595 0.030792 0.004039 0.999514
1311870431.499459 0.118841 -0.004935 -0.017955 0.002176 0.032443 0.004188 0.999462
1311870431.531388 0.123633 -0.003859 -0.019015 0.003390 0.033501 0.004657 0.999422
1311870431.563325 0.126889 -0.004280 -0.019244 0.004173 0.034420 0.004851 0.999387
1311870431.599430 0.130855 -0.006040 -0.022574 0.004913 0.035163 0.004433 0.999360
1311870431.631542 0.129920 -0.003696 -0.022262 0.007767 0.037978 0.005193 0.999235
1311870431.663486 0.135679 -0.007463 -0.024434 0.007919 0.037475 0.005708 0.999250
1311870431.699385 0.140273 -0.006357 -0.024576 0.008909 0.036154 0.007107 0.999281
1311870431.731529 0.141792 -0.007215 -0.027713 0.009481 0.035310 0.007747 0.999301
1311870431.763721 0.148087 -0.007622 -0.027046 0.010559 0.034162 0.008930 0.999321
1311870431.799486 0.148526 -0.009087 -0.030731 0.011587 0.034328 0.008088 0.999311
1311870431.831541 0.152836 -0.009928 -0.033307 0.012186 0.032839 0.007922 0.999355
1311870431.863694 0.155406 -0.009708 -0.037462 0.013247 0.031992 0.007846 0.999370
1311870431.899573 0.155681 -0.010133 -0.037477 0.013936 0.032026 0.006854 0.999366
1311870431.931488 0.159315 -0.012349 -0.039935 0.014692 0.031327 0.005776 0.999384
1311870431.963564 0.160060 -0.012087 -0.043791 0.016333 0.032062 0.005230 0.999339
1311870431.999553 0.165542 -0.014053 -0.042945 0.017123 0.032154 0.004935 0.999324
1311870432.031509 0.168410 -0.013571 -0.045766 0.019362 0.032985 0.005202 0.999255
1311870432.063526 0.173253 -0.015484 -0.048830 0.020713 0.033292 0.005281 0.999217
1311870432.099459 0.177314 -0.018694 -0.046160 0.021907 0.035363 0.005071 0.999122
1311870432.131603 0.178134 -0.014880 -0.053308 0.025512 0.039033 0.004357 0.998903
1311870432.163607 0.177719 -0.012227 -0.049194 0.024917 0.041025 0.002630 0.998844
1311870432.199461 0.181906 -0.010116 -0.050813 0.024100 0.039647 0.001927 0.998921
1311870432.231754 0.185383 -0.012705 -0.049607 0.022127 0.038436 0.002457 0.999013
1311870432.263643 0.191764 -0.015406 -0.050380 0.022064 0.037845 0.004082 0.999032
1311870432.299615 0.196887 -0.018351 -0.051018 0.022986 0.039238 0.003839 0.998958
1311870432.331460 0.200139 -0.017503 -0.053291 0.025131 0.041864 0.003052 0.998803
1311870432.363365 0.203612 -0.015137 -0.051463 0.027037 0.044512 0.001340 0.998642
1311870432.399630 0.204083 -0.010815 -0.048237 0.026986 0.046104 -0.000629 0.998572
1311870432.431690 0.202960 -0.010215 -0.047913 0.024875 0.044718 -0.002395 0.998687
1311870432.463520 0.208551 -0.013177 -0.049027 0.022638 0.040998 -0.003215 0.998898
1311870432.499674 0.212715 -0.014891 -0.050122 0.022119 0.040032 -0.003088 0.998949
1311870432.531554 0.219647 -0.018360 -0.050138 0.022227 0.041125 -0.003033 0.998902
1311870432.563517 0.221440 -0.017752 -0.048005 0.024612 0.043051 -0.003720 0.998763
1311870432.599522 0.225683 -0.016374 -0.050081 0.025964 0.042756 -0.004427 0.998738
1311870432.631484 0.229054 -0.014559 -0.049916 0.025972 0.042062 -0.003421 0.998772
1311870432.663494 0.232278 -0.013307 -0.048989 0.024754 0.040672 -0.001272 0.998865
1311870432.699551 0.237332 -0.014632 -0.047749 0.023331 0.038610 0.000174 0.998982
1311870432.731507 0.242212 -0.014119 -0.046680 0.022756 0.037640 0.000901 0.999032
1311870432.763511 0.243859 -0.016343 -0.045838 0.022213 0.038596 0.001997 0.999006
1311870432.799641 0.250583 -0.014927 -0.046728 0.023211 0.038629 0.004349 0.998975
1311870432.831541 0.256473 -0.012814 -0.045177 0.022432 0.039131 0.005116 0.998969
1311870432.863631 0.259043 -0.014833 -0.045264 0.021217 0.039770 0.005924 0.998966
1311870432.899615 0.256565 -0.013818 -0.043095 0.021659 0.040784 0.006161 0.998914
1311870432.931572 0.265293 -0.013341 -0.044321 0.020926 0.038347 0.006310 0.999025
1311870432.963562 0.270398 -0.011962 -0.044773 0.020616 0.037460 0.006076 0.999067
1311870432.999630 0.273686 -0.013783 -0.042322 0.020188 0.036578 0.006585 0.999105
1311870433.031584 0.277578 -0.014015 -0.042108 0.020804 0.035830 0.008045 0.999109
1311870433.063635 0.283419 -0.011883 -0.042951 0.021546 0.035391 0.008606 0.999104
1311870433.099562 0.286440 -0.014053 -0.041645 0.021921 0.036001 0.008286 0.999077
1311870433.131626 0.288778 -0.012026 -0.043484 0.023393 0.036096 0.006531 0.999053
1311870433.163663 0.290798 -0.010903 -0.041886 0.024107 0.035340 0.004694 0.999074
1311870433.199558 0.296047 -0.007893 -0.043369 0.023935 0.033372 0.003149 0.999151
1311870433.231636 0.296539 -0.006661 -0.043236 0.021525 0.031611 0.000116 0.999268
1311870433.263519 0.300231 -0.004172 -0.041109 0.019296 0.028770 -0.001459 0.999399
1311870433.299576 0.309632 -0.005989 -0.042292 0.016707 0.024925 -0.001431 0.999549
1311870433.331596 0.315857 -0.003256 -0.040883 0.015306 0.023565 -0.001127 0.999605
1311870433.363571 0.323401 -0.005014 -0.041440 0.013079 0.022575 -0.000801 0.999659
1311870433.399625 0.328741 -0.002482 -0.040513 0.011694 0.021856 -0.000554 0.999693
1311870433.431583 0.335420 -0.004438 -0.040654 0.009891 0.020901 -0.001669 0.999731
1311870433.463559 0.344899 -0.002965 -0.042407 0.008317 0.020135 -0.001164 0.999762
1311870433.499504 0.349422 -0.005275 -0.040958 0.007252 0.021677 -0.001485 0.999738
1311870433.531517 0.357367 -0.002608 -0.042251 0.008376 0.022613 -0.000714 0.999709
1311870433.563651 0.364119 -0.002086 -0.042625 0.006969 0.022566 0.000139 0.999721
1311870433.599748 0.371260 -0.001147 -0.040375 0.006105 0.022398 -0.000534 0.999730
1311870433.633359 0.376991 -0.001927 -0.043425 0.004969 0.022689 -0.001504 0.999729
1311870433.663567 0.381788 -0.003184 -0.041863 0.003855 0.023105 -0.002695 0.999722
1311870433.699816 0.389300 -0.003529 -0.040234 0.003577 0.023715 -0.001737 0.999711
1311870433.731536 0.394193 -0.003284 -0.043187 0.003945 0.024958 -0.000553 0.999681
1311870433.763545 0.397951 -0.000236 -0.040280 0.004343 0.026065 0.000386 0.999651
1311870433.799626 0.404297 -0.000098 -0.040675 0.003609 0.026911 0.000405 0.999631
1311870433.831859 0.409381 -0.000756 -0.040819 0.003387 0.028312 0.000933 0.999593
1311870433.863545 0.412174 -0.000227 -0.040415 0.002637 0.030215 0.001728 0.999538
1311870433.899585 0.419769 -0.000121 -0.038340 0.001710 0.031114 0.002589 0.999511
1311870433.931709 0.421894 -0.002089 -0.038517 0.001320 0.033909 0.003501 0.999418
1311870433.963703 0.424604 0.000306 -0.035503 0.002240 0.035590 0.005684 0.999348
1311870433.999523 0.429794 0.001203 -0.035439 0.001549 0.036286 0.005417 0.999326
1311870434.031599 0.431872 -0.000982 -0.034912 0.000422 0.037508 0.005121 0.999283
1311870434.063605 0.437372 -0.000057 -0.033098 0.000322 0.038299 0.006391 0.999246
1311870434.099832 0.438870 -0.001393 -0.031353 -0.000565 0.040037 0.006287 0.999178
1311870434.131804 0.441765 -0.003374 -0.030533 -0.000705 0.041581 0.006908 0.999111
1311870434.163544 0.443495 -0.001878 -0.028108 0.000879 0.043361 0.007036 0.999034
1311870434.199633 0.445717 -0.003914 -0.029001 0.000785 0.044813 0.007629 0.998966
1311870434.231542 0.448357 -0.002264 -0.027659 0.000875 0.044719 0.008707 0.998961
1311870434.263545 0.449183 -0.001791 -0.026012 0.000384 0.044353 0.009691 0.998969
1311870434.299615 0.452762 -0.002340 -0.027874 -0.001072 0.043251 0.010693 0.999006
1311870434.331839 0.451889 -0.001041 -0.024596 -0.001979 0.041838 0.012294 0.999047
1311870434.363534 0.454548 -0.000789 -0.025416 -0.003502 0.039771 0.012828 0.999120
1311870434.399678 0.459062 -0.001028 -0.024401 -0.005481 0.039065 0.011862 0.999151
1311870434.431695 0.462091 -0.001032 -0.023561 -0.007262 0.040426 0.010686 0.999099
1311870434.463583 0.466697 0.001091 -0.023529 -0.008546 0.043157 0.008912 0.998992
1311870434.499762 0.471179 0.001585 -0.020923 -0.010327 0.045566 0.006891 0.998884
1311870434.531561 0.472390 0.000909 -0.017742 -0.011496 0.047713 0.004147 0.998786
1311870434.563553 0.474965 0.002850 -0.015886 -0.012484 0.048405 0.002750 0.998746
1311870434.599830 0.476765 0.004328 -0.014567 -0.013810 0.048323 0.002030 0.998734
1311870434.631527 0.482226 0.002394 -0.014112 -0.016219 0.047751 0.002167 0.998725
1311870434.663662 0.485112 0.004685 -0.012256 -0.017396 0.048759 0.001259 0.998658
1311870434.699666 0.490984 0.004785 -0.010239 -0.018763 0.049408 -0.000283 0.998602
1311870434.731536 0.492212 0.004887 -0.008607 -0.020212 0.051038 -0.002908 0.998488
1311870434.767663 0.497100 0.008499 -0.006872 -0.022188 0.050747 -0.003616 0.998458
1311870434.799566 0.500819 0.014733 -0.005332 -0.025327 0.050130 -0.004235 0.998413
1311870434.831779 0.501642 0.013416 -0.002111 -0.032166 0.050008 -0.005196 0.998217
1311870434.867798 0.503707 0.016158 0.000072 -0.038058 0.049292 -0.005381 0.998045
1311870434.899553 0.507274 0.019733 0.005600 -0.045115 0.047536 -0.006091 0.997832
1311870434.931645 0.509691 0.018162 0.010220 -0.053361 0.044654 -0.006082 0.997558
1311870434.967535 0.509685 0.028822 0.011717 -0.057795 0.041327 -0.007612 0.997444
1311870434.999589 0.512051 0.030046 0.014238 -0.064102 0.037387 -0.008452 0.997207
1311870435.031785 0.515816 0.030329 0.017500 -0.069528 0.034511 -0.009751 0.996935
1311870435.067626 0.519006 0.033942 0.020490 -0.072938 0.032438 -0.010660 0.996752
1311870435.099699 0.521787 0.034804 0.022297 -0.076387 0.030753 -0.012194 0.996529
1311870435.131763 0.522313 0.036697 0.023478 -0.080773 0.030451 -0.011995 0.996195
1311870435.167540 0.528078 0.040025 0.028174 -0.084111 0.028718 -0.013982 0.995944
1311870435.199566 0.531457 0.042562 0.028705 -0.087102 0.028642 -0.015157 0.995672
1311870435.231679 0.532572 0.043842 0.030087 -0.090851 0.028771 -0.015993 0.995320
1311870435.267867 0.533354 0.048417 0.033447 -0.094583 0.027314 -0.016327 0.995008
1311870435.299742 0.537446 0.047524 0.033317 -0.099605 0.025355 -0.018197 0.994537
1311870435.331634 0.543042 0.044978 0.031124 -0.103186 0.025168 -0.020912 0.994124
1311870435.367691 0.542894 0.045731 0.031955 -0.105043 0.028193 -0.024549 0.993765
1311870435.399734 0.548617 0.046863 0.035092 -0.106268 0.029032 -0.028363 0.993509
1311870435.431784 0.547877 0.047181 0.035003 -0.107679 0.031308 -0.031393 0.993197
1311870435.467618 0.554190 0.049374 0.036163 -0.108727 0.030822 -0.032744 0.993054
1311870435.499650 0.558079 0.049768 0.037605 -0.110962 0.030143 -0.033581 0.992800
1311870435.531794 0.560577 0.050374 0.040551 -0.112907 0.030115 -0.034002 0.992567
1311870435.567656 0.563474 0.050390 0.041940 -0.115049 0.029464 -0.033690 0.992351
1311870435.599673 0.568974 0.049405 0.042486 -0.116205 0.029165 -0.034269 0.992205
1311870435.631832 0.571131 0.046885 0.043379 -0.117430 0.030933 -0.035382 0.991968
1311870435.667902 0.578147 0.049845 0.044687 -0.117560 0.031593 -0.035889 0.991914
1311870435.699715 0.580855 0.051459 0.048715 -0.118464 0.032473 -0.036004 0.991774
1311870435.731639 0.584670 0.051614 0.049703 -0.120194 0.032234 -0.036019 0.991573
1311870435.767597 0.590456 0.051032 0.051880 -0.122272 0.032006 -0.035832 0.991333
1311870435.799955 0.592411 0.050789 0.054957 -0.123516 0.032765 -0.036294 0.991137
1311870435.831633 0.595742 0.049810 0.058002 -0.124528 0.032202 -0.037527 0.990983
1311870435.867717 0.598934 0.049670 0.059306 -0.125140 0.031455 -0.038339 0.990899
1311870435.899972 0.603036 0.049609 0.060889 -0.125623 0.030672 -0.038154 0.990869
1311870435.931792 0.607937 0.048249 0.063536 -0.126448 0.030316 -0.037548 0.990799
1311870435.967666 0.609120 0.048310 0.066232 -0.126435 0.030633 -0.036846 0.990817
1311870435.999894 0.613540 0.047306 0.067644 -0.127544 0.029782 -0.036714 0.990706
1311870436.031755 0.617854 0.045580 0.069206 -0.128568 0.029350 -0.036450 0.990596
1311870436.067746 0.621683 0.044806 0.072579 -0.129359 0.029311 -0.036948 0.990476
1311870436.099813 0.624860 0.042413 0.074407 -0.130123 0.029575 -0.038258 0.990318
1311870436.131762 0.626739 0.042236 0.076179 -0.129628 0.030370 -0.038435 0.990352
1311870436.167891 0.630535 0.040494 0.079175 -0.129318 0.030070 -0.038810 0.990387
1311870436.200035 0.633572 0.038152 0.080303 -0.128906 0.030086 -0.037974 0.990473
1311870436.231775 0.637931 0.034134 0.081276 -0.127870 0.029921 -0.037936 0.990613
1311870436.267655 0.636840 0.034293 0.086302 -0.125233 0.031555 -0.037448 0.990918
1311870436.299786 0.639371 0.033699 0.087650 -0.122860 0.030883 -0.036034 0.991289
1311870436.331958 0.641860 0.030867 0.088007 -0.121916 0.029363 -0.033833 0.991529
1311870436.367789 0.644609 0.031266 0.089033 -0.120766 0.028244 -0.032102 0.991760
1311870436.399748 0.647248 0.028946 0.090668 -0.121459 0.028098 -0.031158 0.991709
1311870436.431853 0.647832 0.026837 0.092688 -0.120856 0.028810 -0.031022 0.991767
1311870436.467708 0.649963 0.023707 0.094737 -0.119790 0.028649 -0.031646 0.991881
1311870436.499724 0.651172 0.020511 0.096122 -0.118067 0.028212 -0.032555 0.992071
1311870436.531686 0.648685 0.017542 0.095670 -0.114869 0.028470 -0.033290 0.992414
1311870436.567649 0.650181 0.014310 0.096306 -0.112088 0.026684 -0.033573 0.992772
1311870436.600076 0.648527 0.008760 0.097221 -0.110259 0.024453 -0.033931 0.993022
1311870436.633915 0.651484 0.008960 0.096334 -0.106879 0.019151 -0.032529 0.993555
1311870436.667799 0.650276 0.007161 0.095871 -0.105692 0.015146 -0.028118 0.993886
1311870436.699713 0.655004 0.007486 0.098490 -0.106005 0.009846 -0.023498 0.994039
1311870436.731758 0.658423 0.003381 0.098745 -0.106189 0.006017 -0.020566 0.994115
1311870436.768050 0.662380 -0.000826 0.098414 -0.104094 0.004064 -0.021734 0.994322
1311870436.799700 0.667778 -0.006446 0.097987 -0.101506 0.004109 -0.024191 0.994532
1311870436.831852 0.670244 -0.007461 0.098303 -0.096798 0.005458 -0.026128 0.994946
1311870436.867905 0.671003 -0.005963 0.099778 -0.092394 0.005701 -0.026962 0.995341
1311870436.899855 0.676845 -0.014715 0.098962 -0.092965 0.003588 -0.024289 0.995367
1311870436.931933 0.678340 -0.016956 0.100754 -0.091362 0.001854 -0.022425 0.995563
1311870436.968236 0.681477 -0.018537 0.101292 -0.090171 -0.002226 -0.020104 0.995721
1311870436.999889 0.687855 -0.022072 0.099014 -0.088994 -0.005923 -0.019995 0.995814
1311870437.031944 0.693986 -0.024794 0.100948 -0.087051 -0.007399 -0.019429 0.995987
1311870437.067654 0.699257 -0.026404 0.099852 -0.084876 -0.007841 -0.018497 0.996189
1311870437.100178 0.702885 -0.027834 0.099784 -0.083441 -0.009097 -0.017269 0.996322
1311870437.131969 0.708745 -0.027532 0.100431 -0.082801 -0.012257 -0.016027 0.996362
1311870437.167667 0.715267 -0.030577 0.101923 -0.082656 -0.015630 -0.015951 0.996328
1311870437.199925 0.722458 -0.033318 0.101828 -0.081812 -0.018039 -0.017174 0.996337
1311870437.231936 0.730019 -0.035606 0.103159 -0.080132 -0.019903 -0.017454 0.996433
1311870437.267827 0.734788 -0.036143 0.104698 -0.078023 -0.020649 -0.017037 0.996592
1311870437.300070 0.743591 -0.041219 0.104616 -0.077124 -0.023335 -0.017624 0.996593
1311870437.331827 0.751931 -0.043965 0.106273 -0.075332 -0.026661 -0.019110 0.996619
1311870437.367959 0.758668 -0.045874 0.107351 -0.073378 -0.029084 -0.020082 0.996678
1311870437.399868 0.766105 -0.048064 0.107880 -0.071567 -0.031414 -0.020948 0.996721
1311870437.431930 0.774557 -0.048455 0.111030 -0.070116 -0.034648 -0.020985 0.996716
1311870437.467917 0.782797 -0.051273 0.113064 -0.069502 -0.037694 -0.020961 0.996649
1311870437.499944 0.789593 -0.053102 0.115716 -0.068476 -0.040324 -0.022163 0.996591
1311870437.531864 0.798649 -0.055753 0.116516 -0.067846 -0.042471 -0.023833 0.996506
1311870437.567872 0.805925 -0.059788 0.119347 -0.067017 -0.043908 -0.025651 0.996455
1311870437.599941 0.812865 -0.062656 0.121420 -0.065591 -0.045510 -0.027445 0.996430
1311870437.631901 0.821752 -0.066498 0.121391 -0.064116 -0.046924 -0.028420 0.996433
1311870437.667940 0.828229 -0.068723 0.123588 -0.062848 -0.048568 -0.028450 0.996435
1311870437.699777 0.833559 -0.071234 0.123935 -0.061986 -0.050578 -0.030061 0.996341
1311870437.731943 0.841092 -0.074388 0.125985 -0.061375 -0.053070 -0.032219 0.996182
1311870437.767795 0.848639 -0.075746 0.127965 -0.060146 -0.055238 -0.033532 0.996096
1311870437.799747 0.857711 -0.078817 0.129373 -0.059089 -0.057483 -0.034901 0.995985
1311870437.831896 0.864768 -0.080242 0.131154 -0.057560 -0.059183 -0.036354 0.995923
1311870437.868123 0.870848 -0.082675 0.132480 -0.056248 -0.060933 -0.037713 0.995842
1311870437.900069 0.879204 -0.082398 0.134661 -0.054367 -0.063342 -0.037690 0.995797
1311870437.932604 0.887408 -0.085174 0.134924 -0.053896 -0.065897 -0.036027 0.995718
1311870437.967868 0.895577 -0.086038 0.136806 -0.053285 -0.068583 -0.034210 0.995634
1311870437.999873 0.901899 -0.087428 0.137905 -0.053121 -0.070489 -0.033977 0.995517
1311870438.032040 0.907935 -0.089192 0.139167 -0.052402 -0.071805 -0.035403 0.995412
1311870438.067992 0.918133 -0.090718 0.138015 -0.051547 -0.073173 -0.035961 0.995337
1311870438.100054 0.927526 -0.094311 0.137338 -0.050881 -0.074250 -0.037666 0.995228
1311870438.131845 0.934425 -0.095394 0.138284 -0.049672 -0.075132 -0.038310 0.995199
1311870438.167952 0.941970 -0.097719 0.137116 -0.048198 -0.076438 -0.039121 0.995140
1311870438.200093 0.950517 -0.098408 0.136504 -0.046239 -0.077956 -0.039840 0.995087
1311870438.231870 0.959308 -0.099988 0.136005 -0.044968 -0.078818 -0.040837 0.995037
1311870438.267979 0.965955 -0.100171 0.136553 -0.043836 -0.078893 -0.040807 0.995082
1311870438.299797 0.974403 -0.100306 0.135010 -0.043206 -0.079626 -0.040775 0.995053
1311870438.331819 0.979868 -0.099861 0.135881 -0.043218 -0.080338 -0.041665 0.994958
1311870438.367780 0.987473 -0.101551 0.134742 -0.043793 -0.081502 -0.042352 0.994810
1311870438.399835 0.993102 -0.103788 0.135892 -0.043880 -0.082255 -0.042767 0.994726
1311870438.432856 0.997182 -0.102734 0.136211 -0.043252 -0.083143 -0.041914 0.994716
1311870438.467869 1.001464 -0.103218 0.134588 -0.043413 -0.084764 -0.042006 0.994568
1311870438.500036 1.007722 -0.104608 0.135390 -0.043821 -0.087743 -0.043844 0.994213
1311870438.531921 1.013591 -0.102407 0.135242 -0.043459 -0.090132 -0.045989 0.993918
1311870438.568013 1.016629 -0.102537 0.133178 -0.043906 -0.090966 -0.047995 0.993727
1311870438.600021 1.020403 -0.103435 0.136553 -0.044355 -0.092283 -0.049872 0.993493
1311870438.631835 1.026641 -0.104728 0.136096 -0.044342 -0.094188 -0.050663 0.993275
1311870438.667869 1.030739 -0.103383 0.136481 -0.043562 -0.095738 -0.051175 0.993135
1311870438.699970 1.035424 -0.104021 0.135946 -0.043676 -0.097300 -0.050806 0.992997
1311870438.732000 1.038596 -0.107995 0.136287 -0.044806 -0.098453 -0.048867 0.992931
1311870438.768162 1.040948 -0.104313 0.136988 -0.043584 -0.099713 -0.048294 0.992887
1311870438.799815 1.044571 -0.104851 0.138732 -0.043716 -0.101315 -0.049038 0.992683
1311870438.832114 1.045179 -0.105926 0.140868 -0.044437 -0.102756 -0.050329 0.992438
1311870438.867827 1.049137 -0.107754 0.142848 -0.044663 -0.105093 -0.052024 0.992096
1311870438.900416 1.051187 -0.109557 0.142464 -0.044184 -0.106133 -0.053847 0.991909
1311870438.932530 1.056677 -0.108721 0.147888 -0.042933 -0.108143 -0.054018 0.991738
1311870438.967952 1.058152 -0.107696 0.148646 -0.042233 -0.107913 -0.053756 0.991807
1311870439.000222 1.062952 -0.106752 0.151758 -0.042186 -0.108188 -0.054071 0.991762
1311870439.031959 1.065541 -0.108033 0.153605 -0.043287 -0.106891 -0.054378 0.991839
1311870439.067798 1.067657 -0.105988 0.156471 -0.043427 -0.105586 -0.054950 0.991941
1311870439.100209 1.069661 -0.105887 0.159355 -0.044560 -0.106028 -0.055066 0.991837
1311870439.131876 1.071732 -0.109064 0.162614 -0.046195 -0.107318 -0.057206 0.991502
1311870439.167836 1.077853 -0.110994 0.164686 -0.046934 -0.109229 -0.059116 0.991147
1311870439.199794 1.082118 -0.111082 0.172024 -0.046889 -0.109971 -0.060268 0.990997
1311870439.231835 1.087085 -0.110089 0.178700 -0.046896 -0.109905 -0.061601 0.990922
1311870439.267817 1.088853 -0.110770 0.181772 -0.047992 -0.108271 -0.062343 0.991003
1311870439.299813 1.091207 -0.110034 0.186752 -0.048896 -0.108082 -0.062988 0.990939
1311870439.331860 1.093295 -0.112748 0.191159 -0.051043 -0.108686 -0.063833 0.990710
1311870439.367859 1.102808 -0.114602 0.198272 -0.052322 -0.111417 -0.065989 0.990199
1311870439.399807 1.106500 -0.118853 0.204764 -0.052779 -0.111662 -0.070194 0.989858
1311870439.431917 1.109449 -0.122182 0.209972 -0.052061 -0.110697 -0.072883 0.989810
1311870439.467853 1.112012 -0.123776 0.214207 -0.051025 -0.110642 -0.074422 0.989756
1311870439.499862 1.115902 -0.125693 0.217627 -0.050863 -0.112782 -0.075577 0.989435
1311870439.531912 1.117426 -0.128993 0.224856 -0.051263 -0.115550 -0.077395 0.988954
1311870439.567862 1.119304 -0.132576 0.230065 -0.050171 -0.118660 -0.078063 0.988589
1311870439.599826 1.123235 -0.135744 0.232719 -0.048507 -0.122151 -0.078542 0.988209
1311870439.631904 1.124509 -0.138064 0.235396 -0.047598 -0.125018 -0.078557 0.987894
1311870439.667868 1.131383 -0.140299 0.241736 -0.046726 -0.129264 -0.079171 0.987340
1311870439.699827 1.137556 -0.142139 0.246184 -0.047562 -0.132200 -0.079323 0.986899
1311870439.731911 1.139595 -0.145332 0.250869 -0.048211 -0.133099 -0.081559 0.986564
1311870439.767878 1.140795 -0.144042 0.255639 -0.047496 -0.133692 -0.083854 0.986326
1311870439.799818 1.143442 -0.148010 0.260763 -0.047912 -0.135453 -0.087068 0.985787
1311870439.831973 1.142639 -0.150414 0.264438 -0.047514 -0.137360 -0.087300 0.985522
1311870439.867821 1.147133 -0.151393 0.268020 -0.046376 -0.141693 -0.087576 0.984938
1311870439.900184 1.152585 -0.151817 0.272289 -0.046072 -0.146549 -0.088072 0.984197
1311870439.932173 1.159569 -0.151921 0.276377 -0.047908 -0.149154 -0.086707 0.983839
1311870439.967891 1.165415 -0.154372 0.279868 -0.049789 -0.149442 -0.083851 0.983950
1311870439.999959 1.168234 -0.151557 0.281230 -0.050415 -0.148083 -0.080900 0.984370
1311870440.032069 1.170548 -0.152843 0.283594 -0.052122 -0.147985 -0.081574 0.984240
1311870440.067993 1.171884 -0.151243 0.284756 -0.052796 -0.148526 -0.083850 0.983932
1311870440.100001 1.176638 -0.153875 0.284941 -0.055022 -0.149838 -0.085509 0.983468
1311870440.132116 1.176255 -0.152155 0.289441 -0.055954 -0.150882 -0.087070 0.983119
1311870440.168088 1.178261 -0.154207 0.290673 -0.057206 -0.152861 -0.089185 0.982551
1311870440.199932 1.179001 -0.155261 0.291892 -0.057721 -0.155296 -0.091742 0.981904
1311870440.232151 1.182966 -0.156113 0.294691 -0.058293 -0.158859 -0.094100 0.981076
1311870440.268000 1.185471 -0.157668 0.297899 -0.058630 -0.161757 -0.095253 0.980471
1311870440.300046 1.192053 -0.157732 0.299895 -0.058934 -0.164533 -0.095158 0.980000
1311870440.332046 1.194314 -0.159084 0.304592 -0.059589 -0.165707 -0.095868 0.979694
1311870440.368148 1.198460 -0.159389 0.307157 -0.059568 -0.167114 -0.096504 0.979393
1311870440.400131 1.201531 -0.159018 0.309531 -0.060078 -0.168824 -0.097333 0.978987
1311870440.432012 1.203961 -0.159131 0.311619 -0.060813 -0.171169 -0.097798 0.978488
1311870440.468251 1.209218 -0.157911 0.315331 -0.062339 -0.175063 -0.096968 0.977785
1311870440.500265 1.212630 -0.161035 0.318483 -0.064316 -0.178317 -0.098231 0.976943
1311870440.532310 1.219835 -0.160618 0.322030 -0.064681 -0.181538 -0.099811 0.976165
1311870440.568327 1.224657 -0.159213 0.324708 -0.065479 -0.183618 -0.102259 0.975469
1311870440.601112 1.228160 -0.161067 0.328304 -0.067488 -0.186330 -0.105811 0.974439
1311870440.632152 1.232745 -0.162213 0.330306 -0.068726 -0.190101 -0.110282 0.973127
1311870440.667912 1.237723 -0.162366 0.333608 -0.070798 -0.194474 -0.114815 0.971589
1311870440.700052 1.244127 -0.163222 0.336544 -0.072038 -0.198965 -0.120097 0.969949
1311870440.732289 1.251851 -0.163901 0.340208 -0.072560 -0.203497 -0.124872 0.968365
1311870440.768161 1.259325 -0.164695 0.341836 -0.073321 -0.207229 -0.129541 0.966902
1311870440.800074 1.266837 -0.163360 0.343776 -0.074459 -0.210526 -0.133268 0.965595
1311870440.831930 1.274794 -0.163802 0.346881 -0.076618 -0.213568 -0.137447 0.964172
1311870440.868097 1.280137 -0.163181 0.349134 -0.078899 -0.215437 -0.141505 0.962984
1311870440.900702 1.289721 -0.162898 0.353642 -0.080533 -0.218244 -0.146627 0.961449
1311870440.932236 1.296325 -0.162520 0.356562 -0.082599 -0.219446 -0.151199 0.960292
1311870440.968265 1.301743 -0.162277 0.357032 -0.084572 -0.220153 -0.155748 0.959230
1311870440.999991 1.309502 -0.160332 0.361273 -0.086059 -0.222451 -0.159831 0.957895
1311870441.032175 1.315725 -0.161467 0.362832 -0.088614 -0.223919 -0.163116 0.956766
1311870441.068154 1.323935 -0.157708 0.367224 -0.090224 -0.226499 -0.165224 0.955646
1311870441.100200 1.329732 -0.158957 0.368470 -0.092988 -0.228154 -0.167635 0.954567
1311870441.132291 1.338261 -0.154204 0.371213 -0.095002 -0.230397 -0.168717 0.953639
1311870441.168090 1.344718 -0.155039 0.374355 -0.098215 -0.231806 -0.170996 0.952565
1311870441.200181 1.351196 -0.153824 0.375885 -0.100802 -0.232563 -0.172959 0.951755
1311870441.232068 1.354875 -0.155053 0.375494 -0.104223 -0.231842 -0.175490 0.951099
1311870441.268233 1.360887 -0.155889 0.377887 -0.107014 -0.231753 -0.178332 0.950282
1311870441.300230 1.366290 -0.152677 0.377473 -0.108063 -0.231307 -0.180622 0.949840
1311870441.334609 1.374129 -0.149525 0.380781 -0.110113 -0.232022 -0.182353 0.949099
1311870441.367979 1.380120 -0.145837 0.382674 -0.112597 -0.232085 -0.183154 0.948638
1311870441.400106 1.386808 -0.142844 0.385546 -0.115489 -0.232793 -0.183258 0.948096
1311870441.432295 1.393557 -0.138299 0.386273 -0.118965 -0.233730 -0.182966 0.947492
1311870441.468277 1.400590 -0.138930 0.387851 -0.123872 -0.234536 -0.184035 0.946456
1311870441.500170 1.406842 -0.136350 0.391408 -0.126579 -0.235223 -0.185381 0.945665
1311870441.532130 1.413198 -0.133842 0.394314 -0.128888 -0.236062 -0.186806 0.944863
1311870441.568914 1.419311 -0.134616 0.394693 -0.131783 -0.236137 -0.187744 0.944259
1311870441.600118 1.426669 -0.131824 0.397648 -0.133318 -0.235811 -0.187628 0.944148
1311870441.632942 1.432600 -0.131274 0.400344 -0.135626 -0.234567 -0.186936 0.944266
1311870441.668118 1.440093 -0.127435 0.403633 -0.136987 -0.233307 -0.186902 0.944389
1311870441.700172 1.446520 -0.127135 0.407412 -0.139291 -0.231307 -0.186701 0.944583
1311870441.732030 1.450652 -0.127237 0.410534 -0.141241 -0.228361 -0.185364 0.945274
1311870441.768221 1.453966 -0.125396 0.411903 -0.142694 -0.225654 -0.184202 0.945933
1311870441.800208 1.458018 -0.126785 0.414855 -0.144299 -0.223807 -0.182662 0.946426
1311870441.832186 1.462134 -0.127653 0.418126 -0.145103 -0.222919 -0.180570 0.946914
1311870441.868242 1.464948 -0.128742 0.418400 -0.145272 -0.221462 -0.179688 0.947398
1311870441.900199 1.467564 -0.134808 0.422477 -0.146063 -0.220941 -0.178113 0.947695
1311870441.932347 1.471254 -0.136268 0.425220 -0.144932 -0.220149 -0.175645 0.948514
1311870441.968225 1.470788 -0.137717 0.425026 -0.144270 -0.218590 -0.172393 0.949571
1311870442.000519 1.471094 -0.141195 0.428961 -0.143878 -0.219543 -0.168502 0.950109
1311870442.032101 1.471941 -0.141475 0.428664 -0.142330 -0.220879 -0.165447 0.950569
1311870442.068163 1.473049 -0.147446 0.429387 -0.143269 -0.221774 -0.162791 0.950679
1311870442.103605 1.475427 -0.154174 0.434913 -0.142819 -0.223055 -0.161955 0.950589
1311870442.132295 1.474714 -0.155058 0.435324 -0.138602 -0.222393 -0.163045 0.951182
1311870442.168086 1.475985 -0.161778 0.439065 -0.136072 -0.222156 -0.164410 0.951368
1311870442.201178 1.472025 -0.161220 0.436439 -0.131014 -0.219980 -0.164757 0.952523
1311870442.232210 1.469458 -0.168325 0.437432 -0.129170 -0.220471 -0.165311 0.952565
1311870442.268206 1.467580 -0.172101 0.438778 -0.126704 -0.222222 -0.164645 0.952605
1311870442.300086 1.468634 -0.174454 0.441600 -0.124907 -0.224546 -0.163509 0.952493
1311870442.332140 1.466198 -0.178538 0.443840 -0.123996 -0.225205 -0.165216 0.952161
1311870442.368246 1.462938 -0.183925 0.446283 -0.122618 -0.226350 -0.166696 0.951810
1311870442.400030 1.460490 -0.188966 0.448146 -0.121274 -0.228580 -0.167458 0.951316
1311870442.432189 1.458672 -0.195102 0.449980 -0.119874 -0.231235 -0.167117 0.950911
1311870442.468023 1.459311 -0.201323 0.455309 -0.118189 -0.234076 -0.164782 0.950835
1311870442.500198 1.458726 -0.208023 0.459120 -0.116111 -0.234753 -0.162276 0.951355
1311870442.532181 1.454625 -0.214003 0.461988 -0.113914 -0.233781 -0.159173 0.952383
1311870442.568220 1.453232 -0.215338 0.466249 -0.110757 -0.234428 -0.155263 0.953242
1311870442.600265 1.449718 -0.218408 0.467648 -0.108722 -0.234611 -0.153059 0.953787
1311870442.635674 1.447483 -0.221743 0.470290 -0.106801 -0.235610 -0.152404 0.953863
1311870442.668160 1.445728 -0.225151 0.474508 -0.104608 -0.236998 -0.152899 0.953683
1311870442.700211 1.444018 -0.229156 0.478471 -0.102602 -0.237508 -0.154046 0.953589
1311870442.732224 1.440835 -0.232039 0.479863 -0.099931 -0.236739 -0.154630 0.953970
1311870442.768169 1.438847 -0.234088 0.482649 -0.098149 -0.236509 -0.154540 0.954226
1311870442.803175 1.435280 -0.237808 0.487721 -0.096449 -0.236522 -0.154819 0.954351
1311870442.832847 1.432445 -0.238707 0.491184 -0.093945 -0.236397 -0.153979 0.954768
1311870442.868218 1.429045 -0.241117 0.492822 -0.091693 -0.236397 -0.153895 0.955000
1311870442.900140 1.427829 -0.243033 0.494681 -0.090184 -0.237508 -0.153556 0.954923
1311870442.932118 1.425957 -0.245561 0.497675 -0.089157 -0.238558 -0.152817 0.954876
1311870442.968874 1.425005 -0.243920 0.501875 -0.087687 -0.239650 -0.150658 0.955082
1311870443.000647 1.423414 -0.247066 0.502153 -0.088148 -0.240052 -0.148359 0.955298
1311870443.032544 1.421027 -0.247564 0.504633 -0.087332 -0.240848 -0.147833 0.955254
1311870443.068224 1.419303 -0.247896 0.506901 -0.086442 -0.241763 -0.148229 0.955043
1311870443.100206 1.420302 -0.252141 0.508829 -0.086501 -0.242627 -0.147947 0.954862
1311870443.132186 1.417311 -0.251500 0.510206 -0.084947 -0.242664 -0.147146 0.955116
1311870443.168697 1.415203 -0.250948 0.510128 -0.084793 -0.243754 -0.145607 0.955088
1311870443.200234 1.416002 -0.255447 0.514495 -0.085897 -0.245681 -0.144778 0.954621
1311870443.232146 1.415704 -0.255237 0.515199 -0.085031 -0.246326 -0.142586 0.954862
1311870443.268148 1.414034 -0.255326 0.514899 -0.084873 -0.247314 -0.140252 0.954967
1311870443.300216 1.416378 -0.256300 0.518489 -0.085665 -0.250397 -0.138992 0.954277
1311870443.332286 1.417432 -0.260684 0.520830 -0.086040 -0.251993 -0.139347 0.953771
1311870443.368387 1.417569 -0.260648 0.522244 -0.083902 -0.252234 -0.139478 0.953879
1311870443.400129 1.419191 -0.262051 0.524545 -0.083570 -0.253480 -0.138740 0.953685
1311870443.433543 1.416933 -0.263779 0.523542 -0.083964 -0.253868 -0.137733 0.953693
1311870443.468216 1.419461 -0.264865 0.527379 -0.083235 -0.257193 -0.136675 0.953018
1311870443.500190 1.421877 -0.267284 0.530687 -0.082703 -0.260075 -0.136857 0.952256
1311870443.532274 1.424920 -0.270882 0.533209 -0.081662 -0.262329 -0.137482 0.951637
1311870443.568228 1.425585 -0.271210 0.535103 -0.080357 -0.264390 -0.136882 0.951264
1311870443.600188 1.428084 -0.269630 0.536618 -0.079137 -0.267185 -0.136918 0.950580
1311870443.633824 1.432088 -0.274330 0.539137 -0.079421 -0.269976 -0.138017 0.949609
1311870443.669450 1.436825 -0.275826 0.544207 -0.078810 -0.272600 -0.138772 0.948800
1311870443.700456 1.440674 -0.278604 0.547792 -0.078607 -0.275388 -0.140535 0.947751
1311870443.732224 1.443034 -0.278953 0.548780 -0.077085 -0.277498 -0.143689 0.946787
1311870443.768189 1.448052 -0.280247 0.553925 -0.075834 -0.281022 -0.146509 0.945416
1311870443.800762 1.452747 -0.282334 0.555952 -0.075581 -0.284233 -0.149187 0.944056
1311870443.832760 1.458412 -0.283611 0.559534 -0.074953 -0.288295 -0.152849 0.942287
1311870443.868379 1.466090 -0.284973 0.564911 -0.074806 -0.292439 -0.157246 0.940296
1311870443.900223 1.473383 -0.288887 0.567727 -0.074888 -0.294762 -0.162045 0.938749
1311870443.936095 1.479485 -0.289285 0.570201 -0.075000 -0.296104 -0.166617 0.937516
1311870443.968820 1.484146 -0.293038 0.572167 -0.075842 -0.297888 -0.172385 0.935839
1311870444.000310 1.492207 -0.292576 0.577184 -0.075318 -0.301415 -0.178879 0.933530
1311870444.036121 1.499576 -0.297428 0.579493 -0.076565 -0.304197 -0.184700 0.931390
1311870444.068450 1.503614 -0.297001 0.581810 -0.076700 -0.306908 -0.188516 0.929724
1311870444.100313 1.510435 -0.299543 0.584151 -0.077916 -0.311078 -0.191990 0.927523
1311870444.136376 1.519455 -0.302266 0.587719 -0.079314 -0.315847 -0.193642 0.925447
1311870444.168597 1.526737 -0.303191 0.590523 -0.080315 -0.319335 -0.194531 0.923976
1311870444.200428 1.537067 -0.303412 0.594555 -0.081709 -0.323601 -0.194275 0.922423
1311870444.236334 1.545798 -0.305828 0.597591 -0.083308 -0.326753 -0.195864 0.920831
1311870444.268377 1.551043 -0.307501 0.598550 -0.084166 -0.328522 -0.196460 0.919996
1311870444.300356 1.555442 -0.306934 0.598436 -0.083952 -0.331429 -0.197072 0.918841
1311870444.336251 1.564973 -0.305072 0.601530 -0.082947 -0.336868 -0.199884 0.916344
1311870444.368372 1.574141 -0.305551 0.603790 -0.083514 -0.341078 -0.203019 0.914043
1311870444.400227 1.583078 -0.305435 0.605688 -0.084237 -0.343425 -0.204933 0.912669
1311870444.436312 1.590331 -0.302657 0.605493 -0.085325 -0.344669 -0.205748 0.911916
1311870444.468622 1.595776 -0.303353 0.608231 -0.087188 -0.346375 -0.207822 0.910622
1311870444.500194 1.604206 -0.301046 0.611513 -0.088206 -0.348966 -0.208653 0.909344
1311870444.536787 1.611952 -0.300393 0.614585 -0.090554 -0.351265 -0.209040 0.908138
1311870444.568395 1.618297 -0.300120 0.616205 -0.092663 -0.352906 -0.209170 0.907259
1311870444.602292 1.626756 -0.296788 0.619128 -0.093734 -0.354403 -0.209675 0.906449
1311870444.636266 1.634135 -0.290233 0.624778 -0.095037 -0.354997 -0.209603 0.906097
1311870444.668446 1.639782 -0.286812 0.625252 -0.098955 -0.353887 -0.208025 0.906475
1311870444.701032 1.645972 -0.284095 0.628275 -0.103719 -0.353474 -0.207698 0.906179
1311870444.736354 1.652119 -0.275254 0.636179 -0.106718 -0.353749 -0.209770 0.905246
1311870444.768245 1.656806 -0.275081 0.638366 -0.111523 -0.351325 -0.213555 0.904725
1311870444.800418 1.660312 -0.271898 0.639065 -0.115246 -0.348290 -0.216187 0.904807
1311870444.836377 1.661863 -0.267927 0.641598 -0.118541 -0.346715 -0.219827 0.904109
1311870444.868299 1.664851 -0.265113 0.644581 -0.121478 -0.346510 -0.221896 0.903292
1311870444.900329 1.670076 -0.263260 0.650239 -0.124482 -0.347499 -0.223157 0.902192
1311870444.936351 1.674161 -0.264195 0.652281 -0.127703 -0.347802 -0.222450 0.901799
1311870444.968539 1.682447 -0.257904 0.660369 -0.128738 -0.349236 -0.220256 0.901637
1311870445.000303 1.688112 -0.259550 0.664559 -0.131238 -0.348751 -0.219071 0.901752
1311870445.036238 1.691944 -0.258556 0.668458 -0.132925 -0.348123 -0.217738 0.902070
1311870445.068452 1.697807 -0.256094 0.672437 -0.133712 -0.348239 -0.218522 0.901720
1311870445.100300 1.703499 -0.257820 0.677695 -0.135908 -0.347911 -0.220415 0.901057
1311870445.136199 1.709145 -0.256989 0.682962 -0.136895 -0.346773 -0.222120 0.900928
1311870445.168341 1.711888 -0.256049 0.685229 -0.138408 -0.345946 -0.224701 0.900374
1311870445.200264 1.712880 -0.256157 0.684381 -0.139392 -0.346760 -0.227909 0.899102
1311870445.236342 1.716215 -0.258391 0.688977 -0.140482 -0.350807 -0.229822 0.896873
1311870445.268384 1.721032 -0.258271 0.694474 -0.141727 -0.355565 -0.229750 0.894819
1311870445.300289 1.723509 -0.258047 0.696847 -0.143097 -0.359205 -0.229654 0.893171
1311870445.336313 1.728839 -0.257067 0.706008 -0.144219 -0.364066 -0.229806 0.890981
1311870445.368329 1.731914 -0.262719 0.713409 -0.145946 -0.366080 -0.232092 0.889280
1311870445.400309 1.736861 -0.259871 0.722718 -0.144932 -0.367436 -0.233277 0.888576
1311870445.436350 1.741030 -0.261844 0.728228 -0.146864 -0.367173 -0.234995 0.887914
1311870445.468401 1.742133 -0.261437 0.732120 -0.148448 -0.367121 -0.235334 0.887583
1311870445.500377 1.744645 -0.261200 0.736912 -0.149766 -0.368658 -0.238806 0.885795
1311870445.540077 1.747620 -0.270106 0.745652 -0.152833 -0.369776 -0.243185 0.883611
1311870445.568331 1.748353 -0.274367 0.751373 -0.150698 -0.368942 -0.245666 0.883640
1311870445.600389 1.752580 -0.270108 0.756485 -0.145992 -0.369692 -0.248360 0.883364
1311870445.636324 1.756249 -0.272667 0.763002 -0.144997 -0.370737 -0.252215 0.881996
1311870445.668335 1.758088 -0.273656 0.768136 -0.143858 -0.370894 -0.253786 0.881666
1311870445.700236 1.758459 -0.271191 0.769683 -0.142251 -0.371682 -0.254840 0.881291
1311870445.736362 1.759826 -0.269457 0.773383 -0.143306 -0.375050 -0.255633 0.879462
1311870445.768584 1.761157 -0.274643 0.775283 -0.147140 -0.378314 -0.256754 0.877101
1311870445.800369 1.761803 -0.271266 0.781491 -0.147624 -0.382419 -0.257357 0.875060
1311870445.836299 1.764204 -0.273834 0.785115 -0.149308 -0.386035 -0.258213 0.872932
1311870445.868337 1.766455 -0.273964 0.789747 -0.150501 -0.389144 -0.257496 0.871557
1311870445.900306 1.767711 -0.275134 0.791352 -0.152850 -0.391061 -0.255961 0.870742
1311870445.936551 1.767871 -0.276017 0.793905 -0.155135 -0.393040 -0.254865 0.869768
1311870445.968392 1.771364 -0.276162 0.798797 -0.156451 -0.396274 -0.254540 0.868159
1311870446.000304 1.773934 -0.279721 0.806081 -0.158036 -0.397877 -0.254654 0.867104
1311870446.036758 1.775577 -0.283363 0.808541 -0.158193 -0.397282 -0.254651 0.867349
1311870446.068635 1.776546 -0.286710 0.809891 -0.157361 -0.396737 -0.256870 0.867096
1311870446.100357 1.777654 -0.286024 0.813018 -0.154360 -0.397592 -0.259906 0.866339
1311870446.136276 1.779900 -0.290378 0.816535 -0.154365 -0.399428 -0.261102 0.865133
1311870446.168735 1.782887 -0.291614 0.820757 -0.154447 -0.401473 -0.261059 0.864184
1311870446.200427 1.785042 -0.293392 0.825344 -0.154319 -0.403408 -0.260849 0.863368
1311870446.236315 1.786969 -0.295426 0.827565 -0.153667 -0.404033 -0.260763 0.863219
1311870446.268306 1.788750 -0.297280 0.833427 -0.153354 -0.405759 -0.259983 0.862700
1311870446.301025 1.790480 -0.299527 0.837395 -0.154191 -0.407770 -0.259358 0.861790
1311870446.336338 1.793631 -0.298552 0.840046 -0.153684 -0.410177 -0.258656 0.860949
1311870446.368954 1.795870 -0.300625 0.847678 -0.154653 -0.413253 -0.258318 0.859405
1311870446.400492 1.798617 -0.302068 0.853706 -0.155001 -0.415086 -0.258031 0.858545
1311870446.436540 1.802345 -0.303788 0.861777 -0.154956 -0.415837 -0.257031 0.858489
1311870446.468367 1.804620 -0.308936 0.868290 -0.154883 -0.415755 -0.257033 0.858541
1311870446.500355 1.805614 -0.310150 0.869918 -0.153095 -0.415883 -0.258761 0.858281
1311870446.536436 1.807030 -0.315484 0.874524 -0.152102 -0.418916 -0.261343 0.856198
1311870446.568393 1.809989 -0.319096 0.878984 -0.150963 -0.423255 -0.262901 0.853785
1311870446.601101 1.813280 -0.323485 0.884623 -0.150081 -0.427428 -0.264979 0.851215
1311870446.637765 1.816524 -0.324480 0.890260 -0.147505 -0.431483 -0.267108 0.848951
1311870446.668422 1.819766 -0.329025 0.893945 -0.145842 -0.435126 -0.270990 0.846144
1311870446.700430 1.823498 -0.330915 0.899083 -0.143182 -0.439738 -0.275528 0.842742
1311870446.736562 1.827790 -0.333896 0.906125 -0.141152 -0.444857 -0.280695 0.838683
1311870446.768561 1.832658 -0.335762 0.909263 -0.139464 -0.448472 -0.286432 0.835092
1311870446.800611 1.837307 -0.338912 0.915644 -0.138793 -0.452875 -0.289927 0.831615
1311870446.839890 1.842297 -0.341389 0.923423 -0.137656 -0.457157 -0.294553 0.827826
1311870446.868281 1.847308 -0.345549 0.931022 -0.137622 -0.460587 -0.297670 0.824811
1311870446.900517 1.854275 -0.349169 0.936554 -0.137511 -0.463508 -0.299809 0.822414
1311870446.938961 1.859855 -0.350368 0.943726 -0.138029 -0.466111 -0.302548 0.819849
1311870446.968287 1.865059 -0.354941 0.949105 -0.138877 -0.467749 -0.306016 0.817483
1311870447.000608 1.868746 -0.358578 0.953614 -0.138788 -0.469413 -0.309147 0.815363
1311870447.036348 1.875361 -0.361208 0.959236 -0.138302 -0.472217 -0.313327 0.812225
1311870447.069357 1.880054 -0.363138 0.964846 -0.138671 -0.473935 -0.316970 0.809744
1311870447.100489 1.882968 -0.367180 0.970640 -0.139537 -0.475622 -0.319853 0.807469
1311870447.136384 1.887441 -0.370727 0.975241 -0.139743 -0.477586 -0.323259 0.804914
1311870447.168779 1.889821 -0.373968 0.980218 -0.140085 -0.479298 -0.326285 0.802613
1311870447.200406 1.892267 -0.376925 0.983859 -0.139384 -0.481247 -0.328181 0.800793
1311870447.236496 1.894908 -0.380032 0.986469 -0.138567 -0.483744 -0.330468 0.798487
1311870447.268702 1.898058 -0.380968 0.989332 -0.137106 -0.486061 -0.333828 0.795930
1311870447.300746 1.899090 -0.385541 0.994116 -0.136811 -0.488182 -0.335405 0.794018
1311870447.337758 1.900826 -0.386106 0.997242 -0.135322 -0.489361 -0.336569 0.793054
1311870447.368631 1.902357 -0.387865 1.001728 -0.134507 -0.490288 -0.337574 0.792192
1311870447.402784 1.901655 -0.390611 1.004738 -0.134849 -0.490601 -0.337279 0.792066
1311870447.436290 1.901427 -0.391886 1.007260 -0.136015 -0.491674 -0.336359 0.791593
1311870447.468472 1.901526 -0.392155 1.008236 -0.137587 -0.493247 -0.337260 0.789957
1311870447.505391 1.899249 -0.393999 1.011308 -0.138763 -0.495514 -0.338693 0.787717
1311870447.538012 1.897050 -0.395683 1.013022 -0.138322 -0.497451 -0.340502 0.785791
1311870447.568454 1.897122 -0.399210 1.014534 -0.138175 -0.498822 -0.342201 0.784208
1311870447.600701 1.894163 -0.400794 1.019864 -0.137629 -0.498439 -0.344676 0.783464
1311870447.636328 1.891394 -0.404152 1.023298 -0.135947 -0.497335 -0.345914 0.783913
1311870447.668541 1.889295 -0.403762 1.026025 -0.134690 -0.495501 -0.346941 0.784838
1311870447.702983 1.884553 -0.407304 1.027331 -0.135805 -0.492925 -0.348153 0.785730
1311870447.736460 1.878385 -0.410523 1.027995 -0.136720 -0.491308 -0.348020 0.786642
1311870447.768501 1.875694 -0.410413 1.029729 -0.136234 -0.491460 -0.348313 0.786502
1311870447.803252 1.868148 -0.416663 1.030590 -0.138438 -0.490711 -0.350496 0.785614
1311870447.836560 1.862247 -0.418309 1.031976 -0.138055 -0.490283 -0.352215 0.785180
1311870447.868373 1.856211 -0.421406 1.032185 -0.137894 -0.489742 -0.353265 0.785074
1311870447.903970 1.853757 -0.422574 1.033422 -0.139737 -0.488893 -0.355154 0.784426
1311870447.936552 1.846160 -0.423468 1.034492 -0.143145 -0.487321 -0.358269 0.783371
1311870447.968677 1.837699 -0.425089 1.035667 -0.144579 -0.486488 -0.360002 0.782831
1311870448.003362 1.833288 -0.425786 1.036592 -0.145112 -0.486038 -0.360918 0.782590
1311870448.036711 1.825007 -0.427459 1.040599 -0.145091 -0.484794 -0.362896 0.782451
1311870448.068615 1.816240 -0.433360 1.042024 -0.145055 -0.482693 -0.363162 0.783632
1311870448.101910 1.811912 -0.437082 1.044915 -0.145366 -0.479809 -0.362383 0.785704
1311870448.136537 1.802262 -0.436915 1.045311 -0.145922 -0.476137 -0.361890 0.788058
1311870448.168500 1.795660 -0.438176 1.047258 -0.146672 -0.475111 -0.362535 0.788242
1311870448.203656 1.787432 -0.442714 1.049890 -0.148370 -0.472679 -0.363044 0.789151
1311870448.236492 1.777944 -0.444554 1.051104 -0.148875 -0.469202 -0.363002 0.791148
1311870448.268590 1.771553 -0.444726 1.052812 -0.149550 -0.468346 -0.362517 0.791750
1311870448.302001 1.763254 -0.446906 1.055412 -0.152667 -0.467738 -0.362972 0.791306
1311870448.336426 1.755954 -0.447819 1.058784 -0.154227 -0.467501 -0.363051 0.791107
1311870448.368626 1.747197 -0.448416 1.058460 -0.155189 -0.466390 -0.363804 0.791229
1311870448.404180 1.738277 -0.449866 1.058450 -0.156518 -0.465495 -0.364596 0.791130
1311870448.436494 1.728985 -0.454108 1.059460 -0.157499 -0.465201 -0.364591 0.791110
1311870448.469255 1.722517 -0.452997 1.061219 -0.156406 -0.464993 -0.363790 0.791818
1311870448.501350 1.715008 -0.452173 1.062021 -0.155720 -0.464499 -0.363786 0.792245
1311870448.536588 1.707917 -0.452253 1.062006 -0.156651 -0.464596 -0.363924 0.791941
1311870448.570594 1.700570 -0.453610 1.063183 -0.157520 -0.465630 -0.363857 0.791191
1311870448.600762 1.694411 -0.452794 1.064378 -0.158010 -0.466393 -0.362937 0.791067
1311870448.636419 1.687374 -0.453086 1.065896 -0.158692 -0.466844 -0.363460 0.790424
1311870448.669818 1.681846 -0.452735 1.067350 -0.159641 -0.466460 -0.363548 0.790419
1311870448.700656 1.677530 -0.453240 1.069290 -0.160779 -0.465691 -0.362803 0.790984
1311870448.736438 1.671900 -0.452328 1.069838 -0.162438 -0.463911 -0.363183 0.791517
1311870448.771225 1.667218 -0.450348 1.070071 -0.164494 -0.463096 -0.362764 0.791761
1311870448.801564 1.661584 -0.450835 1.071104 -0.167568 -0.463206 -0.361983 0.791409
1311870448.836537 1.654951 -0.452755 1.071366 -0.169817 -0.463718 -0.362489 0.790398
1311870448.869700 1.649843 -0.453366 1.073045 -0.170479 -0.465350 -0.363322 0.788913
1311870448.900887 1.644654 -0.455045 1.074412 -0.170567 -0.466162 -0.364743 0.787758
1311870448.936448 1.639311 -0.456684 1.075280 -0.169593 -0.467056 -0.365392 0.787138
1311870448.969668 1.634470 -0.458364 1.074454 -0.169175 -0.468697 -0.365344 0.786274
1311870449.001510 1.630113 -0.459582 1.075253 -0.169211 -0.471552 -0.364699 0.784857
1311870449.036575 1.624546 -0.460329 1.076786 -0.168141 -0.474785 -0.365469 0.782778
1311870449.071321 1.620263 -0.463281 1.078046 -0.166423 -0.477990 -0.366676 0.780627
1311870449.100827 1.615157 -0.463936 1.079215 -0.165152 -0.481164 -0.365928 0.779296
1311870449.136566 1.610548 -0.465090 1.078767 -0.164818 -0.486160 -0.365770 0.776335
1311870449.171406 1.606283 -0.465540 1.080389 -0.164013 -0.492443 -0.367107 0.771901
1311870449.200685 1.602617 -0.466453 1.083306 -0.161918 -0.498341 -0.368028 0.768111
1311870449.236497 1.598404 -0.467008 1.087301 -0.158796 -0.503378 -0.369801 0.764618
1311870449.273412 1.595323 -0.468547 1.090443 -0.155157 -0.507967 -0.371306 0.761595
1311870449.300841 1.590519 -0.470209 1.090923 -0.150752 -0.511214 -0.374357 0.758809
1311870449.338081 1.589611 -0.471177 1.095479 -0.146884 -0.516953 -0.376253 0.754731
1311870449.371881 1.585951 -0.473247 1.099049 -0.144895 -0.522606 -0.378028 0.750322
1311870449.402787 1.584169 -0.473844 1.103008 -0.142237 -0.528845 -0.379585 0.745659
1311870449.436669 1.581516 -0.477737 1.108174 -0.140236 -0.535640 -0.381866 0.740002
1311870449.469614 1.580069 -0.478824 1.111577 -0.136268 -0.541727 -0.384391 0.734987
1311870449.501614 1.578536 -0.482141 1.116664 -0.133918 -0.548660 -0.386476 0.729160
1311870449.536434 1.578158 -0.483751 1.121298 -0.130064 -0.555418 -0.390267 0.722694
1311870449.569845 1.576765 -0.486168 1.127317 -0.126916 -0.562138 -0.393713 0.716159
1311870449.601760 1.576971 -0.488262 1.133449 -0.124736 -0.568498 -0.396413 0.710006
1311870449.639118 1.575723 -0.493454 1.138787 -0.123608 -0.574123 -0.399389 0.703983
1311870449.668836 1.573681 -0.497173 1.147643 -0.123057 -0.579873 -0.401143 0.698347
1311870449.701069 1.572779 -0.496549 1.152366 -0.120858 -0.585088 -0.403518 0.692992
1311870449.736551 1.573104 -0.497902 1.160868 -0.119588 -0.591323 -0.406568 0.686104
1311870449.770083 1.570781 -0.501748 1.169447 -0.119966 -0.596077 -0.409580 0.680107
1311870449.803170 1.568771 -0.505025 1.175029 -0.118960 -0.600280 -0.412096 0.675048
1311870449.837832 1.570385 -0.506026 1.181368 -0.116732 -0.604751 -0.414290 0.670085
1311870449.870218 1.569508 -0.506335 1.189073 -0.115717 -0.608535 -0.415888 0.665831
1311870449.901187 1.570460 -0.507289 1.194576 -0.114900 -0.611819 -0.417220 0.662120
1311870449.936773 1.572633 -0.504176 1.203266 -0.114730 -0.615197 -0.418940 0.657920
1311870449.970274 1.571050 -0.505498 1.211449 -0.116670 -0.617660 -0.421084 0.653890
1311870450.000712 1.570875 -0.505181 1.217853 -0.117068 -0.619009 -0.422557 0.651589
1311870450.039055 1.569308 -0.506242 1.223964 -0.116777 -0.619833 -0.424699 0.649462
1311870450.069346 1.571973 -0.502341 1.232803 -0.114520 -0.621324 -0.425345 0.648014
1311870450.100915 1.573065 -0.503052 1.235719 -0.115800 -0.620700 -0.425409 0.648343
1311870450.136869 1.576716 -0.499074 1.237739 -0.116393 -0.621040 -0.424781 0.648324
1311870450.170909 1.579213 -0.500514 1.242857 -0.120017 -0.622357 -0.424830 0.646364
1311870450.202283 1.581315 -0.500347 1.246860 -0.121469 -0.622925 -0.424659 0.645658
1311870450.236763 1.583260 -0.500049 1.248816 -0.121726 -0.623127 -0.425497 0.644862
1311870450.269090 1.589089 -0.497869 1.253517 -0.121059 -0.624899 -0.425820 0.643058
1311870450.301059 1.591642 -0.496379 1.256729 -0.122510 -0.625583 -0.426246 0.641834
1311870450.336876 1.595576 -0.496287 1.257864 -0.123939 -0.626099 -0.426161 0.641113
1311870450.369008 1.599852 -0.496672 1.261748 -0.125379 -0.627238 -0.425556 0.640120
1311870450.401010 1.604883 -0.492913 1.264087 -0.124906 -0.627771 -0.425677 0.639610
1311870450.437316 1.611079 -0.492038 1.261879 -0.126102 -0.628608 -0.425203 0.638869
1311870450.469143 1.616869 -0.487830 1.265554 -0.126353 -0.631219 -0.425012 0.636367
1311870450.501134 1.624332 -0.488377 1.266453 -0.127557 -0.632102 -0.426511 0.634244
1311870450.538645 1.629964 -0.484798 1.267116 -0.127618 -0.632805 -0.427909 0.632587
1311870450.569084 1.637437 -0.482083 1.265941 -0.127385 -0.633862 -0.429072 0.630785
1311870450.601120 1.644529 -0.481308 1.265665 -0.127392 -0.634948 -0.430292 0.628857
1311870450.637751 1.650641 -0.480250 1.266827 -0.127754 -0.636434 -0.429987 0.627489
1311870450.670066 1.659893 -0.475672 1.264922 -0.128176 -0.638320 -0.428847 0.626265
1311870450.701290 1.667583 -0.480870 1.264087 -0.134113 -0.641664 -0.426610 0.623125
1311870450.737892 1.678538 -0.477687 1.266250 -0.135731 -0.645503 -0.425317 0.619685
1311870450.769954 1.687128 -0.477866 1.268176 -0.139375 -0.647307 -0.424854 0.617306
1311870450.804254 1.695919 -0.476936 1.270730 -0.140305 -0.647932 -0.425469 0.616015
1311870450.840324 1.702220 -0.474778 1.275845 -0.139116 -0.649572 -0.426158 0.614079
1311870450.869862 1.710862 -0.473753 1.278035 -0.135771 -0.650140 -0.428941 0.612286
1311870450.901836 1.719840 -0.475294 1.282201 -0.134147 -0.651021 -0.428620 0.611932
1311870450.937709 1.729464 -0.476811 1.281510 -0.133194 -0.651106 -0.428057 0.612444
1311870450.972680 1.741996 -0.479087 1.281021 -0.133772 -0.651930 -0.427511 0.611823
1311870451.001936 1.753759 -0.479299 1.284263 -0.134630 -0.653610 -0.426860 0.610294
1311870451.039322 1.762070 -0.483362 1.287041 -0.137380 -0.654343 -0.426560 0.609105
1311870451.069587 1.769656 -0.479379 1.293935 -0.135528 -0.654917 -0.427181 0.608467
1311870451.100674 1.778767 -0.482098 1.294556 -0.135232 -0.653998 -0.428383 0.608676
1311870451.139173 1.787942 -0.482118 1.296502 -0.133733 -0.654370 -0.429795 0.607612
1311870451.170707 1.794864 -0.483358 1.297689 -0.132873 -0.655338 -0.430522 0.606241
1311870451.200766 1.803855 -0.484097 1.300700 -0.132276 -0.656595 -0.430668 0.604907
1311870451.241411 1.816318 -0.485240 1.302542 -0.133466 -0.657099 -0.430195 0.604434
1311870451.269610 1.821337 -0.484420 1.306685 -0.136698 -0.657286 -0.429991 0.603653
1311870451.300668 1.827465 -0.487333 1.308457 -0.139150 -0.657726 -0.430583 0.602190
1311870451.337433 1.833469 -0.484981 1.313750 -0.137915 -0.658827 -0.432061 0.600208
1311870451.373855 1.838159 -0.487390 1.317803 -0.137452 -0.658928 -0.433739 0.598992
1311870451.400678 1.844429 -0.488037 1.321951 -0.135912 -0.659715 -0.434339 0.598041
1311870451.440446 1.853536 -0.492578 1.323822 -0.134325 -0.660594 -0.435451 0.596619
1311870451.470627 1.861121 -0.492326 1.328789 -0.132854 -0.661918 -0.435723 0.595281
1311870451.500738 1.866543 -0.492727 1.332961 -0.132457 -0.662663 -0.435989 0.594346
1311870451.537387 1.870921 -0.496097 1.339270 -0.133127 -0.664155 -0.435533 0.592863
1311870451.569243 1.877040 -0.498747 1.343856 -0.131740 -0.665400 -0.435941 0.591476
1311870451.600842 1.881426 -0.502583 1.351945 -0.131650 -0.667051 -0.435329 0.590085
1311870451.640948 1.890715 -0.505470 1.356814 -0.131119 -0.668589 -0.435002 0.588702
1311870451.669907 1.893156 -0.507651 1.365674 -0.131061 -0.671176 -0.435845 0.585136
1311870451.700785 1.896677 -0.511264 1.373574 -0.131199 -0.672754 -0.436113 0.583089
1311870451.738569 1.900161 -0.515544 1.381787 -0.130331 -0.674271 -0.437020 0.580849
1311870451.770092 1.903984 -0.519701 1.389599 -0.128836 -0.675942 -0.438113 0.578412
1311870451.800957 1.909628 -0.525611 1.399192 -0.127983 -0.677610 -0.439398 0.575669
1311870451.843498 1.913495 -0.526835 1.408377 -0.125322 -0.679162 -0.441358 0.572919
1311870451.871994 1.920209 -0.530740 1.416134 -0.123858 -0.680325 -0.443972 0.569830
1311870451.900931 1.923866 -0.530250 1.428574 -0.122855 -0.681663 -0.446152 0.566737
1311870451.938315 1.927911 -0.534219 1.437795 -0.122837 -0.681947 -0.449187 0.563995
1311870451.973008 1.933218 -0.536652 1.447101 -0.122504 -0.682542 -0.452449 0.560731
1311870452.000747 1.936539 -0.539756 1.457041 -0.123012 -0.682861 -0.455893 0.557432
1311870452.038266 1.939320 -0.540773 1.467480 -0.122313 -0.683628 -0.458999 0.554088
1311870452.072962 1.943391 -0.542466 1.473653 -0.121671 -0.683882 -0.462475 0.551016
1311870452.100648 1.944753 -0.547630 1.487143 -0.121716 -0.686435 -0.464713 0.545926
1311870452.137766 1.951346 -0.547775 1.488724 -0.119827 -0.686647 -0.467141 0.544000
1311870452.171327 1.953482 -0.554454 1.499596 -0.121922 -0.689790 -0.467592 0.539151
1311870452.200712 1.957033 -0.556603 1.507982 -0.121427 -0.692341 -0.468739 0.534979
1311870452.238414 1.959505 -0.559246 1.514726 -0.120254 -0.694194 -0.470422 0.531354
1311870452.270154 1.964480 -0.564749 1.521421 -0.117593 -0.695691 -0.472956 0.527729
1311870452.300724 1.969074 -0.566366 1.532824 -0.115716 -0.697883 -0.473603 0.524661
1311870452.338323 1.972837 -0.568168 1.538310 -0.115122 -0.699126 -0.474040 0.522739
1311870452.368878 1.977957 -0.571530 1.543936 -0.114009 -0.700790 -0.475882 0.519068
1311870452.400892 1.981472 -0.575465 1.548732 -0.113847 -0.702682 -0.477035 0.515475
1311870452.437917 1.986121 -0.578103 1.554358 -0.114120 -0.704384 -0.477484 0.512668
1311870452.468917 1.990482 -0.578727 1.557030 -0.115209 -0.706485 -0.477207 0.509784
1311870452.500934 1.995028 -0.581964 1.560966 -0.116675 -0.709826 -0.478941 0.503140
1311870452.540934 1.996848 -0.584012 1.566027 0.118530 0.712990 0.479943 -0.497243
1311870452.569316 1.997665 -0.583681 1.571646 0.116621 0.714820 0.481758 -0.493296
1311870452.600992 1.996996 -0.585662 1.577664 0.112932 0.716207 0.483058 -0.490865
1311870452.645017 1.997699 -0.588654 1.581252 0.109624 0.716650 0.483929 -0.490111
1311870452.669288 2.005794 -0.591445 1.581513 0.108089 0.716784 0.483970 -0.490215
1311870452.700871 2.007715 -0.595878 1.582959 0.109276 0.718034 0.483767 -0.488320
1311870452.739677 2.011178 -0.597680 1.587340 0.109321 0.720330 0.483000 -0.485679
1311870452.768944 2.012298 -0.598747 1.592111 0.108706 0.721858 0.483093 -0.483452
1311870452.800752 2.011482 -0.598806 1.597076 0.107851 0.722585 0.482702 -0.482947
1311870452.837778 2.012365 -0.602804 1.602906 0.107972 0.723444 0.481407 -0.482926
1311870452.868888 2.010486 -0.602738 1.606641 0.108137 0.723739 0.481399 -0.482456
1311870452.900726 2.012302 -0.605700 1.608003 0.107937 0.724528 0.481238 -0.481475
1311870452.938955 2.012387 -0.606456 1.613119 0.107677 0.725977 0.481641 -0.478941
1311870452.968792 2.012918 -0.606189 1.614287 0.107580 0.725733 0.483479 -0.477479
1311870453.000758 2.008330 -0.608277 1.621827 0.107834 0.726348 0.485068 -0.474868
1311870453.040203 2.006687 -0.606491 1.626398 0.105360 0.726472 0.485860 -0.474424
1311870453.068897 2.005152 -0.611293 1.630343 0.104807 0.726549 0.486971 -0.473287
1311870453.106076 2.004228 -0.613722 1.632162 0.104030 0.726816 0.488259 -0.471719
1311870453.137902 2.001033 -0.615883 1.638568 0.104232 0.728970 0.487451 -0.469181
1311870453.169012 1.998667 -0.616576 1.643003 0.104833 0.730051 0.486753 -0.468089
1311870453.208665 1.993051 -0.617789 1.648504 0.106438 0.730952 0.486402 -0.466684
1311870453.239419 1.993260 -0.620956 1.651967 0.106485 0.731382 0.487568 -0.464778
1311870453.269017 1.985583 -0.619833 1.659097 0.106184 0.732052 0.489683 -0.461557
1311870453.305742 1.983072 -0.621953 1.664418 0.104913 0.732438 0.491083 -0.459745
1311870453.340444 1.979600 -0.621810 1.669779 0.105308 0.732269 0.493062 -0.457801
1311870453.368891 1.972387 -0.622090 1.677404 0.106146 0.732058 0.494747 -0.456124
1311870453.408070 1.967740 -0.625233 1.684207 0.109425 0.730830 0.495317 -0.456699
1311870453.437362 1.961706 -0.625837 1.687884 0.111422 0.730667 0.495627 -0.456141
1311870453.468964 1.957443 -0.629780 1.690795 0.111661 0.731585 0.498007 -0.452001
1311870453.508312 1.946880 -0.632067 1.695546 0.110567 0.733384 0.498513 -0.448784
1311870453.536921 1.941193 -0.637202 1.699653 0.107671 0.735727 0.496808 -0.447542
1311870453.568988 1.941703 -0.642767 1.702305 0.104506 0.738364 0.495181 -0.445750
1311870453.609964 1.941129 -0.644031 1.707211 0.102092 0.742043 0.492821 -0.442805
1311870453.636987 1.938740 -0.645294 1.712495 0.100262 0.745003 0.490963 -0.440310
1311870453.668811 1.936453 -0.647285 1.716737 0.099583 0.746874 0.489772 -0.438618
1311870453.708805 1.935297 -0.645807 1.722683 0.098966 0.747568 0.489854 -0.437483
1311870453.736779 1.931020 -0.648969 1.725759 0.099807 0.747438 0.490152 -0.437180
1311870453.768933 1.929796 -0.649535 1.728712 0.098566 0.748304 0.489847 -0.436321
1311870453.808528 1.929239 -0.650382 1.731578 0.096539 0.749348 0.490649 -0.434075
1311870453.836897 1.928735 -0.653093 1.736074 0.095377 0.751029 0.490285 -0.431833
1311870453.905295 1.930709 -0.652276 1.741169 0.097783 0.753477 0.489555 -0.427839
1311870453.936942 1.930505 -0.652648 1.742861 0.100475 0.754516 0.490554 -0.424225
1311870453.969060 1.927843 -0.650763 1.747171 0.101918 0.755675 0.492396 -0.419659
1311870454.006743 1.923037 -0.650248 1.749037 0.103607 0.756883 0.492456 -0.416990
1311870454.036868 1.923654 -0.651808 1.750111 0.104594 0.758221 0.492294 -0.414496
1311870454.069029 1.924433 -0.654241 1.749576 0.106213 0.760075 0.491856 -0.411197
1311870454.108394 1.926598 -0.654774 1.754323 0.106931 0.762951 0.491296 -0.406324
1311870454.137000 1.922599 -0.653090 1.756364 0.109177 0.764862 0.490633 -0.402922
1311870454.168921 1.922372 -0.655300 1.757360 0.109983 0.766355 0.490433 -0.400099
1311870454.208507 1.923203 -0.655945 1.761128 0.108294 0.768320 0.491580 -0.395356
1311870454.236797 1.917405 -0.655469 1.764936 0.108641 0.769591 0.492894 -0.391130
1311870454.269033 1.916240 -0.657244 1.767179 0.109109 0.770458 0.493001 -0.389152
1311870454.308639 1.919614 -0.658263 1.769451 0.107670 0.771435 0.494640 -0.385522
1311870454.336806 1.918117 -0.659722 1.773366 0.107886 0.772858 0.496034 -0.380791
1311870454.369037 1.919472 -0.659805 1.777441 0.109237 0.774224 0.496019 -0.377636
1311870454.408393 1.919252 -0.660808 1.780205 0.111168 0.775133 0.497196 -0.373640
1311870454.436702 1.914284 -0.661363 1.785183 0.111832 0.776116 0.498713 -0.369355
1311870454.468984 1.917431 -0.662857 1.789327 0.110653 0.776853 0.499342 -0.367306
1311870454.506976 1.917794 -0.664526 1.794048 0.110713 0.777665 0.500451 -0.364045
1311870454.536960 1.917989 -0.667214 1.797943 0.111177 0.778309 0.501946 -0.360451
1311870454.605779 1.915342 -0.669148 1.808159 0.109448 0.779563 0.504007 -0.355358
1311870454.636712 1.917132 -0.671409 1.811888 0.108187 0.779681 0.505312 -0.353628
1311870454.669109 1.914728 -0.673098 1.817542 0.106727 0.780049 0.506843 -0.351060
1311870454.708377 1.911280 -0.672381 1.824470 0.104415 0.780378 0.507804 -0.349632
1311870454.736893 1.911341 -0.675113 1.828317 0.102724 0.779902 0.509669 -0.348481
1311870454.769151 1.909596 -0.675543 1.833720 0.100680 0.779850 0.511594 -0.346365
1311870454.804834 1.909046 -0.679990 1.837592 0.100197 0.779604 0.512812 -0.345256
1311870454.837145 1.910815 -0.681854 1.842645 0.099497 0.779970 0.513399 -0.343756
1311870454.869278 1.906554 -0.682409 1.848074 0.098863 0.780860 0.514376 -0.340443
1311870454.904955 1.902536 -0.682353 1.853920 0.097458 0.781871 0.515144 -0.337351
1311870454.936946 1.900806 -0.685819 1.858485 0.097210 0.782390 0.515654 -0.335436
1311870454.969055 1.901203 -0.686561 1.862325 0.094792 0.782774 0.516209 -0.334377
1311870455.004911 1.899114 -0.688405 1.866767 0.093080 0.783595 0.516567 -0.332376
1311870455.036876 1.899530 -0.690981 1.869937 0.091913 0.784422 0.516546 -0.330778
1311870455.068919 1.897613 -0.690835 1.873614 0.091261 0.785287 0.516541 -0.328910
1311870455.105009 1.900356 -0.693563 1.875622 0.090837 0.785929 0.516295 -0.327877
1311870455.136862 1.896345 -0.692537 1.880231 0.089789 0.787152 0.516287 -0.325234
1311870455.169130 1.896093 -0.695945 1.881576 0.089750 0.787688 0.516083 -0.324271
1311870455.205004 1.895683 -0.696445 1.885086 0.088778 0.788379 0.515567 -0.323677
1311870455.236848 1.895619 -0.698038 1.887055 0.088462 0.788817 0.515443 -0.322894
1311870455.269148 1.895493 -0.700074 1.889751 0.088896 0.789339 0.515217 -0.321858
1311870455.304835 1.896003 -0.701252 1.892974 0.088727 0.789782 0.514301 -0.322283
1311870455.336789 1.891650 -0.701512 1.896296 0.088982 0.790294 0.513844 -0.321686
1311870455.369197 1.894680 -0.702889 1.897980 0.088588 0.790331 0.513958 -0.321521
1311870455.404805 1.893760 -0.703485 1.900195 0.088643 0.790752 0.514077 -0.320279
1311870455.436831 1.892148 -0.705135 1.902211 0.088785 0.791217 0.514254 -0.318804
1311870455.469223 1.891398 -0.706622 1.904075 0.087845 0.791408 0.514366 -0.318409
1311870455.504874 1.889742 -0.705979 1.905591 0.086817 0.792224 0.513360 -0.318287
1311870455.537012 1.891244 -0.711088 1.906718 0.088431 0.793057 0.512326 -0.317432
1311870455.569182 1.891235 -0.710871 1.910160 0.088606 0.794389 0.511142 -0.315958
1311870455.604923 1.890602 -0.711498 1.912576 0.089174 0.794832 0.510787 -0.315257
1311870455.637032 1.889311 -0.712118 1.913886 0.089722 0.794787 0.510505 -0.315670
1311870455.669070 1.889215 -0.711844 1.915963 0.089254 0.795163 0.510006 -0.315664
1311870455.704988 1.890664 -0.713328 1.916698 0.089624 0.795378 0.509982 -0.315055
1311870455.736754 1.889661 -0.712821 1.916926 0.089216 0.795592 0.510236 -0.314217
1311870455.769158 1.888651 -0.713205 1.919769 0.089589 0.796305 0.509640 -0.313272
1311870455.804909 1.889513 -0.714614 1.922434 0.090833 0.796988 0.508632 -0.312813
1311870455.836915 1.888179 -0.714640 1.923771 0.091132 0.797641 0.508532 -0.311221
1311870455.869194 1.884966 -0.712704 1.926387 0.090619 0.798452 0.507976 -0.310198
1311870455.905161 1.885902 -0.714892 1.928492 0.090319 0.798764 0.507755 -0.309844
1311870455.937044 1.886906 -0.718858 1.926940 0.091262 0.798580 0.507819 -0.309937
1311870455.969114 1.884634 -0.717317 1.929413 0.090566 0.799481 0.507107 -0.308984
1311870456.005174 1.883194 -0.716767 1.931749 0.090323 0.799828 0.506821 -0.308624
1311870456.036923 1.885176 -0.721184 1.930387 0.091027 0.799648 0.506754 -0.308994
1311870456.069304 1.880844 -0.714991 1.935220 0.089192 0.800995 0.506210 -0.306925
1311870456.105038 1.879869 -0.716851 1.935477 0.089824 0.801133 0.505910 -0.306875
1311870456.136872 1.879905 -0.720594 1.935798 0.090805 0.801215 0.505591 -0.306898
1311870456.169124 1.878983 -0.718964 1.937527 0.089926 0.801855 0.505506 -0.305623
1311870456.204948 1.876522 -0.717859 1.939857 0.089836 0.802469 0.505316 -0.304349
1311870456.236913 1.876608 -0.718326 1.940696 0.090337 0.802249 0.505457 -0.304547
1311870456.269026 1.875482 -0.718480 1.941862 0.090312 0.802198 0.505680 -0.304319
1311870456.304952 1.874493 -0.718054 1.943900 0.089764 0.802462 0.505860 -0.303484
1311870456.336938 1.873543 -0.718356 1.945102 0.089887 0.802570 0.505865 -0.303154
1311870456.369108 1.877230 -0.720107 1.945771 0.089873 0.802425 0.506122 -0.303114
1311870456.405081 1.876315 -0.720306 1.947628 0.090199 0.802323 0.506920 -0.301950
1311870456.436979 1.874711 -0.719750 1.948859 0.090554 0.802330 0.507065 -0.301581
1311870456.469056 1.873037 -0.720475 1.951193 0.090274 0.802556 0.507069 -0.301059
1311870456.504950 1.871515 -0.718639 1.953129 0.089818 0.802527 0.507252 -0.300964
1311870456.536960 1.871958 -0.721469 1.953385 0.091477 0.802380 0.506872 -0.301495
1311870456.568976 1.870371 -0.719838 1.955502 0.090597 0.802778 0.506884 -0.300680
1311870456.605010 1.872935 -0.724053 1.957255 0.091100 0.802586 0.507456 -0.300074
1311870456.636926 1.872376 -0.721768 1.959811 0.090074 0.802754 0.507814 -0.299329
1311870456.669162 1.872425 -0.723520 1.959652 0.090085 0.801938 0.509356 -0.298892
1311870456.704923 1.872698 -0.724329 1.961892 0.088543 0.802187 0.509726 -0.298052
1311870456.737510 1.870409 -0.724343 1.963405 0.087528 0.802020 0.510256 -0.297898
1311870456.769343 1.869714 -0.725134 1.965804 0.086923 0.801824 0.510141 -0.298797
1311870456.805084 1.871637 -0.725657 1.968540 0.086526 0.801613 0.510173 -0.299423
1311870456.837267 1.871837 -0.728394 1.969061 0.087605 0.800455 0.511534 -0.299884
1311870456.869185 1.872995 -0.725598 1.972246 0.086768 0.799722 0.512265 -0.300834
1311870456.904967 1.871601 -0.725393 1.973660 0.087612 0.798293 0.513794 -0.301776
1311870456.937137 1.872500 -0.725805 1.973938 0.087830 0.796758 0.515716 -0.302489
1311870456.969162 1.871467 -0.724966 1.974592 0.088330 0.795975 0.516856 -0.302459
1311870457.005002 1.873205 -0.725277 1.975626 0.088466 0.795420 0.518000 -0.301923
1311870457.037005 1.876433 -0.724744 1.975616 0.088191 0.794459 0.520110 -0.300903
1311870457.069172 1.872571 -0.722551 1.976349 0.088244 0.794144 0.521157 -0.299907
1311870457.105194 1.875836 -0.725351 1.975677 0.089038 0.793508 0.521977 -0.299927
1311870457.137059 1.876020 -0.721331 1.975237 0.087435 0.793654 0.522525 -0.299060
1311870457.169181 1.880961 -0.724237 1.974287 0.087457 0.793944 0.522558 -0.298222
1311870457.205041 1.876781 -0.721893 1.975222 0.087310 0.794903 0.522075 -0.296552
1311870457.237018 1.877501 -0.721800 1.973853 0.088236 0.795725 0.520768 -0.296375
1311870457.269408 1.879580 -0.719552 1.974155 0.087683 0.796880 0.520146 -0.294520
1311870457.305147 1.879810 -0.721784 1.972885 0.089715 0.797592 0.519762 -0.292654
1311870457.337020 1.881127 -0.720162 1.973199 0.090680 0.798107 0.519187 -0.291972
1311870457.369144 1.879189 -0.718966 1.971920 0.092251 0.798050 0.519133 -0.291729
1311870457.405048 1.879654 -0.718111 1.970529 0.092766 0.797947 0.519471 -0.291248
1311870457.437052 1.878835 -0.718660 1.967984 0.093175 0.797543 0.520276 -0.290784
1311870457.469227 1.881515 -0.715420 1.967557 0.091124 0.798089 0.520063 -0.290319
1311870457.505022 1.889036 -0.721567 1.964209 0.092153 0.797834 0.520796 -0.289379
1311870457.536973 1.883295 -0.716793 1.962773 0.092753 0.799217 0.520160 -0.286499
1311870457.569203 1.884666 -0.718781 1.961642 0.094031 0.800279 0.519692 -0.283956
1311870457.605160 1.885388 -0.717331 1.959761 0.094762 0.801110 0.519077 -0.282491
1311870457.637004 1.885537 -0.715857 1.960291 0.094777 0.801957 0.518601 -0.280955
1311870457.669307 1.884991 -0.714905 1.959244 0.094611 0.802426 0.518471 -0.279907
1311870457.705035 1.889112 -0.715706 1.959443 0.093905 0.803026 0.518045 -0.279216
1311870457.737023 1.888202 -0.713614 1.958861 0.094289 0.803273 0.517993 -0.278469
1311870457.769309 1.886696 -0.711931 1.958187 0.094116 0.803356 0.518242 -0.277825
1311870457.805115 1.891006 -0.714315 1.957404 0.093927 0.803041 0.518509 -0.278300
1311870457.837035 1.893268 -0.716821 1.956215 0.094015 0.802557 0.519022 -0.278709
1311870457.869208 1.891389 -0.714807 1.955495 0.093901 0.802682 0.518866 -0.278678
1311870457.905144 1.892550 -0.715117 1.954999 0.094236 0.803108 0.518115 -0.278737
1311870457.937152 1.890534 -0.714559 1.954407 0.095162 0.803504 0.517615 -0.278208
1311870457.969070 1.891132 -0.713521 1.955668 0.094825 0.804214 0.516891 -0.277617
1311870458.005126 1.896008 -0.714685 1.955206 0.093446 0.804154 0.517124 -0.277825
1311870458.037059 1.895874 -0.714373 1.955348 0.093226 0.803726 0.518141 -0.277242
1311870458.069169 1.899258 -0.714867 1.955279 0.093594 0.803082 0.519391 -0.276646
1311870458.105369 1.896680 -0.711996 1.955551 0.094107 0.802925 0.520280 -0.275250
1311870458.137028 1.898052 -0.711546 1.955878 0.095081 0.802684 0.519977 -0.276191
1311870458.169307 1.894873 -0.711406 1.955769 0.096887 0.802903 0.518577 -0.277556
1311870458.205364 1.896667 -0.710802 1.956981 0.097588 0.803306 0.517008 -0.279068
1311870458.237139 1.899953 -0.713089 1.957525 0.100320 0.802815 0.516464 -0.280515
1311870458.269045 1.899586 -0.711959 1.958857 0.102478 0.802215 0.516803 -0.280829
1311870458.305231 1.898802 -0.709467 1.960715 0.102984 0.801800 0.517329 -0.280860
1311870458.337016 1.897559 -0.707467 1.962545 0.101729 0.801122 0.518324 -0.281415
1311870458.369238 1.894686 -0.707454 1.962636 0.101478 0.800006 0.518902 -0.283608
1311870458.405178 1.892577 -0.706952 1.963666 0.102131 0.799582 0.518006 -0.286196
1311870458.437065 1.897624 -0.710205 1.963413 0.102455 0.798439 0.518393 -0.288559
1311870458.469429 1.893445 -0.711183 1.963091 0.103487 0.798075 0.518545 -0.288925
1311870458.505153 1.892698 -0.713225 1.963404 0.103343 0.797845 0.518441 -0.289798
1311870458.537298 1.892484 -0.714800 1.963532 0.102085 0.798195 0.517928 -0.290197
1311870458.569254 1.896710 -0.719166 1.963947 0.100017 0.798815 0.517933 -0.289200
1311870458.605078 1.896851 -0.717340 1.965649 0.097713 0.799324 0.518239 -0.288031
1311870458.637272 1.895435 -0.716468 1.967247 0.097933 0.799259 0.517870 -0.288798
1311870458.670175 1.897682 -0.717829 1.968880 0.098196 0.798194 0.518367 -0.290756
1311870458.705071 1.891384 -0.716503 1.970037 0.098346 0.796927 0.519722 -0.291760
1311870458.737205 1.893117 -0.717327 1.972769 0.098296 0.795582 0.520330 -0.294352
1311870458.769244 1.894972 -0.719014 1.973508 0.099432 0.794205 0.520651 -0.297110
1311870458.805282 1.891658 -0.718169 1.973410 0.099837 0.793585 0.521314 -0.297469
1311870458.837112 1.891813 -0.716515 1.975400 0.099195 0.793715 0.520850 -0.298148
1311870458.869226 1.891672 -0.718794 1.977169 0.100705 0.792733 0.520744 -0.300432
1311870458.905369 1.888035 -0.717015 1.978111 0.102113 0.791558 0.521017 -0.302574
1311870458.937109 1.884424 -0.716785 1.977780 0.104150 0.790402 0.521045 -0.304843
1311870458.969299 1.883416 -0.718329 1.976582 0.105208 0.789294 0.521357 -0.306812
1311870459.005085 1.877473 -0.714111 1.976858 0.105179 0.788800 0.521307 -0.308174
1311870459.037242 1.876769 -0.715993 1.974875 0.106733 0.787958 0.520828 -0.310594
1311870459.069262 1.875477 -0.716243 1.974130 0.107300 0.787189 0.521104 -0.311883
1311870459.105056 1.868853 -0.712636 1.973116 0.107532 0.786704 0.521065 -0.313089
1311870459.137142 1.864925 -0.712398 1.971157 0.108135 0.786161 0.520839 -0.314619
1311870459.169293 1.860627 -0.713596 1.968153 0.109112 0.785863 0.520583 -0.315448
1311870459.205333 1.855088 -0.711234 1.966439 0.108685 0.785806 0.520054 -0.316608
1311870459.237139 1.853415 -0.713864 1.962311 0.108619 0.785430 0.519104 -0.319112
1311870459.269319 1.845054 -0.712370 1.960508 0.107209 0.785758 0.518831 -0.319226
1311870459.305123 1.839409 -0.714271 1.956717 0.106059 0.785195 0.518855 -0.320950
1311870459.337124 1.834875 -0.716119 1.953518 0.105475 0.784702 0.517504 -0.324512
1311870459.369409 1.829459 -0.718938 1.949186 0.104636 0.784901 0.516023 -0.326652
1311870459.405110 1.824451 -0.720858 1.946121 0.102866 0.785712 0.514867 -0.327088
1311870459.437201 1.814922 -0.725290 1.940811 0.102142 0.785978 0.513339 -0.329072
1311870459.469335 1.809029 -0.729629 1.936301 0.100811 0.787295 0.509134 -0.332847
1311870459.505212 1.806040 -0.731588 1.934793 0.098879 0.789022 0.505811 -0.334398
1311870459.537121 1.802180 -0.736199 1.933457 0.098336 0.790215 0.503200 -0.335679
1311870459.569420 1.801883 -0.738131 1.933232 0.096724 0.791501 0.498865 -0.339565
1311870459.605201 1.800554 -0.744173 1.930229 0.095906 0.791821 0.495905 -0.343365
1311870459.637206 1.795314 -0.742529 1.930089 0.093020 0.792946 0.493316 -0.345287
1311870459.669438 1.800335 -0.754801 1.927344 0.093496 0.793159 0.491037 -0.347908
1311870459.705266 1.800987 -0.757662 1.927678 0.093219 0.794075 0.488775 -0.349075
1311870459.737262 1.798531 -0.761035 1.929583 0.094177 0.794724 0.487305 -0.349398
1311870459.769384 1.795806 -0.766144 1.928521 0.094846 0.795719 0.485049 -0.350090
1311870459.805269 1.796709 -0.770127 1.932836 0.093156 0.797597 0.483039 -0.349047
1311870459.837287 1.793311 -0.776155 1.935026 0.093494 0.798225 0.481433 -0.349740
1311870459.869302 1.795122 -0.781672 1.937667 0.092383 0.799934 0.477675 -0.351279
1311870459.905336 1.799889 -0.788192 1.942417 0.091922 0.801972 0.475146 -0.350181
1311870459.937243 1.798594 -0.791236 1.949123 0.091162 0.803568 0.475084 -0.346790
1311870459.969296 1.798037 -0.799374 1.956137 0.089489 0.804501 0.475714 -0.344188
1311870460.005159 1.796231 -0.801636 1.965834 0.085782 0.805555 0.475407 -0.343090
1311870460.037231 1.799782 -0.805581 1.974654 0.081739 0.805645 0.475425 -0.343840
1311870460.069303 1.805459 -0.809401 1.982954 0.079272 0.805302 0.476457 -0.343792
1311870460.105227 1.807693 -0.812405 1.991792 0.078847 0.804911 0.478350 -0.342173
1311870460.137155 1.806110 -0.812764 2.004043 0.079417 0.805571 0.479306 -0.339138
1311870460.169374 1.805415 -0.815934 2.014732 0.079563 0.805292 0.481439 -0.336736
1311870460.205176 1.804364 -0.819017 2.026109 0.079168 0.805032 0.482538 -0.335877
1311870460.237205 1.804724 -0.822680 2.038632 0.079488 0.804587 0.483241 -0.335858
1311870460.269407 1.806771 -0.826495 2.049748 0.079867 0.803230 0.485108 -0.336323
1311870460.305117 1.807788 -0.828778 2.062505 0.080121 0.801888 0.487407 -0.336142
1311870460.337274 1.809487 -0.832779 2.073645 0.080049 0.799736 0.490821 -0.336317
1311870460.369486 1.809640 -0.834484 2.085000 0.078662 0.797502 0.494172 -0.337043
1311870460.405219 1.811367 -0.838222 2.096184 0.076156 0.795012 0.497542 -0.338540
1311870460.437268 1.811984 -0.842238 2.108002 0.072817 0.792415 0.500816 -0.340528
1311870460.469173 1.815092 -0.844058 2.120315 0.068283 0.790111 0.503542 -0.342792
1311870460.505208 1.821492 -0.847696 2.132399 0.065542 0.786333 0.507841 -0.345662
1311870460.537203 1.822382 -0.843262 2.141253 0.065709 0.782231 0.512160 -0.348553
1311870460.569377 1.824050 -0.843125 2.149665 0.068758 0.778776 0.515232 -0.351164
1311870460.605217 1.822980 -0.843785 2.158675 0.072688 0.775808 0.517518 -0.353572
1311870460.637439 1.824622 -0.845763 2.165090 0.075980 0.772756 0.519419 -0.356761
1311870460.669312 1.829000 -0.845828 2.176683 0.077585 0.771114 0.520114 -0.358950
1311870460.705390 1.831766 -0.844057 2.183561 0.079566 0.768999 0.521240 -0.361414
1311870460.737177 1.836192 -0.846610 2.188757 0.083742 0.766279 0.522730 -0.364085
1311870460.769399 1.837027 -0.840383 2.198417 0.085732 0.763781 0.525233 -0.365267
1311870460.805511 1.845121 -0.841197 2.191866 0.090329 0.757689 0.529675 -0.370395
1311870460.837324 1.846739 -0.839022 2.199265 0.093979 0.755127 0.532616 -0.370502
1311870460.869379 1.848020 -0.837067 2.202553 0.096731 0.752268 0.536083 -0.370608
1311870460.905261 1.849536 -0.833487 2.206240 0.100303 0.750254 0.537522 -0.371656
1311870460.937427 1.851074 -0.832086 2.211982 0.103868 0.750596 0.536449 -0.371537
1311870460.969418 1.855805 -0.831593 2.213570 0.104619 0.750970 0.535067 -0.372562
1311870461.005311 1.863427 -0.831611 2.222032 0.102475 0.752153 0.532004 -0.375149
1311870461.037474 1.867712 -0.829663 2.226686 0.098701 0.752355 0.528360 -0.380862
1311870461.069223 1.873225 -0.833235 2.230317 0.093572 0.752089 0.524115 -0.388470
1311870461.105213 1.878999 -0.839088 2.231207 0.089451 0.750972 0.519286 -0.397972
1311870461.137183 1.883651 -0.844911 2.230356 0.087640 0.749067 0.514249 -0.408370
1311870461.169554 1.883962 -0.849975 2.230897 0.086921 0.747333 0.509978 -0.416965
1311870461.205320 1.885397 -0.854178 2.232232 0.086451 0.746486 0.505130 -0.424415
1311870461.237198 1.890002 -0.858711 2.232338 0.084303 0.745545 0.501033 -0.431303
1311870461.269420 1.896694 -0.864548 2.231389 0.083080 0.743907 0.497429 -0.438480
1311870461.305245 1.901801 -0.869318 2.231948 0.083150 0.742440 0.493697 -0.445121
1311870461.337484 1.909128 -0.873034 2.232407 0.083620 0.740981 0.489882 -0.451632
1311870461.369527 1.914717 -0.876259 2.231507 0.083455 0.739258 0.487081 -0.457477
1311870461.405326 1.920085 -0.878489 2.232304 0.083124 0.738460 0.483228 -0.462880
1311870461.437231 1.930036 -0.883762 2.230841 0.083336 0.737094 0.481073 -0.467243
1311870461.469524 1.939522 -0.883083 2.228196 0.084005 0.735632 0.479046 -0.471491
1311870461.505256 1.947074 -0.884448 2.225393 0.084829 0.734458 0.477946 -0.474283
1311870461.537210 1.954462 -0.886313 2.225819 0.085220 0.734203 0.476863 -0.475694
1311870461.569367 1.963295 -0.887955 2.223966 0.085354 0.733713 0.475685 -0.477602
1311870461.605303 1.969741 -0.888999 2.224035 0.085200 0.733779 0.474870 -0.478339
1311870461.637227 1.975759 -0.892752 2.223345 0.083824 0.733973 0.474603 -0.478549
1311870461.669539 1.982503 -0.896154 2.223132 0.081449 0.733999 0.474678 -0.478845
1311870461.705448 1.990243 -0.897940 2.221970 0.079582 0.733943 0.472969 -0.480931
1311870461.737497 1.995011 -0.902187 2.225865 0.079237 0.734432 0.470865 -0.482305
1311870461.769473 2.001140 -0.904593 2.224577 0.078550 0.734244 0.468559 -0.484941
1311870461.805342 2.007094 -0.906626 2.226825 0.079034 0.734737 0.465773 -0.486796
1311870461.837421 2.010578 -0.908608 2.227199 0.079974 0.734854 0.463985 -0.488172
1311870461.869391 2.014372 -0.912122 2.226390 0.079598 0.734705 0.463189 -0.489212
1311870461.905500 2.015229 -0.918559 2.228214 0.078129 0.734746 0.462961 -0.489603
1311870461.937506 2.017347 -0.918195 2.228022 0.075058 0.734790 0.461518 -0.491376
1311870461.969475 2.019752 -0.917798 2.225901 0.072668 0.735663 0.459198 -0.492601
1311870462.005294 2.020833 -0.920624 2.225896 0.070526 0.737723 0.457678 -0.491244
1311870462.037457 2.023368 -0.923113 2.227426 0.068827 0.739979 0.455726 -0.489905
1311870462.069279 2.024120 -0.929251 2.225626 0.068065 0.742016 0.453268 -0.489210
1311870462.105410 2.024271 -0.934512 2.224586 0.066699 0.744241 0.450496 -0.488579
1311870462.137337 2.023396 -0.937778 2.224966 0.064484 0.747088 0.447051 -0.487695
1311870462.169559 2.023875 -0.943739 2.226903 0.062829 0.749951 0.443270 -0.486968
1311870462.205313 2.020111 -0.949496 2.229208 0.060796 0.752694 0.439879 -0.486068
1311870462.237343 2.021084 -0.954546 2.228410 0.058673 0.755358 0.435801 -0.485869
1311870462.273364 2.020855 -0.964007 2.227425 0.056028 0.758446 0.432657 -0.484178
1311870462.305341 2.019707 -0.968638 2.230259 0.053608 0.762046 0.428895 -0.482142
1311870462.337274 2.019027 -0.973618 2.234244 0.051762 0.765437 0.425420 -0.480047
1311870462.373322 2.017530 -0.979981 2.236362 0.049672 0.768061 0.423450 -0.477813
1311870462.405402 2.013313 -0.986764 2.239006 0.046648 0.770642 0.422126 -0.475126
1311870462.437353 2.013672 -0.992234 2.238798 0.042279 0.772971 0.420407 -0.473272
1311870462.473328 2.012067 -0.997605 2.242833 0.038571 0.776187 0.417701 -0.470714
1311870462.505502 2.010213 -1.000896 2.244684 0.034887 0.779338 0.414755 -0.468394
1311870462.537628 2.012083 -1.004586 2.245500 0.031087 0.782314 0.412042 -0.466090
1311870462.573482 2.012594 -1.007007 2.249339 0.028493 0.785540 0.410197 -0.462443
1311870462.605454 2.011124 -1.014192 2.249252 0.027359 0.788184 0.410396 -0.457812
1311870462.637336 2.010697 -1.014793 2.247909 0.024688 0.790918 0.409944 -0.453636
1311870462.673488 2.007633 -1.016673 2.251734 0.022252 0.794461 0.409162 -0.448245
1311870462.705300 2.006450 -1.026568 2.256015 0.020554 0.798153 0.408583 -0.442255
1311870462.737400 2.009359 -1.029826 2.259057 0.020265 0.802106 0.406571 -0.436938
1311870462.773480 2.009796 -1.028789 2.259486 0.019944 0.805843 0.405845 -0.430708
1311870462.805607 2.008497 -1.031686 2.260792 0.021128 0.809589 0.405604 -0.423799
1311870462.837434 2.007536 -1.034452 2.260741 0.021006 0.812924 0.405425 -0.417544
1311870462.873367 2.008310 -1.034880 2.262667 0.020921 0.816330 0.404330 -0.411928
1311870462.937692 2.010226 -1.035217 2.263179 0.020386 0.822440 0.404405 -0.399543
1311870462.973378 2.012460 -1.036628 2.262148 0.020411 0.825748 0.404263 -0.392804
1311870463.005372 2.014593 -1.034086 2.263490 0.019834 0.829290 0.403908 -0.385673
1311870463.037653 2.018339 -1.035243 2.261308 0.020221 0.832263 0.404071 -0.379021
1311870463.073557 2.020582 -1.039576 2.258829 0.020505 0.835293 0.404624 -0.371678
1311870463.105531 2.020362 -1.035903 2.261565 0.020508 0.838666 0.404694 -0.363925
1311870463.137561 2.025904 -1.039802 2.263264 0.022080 0.841537 0.404734 -0.357096
1311870463.173458 2.028283 -1.039485 2.259367 0.021919 0.843730 0.406136 -0.350274
1311870463.205609 2.030057 -1.026408 2.257883 0.020316 0.846942 0.405250 -0.343583
1311870463.237420 2.030510 -1.029917 2.255842 0.020872 0.849362 0.406837 -0.335606
1311870463.273543 2.030700 -1.029426 2.258319 0.021737 0.852307 0.406642 -0.328242
1311870463.305619 2.043107 -1.027353 2.245176 0.020822 0.852581 0.409069 -0.324553
1311870463.337571 2.050984 -1.027441 2.241748 0.021877 0.854126 0.409866 -0.319373
1311870463.373561 2.055348 -1.023726 2.237256 0.022679 0.855662 0.411315 -0.313286
1311870463.405637 2.056618 -1.017731 2.231978 0.020560 0.856922 0.413746 -0.306720
1311870463.437442 2.059640 -1.020747 2.230806 0.019329 0.857749 0.416045 -0.301330
1311870463.473511 2.062103 -1.022130 2.229153 0.017649 0.858597 0.416623 -0.298203
1311870463.505376 2.071111 -1.007629 2.217640 0.013052 0.858501 0.416945 -0.298264
1311870463.537573 2.081513 -1.008304 2.212698 0.011610 0.858666 0.418706 -0.295369
1311870463.573593 2.088838 -1.005498 2.207807 0.012141 0.859517 0.418987 -0.292460
1311870463.605460 2.097335 -1.000232 2.201083 0.013866 0.860389 0.419187 -0.289517
1311870463.637467 2.105714 -0.998791 2.197446 0.015707 0.861131 0.420190 -0.285739
1311870463.673471 2.105911 -0.994563 2.196879 0.016780 0.862012 0.421623 -0.280871
1311870463.705442 2.108124 -0.987075 2.189700 0.016723 0.862143 0.422372 -0.279343
1311870463.737499 2.122541 -0.990468 2.184257 0.015852 0.861575 0.424004 -0.278672
1311870463.773528 2.130956 -0.985520 2.181486 0.015073 0.861563 0.424797 -0.277544
1311870463.805393 2.138182 -0.984107 2.176836 0.017039 0.861233 0.426372 -0.276032
1311870463.837576 2.145990 -0.980239 2.173178 0.017589 0.861305 0.427330 -0.274288
1311870463.873465 2.145567 -0.975144 2.171573 0.018135 0.861251 0.428654 -0.272347
1311870463.905382 2.151084 -0.976116 2.170810 0.018281 0.860330 0.430266 -0.272709
1311870463.937586 2.154339 -0.972795 2.169304 0.019056 0.859527 0.430364 -0.275023
1311870463.973412 2.157838 -0.970401 2.168764 0.019925 0.858362 0.431319 -0.277096
1311870464.005440 2.160479 -0.962275 2.168556 0.019729 0.857552 0.431656 -0.279085
1311870464.037653 2.164940 -0.966916 2.169197 0.022243 0.856294 0.432614 -0.281266
1311870464.073667 2.169183 -0.968500 2.168018 0.023609 0.854780 0.433508 -0.284367
1311870464.105417 2.168155 -0.959582 2.167498 0.022656 0.853348 0.434622 -0.287031
1311870464.137620 2.174326 -0.962612 2.165534 0.023312 0.851696 0.435968 -0.289831
1311870464.173501 2.179730 -0.962503 2.165539 0.023288 0.850068 0.437520 -0.292265
1311870464.205526 2.189472 -0.966007 2.158881 0.022141 0.846966 0.441643 -0.295146
1311870464.237403 2.185082 -0.956974 2.165053 0.024481 0.847616 0.438923 -0.297143
1311870464.273633 2.190135 -0.958591 2.164412 0.025513 0.846755 0.439255 -0.299015
1311870464.305449 2.188331 -0.953609 2.166678 0.025087 0.845917 0.440336 -0.299832
1311870464.337856 2.196902 -0.955525 2.165415 0.024605 0.844495 0.441839 -0.301665
1311870464.373516 2.199484 -0.942559 2.165652 0.022745 0.843518 0.443284 -0.302424
1311870464.405534 2.201018 -0.941596 2.164041 0.023684 0.842118 0.446281 -0.301844
1311870464.437721 2.203599 -0.941975 2.162453 0.024704 0.841907 0.447338 -0.300785
1311870464.473642 2.208502 -0.937831 2.163281 0.026311 0.842301 0.447076 -0.299935
1311870464.505457 2.206621 -0.934622 2.165701 0.027398 0.841702 0.449251 -0.298263
1311870464.537663 2.205773 -0.932107 2.165849 0.026819 0.840121 0.451851 -0.298845
1311870464.573666 2.206308 -0.933085 2.166762 0.025852 0.838262 0.454219 -0.300557
1311870464.605511 2.206655 -0.930132 2.165914 0.024152 0.835991 0.456331 -0.303806
1311870464.637486 2.208580 -0.930044 2.166556 0.024376 0.834163 0.457531 -0.306990
1311870464.673648 2.208431 -0.922341 2.167569 0.024896 0.832710 0.458023 -0.310145
1311870464.705497 2.211117 -0.923691 2.165056 0.026357 0.830625 0.460105 -0.312522
1311870464.737546 2.215979 -0.926386 2.165866 0.027406 0.829620 0.461128 -0.313592
1311870464.773647 2.215904 -0.924014 2.165261 0.030277 0.829099 0.461204 -0.314594
1311870464.805505 2.223003 -0.924029 2.165059 0.032427 0.828934 0.461243 -0.314757
1311870464.837646 2.219839 -0.913425 2.171109 0.033355 0.829231 0.461471 -0.313541
1311870464.873634 2.217519 -0.912199 2.172511 0.035841 0.828066 0.463402 -0.313496
1311870464.905420 2.218946 -0.910045 2.173906 0.037000 0.826943 0.464619 -0.314524
1311870464.937591 2.216535 -0.906319 2.177008 0.037710 0.826049 0.465563 -0.315391
1311870464.973700 2.220409 -0.908249 2.181334 0.038401 0.824680 0.467128 -0.316575
1311870465.005480 2.221284 -0.903427 2.181151 0.039649 0.823227 0.468429 -0.318278
1311870465.037669 2.223093 -0.900788 2.181942 0.041547 0.822284 0.469855 -0.318370
1311870465.073642 2.224732 -0.902591 2.182107 0.044405 0.821961 0.471014 -0.317103
1311870465.105525 2.220534 -0.897845 2.188850 0.046012 0.822745 0.470746 -0.315231
1311870465.137686 2.221452 -0.900635 2.189705 0.047924 0.822056 0.472009 -0.314857
1311870465.173751 2.222744 -0.898941 2.193737 0.049332 0.821768 0.472400 -0.314805
1311870465.205513 2.223332 -0.897529 2.194479 0.050580 0.821119 0.473605 -0.314488
1311870465.237546 2.221431 -0.896347 2.203186 0.051611 0.821361 0.474500 -0.312333
1311870465.273657 2.222247 -0.893391 2.205405 0.052554 0.819436 0.477197 -0.313123
1311870465.305695 2.220085 -0.889483 2.208654 0.053841 0.817962 0.478968 -0.314053
1311870465.337585 2.222103 -0.887279 2.211101 0.054782 0.816210 0.481333 -0.314832
1311870465.373730 2.220630 -0.884371 2.212121 0.055297 0.813614 0.485170 -0.315571
1311870465.405623 2.218467 -0.880728 2.215227 0.056714 0.811711 0.486988 -0.317413
1311870465.437662 2.221169 -0.880967 2.215801 0.058950 0.809276 0.489598 -0.319203
1311870465.473801 2.224147 -0.873252 2.220733 0.057989 0.807239 0.492871 -0.319502
1311870465.505731 2.226075 -0.868892 2.213701 0.061464 0.804259 0.495831 -0.321779
1311870465.537650 2.235680 -0.875467 2.208974 0.066563 0.801070 0.499564 -0.322943
1311870465.573630 2.226001 -0.874657 2.222287 0.072065 0.801476 0.500507 -0.319272
1311870465.605756 2.222945 -0.868351 2.223791 0.073864 0.799498 0.503982 -0.318354
1311870465.637540 2.225603 -0.867540 2.227091 0.075923 0.798123 0.506601 -0.317162
1311870465.673759 2.227563 -0.863953 2.228427 0.076604 0.796101 0.509794 -0.316963
1311870465.705660 2.223421 -0.858021 2.233154 0.078045 0.795157 0.511402 -0.316389
1311870465.737703 2.226911 -0.858459 2.232594 0.080016 0.793212 0.513736 -0.316998
1311870465.773760 2.226397 -0.852972 2.236975 0.081124 0.792370 0.514860 -0.316999
1311870465.805602 2.224912 -0.851432 2.236698 0.083666 0.791121 0.515819 -0.317896
1311870465.837767 2.224519 -0.843977 2.247982 0.082610 0.791481 0.515904 -0.317138
1311870465.873479 2.223524 -0.841567 2.250626 0.082873 0.790975 0.516127 -0.317967
1311870465.905564 2.227353 -0.841148 2.251598 0.082760 0.790020 0.516534 -0.319706
1311870465.937618 2.224437 -0.841255 2.252193 0.084441 0.788906 0.517158 -0.321006
1311870465.973641 2.225494 -0.838651 2.256795 0.084161 0.789106 0.516484 -0.321673
1311870466.005626 2.229983 -0.837272 2.258421 0.084096 0.789048 0.516243 -0.322217
1311870466.037751 2.223752 -0.834738 2.258487 0.084749 0.788892 0.516388 -0.322195
1311870466.073766 2.221148 -0.834880 2.261324 0.084174 0.789450 0.515540 -0.322338
1311870466.105774 2.220649 -0.833746 2.259284 0.083336 0.789623 0.514336 -0.324051
1311870466.137755 2.219159 -0.835438 2.257192 0.083464 0.789824 0.513351 -0.325088
1311870466.173850 2.216812 -0.835314 2.260520 0.082707 0.791406 0.511487 -0.324371
1311870466.205688 2.216944 -0.837692 2.255228 0.081751 0.791687 0.510776 -0.325048
1311870466.237789 2.216792 -0.837328 2.255366 0.079520 0.793019 0.508973 -0.325184
1311870466.273741 2.209978 -0.837541 2.255327 0.077858 0.794391 0.507494 -0.324547
1311870466.305774 2.213236 -0.840631 2.252322 0.075848 0.795305 0.505879 -0.325304
1311870466.337732 2.220100 -0.843805 2.253187 0.073744 0.796986 0.503515 -0.325343
1311870466.373759 2.213495 -0.845442 2.249231 0.074134 0.798024 0.502106 -0.324886
1311870466.405686 2.215060 -0.847725 2.246303 0.072802 0.798806 0.501000 -0.324973
1311870466.437684 2.215488 -0.849444 2.247341 0.072108 0.800121 0.499166 -0.324714
1311870466.473768 2.211335 -0.849076 2.244419 0.070870 0.800928 0.497714 -0.325227
1311870466.505618 2.208863 -0.851539 2.242615 0.069820 0.801794 0.496532 -0.325126
1311870466.537708 2.218023 -0.855639 2.239916 0.068050 0.802470 0.494790 -0.326486
1311870466.573767 2.214525 -0.856639 2.234820 0.068036 0.802760 0.493840 -0.327214
1311870466.605669 2.215361 -0.855977 2.237441 0.066144 0.804625 0.491010 -0.327282
1311870466.638080 2.212472 -0.857877 2.229973 0.066199 0.804841 0.489551 -0.328919
1311870466.673856 2.212612 -0.857848 2.234628 0.063968 0.806736 0.486842 -0.328740
1311870466.705750 2.204234 -0.861087 2.229150 0.065547 0.807171 0.484891 -0.330242
1311870466.737750 2.203888 -0.863634 2.226665 0.065096 0.808305 0.482090 -0.331654
1311870466.773742 2.201632 -0.865568 2.224239 0.063969 0.809397 0.480011 -0.332226
1311870466.805714 2.203088 -0.866938 2.223546 0.061974 0.810345 0.478007 -0.333181
1311870466.837615 2.196299 -0.864470 2.221989 0.059654 0.811409 0.475712 -0.334297
1311870466.873851 2.194418 -0.872439 2.220364 0.060152 0.812439 0.473078 -0.335444
1311870466.905802 2.195269 -0.880833 2.217208 0.060175 0.813550 0.470139 -0.336875
1311870466.937840 2.192364 -0.872654 2.215083 0.055215 0.815136 0.467229 -0.337938
1311870466.973674 2.187992 -0.875509 2.216761 0.053495 0.817395 0.463922 -0.337313
1311870467.005618 2.187255 -0.876037 2.214159 0.050506 0.818674 0.461032 -0.338631
1311870467.037827 2.191196 -0.889902 2.211566 0.050414 0.819420 0.458647 -0.340076
1311870467.073579 2.189966 -0.892056 2.211859 0.049571 0.821007 0.454882 -0.341427
1311870467.105863 2.189759 -0.894301 2.210686 0.048324 0.822010 0.452304 -0.342616
1311870467.137745 2.188123 -0.898420 2.210866 0.048233 0.823170 0.449460 -0.343585
1311870467.173666 2.186973 -0.900441 2.210779 0.047977 0.823840 0.446837 -0.345432
1311870467.206011 2.188396 -0.900351 2.212309 0.047784 0.824701 0.443424 -0.347793
1311870467.237767 2.181656 -0.901806 2.210739 0.048518 0.825051 0.441321 -0.349531
1311870467.273716 2.183367 -0.906536 2.210126 0.048686 0.825520 0.439253 -0.351004
1311870467.305577 2.182429 -0.909246 2.209515 0.049531 0.826356 0.436533 -0.352307
1311870467.337760 2.181345 -0.910027 2.207946 0.048689 0.826981 0.434552 -0.353408
1311870467.373747 2.185491 -0.915138 2.208188 0.049340 0.827638 0.432961 -0.353731
1311870467.406028 2.184585 -0.917377 2.209191 0.049232 0.828434 0.431735 -0.353382
1311870467.438051 2.177253 -0.915346 2.209808 0.049852 0.829238 0.429347 -0.354316
1311870467.473799 2.178417 -0.916937 2.208708 0.049030 0.829810 0.427238 -0.355638
1311870467.505738 2.179196 -0.921003 2.209597 0.048395 0.830471 0.425697 -0.356032
1311870467.537874 2.178524 -0.920932 2.207987 0.047126 0.830988 0.423858 -0.357188
1311870467.573878 2.177868 -0.920260 2.208765 0.047083 0.831610 0.421794 -0.358187
1311870467.605580 2.176290 -0.923622 2.208125 0.047705 0.831758 0.420713 -0.359031
1311870467.637908 2.175489 -0.924899 2.207250 0.047346 0.832094 0.419052 -0.360241
1311870467.673677 2.175155 -0.924905 2.207023 0.047077 0.832556 0.417228 -0.361324
1311870467.705961 2.176723 -0.920871 2.207074 0.045760 0.832893 0.415723 -0.362449
1311870467.737745 2.175442 -0.927698 2.206755 0.047297 0.832767 0.415214 -0.363126
1311870467.773820 2.174995 -0.927475 2.205512 0.047109 0.833001 0.413741 -0.364292
1311870467.805775 2.176347 -0.928116 2.203073 0.046262 0.833363 0.412696 -0.364758
1311870467.837700 2.176111 -0.930051 2.204867 0.045830 0.834213 0.411797 -0.363885
1311870467.873894 2.176240 -0.931132 2.205742 0.046435 0.834668 0.410670 -0.364037
1311870467.905737 2.174314 -0.932110 2.203893 0.046960 0.834892 0.409786 -0.364453
1311870467.937817 2.170872 -0.930799 2.204451 0.045955 0.835485 0.408984 -0.364123
1311870467.973800 2.170192 -0.931131 2.205134 0.044658 0.835623 0.408155 -0.364897
1311870468.005850 2.174157 -0.935014 2.199894 0.043170 0.834431 0.409253 -0.366569
1311870468.037862 2.174869 -0.934799 2.200236 0.043756 0.834819 0.407695 -0.367351
1311870468.073908 2.174157 -0.936189 2.197482 0.044559 0.835055 0.407327 -0.367128
1311870468.105641 2.174815 -0.936937 2.198663 0.044736 0.835734 0.406579 -0.366389
1311870468.137855 2.168032 -0.937300 2.199702 0.045220 0.836738 0.404762 -0.366051
1311870468.173648 2.169450 -0.935014 2.198462 0.043594 0.836942 0.403572 -0.367094
1311870468.205790 2.171749 -0.935767 2.197631 0.043139 0.837300 0.402135 -0.367907
1311870468.237732 2.176380 -0.938409 2.194884 0.041591 0.836983 0.403056 -0.367798
1311870468.274988 2.172031 -0.941885 2.194935 0.043961 0.837687 0.401600 -0.367513
1311870468.305723 2.175045 -0.941415 2.190877 0.042156 0.837743 0.401710 -0.367477
1311870468.337724 2.173920 -0.942158 2.190562 0.040695 0.838485 0.401441 -0.366240
1311870468.373701 2.173860 -0.942278 2.192060 0.039089 0.839166 0.400830 -0.365524
1311870468.405642 2.175119 -0.943816 2.189896 0.038584 0.839440 0.399629 -0.366264
1311870468.437918 2.177136 -0.942886 2.191427 0.038222 0.840055 0.398180 -0.366468
1311870468.473795 2.178243 -0.944994 2.192009 0.038600 0.840115 0.398035 -0.366449
1311870468.505768 2.176481 -0.944999 2.192467 0.038653 0.840262 0.397877 -0.366278
1311870468.537953 2.175697 -0.946216 2.189527 0.038164 0.840150 0.398069 -0.366377
1311870468.573925 2.176807 -0.948442 2.189781 0.037077 0.840616 0.397733 -0.365786
1311870468.605719 2.177364 -0.946154 2.191420 0.035990 0.841131 0.397390 -0.365082
1311870468.637766 2.177393 -0.945798 2.191427 0.035382 0.841208 0.397989 -0.364309
1311870468.673952 2.179186 -0.945516 2.188750 0.035666 0.840985 0.398507 -0.364230
1311870468.705990 2.181465 -0.947911 2.188296 0.035972 0.841287 0.398798 -0.363183
1311870468.737744 2.178459 -0.948900 2.188920 0.036251 0.841833 0.398834 -0.361849
1311870468.773870 2.177081 -0.948647 2.188161 0.035365 0.842331 0.398198 -0.361477
1311870468.805834 2.175499 -0.947132 2.187714 0.034642 0.842948 0.396997 -0.361431
1311870468.837762 2.176231 -0.947193 2.187806 0.034054 0.843675 0.395646 -0.361271
1311870468.874037 2.178324 -0.947411 2.190288 0.034253 0.844480 0.394656 -0.360455
1311870468.905802 2.176506 -0.946656 2.189514 0.033898 0.844568 0.394963 -0.359946
1311870468.937803 2.177650 -0.948924 2.190419 0.033747 0.844525 0.394918 -0.360108
1311870468.973989 2.177928 -0.951891 2.193998 0.034560 0.844740 0.394459 -0.360032
1311870469.005857 2.177219 -0.949200 2.190513 0.034291 0.844299 0.394579 -0.360959
1311870469.037788 2.176074 -0.946479 2.190013 0.034057 0.844377 0.394301 -0.361103
1311870469.073878 2.177251 -0.947296 2.190539 0.034474 0.844583 0.394010 -0.360896
1311870469.105791 2.176207 -0.946966 2.190778 0.034495 0.844633 0.394292 -0.360471
1311870469.137885 2.176141 -0.947986 2.192595 0.034514 0.844859 0.394148 -0.360096
1311870469.173755 2.174489 -0.948014 2.188788 0.034032 0.844550 0.394447 -0.360539
1311870469.205815 2.175500 -0.950471 2.190232 0.034554 0.845153 0.393364 -0.360260
1311870469.237980 2.174165 -0.948414 2.188885 0.034053 0.845311 0.393014 -0.360318
1311870469.273915 2.174527 -0.949254 2.188830 0.033819 0.845621 0.392441 -0.360238
1311870469.305865 2.176762 -0.949876 2.188874 0.033262 0.845705 0.392113 -0.360450
1311870469.337882 2.175543 -0.949582 2.189558 0.033308 0.845956 0.391595 -0.360420
1311870469.373779 2.176663 -0.949061 2.187739 0.032646 0.846054 0.391698 -0.360139
1311870469.405771 2.177709 -0.947875 2.187493 0.032060 0.846351 0.391975 -0.359190
1311870469.437777 2.180689 -0.950446 2.189888 0.032699 0.846390 0.392874 -0.358057
1311870469.473956 2.178976 -0.948022 2.188078 0.033091 0.846358 0.393074 -0.357877
1311870469.505924 2.177644 -0.948159 2.190022 0.032849 0.846823 0.392913 -0.356975
1311870469.538028 2.176167 -0.943872 2.191512 0.031828 0.846671 0.393260 -0.357046
1311870469.573828 2.178607 -0.945043 2.190499 0.032571 0.846141 0.393520 -0.357947
1311870469.605806 2.179233 -0.946934 2.187810 0.032951 0.845485 0.394675 -0.358192
1311870469.637782 2.178143 -0.945109 2.188929 0.032467 0.845595 0.394955 -0.357666
1311870469.673780 2.177354 -0.945217 2.190206 0.032248 0.845656 0.394986 -0.357509
1311870469.706012 2.177671 -0.944276 2.189882 0.031774 0.845472 0.395136 -0.357821
1311870469.737843 2.178156 -0.942127 2.189290 0.031143 0.845239 0.395272 -0.358274
1311870469.773750 2.178447 -0.945142 2.188966 0.031797 0.845011 0.395713 -0.358268
1311870469.805778 2.178227 -0.942812 2.187341 0.031283 0.844693 0.396073 -0.358666
1311870469.837821 2.178750 -0.945432 2.188791 0.032040 0.844869 0.395697 -0.358601
1311870469.873871 2.179693 -0.943253 2.187461 0.031488 0.844693 0.395981 -0.358750
1311870469.905750 2.178190 -0.944861 2.189853 0.031413 0.844877 0.396519 -0.357726
1311870469.937943 2.176021 -0.943540 2.189524 0.030641 0.844712 0.396832 -0.357837
1311870469.973965 2.178818 -0.943497 2.190636 0.030040 0.844518 0.397013 -0.358146
1311870470.005752 2.178955 -0.940520 2.189447 0.030674 0.844260 0.396658 -0.359092
1311870470.037917 2.179710 -0.942612 2.190068 0.030863 0.844243 0.397107 -0.358618
1311870470.073731 2.178363 -0.941802 2.190514 0.030410 0.844191 0.397538 -0.358302
1311870470.105880 2.177974 -0.941738 2.192273 0.029951 0.844071 0.397693 -0.358452
1311870470.137925 2.178904 -0.941261 2.191212 0.029301 0.843569 0.398376 -0.358928
1311870470.174381 2.179803 -0.941488 2.191975 0.029908 0.843469 0.398454 -0.359026
1311870470.205867 2.181053 -0.941618 2.191180 0.030155 0.843137 0.399305 -0.358841
1311870470.237895 2.179835 -0.941756 2.191310 0.030962 0.842894 0.399971 -0.358599
1311870470.273994 2.176871 -0.941589 2.193106 0.030889 0.842918 0.400143 -0.358357
1311870470.305986 2.178991 -0.942371 2.191840 0.030548 0.842519 0.400325 -0.359122
1311870470.337728 2.180663 -0.943650 2.189351 0.030681 0.842018 0.400731 -0.359832
1311870470.373945 2.178843 -0.940656 2.192166 0.030940 0.842646 0.399762 -0.359419
1311870470.405805 2.180364 -0.941281 2.192476 0.031510 0.842796 0.399625 -0.359167
1311870470.437840 2.180149 -0.942067 2.191256 0.031589 0.842725 0.400248 -0.358634
1311870470.474179 2.178936 -0.941970 2.193052 0.031248 0.842904 0.400553 -0.357901
1311870470.505829 2.180184 -0.938984 2.190816 0.030344 0.842580 0.400468 -0.358837
1311870470.538218 2.181901 -0.939047 2.193022 0.030175 0.842616 0.400676 -0.358533
1311870470.573867 2.181046 -0.938934 2.191121 0.030769 0.842380 0.401177 -0.358477
1311870470.605821 2.182041 -0.940816 2.191470 0.031389 0.842579 0.401071 -0.358075
1311870470.638024 2.182634 -0.941092 2.191808 0.031285 0.842683 0.401282 -0.357602
1311870470.673873 2.187108 -0.944145 2.188975 0.032082 0.842575 0.400969 -0.358138
1311870470.705826 2.183616 -0.940764 2.192218 0.031249 0.843064 0.400693 -0.357368
1311870470.738011 2.183781 -0.941909 2.193684 0.031626 0.843007 0.400759 -0.357396
1311870470.773871 2.181349 -0.938285 2.192325 0.031339 0.842770 0.400946 -0.357768
1311870470.805957 2.180588 -0.940708 2.192690 0.031963 0.842675 0.401178 -0.357677
1311870470.838079 2.181534 -0.939533 2.192461 0.031263 0.842487 0.401331 -0.358010
1311870470.873905 2.181153 -0.939026 2.191545 0.031400 0.842271 0.401236 -0.358613
1311870470.905869 2.183420 -0.938987 2.190938 0.031322 0.842118 0.401148 -0.359078
1311870470.937927 2.180762 -0.938842 2.194058 0.032209 0.842513 0.400558 -0.358730
1311870470.973873 2.180406 -0.938040 2.192864 0.032076 0.842191 0.400911 -0.359105
1311870471.005925 2.181829 -0.940890 2.194657 0.032686 0.842044 0.401167 -0.359108
1311870471.037976 2.181931 -0.940924 2.193399 0.033317 0.841936 0.400869 -0.359635
1311870471.073810 2.181967 -0.939230 2.193986 0.032728 0.841829 0.401203 -0.359569
1311870471.106003 2.180983 -0.938153 2.193680 0.032551 0.841753 0.401292 -0.359662
1311870471.138021 2.181511 -0.939682 2.193361 0.032509 0.841876 0.400961 -0.359747
1311870471.174023 2.181629 -0.940372 2.192753 0.032247 0.841948 0.401031 -0.359523
1311870471.205874 2.181257 -0.939009 2.192728 0.031829 0.842156 0.400621 -0.359532
1311870471.238040 2.180601 -0.939036 2.193922 0.031702 0.842237 0.400507 -0.359479
1311870471.273910 2.180368 -0.939827 2.193460 0.031878 0.842235 0.400315 -0.359684
1311870471.305871 2.180355 -0.940374 2.194872 0.031526 0.842401 0.399839 -0.359854
1311870471.337865 2.181857 -0.941764 2.194598 0.031557 0.842232 0.399533 -0.360587
1311870471.373855 2.182472 -0.942136 2.193791 0.031648 0.842266 0.399168 -0.360905
1311870471.405985 2.183481 -0.942638 2.194694 0.031254 0.842245 0.399630 -0.360476
1311870471.441920 2.181870 -0.942141 2.195328 0.031385 0.842215 0.399848 -0.360291
1311870471.473870 2.181454 -0.941086 2.193566 0.031380 0.841692 0.400545 -0.360741
1311870471.505831 2.179364 -0.940315 2.196082 0.032414 0.841875 0.399848 -0.360995
1311870471.542028 2.181434 -0.942571 2.196686 0.032966 0.841659 0.399974 -0.361309
1311870471.574014 2.181625 -0.942232 2.194052 0.032891 0.841311 0.400081 -0.362007
1311870471.605987 2.181355 -0.941249 2.192574 0.032177 0.841234 0.399998 -0.362341
1311870471.641978 2.181377 -0.941559 2.195318 0.031754 0.841562 0.399322 -0.362362
1311870471.674011 2.181035 -0.942060 2.195024 0.031126 0.841288 0.399324 -0.363051
1311870471.706195 2.178938 -0.940448 2.194154 0.032078 0.841337 0.397817 -0.364507
1311870471.742044 2.179340 -0.941621 2.194295 0.032318 0.841400 0.397038 -0.365187
1311870471.773909 2.176982 -0.942554 2.192985 0.032499 0.841302 0.396784 -0.365673
1311870471.805901 2.178732 -0.942098 2.193367 0.032007 0.841278 0.395861 -0.366770
1311870471.841988 2.177643 -0.940319 2.192830 0.031403 0.841105 0.395115 -0.368022
1311870471.874024 2.178650 -0.944982 2.192600 0.031719 0.841189 0.394377 -0.368595
1311870471.905983 2.180756 -0.939918 2.190249 0.030329 0.841077 0.394155 -0.369203
1311870471.942156 2.181133 -0.940818 2.189773 0.030757 0.841363 0.393913 -0.368775
1311870471.973865 2.180778 -0.939909 2.189194 0.030162 0.841423 0.394432 -0.368132
1311870472.006101 2.180748 -0.939869 2.187806 0.028697 0.841091 0.395561 -0.367795
1311870472.042094 2.183659 -0.939053 2.188266 0.027599 0.840900 0.395548 -0.368331
1311870472.074034 2.181620 -0.941179 2.188389 0.028636 0.840454 0.395652 -0.369156
1311870472.105974 2.184478 -0.941893 2.186206 0.030804 0.840120 0.394437 -0.371037
1311870472.142241 2.183192 -0.938820 2.188331 0.030693 0.840012 0.394830 -0.370873
1311870472.174085 2.181687 -0.936596 2.185632 0.031595 0.839324 0.395237 -0.371919
1311870472.205977 2.183784 -0.937569 2.181268 0.031672 0.838732 0.395546 -0.372919
1311870472.241992 2.184572 -0.936234 2.181830 0.031159 0.839203 0.395085 -0.372391
1311870472.274142 2.186459 -0.933577 2.181154 0.030014 0.839418 0.395182 -0.371896
1311870472.305946 2.186875 -0.933667 2.180206 0.030314 0.839419 0.394927 -0.372141
1311870472.341965 2.190039 -0.933171 2.177212 0.030705 0.839046 0.394658 -0.373235
1311870472.373998 2.191618 -0.935783 2.175378 0.031698 0.838729 0.394844 -0.373666
1311870472.406004 2.191524 -0.932306 2.173255 0.030894 0.838527 0.394503 -0.374548
1311870472.442046 2.192141 -0.931060 2.172097 0.029631 0.838715 0.393865 -0.374899
1311870472.473942 2.190869 -0.932331 2.170747 0.030137 0.838900 0.393438 -0.374893
1311870472.506007 2.198335 -0.930377 2.164767 0.028619 0.838379 0.393526 -0.376083
1311870472.542128 2.197444 -0.930558 2.162986 0.028961 0.838145 0.393838 -0.376252
1311870472.573975 2.199825 -0.929590 2.162396 0.028785 0.838148 0.393244 -0.376880
1311870472.605983 2.202309 -0.927833 2.158164 0.029053 0.837731 0.392958 -0.378084
1311870472.642166 2.202556 -0.924215 2.156612 0.028943 0.837732 0.392172 -0.378905
1311870472.673968 2.203046 -0.924127 2.155117 0.029469 0.838002 0.390761 -0.379723
1311870472.705964 2.206006 -0.924716 2.151139 0.028478 0.837545 0.390733 -0.380834
1311870472.742010 2.206944 -0.923783 2.151233 0.027820 0.837225 0.390198 -0.382134
1311870472.774092 2.206922 -0.922135 2.151691 0.027573 0.836900 0.389115 -0.383964
1311870472.805994 2.214214 -0.919395 2.143579 0.028028 0.835661 0.389010 -0.386725
1311870472.841981 2.216554 -0.915731 2.141708 0.029533 0.835795 0.388628 -0.386707
1311870472.874143 2.217103 -0.914394 2.139039 0.031077 0.835658 0.389375 -0.386131
1311870472.905960 2.217986 -0.913883 2.135520 0.031261 0.835598 0.389698 -0.385920
1311870472.941944 2.221429 -0.909379 2.132492 0.029058 0.836020 0.389037 -0.385845
1311870472.974144 2.224733 -0.908792 2.131016 0.028603 0.836342 0.388898 -0.385322
1311870473.006149 2.230020 -0.908443 2.126981 0.030426 0.836554 0.388290 -0.385335
1311870473.042100 2.229404 -0.905993 2.128513 0.032256 0.837360 0.388063 -0.383660
1311870473.073930 2.230006 -0.904155 2.125100 0.032644 0.837451 0.388467 -0.383019
1311870473.106027 2.233404 -0.903879 2.122726 0.032700 0.836816 0.389500 -0.383353
1311870473.142260 2.237361 -0.901543 2.115559 0.031988 0.835704 0.389962 -0.385364
1311870473.174040 2.239437 -0.900092 2.113593 0.030743 0.835904 0.390039 -0.384954
1311870473.206150 2.239396 -0.898217 2.112440 0.029325 0.836083 0.390978 -0.383721
1311870473.242252 2.239791 -0.897187 2.110490 0.027920 0.835851 0.391969 -0.383320
1311870473.274500 2.237724 -0.893805 2.109427 0.026824 0.835461 0.392776 -0.383421
1311870473.306261 2.237125 -0.892898 2.108979 0.027467 0.834891 0.392985 -0.384402
1311870473.342424 2.235980 -0.890162 2.104825 0.028677 0.833944 0.393266 -0.386079
1311870473.374112 2.234058 -0.888058 2.104458 0.029935 0.833621 0.393154 -0.386794
1311870473.406080 2.229026 -0.886068 2.102162 0.031644 0.833067 0.393465 -0.387534
1311870473.442154 2.224684 -0.883798 2.100495 0.031618 0.832621 0.394422 -0.387523
1311870473.474610 2.218011 -0.882905 2.098980 0.031402 0.832141 0.395405 -0.387570
1311870473.506409 2.213235 -0.882865 2.098343 0.030293 0.832132 0.395839 -0.387235
1311870473.542189 2.211460 -0.877959 2.094423 0.029296 0.832035 0.395571 -0.387792
1311870473.574202 2.207171 -0.875491 2.091534 0.030313 0.832243 0.395266 -0.387579
1311870473.606498 2.201953 -0.873711 2.088770 0.031536 0.833132 0.394533 -0.386317
1311870473.642118 2.197863 -0.870756 2.086784 0.032544 0.833951 0.393808 -0.385204
1311870473.674176 2.189700 -0.869016 2.085998 0.033656 0.834626 0.393986 -0.383460
1311870473.706403 2.180380 -0.870892 2.079869 0.035460 0.834877 0.393151 -0.383609
1311870473.742268 2.172783 -0.875374 2.078428 0.034160 0.835804 0.391113 -0.383791
1311870473.774145 2.163461 -0.869803 2.079912 0.032286 0.837100 0.385989 -0.386309
1311870473.806031 2.156684 -0.870629 2.075637 0.031633 0.837411 0.382388 -0.389257
1311870473.842130 2.151899 -0.871056 2.073447 0.030098 0.838214 0.379096 -0.390868
1311870473.874175 2.145715 -0.870659 2.073536 0.026920 0.838718 0.377822 -0.391252
1311870473.906399 2.138955 -0.869131 2.068070 0.024007 0.838298 0.377032 -0.393099
1311870473.942125 2.132455 -0.869322 2.066355 0.022190 0.838630 0.375306 -0.394149
1311870473.974168 2.130484 -0.871547 2.064691 0.021028 0.838387 0.375674 -0.394377
1311870474.006237 2.123430 -0.867749 2.065856 0.020814 0.838413 0.375424 -0.394572
1311870474.042518 2.116691 -0.864369 2.062085 0.020664 0.837941 0.375716 -0.395305
1311870474.074151 2.105871 -0.863596 2.060915 0.020216 0.838315 0.376141 -0.394129
1311870474.106170 2.103098 -0.861142 2.059147 0.018593 0.838379 0.376208 -0.394007
1311870474.142204 2.092935 -0.860730 2.057780 0.018615 0.838263 0.376147 -0.394313
1311870474.174263 2.085001 -0.855243 2.057545 0.017966 0.838321 0.375030 -0.395282
1311870474.206256 2.083207 -0.853067 2.057128 0.017869 0.837851 0.375364 -0.395965
1311870474.242280 2.076801 -0.850285 2.054106 0.018053 0.837138 0.376760 -0.396139
1311870474.274712 2.073547 -0.852041 2.052506 0.017180 0.836969 0.377409 -0.395917
1311870474.306126 2.071901 -0.851931 2.051575 0.015082 0.836743 0.377508 -0.396384
1311870474.342193 2.071893 -0.852823 2.051778 0.013650 0.836099 0.378353 -0.396991
1311870474.374090 2.067262 -0.850485 2.051366 0.012539 0.835130 0.378696 -0.398735
1311870474.406066 2.069455 -0.851464 2.050384 0.011564 0.834399 0.377938 -0.401009
1311870474.442146 2.071374 -0.847876 2.046704 0.010272 0.833109 0.378866 -0.402845
1311870474.474133 2.069292 -0.846807 2.046276 0.011039 0.832401 0.379348 -0.403833
1311870474.506142 2.065765 -0.847526 2.046040 0.010926 0.831784 0.379204 -0.405240
1311870474.542326 2.064244 -0.843771 2.043498 0.010082 0.830661 0.378295 -0.408403
1311870474.574197 2.064403 -0.839420 2.043655 0.009609 0.830307 0.376489 -0.410796
1311870474.606219 2.069732 -0.842530 2.041661 0.010248 0.829378 0.376609 -0.412546
1311870474.642126 2.068620 -0.838961 2.039423 0.011156 0.828751 0.375554 -0.414736
1311870474.674124 2.076786 -0.840805 2.032518 0.012455 0.826815 0.375902 -0.418233
1311870474.706175 2.077946 -0.836954 2.028467 0.013167 0.825760 0.375457 -0.420688
1311870474.742243 2.086019 -0.836273 2.024772 0.014124 0.824603 0.374909 -0.423406
1311870474.774339 2.086916 -0.836147 2.023522 0.017024 0.823660 0.375149 -0.424920
1311870474.806161 2.087246 -0.834592 2.018952 0.018995 0.822297 0.374815 -0.427762
1311870474.842137 2.089912 -0.832411 2.013665 0.019713 0.821258 0.373401 -0.430950
1311870474.874165 2.091093 -0.832333 2.012416 0.019063 0.820576 0.371758 -0.433692
1311870474.906314 2.097257 -0.830415 2.004881 0.017358 0.818706 0.369986 -0.438781
1311870474.942309 2.107489 -0.831840 1.997588 0.017322 0.816912 0.368451 -0.443395
1311870474.974405 2.113680 -0.827005 1.996007 0.018246 0.816273 0.366286 -0.446318
1311870475.006531 2.119302 -0.825977 1.992266 0.019809 0.815341 0.365988 -0.448196
1311870475.042643 2.121953 -0.825662 1.988096 0.020305 0.814380 0.366429 -0.449559
1311870475.074124 2.132100 -0.823820 1.982363 0.019672 0.812856 0.366560 -0.452230
1311870475.106487 2.137624 -0.822837 1.978602 0.018674 0.811801 0.366808 -0.453962
1311870475.142238 2.138130 -0.821849 1.978552 0.017946 0.811330 0.366447 -0.455125
1311870475.174253 2.144400 -0.818252 1.973113 0.016140 0.810262 0.365907 -0.457524
1311870475.206435 2.149779 -0.821685 1.978090 0.017102 0.810521 0.365244 -0.457559
1311870475.242461 2.155831 -0.815790 1.967818 0.017460 0.809251 0.363882 -0.460866
1311870475.274175 2.160247 -0.812913 1.970865 0.017648 0.809169 0.362736 -0.461906
1311870475.306297 2.164643 -0.814369 1.968188 0.017147 0.808002 0.362553 -0.464105
1311870475.342286 2.170212 -0.812640 1.968664 0.016099 0.807057 0.362215 -0.466046
1311870475.374384 2.176860 -0.810879 1.962496 0.015757 0.805217 0.362252 -0.469202
1311870475.406177 2.182137 -0.810102 1.961735 0.016500 0.804252 0.361644 -0.471296
1311870475.442349 2.193116 -0.814610 1.953570 0.016999 0.802295 0.363321 -0.473319
1311870475.474159 2.197016 -0.815763 1.953069 0.017795 0.801641 0.363443 -0.474303
1311870475.506409 2.203086 -0.815094 1.950909 0.017450 0.800808 0.363447 -0.475719
1311870475.542368 2.209754 -0.818358 1.951407 0.017607 0.800349 0.363389 -0.476529
1311870475.574183 2.211736 -0.815188 1.949076 0.017864 0.799471 0.363278 -0.478075
1311870475.606225 2.221970 -0.811880 1.942940 0.017226 0.798028 0.363478 -0.480352
1311870475.642242 2.226670 -0.812268 1.943663 0.018840 0.797432 0.364260 -0.480690
1311870475.674412 2.231068 -0.810879 1.944169 0.020033 0.796484 0.365248 -0.481461
1311870475.706519 2.233281 -0.810643 1.942299 0.020818 0.794910 0.366280 -0.483243
1311870475.742323 2.236378 -0.810513 1.943591 0.020095 0.793296 0.367421 -0.485056
1311870475.774113 2.239021 -0.810736 1.942799 0.020283 0.791083 0.368763 -0.487637
1311870475.806584 2.246327 -0.810673 1.944162 0.022043 0.789421 0.369115 -0.489983
1311870475.842399 2.247939 -0.809852 1.942635 0.023659 0.787731 0.370249 -0.491768
1311870475.874665 2.247260 -0.806590 1.945906 0.023013 0.786473 0.372080 -0.492429
1311870475.907306 2.251084 -0.805389 1.947122 0.022836 0.784918 0.372624 -0.494504
1311870475.942231 2.255775 -0.805016 1.949338 0.022779 0.783186 0.373506 -0.496582
1311870475.974354 2.260833 -0.807053 1.948740 0.023295 0.781839 0.374210 -0.498148
1311870476.006524 2.264543 -0.806914 1.952824 0.022410 0.782104 0.374716 -0.497393
1311870476.042481 2.266503 -0.813239 1.956169 0.021317 0.782056 0.376110 -0.496463
1311870476.074341 2.267340 -0.814285 1.959922 0.020511 0.781691 0.375394 -0.497613
1311870476.106461 2.272403 -0.815352 1.960741 0.018347 0.781077 0.374811 -0.499098
1311870476.142192 2.275721 -0.820128 1.961597 0.017092 0.780760 0.374928 -0.499551
1311870476.175104 2.281580 -0.823637 1.965803 0.016113 0.780877 0.374475 -0.499740
1311870476.206393 2.284197 -0.827848 1.971005 0.016129 0.781220 0.373768 -0.499732
1311870476.242328 2.286861 -0.829647 1.975438 0.014712 0.781911 0.373302 -0.499044
1311870476.274227 2.290793 -0.830622 1.981611 0.013160 0.782616 0.373530 -0.497809
1311870476.306297 2.294457 -0.834684 1.990424 0.014887 0.782748 0.373780 -0.497366
1311870476.342260 2.298406 -0.835217 1.994803 0.017403 0.781935 0.374562 -0.497974
1311870476.374475 2.300393 -0.839754 2.002586 0.018527 0.781444 0.377002 -0.496862
1311870476.406491 2.297188 -0.839884 2.008137 0.018834 0.780136 0.379317 -0.497143
1311870476.442421 2.296629 -0.842090 2.009232 0.019756 0.778402 0.379775 -0.499471
1311870476.474627 2.301107 -0.844733 2.013319 -0.020817 -0.777802 -0.379117 0.500860
1311870476.506504 2.302564 -0.844501 2.018533 -0.020757 -0.777643 -0.380042 0.500409
1311870476.542440 2.305247 -0.845459 2.021011 -0.021328 -0.777108 -0.381429 0.500160
1311870476.574569 2.308640 -0.846541 2.023453 0.021235 0.776613 0.383031 -0.499708
1311870476.606570 2.308450 -0.845818 2.031122 0.020652 0.776996 0.384117 -0.498302
1311870476.642434 2.309116 -0.846155 2.029003 0.019970 0.775812 0.386701 -0.498176
1311870476.674440 2.312193 -0.846578 2.038798 0.020766 0.777127 0.385811 -0.496782
1311870476.706389 2.315676 -0.846079 2.033743 0.022451 0.776265 0.386708 -0.497359
1311870476.742209 2.316600 -0.846702 2.037058 0.022976 0.776812 0.387834 -0.495601
1311870476.774360 2.314915 -0.847934 2.038096 0.023706 0.776647 0.388843 -0.495035
1311870476.806891 2.313064 -0.849067 2.041417 0.024619 0.776978 0.388065 -0.495080
1311870476.842211 2.315848 -0.848396 2.038093 0.024056 0.776351 0.388273 -0.495928
1311870476.874304 2.313264 -0.849724 2.041794 0.024373 0.777342 0.387433 -0.495017
1311870476.906567 2.312990 -0.849683 2.041696 0.024756 0.777612 0.386926 -0.494970
1311870476.942253 2.313447 -0.850167 2.043449 0.024989 0.777869 0.386531 -0.494862
1311870476.974379 2.311703 -0.850693 2.042700 0.024176 0.777757 0.386059 -0.495447
1311870477.006502 2.310850 -0.851781 2.043292 0.022849 0.777436 0.385172 -0.496702
1311870477.042467 2.312703 -0.852741 2.040181 0.022166 0.777093 0.384022 -0.498159
1311870477.074608 2.314721 -0.852512 2.035914 0.021668 0.777437 0.382866 -0.498533
1311870477.106391 2.316142 -0.851576 2.035133 0.020504 0.778483 0.382204 -0.497458
1311870477.142624 2.316217 -0.850781 2.032353 0.019888 0.778879 0.382193 -0.496870
1311870477.174420 2.317970 -0.849725 2.028913 0.019530 0.779114 0.381679 -0.496912
1311870477.206651 2.320147 -0.849950 2.025163 0.018951 0.779149 0.382169 -0.496502
1311870477.242472 2.321347 -0.846126 2.022175 0.018757 0.779287 0.381854 -0.496535
1311870477.274614 2.321511 -0.844525 2.018011 0.019039 0.779584 0.381440 -0.496377
1311870477.306562 2.322206 -0.841827 2.011719 0.019225 0.779553 0.380936 -0.496805
1311870477.342447 2.327549 -0.843243 2.008979 0.019299 0.780088 0.380236 -0.496499
1311870477.375546 2.326505 -0.840095 2.002350 0.018861 0.779923 0.379340 -0.497459
1311870477.406303 2.328282 -0.841586 1.998222 0.020710 0.780132 0.377465 -0.498483
1311870477.442535 2.330699 -0.841951 1.992271 0.022471 0.780058 0.375944 -0.499670
1311870477.474589 2.329823 -0.837206 1.984304 -0.023274 -0.780143 -0.373602 0.501255
1311870477.506439 2.333896 -0.839225 1.979685 -0.024108 -0.780516 -0.371797 0.501976
1311870477.542454 2.336104 -0.838108 1.970460 -0.024336 -0.780296 -0.369714 0.503843
1311870477.576952 2.341385 -0.833759 1.958120 -0.023194 -0.779542 -0.368715 0.505792
1311870477.606371 2.345112 -0.832939 1.951316 -0.023082 -0.779833 -0.367578 0.506176
1311870477.642455 2.347864 -0.825831 1.945161 -0.021926 -0.780098 -0.366421 0.506657
1311870477.674401 2.350323 -0.825802 1.939811 -0.021641 -0.780067 -0.365960 0.507050
1311870477.706293 2.353174 -0.816594 1.929686 -0.020218 -0.779029 -0.364698 0.509609
1311870477.742492 2.356323 -0.816267 1.922279 -0.021375 -0.778633 -0.363105 0.511301
1311870477.774408 2.359770 -0.812102 1.916471 -0.022022 -0.778694 -0.360833 0.512786
1311870477.806631 2.365027 -0.806324 1.906051 -0.022674 -0.777957 -0.359058 0.515117
1311870477.842377 2.364651 -0.803180 1.901902 -0.024203 -0.777752 -0.357411 0.516502
1311870477.874752 2.366904 -0.801469 1.896927 -0.025024 -0.777510 -0.355939 0.517840
1311870477.906459 2.369084 -0.798126 1.894041 -0.024835 -0.777208 -0.354932 0.518993
1311870477.942470 2.372845 -0.795331 1.882214 -0.024065 -0.775349 -0.354874 0.521842
1311870477.974821 2.371625 -0.792037 1.877090 -0.023281 -0.774546 -0.354101 0.523592
1311870478.006764 2.376066 -0.784088 1.867753 -0.021578 -0.773718 -0.352290 0.526106
1311870478.042396 2.379657 -0.779305 1.862669 -0.019683 -0.773233 -0.352376 0.526835
1311870478.074531 2.379251 -0.778793 1.858590 -0.018408 -0.772744 -0.353270 0.526999
1311870478.106703 2.377973 -0.775607 1.855449 -0.016900 -0.772649 -0.352557 0.527666
1311870478.142484 2.380090 -0.771721 1.842254 -0.015913 -0.771408 -0.351602 0.530144
1311870478.174891 2.380153 -0.771473 1.843095 -0.015738 -0.772420 -0.350421 0.529457
1311870478.206694 2.379760 -0.766604 1.831499 -0.014609 -0.772622 -0.348818 0.530252
1311870478.243551 2.378863 -0.767654 1.827439 -0.013706 -0.773417 -0.348981 0.529009
1311870478.274632 2.378223 -0.765161 1.823716 -0.012937 -0.774177 -0.348179 0.528445
1311870478.307070 2.377592 -0.764149 1.819450 -0.012000 -0.774603 -0.348332 0.527741
1311870478.342699 2.374677 -0.763985 1.816076 -0.010430 -0.774874 -0.348942 0.526973
1311870478.377314 2.371036 -0.764863 1.813617 -0.009754 -0.774884 -0.348627 0.527180
1311870478.407403 2.369070 -0.764065 1.803528 -0.008606 -0.774203 -0.347879 0.528693
1311870478.442461 2.367994 -0.762420 1.798865 -0.007687 -0.775199 -0.346429 0.528199
1311870478.474469 2.362363 -0.763495 1.796106 -0.007523 -0.776570 -0.345841 0.526570
1311870478.506459 2.358193 -0.760724 1.793415 -0.005990 -0.777677 -0.344790 0.525644
1311870478.542834 2.353177 -0.758295 1.788877 -0.004472 -0.778659 -0.342824 0.525492
1311870478.574568 2.346176 -0.761568 1.784923 -0.003512 -0.779654 -0.341921 0.524611
1311870478.606731 2.341696 -0.762131 1.781840 -0.001831 -0.781539 -0.339410 0.523445
1311870478.642464 2.336020 -0.763056 1.779674 0.000103 -0.783430 -0.337338 0.521959
1311870478.674530 2.333422 -0.760919 1.774748 0.002262 -0.784519 -0.335618 0.521426
1311870478.706522 2.324858 -0.759719 1.772916 0.002441 -0.785579 -0.334356 0.520639
1311870478.742334 2.315163 -0.762562 1.767382 0.002264 -0.787169 -0.331981 0.519758
1311870478.774702 2.308017 -0.763362 1.766318 0.002806 -0.789518 -0.328277 0.518544
1311870478.806869 2.302050 -0.766019 1.760854 0.003168 -0.790840 -0.325088 0.518536
1311870478.842335 2.295976 -0.765458 1.757882 0.003986 -0.792103 -0.321977 0.518544
1311870478.874346 2.289658 -0.769617 1.753099 0.004388 -0.792844 -0.321025 0.517998
1311870478.906787 2.282265 -0.770494 1.749961 0.007469 -0.793849 -0.320729 0.516605
1311870478.942379 2.276571 -0.770071 1.744958 0.011574 -0.794360 -0.319947 0.516228
1311870478.974461 2.267693 -0.777878 1.744014 0.013924 -0.795161 -0.318959 0.515548
1311870479.006717 2.264226 -0.778615 1.739619 0.017309 -0.794901 -0.317457 0.516772
1311870479.042444 2.259794 -0.777842 1.737041 0.019208 -0.794755 -0.315030 0.518413
1311870479.074537 2.254750 -0.776265 1.735043 0.020324 -0.794626 -0.313575 0.519450
1311870479.106848 2.252963 -0.776478 1.732837 0.020456 -0.794718 -0.312896 0.519712
1311870479.142524 2.244931 -0.774218 1.730490 0.020595 -0.794869 -0.313357 0.519198
1311870479.174444 2.241251 -0.773034 1.727890 0.022702 -0.794791 -0.314677 0.518431
1311870479.207679 2.238551 -0.773216 1.724959 0.025410 -0.794391 -0.315744 0.518270
1311870479.242400 2.235296 -0.769175 1.724613 0.026484 -0.794001 -0.315424 0.519007
1311870479.274426 2.235150 -0.769638 1.721003 0.025201 -0.793252 -0.315330 0.520273
1311870479.306571 2.231555 -0.767725 1.718102 0.024359 -0.792641 -0.315794 0.520961
1311870479.342418 2.227461 -0.764540 1.718161 0.024503 -0.792364 -0.316031 0.521233
1311870479.374488 2.221674 -0.768048 1.716364 0.024116 -0.791377 -0.316643 0.522377
1311870479.406395 2.221888 -0.762444 1.718708 0.026693 -0.790366 -0.315978 0.524183
1311870479.442501 2.223194 -0.758286 1.714353 0.027094 -0.788427 -0.315345 0.527453
1311870479.474631 2.224334 -0.758133 1.711621 0.025725 -0.787057 -0.314948 0.529799
1311870479.506430 2.221706 -0.755286 1.711026 0.024681 -0.786194 -0.315198 0.530980
1311870479.542670 2.221213 -0.757045 1.706356 0.023297 -0.784975 -0.316093 0.532313
1311870479.574634 2.222199 -0.756309 1.705413 0.022775 -0.783423 -0.316751 0.534227
1311870479.606576 2.225192 -0.754112 1.700883 0.022654 -0.781104 -0.317160 0.537375
1311870479.642434 2.226161 -0.752929 1.697344 0.023127 -0.779888 -0.318135 0.538544
1311870479.674552 2.230216 -0.751857 1.695335 0.023506 -0.779039 -0.319183 0.539136
1311870479.706653 2.232951 -0.749533 1.693097 0.023333 -0.778625 -0.318992 0.539854
1311870479.742393 2.230154 -0.752781 1.695842 0.019802 -0.778603 -0.318242 0.540470
1311870479.774537 2.239054 -0.749671 1.690283 0.017967 -0.777305 -0.317594 0.542779
1311870479.806444 2.245512 -0.747927 1.685743 0.016685 -0.776605 -0.317036 0.544146
1311870479.842582 2.248914 -0.748090 1.682501 0.015553 -0.775787 -0.316838 0.545460
1311870479.874489 2.253566 -0.747112 1.677030 0.014844 -0.774292 -0.316868 0.547583
1311870479.906588 2.257857 -0.748168 1.673797 0.012933 -0.773167 -0.316202 0.549602
1311870479.942576 2.261560 -0.742430 1.667251 0.011546 -0.771767 -0.314339 0.552661
1311870479.974540 2.267336 -0.745309 1.666064 0.008484 -0.771511 -0.314113 0.553201
1311870480.006807 2.268451 -0.740323 1.661553 0.006276 -0.770937 -0.313867 0.554170
1311870480.042660 2.274269 -0.738977 1.659442 0.004551 -0.770565 -0.313378 0.554980
1311870480.074647 2.276709 -0.738712 1.656530 0.004743 -0.768937 -0.314232 0.556751
1311870480.106439 2.280376 -0.735406 1.657492 0.007065 -0.767207 -0.313917 0.559285
1311870480.142639 2.286838 -0.739055 1.657378 0.006183 -0.765509 -0.313299 0.561962
1311870480.174537 2.291533 -0.734856 1.651309 0.005300 -0.764016 -0.313267 0.564017
1311870480.206595 2.297787 -0.720520 1.638277 0.004506 -0.761657 -0.312511 0.567622
1311870480.242572 2.303898 -0.716783 1.636196 0.001076 -0.760925 -0.312451 0.568653
1311870480.274543 2.307532 -0.717502 1.635501 -0.003062 -0.760202 -0.312849 0.569393
1311870480.306678 2.310735 -0.714514 1.634021 -0.005361 -0.759219 -0.311903 0.571205
1311870480.342480 2.315897 -0.713124 1.632362 -0.006590 -0.756838 -0.312153 0.574207
1311870480.374646 2.321881 -0.709093 1.632329 -0.007954 -0.754702 -0.311510 0.577341
1311870480.406616 2.328746 -0.704135 1.628434 -0.009661 -0.752452 -0.312304 0.579817
1311870480.442773 2.331363 -0.703357 1.626707 -0.011529 -0.750752 -0.314395 0.580856
1311870480.474488 2.333523 -0.702045 1.627092 -0.012281 -0.749043 -0.315377 0.582513
1311870480.506517 2.338271 -0.701072 1.626777 -0.012127 -0.747119 -0.315018 0.585175
1311870480.542681 2.342379 -0.699908 1.624941 -0.013113 -0.744851 -0.314923 0.588089
1311870480.575128 2.346768 -0.696841 1.620938 -0.014652 -0.743277 -0.315448 0.589760
1311870480.610475 2.351821 -0.693776 1.621829 -0.014500 -0.743055 -0.317699 0.588835
1311870480.642709 2.351744 -0.697881 1.626913 -0.013243 -0.743291 -0.321047 0.586746
1311870480.674530 2.353626 -0.696074 1.626837 -0.011097 -0.741784 -0.322549 0.587873
1311870480.710587 2.356080 -0.696116 1.625574 -0.010199 -0.740106 -0.322666 0.589937
1311870480.742508 2.361613 -0.691090 1.624063 -0.008920 -0.739197 -0.321206 0.591891
1311870480.775804 2.364868 -0.693669 1.624808 -0.009371 -0.738995 -0.320987 0.592255
1311870480.810605 2.363504 -0.692606 1.628441 -0.009137 -0.739184 -0.319452 0.592852
1311870480.842855 2.365647 -0.696008 1.632754 -0.006554 -0.739452 -0.319412 0.592573
1311870480.874824 2.368429 -0.697473 1.635634 -0.003322 -0.739079 -0.319465 0.593038
1311870480.910467 2.370438 -0.699989 1.637233 -0.001613 -0.738502 -0.319577 0.593702
1311870480.942993 2.373723 -0.700366 1.642538 0.000280 -0.738688 -0.320026 0.593231
1311870480.974607 2.375585 -0.702937 1.649391 0.001309 -0.739121 -0.321645 0.591814
1311870481.010488 2.375881 -0.705386 1.653526 0.002042 -0.739014 -0.322608 0.591421
1311870481.042482 2.377443 -0.708420 1.654977 0.003728 -0.738960 -0.323415 0.591039
1311870481.075001 2.381451 -0.706733 1.664145 0.005014 -0.740285 -0.323165 0.589506
1311870481.110534 2.385571 -0.704807 1.667089 0.003580 -0.740016 -0.324527 0.589106
1311870481.142707 2.386419 -0.705790 1.674384 0.000091 -0.739885 -0.326039 0.588446
1311870481.174606 2.385330 -0.712327 1.675410 -0.001595 -0.739100 -0.328570 0.588023
1311870481.210715 2.385865 -0.711103 1.685678 0.001679 -0.739531 -0.329939 0.586712
1311870481.242633 2.388289 -0.710784 1.688132 0.002963 -0.738796 -0.329748 0.587740
1311870481.274974 2.392207 -0.706826 1.695678 0.002352 -0.739740 -0.327816 0.587635
1311870481.310580 2.395185 -0.705812 1.696143 -0.000237 -0.740710 -0.328899 0.585810
1311870481.344908 2.396627 -0.704234 1.699974 -0.002353 -0.742531 -0.330260 0.582727
1311870481.374502 2.398243 -0.708684 1.700675 -0.004317 -0.743367 -0.332847 0.580172
1311870481.410685 2.398075 -0.705156 1.712088 -0.003225 -0.745004 -0.333998 0.577411
1311870481.442703 2.402360 -0.703852 1.716700 -0.003793 -0.744931 -0.334663 0.577117
1311870481.474602 2.402111 -0.702213 1.721441 -0.005441 -0.744142 -0.335757 0.577486
1311870481.510706 2.402230 -0.699701 1.725343 -0.007703 -0.742959 -0.336182 0.578735
1311870481.542967 2.403192 -0.699154 1.730509 -0.009604 -0.741353 -0.337559 0.579964
1311870481.574920 2.404452 -0.700004 1.731698 -0.011166 -0.739145 -0.339836 0.581422
1311870481.610928 2.405940 -0.699043 1.727118 -0.012108 -0.737431 -0.341213 0.582772
1311870481.642653 2.406454 -0.697723 1.726129 -0.012041 -0.736694 -0.342612 0.582884
1311870481.674734 2.406919 -0.694718 1.729234 -0.012062 -0.737210 -0.342169 0.582492
1311870481.710880 2.412347 -0.698437 1.723786 -0.013175 -0.736688 -0.342394 0.582995
1311870481.742677 2.413465 -0.697221 1.724304 -0.013392 -0.736605 -0.342300 0.583150
1311870481.774863 2.415140 -0.695845 1.725408 -0.013385 -0.736669 -0.342150 0.583158
1311870481.810567 2.418508 -0.694192 1.720743 -0.013511 -0.735870 -0.341793 0.584371
1311870481.842653 2.422239 -0.695634 1.720969 -0.013446 -0.735966 -0.342058 0.584097
1311870481.876661 2.424921 -0.687122 1.718110 -0.012360 -0.735571 -0.341378 0.585016
1311870481.910893 2.425787 -0.691605 1.718070 -0.012856 -0.735428 -0.341624 0.585042
1311870481.942739 2.430630 -0.685444 1.709815 -0.011046 -0.733812 -0.340562 0.587721
1311870481.974685 2.435025 -0.683255 1.705572 -0.011068 -0.732210 -0.339142 0.590533
1311870482.010687 2.438770 -0.678607 1.702942 -0.011859 -0.731500 -0.335996 0.593189
1311870482.042664 2.444015 -0.676509 1.697608 -0.013397 -0.730565 -0.334343 0.595239
1311870482.074642 2.449110 -0.675287 1.695397 -0.015713 -0.729838 -0.333278 0.596671
1311870482.111255 2.449811 -0.665345 1.688996 -0.017619 -0.728715 -0.332259 0.598555
1311870482.142728 2.453886 -0.663394 1.679643 -0.019900 -0.727662 -0.332590 0.599580
1311870482.174667 2.458321 -0.660677 1.672906 -0.019639 -0.727549 -0.332882 0.599563
1311870482.210670 2.461783 -0.660443 1.666238 -0.019412 -0.727228 -0.333050 0.599867
1311870482.242571 2.466768 -0.655936 1.658820 -0.018132 -0.726954 -0.331475 0.601110
1311870482.274596 2.472561 -0.652546 1.651205 -0.017872 -0.726292 -0.330639 0.602377
1311870482.310930 2.477467 -0.650971 1.643977 -0.018920 -0.725477 -0.329781 0.603796
1311870482.342857 2.483149 -0.646108 1.637141 -0.019934 -0.724913 -0.327917 0.605454
1311870482.374573 2.486948 -0.644440 1.630862 -0.020548 -0.724550 -0.327328 0.606185
1311870482.410597 2.492863 -0.640236 1.620076 -0.020498 -0.723209 -0.327003 0.607961
1311870482.442701 2.496031 -0.637040 1.614038 -0.020612 -0.722816 -0.326322 0.608790
1311870482.474935 2.500455 -0.634729 1.604307 -0.020092 -0.722140 -0.326355 0.609592
1311870482.510814 2.505390 -0.633468 1.597102 -0.020458 -0.721834 -0.326385 0.609927
1311870482.542650 2.510299 -0.628828 1.593798 -0.020950 -0.721771 -0.325887 0.610251
1311870482.574689 2.515708 -0.624627 1.587218 -0.022082 -0.721042 -0.326003 0.611010
1311870482.610775 2.518539 -0.620215 1.581301 -0.022690 -0.720276 -0.326962 0.611378
1311870482.642615 2.522513 -0.615675 1.574897 -0.023380 -0.719083 -0.328180 0.612104
1311870482.675223 2.525139 -0.616325 1.573105 -0.024408 -0.718461 -0.329313 0.612185
1311870482.710891 2.527353 -0.611244 1.565608 -0.025081 -0.717026 -0.330129 0.613400
1311870482.742773 2.529320 -0.606248 1.561769 -0.025599 -0.716320 -0.330975 0.613747
1311870482.774768 2.532845 -0.601588 1.554722 -0.026303 -0.715207 -0.331772 0.614584
1311870482.810806 2.534231 -0.599590 1.551692 -0.028178 -0.714359 -0.332000 0.615364
1311870482.842664 2.536127 -0.598362 1.544744 -0.029662 -0.713383 -0.332027 0.616411
1311870482.875230 2.536792 -0.595475 1.541355 -0.030336 -0.713297 -0.332078 0.616451
1311870482.910591 2.537618 -0.592874 1.536402 -0.031120 -0.713461 -0.331608 0.616474
1311870482.942680 2.540040 -0.589531 1.530892 -0.031584 -0.713476 -0.331758 0.616353
1311870482.975970 2.538789 -0.591133 1.523681 -0.032279 -0.713360 -0.332650 0.615970
1311870483.011189 2.539136 -0.590084 1.523739 -0.032429 -0.714091 -0.333462 0.614675
1311870483.042516 2.539348 -0.590310 1.519863 -0.032563 -0.713906 -0.335340 0.613861
1311870483.076199 2.538610 -0.586488 1.518971 -0.032009 -0.714320 -0.335765 0.613176
1311870483.110765 2.537112 -0.586739 1.519866 -0.031592 -0.714398 -0.337195 0.612322
1311870483.143020 2.533865 -0.589247 1.514183 -0.031663 -0.713284 -0.337678 0.613348
1311870483.174838 2.530847 -0.595848 1.512273 -0.031964 -0.712759 -0.338785 0.613333
1311870483.210814 2.531739 -0.587201 1.511085 -0.030894 -0.713100 -0.336717 0.614130
1311870483.242695 2.526859 -0.589555 1.508522 -0.030553 -0.713137 -0.337269 0.613801
1311870483.276143 2.526852 -0.586316 1.509810 -0.029357 -0.713456 -0.337467 0.613379
1311870483.311159 2.521824 -0.584912 1.509564 -0.028974 -0.713457 -0.337548 0.613353
1311870483.342800 2.517991 -0.582453 1.502652 -0.028208 -0.713058 -0.337337 0.613968
1311870483.375178 2.513974 -0.581592 1.503513 -0.028439 -0.713730 -0.337050 0.613334
1311870483.410669 2.507440 -0.582486 1.499478 -0.029075 -0.714067 -0.335657 0.613675
1311870483.442901 2.502946 -0.581442 1.497712 -0.029385 -0.715662 -0.333819 0.612804
1311870483.476563 2.499362 -0.581822 1.496912 -0.029848 -0.717507 -0.333455 0.610819
1311870483.511030 2.492634 -0.583933 1.494783 -0.030937 -0.718914 -0.333375 0.609153
1311870483.542892 2.484690 -0.584514 1.492820 -0.030188 -0.720411 -0.332463 0.607919
1311870483.576899 2.477617 -0.583738 1.493239 -0.028761 -0.722251 -0.330352 0.606955
1311870483.610711 2.473763 -0.586212 1.488333 -0.028834 -0.723303 -0.327727 0.607121
1311870483.642925 2.467795 -0.588007 1.486513 -0.029921 -0.725042 -0.324763 0.606587
1311870483.675720 2.458249 -0.589881 1.486669 -0.029208 -0.727002 -0.323746 0.604817
1311870483.711260 2.452587 -0.594281 1.486093 -0.027021 -0.728397 -0.323559 0.603338
1311870483.742805 2.445040 -0.596695 1.483471 -0.024303 -0.729283 -0.322783 0.602799
1311870483.774912 2.438968 -0.596982 1.481551 -0.021679 -0.730755 -0.321073 0.602029
1311870483.810771 2.434924 -0.599607 1.481588 -0.020961 -0.732403 -0.319518 0.600878
1311870483.842891 2.428837 -0.600401 1.480161 -0.020530 -0.733812 -0.317777 0.600097
1311870483.877085 2.421841 -0.602429 1.477812 -0.019455 -0.734815 -0.317117 0.599254
1311870483.911351 2.417361 -0.603478 1.479600 -0.018073 -0.735896 -0.316183 0.598464
1311870483.943198 2.411026 -0.603059 1.475686 -0.017158 -0.736103 -0.316165 0.598246
1311870483.975520 2.408365 -0.603338 1.475644 -0.016184 -0.737538 -0.316513 0.596318
1311870484.011069 2.401968 -0.600363 1.472504 -0.014584 -0.738453 -0.317926 0.594472
1311870484.042973 2.397151 -0.600169 1.471058 -0.013641 -0.739019 -0.318972 0.593230
1311870484.075058 2.392458 -0.600767 1.471959 -0.011437 -0.739830 -0.319633 0.591909
1311870484.110742 2.391175 -0.599017 1.472434 -0.009077 -0.739981 -0.320464 0.591311
1311870484.142706 2.386842 -0.596358 1.470827 -0.007996 -0.740015 -0.320219 0.591417
1311870484.176178 2.382452 -0.596950 1.471851 -0.008327 -0.740313 -0.320216 0.591041
1311870484.210812 2.379278 -0.595503 1.473572 -0.008253 -0.740141 -0.320412 0.591151
1311870484.242949 2.372759 -0.592269 1.466975 -0.008841 -0.738617 -0.320414 0.593045
1311870484.276681 2.372973 -0.584090 1.463038 -0.007599 -0.737810 -0.319085 0.594780
1311870484.310757 2.370426 -0.582892 1.466098 -0.007580 -0.737671 -0.318811 0.595099
1311870484.342826 2.369214 -0.581163 1.458376 -0.007110 -0.735605 -0.320067 0.596985
1311870484.375427 2.369602 -0.576545 1.452752 -0.005609 -0.733524 -0.321777 0.598641
1311870484.410852 2.367478 -0.574692 1.447981 -0.004388 -0.731507 -0.323700 0.600080
1311870484.442843 2.370202 -0.570966 1.445013 -0.003225 -0.729982 -0.323995 0.601783
1311870484.477407 2.370051 -0.561143 1.440876 -0.002390 -0.727923 -0.323740 0.604413
1311870484.510960 2.375322 -0.560178 1.431186 -0.004289 -0.725615 -0.324073 0.606994
1311870484.543117 2.377342 -0.555154 1.427187 -0.004410 -0.724331 -0.325029 0.608014
1311870484.574757 2.377276 -0.551372 1.418756 -0.004583 -0.721979 -0.325845 0.610369
1311870484.611024 2.380762 -0.544586 1.412349 -0.004229 -0.719780 -0.324629 0.613609
1311870484.642843 2.386664 -0.542349 1.405607 -0.006740 -0.717991 -0.322700 0.616691
1311870484.674789 2.389231 -0.538104 1.400339 -0.009431 -0.716745 -0.320965 0.619007
1311870484.710829 2.391794 -0.535822 1.390911 -0.010925 -0.715066 -0.320710 0.621053
1311870484.745698 2.395431 -0.530519 1.382542 -0.011400 -0.712890 -0.320213 0.623796
1311870484.776248 2.396783 -0.528385 1.376197 -0.011756 -0.710760 -0.319794 0.626430
1311870484.810786 2.402178 -0.523380 1.369552 -0.011433 -0.708992 -0.318811 0.628935
1311870484.842884 2.405015 -0.521174 1.361054 -0.013034 -0.706899 -0.317683 0.631824
1311870484.875769 2.412798 -0.513228 1.350820 -0.013410 -0.704933 -0.315525 0.635085
1311870484.910716 2.418726 -0.509242 1.346104 -0.014095 -0.703870 -0.314330 0.636840
1311870484.944216 2.421453 -0.506385 1.332514 -0.014623 -0.701736 -0.314164 0.639261
1311870484.975102 2.429111 -0.501456 1.324552 -0.014265 -0.700485 -0.313212 0.641105
1311870485.010871 2.435768 -0.497862 1.313973 -0.014748 -0.698911 -0.312590 0.643112
1311870485.043233 2.442836 -0.495899 1.303428 -0.016105 -0.697735 -0.312371 0.644462
1311870485.074769 2.449427 -0.490993 1.297050 -0.016861 -0.696938 -0.312276 0.645350
1311870485.110743 2.456234 -0.489953 1.286719 -0.018247 -0.695396 -0.312650 0.646794
1311870485.142899 2.462050 -0.485333 1.278303 -0.019231 -0.694228 -0.312614 0.648036
1311870485.178176 2.470792 -0.485417 1.272414 -0.020724 -0.693778 -0.313795 0.647900
1311870485.210890 2.477300 -0.485867 1.267657 -0.022360 -0.692758 -0.314484 0.648604
1311870485.249643 2.483872 -0.485964 1.258997 -0.023240 -0.691094 -0.314739 0.650222
1311870485.275402 2.473428 -0.478275 1.259781 -0.021223 -0.690116 -0.316321 0.650562
1311870485.310982 2.474024 -0.480436 1.258584 -0.020558 -0.689139 -0.317327 0.651128
1311870485.345369 2.477288 -0.479034 1.253150 -0.020317 -0.687887 -0.316544 0.652839
1311870485.375407 2.476430 -0.475377 1.250729 -0.019468 -0.687411 -0.316639 0.653321
1311870485.411025 2.479348 -0.471628 1.242527 -0.018685 -0.686300 -0.317665 0.654012
1311870485.445002 2.480988 -0.471213 1.237724 -0.018374 -0.685445 -0.318368 0.654576
1311870485.476895 2.482821 -0.472585 1.234188 -0.017562 -0.683879 -0.319719 0.655577
1311870485.510894 2.484293 -0.472112 1.228278 -0.017117 -0.681927 -0.320801 0.657091
1311870485.546561 2.487855 -0.477721 1.218819 -0.019088 -0.680204 -0.321762 0.658352
1311870485.575341 2.482114 -0.478965 1.210620 -0.018855 -0.679177 -0.323293 0.658669
1311870485.612777 2.480767 -0.477979 1.206070 -0.018903 -0.679437 -0.323706 0.658197
1311870485.643456 2.476374 -0.479501 1.202414 -0.019301 -0.680332 -0.323809 0.657209
1311870485.676367 2.472345 -0.482517 1.194797 -0.019174 -0.681003 -0.324893 0.655982
1311870485.714523 2.467927 -0.478920 1.192577 -0.018631 -0.682738 -0.323703 0.654781
1311870485.744269 2.465486 -0.475921 1.184434 -0.018820 -0.683641 -0.322090 0.654629
1311870485.776038 2.461905 -0.477689 1.184019 -0.020246 -0.685423 -0.321532 0.652995
1311870485.814596 2.453895 -0.476302 1.175413 -0.021623 -0.685486 -0.321477 0.652911
1311870485.844633 2.448298 -0.476220 1.175730 -0.021833 -0.687782 -0.319964 0.651231
1311870485.875826 2.441158 -0.484325 1.170923 -0.022544 -0.689015 -0.319325 0.650217
1311870485.914049 2.434156 -0.482227 1.163502 -0.021940 -0.689849 -0.315811 0.651069
1311870485.946463 2.429185 -0.483955 1.161450 -0.022090 -0.691744 -0.313230 0.650300
1311870485.976519 2.423625 -0.485294 1.158822 -0.021718 -0.693131 -0.312257 0.649303
1311870486.014211 2.417742 -0.487501 1.160150 -0.020507 -0.694443 -0.312212 0.647960
1311870486.043924 2.410593 -0.486654 1.155971 -0.019619 -0.694357 -0.311402 0.648469
1311870486.077096 2.405792 -0.488391 1.154972 -0.019376 -0.695008 -0.310192 0.648359
1311870486.114309 2.400051 -0.488569 1.153966 -0.019300 -0.695432 -0.309148 0.648405
1311870486.146847 2.395292 -0.489496 1.153248 -0.019334 -0.695483 -0.308983 0.648428
1311870486.176394 2.389606 -0.492054 1.150752 -0.019396 -0.695152 -0.308502 0.649011
1311870486.215167 2.385551 -0.490998 1.148799 -0.017439 -0.694854 -0.309122 0.649090
1311870486.247416 2.377596 -0.492788 1.145591 -0.015287 -0.693870 -0.310737 0.649425
1311870486.277315 2.375468 -0.494102 1.143904 -0.011885 -0.693706 -0.310496 0.649787
1311870486.314593 2.371850 -0.493231 1.141668 -0.010774 -0.692829 -0.310028 0.650964
1311870486.344442 2.369726 -0.491770 1.138763 -0.009541 -0.691995 -0.309631 0.652058
1311870486.374888 2.364926 -0.493576 1.133133 -0.009385 -0.690803 -0.309608 0.653335
1311870486.410964 2.362233 -0.490785 1.130931 -0.008842 -0.690290 -0.308268 0.654517
1311870486.446126 2.360323 -0.492916 1.127921 -0.008755 -0.689728 -0.308312 0.655089
1311870486.475142 2.359230 -0.495325 1.125535 -0.008477 -0.689043 -0.307290 0.656293
1311870486.513695 2.358157 -0.491672 1.119611 -0.007126 -0.687888 -0.305707 0.658257
1311870486.544595 2.357343 -0.492636 1.114452 -0.007267 -0.687074 -0.305700 0.659109
1311870486.577795 2.352677 -0.491334 1.106029 -0.006953 -0.685482 -0.305338 0.660935
1311870486.614111 2.354796 -0.496802 1.102417 -0.007225 -0.684288 -0.303272 0.663117
1311870486.644716 2.353594 -0.495833 1.097474 -0.006333 -0.681305 -0.301265 0.667100
1311870486.677991 2.353281 -0.494176 1.092354 -0.006432 -0.678291 -0.297342 0.671913
1311870486.713699 2.351029 -0.494459 1.081328 -0.004565 -0.675423 -0.295075 0.675806
1311870486.747476 2.353352 -0.494138 1.075132 -0.000630 -0.674498 -0.292650 0.677796
1311870486.775603 2.354377 -0.497285 1.071751 0.001280 -0.672984 -0.289539 0.680631
1311870486.814059 2.353492 -0.496358 1.060854 0.001560 -0.669365 -0.284804 0.686174
1311870486.843922 2.355458 -0.495140 1.053416 0.002339 -0.667530 -0.279921 0.689959
1311870486.876884 2.358048 -0.499746 1.046077 0.002857 -0.665358 -0.277641 0.692969
1311870486.910964 2.356543 -0.500623 1.037719 0.004175 -0.663506 -0.273594 0.696340
1311870486.944171 2.358150 -0.499263 1.027466 0.007454 -0.662410 -0.269261 0.699039
1311870486.974944 2.360944 -0.497627 1.017309 0.010657 -0.661168 -0.266154 0.701359
1311870487.013483 2.364929 -0.501448 1.013782 0.011224 -0.660376 -0.262995 0.703286
1311870487.045716 2.366175 -0.501095 1.005453 0.012406 -0.659584 -0.258500 0.705672
1311870487.074835 2.368153 -0.497261 0.995512 0.013672 -0.659039 -0.254555 0.707589
1311870487.113212 2.372369 -0.499756 0.989973 0.014583 -0.658522 -0.251895 0.709003
1311870487.144542 2.375094 -0.497726 0.992220 0.016182 -0.658319 -0.248036 0.710516
1311870487.174917 2.374616 -0.497507 0.990334 0.017366 -0.657033 -0.244338 0.712955
1311870487.212424 2.373266 -0.496177 0.978232 0.017913 -0.653606 -0.240694 0.717317
1311870487.250248 2.371533 -0.493028 0.976729 0.018012 -0.652430 -0.237280 0.719520
1311870487.274881 2.371637 -0.490735 0.973592 0.018927 -0.651446 -0.235175 0.721077
1311870487.314494 2.369412 -0.488319 0.971578 0.019564 -0.650317 -0.232381 0.722983
1311870487.343317 2.367762 -0.483865 0.969376 0.022123 -0.649136 -0.230529 0.724562
1311870487.375022 2.386537 -0.493067 0.950838 0.023648 -0.646026 -0.230465 0.727308
1311870487.412400 2.385120 -0.486830 0.951690 0.025553 -0.644093 -0.229665 0.729209
1311870487.443194 2.378582 -0.477808 0.958566 0.026683 -0.643596 -0.228938 0.729835
1311870487.475038 2.392212 -0.479466 0.934032 0.025181 -0.640951 -0.230634 0.731681
1311870487.514023 2.396073 -0.475068 0.928504 0.024427 -0.640044 -0.232296 0.731974
1311870487.544312 2.391456 -0.468958 0.933144 0.023240 -0.639656 -0.232739 0.732210
1311870487.575002 2.387593 -0.463828 0.935718 0.021271 -0.639039 -0.233267 0.732641
1311870487.611318 2.399058 -0.464016 0.918497 0.019189 -0.637077 -0.234991 0.733855
1311870487.643614 2.399950 -0.459882 0.914380 0.017939 -0.635663 -0.235803 0.734852
1311870487.674996 2.403376 -0.460185 0.913171 0.015752 -0.634773 -0.237360 0.735170
1311870487.710972 2.402742 -0.458783 0.909235 0.014128 -0.633925 -0.239180 0.735345
1311870487.743421 2.403913 -0.454553 0.908791 0.013516 -0.633450 -0.240160 0.735446
1311870487.775194 2.403300 -0.452170 0.907794 0.013928 -0.632396 -0.240805 0.736135
1311870487.811083 2.397909 -0.449303 0.915089 0.014108 -0.631973 -0.241807 0.736166
1311870487.844713 2.401267 -0.445660 0.907040 0.014059 -0.630440 -0.243684 0.736862
1311870487.875006 2.401995 -0.442897 0.903001 0.013416 -0.630018 -0.244966 0.736810
1311870487.912913 2.400737 -0.442225 0.904456 0.012073 -0.630599 -0.245578 0.736132
1311870487.944520 2.399367 -0.441610 0.904584 0.011253 -0.630324 -0.246445 0.736091
1311870487.975028 2.398249 -0.441764 0.903664 0.011816 -0.629962 -0.246789 0.736277
1311870488.013400 2.397034 -0.435932 0.904489 0.013813 -0.629786 -0.248195 0.735919
1311870488.045647 2.392131 -0.428520 0.905994 0.014548 -0.629721 -0.249377 0.735562
1311870488.075044 2.391393 -0.419070 0.900699 0.013621 -0.630307 -0.250830 0.734582
1311870488.114438 2.380090 -0.411845 0.910625 0.009878 -0.633235 -0.253431 0.731224
1311870488.143525 2.375346 -0.410337 0.912924 0.006205 -0.634691 -0.258080 0.728370
1311870488.175287 2.377321 -0.417269 0.907321 0.001468 -0.634750 -0.260039 0.727647
1311870488.215548 2.373945 -0.408167 0.908382 0.001736 -0.634945 -0.260535 0.727299
1311870488.243035 2.371962 -0.407525 0.909474 -0.000585 -0.635496 -0.262804 0.726002
1311870488.275181 2.368058 -0.403331 0.906287 -0.003391 -0.635079 -0.263335 0.726166
1311870488.314277 2.365392 -0.398901 0.904604 -0.006782 -0.635823 -0.264478 0.725075
1311870488.343231 2.354042 -0.398392 0.916532 -0.009438 -0.638430 -0.266078 0.722164
1311870488.375053 2.349465 -0.397131 0.916973 -0.009506 -0.638319 -0.269067 0.721153
1311870488.413716 2.345921 -0.400366 0.932700 -0.011344 -0.639493 -0.269211 0.720032
1311870488.443189 2.340671 -0.400001 0.935310 -0.012915 -0.638142 -0.269521 0.721087
1311870488.475126 2.335191 -0.399786 0.940518 -0.014257 -0.637489 -0.270740 0.721182
1311870488.513911 2.333714 -0.400716 0.939556 -0.015523 -0.635920 -0.272170 0.722003
1311870488.543135 2.332797 -0.397200 0.938624 -0.017380 -0.634732 -0.272666 0.722819
1311870488.575150 2.328706 -0.392459 0.937655 -0.019656 -0.633732 -0.273600 0.723285
1311870488.614782 2.331105 -0.389342 0.937755 -0.020761 -0.633162 -0.275311 0.723103
1311870488.642988 2.323601 -0.393974 0.943012 -0.024209 -0.632667 -0.275977 0.723175
1311870488.675182 2.324702 -0.387811 0.941671 -0.022842 -0.630914 -0.277954 0.723994
1311870488.714949 2.323210 -0.387967 0.942667 -0.022787 -0.629110 -0.279057 0.725140
1311870488.742973 2.321644 -0.389351 0.941656 -0.022258 -0.627136 -0.280048 0.726484
1311870488.774991 2.321814 -0.387151 0.940236 -0.022428 -0.625154 -0.281222 0.727732
1311870488.813158 2.320934 -0.381250 0.942781 -0.023211 -0.623859 -0.281112 0.728860
1311870488.843027 2.321307 -0.380685 0.944281 -0.024700 -0.622338 -0.282166 0.729704
1311870488.875180 2.320666 -0.381058 0.943694 -0.025834 -0.619728 -0.284519 0.730971
1311870488.914190 2.319423 -0.378617 0.942184 -0.026413 -0.617019 -0.285638 0.732804
1311870488.943145 2.317226 -0.376352 0.943157 -0.027123 -0.615292 -0.287051 0.733677
1311870488.975055 2.322454 -0.364840 0.937911 -0.025111 -0.612788 -0.289458 0.734898
1311870489.015230 2.324400 -0.364543 0.938125 -0.027791 -0.610391 -0.290286 0.736468
1311870489.042989 2.326376 -0.361458 0.932902 -0.029898 -0.607088 -0.290564 0.739001
1311870489.075006 2.332967 -0.360816 0.931236 -0.032609 -0.604959 -0.290556 0.740634
1311870489.114834 2.330035 -0.354890 0.928037 -0.035242 -0.601256 -0.291415 0.743186
1311870489.143430 2.328874 -0.350970 0.930682 -0.038197 -0.599917 -0.289475 0.744879
1311870489.175392 2.327187 -0.346127 0.935035 -0.040959 -0.599577 -0.288351 0.745442
1311870489.214801 2.340631 -0.341861 0.916702 -0.041483 -0.596701 -0.289605 0.747232
1311870489.243220 2.345229 -0.340864 0.912680 -0.043832 -0.594160 -0.289423 0.749191
1311870489.275166 2.350941 -0.336408 0.909495 -0.046760 -0.591753 -0.287434 0.751681
1311870489.315177 2.353579 -0.332602 0.910179 -0.050636 -0.590669 -0.287011 0.752443
1311870489.343021 2.353823 -0.329002 0.905992 -0.052940 -0.589535 -0.288439 0.752627
1311870489.375409 2.360660 -0.321411 0.893514 -0.054297 -0.587485 -0.289532 0.753714
1311870489.411268 2.361443 -0.321316 0.891849 -0.057167 -0.586825 -0.289399 0.754066
1311870489.443337 2.369260 -0.316602 0.882253 -0.057250 -0.585386 -0.291141 0.754508
1311870489.475262 2.371675 -0.314389 0.878810 -0.058205 -0.584235 -0.291795 0.755074
1311870489.511309 2.377469 -0.314548 0.869409 -0.059065 -0.582616 -0.291580 0.756341
1311870489.543278 2.374854 -0.310541 0.866989 -0.059518 -0.581870 -0.290935 0.757127
1311870489.575205 2.381764 -0.310867 0.864469 -0.059374 -0.582854 -0.291388 0.756207
1311870489.611206 2.388573 -0.309246 0.858883 -0.059231 -0.582985 -0.292077 0.755851
1311870489.642879 2.392713 -0.311407 0.853767 -0.060025 -0.582662 -0.291720 0.756175
1311870489.675215 2.394351 -0.310640 0.847908 -0.060774 -0.581903 -0.291018 0.756970
1311870489.711229 2.399516 -0.301944 0.844586 -0.059287 -0.581753 -0.290562 0.757379
1311870489.743078 2.401677 -0.305069 0.838653 -0.060951 -0.581482 -0.290397 0.757518
1311870489.775225 2.404126 -0.302300 0.837459 -0.061869 -0.581547 -0.289697 0.757662
1311870489.811281 2.405874 -0.297100 0.833706 -0.061848 -0.581303 -0.289735 0.757836
1311870489.843240 2.409011 -0.293381 0.829931 -0.062285 -0.580438 -0.290348 0.758229
1311870489.881222 2.411855 -0.295078 0.827617 -0.063977 -0.579636 -0.290460 0.758658
1311870489.911377 2.414026 -0.290094 0.825421 -0.064588 -0.578819 -0.289834 0.759469
1311870489.943081 2.416515 -0.291798 0.822346 -0.066183 -0.578087 -0.290961 0.759458
1311870489.979557 2.420273 -0.292409 0.819293 -0.067435 -0.577289 -0.291864 0.759609
1311870490.011168 2.421202 -0.286877 0.818825 -0.067847 -0.576074 -0.292280 0.760334
1311870490.043138 2.422416 -0.287226 0.814326 -0.069824 -0.574950 -0.291840 0.761174
1311870490.081807 2.420338 -0.274858 0.812946 -0.069577 -0.573302 -0.292612 0.762143
1311870490.111060 2.419943 -0.272402 0.811263 -0.071692 -0.572348 -0.293284 0.762406
1311870490.143196 2.420658 -0.268861 0.810468 -0.073909 -0.571993 -0.294238 0.762092
1311870490.181076 2.422550 -0.267321 0.809959 -0.075427 -0.571837 -0.295208 0.761686
1311870490.211190 2.423517 -0.267009 0.809101 -0.075869 -0.571443 -0.296588 0.761401
1311870490.243373 2.427943 -0.264924 0.803084 -0.075866 -0.570364 -0.297978 0.761668
1311870490.281109 2.424722 -0.262496 0.805412 -0.076354 -0.570770 -0.297894 0.761348
1311870490.311195 2.430428 -0.259271 0.800935 -0.076535 -0.571105 -0.298228 0.760948
1311870490.343089 2.428314 -0.258925 0.800295 -0.076782 -0.571113 -0.298819 0.760685
1311870490.382586 2.433615 -0.258837 0.793813 -0.076387 -0.570513 -0.298925 0.761134
1311870490.411084 2.431315 -0.253266 0.791087 -0.075083 -0.569902 -0.298637 0.761834
1311870490.443151 2.433658 -0.251668 0.789051 -0.074341 -0.570137 -0.298555 0.761762
1311870490.483897 2.431484 -0.249277 0.783666 -0.073712 -0.569688 -0.298526 0.762171
1311870490.511192 2.438181 -0.250056 0.787854 -0.073390 -0.570788 -0.297397 0.761820
1311870490.543237 2.439682 -0.248949 0.782546 -0.072590 -0.569636 -0.296664 0.763044
1311870490.581310 2.445208 -0.253053 0.784585 -0.071997 -0.569417 -0.296708 0.763247
1311870490.611259 2.448850 -0.257074 0.777500 -0.072751 -0.567541 -0.296576 0.764622
1311870490.643214 2.445953 -0.254090 0.781650 -0.071993 -0.567163 -0.295857 0.765253
1311870490.679239 2.453912 -0.261102 0.774975 -0.071946 -0.566452 -0.295881 0.765774
1311870490.711269 2.450180 -0.258412 0.779880 -0.069640 -0.566688 -0.293951 0.766556
1311870490.743220 2.455850 -0.271210 0.772437 -0.069458 -0.566122 -0.293381 0.767209
1311870490.779308 2.456777 -0.277876 0.771477 -0.068894 -0.566475 -0.292260 0.767427
1311870490.811202 2.458663 -0.281725 0.770097 -0.067911 -0.566974 -0.290635 0.767763
1311870490.843222 2.460238 -0.285662 0.772277 -0.068142 -0.567959 -0.289184 0.767562
1311870490.879217 2.460744 -0.279370 0.772943 -0.066143 -0.568402 -0.288446 0.767687
1311870490.911255 2.460533 -0.298707 0.774653 -0.069215 -0.570263 -0.287975 0.766212
1311870490.943228 2.456508 -0.299908 0.772472 -0.068651 -0.571064 -0.288007 0.765653
1311870490.979347 2.461092 -0.291827 0.777298 -0.064225 -0.572800 -0.287421 0.764961
1311870491.011290 2.460990 -0.294306 0.779667 -0.061769 -0.573879 -0.286301 0.764774
1311870491.043154 2.461968 -0.313825 0.779219 -0.062817 -0.575490 -0.284802 0.764037
1311870491.079292 2.464249 -0.316950 0.777754 -0.061146 -0.576695 -0.283573 0.763722
1311870491.111326 2.461145 -0.315671 0.779814 -0.060508 -0.579552 -0.281924 0.762218
1311870491.143213 2.464750 -0.322029 0.777427 -0.062111 -0.583425 -0.281598 0.759250
1311870491.179327 2.464882 -0.331615 0.783035 -0.063661 -0.587573 -0.282138 0.755714
1311870491.211416 2.465959 -0.341898 0.794490 -0.063390 -0.590308 -0.282127 0.753606
1311870491.243379 2.466599 -0.350978 0.801806 -0.062103 -0.591255 -0.281385 0.753249
1311870491.279099 2.462055 -0.357461 0.800535 -0.059947 -0.590986 -0.280877 0.753823
1311870491.311156 2.461745 -0.360458 0.806318 -0.057436 -0.592541 -0.279986 0.753130
1311870491.343197 2.461666 -0.367906 0.809695 -0.056944 -0.594436 -0.279285 0.751933
1311870491.379175 2.459777 -0.372300 0.814210 -0.056241 -0.595877 -0.279080 0.750921
1311870491.411130 2.460193 -0.378747 0.820792 -0.056106 -0.597476 -0.279050 0.749671
1311870491.443276 2.458969 -0.383797 0.826203 -0.055828 -0.598694 -0.279270 0.748637
1311870491.479155 2.458518 -0.387529 0.830152 -0.054660 -0.599573 -0.278743 0.748216
1311870491.511162 2.459371 -0.389614 0.836118 -0.052817 -0.600319 -0.277933 0.748051
1311870491.543186 2.459405 -0.387715 0.842346 -0.051753 -0.600421 -0.276810 0.748460
1311870491.579136 2.460969 -0.393907 0.846026 -0.053089 -0.600589 -0.276198 0.748458
1311870491.611216 2.459791 -0.394806 0.849148 -0.053414 -0.600727 -0.276370 0.748260
1311870491.643223 2.458464 -0.400597 0.859112 -0.052680 -0.601601 -0.278007 0.747003
1311870491.679240 2.459756 -0.403271 0.864820 -0.050807 -0.601352 -0.278191 0.747265
1311870491.711210 2.460397 -0.406175 0.871120 -0.049065 -0.601023 -0.278035 0.747703
1311870491.743109 2.459318 -0.409602 0.875549 -0.047933 -0.600562 -0.278112 0.748118
1311870491.779329 2.462943 -0.410949 0.883692 -0.047390 -0.600878 -0.277495 0.748129
1311870491.811155 2.461691 -0.414107 0.891774 -0.048542 -0.600830 -0.276629 0.748414
1311870491.843188 2.464380 -0.419217 0.904175 -0.049414 -0.601750 -0.276001 0.747849
1311870491.879325 2.463421 -0.420793 0.909556 -0.050402 -0.601072 -0.276795 0.748036
1311870491.911296 2.462905 -0.421528 0.915185 -0.050101 -0.600666 -0.277783 0.748015
1311870491.943254 2.463574 -0.424270 0.919922 -0.050859 -0.600422 -0.278122 0.748034
1311870491.979292 2.463088 -0.425946 0.922614 -0.050759 -0.600221 -0.279056 0.747854
1311870492.011230 2.467713 -0.429828 0.936685 -0.050698 -0.601728 -0.280021 0.746285
1311870492.043219 2.468615 -0.430454 0.941046 -0.050096 -0.601304 -0.279807 0.746748
1311870492.079221 2.468120 -0.432467 0.946065 -0.049691 -0.600712 -0.280022 0.747170
1311870492.111294 2.470927 -0.435441 0.953689 -0.049936 -0.600868 -0.279882 0.747081
1311870492.143334 2.470595 -0.437097 0.957064 -0.050868 -0.600439 -0.279555 0.747486
1311870492.179310 2.472061 -0.441620 0.967705 -0.051893 -0.601282 -0.279365 0.746808
1311870492.211322 2.472294 -0.444036 0.973757 -0.052170 -0.601456 -0.279736 0.746510
1311870492.243271 2.472708 -0.445992 0.977295 -0.051670 -0.601331 -0.280125 0.746500
1311870492.279278 2.471690 -0.446558 0.980527 -0.049717 -0.601389 -0.280184 0.746563
1311870492.311357 2.476623 -0.448094 0.991822 -0.048939 -0.602895 -0.280353 0.745335
1311870492.343260 2.475682 -0.450490 0.994449 -0.049156 -0.602345 -0.281882 0.745189
1311870492.379293 2.476573 -0.451684 1.001520 -0.049301 -0.603018 -0.281663 0.744718
1311870492.411353 2.477005 -0.452397 1.005911 -0.049525 -0.603967 -0.281784 0.743887
1311870492.443309 2.480718 -0.452503 1.014712 -0.050011 -0.605692 -0.282045 0.742352
1311870492.479330 2.479538 -0.456507 1.016544 -0.050381 -0.606006 -0.283344 0.741576
1311870492.511312 2.480331 -0.459430 1.021816 -0.049736 -0.606646 -0.284198 0.740769
1311870492.543335 2.485412 -0.460437 1.030553 -0.049530 -0.608023 -0.284617 0.739492
1311870492.579262 2.485328 -0.459983 1.033529 -0.050087 -0.608007 -0.285495 0.739129
1311870492.611395 2.485530 -0.460982 1.039647 -0.050310 -0.608537 -0.286260 0.738381
1311870492.643303 2.487436 -0.462332 1.040169 -0.049958 -0.608193 -0.287920 0.738043
1311870492.679416 2.487478 -0.463243 1.047203 -0.049660 -0.608168 -0.288834 0.737726
1311870492.711364 2.491306 -0.467589 1.056170 -0.049950 -0.608835 -0.288954 0.737109
1311870492.743283 2.490850 -0.467238 1.056919 -0.049643 -0.608259 -0.289258 0.737487
1311870492.779457 2.489062 -0.470013 1.065814 -0.050043 -0.608480 -0.289571 0.737154
1311870492.811340 2.488181 -0.472279 1.067178 -0.050006 -0.607911 -0.289031 0.737837
1311870492.843308 2.490047 -0.473626 1.070974 -0.048742 -0.608282 -0.288262 0.737918
1311870492.879362 2.492099 -0.476438 1.077648 -0.047756 -0.608653 -0.288154 0.737719
1311870492.911641 2.492326 -0.474464 1.083080 -0.048093 -0.608595 -0.286245 0.738487
1311870492.943380 2.489213 -0.472003 1.076181 -0.048982 -0.607729 -0.284749 0.739719
1311870492.979305 2.487841 -0.470359 1.076928 -0.050682 -0.609283 -0.284284 0.738504
1311870493.011429 2.488640 -0.474187 1.086192 -0.054624 -0.611150 -0.285209 0.736320
1311870493.043316 2.486217 -0.471739 1.087494 -0.057546 -0.611492 -0.284131 0.736231
1311870493.079222 2.485486 -0.473354 1.089793 -0.059837 -0.611614 -0.284971 0.735622
1311870493.111251 2.483409 -0.474884 1.098737 -0.060459 -0.611427 -0.286261 0.735225
1311870493.143285 2.480719 -0.476018 1.099451 -0.060837 -0.609521 -0.286529 0.736671
1311870493.179267 2.479993 -0.475589 1.096237 -0.060880 -0.607964 -0.286118 0.738112
1311870493.211286 2.479157 -0.472341 1.099313 -0.061158 -0.608179 -0.286454 0.737782
1311870493.243266 2.477805 -0.473535 1.099597 -0.062094 -0.607567 -0.286890 0.738038
1311870493.279326 2.471995 -0.476294 1.097825 -0.063066 -0.607385 -0.284459 0.739046
1311870493.311344 2.473819 -0.477896 1.097006 -0.063968 -0.608417 -0.282871 0.738729
1311870493.343296 2.467775 -0.476796 1.093692 -0.065530 -0.608956 -0.281698 0.738596
1311870493.379352 2.464557 -0.475862 1.097425 -0.065451 -0.610903 -0.280491 0.737454
1311870493.411505 2.464031 -0.476230 1.099268 -0.065140 -0.612136 -0.280175 0.736579
1311870493.443388 2.463122 -0.475365 1.101019 -0.064891 -0.611656 -0.280359 0.736929
1311870493.479434 2.459360 -0.479306 1.100026 -0.064824 -0.610466 -0.280640 0.737815
1311870493.511475 2.455688 -0.479341 1.101860 -0.064485 -0.610318 -0.279682 0.738330
1311870493.543377 2.452789 -0.479293 1.098405 -0.064585 -0.609857 -0.278559 0.739126
1311870493.579523 2.453913 -0.478783 1.098392 -0.064565 -0.609993 -0.277379 0.739460
1311870493.611605 2.448091 -0.483457 1.097458 -0.064655 -0.609165 -0.276681 0.740396
1311870493.643420 2.446175 -0.483916 1.099307 -0.063201 -0.608483 -0.276537 0.741135
1311870493.679357 2.441386 -0.485853 1.106825 -0.061692 -0.607075 -0.276930 0.742269
1311870493.711375 2.440087 -0.485561 1.100922 -0.059118 -0.603616 -0.276675 0.745388
1311870493.743403 2.441979 -0.483094 1.099584 -0.057159 -0.602060 -0.276764 0.746765
1311870493.779356 2.437042 -0.483465 1.095217 -0.056787 -0.600364 -0.277489 0.747889
1311870493.811365 2.439218 -0.482828 1.096784 -0.056653 -0.600839 -0.276650 0.747829
1311870493.843390 2.437279 -0.482651 1.096226 -0.058294 -0.600496 -0.276643 0.747981
1311870493.879323 2.433878 -0.484506 1.099448 -0.059139 -0.600591 -0.277141 0.747653
1311870493.911477 2.431388 -0.484737 1.098718 -0.057811 -0.599927 -0.278278 0.747868
1311870493.943368 2.430101 -0.484345 1.098766 -0.055478 -0.599432 -0.280282 0.747693
1311870493.979508 2.426088 -0.483912 1.100742 -0.054069 -0.599143 -0.282018 0.747375
1311870494.011888 2.423762 -0.486728 1.101909 -0.053443 -0.599098 -0.282085 0.747431
1311870494.043210 2.426968 -0.483226 1.098031 -0.052103 -0.599494 -0.281753 0.747334
1311870494.079376 2.419097 -0.486883 1.102569 -0.053995 -0.601350 -0.281086 0.745958
1311870494.111398 2.418180 -0.487899 1.105658 -0.055233 -0.603707 -0.279881 0.744415
1311870494.143313 2.414388 -0.489557 1.110109 -0.055923 -0.605515 -0.280087 0.742815
1311870494.179353 2.413524 -0.492358 1.114033 -0.055751 -0.607014 -0.280450 0.741467
1311870494.211397 2.409936 -0.493164 1.119767 -0.054796 -0.608635 -0.280426 0.740218
1311870494.243321 2.409446 -0.494401 1.122198 -0.052741 -0.610347 -0.281258 0.738640
1311870494.279553 2.407061 -0.500969 1.129240 -0.051312 -0.612703 -0.283391 0.735970
1311870494.311381 2.405483 -0.503099 1.132329 -0.048545 -0.613885 -0.284682 0.734673
1311870494.343373 2.406291 -0.502141 1.138269 -0.046318 -0.614863 -0.284801 0.733952
1311870494.379546 2.405414 -0.503545 1.141262 -0.045682 -0.615448 -0.284414 0.733652
1311870494.411300 2.404426 -0.504292 1.145310 -0.046079 -0.616279 -0.283822 0.733159
1311870494.443357 2.405577 -0.506783 1.151190 -0.047533 -0.618024 -0.284321 0.731402
1311870494.479365 2.404225 -0.508910 1.157550 -0.048137 -0.619543 -0.286207 0.729339
1311870494.511516 2.401189 -0.513808 1.168288 -0.047898 -0.621307 -0.287829 0.727213
1311870494.543527 2.403413 -0.516597 1.168965 -0.046333 -0.621729 -0.290167 0.726023
1311870494.579608 2.400469 -0.516218 1.173695 -0.044454 -0.622234 -0.291791 0.725056
1311870494.611451 2.404924 -0.521701 1.173139 -0.043668 -0.623349 -0.292727 0.723768
1311870494.643379 2.403239 -0.518476 1.172626 -0.043161 -0.624489 -0.293183 0.722630
1311870494.679420 2.402615 -0.518781 1.177794 -0.043116 -0.626941 -0.294222 0.720083
1311870494.711486 2.396376 -0.522421 1.188954 -0.044096 -0.629302 -0.294648 0.717786
1311870494.743354 2.395696 -0.523310 1.195162 -0.043742 -0.631087 -0.295658 0.715822
1311870494.779566 2.398465 -0.525743 1.202611 -0.043750 -0.633252 -0.297085 0.713315
1311870494.811428 2.400551 -0.528677 1.207557 -0.044726 -0.634539 -0.298123 0.711676
1311870494.843396 2.398394 -0.528050 1.207060 -0.045825 -0.634589 -0.298957 0.711211
1311870494.879540 2.399000 -0.531384 1.210459 -0.046769 -0.636049 -0.300052 0.709383
1311870494.911510 2.400227 -0.531317 1.209303 -0.046696 -0.636855 -0.301072 0.708230
1311870494.943602 2.398379 -0.530830 1.207824 -0.047047 -0.637843 -0.301346 0.707201
1311870494.979390 2.397430 -0.533723 1.215655 -0.046851 -0.640008 -0.301857 0.705037
1311870495.011491 2.395250 -0.531357 1.221216 -0.045255 -0.641931 -0.302777 0.702996
1311870495.043432 2.392863 -0.531814 1.231764 -0.045013 -0.644145 -0.303520 0.700661
1311870495.079467 2.392907 -0.532360 1.234939 -0.044106 -0.645398 -0.304024 0.699346
1311870495.111297 2.393622 -0.534511 1.236625 -0.043751 -0.646468 -0.305182 0.697875
1311870495.143348 2.392405 -0.535532 1.240717 -0.042995 -0.648108 -0.305698 0.696173
1311870495.179441 2.393478 -0.535400 1.242652 -0.041758 -0.649207 -0.306201 0.695002
1311870495.211492 2.393380 -0.537255 1.247509 -0.041341 -0.650580 -0.306731 0.693508
1311870495.243412 2.393629 -0.537733 1.252238 -0.040735 -0.651911 -0.307309 0.692036
1311870495.279615 2.394697 -0.539231 1.251734 -0.040341 -0.652368 -0.308697 0.691010
1311870495.311423 2.396476 -0.539716 1.258482 -0.039095 -0.653984 -0.309667 0.689118
1311870495.343427 2.395265 -0.538673 1.261582 -0.037949 -0.654981 -0.311616 0.687354
1311870495.379434 2.394119 -0.539133 1.264572 -0.037123 -0.656034 -0.313188 0.685678
1311870495.411446 2.397253 -0.537946 1.266041 -0.036369 -0.657387 -0.314723 0.683717
1311870495.443388 2.396127 -0.537547 1.272500 -0.036426 -0.659336 -0.316630 0.680952
1311870495.479588 2.392928 -0.534273 1.272185 -0.035556 -0.660211 -0.318393 0.679325
1311870495.511384 2.396283 -0.533747 1.271875 -0.035090 -0.661677 -0.320805 0.676784
1311870495.543386 2.398867 -0.537966 1.265803 -0.035750 -0.662089 -0.323756 0.674939
1311870495.579444 2.400955 -0.536081 1.271490 -0.035709 -0.664254 -0.325492 0.671972
1311870495.611710 2.400420 -0.535777 1.267342 -0.036999 -0.665584 -0.326847 0.669925
1311870495.643449 2.400240 -0.533565 1.268855 -0.037947 -0.668284 -0.327710 0.666755
1311870495.679371 2.401549 -0.533010 1.266772 -0.039047 -0.670362 -0.328816 0.664055
1311870495.711761 2.405229 -0.532550 1.266912 -0.039224 -0.672438 -0.329829 0.661439
1311870495.743600 2.406759 -0.531289 1.269695 -0.039262 -0.673975 -0.330148 0.659711
1311870495.779388 2.406256 -0.534233 1.272311 -0.039864 -0.675177 -0.330031 0.658503
1311870495.811625 2.406806 -0.537317 1.266435 -0.038942 -0.675221 -0.330258 0.658399
1311870495.843576 2.415318 -0.533814 1.265084 -0.037216 -0.676381 -0.329491 0.657693
1311870495.879595 2.418389 -0.534370 1.262852 -0.038600 -0.676765 -0.329205 0.657361
1311870495.911554 2.420199 -0.536546 1.260705 -0.039879 -0.676719 -0.328386 0.657741
1311870495.943537 2.425041 -0.535553 1.259282 -0.040119 -0.676625 -0.327360 0.658335
1311870495.979656 2.427674 -0.536899 1.259111 -0.040173 -0.676187 -0.327224 0.658848
1311870496.011625 2.431563 -0.536869 1.256478 -0.038549 -0.674887 -0.327154 0.660311
1311870496.043556 2.434440 -0.537794 1.254190 -0.037658 -0.673822 -0.326503 0.661771
1311870496.079440 2.439144 -0.536237 1.250310 -0.036903 -0.672779 -0.325973 0.663135
1311870496.111791 2.443484 -0.536448 1.246539 -0.037884 -0.672128 -0.324985 0.664224
1311870496.143401 2.446213 -0.537511 1.245024 -0.039073 -0.671913 -0.323456 0.665118
1311870496.179563 2.448102 -0.536927 1.243759 -0.039460 -0.672226 -0.321572 0.665692
1311870496.211581 2.451275 -0.534530 1.234972 -0.038666 -0.671477 -0.321219 0.666665
1311870496.243641 2.456601 -0.532875 1.231751 -0.036570 -0.671581 -0.321191 0.666691
1311870496.279839 2.463930 -0.534069 1.225501 -0.036779 -0.670924 -0.321274 0.667301
1311870496.311445 2.467802 -0.532289 1.215892 -0.038211 -0.669711 -0.321194 0.668477
1311870496.343426 2.474057 -0.523589 1.214816 -0.038383 -0.670237 -0.320457 0.668294
1311870496.379559 2.477445 -0.522167 1.212682 -0.039111 -0.670634 -0.321676 0.667266
1311870496.411605 2.482015 -0.523584 1.210533 -0.038417 -0.670405 -0.323404 0.666702
1311870496.443469 2.488605 -0.520523 1.208146 -0.036855 -0.669189 -0.324228 0.667611
1311870496.479565 2.491534 -0.518670 1.203616 -0.036586 -0.667556 -0.324379 0.669184
1311870496.511618 2.497572 -0.517043 1.205056 -0.036239 -0.667256 -0.324451 0.669468
1311870496.543663 2.499774 -0.516150 1.203167 -0.036673 -0.666296 -0.325000 0.670134
1311870496.579536 2.503567 -0.519420 1.204504 -0.036750 -0.665719 -0.325110 0.670650
1311870496.611486 2.505173 -0.519774 1.208868 -0.036655 -0.665151 -0.324915 0.671312
1311870496.643485 2.508558 -0.518180 1.205798 -0.036531 -0.663444 -0.325371 0.672786
1311870496.679506 2.511663 -0.515867 1.202420 -0.036369 -0.662565 -0.324640 0.674013
1311870496.711627 2.512837 -0.519276 1.205800 -0.037794 -0.662871 -0.324464 0.673718
1311870496.743548 2.511850 -0.517894 1.207374 -0.037754 -0.662484 -0.323201 0.674708
1311870496.779658 2.513207 -0.520794 1.208807 -0.036924 -0.662373 -0.321777 0.675543
1311870496.811666 2.516261 -0.520391 1.207808 -0.035716 -0.662612 -0.320647 0.675911
1311870496.843618 2.519190 -0.524774 1.213337 -0.036164 -0.663966 -0.319767 0.674975
1311870496.879599 2.520736 -0.521931 1.208747 -0.035099 -0.664179 -0.318754 0.675300
1311870496.911711 2.522856 -0.524589 1.211947 -0.034944 -0.665527 -0.317346 0.674644
1311870496.943683 2.521824 -0.525824 1.212827 -0.033841 -0.665712 -0.316580 0.674877
1311870496.979493 2.528060 -0.528540 1.208022 -0.032595 -0.665736 -0.315773 0.675292
1311870497.011669 2.523720 -0.529397 1.220882 -0.031678 -0.667691 -0.314505 0.673997
1311870497.043473 2.526167 -0.532545 1.223245 -0.029889 -0.668179 -0.314061 0.673802
1311870497.079687 2.526943 -0.533453 1.228836 -0.027424 -0.668987 -0.314395 0.672949
1311870497.111612 2.527307 -0.536035 1.229516 -0.025577 -0.668921 -0.315404 0.672615
1311870497.143721 2.529302 -0.537395 1.232842 -0.023750 -0.669541 -0.315606 0.671970
1311870497.179611 2.530270 -0.540037 1.236897 -0.022942 -0.670160 -0.316628 0.670899
1311870497.211751 2.531252 -0.543012 1.239346 -0.021114 -0.670903 -0.317840 0.669643
1311870497.243694 2.531486 -0.542471 1.244461 -0.019101 -0.671997 -0.318722 0.668184
1311870497.279855 2.529876 -0.544895 1.251440 -0.018329 -0.673407 -0.319031 0.666638
1311870497.311714 2.530923 -0.546037 1.255236 -0.017418 -0.674497 -0.319102 0.665525
1311870497.343508 2.532293 -0.548268 1.261882 -0.017468 -0.675902 -0.319119 0.664089
1311870497.379599 2.533220 -0.549043 1.268107 -0.017785 -0.677128 -0.318598 0.663081
1311870497.411557 2.533300 -0.552729 1.271848 -0.018772 -0.677880 -0.319491 0.661855
1311870497.443690 2.538187 -0.558127 1.271798 -0.019168 -0.678370 -0.320816 0.660699
1311870497.479735 2.531710 -0.555463 1.287833 -0.018753 -0.680872 -0.321000 0.658043
1311870497.511707 2.534206 -0.556524 1.291701 -0.019414 -0.681863 -0.321966 0.656524
1311870497.543641 2.532773 -0.556214 1.293867 -0.020843 -0.682811 -0.322210 0.655375
1311870497.579833 2.531721 -0.558859 1.298890 -0.022054 -0.684495 -0.323123 0.653125
1311870497.611790 2.535234 -0.560171 1.307131 -0.020981 -0.686346 -0.324975 0.650293
1311870497.643755 2.536236 -0.558463 1.309518 -0.019641 -0.686218 -0.326305 0.649803
1311870497.679782 2.534731 -0.561039 1.315485 -0.020514 -0.686769 -0.325686 0.649505
1311870497.711783 2.537149 -0.558711 1.325585 -0.021009 -0.688397 -0.325111 0.648052
1311870497.743625 2.535889 -0.558541 1.330133 -0.022435 -0.689469 -0.325387 0.646724
1311870497.779826 2.535672 -0.563815 1.341761 -0.024139 -0.691300 -0.325188 0.644805
1311870497.811723 2.535583 -0.560929 1.348480 -0.023630 -0.691860 -0.324984 0.644327
1311870497.843750 2.536096 -0.562248 1.347410 -0.022772 -0.691154 -0.326583 0.644307
1311870497.879674 2.543222 -0.562250 1.347606 -0.020985 -0.690694 -0.328085 0.644098
1311870497.911821 2.536105 -0.570312 1.357178 -0.023036 -0.691898 -0.327998 0.642778
1311870497.943701 2.538001 -0.572384 1.357189 -0.023408 -0.691862 -0.328344 0.642627
1311870497.979692 2.538886 -0.573397 1.360758 -0.023460 -0.692033 -0.329824 0.641682
1311870498.011908 2.535139 -0.576857 1.364073 -0.022792 -0.692086 -0.331817 0.640621
1311870498.043847 2.537731 -0.576116 1.368163 -0.021612 -0.692478 -0.332498 0.639885
1311870498.079623 2.538714 -0.578573 1.364417 -0.021509 -0.691467 -0.334772 0.639796
1311870498.111753 2.539708 -0.577482 1.364820 -0.021553 -0.691527 -0.335006 0.639607
1311870498.143624 2.536393 -0.573924 1.370053 -0.020409 -0.692432 -0.335434 0.638440
1311870498.179863 2.534363 -0.572471 1.370278 -0.020039 -0.692675 -0.336671 0.637536
1311870498.211623 2.533260 -0.570214 1.373987 -0.019724 -0.693457 -0.337119 0.636458
1311870498.243773 2.533272 -0.570868 1.375274 -0.019813 -0.693935 -0.337511 0.635726
1311870498.279753 2.530932 -0.571498 1.376480 -0.020065 -0.693832 -0.337988 0.635578
1311870498.311829 2.530138 -0.570081 1.376005 -0.018531 -0.692342 -0.338513 0.636968
1311870498.343830 2.526200 -0.565582 1.378441 -0.016840 -0.690168 -0.337870 0.639710
1311870498.379719 2.527291 -0.567962 1.369518 -0.016812 -0.687004 -0.336320 0.643919
1311870498.411770 2.531262 -0.566318 1.365166 -0.017178 -0.685571 -0.334133 0.646570
1311870498.443588 2.536110 -0.561546 1.358440 -0.019079 -0.684396 -0.334061 0.647797
1311870498.479824 2.532308 -0.556211 1.358502 -0.021126 -0.683808 -0.334285 0.648239
1311870498.511760 2.529342 -0.557939 1.352126 -0.023246 -0.682564 -0.334344 0.649446
1311870498.543664 2.526268 -0.557927 1.347867 -0.023466 -0.681207 -0.334516 0.650773
1311870498.579847 2.528994 -0.556516 1.338044 -0.023672 -0.679565 -0.333597 0.652951
1311870498.612284 2.528506 -0.550119 1.332758 -0.024708 -0.678138 -0.330412 0.656007
1311870498.643972 2.526073 -0.547880 1.325665 -0.026810 -0.676940 -0.326272 0.659227
1311870498.679748 2.526008 -0.545888 1.314156 -0.027747 -0.675796 -0.322974 0.661980
1311870498.711836 2.527378 -0.545525 1.313434 -0.029350 -0.675237 -0.320859 0.663508
1311870498.743611 2.527291 -0.542431 1.302003 -0.032147 -0.672637 -0.317509 0.667618
1311870498.779817 2.522388 -0.536439 1.291716 -0.034664 -0.670960 -0.313763 0.670942
1311870498.811828 2.520926 -0.535651 1.283296 -0.036245 -0.670853 -0.311314 0.672106
1311870498.843754 2.521082 -0.531187 1.274085 -0.036349 -0.670506 -0.309067 0.673482
1311870498.879682 2.521016 -0.529738 1.267886 -0.036694 -0.670192 -0.306118 0.675121
1311870498.911793 2.522957 -0.527074 1.258373 -0.035795 -0.668752 -0.303660 0.677703
1311870498.943959 2.524658 -0.523617 1.248545 -0.035827 -0.666640 -0.302838 0.680144
1311870498.979675 2.521747 -0.517327 1.236861 -0.035616 -0.663984 -0.301807 0.683205
1311870499.011674 2.518141 -0.513466 1.223113 -0.035394 -0.662339 -0.299877 0.685659
1311870499.047750 2.525034 -0.503911 1.223563 -0.034933 -0.663878 -0.297825 0.685088
1311870499.079561 2.522902 -0.500325 1.214043 -0.034814 -0.662734 -0.299192 0.685606
1311870499.111876 2.520496 -0.495744 1.203909 -0.034334 -0.661043 -0.299201 0.687257
1311870499.147720 2.520956 -0.491496 1.196145 -0.033712 -0.659670 -0.297802 0.689211
1311870499.179917 2.520642 -0.487377 1.190942 -0.032512 -0.658324 -0.298065 0.690442
1311870499.211843 2.517572 -0.482795 1.182252 -0.030516 -0.656237 -0.298501 0.692329
1311870499.247640 2.514999 -0.482261 1.179176 -0.028989 -0.655412 -0.298344 0.693243
1311870499.279843 2.516123 -0.476010 1.172451 -0.028015 -0.654394 -0.296445 0.695057
1311870499.311852 2.514039 -0.471261 1.166307 -0.028806 -0.653617 -0.295440 0.696183
1311870499.347761 2.509658 -0.471554 1.160601 -0.030639 -0.653803 -0.295562 0.695878
1311870499.379654 2.507628 -0.466811 1.158806 -0.031559 -0.654986 -0.294145 0.695324
1311870499.411904 2.508412 -0.467124 1.161074 -0.032979 -0.656136 -0.293688 0.694367
1311870499.447712 2.502818 -0.464606 1.155023 -0.033112 -0.654894 -0.293577 0.695579
1311870499.479701 2.494505 -0.463404 1.139082 -0.031944 -0.652506 -0.293037 0.698101
1311870499.511929 2.490159 -0.464417 1.136812 -0.029671 -0.652345 -0.292701 0.698493
1311870499.547724 2.486598 -0.465293 1.132303 -0.026709 -0.651346 -0.293224 0.699325
1311870499.580101 2.484700 -0.462024 1.130744 -0.023603 -0.650039 -0.292888 0.700791
1311870499.611806 2.479576 -0.460400 1.127183 -0.020779 -0.649028 -0.291895 0.702231
1311870499.647772 2.473484 -0.457416 1.115845 -0.018385 -0.646873 -0.292453 0.704052
1311870499.679669 2.469331 -0.452148 1.113387 -0.017197 -0.646083 -0.291738 0.705103
1311870499.711830 2.463678 -0.454027 1.106093 -0.018485 -0.645012 -0.291144 0.706295
1311870499.747903 2.461568 -0.445002 1.101361 -0.017802 -0.644693 -0.291132 0.706609
1311870499.779757 2.450523 -0.443646 1.102090 -0.019561 -0.644285 -0.292557 0.706346
1311870499.811836 2.442181 -0.439962 1.098528 -0.019169 -0.643333 -0.292953 0.707060
1311870499.847770 2.433188 -0.435448 1.094820 -0.016658 -0.642630 -0.293890 0.707374
1311870499.879787 2.428694 -0.429889 1.091472 -0.014154 -0.642199 -0.294425 0.707597
1311870499.911800 2.413987 -0.421565 1.082180 -0.012316 -0.640948 -0.293060 0.709331
1311870499.947701 2.409849 -0.415841 1.086078 -0.010922 -0.643465 -0.289187 0.708664
1311870499.979829 2.397182 -0.417233 1.083790 -0.010920 -0.645275 -0.287856 0.707559
1311870500.011682 2.387631 -0.410805 1.073284 -0.009466 -0.645836 -0.285913 0.707856
1311870500.047754 2.388970 -0.415678 1.081614 -0.009728 -0.648084 -0.284293 0.706449
1311870500.079955 2.369929 -0.411093 1.069272 -0.009178 -0.646093 -0.281961 0.709210
1311870500.111923 2.365077 -0.408539 1.065093 -0.006283 -0.645969 -0.280750 0.709833
1311870500.147807 2.353506 -0.408733 1.062741 -0.004332 -0.645567 -0.280222 0.710423
1311870500.179782 2.349247 -0.408831 1.064591 -0.002801 -0.645878 -0.278885 0.710674
1311870500.211909 2.332505 -0.403668 1.058171 -0.002791 -0.644891 -0.276833 0.712370
1311870500.247783 2.329053 -0.401514 1.055027 -0.002249 -0.644239 -0.277193 0.712822
1311870500.279624 2.319654 -0.397528 1.053057 -0.002005 -0.643274 -0.277228 0.713680
1311870500.311946 2.312558 -0.391960 1.047979 -0.002269 -0.642345 -0.276424 0.714827
1311870500.347791 2.304411 -0.392301 1.042200 -0.002909 -0.641582 -0.278007 0.714896
1311870500.379875 2.301648 -0.386819 1.039354 -0.003638 -0.640785 -0.279241 0.715126
1311870500.411721 2.294107 -0.385163 1.035434 -0.006647 -0.639510 -0.280496 0.715755
1311870500.447890 2.288415 -0.382582 1.027392 -0.007704 -0.638438 -0.281613 0.716262
1311870500.479808 2.281301 -0.384151 1.021740 -0.005698 -0.637967 -0.283826 0.715827
1311870500.511934 2.279858 -0.384225 1.016910 -0.002146 -0.636746 -0.285291 0.716351
1311870500.547775 2.275061 -0.381801 1.010753 0.000381 -0.634590 -0.285093 0.718343
1311870500.579706 2.273283 -0.377172 1.000585 0.002009 -0.632783 -0.284252 0.720266
1311870500.611853 2.270356 -0.377228 0.999134 0.002213 -0.632208 -0.284056 0.720848
1311870500.647928 2.268467 -0.375281 0.993641 0.001851 -0.630870 -0.282155 0.722765
1311870500.679732 2.265345 -0.373198 0.987412 0.001974 -0.628582 -0.281134 0.725151
1311870500.711786 2.265582 -0.371897 0.984076 0.002686 -0.626822 -0.279908 0.727144
1311870500.747952 2.263493 -0.366057 0.982199 0.002540 -0.624887 -0.277725 0.729643
1311870500.779943 2.259759 -0.363200 0.968797 0.001185 -0.620800 -0.276248 0.733685
1311870500.811954 2.256198 -0.358818 0.965668 -0.000328 -0.619291 -0.272776 0.736255
1311870500.848004 2.254061 -0.356968 0.957094 -0.001691 -0.617161 -0.271205 0.738619
1311870500.880131 2.254330 -0.355564 0.950422 -0.001425 -0.615462 -0.269384 0.740700
1311870500.911759 2.258086 -0.347406 0.946558 0.000206 -0.614345 -0.265291 0.743102
1311870500.947879 2.253709 -0.346157 0.937486 -0.000308 -0.611472 -0.263706 0.746030
1311870500.979878 2.255726 -0.341712 0.926211 -0.000268 -0.608652 -0.260683 0.749391
1311870501.011943 2.259221 -0.337348 0.920311 -0.001350 -0.607116 -0.257029 0.751894
1311870501.047804 2.261507 -0.332477 0.912280 -0.002835 -0.604897 -0.255352 0.754246
1311870501.079842 2.260673 -0.324500 0.902274 -0.004434 -0.602740 -0.253222 0.756679
1311870501.111897 2.263820 -0.320986 0.894524 -0.006869 -0.600747 -0.250620 0.759108
1311870501.147952 2.264842 -0.317091 0.885905 -0.010478 -0.598163 -0.247782 0.762033
1311870501.179865 2.263895 -0.310361 0.872381 -0.013510 -0.595233 -0.244726 0.765260
1311870501.211743 2.265525 -0.308067 0.862945 -0.015043 -0.594043 -0.241384 0.767216
1311870501.248040 2.265539 -0.299508 0.852511 -0.015138 -0.592768 -0.238163 0.769205
1311870501.279931 2.268671 -0.298914 0.843179 -0.015702 -0.590871 -0.237697 0.770795
1311870501.311750 2.271048 -0.294870 0.833696 -0.015648 -0.588388 -0.236000 0.773213
1311870501.348003 2.274458 -0.287563 0.822834 -0.016751 -0.586263 -0.234201 0.775348
1311870501.379857 2.277955 -0.285305 0.813042 -0.018353 -0.585331 -0.234504 0.775925
1311870501.411963 2.278982 -0.282296 0.802526 -0.019567 -0.583542 -0.235791 0.776852
1311870501.447890 2.280486 -0.278562 0.793933 -0.019535 -0.582111 -0.236795 0.777621
1311870501.479909 2.286736 -0.266850 0.782359 -0.019316 -0.582262 -0.236341 0.777651
1311870501.511909 2.287056 -0.261549 0.774519 -0.022993 -0.583333 -0.236530 0.776690
1311870501.548011 2.286147 -0.260054 0.768961 -0.025587 -0.585362 -0.238478 0.774484
1311870501.579810 2.286446 -0.262218 0.757601 -0.025836 -0.586002 -0.243380 0.772464
1311870501.612018 2.286933 -0.259272 0.750788 -0.024435 -0.585573 -0.244730 0.772409
1311870501.647864 2.285811 -0.256133 0.739526 -0.022937 -0.582760 -0.244532 0.774641
1311870501.679989 2.284577 -0.257991 0.732699 -0.022145 -0.581098 -0.244027 0.776070
1311870501.711907 2.286134 -0.254626 0.727800 -0.021200 -0.581037 -0.243125 0.776426
1311870501.747900 2.287524 -0.251647 0.719871 -0.022096 -0.581073 -0.242293 0.776634
1311870501.780039 2.285185 -0.247906 0.713281 -0.023225 -0.580728 -0.241869 0.776991
1311870501.812193 2.285782 -0.250398 0.708386 -0.023901 -0.580680 -0.243172 0.776600
1311870501.848089 2.280072 -0.246374 0.697378 -0.023046 -0.578884 -0.244236 0.777632
1311870501.879841 2.280492 -0.240321 0.694507 -0.021886 -0.578054 -0.244453 0.778214
1311870501.911796 2.278176 -0.240717 0.687713 -0.023068 -0.577033 -0.245186 0.778707
1311870501.947888 2.276233 -0.238589 0.677480 -0.023337 -0.576847 -0.246234 0.778506
1311870501.980072 2.271084 -0.236313 0.668876 -0.024313 -0.576671 -0.247032 0.778354
1311870502.011986 2.267697 -0.235586 0.657359 -0.024477 -0.575030 -0.247456 0.779428
1311870502.047757 2.263036 -0.235584 0.648894 -0.023952 -0.572155 -0.246354 0.781904
1311870502.080053 2.259878 -0.233088 0.640915 -0.023053 -0.569762 -0.243428 0.784591
1311870502.111939 2.255169 -0.235835 0.631709 -0.023500 -0.568087 -0.242192 0.786173
1311870502.148086 2.242798 -0.234220 0.623473 -0.022488 -0.566478 -0.241511 0.787572
1311870502.180123 2.239218 -0.231401 0.617348 -0.020109 -0.566329 -0.239502 0.788356
1311870502.211942 2.233982 -0.231089 0.608834 -0.018383 -0.566062 -0.238407 0.788922
1311870502.247902 2.228270 -0.228280 0.598901 -0.017189 -0.567288 -0.235963 0.788803
1311870502.279943 2.221417 -0.222509 0.598946 -0.019173 -0.570783 -0.232760 0.787186
1311870502.312128 2.216179 -0.216418 0.592882 -0.022127 -0.572544 -0.233505 0.785608
1311870502.348085 2.209452 -0.212402 0.582771 -0.024362 -0.571253 -0.235274 0.785953
1311870502.379971 2.216033 -0.227978 0.569171 -0.028066 -0.568209 -0.238599 0.787033
1311870502.411996 2.213281 -0.226271 0.555924 -0.028158 -0.563244 -0.238142 0.790728
1311870502.447989 2.210682 -0.225601 0.538109 -0.028747 -0.558440 -0.236601 0.794568
1311870502.480060 2.201887 -0.221862 0.523226 -0.028602 -0.554465 -0.234183 0.798066
1311870502.511998 2.206496 -0.230604 0.507998 -0.028558 -0.552069 -0.236552 0.799029
1311870502.547785 2.203879 -0.229155 0.491603 -0.028069 -0.548652 -0.235380 0.801741
1311870502.579726 2.198250 -0.226934 0.473025 -0.026797 -0.544776 -0.234844 0.804580
1311870502.611956 2.194923 -0.225706 0.458591 -0.024371 -0.542392 -0.235613 0.806042
1311870502.647923 2.192463 -0.225440 0.445557 -0.022953 -0.540106 -0.238320 0.806822
1311870502.679998 2.198877 -0.222045 0.426483 -0.024399 -0.537423 -0.238263 0.808586
1311870502.712040 2.195814 -0.218931 0.415362 -0.027422 -0.535039 -0.238108 0.810115
1311870502.748009 2.191820 -0.215462 0.402674 -0.030408 -0.533604 -0.240292 0.810310
1311870502.779903 2.184184 -0.216673 0.387371 -0.033662 -0.531998 -0.245080 0.809803
1311870502.812215 2.172190 -0.221476 0.374144 -0.033421 -0.529216 -0.249623 0.810248
1311870502.848251 2.169632 -0.223533 0.366200 -0.029742 -0.527993 -0.251851 0.810500
1311870502.879856 2.172436 -0.227840 0.354989 -0.027237 -0.525150 -0.255875 0.811174
1311870502.911868 2.167582 -0.226851 0.346276 -0.025457 -0.521526 -0.255599 0.813654
1311870502.947918 2.166657 -0.226305 0.334259 -0.024943 -0.520034 -0.253667 0.815227
1311870502.979904 2.164442 -0.223989 0.325832 -0.025896 -0.519503 -0.253375 0.815627
1311870503.012049 2.158851 -0.224176 0.319651 -0.025613 -0.517918 -0.254718 0.816226
1311870503.047853 2.159518 -0.223798 0.311178 -0.022741 -0.515449 -0.255272 0.817699
1311870503.080047 2.154570 -0.223040 0.301958 -0.020251 -0.510497 -0.256611 0.820447
1311870503.112061 2.166661 -0.231660 0.288666 -0.020920 -0.507629 -0.256531 0.822233
1311870503.148129 2.165511 -0.230416 0.280306 -0.021662 -0.503504 -0.255046 0.825207
1311870503.179945 2.163486 -0.228103 0.270282 -0.022206 -0.498840 -0.253066 0.828627
1311870503.212212 2.163230 -0.226714 0.261091 -0.023245 -0.493780 -0.251327 0.832151
1311870503.247900 2.164978 -0.225113 0.252183 -0.024094 -0.488790 -0.250009 0.835464
1311870503.280065 2.166525 -0.222019 0.241426 -0.025003 -0.484231 -0.247663 0.838784
1311870503.312120 2.162645 -0.218645 0.231211 -0.025824 -0.481550 -0.245469 0.840945
1311870503.347883 2.166557 -0.216485 0.217606 -0.025622 -0.480841 -0.244125 0.841748
1311870503.379934 2.166160 -0.216740 0.206988 -0.026343 -0.479186 -0.243719 0.842785
1311870503.412119 2.166253 -0.212232 0.195218 -0.025558 -0.476892 -0.242339 0.844507
1311870503.448175 2.167229 -0.208129 0.180741 -0.025286 -0.475038 -0.240045 0.846214
1311870503.480013 2.169600 -0.205309 0.168532 -0.025792 -0.474025 -0.238361 0.847242
1311870503.512104 2.166981 -0.201955 0.155833 -0.026579 -0.472083 -0.236838 0.848728
1311870503.548220 2.170192 -0.200629 0.145983 -0.026398 -0.471594 -0.235600 0.849350
1311870503.580038 2.176957 -0.195081 0.137143 -0.026924 -0.471094 -0.234111 0.850022
1311870503.612142 2.175186 -0.196159 0.125925 -0.030228 -0.468530 -0.234726 0.851158
1311870503.648065 2.175257 -0.188941 0.118513 -0.032581 -0.468197 -0.232473 0.851872
1311870503.680293 2.174968 -0.188390 0.109846 -0.035106 -0.467922 -0.232041 0.852041
1311870503.711937 2.177765 -0.186607 0.101039 -0.036763 -0.466490 -0.231914 0.852790
1311870503.748145 2.171177 -0.183181 0.092382 -0.038325 -0.463248 -0.230850 0.854775
1311870503.780083 2.170259 -0.182303 0.084937 -0.038447 -0.461770 -0.228282 0.856258
1311870503.811910 2.170906 -0.179284 0.075403 -0.037780 -0.461687 -0.227197 0.856621
1311870503.848056 2.170695 -0.175855 0.068867 -0.037390 -0.461682 -0.226118 0.856926
1311870503.880025 2.169219 -0.173494 0.059204 -0.036869 -0.461183 -0.225438 0.857396
1311870503.912091 2.174399 -0.172167 0.056283 -0.037043 -0.462867 -0.223776 0.856917
1311870503.948251 2.172862 -0.169670 0.050695 -0.037392 -0.462844 -0.224804 0.856645
1311870503.980018 2.169054 -0.169579 0.047021 -0.037143 -0.461832 -0.226524 0.856749
1311870504.011998 2.166315 -0.170976 0.041434 -0.036005 -0.460125 -0.227968 0.857333
1311870504.048156 2.167743 -0.168003 0.039413 -0.034591 -0.459241 -0.227304 0.858041
1311870504.079934 2.163128 -0.165059 0.037708 -0.033629 -0.457908 -0.227244 0.858807
1311870504.111962 2.160034 -0.162808 0.034669 -0.033162 -0.457064 -0.226592 0.859447
1311870504.148039 2.158496 -0.165151 0.033797 -0.034210 -0.456650 -0.225396 0.859940
1311870504.179932 2.154656 -0.165525 0.032343 -0.033667 -0.455828 -0.225467 0.860379
1311870504.212116 2.151926 -0.166043 0.030477 -0.032914 -0.454658 -0.225263 0.861080
1311870504.247918 2.148519 -0.163786 0.030601 -0.032698 -0.453336 -0.223802 0.862166
1311870504.280084 2.144753 -0.162576 0.032123 -0.033346 -0.452939 -0.222298 0.862738
1311870504.312060 2.144461 -0.160089 0.031763 -0.034017 -0.453268 -0.220558 0.862986
1311870504.348035 2.140267 -0.162856 0.033347 -0.036841 -0.453507 -0.219196 0.863091
1311870504.379984 2.135960 -0.163868 0.034548 -0.037952 -0.453889 -0.218535 0.863010
1311870504.412305 2.129939 -0.163921 0.036962 -0.038130 -0.453740 -0.218333 0.863132
1311870504.448107 2.126460 -0.165904 0.037836 -0.038607 -0.452587 -0.217834 0.863842
1311870504.480201 2.121093 -0.168604 0.040708 -0.039469 -0.449840 -0.216614 0.865543
1311870504.512082 2.114056 -0.168517 0.043038 -0.039681 -0.446708 -0.213234 0.867991
1311870504.548048 2.110338 -0.168593 0.044482 -0.039885 -0.445262 -0.210554 0.869378
1311870504.580075 2.107575 -0.169235 0.047052 -0.041438 -0.444190 -0.208683 0.870304
1311870504.611994 2.096951 -0.169615 0.052693 -0.042367 -0.443259 -0.205588 0.871470
1311870504.647976 2.093831 -0.172871 0.054292 -0.042111 -0.443434 -0.204283 0.871700
1311870504.680079 2.090106 -0.176240 0.058098 -0.040976 -0.443219 -0.205600 0.871554
1311870504.712331 2.087987 -0.178915 0.062692 -0.039786 -0.442251 -0.204679 0.872318
1311870504.748338 2.083867 -0.180146 0.067664 -0.037767 -0.440619 -0.202922 0.873643
1311870504.780163 2.079937 -0.186639 0.072415 -0.037165 -0.438131 -0.202663 0.874979
1311870504.812036 2.076006 -0.190836 0.079395 -0.036078 -0.435239 -0.199568 0.877176
1311870504.847987 2.069426 -0.191941 0.084600 -0.033799 -0.431740 -0.196695 0.879641
1311870504.880042 2.065060 -0.191734 0.091152 -0.031227 -0.429843 -0.193826 0.881301
1311870504.912228 2.067429 -0.191901 0.099050 -0.030456 -0.429487 -0.190811 0.882159
1311870504.948276 2.058943 -0.195264 0.104284 -0.030371 -0.426130 -0.191789 0.883577
1311870504.980118 2.055210 -0.196947 0.110860 -0.030478 -0.424403 -0.190913 0.884593
1311870505.012129 2.051868 -0.201871 0.117357 -0.031002 -0.423212 -0.189854 0.885373
1311870505.048023 2.046978 -0.204380 0.123068 -0.031595 -0.420531 -0.188426 0.886933
1311870505.079992 2.048714 -0.205811 0.130159 -0.032367 -0.418081 -0.183934 0.889004
1311870505.112129 2.044352 -0.208840 0.123159 -0.033033 -0.413615 -0.181737 0.891517
1311870505.148203 2.029223 -0.203424 0.143444 -0.033648 -0.411527 -0.177526 0.893307
1311870505.180166 2.028607 -0.206720 0.146480 -0.035805 -0.410761 -0.176544 0.893770
1311870505.212050 2.017601 -0.205951 0.153179 -0.039069 -0.409898 -0.175795 0.894177
1311870505.248098 2.008665 -0.198412 0.164799 -0.040956 -0.410382 -0.171966 0.894616
1311870505.280043 2.005290 -0.199652 0.167989 -0.044031 -0.410431 -0.171411 0.894553
1311870505.312143 2.005020 -0.198050 0.167561 -0.046436 -0.410383 -0.174354 0.893885
1311870505.348172 2.001033 -0.198579 0.164666 -0.049867 -0.407775 -0.178201 0.894135
1311870505.380043 1.997047 -0.205898 0.160433 -0.053357 -0.404371 -0.179059 0.895307
1311870505.412169 1.996931 -0.203808 0.162446 -0.054685 -0.401554 -0.177340 0.896836
1311870505.448014 1.999670 -0.202980 0.148942 -0.056326 -0.396795 -0.178381 0.898644
1311870505.480019 1.993419 -0.201996 0.138950 -0.062996 -0.393711 -0.173928 0.900429
1311870505.512232 1.989137 -0.199255 0.139936 -0.070726 -0.398167 -0.170751 0.898502
1311870505.548014 1.982149 -0.207352 0.146943 -0.077480 -0.402007 -0.174592 0.895491
1311870505.580109 1.969714 -0.210071 0.145877 -0.075973 -0.399846 -0.178318 0.895854
1311870505.612208 1.979420 -0.216506 0.122386 -0.072863 -0.396658 -0.180160 0.897160
1311870505.648216 1.967098 -0.208515 0.126965 -0.066609 -0.390302 -0.185469 0.899349
1311870505.679928 1.965981 -0.220767 0.120233 -0.064432 -0.385295 -0.178485 0.903072
1311870505.712188 1.968879 -0.221063 0.115318 -0.062423 -0.383771 -0.172467 0.905030
1311870505.748044 1.954702 -0.210076 0.110074 -0.061969 -0.383954 -0.171062 0.905250
1311870505.780026 1.951454 -0.210213 0.085453 -0.064695 -0.384913 -0.168655 0.905103
1311870505.812150 1.955297 -0.218581 0.091084 -0.068641 -0.389624 -0.163607 0.903723
1311870505.848080 1.952062 -0.217328 0.072947 -0.069926 -0.387361 -0.163825 0.904557
1311870505.880081 1.950266 -0.222893 0.079813 -0.070710 -0.385825 -0.159186 0.905979
1311870505.912493 1.946449 -0.232373 0.064761 -0.067891 -0.380089 -0.158582 0.908722
1311870505.948256 1.945063 -0.231077 0.054474 -0.064123 -0.376123 -0.157905 0.910761
1311870505.980101 1.940024 -0.231060 0.043897 -0.062099 -0.373524 -0.157500 0.912040
1311870506.012380 1.936788 -0.232631 0.035290 -0.061579 -0.371797 -0.157197 0.912833
1311870506.048206 1.931412 -0.233714 0.028103 -0.062553 -0.371717 -0.156930 0.912845
1311870506.080230 1.926863 -0.242398 0.022886 -0.063163 -0.371640 -0.158255 0.912606
1311870506.112131 1.922602 -0.245836 0.018896 -0.060967 -0.369847 -0.158850 0.913380
1311870506.148026 1.922415 -0.247272 0.015981 -0.058299 -0.367984 -0.157876 0.914475
1311870506.180306 1.913447 -0.249200 0.008214 -0.056231 -0.364608 -0.157300 0.916055
1311870506.212158 1.907502 -0.250424 0.005603 -0.053999 -0.362986 -0.156455 0.916977
1311870506.248184 1.902702 -0.251002 0.000715 -0.052039 -0.361809 -0.155054 0.917793
1311870506.280374 1.895104 -0.252688 -0.008367 -0.051249 -0.359813 -0.155810 0.918494
1311870506.311921 1.889852 -0.251570 -0.009775 -0.051083 -0.359499 -0.154425 0.918860
1311870506.348187 1.885361 -0.247445 -0.012296 -0.051358 -0.360436 -0.152428 0.918811
1311870506.380127 1.882668 -0.249660 -0.005392 -0.053725 -0.363958 -0.151429 0.917451
1311870506.412264 1.878921 -0.256107 0.001330 -0.055805 -0.365494 -0.152099 0.916606
1311870506.448069 1.869760 -0.258382 -0.011023 -0.054542 -0.361986 -0.151958 0.918096
1311870506.480103 1.862637 -0.260837 -0.017137 -0.052676 -0.358984 -0.150457 0.919630
1311870506.512268 1.850718 -0.254730 -0.017175 -0.049980 -0.357496 -0.149409 0.920530
1311870506.548161 1.843777 -0.256028 -0.017419 -0.049676 -0.357764 -0.148801 0.920541
1311870506.580315 1.834770 -0.254384 -0.018992 -0.048355 -0.357005 -0.147385 0.921133
1311870506.612421 1.832885 -0.254417 -0.017446 -0.046661 -0.357053 -0.145986 0.921425
1311870506.648075 1.821072 -0.260857 -0.022888 -0.045812 -0.354053 -0.146437 0.922553
1311870506.680223 1.812758 -0.257000 -0.024031 -0.043828 -0.353244 -0.142964 0.923504
1311870506.712116 1.802305 -0.258974 -0.025340 -0.044583 -0.353402 -0.139118 0.923994
1311870506.748348 1.796507 -0.257324 -0.024389 -0.043411 -0.354924 -0.137444 0.923717
1311870506.780407 1.788250 -0.260758 -0.022431 -0.042045 -0.354940 -0.139974 0.923394
1311870506.812568 1.776053 -0.259687 -0.023423 -0.040065 -0.353663 -0.141683 0.923712
1311870506.848233 1.764168 -0.260608 -0.023677 -0.041081 -0.353411 -0.140220 0.923987
1311870506.880285 1.761620 -0.264178 -0.023278 -0.042762 -0.354933 -0.138662 0.923562
1311870506.912274 1.748802 -0.270759 -0.021496 -0.043458 -0.353667 -0.139866 0.923833
1311870506.948074 1.737615 -0.274309 -0.018261 -0.041253 -0.352136 -0.139248 0.924612
1311870506.980175 1.727829 -0.277028 -0.021338 -0.037425 -0.350414 -0.136982 0.925768
1311870507.012290 1.713682 -0.275833 -0.026645 -0.033639 -0.348865 -0.135904 0.926656
1311870507.048124 1.704913 -0.277832 -0.028274 -0.032706 -0.349327 -0.134132 0.926774
1311870507.080403 1.691986 -0.276863 -0.031697 -0.031265 -0.349625 -0.131087 0.927147
1311870507.112226 1.683150 -0.276615 -0.033844 -0.030411 -0.351534 -0.128543 0.926810
1311870507.148230 1.676479 -0.282744 -0.033146 -0.031858 -0.353504 -0.127342 0.926177
1311870507.180282 1.667817 -0.283053 -0.035362 -0.030743 -0.353442 -0.127062 0.926277
1311870507.212880 1.660510 -0.284149 -0.039596 -0.029748 -0.352457 -0.128301 0.926514
1311870507.248294 1.648311 -0.281867 -0.038876 -0.029564 -0.350929 -0.129752 0.926898
1311870507.280550 1.637937 -0.280947 -0.039805 -0.029782 -0.349961 -0.130599 0.927138
1311870507.312261 1.629146 -0.285797 -0.041752 -0.030304 -0.349736 -0.132939 0.926873
1311870507.348220 1.619493 -0.287471 -0.040893 -0.029970 -0.349336 -0.135190 0.926709
1311870507.380398 1.614942 -0.290286 -0.039275 -0.029862 -0.348405 -0.136076 0.926934
1311870507.412372 1.606559 -0.293812 -0.038237 -0.029836 -0.345055 -0.136698 0.928095
1311870507.448147 1.595555 -0.294559 -0.041483 -0.028779 -0.340074 -0.137299 0.929876
1311870507.480449 1.584038 -0.289919 -0.043699 -0.027947 -0.336511 -0.136791 0.931272
1311870507.512338 1.580501 -0.290819 -0.045370 -0.029807 -0.335488 -0.135456 0.931778
1311870507.548409 1.570285 -0.289042 -0.048895 -0.030994 -0.332947 -0.135628 0.932626
1311870507.580256 1.559799 -0.292305 -0.054266 -0.032352 -0.329438 -0.136078 0.933760
1311870507.612370 1.556890 -0.294738 -0.056932 -0.031950 -0.327037 -0.134512 0.934844
1311870507.648289 1.552773 -0.298199 -0.058905 -0.031741 -0.323411 -0.133774 0.936217
1311870507.680356 1.540172 -0.293876 -0.068344 -0.030216 -0.317879 -0.132666 0.938318
1311870507.712294 1.534209 -0.292727 -0.075939 -0.029787 -0.316031 -0.130460 0.939264
1311870507.748317 1.526030 -0.285651 -0.080199 -0.030387 -0.315258 -0.128054 0.939836
1311870507.780969 1.517606 -0.283970 -0.087844 -0.032925 -0.313822 -0.125693 0.940549
1311870507.812477 1.511631 -0.290557 -0.091491 -0.035905 -0.314156 -0.123025 0.940682
1311870507.848660 1.511219 -0.292902 -0.095065 -0.037325 -0.314616 -0.121331 0.940692
1311870507.881029 1.501272 -0.286696 -0.096722 -0.037327 -0.312211 -0.117495 0.941980
1311870507.912585 1.491110 -0.290618 -0.108457 -0.039124 -0.309077 -0.114238 0.943340
1311870507.948307 1.487768 -0.293914 -0.109986 -0.039956 -0.307976 -0.113719 0.943728
1311870507.980465 1.482761 -0.295256 -0.117693 -0.039798 -0.303892 -0.112946 0.945150
1311870508.012439 1.478122 -0.298920 -0.122425 -0.041143 -0.300997 -0.110314 0.946329
1311870508.048355 1.475415 -0.304130 -0.125965 -0.041750 -0.297843 -0.110466 0.947282
1311870508.080440 1.473137 -0.311292 -0.125764 -0.042263 -0.291913 -0.111169 0.949022
1311870508.112310 1.463160 -0.312167 -0.131778 -0.042732 -0.284973 -0.109195 0.951336
1311870508.148533 1.453280 -0.311537 -0.136671 -0.043565 -0.280829 -0.107735 0.952696
1311870508.180363 1.454035 -0.316939 -0.143659 -0.045830 -0.279170 -0.105101 0.953372
1311870508.216310 1.442629 -0.315509 -0.143731 -0.045661 -0.276017 -0.104787 0.954332
1311870508.248163 1.437084 -0.320090 -0.150020 -0.045696 -0.272972 -0.102335 0.955472
1311870508.280508 1.438121 -0.323262 -0.151256 -0.045060 -0.269759 -0.101603 0.956492
1311870508.316252 1.437223 -0.322828 -0.151404 -0.043553 -0.265393 -0.100995 0.957846
1311870508.348284 1.428867 -0.330684 -0.156870 -0.042841 -0.258987 -0.101759 0.959550
1311870508.380490 1.421144 -0.326020 -0.160638 -0.040328 -0.253546 -0.100277 0.961266
1311870508.416350 1.411575 -0.328935 -0.164819 -0.039700 -0.250193 -0.100004 0.962199
1311870508.448193 1.406215 -0.330168 -0.167073 -0.040002 -0.248252 -0.099615 0.962729
1311870508.480243 1.402145 -0.330223 -0.166975 -0.040640 -0.246766 -0.099435 0.963103
1311870508.516262 1.397543 -0.334091 -0.170694 -0.041799 -0.244069 -0.099817 0.963701
1311870508.548342 1.400063 -0.333616 -0.165831 -0.041525 -0.241924 -0.100857 0.964145
1311870508.580613 1.391812 -0.332601 -0.167084 -0.041437 -0.236836 -0.101442 0.965350
1311870508.616329 1.388612 -0.338674 -0.164306 -0.043191 -0.233242 -0.100334 0.966264
1311870508.648331 1.382682 -0.333351 -0.168294 -0.042462 -0.229762 -0.100923 0.967068
1311870508.680410 1.376444 -0.337435 -0.166380 -0.044498 -0.227228 -0.103678 0.967284
1311870508.716325 1.375230 -0.338669 -0.160954 -0.045538 -0.226606 -0.104104 0.967336
1311870508.748532 1.369606 -0.340554 -0.159663 -0.046918 -0.224429 -0.104302 0.967756
1311870508.780358 1.360163 -0.339863 -0.161082 -0.047649 -0.221170 -0.104077 0.968494
1311870508.816297 1.349613 -0.346319 -0.161695 -0.049478 -0.218709 -0.102726 0.969105
1311870508.848360 1.339637 -0.347663 -0.159337 -0.050359 -0.218595 -0.100046 0.969366
1311870508.880221 1.334435 -0.347544 -0.158036 -0.051065 -0.219646 -0.097939 0.969307
1311870508.916285 1.330229 -0.352388 -0.154963 -0.052235 -0.220296 -0.095321 0.969358
1311870508.948861 1.324341 -0.350446 -0.152897 -0.052070 -0.220256 -0.093528 0.969551
1311870508.980480 1.315615 -0.357861 -0.152220 -0.053671 -0.219471 -0.092988 0.969693
1311870509.016227 1.312080 -0.359536 -0.147716 -0.053871 -0.220133 -0.092509 0.969578
1311870509.049529 1.310959 -0.359882 -0.145381 -0.054166 -0.220088 -0.092121 0.969609
1311870509.081271 1.306229 -0.360029 -0.140960 -0.053999 -0.217453 -0.092625 0.970164
1311870509.116238 1.299671 -0.365371 -0.140038 -0.053476 -0.213935 -0.093194 0.970921
1311870509.148336 1.293360 -0.376857 -0.135754 -0.053624 -0.211566 -0.092455 0.971502
1311870509.180552 1.282838 -0.372057 -0.135797 -0.051187 -0.209625 -0.092111 0.972087
1311870509.216279 1.275405 -0.375823 -0.135633 -0.050792 -0.209625 -0.092877 0.972035
1311870509.248341 1.270176 -0.375340 -0.134194 -0.049257 -0.208968 -0.092407 0.972300
1311870509.280562 1.265573 -0.382396 -0.131611 -0.049498 -0.208084 -0.091420 0.972570
1311870509.316445 1.257417 -0.380025 -0.129108 -0.048405 -0.207076 -0.089690 0.973002
1311870509.348401 1.249839 -0.380013 -0.131102 -0.047941 -0.207404 -0.089015 0.973017
1311870509.380502 1.242867 -0.380461 -0.131798 -0.048063 -0.207396 -0.088869 0.973026
1311870509.417033 1.245887 -0.387981 -0.126278 -0.048226 -0.207329 -0.088679 0.973049
1311870509.448306 1.236449 -0.382791 -0.128086 -0.046026 -0.203981 -0.089069 0.973828
1311870509.480826 1.233658 -0.382062 -0.125360 -0.046678 -0.203048 -0.089855 0.973919
1311870509.516377 1.227502 -0.387046 -0.125618 -0.048314 -0.201566 -0.091230 0.974020
1311870509.548536 1.219744 -0.393126 -0.126525 -0.048655 -0.199004 -0.092682 0.974392
1311870509.580402 1.211995 -0.391188 -0.131747 -0.046604 -0.194962 -0.093352 0.975245
1311870509.616459 1.205654 -0.396895 -0.128905 -0.046780 -0.191641 -0.092077 0.976016
1311870509.648358 1.204213 -0.395802 -0.129068 -0.045690 -0.189426 -0.089912 0.976702
1311870509.680313 1.195590 -0.393371 -0.132315 -0.045491 -0.186628 -0.089058 0.977328
1311870509.716502 1.189909 -0.391058 -0.132642 -0.046056 -0.184439 -0.088956 0.977726
1311870509.748527 1.181269 -0.385255 -0.140527 -0.045195 -0.180146 -0.088647 0.978594
1311870509.780511 1.179314 -0.392430 -0.139021 -0.047121 -0.177508 -0.087868 0.979056
1311870509.816617 1.178473 -0.389872 -0.140725 -0.046758 -0.174312 -0.087935 0.979641
1311870509.848435 1.170439 -0.391527 -0.146234 -0.047879 -0.169370 -0.088762 0.980379
1311870509.880414 1.164432 -0.385593 -0.151146 -0.047601 -0.165230 -0.087518 0.981210
1311870509.916377 1.151336 -0.378353 -0.155643 -0.047386 -0.160948 -0.086420 0.982029
1311870509.948447 1.157265 -0.381585 -0.163905 -0.049687 -0.160834 -0.085494 0.982015
1311870509.980798 1.137063 -0.382149 -0.168322 -0.051497 -0.156144 -0.084085 0.982801
1311870510.016412 1.125752 -0.377726 -0.173379 -0.052032 -0.154282 -0.079490 0.983449
1311870510.048898 1.122901 -0.376524 -0.179557 -0.053428 -0.154284 -0.075381 0.983697
1311870510.080560 1.117506 -0.376156 -0.187072 -0.055852 -0.152292 -0.072510 0.984088
1311870510.116341 1.102196 -0.376470 -0.190510 -0.057967 -0.148483 -0.069209 0.984786
1311870510.148444 1.089433 -0.371524 -0.196220 -0.058782 -0.146050 -0.064997 0.985388
1311870510.180473 1.085067 -0.372167 -0.202856 -0.061362 -0.146923 -0.062111 0.985287
1311870510.216558 1.085427 -0.373307 -0.208438 -0.064029 -0.146978 -0.061118 0.985171
1311870510.248324 1.071824 -0.372037 -0.209597 -0.064351 -0.142024 -0.060828 0.985895
1311870510.280622 1.066180 -0.370705 -0.215412 -0.064513 -0.137672 -0.060126 0.986544
1311870510.316572 1.050568 -0.364526 -0.221399 -0.063819 -0.132862 -0.059449 0.987290
1311870510.348425 1.042069 -0.364314 -0.225398 -0.065071 -0.132043 -0.059083 0.987340
1311870510.380363 1.037764 -0.361791 -0.230133 -0.065815 -0.133487 -0.059224 0.987088
1311870510.416479 1.035187 -0.364427 -0.233351 -0.067547 -0.133552 -0.060024 0.986914
1311870510.448483 1.025016 -0.363808 -0.237326 -0.067337 -0.130993 -0.061421 0.987185
1311870510.480414 1.018651 -0.365005 -0.241543 -0.066688 -0.129125 -0.062505 0.987407
1311870510.516466 1.003233 -0.356510 -0.241898 -0.064334 -0.126442 -0.063531 0.987845
1311870510.548480 0.997233 -0.354603 -0.244857 -0.063828 -0.126221 -0.064405 0.987849
1311870510.580413 0.987045 -0.354714 -0.247676 -0.063402 -0.124818 -0.065600 0.987976
1311870510.616534 0.980658 -0.352701 -0.250272 -0.062380 -0.124211 -0.066262 0.988074
1311870510.648602 0.973139 -0.351125 -0.253269 -0.062078 -0.123877 -0.067205 0.988071
1311870510.680582 0.967042 -0.352183 -0.254660 -0.062527 -0.123913 -0.069138 0.987905
1311870510.716517 0.960946 -0.351371 -0.256906 -0.062073 -0.123178 -0.069774 0.987981
1311870510.748610 0.952117 -0.348182 -0.258342 -0.061429 -0.122865 -0.070474 0.988010
1311870510.780777 0.949339 -0.344823 -0.256367 -0.062119 -0.124343 -0.071055 0.987740
1311870510.816493 0.941174 -0.343024 -0.256554 -0.063232 -0.124144 -0.071855 0.987637
1311870510.848414 0.936176 -0.345069 -0.255010 -0.064490 -0.124766 -0.072307 0.987444
1311870510.880533 0.927084 -0.340650 -0.253462 -0.064703 -0.124489 -0.073154 0.987403
1311870510.916516 0.915765 -0.341590 -0.253196 -0.066164 -0.124695 -0.072747 0.987310
1311870510.948628 0.914884 -0.341120 -0.249877 -0.066704 -0.127488 -0.070158 0.987104
1311870510.980593 0.903785 -0.339782 -0.252268 -0.066822 -0.128637 -0.068823 0.987041
1311870511.016518 0.896502 -0.337401 -0.249819 -0.067166 -0.131303 -0.068247 0.986707
1311870511.048272 0.891695 -0.340171 -0.248607 -0.068605 -0.133046 -0.069078 0.986317
1311870511.080594 0.884026 -0.339909 -0.244155 -0.069127 -0.133021 -0.069257 0.986271
1311870511.116574 0.876789 -0.338610 -0.241218 -0.068624 -0.132786 -0.072332 0.986117
1311870511.148539 0.862031 -0.336557 -0.240649 -0.066843 -0.131463 -0.074864 0.986228
1311870511.180618 0.855892 -0.335717 -0.237525 -0.065466 -0.132897 -0.075490 0.986080
1311870511.216596 0.845081 -0.340590 -0.234023 -0.065809 -0.133402 -0.074313 0.986078
1311870511.248758 0.832575 -0.342517 -0.234124 -0.065016 -0.133722 -0.072832 0.986198
1311870511.280598 0.826760 -0.343773 -0.232892 -0.064969 -0.135632 -0.069946 0.986149
1311870511.316555 0.819357 -0.347707 -0.228986 -0.066089 -0.137153 -0.069074 0.985926
1311870511.348626 0.812172 -0.353716 -0.225269 -0.066153 -0.137725 -0.070855 0.985716
1311870511.380430 0.799721 -0.354703 -0.222570 -0.063357 -0.136076 -0.072922 0.985977
1311870511.416519 0.794291 -0.359167 -0.219751 -0.060839 -0.135584 -0.073891 0.986132
1311870511.448601 0.784249 -0.358346 -0.216814 -0.056714 -0.134151 -0.074285 0.986544
1311870511.481030 0.769997 -0.356285 -0.217188 -0.052797 -0.132999 -0.074719 0.986884
1311870511.516401 0.761172 -0.357346 -0.215860 -0.051627 -0.134571 -0.074489 0.986751
1311870511.548648 0.753154 -0.356729 -0.213157 -0.050269 -0.136019 -0.074238 0.986641
1311870511.580577 0.750165 -0.362975 -0.210662 -0.048601 -0.138020 -0.075244 0.986370
1311870511.616618 0.740488 -0.359752 -0.208381 -0.045513 -0.136695 -0.074507 0.986758
1311870511.648634 0.732823 -0.357303 -0.207862 -0.044312 -0.135131 -0.072411 0.987184
1311870511.680528 0.725266 -0.358353 -0.203205 -0.045370 -0.135010 -0.070879 0.987264
1311870511.716482 0.718495 -0.354179 -0.202346 -0.045876 -0.135462 -0.070906 0.987177
1311870511.749418 0.713499 -0.356819 -0.199815 -0.048361 -0.135473 -0.071054 0.987046
1311870511.780714 0.710231 -0.355024 -0.196458 -0.049158 -0.133339 -0.072486 0.987193
1311870511.816641 0.703054 -0.356166 -0.193545 -0.050006 -0.129478 -0.073873 0.987561
1311870511.848452 0.694067 -0.353335 -0.190172 -0.050189 -0.125386 -0.075399 0.987965
1311870511.880710 0.688628 -0.348256 -0.186938 -0.049979 -0.123617 -0.076235 0.988134
1311870511.916572 0.679832 -0.345223 -0.188014 -0.052011 -0.121021 -0.076464 0.988333
1311870511.948849 0.674376 -0.344161 -0.185517 -0.053483 -0.119073 -0.076770 0.988467
1311870511.980637 0.670841 -0.344711 -0.184169 -0.054265 -0.116187 -0.077298 0.988727
1311870512.016557 0.665490 -0.344619 -0.183219 -0.054274 -0.112321 -0.077341 0.989170
1311870512.049201 0.656755 -0.340616 -0.185212 -0.053943 -0.107870 -0.076491 0.989749
1311870512.080554 0.651031 -0.335829 -0.186162 -0.054874 -0.104160 -0.074195 0.990270
1311870512.116670 0.644867 -0.333598 -0.186990 -0.056814 -0.101037 -0.072643 0.990599
1311870512.148844 0.635756 -0.329680 -0.189230 -0.058049 -0.097116 -0.071872 0.990976
1311870512.180555 0.632559 -0.328364 -0.193012 -0.059464 -0.094450 -0.070764 0.991229
1311870512.216636 0.624839 -0.323713 -0.194942 -0.060221 -0.090743 -0.068899 0.991661
1311870512.248891 0.616008 -0.321116 -0.199616 -0.061341 -0.087943 -0.067450 0.991944
1311870512.280825 0.611431 -0.319407 -0.204105 -0.062376 -0.086367 -0.065159 0.992171
1311870512.316616 0.601722 -0.321379 -0.209037 -0.063983 -0.083214 -0.063460 0.992449
1311870512.348749 0.592067 -0.316517 -0.214377 -0.063977 -0.080195 -0.060623 0.992875
1311870512.380530 0.583583 -0.313954 -0.219200 -0.064417 -0.078507 -0.056935 0.993200
1311870512.416611 0.577977 -0.311350 -0.225230 -0.065181 -0.078178 -0.053627 0.993360
1311870512.448649 0.573499 -0.308779 -0.231100 -0.065738 -0.077471 -0.050815 0.993526
1311870512.480873 0.561707 -0.308602 -0.238081 -0.066558 -0.074819 -0.048869 0.993773
1311870512.516478 0.554339 -0.304977 -0.244104 -0.066131 -0.073676 -0.046588 0.993996
1311870512.549111 0.548100 -0.302307 -0.251601 -0.066215 -0.072992 -0.044657 0.994130
1311870512.580550 0.540845 -0.298282 -0.256946 -0.065598 -0.072106 -0.043632 0.994281
1311870512.616585 0.532216 -0.290558 -0.260116 -0.064201 -0.069735 -0.043616 0.994542
1311870512.648878 0.525780 -0.283424 -0.265380 -0.062803 -0.067857 -0.043527 0.994765
1311870512.680697 0.521887 -0.281257 -0.271290 -0.062763 -0.066378 -0.043261 0.994879
1311870512.716466 0.514928 -0.277257 -0.275294 -0.062267 -0.064171 -0.043279 0.995054
1311870512.748564 0.509782 -0.274116 -0.280576 -0.061891 -0.062066 -0.043276 0.995211
1311870512.780680 0.503556 -0.270011 -0.282145 -0.060939 -0.060192 -0.043206 0.995388
1311870512.816492 0.499371 -0.267713 -0.287037 -0.060054 -0.058996 -0.043453 0.995502
1311870512.848544 0.494261 -0.262694 -0.288045 -0.058786 -0.057099 -0.042924 0.995711
1311870512.880656 0.488428 -0.262633 -0.294397 -0.057424 -0.054539 -0.044817 0.995851
1311870512.916597 0.484858 -0.260146 -0.300329 -0.055916 -0.052941 -0.045381 0.995998
1311870512.948751 0.477162 -0.255401 -0.300509 -0.054883 -0.051608 -0.045277 0.996130
1311870512.980644 0.472567 -0.253191 -0.303988 -0.054143 -0.051775 -0.045113 0.996169
1311870513.017021 0.471972 -0.249436 -0.302342 -0.053532 -0.053485 -0.043254 0.996194
1311870513.048599 0.464408 -0.248689 -0.306947 -0.052681 -0.052686 -0.043974 0.996251
1311870513.080592 0.462804 -0.245886 -0.311025 -0.051154 -0.052292 -0.045539 0.996281
1311870513.116693 0.457318 -0.242498 -0.307050 -0.048832 -0.050397 -0.049078 0.996327
1311870513.148876 0.451639 -0.235762 -0.307597 -0.046069 -0.048450 -0.052186 0.996397
1311870513.180660 0.447475 -0.232978 -0.308411 -0.044553 -0.047547 -0.054577 0.996381
1311870513.217798 0.438811 -0.228052 -0.304889 -0.043226 -0.046611 -0.056596 0.996371
1311870513.248768 0.432128 -0.219628 -0.304575 -0.042338 -0.047176 -0.056746 0.996374
1311870513.280795 0.425383 -0.213308 -0.302766 -0.043066 -0.049082 -0.056368 0.996273
1311870513.316689 0.420112 -0.212011 -0.301226 -0.044062 -0.052159 -0.055303 0.996132
1311870513.348727 0.414116 -0.210432 -0.299254 -0.045927 -0.055341 -0.054346 0.995929
1311870513.380578 0.407930 -0.198567 -0.294277 -0.045547 -0.058174 -0.051954 0.995913
1311870513.416927 0.403037 -0.195621 -0.292801 -0.046508 -0.062125 -0.049847 0.995737
1311870513.448685 0.399168 -0.192062 -0.294718 -0.046713 -0.065362 -0.048363 0.995594
1311870513.480618 0.399666 -0.185541 -0.290098 -0.047274 -0.067464 -0.045709 0.995552
1311870513.516695 0.392495 -0.193300 -0.287953 -0.050445 -0.066622 -0.047005 0.995393
1311870513.549145 0.389300 -0.189980 -0.274320 -0.050678 -0.065260 -0.046790 0.995482
1311870513.580726 0.383368 -0.188322 -0.273255 -0.050393 -0.060867 -0.046568 0.995785
1311870513.616593 0.381577 -0.186746 -0.270619 -0.050048 -0.056290 -0.044427 0.996169
1311870513.648886 0.377643 -0.180432 -0.266843 -0.048829 -0.051192 -0.042182 0.996602
1311870513.680668 0.371837 -0.181142 -0.264254 -0.049148 -0.047821 -0.041967 0.996763
1311870513.716551 0.369197 -0.177069 -0.260694 -0.048046 -0.047083 -0.041294 0.996880
1311870513.748940 0.355959 -0.174864 -0.244622 -0.047557 -0.044741 -0.042063 0.996979
1311870513.780628 0.353679 -0.172690 -0.241704 -0.047370 -0.044485 -0.040870 0.997049
1311870513.817448 0.349166 -0.173073 -0.239939 -0.047371 -0.044049 -0.039210 0.997135
1311870513.848769 0.348741 -0.172153 -0.237715 -0.047217 -0.044084 -0.037460 0.997208
1311870513.880831 0.345638 -0.168019 -0.234778 -0.045970 -0.041577 -0.036538 0.997408
1311870513.916620 0.342493 -0.168180 -0.234828 -0.046349 -0.038774 -0.036920 0.997489
1311870513.948819 0.340259 -0.163307 -0.237037 -0.045924 -0.036104 -0.037546 0.997586
1311870513.981164 0.329107 -0.161424 -0.226831 -0.047422 -0.033467 -0.039250 0.997542
1311870514.016691 0.323324 -0.160388 -0.224949 -0.048942 -0.034033 -0.040267 0.997409
1311870514.048717 0.322526 -0.157544 -0.227297 -0.049254 -0.034772 -0.040521 0.997358
1311870514.080776 0.319528 -0.155296 -0.227014 -0.050446 -0.033678 -0.039551 0.997375
1311870514.116775 0.312141 -0.154019 -0.222561 -0.052007 -0.030823 -0.040926 0.997332
1311870514.148748 0.310196 -0.148731 -0.223027 -0.052126 -0.028908 -0.041422 0.997362
1311870514.181035 0.305652 -0.145314 -0.224503 -0.053205 -0.026656 -0.042455 0.997325
1311870514.216614 0.299981 -0.143098 -0.224531 -0.055376 -0.024759 -0.043284 0.997220
1311870514.248703 0.297711 -0.140483 -0.222857 -0.057549 -0.024323 -0.042774 0.997129
1311870514.280757 0.290149 -0.139300 -0.224196 -0.058563 -0.023005 -0.043561 0.997067
1311870514.316734 0.284335 -0.135961 -0.225080 -0.058754 -0.022307 -0.043931 0.997056
1311870514.348655 0.277295 -0.129674 -0.227575 -0.059494 -0.021778 -0.042710 0.997077
1311870514.380725 0.271706 -0.121133 -0.226769 -0.060918 -0.023075 -0.040971 0.997035
1311870514.416768 0.266806 -0.115538 -0.229441 -0.064342 -0.024083 -0.039733 0.996846
1311870514.449389 0.264038 -0.114284 -0.232251 -0.069030 -0.024121 -0.037459 0.996619
1311870514.480759 0.255275 -0.108120 -0.234487 -0.071906 -0.021729 -0.034081 0.996592
1311870514.516662 0.246641 -0.105781 -0.235438 -0.073850 -0.019485 -0.031578 0.996579
1311870514.548705 0.240240 -0.104139 -0.238950 -0.074926 -0.017406 -0.029901 0.996589
1311870514.580866 0.232688 -0.101921 -0.242534 -0.074864 -0.015401 -0.028835 0.996658
1311870514.616608 0.222434 -0.100209 -0.247316 -0.074010 -0.014165 -0.027373 0.996781
1311870514.649213 0.215038 -0.097064 -0.254321 -0.073051 -0.013735 -0.026100 0.996892
1311870514.680698 0.208642 -0.095915 -0.257836 -0.072365 -0.012845 -0.023959 0.997008
1311870514.716874 0.202922 -0.092444 -0.262432 -0.070886 -0.011121 -0.020573 0.997210
1311870514.748716 0.196215 -0.090415 -0.266361 -0.070581 -0.007898 -0.018781 0.997298
1311870514.780725 0.190099 -0.088160 -0.275161 -0.070466 -0.004468 -0.017351 0.997353
1311870514.816669 0.183224 -0.085655 -0.279016 -0.069927 0.000111 -0.015905 0.997425
1311870514.848851 0.175856 -0.081722 -0.283398 -0.070206 0.004547 -0.014799 0.997412
1311870514.880752 0.170760 -0.079270 -0.287981 -0.070785 0.008415 -0.014258 0.997354
1311870514.917136 0.170031 -0.076541 -0.288715 -0.070796 0.011500 -0.012527 0.997346
1311870514.948944 0.160675 -0.068278 -0.294415 -0.069945 0.015751 -0.012609 0.997347
1311870514.980839 0.155597 -0.064810 -0.296872 -0.071374 0.017438 -0.012057 0.997224
1311870515.016762 0.151203 -0.062865 -0.300430 -0.073010 0.019205 -0.011573 0.997079
1311870515.049229 0.148651 -0.060052 -0.305343 -0.074780 0.019854 -0.011054 0.996941
1311870515.080871 0.141954 -0.057520 -0.308268 -0.076303 0.021898 -0.011402 0.996779
1311870515.116742 0.138297 -0.057120 -0.310514 -0.077293 0.023726 -0.011004 0.996665
1311870515.149061 0.133081 -0.054748 -0.311596 -0.077096 0.026193 -0.011007 0.996619
1311870515.180825 0.128404 -0.054945 -0.309987 -0.077239 0.028035 -0.011140 0.996556
1311870515.217051 0.124611 -0.052307 -0.312807 -0.076742 0.030036 -0.009978 0.996549
1311870515.249086 0.122609 -0.051273 -0.317829 -0.077089 0.030445 -0.008777 0.996521
1311870515.280873 0.117575 -0.048709 -0.316148 -0.076880 0.031331 -0.007731 0.996518
1311870515.316924 0.115159 -0.047106 -0.316955 -0.076311 0.031652 -0.007985 0.996550
1311870515.348984 0.111303 -0.044337 -0.312787 -0.076191 0.032624 -0.007813 0.996529
1311870515.380828 0.108874 -0.042835 -0.315184 -0.076609 0.034387 -0.006557 0.996447
1311870515.416977 0.103106 -0.043255 -0.314965 -0.076722 0.036593 -0.006440 0.996360
1311870515.448730 0.100828 -0.041359 -0.311340 -0.076578 0.038244 -0.007016 0.996305
1311870515.480677 0.097674 -0.040139 -0.309897 -0.076407 0.040517 -0.006678 0.996231
1311870515.516884 0.097603 -0.033963 -0.307078 -0.075728 0.041369 -0.003021 0.996265
1311870515.548761 0.099194 -0.036379 -0.305709 -0.077544 0.043437 0.002711 0.996039
1311870515.580786 0.095842 -0.030652 -0.301188 -0.077185 0.047483 0.006299 0.995866
1311870515.616782 0.095075 -0.031072 -0.300053 -0.078421 0.049797 0.007557 0.995647
1311870515.648822 0.092189 -0.024740 -0.289984 -0.078647 0.051724 0.011232 0.995496
1311870515.681287 0.088085 -0.019573 -0.283976 -0.080087 0.053733 0.014002 0.995240
1311870515.717139 0.091145 -0.019391 -0.280858 -0.083145 0.055463 0.014979 0.994880
1311870515.748708 0.090171 -0.019603 -0.273952 -0.083435 0.059881 0.016094 0.994582
1311870515.780993 0.089133 -0.017239 -0.265621 -0.081965 0.064279 0.017244 0.994411
1311870515.816887 0.086937 -0.013710 -0.263601 -0.080576 0.068458 0.017921 0.994233
1311870515.848866 0.087117 -0.013603 -0.257713 -0.080372 0.071393 0.018615 0.994031
1311870515.881091 0.079079 -0.008300 -0.248517 -0.078264 0.075883 0.018474 0.993869
1311870515.916993 0.080856 -0.005573 -0.249791 -0.078464 0.077326 0.015159 0.993798
1311870515.949225 0.076592 -0.004271 -0.245422 -0.079575 0.078214 0.009320 0.993712
1311870515.980823 0.072945 -0.002593 -0.243187 -0.080438 0.078505 0.003483 0.993657
1311870516.017108 0.068126 -0.000538 -0.236362 -0.080997 0.078967 0.001604 0.993580
1311870516.048597 0.060674 0.005088 -0.226549 -0.079447 0.079324 -0.001192 0.993677
1311870516.080984 0.064032 0.004201 -0.232213 -0.080377 0.078147 -0.005010 0.993684
1311870516.117447 0.065742 0.005786 -0.226249 -0.080568 0.079815 -0.004301 0.993539
1311870516.148896 0.062743 0.005140 -0.227782 -0.078585 0.083773 -0.002232 0.993379
1311870516.180811 0.062169 0.010901 -0.224463 -0.076939 0.086503 -0.001825 0.993275
1311870516.217019 0.060170 0.011123 -0.223429 -0.076692 0.089138 -0.001314 0.993061
1311870516.249677 0.056682 0.011046 -0.223975 -0.075670 0.092067 0.000585 0.992873
1311870516.280715 0.054483 0.017422 -0.223164 -0.074964 0.094062 0.001732 0.992739
1311870516.317211 0.051698 0.015422 -0.221454 -0.076254 0.095516 0.000060 0.992503
1311870516.348809 0.047136 0.016206 -0.222661 -0.074867 0.097917 -0.001116 0.992374
1311870516.380720 0.043616 0.019936 -0.223979 -0.073847 0.099627 -0.002453 0.992278
1311870516.416952 0.042929 0.020789 -0.224726 -0.075306 0.101558 -0.005001 0.991963
1311870516.448748 0.041821 0.024297 -0.223727 -0.076005 0.104135 -0.005721 0.991638
1311870516.480805 0.034884 0.030806 -0.225899 -0.077293 0.107235 -0.006367 0.991204
1311870516.516852 0.031515 0.033120 -0.226684 -0.081296 0.108258 -0.004308 0.990784
1311870516.549071 0.026378 0.041110 -0.228278 -0.084564 0.109451 -0.004422 0.990379
1311870516.581144 0.023494 0.043088 -0.231540 -0.088415 0.111447 -0.004936 0.989817
1311870516.616924 0.018134 0.047202 -0.231963 -0.091655 0.114360 -0.004574 0.989192
1311870516.648987 0.012659 0.047679 -0.232250 -0.095484 0.115563 -0.005110 0.988687
1311870516.680804 0.008113 0.045853 -0.237370 -0.098187 0.115368 -0.004963 0.988446
1311870516.716713 0.002756 0.050854 -0.242811 -0.098536 0.116140 -0.003674 0.988326
1311870516.748807 -0.002114 0.050753 -0.243967 -0.100158 0.117861 -0.001826 0.987965
1311870516.780766 -0.005918 0.052054 -0.246069 -0.100543 0.119244 0.000867 0.987761
1311870516.817369 -0.013712 0.050467 -0.251901 -0.101504 0.121165 0.003877 0.987421
1311870516.848747 -0.019434 0.053670 -0.255769 -0.100568 0.122585 0.006595 0.987327
1311870516.880949 -0.022914 0.048505 -0.258259 -0.101131 0.122857 0.008975 0.987217
1311870516.916808 -0.035002 0.052827 -0.268162 -0.098721 0.125113 0.009748 0.987171
1311870516.949269 -0.042329 0.055343 -0.271656 -0.097377 0.126050 0.012084 0.987159
1311870516.980822 -0.048364 0.052388 -0.279039 -0.096918 0.126208 0.013409 0.987167
1311870517.016940 -0.057495 0.054815 -0.284062 -0.097040 0.127176 0.016104 0.986991
1311870517.048730 -0.067730 0.056552 -0.284769 -0.098376 0.127196 0.018950 0.986805
1311870517.080915 -0.075644 0.056530 -0.291463 -0.099175 0.125880 0.022610 0.986817
1311870517.117578 -0.079854 0.055340 -0.297847 -0.099655 0.124441 0.024626 0.986903
1311870517.148913 -0.087026 0.055997 -0.303075 -0.099532 0.124934 0.024937 0.986845
1311870517.180897 -0.092770 0.059351 -0.306920 -0.098929 0.125538 0.025530 0.986814
1311870517.216791 -0.101319 0.061197 -0.313097 -0.098577 0.126119 0.025567 0.986774
1311870517.248937 -0.103725 0.062322 -0.318668 -0.098807 0.125942 0.024801 0.986793
1311870517.280881 -0.108376 0.064778 -0.322039 -0.099635 0.127463 0.023248 0.986552
1311870517.316941 -0.115161 0.065314 -0.324271 -0.100491 0.128860 0.021853 0.986316
1311870517.349257 -0.118833 0.064163 -0.327533 -0.101380 0.128541 0.022125 0.986261
1311870517.385883 -0.121796 0.065530 -0.331364 -0.101425 0.128724 0.022279 0.986229
1311870517.417034 -0.123739 0.066601 -0.333600 -0.101162 0.129621 0.021864 0.986147
1311870517.448895 -0.129056 0.066461 -0.337965 -0.100853 0.130774 0.021653 0.986031
1311870517.484795 -0.134220 0.069272 -0.341480 -0.100007 0.131585 0.021483 0.986013
1311870517.523738 -0.137280 0.069658 -0.338457 -0.100262 0.132039 0.021131 0.985934
1311870517.549778 -0.135058 0.068060 -0.343301 -0.100365 0.131393 0.019342 0.986047
1311870517.584888 -0.138070 0.068775 -0.341586 -0.100027 0.133587 0.016327 0.985841
1311870517.618659 -0.141297 0.067185 -0.345100 -0.100410 0.135615 0.015418 0.985540
1311870517.648922 -0.143447 0.065301 -0.344867 -0.101720 0.137121 0.016878 0.985173
1311870517.684853 -0.145138 0.065108 -0.342765 -0.102412 0.138128 0.018304 0.984935
1311870517.716957 -0.148552 0.067530 -0.340285 -0.102942 0.139748 0.019266 0.984633
1311870517.749021 -0.149488 0.069508 -0.336833 -0.103935 0.140689 0.019383 0.984392
1311870517.786038 -0.153355 0.067897 -0.332641 -0.105224 0.141822 0.019232 0.984096
1311870517.816955 -0.152964 0.067072 -0.326066 -0.105943 0.141472 0.018446 0.984084
1311870517.848849 -0.156204 0.066769 -0.325855 -0.106653 0.141867 0.018907 0.983942
1311870517.884894 -0.157615 0.064640 -0.316782 -0.107129 0.141493 0.019760 0.983927
1311870517.916815 -0.160681 0.066745 -0.312996 -0.108028 0.140986 0.020099 0.983895
1311870517.948937 -0.157975 0.063697 -0.304497 -0.110092 0.139580 0.021580 0.983835
1311870517.984866 -0.160789 0.058675 -0.301145 -0.111234 0.140075 0.023334 0.983596
1311870518.016692 -0.161406 0.057552 -0.297020 -0.111431 0.139704 0.025862 0.983563
1311870518.048901 -0.165337 0.056863 -0.288051 -0.111093 0.139776 0.027325 0.983552
1311870518.084929 -0.167841 0.054253 -0.285316 -0.110917 0.139106 0.029349 0.983608
1311870518.116926 -0.164548 0.052026 -0.279661 -0.110796 0.138745 0.030677 0.983633
1311870518.148942 -0.164883 0.050125 -0.274539 -0.110923 0.140114 0.030802 0.983420
1311870518.184855 -0.164251 0.047626 -0.267154 -0.111044 0.140839 0.030479 0.983313
1311870518.216804 -0.163363 0.047567 -0.261137 -0.110159 0.142020 0.029109 0.983284
1311870518.248863 -0.163004 0.042595 -0.258661 -0.110426 0.144020 0.029009 0.982966
1311870518.284884 -0.163642 0.041093 -0.254209 -0.109270 0.147039 0.029552 0.982632
1311870518.317116 -0.163451 0.038253 -0.249278 -0.108722 0.149552 0.031547 0.982252
1311870518.348887 -0.161605 0.037969 -0.244498 -0.108342 0.150918 0.032733 0.982046
1311870518.385605 -0.165373 0.037071 -0.238325 -0.108703 0.152598 0.032597 0.981751
1311870518.417149 -0.167291 0.032703 -0.233645 -0.109491 0.152828 0.031253 0.981671
1311870518.448787 -0.166686 0.032166 -0.232094 -0.107688 0.152730 0.027911 0.981987
1311870518.484955 -0.169801 0.032715 -0.234713 -0.106073 0.155123 0.024280 0.981884
1311870518.516903 -0.169251 0.033727 -0.230781 -0.106574 0.157614 0.024247 0.981434
1311870518.549524 -0.172251 0.033454 -0.228290 -0.108539 0.159602 0.025340 0.980869
1311870518.586884 -0.174414 0.031093 -0.226920 -0.111283 0.160033 0.027297 0.980439
1311870518.616963 -0.172106 0.034603 -0.224305 -0.111059 0.160257 0.029369 0.980368
1311870518.649051 -0.174545 0.032155 -0.224770 -0.112545 0.161974 0.032477 0.979818
1311870518.684945 -0.178450 0.031700 -0.222761 -0.113223 0.164256 0.034199 0.979301
1311870518.717002 -0.178779 0.031632 -0.225049 -0.113650 0.165745 0.034995 0.978973
1311870518.748852 -0.183412 0.028031 -0.224425 -0.115321 0.168940 0.035753 0.978204
1311870518.791123 -0.187604 0.030304 -0.221846 -0.114554 0.171130 0.036424 0.977888
1311870518.816898 -0.193744 0.030834 -0.224886 -0.113978 0.172653 0.037823 0.977635
1311870518.848913 -0.196686 0.030008 -0.227715 -0.114287 0.174269 0.039021 0.977265
1311870518.884981 -0.201378 0.030696 -0.229689 -0.113090 0.177264 0.040800 0.976792
1311870518.916862 -0.213246 0.025079 -0.234669 -0.113042 0.181621 0.041842 0.975953
1311870518.949027 -0.219154 0.025881 -0.238428 -0.112059 0.184282 0.043528 0.975494
1311870518.984982 -0.224301 0.029113 -0.240025 -0.110502 0.186782 0.045954 0.975085
1311870519.017077 -0.233126 0.027835 -0.248815 -0.110365 0.189367 0.049758 0.974415
1311870519.049840 -0.238917 0.033874 -0.251520 -0.110425 0.191843 0.052516 0.973779
1311870519.084921 -0.243670 0.036242 -0.252411 -0.111557 0.194087 0.055634 0.973031
1311870519.117024 -0.253410 0.036026 -0.256109 -0.112862 0.196779 0.057628 0.972224
1311870519.149934 -0.259532 0.038908 -0.258151 -0.112265 0.198958 0.058232 0.971813
1311870519.184993 -0.268759 0.039947 -0.263399 -0.113149 0.200617 0.060731 0.971217
1311870519.216985 -0.275610 0.037370 -0.266411 -0.114717 0.201021 0.062769 0.970820
1311870519.251968 -0.282196 0.039582 -0.272085 -0.114892 0.201921 0.063788 0.970546
1311870519.285449 -0.288296 0.041174 -0.273606 -0.115015 0.203917 0.065316 0.970012
1311870519.317000 -0.302285 0.040908 -0.276532 -0.115169 0.207078 0.066451 0.969247
1311870519.352072 -0.307440 0.041324 -0.282093 -0.115926 0.207053 0.067227 0.969108
1311870519.385668 -0.314281 0.041004 -0.284172 -0.116074 0.208675 0.068673 0.968641
1311870519.417023 -0.321443 0.040605 -0.288149 -0.116194 0.210450 0.070214 0.968132
1311870519.452771 -0.325529 0.044933 -0.290283 -0.114944 0.211818 0.070465 0.967965
1311870519.485733 -0.331457 0.044309 -0.295452 -0.115247 0.214198 0.072126 0.967282
1311870519.517127 -0.337242 0.044595 -0.296309 -0.116382 0.215755 0.074058 0.966654
1311870519.551772 -0.344228 0.048951 -0.296711 -0.116434 0.216569 0.075180 0.966379
1311870519.585163 -0.349077 0.049917 -0.303205 -0.118790 0.217008 0.076366 0.965901
1311870519.616985 -0.357167 0.051770 -0.303615 -0.120731 0.218690 0.077610 0.965181
1311870519.653136 -0.362673 0.051559 -0.306707 -0.123188 0.218509 0.076814 0.964976
1311870519.684937 -0.365734 0.052262 -0.306073 -0.125784 0.218248 0.074933 0.964848
1311870519.716946 -0.369587 0.053265 -0.304349 -0.127520 0.219517 0.073748 0.964423
1311870519.750489 -0.376990 0.051947 -0.308746 -0.128433 0.220562 0.073058 0.964116
1311870519.784901 -0.380371 0.052516 -0.308504 -0.128438 0.221143 0.071624 0.964090
1311870519.817010 -0.382008 0.051737 -0.312324 -0.128215 0.222002 0.071233 0.963951
1311870519.851306 -0.382774 0.057242 -0.315728 -0.128252 0.225870 0.068860 0.963220
1311870519.884968 -0.383894 0.052804 -0.314058 -0.129903 0.233146 0.067967 0.961327
1311870519.917266 -0.389507 0.054697 -0.308351 -0.127940 0.238520 0.071994 0.959977
1311870519.952668 -0.396941 0.056137 -0.305596 -0.128768 0.239687 0.075170 0.959332
1311870519.985059 -0.398228 0.055730 -0.299711 -0.131319 0.238146 0.077052 0.959221
1311870520.016963 -0.398329 0.054105 -0.301069 -0.134113 0.237102 0.078872 0.958945
1311870520.053141 -0.399412 0.053480 -0.299693 -0.135510 0.237224 0.079327 0.958681
1311870520.084858 -0.402501 0.054966 -0.296799 -0.136215 0.237952 0.080318 0.958318
1311870520.116996 -0.403707 0.053511 -0.293471 -0.137762 0.238652 0.080672 0.957893
1311870520.150022 -0.405099 0.056351 -0.290322 -0.138330 0.239005 0.080788 0.957713
1311870520.185705 -0.403902 0.055489 -0.283184 -0.139005 0.238513 0.081768 0.957655
1311870520.217057 -0.408466 0.055942 -0.280612 -0.139509 0.239345 0.080146 0.957511
1311870520.250180 -0.407968 0.055666 -0.275176 -0.140049 0.239269 0.081080 0.957373
1311870520.285839 -0.410384 0.056124 -0.265848 -0.139880 0.239329 0.081031 0.957387
1311870520.317888 -0.411143 0.056595 -0.264394 -0.140137 0.238277 0.083041 0.957439
1311870520.354406 -0.410233 0.056515 -0.258152 -0.140676 0.237719 0.084980 0.957329
1311870520.384950 -0.411298 0.057612 -0.254255 -0.141309 0.238352 0.086662 0.956927
1311870520.421786 -0.411081 0.057003 -0.247746 -0.143220 0.238930 0.088044 0.956373
1311870520.451179 -0.411175 0.056074 -0.238941 -0.143823 0.239668 0.090068 0.955909
1311870520.485176 -0.409447 0.056281 -0.234738 -0.142978 0.239477 0.092217 0.955879
1311870520.517498 -0.408778 0.055491 -0.230540 -0.143358 0.241180 0.094893 0.955131
1311870520.552145 -0.408227 0.053696 -0.225324 -0.144787 0.243691 0.098132 0.953951
1311870520.584912 -0.406691 0.050243 -0.217613 -0.144858 0.245204 0.098507 0.953513
1311870520.617214 -0.404737 0.048768 -0.214952 -0.143495 0.247098 0.097503 0.953334
1311870520.650283 -0.403019 0.045505 -0.208491 -0.141797 0.250709 0.096926 0.952704
1311870520.685030 -0.403734 0.046515 -0.202056 -0.139609 0.253893 0.096864 0.952190
1311870520.720361 -0.404854 0.045098 -0.197309 -0.139015 0.254688 0.097149 0.952035
1311870520.749570 -0.406414 0.044460 -0.194689 -0.139255 0.254278 0.097199 0.952105
1311870520.785066 -0.406550 0.043342 -0.188610 -0.139633 0.254024 0.098271 0.952007
1311870520.817755 -0.408314 0.040262 -0.184433 -0.140411 0.253380 0.098297 0.952062
1311870520.850972 -0.410196 0.042843 -0.179181 -0.140431 0.252509 0.097433 0.952379
1311870520.884996 -0.411513 0.041829 -0.174594 -0.141036 0.251575 0.097199 0.952560
1311870520.918471 -0.411283 0.040460 -0.169706 -0.142003 0.251147 0.097254 0.952524
1311870520.949392 -0.411478 0.038324 -0.168323 -0.143076 0.251561 0.097751 0.952203
1311870520.985090 -0.413362 0.035644 -0.161787 -0.143677 0.252609 0.098066 0.951803
1311870521.017445 -0.415545 0.034996 -0.157839 -0.142382 0.252726 0.098945 0.951875
1311870521.051337 -0.414239 0.030706 -0.156890 -0.142755 0.252237 0.100149 0.951823
1311870521.085046 -0.414956 0.032964 -0.151794 -0.140391 0.254068 0.100403 0.951661
1311870521.118649 -0.417359 0.027479 -0.151707 -0.140790 0.255966 0.102230 0.950899
1311870521.152391 -0.419499 0.026835 -0.150079 -0.139457 0.257785 0.104297 0.950379
1311870521.185010 -0.420686 0.026686 -0.146362 -0.139225 0.259635 0.106131 0.949706
1311870521.220198 -0.421396 0.026323 -0.143905 -0.139295 0.261915 0.107861 0.948875
1311870521.250068 -0.422269 0.024199 -0.144168 -0.140136 0.265189 0.109147 0.947694
1311870521.285069 -0.423139 0.024753 -0.143853 -0.138019 0.271702 0.107726 0.946321
1311870521.321107 -0.429378 0.017929 -0.136574 -0.137434 0.281356 0.108597 0.943482
1311870521.349914 -0.436068 0.024302 -0.130776 -0.134320 0.286980 0.111444 0.941903
1311870521.385056 -0.441869 0.021083 -0.128763 -0.135557 0.288673 0.112669 0.941062
1311870521.418191 -0.445570 0.020917 -0.127637 -0.135613 0.290164 0.115375 0.940267
1311870521.451020 -0.450055 0.020496 -0.123434 -0.135461 0.293686 0.118433 0.938814
1311870521.485101 -0.458655 0.016853 -0.124087 -0.136398 0.298135 0.120720 0.936983
1311870521.518793 -0.465112 0.014215 -0.118220 -0.135954 0.302007 0.123201 0.935484
1311870521.550328 -0.473999 0.005357 -0.116302 -0.134438 0.305331 0.126650 0.934162
1311870521.589723 -0.479173 0.005776 -0.117450 -0.130098 0.307879 0.128678 0.933663
1311870521.618815 -0.484410 0.001711 -0.118388 -0.129176 0.312405 0.132123 0.931805
1311870521.653703 -0.492514 0.004783 -0.115097 -0.127154 0.317904 0.137820 0.929395
1311870521.686096 -0.498113 -0.000998 -0.115678 -0.127444 0.321524 0.145151 0.926990
1311870521.720829 -0.505816 0.001507 -0.110504 -0.125178 0.326080 0.150240 0.924895
1311870521.751009 -0.511804 0.002324 -0.107504 -0.124053 0.329105 0.153256 0.923479
1311870521.786592 -0.517931 -0.000952 -0.106356 -0.124424 0.331559 0.155268 0.922214
1311870521.822012 -0.526946 -0.000845 -0.106377 -0.124330 0.334426 0.158030 0.920721
1311870521.851559 -0.533294 -0.001004 -0.101314 -0.124212 0.337358 0.159701 0.919378
1311870521.885620 -0.541046 -0.000370 -0.095383 -0.124659 0.341394 0.160027 0.917770
1311870521.917848 -0.546462 -0.002644 -0.092782 -0.125175 0.344191 0.161221 0.916445
1311870521.950099 -0.552255 -0.002855 -0.092034 -0.124217 0.346972 0.163491 0.915124
1311870521.986235 -0.556641 -0.001686 -0.091509 -0.123805 0.349384 0.166141 0.913784
1311870522.018390 -0.565689 -0.000110 -0.087031 -0.123997 0.353292 0.167345 0.912033
1311870522.050693 -0.568460 -0.002729 -0.088823 -0.124793 0.354356 0.170117 0.910999
1311870522.086425 -0.574509 0.000518 -0.083018 -0.124286 0.357841 0.171732 0.909402
1311870522.118618 -0.579582 -0.000751 -0.079695 -0.124352 0.360690 0.172955 0.908034
1311870522.150721 -0.584509 -0.001212 -0.079383 -0.124399 0.362586 0.174121 0.907049
1311870522.189104 -0.588535 -0.000405 -0.075083 -0.125553 0.364617 0.174691 0.905966
1311870522.218590 -0.592138 -0.001215 -0.070483 -0.127189 0.366411 0.174844 0.904984
1311870522.250422 -0.595122 -0.001997 -0.065950 -0.127759 0.367494 0.174685 0.904495
1311870522.285838 -0.598911 0.000522 -0.058000 -0.127208 0.369576 0.173866 0.903882
1311870522.318002 -0.600628 0.000346 -0.054947 -0.127197 0.370563 0.173911 0.903471
1311870522.351073 -0.604253 -0.001550 -0.048223 -0.127163 0.371694 0.174715 0.902855
1311870522.387638 -0.606902 -0.003073 -0.043340 -0.127287 0.372184 0.174976 0.902585
1311870522.417416 -0.608062 -0.004229 -0.038250 -0.127556 0.372927 0.175501 0.902139
1311870522.450329 -0.609849 -0.005459 -0.031790 -0.127656 0.374124 0.175282 0.901671
1311870522.487260 -0.610309 -0.004721 -0.025157 -0.126547 0.374920 0.174659 0.901618
1311870522.517400 -0.613328 -0.005121 -0.015659 -0.125128 0.376407 0.175222 0.901087
1311870522.550252 -0.614331 -0.004004 -0.006299 -0.123676 0.376339 0.176808 0.901006
1311870522.587317 -0.614881 -0.009499 -0.001751 -0.124212 0.375371 0.177661 0.901169
1311870522.619163 -0.615170 -0.013513 0.007218 -0.123226 0.375415 0.178928 0.901035
1311870522.649388 -0.615628 -0.014158 0.013969 -0.120591 0.375695 0.180470 0.900967
1311870522.687298 -0.615043 -0.011853 0.018543 -0.119782 0.375180 0.181504 0.901082
1311870522.718394 -0.615851 -0.019279 0.030630 -0.122732 0.375746 0.183046 0.900136
1311870522.749406 -0.616704 -0.020782 0.038997 -0.121807 0.375721 0.184147 0.900048
1311870522.788502 -0.616737 -0.025222 0.045345 -0.121781 0.376304 0.185054 0.899622
1311870522.817483 -0.614506 -0.026769 0.051680 -0.120260 0.377067 0.184901 0.899539
1311870522.849243 -0.615375 -0.029786 0.058897 -0.119128 0.378698 0.185413 0.898898
1311870522.886229 -0.613867 -0.032834 0.065335 -0.118936 0.379413 0.186037 0.898493
1311870522.918267 -0.615623 -0.037252 0.077536 -0.118996 0.380971 0.186437 0.897743
1311870522.949363 -0.614559 -0.039555 0.084283 -0.118307 0.380136 0.186851 0.898102
1311870522.988539 -0.612819 -0.042934 0.090941 -0.118318 0.379931 0.188088 0.897929
1311870523.018171 -0.614132 -0.045135 0.098203 -0.117421 0.380317 0.191166 0.897233
1311870523.049325 -0.614448 -0.048247 0.107154 -0.117231 0.380374 0.190124 0.897455
1311870523.086359 -0.615199 -0.049628 0.111844 -0.117303 0.380781 0.189115 0.897486
1311870523.118084 -0.614497 -0.051980 0.118772 -0.118302 0.382035 0.188194 0.897016
1311870523.149386 -0.615975 -0.051676 0.126853 -0.118341 0.383672 0.188023 0.896347
1311870523.187203 -0.617814 -0.052181 0.132801 -0.119463 0.384471 0.188881 0.895675
1311870523.219284 -0.618853 -0.053585 0.138949 -0.121593 0.385229 0.189506 0.894931
1311870523.249223 -0.620403 -0.055621 0.144968 -0.122240 0.385224 0.189563 0.894833
1311870523.285851 -0.623020 -0.058135 0.151150 -0.122197 0.385181 0.189478 0.894875
1311870523.317780 -0.626382 -0.061171 0.154604 -0.121910 0.385103 0.189285 0.894989
1311870523.349133 -0.629918 -0.064455 0.158675 -0.121754 0.385845 0.188967 0.894757
1311870523.385396 -0.633823 -0.065431 0.159855 -0.120293 0.386855 0.188616 0.894593
1311870523.418510 -0.637592 -0.067491 0.162486 -0.119611 0.388948 0.189882 0.893509
1311870523.449206 -0.641508 -0.069993 0.162584 -0.118518 0.391093 0.192538 0.892148
1311870523.485699 -0.645671 -0.068239 0.164011 -0.117721 0.393419 0.194975 0.890701
1311870523.518696 -0.652645 -0.071454 0.168739 -0.119717 0.396904 0.196985 0.888443
1311870523.549243 -0.657347 -0.073595 0.165488 -0.120910 0.398975 0.198694 0.886973
1311870523.585986 -0.666396 -0.072105 0.171674 -0.120083 0.402892 0.200431 0.884921
1311870523.618533 -0.672501 -0.074109 0.169310 -0.119640 0.405349 0.201518 0.883611
1311870523.649474 -0.679247 -0.074464 0.168057 -0.118411 0.408012 0.203330 0.882135
1311870523.686718 -0.687687 -0.077458 0.173373 -0.117258 0.412309 0.206260 0.879607
1311870523.718226 -0.695564 -0.079725 0.174941 -0.117068 0.415170 0.209283 0.877570
1311870523.749498 -0.703102 -0.079036 0.176051 -0.115926 0.416880 0.213026 0.876009
1311870523.787662 -0.709861 -0.081986 0.177829 -0.116113 0.418970 0.215786 0.874310
1311870523.818614 -0.717971 -0.085988 0.179443 -0.116551 0.421692 0.217555 0.872503
1311870523.849265 -0.726363 -0.084469 0.180271 -0.115034 0.423483 0.220120 0.871193
1311870523.886463 -0.733889 -0.085145 0.179838 -0.114391 0.424701 0.222022 0.870201
1311870523.918332 -0.743367 -0.089202 0.180559 -0.115120 0.426799 0.222031 0.869075
1311870523.949283 -0.751903 -0.085661 0.182887 -0.114248 0.428019 0.222703 0.868419
1311870523.986069 -0.759182 -0.088937 0.184939 -0.116009 0.429601 0.222112 0.867555
1311870524.017326 -0.766610 -0.088153 0.182382 -0.116378 0.430874 0.222778 0.866703
1311870524.049414 -0.775230 -0.089441 0.182927 -0.116895 0.432810 0.223349 0.865521
1311870524.086354 -0.781384 -0.093222 0.187434 -0.117947 0.434678 0.224080 0.864252
1311870524.117218 -0.788921 -0.092441 0.189151 -0.117084 0.436473 0.225528 0.863087
1311870524.149472 -0.795087 -0.091269 0.186908 -0.116339 0.437635 0.227094 0.862188
1311870524.187907 -0.803015 -0.093174 0.189490 -0.116442 0.440115 0.227286 0.860861
1311870524.217310 -0.809848 -0.092872 0.189262 -0.116493 0.440908 0.227075 0.860504
1311870524.249450 -0.815127 -0.093670 0.192998 -0.117537 0.441908 0.226217 0.860074
1311870524.286853 -0.822654 -0.096992 0.191437 -0.118942 0.442975 0.225444 0.859535
1311870524.317431 -0.829020 -0.095625 0.189762 -0.118871 0.443479 0.224423 0.859552
1311870524.349372 -0.834868 -0.097466 0.190157 -0.119680 0.444424 0.223810 0.859112
1311870524.385411 -0.838966 -0.099762 0.193827 -0.119626 0.445814 0.223429 0.858498
1311870524.417294 -0.843758 -0.101889 0.197036 -0.119173 0.446919 0.222243 0.858295
1311870524.449394 -0.848988 -0.100955 0.197306 -0.117795 0.447207 0.221243 0.858593
1311870524.488312 -0.854273 -0.101774 0.192683 -0.117503 0.447121 0.219802 0.859048
1311870524.517401 -0.857707 -0.102036 0.193271 -0.116735 0.447599 0.219245 0.859046
1311870524.549410 -0.860430 -0.103034 0.196623 -0.116368 0.448480 0.218111 0.858925
1311870524.587095 -0.863733 -0.103525 0.196368 -0.116601 0.448817 0.217771 0.858803
1311870524.617332 -0.863668 -0.104750 0.200858 -0.117709 0.449072 0.219660 0.858037
1311870524.649477 -0.865080 -0.105932 0.205288 -0.118427 0.449532 0.220047 0.857599
1311870524.686391 -0.865878 -0.109419 0.210024 -0.118904 0.450341 0.220132 0.857086
1311870524.717336 -0.867302 -0.109245 0.216055 -0.118407 0.451483 0.220034 0.856579
1311870524.749436 -0.866846 -0.113096 0.219289 -0.117932 0.450653 0.220278 0.857019
1311870524.785717 -0.867881 -0.113903 0.224780 -0.116733 0.449525 0.219667 0.857932
1311870524.817299 -0.868857 -0.114834 0.230843 -0.115903 0.447900 0.220311 0.858729
1311870524.849324 -0.867361 -0.115582 0.234094 -0.115442 0.445380 0.219575 0.860289
1311870524.887434 -0.868200 -0.115484 0.242101 -0.114487 0.443658 0.220178 0.861151
1311870524.917322 -0.869002 -0.118424 0.244499 -0.114736 0.441298 0.220010 0.862373
1311870524.949450 -0.869952 -0.115404 0.247307 -0.114566 0.438893 0.221747 0.863178
1311870524.986189 -0.866642 -0.116863 0.263849 -0.118721 0.439106 0.223347 0.862095
1311870525.017647 -0.863922 -0.118905 0.270493 -0.121641 0.437717 0.224958 0.861975
1311870525.049303 -0.862322 -0.120697 0.277802 -0.122483 0.437304 0.226207 0.861739
1311870525.088620 -0.860497 -0.121934 0.283671 -0.122987 0.436857 0.228578 0.861268
1311870525.117394 -0.857880 -0.124837 0.290151 -0.123894 0.435625 0.231014 0.861112
1311870525.149339 -0.855962 -0.127313 0.295726 -0.124205 0.434061 0.232957 0.861333
1311870525.185688 -0.852090 -0.130272 0.299992 -0.124157 0.433362 0.233019 0.861675
1311870525.217352 -0.847620 -0.135861 0.305872 -0.123098 0.434364 0.231780 0.861657
1311870525.249330 -0.845242 -0.135483 0.308982 -0.119325 0.435508 0.231917 0.861573
1311870525.285313 -0.843502 -0.134670 0.313650 -0.116686 0.435600 0.233164 0.861552
1311870525.317479 -0.841610 -0.139472 0.315054 -0.116188 0.433986 0.236049 0.861648
1311870525.349313 -0.836290 -0.139695 0.323586 -0.115426 0.434015 0.236366 0.861649
1311870525.385471 -0.833938 -0.141051 0.328814 -0.114463 0.434698 0.238581 0.860822
1311870525.417354 -0.832204 -0.141180 0.331743 -0.114049 0.434726 0.240087 0.860444
1311870525.449789 -0.829796 -0.140818 0.335679 -0.114394 0.434028 0.240215 0.860715
1311870525.485285 -0.827294 -0.140228 0.337771 -0.115246 0.433225 0.240702 0.860870
1311870525.517329 -0.824836 -0.141552 0.341264 -0.116701 0.433708 0.240415 0.860511
1311870525.549437 -0.823295 -0.140542 0.345849 -0.116613 0.434449 0.240267 0.860190
1311870525.585463 -0.822461 -0.140284 0.348726 -0.117969 0.435118 0.239410 0.859906
1311870525.617355 -0.823330 -0.140372 0.350880 -0.120576 0.436269 0.239725 0.858873
1311870525.649427 -0.822713 -0.140908 0.352665 -0.121969 0.436491 0.240345 0.858390
1311870525.685312 -0.820919 -0.142135 0.354289 -0.123259 0.436487 0.240335 0.858211
1311870525.717436 -0.821149 -0.143093 0.356455 -0.123430 0.438254 0.240564 0.857221
1311870525.749470 -0.820953 -0.142921 0.358282 -0.123331 0.440136 0.240466 0.856298
1311870525.785560 -0.821239 -0.143059 0.359554 -0.123886 0.441059 0.241250 0.855522
1311870525.817423 -0.824530 -0.142135 0.361838 -0.124048 0.442520 0.241759 0.854600
1311870525.849626 -0.824465 -0.143551 0.361935 -0.124673 0.443280 0.242563 0.853887
1311870525.885457 -0.825483 -0.143094 0.363557 -0.124342 0.445376 0.242809 0.852774
1311870525.917424 -0.829770 -0.144076 0.361664 -0.124577 0.447801 0.243852 0.851171
1311870525.949556 -0.832377 -0.143564 0.361495 -0.125217 0.450042 0.245795 0.849334
1311870525.985467 -0.837664 -0.144795 0.367405 -0.125256 0.454312 0.248045 0.846396
1311870526.017460 -0.842522 -0.146328 0.368567 -0.125398 0.456816 0.249506 0.844596
1311870526.049541 -0.848232 -0.144901 0.367058 -0.124357 0.458837 0.250533 0.843349
1311870526.085403 -0.854214 -0.144343 0.365358 -0.123578 0.461547 0.252486 0.841400
1311870526.117461 -0.859912 -0.145983 0.365759 -0.123044 0.464259 0.255554 0.839056
1311870526.149364 -0.865103 -0.147787 0.365195 -0.122283 0.466687 0.257852 0.837115
1311870526.185388 -0.871693 -0.151852 0.368318 -0.121382 0.470295 0.258929 0.834892
1311870526.217318 -0.879151 -0.152047 0.368652 -0.119712 0.472901 0.259957 0.833340
1311870526.249551 -0.886501 -0.154258 0.369211 -0.118678 0.475196 0.261452 0.831714
1311870526.285570 -0.894633 -0.154509 0.371237 -0.117772 0.477637 0.262590 0.830084
1311870526.317484 -0.902441 -0.156775 0.371746 -0.117413 0.479502 0.264416 0.828478
1311870526.349558 -0.909012 -0.157105 0.371630 -0.116578 0.481304 0.266329 0.826937
1311870526.385396 -0.915410 -0.159003 0.370796 -0.116694 0.483786 0.267407 0.825123
1311870526.417624 -0.924106 -0.159577 0.372058 -0.115728 0.487265 0.268536 0.822842
1311870526.449431 -0.931526 -0.161611 0.376526 -0.115405 0.489884 0.269475 0.821023
1311870526.485363 -0.941945 -0.161472 0.375225 -0.115786 0.490518 0.270428 0.820277
1311870526.517648 -0.949129 -0.163224 0.379022 -0.117040 0.491442 0.270871 0.819400
1311870526.553464 -0.954730 -0.165548 0.377739 -0.117341 0.491245 0.270570 0.819574
1311870526.585409 -0.962778 -0.163897 0.378889 -0.116334 0.492381 0.270032 0.819213
1311870526.617493 -0.970069 -0.166161 0.375627 -0.117321 0.493115 0.269420 0.818832
1311870526.653466 -0.979522 -0.165845 0.377759 -0.117072 0.495196 0.269891 0.817455
1311870526.685417 -0.985470 -0.165957 0.378644 -0.116894 0.496679 0.270634 0.816335
1311870526.717629 -0.993085 -0.167473 0.378881 -0.117728 0.497956 0.271667 0.815093
1311870526.753642 -0.998566 -0.166242 0.381610 -0.117477 0.498752 0.272203 0.814464
1311870526.785325 -1.004835 -0.166360 0.383823 -0.117516 0.498955 0.273585 0.813871
1311870526.817661 -1.010926 -0.170266 0.385530 -0.118413 0.499706 0.274089 0.813110
1311870526.853590 -1.017117 -0.172374 0.387847 -0.117725 0.500327 0.274121 0.812817
1311870526.885581 -1.022264 -0.172211 0.386793 -0.116434 0.500009 0.273110 0.813538
1311870526.917599 -1.028837 -0.171888 0.388473 -0.116201 0.500451 0.272005 0.813671
1311870526.953584 -1.033328 -0.173886 0.387705 -0.116777 0.500819 0.271584 0.813502
1311870526.985372 -1.041039 -0.176371 0.390471 -0.116515 0.502206 0.271713 0.812641
1311870527.017688 -1.043063 -0.176657 0.390432 -0.116471 0.502394 0.271843 0.812487
1311870527.053583 -1.048182 -0.178507 0.391161 -0.115924 0.504002 0.271905 0.811549
1311870527.085526 -1.049934 -0.180157 0.391107 -0.115505 0.505263 0.271070 0.811104
1311870527.117691 -1.053770 -0.180650 0.391738 -0.115099 0.507035 0.269570 0.810555
1311870527.153611 -1.053662 -0.180479 0.390559 -0.115239 0.507943 0.268518 0.810316
1311870527.185439 -1.053626 -0.180852 0.391801 -0.115546 0.509783 0.267381 0.809492
1311870527.217746 -1.054986 -0.182000 0.389894 -0.115623 0.511831 0.265873 0.808685
1311870527.253641 -1.055522 -0.181473 0.391020 -0.114602 0.514097 0.266165 0.807296
1311870527.285561 -1.053102 -0.179164 0.393458 -0.113070 0.515486 0.266751 0.806432
1311870527.317499 -1.053692 -0.180415 0.394908 -0.113119 0.516325 0.267709 0.805571
1311870527.353673 -1.051793 -0.181419 0.398892 -0.112672 0.516522 0.269059 0.805057
1311870527.385442 -1.049716 -0.180250 0.400469 -0.111140 0.515269 0.271378 0.805295
1311870527.417505 -1.046295 -0.182297 0.405744 -0.111094 0.515110 0.270814 0.805593
1311870527.453537 -1.044140 -0.183752 0.406552 -0.110307 0.513938 0.270477 0.806562
1311870527.485444 -1.041043 -0.181867 0.410317 -0.108697 0.513097 0.269784 0.807547
1311870527.517495 -1.040765 -0.184326 0.415791 -0.110406 0.513423 0.268776 0.807445
1311870527.553541 -1.038239 -0.186587 0.418917 -0.109965 0.511927 0.270804 0.807777
1311870527.585396 -1.032728 -0.189213 0.421400 -0.108412 0.510162 0.271561 0.808849
1311870527.617786 -1.031719 -0.188469 0.422669 -0.106170 0.509260 0.272633 0.809353
1311870527.653556 -1.029050 -0.190920 0.427365 -0.105575 0.508689 0.274559 0.809140
1311870527.685683 -1.027001 -0.191952 0.428660 -0.104881 0.506716 0.276759 0.809718
1311870527.717743 -1.021805 -0.193877 0.429651 -0.105385 0.504655 0.277591 0.810654
1311870527.753560 -1.017528 -0.197550 0.432027 -0.105131 0.504711 0.276092 0.811164
1311870527.785611 -1.014507 -0.198286 0.431785 -0.103942 0.505224 0.274166 0.811651
1311870527.817660 -1.011868 -0.196971 0.431357 -0.102941 0.506681 0.273225 0.811188
1311870527.853602 -1.008533 -0.196125 0.435611 -0.102932 0.508049 0.273837 0.810127
1311870527.885426 -1.004038 -0.195593 0.436350 -0.102872 0.507625 0.275886 0.809705
1311870527.917615 -0.999569 -0.194476 0.437644 -0.104352 0.507129 0.278199 0.809034
1311870527.953613 -0.995819 -0.195059 0.438708 -0.106375 0.506765 0.279759 0.808461
1311870527.985521 -0.991098 -0.194343 0.442413 -0.106393 0.507693 0.279950 0.807810
1311870528.017688 -0.989157 -0.193001 0.443111 -0.107468 0.508394 0.280119 0.807168
1311870528.053545 -0.985696 -0.190831 0.445699 -0.109225 0.508234 0.281213 0.806652
1311870528.085603 -0.980387 -0.190565 0.447227 -0.110631 0.508063 0.281623 0.806425
1311870528.117562 -0.978409 -0.188902 0.447102 -0.111024 0.510168 0.281408 0.805116
1311870528.153637 -0.978085 -0.187415 0.445202 -0.112218 0.512573 0.282475 0.803047
1311870528.185455 -0.975752 -0.187523 0.449008 -0.113912 0.515027 0.283111 0.801011
1311870528.217554 -0.975562 -0.186084 0.449030 -0.114093 0.516134 0.284456 0.799796
1311870528.253557 -0.975393 -0.187219 0.448246 -0.114925 0.517171 0.285241 0.798726
1311870528.285502 -0.976428 -0.185455 0.446833 -0.113769 0.517989 0.286472 0.797921
1311870528.317676 -0.976199 -0.187297 0.449825 -0.114142 0.520342 0.286220 0.796426
1311870528.353572 -0.979572 -0.186097 0.447748 -0.112321 0.522025 0.289092 0.794543
1311870528.385617 -0.980953 -0.185171 0.449533 -0.110768 0.523731 0.292974 0.792214
1311870528.417630 -0.984102 -0.184707 0.450523 -0.111576 0.524537 0.297138 0.790013
1311870528.453581 -0.987515 -0.186342 0.453434 -0.113695 0.525810 0.298598 0.788313
1311870528.485584 -0.991937 -0.187983 0.453988 -0.114785 0.527467 0.298705 0.787006
1311870528.517605 -0.996425 -0.190874 0.454644 -0.115136 0.529580 0.297140 0.786127
1311870528.553734 -1.006562 -0.191372 0.454232 -0.112957 0.531885 0.295379 0.785551
1311870528.585482 -1.011533 -0.194703 0.459578 -0.112368 0.534787 0.292554 0.784722
1311870528.617711 -1.014810 -0.193153 0.454531 -0.109754 0.534759 0.293559 0.784736
1311870528.653807 -1.021474 -0.195461 0.456458 -0.109492 0.536594 0.294310 0.783237
1311870528.685658 -1.028897 -0.194766 0.457410 -0.108388 0.537530 0.295741 0.782209
1311870528.717725 -1.037444 -0.197085 0.458068 -0.108479 0.538755 0.297259 0.780777
1311870528.753754 -1.047063 -0.200490 0.456643 -0.109466 0.539601 0.298210 0.779691
1311870528.785670 -1.054665 -0.200955 0.456541 -0.109428 0.540043 0.299364 0.778948
1311870528.817695 -1.062640 -0.202365 0.459560 -0.109779 0.540966 0.300762 0.777719
1311870528.853709 -1.070079 -0.203216 0.460141 -0.109850 0.540909 0.302165 0.777205
1311870528.885613 -1.074698 -0.201871 0.465708 -0.109016 0.541706 0.302913 0.776476
1311870528.917710 -1.087451 -0.207287 0.470916 -0.110457 0.543317 0.302154 0.775441
1311870528.953635 -1.094080 -0.207446 0.472341 -0.110575 0.543006 0.302671 0.775441
1311870528.985528 -1.102177 -0.208366 0.472689 -0.110727 0.543392 0.302886 0.775065
1311870529.017633 -1.108746 -0.209296 0.476620 -0.110650 0.544209 0.304202 0.773986
1311870529.053960 -1.121493 -0.213088 0.479407 -0.111515 0.545017 0.304510 0.773172
1311870529.085558 -1.129239 -0.214793 0.479889 -0.111955 0.544399 0.305719 0.773066
1311870529.117636 -1.137240 -0.216599 0.480704 -0.112031 0.544719 0.306781 0.772409
1311870529.153562 -1.144786 -0.214304 0.481779 -0.110995 0.545714 0.308185 0.771296
1311870529.185613 -1.149071 -0.214091 0.486664 -0.110476 0.546704 0.309231 0.770250
1311870529.217784 -1.160095 -0.214248 0.484834 -0.111139 0.546227 0.309578 0.770354
1311870529.253670 -1.165995 -0.215832 0.486863 -0.112394 0.546095 0.311032 0.769680
1311870529.285539 -1.171692 -0.217083 0.485093 -0.112583 0.545757 0.310841 0.769969
1311870529.317748 -1.175288 -0.220083 0.484315 -0.114154 0.545867 0.309659 0.770136
1311870529.353620 -1.178940 -0.217231 0.487797 -0.112552 0.547583 0.308534 0.769605
1311870529.385706 -1.183952 -0.219101 0.487179 -0.112616 0.548187 0.307873 0.769430
1311870529.417814 -1.189385 -0.220793 0.492365 -0.113535 0.549192 0.306308 0.769203
1311870529.453577 -1.190628 -0.222111 0.490853 -0.114549 0.548501 0.305148 0.770007
1311870529.485560 -1.191740 -0.223776 0.494158 -0.114523 0.550065 0.302949 0.769763
1311870529.517835 -1.189865 -0.225108 0.493902 -0.113448 0.550875 0.301019 0.770100
1311870529.553733 -1.190648 -0.226501 0.494414 -0.111404 0.551574 0.299465 0.770504
1311870529.585764 -1.190447 -0.225889 0.494573 -0.108115 0.551035 0.299274 0.771431
1311870529.617609 -1.190860 -0.226429 0.494746 -0.107591 0.550510 0.298518 0.772173
1311870529.653670 -1.189599 -0.226446 0.494676 -0.109424 0.550009 0.298366 0.772330
1311870529.685645 -1.185807 -0.227838 0.497092 -0.108888 0.549948 0.298443 0.772420
1311870529.717693 -1.182744 -0.228775 0.499189 -0.107569 0.550557 0.296293 0.772998
1311870529.753737 -1.181880 -0.230593 0.500112 -0.106147 0.550986 0.297689 0.772353
1311870529.785572 -1.181668 -0.228654 0.502074 -0.103995 0.549762 0.301022 0.772225
1311870529.817686 -1.177518 -0.226969 0.504065 -0.104206 0.546479 0.305139 0.772911
1311870529.853727 -1.174760 -0.231324 0.503205 -0.107430 0.543829 0.306558 0.773777
1311870529.885616 -1.171096 -0.237041 0.498979 -0.106939 0.543473 0.304891 0.774753
1311870529.917708 -1.165314 -0.235463 0.502142 -0.105239 0.546708 0.299576 0.774784
1311870529.953714 -1.165134 -0.236923 0.495471 -0.103468 0.548074 0.299748 0.773990
1311870529.985592 -1.163596 -0.234337 0.501575 -0.101625 0.549566 0.300011 0.773074
1311870530.017922 -1.161290 -0.235021 0.502295 -0.101895 0.547718 0.301450 0.773789
1311870530.053808 -1.158409 -0.234183 0.501044 -0.101704 0.546280 0.301992 0.774620
1311870530.085624 -1.156771 -0.233918 0.502266 -0.102850 0.547396 0.299626 0.774599
1311870530.117774 -1.156083 -0.234569 0.503191 -0.104345 0.548752 0.297529 0.774248
1311870530.153765 -1.155220 -0.234066 0.504813 -0.105775 0.548855 0.295312 0.774830
1311870530.185634 -1.154802 -0.233698 0.505749 -0.106428 0.548323 0.293942 0.775637
1311870530.217786 -1.155706 -0.234419 0.505345 -0.107061 0.547872 0.293335 0.776099
1311870530.253929 -1.157137 -0.233544 0.504504 -0.107630 0.547687 0.292429 0.776492
1311870530.286029 -1.156934 -0.232741 0.506083 -0.109116 0.548187 0.291588 0.776249
1311870530.317935 -1.158219 -0.232197 0.506468 -0.110468 0.548818 0.292158 0.775397
1311870530.353722 -1.160159 -0.233573 0.506867 -0.111516 0.549507 0.292856 0.774495
1311870530.385850 -1.162120 -0.233965 0.507263 -0.111686 0.550190 0.292735 0.774030
1311870530.417758 -1.163808 -0.235593 0.507895 -0.112179 0.551543 0.291257 0.773554
1311870530.453862 -1.166150 -0.236218 0.506128 -0.111515 0.553519 0.290615 0.772479
1311870530.485681 -1.168641 -0.237241 0.510865 -0.110752 0.557080 0.290542 0.770053
1311870530.517600 -1.174169 -0.238531 0.513391 -0.108983 0.559109 0.292809 0.767973
1311870530.553887 -1.181367 -0.241712 0.515146 -0.108768 0.560635 0.295091 0.766015
1311870530.585894 -1.189462 -0.244454 0.519227 -0.107877 0.561926 0.296473 0.764661
1311870530.617876 -1.195286 -0.245756 0.520462 -0.107559 0.561239 0.297142 0.764950
1311870530.653848 -1.202655 -0.246962 0.520998 -0.107192 0.561814 0.297877 0.764294
1311870530.685747 -1.210710 -0.248205 0.524202 -0.107135 0.563154 0.301082 0.762056
1311870530.717879 -1.213281 -0.249103 0.529506 -0.107907 0.563163 0.302972 0.761191
1311870530.753813 -1.223240 -0.252797 0.539319 -0.108243 0.564138 0.303209 0.760326
1311870530.785751 -1.231197 -0.254787 0.540595 -0.108083 0.563401 0.304118 0.760533
1311870530.817694 -1.239247 -0.257245 0.540065 -0.109046 0.564031 0.302135 0.760718
1311870530.853579 -1.247107 -0.259204 0.543190 -0.109131 0.565476 0.301476 0.759894
1311870530.885594 -1.254038 -0.262320 0.540210 -0.109450 0.565184 0.301422 0.760088
1311870530.917651 -1.262228 -0.264750 0.539886 -0.108190 0.564883 0.302549 0.760044
1311870530.953721 -1.268410 -0.267624 0.541420 -0.107730 0.565304 0.302930 0.759644
1311870530.985770 -1.276668 -0.267837 0.545851 -0.105884 0.566992 0.303930 0.758245
1311870531.017632 -1.281151 -0.269658 0.544214 -0.104279 0.566895 0.305260 0.758005
1311870531.053817 -1.287564 -0.269929 0.554042 -0.103083 0.568655 0.305124 0.756905
1311870531.085728 -1.294401 -0.273269 0.555611 -0.103322 0.568914 0.305145 0.756669
1311870531.117833 -1.299973 -0.273507 0.557419 -0.102080 0.569270 0.306013 0.756219
1311870531.153808 -1.304009 -0.275442 0.559178 -0.100929 0.569311 0.307133 0.755889
1311870531.185806 -1.311720 -0.277992 0.559413 -0.100636 0.568899 0.307157 0.756228
1311870531.217648 -1.318945 -0.278132 0.569357 -0.099833 0.570487 0.306928 0.755230
1311870531.253950 -1.325226 -0.280025 0.569437 -0.099687 0.570056 0.307314 0.755418
1311870531.285639 -1.332192 -0.279955 0.572961 -0.099340 0.570014 0.307381 0.755469
1311870531.317741 -1.335361 -0.280685 0.574809 -0.100467 0.569157 0.307268 0.756011
1311870531.353899 -1.336588 -0.282485 0.578052 -0.101481 0.567635 0.308773 0.756407
1311870531.385755 -1.345289 -0.281675 0.581450 -0.101650 0.567016 0.308163 0.757097
1311870531.417753 -1.349836 -0.280243 0.584715 -0.101950 0.566988 0.307415 0.757381
1311870531.453962 -1.352647 -0.281252 0.587324 -0.103093 0.566800 0.307163 0.757470
1311870531.485663 -1.355834 -0.281334 0.588118 -0.102935 0.565946 0.307791 0.757875
1311870531.517943 -1.361216 -0.281949 0.589099 -0.103221 0.565778 0.308381 0.757721
1311870531.553875 -1.360817 -0.282912 0.590140 -0.103213 0.565332 0.309520 0.757591
1311870531.585802 -1.365092 -0.285321 0.590373 -0.103529 0.565174 0.309467 0.757687
1311870531.617744 -1.369046 -0.284631 0.593031 -0.102657 0.565584 0.308917 0.757724
1311870531.653887 -1.371964 -0.285101 0.591939 -0.102391 0.565264 0.308959 0.757982
1311870531.685863 -1.376738 -0.286879 0.596702 -0.102967 0.566218 0.307209 0.757904
1311870531.717776 -1.380524 -0.288022 0.595633 -0.102782 0.566081 0.306252 0.758418
1311870531.753721 -1.382571 -0.288559 0.595367 -0.102403 0.566241 0.306509 0.758246
1311870531.785779 -1.385216 -0.288295 0.596170 -0.102428 0.566564 0.306575 0.757975
1311870531.817896 -1.387892 -0.287921 0.598284 -0.102612 0.566550 0.307449 0.757606
1311870531.853864 -1.387776 -0.288414 0.598197 -0.103237 0.565879 0.307823 0.757870
1311870531.885692 -1.391227 -0.288063 0.597480 -0.103835 0.566068 0.306922 0.758014
1311870531.917945 -1.391475 -0.288987 0.594978 -0.104937 0.566847 0.306675 0.757379
1311870531.953725 -1.393165 -0.287249 0.596277 -0.104811 0.568395 0.306853 0.756163
1311870531.985707 -1.395169 -0.287621 0.597197 -0.106252 0.568953 0.305946 0.755910
1311870532.017814 -1.392494 -0.287015 0.597579 -0.107944 0.568811 0.304966 0.756173
1311870532.053802 -1.393931 -0.287714 0.595075 -0.109032 0.569151 0.304386 0.755995
1311870532.085794 -1.394829 -0.288113 0.593337 -0.109812 0.570488 0.302752 0.755531
1311870532.117752 -1.393598 -0.287577 0.592110 -0.109501 0.570805 0.302802 0.755316
1311870532.153955 -1.393933 -0.286614 0.593639 -0.109631 0.571548 0.302442 0.754879
1311870532.185767 -1.392228 -0.286606 0.593952 -0.110009 0.571865 0.303253 0.754259
1311870532.217912 -1.389638 -0.286275 0.594439 -0.110942 0.572336 0.303897 0.753505
1311870532.253887 -1.388049 -0.285288 0.593746 -0.110681 0.572731 0.305196 0.752718
1311870532.285764 -1.383705 -0.285962 0.593536 -0.111127 0.573060 0.304652 0.752622
1311870532.317766 -1.380720 -0.288161 0.592391 -0.112056 0.573780 0.302099 0.752965
1311870532.353921 -1.375764 -0.286642 0.594581 -0.110711 0.575040 0.300262 0.752938
1311870532.385803 -1.370258 -0.287218 0.596796 -0.108754 0.576140 0.297603 0.753438
1311870532.417808 -1.366380 -0.288518 0.595741 -0.105988 0.576227 0.295908 0.754432
1311870532.454013 -1.363810 -0.289145 0.596428 -0.103299 0.576830 0.295261 0.754597
1311870532.485809 -1.359651 -0.288456 0.595580 -0.103478 0.575912 0.296100 0.754945
1311870532.518264 -1.352083 -0.290544 0.597731 -0.104712 0.574427 0.297852 0.755217
1311870532.553703 -1.349591 -0.293031 0.597700 -0.102261 0.573540 0.297805 0.756246
1311870532.585765 -1.346168 -0.294807 0.592558 -0.099263 0.572435 0.299336 0.756877
1311870532.617834 -1.342535 -0.295564 0.593288 -0.096635 0.572604 0.300905 0.756467
1311870532.653874 -1.338888 -0.295615 0.594726 -0.094049 0.571387 0.303182 0.756804
1311870532.685884 -1.334221 -0.296573 0.595496 -0.094188 0.569354 0.303692 0.758113
1311870532.717871 -1.328642 -0.298302 0.596263 -0.094211 0.569083 0.300686 0.759511
1311870532.753718 -1.322993 -0.299433 0.594004 -0.092901 0.569604 0.298824 0.760017
1311870532.785894 -1.319369 -0.300366 0.593404 -0.091721 0.570208 0.298675 0.759765
1311870532.817873 -1.312794 -0.299885 0.595768 -0.090998 0.569913 0.298043 0.760322
1311870532.853993 -1.308413 -0.300831 0.597773 -0.091260 0.569143 0.297830 0.760951
1311870532.885775 -1.304467 -0.300920 0.600135 -0.091169 0.568540 0.297197 0.761659
1311870532.917754 -1.300364 -0.300227 0.599871 -0.090261 0.567427 0.297388 0.762522
1311870532.953790 -1.299240 -0.298471 0.601247 -0.090656 0.566493 0.297420 0.763157
1311870532.985935 -1.297615 -0.299130 0.603296 -0.092715 0.565296 0.297242 0.763866
1311870533.017890 -1.293573 -0.297921 0.605627 -0.092549 0.564275 0.297083 0.764703
1311870533.053880 -1.292273 -0.297658 0.607466 -0.093686 0.563846 0.295056 0.765665
1311870533.085764 -1.291259 -0.297332 0.606033 -0.094523 0.563278 0.294175 0.766318
1311870533.117910 -1.288762 -0.296510 0.606077 -0.094753 0.563165 0.294489 0.766252
1311870533.153906 -1.289672 -0.295754 0.607593 -0.095292 0.563862 0.295072 0.765449
1311870533.185897 -1.287218 -0.294744 0.609161 -0.096375 0.564321 0.296261 0.764515
1311870533.217947 -1.287853 -0.295127 0.610437 -0.097618 0.565100 0.297161 0.763431
1311870533.253938 -1.286795 -0.295605 0.611172 -0.098093 0.565181 0.298982 0.762600
1311870533.285776 -1.287544 -0.296555 0.611875 -0.098697 0.565714 0.298665 0.762250
1311870533.317840 -1.287390 -0.297187 0.613307 -0.099653 0.567134 0.297215 0.761637
1311870533.353961 -1.288406 -0.297931 0.616007 -0.099138 0.569388 0.296629 0.760250
1311870533.385784 -1.291454 -0.300931 0.615088 -0.098214 0.570843 0.296676 0.759260
1311870533.418074 -1.294156 -0.301070 0.615317 -0.097000 0.572142 0.297181 0.758240
1311870533.453809 -1.296061 -0.302765 0.616936 -0.096467 0.574396 0.298313 0.756156
1311870533.485930 -1.301263 -0.303998 0.618735 -0.094689 0.576942 0.300742 0.753476
1311870533.517844 -1.303191 -0.305788 0.618988 -0.094068 0.578173 0.302321 0.751977
1311870533.553791 -1.308411 -0.308658 0.621913 -0.093992 0.580922 0.302195 0.749916
1311870533.585802 -1.308044 -0.308987 0.626660 -0.093244 0.582428 0.304744 0.747806
1311870533.617883 -1.314224 -0.310745 0.629160 -0.092825 0.583806 0.306063 0.746243
1311870533.653986 -1.318324 -0.312617 0.631797 -0.092065 0.584849 0.307760 0.744822
1311870533.685836 -1.322962 -0.313528 0.632803 -0.091596 0.585242 0.309420 0.743883
1311870533.717851 -1.329196 -0.316999 0.635762 -0.092411 0.585760 0.309750 0.743236
1311870533.754009 -1.332386 -0.319305 0.641843 -0.092056 0.586079 0.309717 0.743043
1311870533.786580 -1.339399 -0.322279 0.643620 -0.092027 0.585751 0.308857 0.743663
1311870533.817830 -1.344754 -0.325108 0.644592 -0.091833 0.585460 0.308214 0.744183
1311870533.854024 -1.350206 -0.327474 0.645840 -0.091239 0.585550 0.308095 0.744234
1311870533.885885 -1.354260 -0.330244 0.649272 -0.091275 0.585101 0.308588 0.744378
1311870533.918070 -1.359555 -0.330901 0.650033 -0.089718 0.583428 0.309308 0.745581
1311870533.953885 -1.362787 -0.333253 0.652114 -0.089512 0.582815 0.309007 0.746210
1311870533.986039 -1.366863 -0.336615 0.652251 -0.089164 0.583133 0.308281 0.746303
1311870534.017845 -1.371840 -0.339167 0.653289 -0.088950 0.583559 0.307879 0.746162
1311870534.053805 -1.375066 -0.339754 0.654845 -0.087497 0.583299 0.308218 0.746397
1311870534.085843 -1.379449 -0.342674 0.656095 -0.087360 0.583040 0.308254 0.746601
1311870534.117829 -1.384053 -0.344594 0.656428 -0.086402 0.583113 0.307912 0.746796
1311870534.153817 -1.389669 -0.346544 0.657735 -0.085009 0.583157 0.307894 0.746929
1311870534.185866 -1.392649 -0.348882 0.656983 -0.084622 0.582201 0.307455 0.747898
1311870534.217924 -1.396834 -0.350506 0.665575 -0.084237 0.583088 0.306603 0.747601
1311870534.254180 -1.400026 -0.351768 0.666583 -0.084239 0.582221 0.306141 0.748465
1311870534.285889 -1.402991 -0.353011 0.667131 -0.084235 0.581953 0.305410 0.748973
1311870534.318155 -1.407245 -0.353992 0.668233 -0.083766 0.582473 0.305118 0.748740
1311870534.353864 -1.411938 -0.353760 0.667703 -0.082556 0.582423 0.304963 0.748976
1311870534.386175 -1.414146 -0.356418 0.669658 -0.083467 0.582683 0.304621 0.748813
1311870534.417874 -1.417734 -0.357922 0.671111 -0.083573 0.583092 0.304847 0.748390
1311870534.453764 -1.420748 -0.357781 0.671307 -0.082784 0.582887 0.305218 0.748486
1311870534.486051 -1.424909 -0.358393 0.668572 -0.081934 0.582195 0.306521 0.748586
1311870534.518420 -1.428511 -0.358888 0.673658 -0.082504 0.583528 0.306112 0.747652
1311870534.553916 -1.431719 -0.360216 0.673436 -0.082639 0.583369 0.306406 0.747641
1311870534.585910 -1.432973 -0.361158 0.674819 -0.081728 0.582860 0.306671 0.748029
1311870534.617855 -1.436701 -0.361622 0.675238 -0.080410 0.582233 0.306720 0.748640
1311870534.654074 -1.441463 -0.363995 0.675607 -0.079221 0.582006 0.306838 0.748895
1311870534.685957 -1.444313 -0.365567 0.677972 -0.077865 0.581589 0.307126 0.749243
1311870534.718130 -1.448533 -0.366507 0.676721 -0.077125 0.579916 0.307123 0.750616
1311870534.754156 -1.450980 -0.369146 0.680012 -0.077227 0.580052 0.306557 0.750732
1311870534.785847 -1.453320 -0.370331 0.677501 -0.077332 0.579614 0.306050 0.751267
1311870534.817908 -1.455810 -0.367833 0.682985 -0.076257 0.580478 0.305618 0.750885
1311870534.853941 -1.459299 -0.368925 0.683277 -0.075798 0.580405 0.305942 0.750856
1311870534.885905 -1.461936 -0.368468 0.682659 -0.075518 0.580078 0.305934 0.751140
1311870534.918048 -1.464855 -0.369650 0.682187 -0.075615 0.580163 0.306172 0.750968
1311870534.954068 -1.468357 -0.369274 0.682353 -0.075687 0.580275 0.306215 0.750856
1311870534.985871 -1.467620 -0.370469 0.682692 -0.076001 0.580796 0.306237 0.750413
1311870535.018049 -1.469062 -0.371150 0.681505 -0.075681 0.582025 0.306244 0.749489
1311870535.054164 -1.472396 -0.370147 0.681459 -0.075201 0.583344 0.307380 0.748045
1311870535.085918 -1.474498 -0.370387 0.681386 -0.075935 0.583804 0.308423 0.747182
1311870535.117922 -1.475927 -0.370306 0.679983 -0.075791 0.583748 0.309140 0.746945
1311870535.154191 -1.476974 -0.372675 0.678727 -0.077013 0.583729 0.309418 0.746720
1311870535.185891 -1.478049 -0.368545 0.683130 -0.075762 0.584815 0.309493 0.745966
1311870535.217963 -1.480563 -0.370077 0.679472 -0.077432 0.583772 0.309527 0.746597
1311870535.254036 -1.484136 -0.366937 0.683103 -0.077901 0.583415 0.310098 0.746591
1311870535.285911 -1.482980 -0.366853 0.680370 -0.080175 0.581869 0.311461 0.746989
1311870535.317996 -1.483126 -0.366209 0.681808 -0.082536 0.582905 0.311384 0.745956
1311870535.354185 -1.484594 -0.367454 0.681043 -0.083064 0.584114 0.312538 0.744467
1311870535.386102 -1.486561 -0.367761 0.678931 -0.083798 0.584517 0.312520 0.744076
1311870535.418054 -1.486488 -0.367563 0.678729 -0.084746 0.584663 0.312645 0.743802
1311870535.454154 -1.488186 -0.367085 0.678258 -0.085567 0.585190 0.311914 0.743600
1311870535.486006 -1.490041 -0.367196 0.677482 -0.087155 0.585533 0.310627 0.743684
1311870535.517985 -1.490950 -0.366637 0.675951 -0.088474 0.584755 0.310682 0.744117
1311870535.554126 -1.490964 -0.365524 0.674981 -0.090129 0.583680 0.310383 0.744887
1311870535.586026 -1.491843 -0.365354 0.673782 -0.091754 0.583195 0.309591 0.745398
1311870535.618203 -1.489361 -0.364870 0.673536 -0.092418 0.583823 0.309278 0.744954
1311870535.653954 -1.489488 -0.363333 0.672369 -0.091394 0.585378 0.307736 0.744498
1311870535.685919 -1.491324 -0.363065 0.668079 -0.091403 0.585985 0.306243 0.744636
1311870535.722020 -1.490230 -0.364349 0.670084 -0.091225 0.587658 0.305536 0.743629
1311870535.753972 -1.489545 -0.362412 0.658173 -0.089722 0.585943 0.304959 0.745399
1311870535.785923 -1.487930 -0.362701 0.663365 -0.089866 0.588164 0.303607 0.744185
1311870535.822043 -1.487762 -0.361806 0.657271 -0.089317 0.588883 0.303922 0.743553
1311870535.854132 -1.484171 -0.359235 0.641896 -0.088148 0.586784 0.303972 0.745329
1311870535.886083 -1.481715 -0.358307 0.639502 -0.086979 0.588231 0.303654 0.744454
1311870535.922048 -1.483293 -0.354468 0.637466 -0.086120 0.589242 0.303277 0.743909
1311870535.954065 -1.481820 -0.351912 0.632850 -0.087737 0.587552 0.303417 0.744998
1311870535.985940 -1.477890 -0.350595 0.628719 -0.088081 0.585387 0.302567 0.747005
1311870536.022118 -1.477551 -0.346377 0.624458 -0.087130 0.584711 0.301099 0.748239
1311870536.053971 -1.474201 -0.344519 0.618160 -0.087751 0.584336 0.300481 0.748707
1311870536.086162 -1.471716 -0.343841 0.609219 -0.088447 0.582934 0.300079 0.749878
1311870536.122071 -1.469333 -0.342612 0.606063 -0.088091 0.582436 0.299432 0.750565
1311870536.154212 -1.466169 -0.338670 0.601045 -0.088159 0.581034 0.297600 0.752371
1311870536.185964 -1.463979 -0.335172 0.596575 -0.088992 0.580789 0.295093 0.753448
1311870536.222145 -1.460982 -0.331817 0.586372 -0.089317 0.579941 0.293427 0.754713
1311870536.254533 -1.458006 -0.329010 0.584259 -0.090185 0.579746 0.291412 0.755540
1311870536.285958 -1.455378 -0.325899 0.581723 -0.091935 0.578868 0.289898 0.756584
1311870536.322117 -1.453635 -0.322932 0.575676 -0.093953 0.577025 0.288296 0.758354
1311870536.354191 -1.451347 -0.320165 0.564601 -0.095769 0.573422 0.288146 0.760912
1311870536.386255 -1.447576 -0.317938 0.559385 -0.096958 0.571234 0.287194 0.762765
1311870536.422203 -1.446146 -0.315015 0.555468 -0.097284 0.570270 0.284939 0.764289
1311870536.453990 -1.444790 -0.311878 0.548801 -0.098606 0.568237 0.283022 0.766343
1311870536.486155 -1.443349 -0.309118 0.544329 -0.099922 0.566753 0.281542 0.767816
1311870536.522243 -1.441475 -0.306487 0.537669 -0.100953 0.563687 0.281057 0.770112
1311870536.554054 -1.438928 -0.301194 0.535154 -0.102416 0.559981 0.280195 0.772932
1311870536.586020 -1.435826 -0.301194 0.525681 -0.105169 0.556008 0.278352 0.776089
1311870536.622194 -1.433112 -0.299938 0.520848 -0.105549 0.555044 0.275494 0.777746
1311870536.654414 -1.430017 -0.297204 0.516128 -0.105232 0.554246 0.272972 0.779246
1311870536.686043 -1.428885 -0.295091 0.511091 -0.105078 0.552872 0.270448 0.781120
1311870536.722157 -1.429261 -0.294914 0.504738 -0.104163 0.550503 0.268837 0.783468
1311870536.754257 -1.427397 -0.290419 0.494630 -0.102144 0.545540 0.270524 0.786619
1311870536.786106 -1.426258 -0.288073 0.489702 -0.102931 0.540994 0.270742 0.789576
1311870536.822151 -1.422353 -0.284448 0.485454 -0.104744 0.537595 0.268220 0.792514
1311870536.854015 -1.419527 -0.283140 0.478440 -0.107098 0.535927 0.265903 0.794108
1311870536.886074 -1.417689 -0.280368 0.475000 -0.108380 0.534147 0.264075 0.795742
1311870536.922146 -1.417341 -0.277619 0.473193 -0.109990 0.531696 0.261123 0.798133
1311870536.954108 -1.414317 -0.277215 0.465403 -0.111162 0.528615 0.259749 0.800462
1311870536.986393 -1.413034 -0.275858 0.462555 -0.111278 0.528408 0.257273 0.801382
1311870537.022074 -1.412232 -0.274744 0.458427 -0.111860 0.527664 0.255538 0.802345
1311870537.054071 -1.411583 -0.273939 0.456700 -0.113251 0.527711 0.252204 0.803174
1311870537.086400 -1.409355 -0.271790 0.455561 -0.115300 0.527869 0.249784 0.803535
1311870537.122159 -1.408478 -0.270402 0.447998 -0.114778 0.526084 0.251470 0.804254
1311870537.154044 -1.407667 -0.268607 0.448867 -0.113217 0.525076 0.254231 0.804266
1311870537.186006 -1.404385 -0.265352 0.441842 -0.112072 0.523247 0.257055 0.804721
1311870537.222178 -1.403756 -0.265870 0.436553 -0.111427 0.524610 0.259832 0.803029
1311870537.254088 -1.401213 -0.266013 0.438178 -0.110675 0.527826 0.261537 0.800468
1311870537.286093 -1.403271 -0.264565 0.435431 -0.109446 0.529540 0.263336 0.798914
1311870537.322226 -1.402750 -0.265278 0.437896 -0.109410 0.530872 0.264226 0.797740
1311870537.354088 -1.400535 -0.264031 0.435876 -0.108042 0.531765 0.263931 0.797429
1311870537.386038 -1.403308 -0.261738 0.431815 -0.108019 0.532882 0.263840 0.796716
1311870537.422153 -1.403354 -0.259689 0.431696 -0.110321 0.533002 0.267323 0.795159
1311870537.454193 -1.400535 -0.263354 0.437623 -0.113602 0.534663 0.267689 0.793456
1311870537.486083 -1.399626 -0.264550 0.437586 -0.113167 0.535949 0.266523 0.793043
1311870537.522105 -1.398341 -0.267077 0.437539 -0.112423 0.537882 0.264340 0.792571
1311870537.554064 -1.402158 -0.264780 0.434587 -0.108359 0.537703 0.265796 0.792771
1311870537.586084 -1.401666 -0.266868 0.436580 -0.107958 0.536708 0.268275 0.792665
1311870537.622154 -1.402232 -0.268318 0.438038 -0.106248 0.536777 0.271384 0.791791
1311870537.654062 -1.401550 -0.268610 0.440036 -0.104885 0.535175 0.274281 0.792059
1311870537.686040 -1.402330 -0.270495 0.438618 -0.103753 0.534570 0.275147 0.792316
1311870537.722168 -1.403508 -0.269234 0.435595 -0.102859 0.535177 0.274535 0.792235
1311870537.754254 -1.402891 -0.271550 0.438085 -0.103767 0.536759 0.273401 0.791438
1311870537.786249 -1.403616 -0.271241 0.435536 -0.102416 0.536561 0.273941 0.791562
1311870537.822222 -1.404927 -0.272677 0.437627 -0.103021 0.535499 0.273523 0.792346
1311870537.854262 -1.400484 -0.273788 0.439289 -0.103817 0.535236 0.271799 0.793013
1311870537.886381 -1.400147 -0.273724 0.441187 -0.102798 0.536856 0.270892 0.792361
1311870537.922171 -1.398113 -0.272249 0.441758 -0.101870 0.536586 0.270440 0.792818
1311870537.954347 -1.398821 -0.271562 0.439265 -0.101023 0.535407 0.272172 0.793131
1311870537.986107 -1.396199 -0.272531 0.440071 -0.100561 0.534796 0.273833 0.793030
1311870538.022288 -1.395090 -0.273614 0.436077 -0.100383 0.533824 0.273116 0.793954
1311870538.054071 -1.393432 -0.272872 0.438509 -0.100348 0.534178 0.272712 0.793859
1311870538.086140 -1.392781 -0.272376 0.436214 -0.098884 0.533859 0.274059 0.793793
1311870538.122594 -1.391577 -0.270616 0.439998 -0.097372 0.534079 0.272928 0.794222
1311870538.154168 -1.389112 -0.269067 0.436801 -0.096847 0.531337 0.273348 0.795979
1311870538.186414 -1.388717 -0.269615 0.434679 -0.097956 0.529697 0.271977 0.797405
1311870538.222265 -1.385480 -0.268354 0.428941 -0.098913 0.527830 0.269949 0.799212
1311870538.254167 -1.378640 -0.264586 0.433395 -0.100127 0.526988 0.268586 0.800075
1311870538.286215 -1.379689 -0.266067 0.412520 -0.102338 0.523034 0.265346 0.803464
1311870538.322310 -1.376659 -0.265306 0.410198 -0.103059 0.522490 0.262820 0.804555
1311870538.354240 -1.374565 -0.264471 0.405889 -0.103341 0.521518 0.259486 0.806229
1311870538.386094 -1.370570 -0.263872 0.399807 -0.103559 0.520035 0.256014 0.808267
1311870538.422217 -1.368049 -0.261351 0.393063 -0.102884 0.518589 0.253532 0.810063
1311870538.454159 -1.367739 -0.261429 0.393981 -0.102670 0.519293 0.252517 0.809956
1311870538.486125 -1.360055 -0.256645 0.378616 -0.102483 0.515205 0.251175 0.813002
1311870538.522200 -1.356825 -0.255849 0.374497 -0.104041 0.513571 0.249621 0.814316
1311870538.554259 -1.351709 -0.254388 0.370015 -0.103619 0.512183 0.248482 0.815591
1311870538.586143 -1.349088 -0.251700 0.362306 -0.103640 0.510521 0.246321 0.817284
1311870538.622362 -1.342915 -0.249451 0.354619 -0.103950 0.508566 0.243443 0.819324
1311870538.654294 -1.340995 -0.247203 0.349493 -0.103751 0.508105 0.240785 0.820419
1311870538.686207 -1.336011 -0.243531 0.343925 -0.103791 0.506509 0.240593 0.821456
1311870538.722309 -1.333766 -0.240229 0.335466 -0.104676 0.504453 0.239776 0.822847
1311870538.754182 -1.329976 -0.235974 0.328328 -0.105628 0.502507 0.239017 0.824136
1311870538.786218 -1.327086 -0.232959 0.323222 -0.107720 0.501694 0.238021 0.824649
1311870538.822228 -1.323637 -0.230537 0.315964 -0.109194 0.500532 0.238440 0.825040
1311870538.854281 -1.323562 -0.225955 0.313003 -0.109127 0.500797 0.238169 0.824966
1311870538.886222 -1.316508 -0.222428 0.308272 -0.110556 0.499476 0.237059 0.825896
1311870538.922182 -1.313263 -0.219589 0.311219 -0.111425 0.499539 0.235697 0.826131
1311870538.954344 -1.312219 -0.214105 0.293385 -0.110697 0.494424 0.237313 0.828838
1311870538.986328 -1.310443 -0.213238 0.288982 -0.112083 0.491336 0.238136 0.830251
1311870539.022372 -1.308775 -0.211248 0.282736 -0.112356 0.488457 0.238534 0.831798
1311870539.054236 -1.303510 -0.209347 0.277122 -0.113702 0.486363 0.237109 0.833248
1311870539.086179 -1.308153 -0.209827 0.278451 -0.115534 0.487031 0.234373 0.833380
1311870539.122393 -1.304156 -0.208966 0.274740 -0.116165 0.485513 0.232816 0.834613
1311870539.154145 -1.303566 -0.205253 0.262798 -0.114801 0.481845 0.232337 0.837057
1311870539.186213 -1.302517 -0.202725 0.260698 -0.114782 0.479841 0.231347 0.838485
1311870539.222410 -1.301655 -0.201596 0.260659 -0.114960 0.479043 0.230978 0.839018
1311870539.254251 -1.301051 -0.197811 0.252383 -0.114066 0.476464 0.232292 0.840245
1311870539.286197 -1.297585 -0.194971 0.247313 -0.115615 0.474457 0.231759 0.841316
1311870539.322337 -1.295440 -0.195905 0.244495 -0.117605 0.473640 0.232473 0.841303
1311870539.354172 -1.296448 -0.194511 0.245301 -0.117337 0.474097 0.233207 0.840880
1311870539.386179 -1.295977 -0.191389 0.236284 -0.117857 0.472756 0.233257 0.841548
1311870539.422287 -1.294649 -0.189712 0.235374 -0.118817 0.472252 0.234011 0.841486
1311870539.454836 -1.293761 -0.188119 0.235942 -0.119195 0.472216 0.236150 0.840855
1311870539.487455 -1.292500 -0.185456 0.235592 -0.118981 0.471029 0.239264 0.840671
1311870539.522354 -1.290877 -0.186515 0.231047 -0.120801 0.468799 0.241301 0.841076
1311870539.554154 -1.286995 -0.182624 0.230380 -0.120917 0.468618 0.242251 0.840887
1311870539.586271 -1.288117 -0.181114 0.233114 -0.121379 0.469911 0.243300 0.839795
1311870539.622380 -1.285140 -0.179297 0.231708 -0.122120 0.468844 0.245618 0.839609
1311870539.654246 -1.281175 -0.178618 0.228216 -0.124359 0.466934 0.248347 0.839542
1311870539.686345 -1.278990 -0.178194 0.230685 -0.126325 0.466955 0.251680 0.838244
1311870539.722235 -1.279595 -0.179875 0.235767 -0.126827 0.467970 0.253712 0.836988
1311870539.754311 -1.277697 -0.180837 0.230767 -0.127004 0.466838 0.253503 0.837657
1311870539.786602 -1.275089 -0.175972 0.232975 -0.125381 0.466982 0.252739 0.838052
1311870539.822291 -1.272652 -0.177320 0.232007 -0.124305 0.467596 0.252931 0.837812
1311870539.854254 -1.272240 -0.179749 0.228561 -0.124567 0.469882 0.249880 0.837409
1311870539.886326 -1.268759 -0.179502 0.229753 -0.124019 0.473155 0.249152 0.835863
1311870539.922326 -1.266986 -0.180128 0.230593 -0.123813 0.476949 0.246551 0.834507
1311870539.954396 -1.267898 -0.181269 0.231972 -0.122589 0.479877 0.245010 0.833463
1311870539.986265 -1.267513 -0.181449 0.231054 -0.121282 0.480237 0.244941 0.833467
1311870540.022451 -1.265417 -0.183025 0.231929 -0.120466 0.480782 0.245703 0.833047
1311870540.054248 -1.262140 -0.182594 0.230544 -0.118850 0.482168 0.246575 0.832219
1311870540.086327 -1.262091 -0.184119 0.227702 -0.118163 0.484937 0.247266 0.830502
1311870540.122405 -1.262539 -0.183546 0.228220 -0.117714 0.487562 0.249711 0.828294
1311870540.154212 -1.255084 -0.181861 0.231673 -0.116416 0.486780 0.253521 0.827780
1311870540.186183 -1.256383 -0.183887 0.231353 -0.116150 0.487087 0.253247 0.827721
1311870540.222385 -1.251497 -0.182549 0.228968 -0.115819 0.486713 0.253449 0.827925
1311870540.254274 -1.250822 -0.182058 0.229357 -0.115187 0.487138 0.255349 0.827179
1311870540.286328 -1.250714 -0.177519 0.229335 -0.113320 0.485959 0.257555 0.827447
1311870540.322198 -1.250848 -0.182473 0.228572 -0.114859 0.484742 0.259489 0.827344
1311870540.354334 -1.239332 -0.176632 0.231692 -0.113207 0.483992 0.260967 0.827546
1311870540.386386 -1.232756 -0.179450 0.226792 -0.113057 0.484353 0.259588 0.827789
1311870540.422311 -1.230350 -0.177674 0.228002 -0.111940 0.485035 0.259576 0.827545
1311870540.454309 -1.225646 -0.178573 0.226751 -0.111276 0.484199 0.260401 0.827865
1311870540.486221 -1.223510 -0.179465 0.224616 -0.110383 0.482946 0.261358 0.828415
1311870540.522337 -1.216873 -0.173331 0.224610 -0.108464 0.480823 0.259661 0.830434
1311870540.554375 -1.215582 -0.174209 0.223910 -0.108701 0.479961 0.257387 0.831609
1311870540.586464 -1.207037 -0.173868 0.220550 -0.108984 0.478113 0.255546 0.833203
1311870540.622414 -1.200296 -0.171752 0.212867 -0.109648 0.474615 0.252021 0.836183
1311870540.654269 -1.195737 -0.170973 0.211486 -0.110123 0.471393 0.249144 0.838802
1311870540.686268 -1.191560 -0.168512 0.206731 -0.109675 0.467622 0.247039 0.841589
1311870540.722364 -1.184927 -0.166596 0.202735 -0.109350 0.463157 0.246073 0.844379
1311870540.754251 -1.174376 -0.165036 0.193859 -0.109878 0.457845 0.244648 0.847615
1311870540.786246 -1.168991 -0.165282 0.187867 -0.110577 0.454665 0.241490 0.850138
1311870540.822468 -1.161083 -0.162841 0.179872 -0.110292 0.451459 0.236364 0.853318
1311870540.854236 -1.153888 -0.160359 0.173038 -0.110251 0.448750 0.233110 0.855645
1311870540.886320 -1.147669 -0.159007 0.165984 -0.111445 0.446352 0.229801 0.857637
1311870540.922347 -1.143486 -0.157096 0.162064 -0.111831 0.445212 0.226417 0.859078
1311870540.954328 -1.136161 -0.154476 0.156464 -0.111987 0.443429 0.223453 0.860755
1311870540.986261 -1.129148 -0.153925 0.147618 -0.113182 0.442242 0.220348 0.862009
1311870541.022351 -1.121666 -0.154015 0.141825 -0.113642 0.441193 0.218473 0.862962
1311870541.054387 -1.117524 -0.151951 0.136784 -0.113348 0.438917 0.218108 0.864253
1311870541.086340 -1.112845 -0.151290 0.135955 -0.114388 0.436281 0.217834 0.865519
1311870541.122437 -1.108120 -0.151303 0.130723 -0.114526 0.433109 0.216829 0.867344
1311870541.154508 -1.101307 -0.146065 0.124506 -0.113846 0.429799 0.215012 0.869530
1311870541.186431 -1.094556 -0.147032 0.116422 -0.115558 0.426850 0.211967 0.871502
1311870541.222493 -1.091621 -0.144117 0.112292 -0.116340 0.424767 0.209788 0.872942
1311870541.254588 -1.087268 -0.141441 0.107335 -0.117515 0.421939 0.208988 0.874346
1311870541.286332 -1.085340 -0.139722 0.099973 -0.118674 0.419674 0.208105 0.875490
1311870541.322625 -1.079235 -0.138801 0.096089 -0.120902 0.417986 0.207379 0.876164
1311870541.354428 -1.075554 -0.136918 0.091040 -0.121609 0.417466 0.207511 0.876283
1311870541.386374 -1.074594 -0.134351 0.088678 -0.121438 0.416944 0.207850 0.876475
1311870541.422454 -1.071754 -0.134046 0.082766 -0.122691 0.415085 0.207479 0.877271
1311870541.454513 -1.070330 -0.131693 0.078878 -0.123653 0.413961 0.206825 0.877821
1311870541.486795 -1.068127 -0.128304 0.071816 -0.124292 0.412608 0.206715 0.878394
1311870541.522439 -1.067152 -0.124041 0.066402 -0.124526 0.412022 0.207101 0.878544
1311870541.555173 -1.062371 -0.120373 0.061424 -0.125918 0.410839 0.207276 0.878859
1311870541.586667 -1.056952 -0.120391 0.058964 -0.128032 0.410115 0.206241 0.879135
1311870541.622463 -1.059253 -0.119453 0.054177 -0.127440 0.411304 0.204834 0.878994
1311870541.654490 -1.059707 -0.119447 0.051313 -0.126675 0.413084 0.202858 0.878728
1311870541.686496 -1.056822 -0.118902 0.046260 -0.125381 0.413451 0.201964 0.878947
1311870541.722353 -1.059994 -0.112308 0.045433 -0.122317 0.415848 0.201535 0.878347
1311870541.754325 -1.056049 -0.117828 0.044860 -0.121815 0.417646 0.203642 0.877076
1311870541.786545 -1.053874 -0.118204 0.039526 -0.119504 0.417371 0.205579 0.877073
1311870541.822399 -1.055832 -0.118462 0.040342 -0.118476 0.418096 0.206587 0.876631
1311870541.854332 -1.053442 -0.120262 0.042262 -0.117501 0.416874 0.208536 0.876882
1311870541.886498 -1.054780 -0.120918 0.040925 -0.115632 0.415244 0.209373 0.877704
1311870541.922427 -1.054944 -0.118431 0.037990 -0.114387 0.413649 0.208016 0.878942
1311870541.954548 -1.053508 -0.122243 0.039446 -0.114495 0.414344 0.205558 0.879179
1311870541.986569 -1.056280 -0.120869 0.040508 -0.112842 0.415142 0.205318 0.879073
1311870542.022417 -1.049674 -0.122526 0.043583 -0.112187 0.413728 0.206194 0.879618
1311870542.054327 -1.049514 -0.121715 0.044937 -0.110825 0.413591 0.206051 0.879888
1311870542.086535 -1.047136 -0.121882 0.043839 -0.110488 0.413635 0.207032 0.879680
1311870542.122433 -1.052409 -0.121200 0.052281 -0.110981 0.417026 0.208169 0.877746
1311870542.154468 -1.052797 -0.123766 0.050120 -0.111721 0.416799 0.209436 0.877459
1311870542.186374 -1.051655 -0.125277 0.053149 -0.112361 0.415385 0.206609 0.878717
1311870542.222469 -1.049639 -0.125890 0.056294 -0.111938 0.413156 0.204858 0.880230
1311870542.254367 -1.052793 -0.130595 0.055714 -0.111824 0.411991 0.203514 0.881102
1311870542.286569 -1.048025 -0.133326 0.056065 -0.110901 0.411009 0.205364 0.881248
1311870542.322368 -1.048204 -0.132867 0.057566 -0.108426 0.411559 0.209032 0.880437
1311870542.354466 -1.045706 -0.135415 0.063795 -0.108569 0.410099 0.212797 0.880198
1311870542.386344 -1.044716 -0.135560 0.065043 -0.108355 0.407839 0.213993 0.880984
1311870542.422546 -1.047783 -0.139085 0.064536 -0.108710 0.408151 0.211113 0.881491
1311870542.454398 -1.048451 -0.135245 0.069903 -0.107228 0.409921 0.209914 0.881137
1311870542.486607 -1.049080 -0.141063 0.067303 -0.107995 0.410083 0.211055 0.880696
1311870542.522398 -1.045858 -0.137005 0.069758 -0.106524 0.408897 0.214900 0.880496
1311870542.554522 -1.046601 -0.143244 0.076545 -0.108457 0.409553 0.214839 0.879971
1311870542.586430 -1.044969 -0.144446 0.075431 -0.109583 0.408917 0.214354 0.880245
1311870542.622435 -1.043984 -0.143648 0.074913 -0.110131 0.410515 0.213588 0.879619
1311870542.654545 -1.044180 -0.143315 0.078029 -0.110943 0.413098 0.213166 0.878409
1311870542.686551 -1.041621 -0.143520 0.078304 -0.112877 0.412535 0.212710 0.878537
1311870542.722485 -1.040282 -0.143995 0.080972 -0.114723 0.410510 0.212647 0.879262
1311870542.754612 -1.040705 -0.143165 0.079762 -0.115926 0.406241 0.213243 0.880941
1311870542.786515 -1.034819 -0.143161 0.077924 -0.117117 0.401423 0.213573 0.882910
1311870542.822618 -1.031163 -0.144999 0.075076 -0.117134 0.400552 0.214079 0.883180
1311870542.854518 -1.026142 -0.144447 0.072070 -0.116067 0.400929 0.215389 0.882832
1311870542.886471 -1.024366 -0.144005 0.072674 -0.115339 0.401085 0.215401 0.882854
1311870542.922511 -1.022221 -0.143107 0.070244 -0.115624 0.399133 0.213984 0.884044
1311870542.954692 -1.017692 -0.143855 0.067380 -0.116180 0.395738 0.212173 0.885932
1311870542.986531 -1.012728 -0.144352 0.063197 -0.115463 0.392032 0.211101 0.887928
1311870543.022361 -1.010533 -0.142464 0.059327 -0.114300 0.389813 0.208914 0.889571
1311870543.054503 -1.004606 -0.142775 0.051565 -0.114119 0.386978 0.208165 0.891006
1311870543.086501 -0.999903 -0.139330 0.045366 -0.112423 0.384670 0.207428 0.892392
1311870543.122447 -0.996428 -0.138708 0.042487 -0.112691 0.382245 0.206745 0.893558
1311870543.154423 -0.993146 -0.137389 0.037407 -0.112914 0.379192 0.205192 0.895188
1311870543.186537 -0.988461 -0.136824 0.029176 -0.113931 0.375880 0.203454 0.896851
1311870543.222444 -0.985652 -0.134647 0.026461 -0.115207 0.374804 0.200009 0.897912
1311870543.254396 -0.974054 -0.131548 0.012651 -0.116028 0.370366 0.196024 0.900523
1311870543.286693 -0.969216 -0.130640 0.006353 -0.117871 0.367743 0.192283 0.902163
1311870543.322559 -0.964089 -0.130438 0.000233 -0.119125 0.365422 0.188830 0.903670
1311870543.354735 -0.958754 -0.128243 -0.005330 -0.119125 0.363162 0.186563 0.905051
1311870543.386750 -0.956437 -0.124664 -0.010369 -0.118875 0.361246 0.182585 0.906660
1311870543.422566 -0.944434 -0.120368 -0.023324 -0.119005 0.356135 0.179208 0.909335
1311870543.454309 -0.942156 -0.118398 -0.031240 -0.118935 0.353920 0.176628 0.910713
1311870543.486520 -0.938059 -0.117792 -0.038799 -0.118860 0.351600 0.174801 0.911973
1311870543.522582 -0.935070 -0.114137 -0.045334 -0.118515 0.349902 0.173487 0.912921
1311870543.554798 -0.926782 -0.110659 -0.053137 -0.118735 0.346800 0.173077 0.914153
1311870543.586450 -0.925675 -0.108994 -0.057268 -0.119286 0.344983 0.173099 0.914765
1311870543.622532 -0.921650 -0.104390 -0.062235 -0.119869 0.341123 0.173869 0.915989
1311870543.654514 -0.921482 -0.105549 -0.068202 -0.121901 0.336805 0.174439 0.917210
1311870543.686479 -0.915892 -0.101170 -0.075195 -0.122998 0.331270 0.174969 0.918977
1311870543.722474 -0.906606 -0.089139 -0.079293 -0.123041 0.327686 0.173388 0.920554
1311870543.754435 -0.904703 -0.087001 -0.083902 -0.124188 0.328662 0.171115 0.920477
1311870543.786567 -0.902014 -0.088193 -0.086131 -0.123867 0.331563 0.170868 0.919526
1311870543.822562 -0.896134 -0.086065 -0.094202 -0.122517 0.333233 0.168512 0.919537
1311870543.854650 -0.900706 -0.086753 -0.096523 -0.122625 0.336541 0.167153 0.918566
1311870543.886603 -0.891046 -0.083321 -0.098555 -0.120580 0.335517 0.169494 0.918782
1311870543.922562 -0.894117 -0.079774 -0.102652 -0.119053 0.335485 0.171603 0.918601
1311870543.954493 -0.887521 -0.080791 -0.104395 -0.119074 0.333840 0.172905 0.918954
1311870543.986550 -0.884040 -0.079247 -0.108559 -0.118947 0.333903 0.172638 0.918998
1311870544.022508 -0.879362 -0.077941 -0.109259 -0.118220 0.335389 0.172762 0.918527
1311870544.054454 -0.878677 -0.075342 -0.108791 -0.117558 0.337168 0.174353 0.917659
1311870544.086527 -0.875336 -0.075550 -0.111534 -0.118918 0.338249 0.174900 0.916982
1311870544.122512 -0.872609 -0.071160 -0.111144 -0.119446 0.339213 0.176731 0.916206
1311870544.154676 -0.870386 -0.070957 -0.114476 -0.121667 0.340071 0.176341 0.915671
1311870544.186896 -0.865610 -0.066085 -0.112387 -0.123559 0.341255 0.176387 0.914968
1311870544.222602 -0.863290 -0.068362 -0.113951 -0.126271 0.343531 0.178212 0.913391
1311870544.254540 -0.856826 -0.063275 -0.112681 -0.126992 0.345423 0.177957 0.912627
1311870544.286587 -0.853772 -0.063295 -0.113202 -0.128534 0.347345 0.179682 0.911343
1311870544.322554 -0.850994 -0.059671 -0.112184 -0.129282 0.350202 0.181501 0.909781
1311870544.354609 -0.845225 -0.060838 -0.112564 -0.130765 0.352502 0.184262 0.908125
1311870544.386694 -0.841728 -0.064669 -0.111627 -0.131504 0.354458 0.185323 0.907040
1311870544.422518 -0.841203 -0.063992 -0.108658 -0.131358 0.356769 0.184584 0.906305
1311870544.454952 -0.839319 -0.064987 -0.109736 -0.129719 0.358484 0.183283 0.906129
1311870544.486493 -0.832565 -0.061435 -0.112215 -0.127648 0.359418 0.183638 0.905981
1311870544.522511 -0.830191 -0.064623 -0.110333 -0.126478 0.362309 0.186074 0.904495
1311870544.554697 -0.826894 -0.062505 -0.108839 -0.124275 0.364667 0.188497 0.903351
1311870544.586533 -0.824691 -0.060148 -0.109511 -0.122801 0.366499 0.191417 0.902196
1311870544.622497 -0.821291 -0.061269 -0.107647 -0.123311 0.367960 0.194790 0.900809
1311870544.654693 -0.818606 -0.062337 -0.107702 -0.123298 0.368452 0.196626 0.900210
1311870544.686484 -0.819044 -0.059634 -0.107014 -0.122499 0.369046 0.198185 0.899734
1311870544.722542 -0.813193 -0.061055 -0.107091 -0.123491 0.368510 0.199582 0.899509
1311870544.754551 -0.811091 -0.056235 -0.105179 -0.122698 0.368549 0.200654 0.899364
1311870544.786501 -0.806191 -0.059933 -0.106634 -0.124315 0.366911 0.203376 0.899200
1311870544.822618 -0.802856 -0.058076 -0.103444 -0.124249 0.366081 0.203899 0.899429
1311870544.855021 -0.793172 -0.058046 -0.109463 -0.124803 0.363349 0.204059 0.900423
1311870544.890655 -0.789733 -0.059135 -0.109829 -0.124913 0.362823 0.204474 0.900526
1311870544.922592 -0.787809 -0.058479 -0.111192 -0.124245 0.362058 0.203762 0.901087
1311870544.954606 -0.780077 -0.058794 -0.113070 -0.123742 0.359219 0.203628 0.902322
1311870544.990496 -0.775253 -0.058786 -0.116822 -0.123203 0.356920 0.201650 0.903751
1311870545.022553 -0.775322 -0.055313 -0.118528 -0.121623 0.355344 0.199634 0.905033
1311870545.054668 -0.770105 -0.055690 -0.122090 -0.121657 0.352746 0.196788 0.906667
1311870545.090638 -0.771526 -0.056305 -0.125394 -0.121887 0.351075 0.192944 0.908109
1311870545.122537 -0.758223 -0.050467 -0.135220 -0.122566 0.344292 0.189491 0.911336
1311870545.154758 -0.755708 -0.048250 -0.138872 -0.123791 0.340755 0.185518 0.913315
1311870545.190523 -0.754369 -0.046255 -0.145761 -0.125425 0.336715 0.182279 0.915241
1311870545.222656 -0.750053 -0.043198 -0.154051 -0.127565 0.331755 0.178680 0.917463
1311870545.254684 -0.747530 -0.041049 -0.161197 -0.129970 0.327180 0.176428 0.919203
1311870545.290663 -0.732387 -0.034802 -0.170787 -0.132277 0.320057 0.173495 0.921936
1311870545.322603 -0.728889 -0.030486 -0.178638 -0.133441 0.315897 0.170465 0.923766
1311870545.354649 -0.725090 -0.027793 -0.191317 -0.135788 0.311796 0.168077 0.925254
1311870545.390609 -0.725014 -0.023378 -0.200326 -0.137145 0.309394 0.167715 0.925926
1311870545.422677 -0.720868 -0.021301 -0.209584 -0.138996 0.306083 0.167407 0.926806
1311870545.454786 -0.721024 -0.016374 -0.217522 -0.139465 0.303035 0.166701 0.927863
1311870545.490531 -0.716952 -0.017298 -0.225901 -0.141331 0.299146 0.165131 0.929123
1311870545.522543 -0.718542 -0.019486 -0.233947 -0.142712 0.297016 0.162701 0.930023
1311870545.554599 -0.717398 -0.018383 -0.243328 -0.142804 0.294763 0.160664 0.931079
1311870545.590637 -0.715192 -0.014124 -0.250347 -0.142399 0.291888 0.158765 0.932372
1311870545.622567 -0.714366 -0.012604 -0.259437 -0.143338 0.288480 0.157681 0.933472
1311870545.654573 -0.712312 -0.013340 -0.267440 -0.144191 0.285525 0.157473 0.934284
1311870545.690650 -0.711052 -0.009477 -0.274843 -0.144453 0.283322 0.157198 0.934960
1311870545.722708 -0.708879 -0.006257 -0.283425 -0.145515 0.280335 0.157666 0.935617
1311870545.754829 -0.709225 -0.002233 -0.290474 -0.146593 0.277418 0.158832 0.936121
1311870545.790659 -0.703735 -0.000711 -0.294217 -0.148368 0.273294 0.161473 0.936602
1311870545.822700 -0.701990 0.001674 -0.302121 -0.149578 0.270381 0.161133 0.937313
1311870545.854783 -0.699684 0.001581 -0.309101 -0.151071 0.267791 0.160246 0.937970
1311870545.890801 -0.695857 0.007204 -0.314975 -0.150797 0.266205 0.158242 0.938805
1311870545.922584 -0.692455 0.009327 -0.322152 -0.151441 0.266718 0.156370 0.938869
1311870545.954811 -0.689520 0.010040 -0.326823 -0.151279 0.268317 0.156175 0.938472
1311870545.990635 -0.687989 0.010178 -0.333705 -0.150484 0.268747 0.157602 0.938238
1311870546.022658 -0.685809 0.014499 -0.337215 -0.149471 0.268425 0.158623 0.938320
1311870546.054892 -0.681853 0.012798 -0.342197 -0.149228 0.268525 0.160254 0.938053
1311870546.090934 -0.680205 0.015431 -0.348407 -0.147943 0.270368 0.160598 0.937669
1311870546.122708 -0.671056 0.015959 -0.351514 -0.147539 0.270951 0.160563 0.937570
1311870546.154630 -0.669307 0.017026 -0.355866 -0.146390 0.272964 0.161550 0.936996
1311870546.190742 -0.664979 0.018489 -0.359347 -0.145829 0.274027 0.162459 0.936617
1311870546.222659 -0.660599 0.018660 -0.361902 -0.146220 0.274450 0.163677 0.936219
1311870546.254715 -0.658745 0.023014 -0.360663 -0.145893 0.275401 0.165459 0.935678
1311870546.290727 -0.651979 0.025339 -0.361853 -0.145763 0.275248 0.168004 0.935290
1311870546.322664 -0.649660 0.021945 -0.365294 -0.147465 0.274807 0.168836 0.935002
1311870546.354807 -0.647661 0.025699 -0.365970 -0.147899 0.273859 0.167743 0.935409
1311870546.390689 -0.642939 0.027588 -0.366820 -0.148567 0.272761 0.167774 0.935618
1311870546.422785 -0.638697 0.027441 -0.365642 -0.149883 0.272012 0.166516 0.935851
1311870546.454649 -0.635513 0.028589 -0.369022 -0.150575 0.271379 0.162291 0.936665
1311870546.490793 -0.627431 0.028064 -0.369019 -0.151902 0.270640 0.159872 0.937081
1311870546.522750 -0.622592 0.029977 -0.368368 -0.151164 0.270983 0.158550 0.937326
1311870546.554861 -0.615752 0.032037 -0.365302 -0.151048 0.270386 0.157119 0.937758
1311870546.590781 -0.610684 0.030603 -0.368764 -0.151608 0.269231 0.155435 0.938280
1311870546.622718 -0.604454 0.028299 -0.368756 -0.152264 0.268106 0.154628 0.938629
1311870546.654864 -0.596965 0.030489 -0.366678 -0.151552 0.267020 0.151791 0.939517
1311870546.690819 -0.589611 0.029475 -0.365668 -0.152441 0.265221 0.149266 0.940287
1311870546.722746 -0.583404 0.029010 -0.364441 -0.151764 0.263135 0.146980 0.941342
1311870546.754758 -0.577152 0.026806 -0.362920 -0.152612 0.260241 0.146320 0.942112
1311870546.790674 -0.570372 0.026501 -0.359730 -0.152413 0.257442 0.143645 0.943324
1311870546.822614 -0.561957 0.024058 -0.359216 -0.152507 0.254733 0.140733 0.944482
1311870546.855436 -0.554314 0.019254 -0.360782 -0.152218 0.253176 0.137097 0.945482
1311870546.890755 -0.548623 0.021125 -0.356965 -0.149978 0.252397 0.135665 0.946254
1311870546.922740 -0.541099 0.020851 -0.354539 -0.147952 0.251206 0.134219 0.947096
1311870546.954680 -0.535953 0.017524 -0.353929 -0.146959 0.250300 0.132977 0.947666
1311870546.990973 -0.528917 0.016927 -0.353852 -0.145698 0.249580 0.130131 0.948445
1311870547.022663 -0.523806 0.012325 -0.356107 -0.144867 0.249386 0.128167 0.948891
1311870547.054663 -0.521224 0.015015 -0.352475 -0.142408 0.248714 0.127871 0.949479
1311870547.090644 -0.520333 0.016874 -0.349975 -0.140509 0.246906 0.125719 0.950521
1311870547.122659 -0.514792 0.015661 -0.350904 -0.140643 0.242377 0.125912 0.951640
1311870547.154863 -0.511441 0.019760 -0.350009 -0.140002 0.238477 0.127007 0.952574
1311870547.190789 -0.508453 0.022565 -0.351209 -0.140572 0.235444 0.127673 0.953155
1311870547.222724 -0.503925 0.020976 -0.347493 -0.142255 0.233338 0.127697 0.953420
1311870547.254843 -0.500490 0.022283 -0.345497 -0.142308 0.231571 0.127080 0.953925
1311870547.290729 -0.499610 0.021679 -0.345205 -0.142222 0.230093 0.126443 0.954381
1311870547.322669 -0.496926 0.019860 -0.347115 -0.141510 0.227802 0.126372 0.955045
1311870547.355067 -0.492106 0.022122 -0.347436 -0.140267 0.226001 0.125995 0.955706
1311870547.390896 -0.494358 0.025149 -0.346243 -0.138499 0.225959 0.126335 0.955929
1311870547.423247 -0.488449 0.019899 -0.348632 -0.139006 0.223173 0.129316 0.956111
1311870547.454876 -0.482897 0.018326 -0.350174 -0.139371 0.220472 0.129419 0.956671
1311870547.490882 -0.482185 0.023429 -0.349663 -0.137615 0.218525 0.129083 0.957417
1311870547.522831 -0.477999 0.025034 -0.349450 -0.137275 0.216038 0.127333 0.958264
1311870547.554861 -0.475249 0.024765 -0.350946 -0.137187 0.213734 0.124968 0.959104
1311870547.590703 -0.473444 0.025836 -0.352625 -0.136471 0.211322 0.122308 0.960083
1311870547.624176 -0.470995 0.030544 -0.352926 -0.135184 0.208554 0.120210 0.961135
1311870547.654989 -0.470567 0.028595 -0.356307 -0.136195 0.205852 0.119202 0.961700
1311870547.690803 -0.467344 0.028149 -0.360717 -0.136571 0.201934 0.118444 0.962571
1311870547.723212 -0.462231 0.026481 -0.364711 -0.137327 0.197992 0.117290 0.963423
1311870547.755090 -0.457582 0.026352 -0.367287 -0.137014 0.194816 0.116000 0.964271
1311870547.790887 -0.455852 0.029184 -0.370731 -0.135719 0.192583 0.113867 0.965156
1311870547.822833 -0.452600 0.028580 -0.375037 -0.135004 0.190749 0.112876 0.965737
1311870547.855177 -0.449094 0.030589 -0.380088 -0.133405 0.188677 0.112090 0.966457
1311870547.890824 -0.444804 0.030419 -0.384552 -0.133671 0.186415 0.112341 0.966831
1311870547.922822 -0.439713 0.033659 -0.389050 -0.133133 0.184187 0.111430 0.967437
1311870547.954984 -0.438281 0.032671 -0.397179 -0.134208 0.183061 0.109828 0.967685
1311870547.990874 -0.436212 0.033797 -0.402617 -0.134471 0.182557 0.108302 0.967916
1311870548.022941 -0.432607 0.036821 -0.406638 -0.134463 0.182440 0.106635 0.968124
1311870548.054917 -0.428736 0.036403 -0.412234 -0.135005 0.182408 0.106136 0.968110
1311870548.090697 -0.422220 0.041686 -0.413988 -0.134398 0.181449 0.105005 0.968498
1311870548.122924 -0.420702 0.042592 -0.422344 -0.135263 0.181343 0.104750 0.968424
1311870548.154835 -0.418508 0.045881 -0.425929 -0.135789 0.181631 0.104738 0.968298
1311870548.191024 -0.415238 0.047325 -0.429304 -0.137289 0.181461 0.105269 0.968061
1311870548.222826 -0.413764 0.047496 -0.432816 -0.138746 0.181095 0.105464 0.967901
1311870548.254853 -0.411819 0.050650 -0.435657 -0.139473 0.180308 0.104646 0.968032
1311870548.290832 -0.404439 0.054120 -0.439762 -0.140523 0.178349 0.103128 0.968406
1311870548.323014 -0.404896 0.053346 -0.446019 -0.141610 0.178354 0.102735 0.968288
1311870548.355018 -0.403622 0.052907 -0.451243 -0.142415 0.177642 0.101312 0.968451
1311870548.390790 -0.400207 0.056735 -0.454863 -0.142936 0.176586 0.101061 0.968593
1311870548.423124 -0.395447 0.057899 -0.457873 -0.143608 0.175882 0.100559 0.968674
1311870548.454948 -0.393089 0.057900 -0.462567 -0.144194 0.176174 0.099790 0.968614
1311870548.490974 -0.390936 0.061885 -0.466317 -0.144250 0.176687 0.098156 0.968679
1311870548.522930 -0.389303 0.065369 -0.466465 -0.144115 0.176819 0.097572 0.968734
1311870548.554992 -0.391414 0.063999 -0.473873 -0.145015 0.176596 0.098592 0.968537
1311870548.590937 -0.389034 0.064686 -0.476519 -0.145165 0.175701 0.098506 0.968686
1311870548.622907 -0.387854 0.067756 -0.478510 -0.145584 0.175966 0.097782 0.968649
1311870548.654863 -0.382597 0.071371 -0.478644 -0.145611 0.176429 0.097090 0.968630
1311870548.690823 -0.383826 0.070704 -0.483235 -0.145853 0.177974 0.095857 0.968434
1311870548.723045 -0.388959 0.071405 -0.483809 -0.146043 0.178691 0.095134 0.968344
1311870548.755029 -0.384362 0.072285 -0.481561 -0.146493 0.176245 0.095213 0.968717
1311870548.790849 -0.386969 0.070578 -0.484336 -0.145981 0.174801 0.096305 0.968947
1311870548.823040 -0.389260 0.072052 -0.482928 -0.145613 0.172254 0.097759 0.969314
1311870548.854973 -0.389762 0.074531 -0.481293 -0.145201 0.169186 0.097596 0.969932
1311870548.890795 -0.394710 0.072803 -0.484570 -0.145761 0.167042 0.097997 0.970179
1311870548.922923 -0.391746 0.072347 -0.480751 -0.146501 0.163167 0.098837 0.970642
1311870548.954848 -0.395993 0.072445 -0.481764 -0.146645 0.161446 0.099121 0.970879
1311870548.991138 -0.399168 0.073021 -0.479970 -0.146482 0.159581 0.099843 0.971138
1311870549.023006 -0.401112 0.071216 -0.480528 -0.146807 0.157664 0.100298 0.971355
1311870549.054757 -0.401764 0.075773 -0.475232 -0.145622 0.155492 0.099798 0.971935
1311870549.090938 -0.404804 0.072005 -0.475519 -0.146672 0.154545 0.100932 0.971811
1311870549.122900 -0.407122 0.068531 -0.475508 -0.146702 0.155064 0.100934 0.971723
1311870549.154892 -0.410783 0.067860 -0.474253 -0.146081 0.155846 0.100770 0.971709
1311870549.190886 -0.413107 0.065265 -0.476147 -0.147307 0.156047 0.099533 0.971619
1311870549.222929 -0.415217 0.064812 -0.470296 -0.146924 0.157756 0.098943 0.971461
1311870549.255420 -0.418483 0.060522 -0.470757 -0.146262 0.159724 0.097829 0.971352
1311870549.291238 -0.423106 0.061204 -0.466574 -0.145752 0.161695 0.097875 0.971098
1311870549.322870 -0.427842 0.059739 -0.464057 -0.145845 0.163638 0.099339 0.970610
1311870549.354935 -0.431160 0.059240 -0.461323 -0.145891 0.164304 0.101799 0.970236
1311870549.390878 -0.435187 0.058027 -0.457851 -0.147716 0.164829 0.104211 0.969614
1311870549.422995 -0.440322 0.055212 -0.454209 -0.148351 0.165914 0.105436 0.969200
1311870549.454798 -0.441774 0.053063 -0.447927 -0.148009 0.166659 0.104453 0.969230
1311870549.490948 -0.443714 0.052705 -0.444807 -0.146685 0.167893 0.102977 0.969377
1311870549.522845 -0.448003 0.052388 -0.441003 -0.145401 0.170762 0.104299 0.968928
1311870549.554992 -0.452561 0.048069 -0.438876 -0.144362 0.172666 0.107530 0.968392
1311870549.590903 -0.462614 0.048135 -0.435946 -0.143775 0.174032 0.109012 0.968069
1311870549.622816 -0.461754 0.046281 -0.432813 -0.145524 0.172134 0.111153 0.967904
1311870549.655066 -0.466009 0.043459 -0.429908 -0.145686 0.172529 0.112118 0.967698
1311870549.691035 -0.469910 0.041154 -0.425945 -0.145774 0.173186 0.111384 0.967652
1311870549.722894 -0.471780 0.040124 -0.424547 -0.145790 0.173889 0.110504 0.967624
1311870549.755228 -0.477592 0.039445 -0.422974 -0.144821 0.176369 0.110402 0.967333
1311870549.791268 -0.479944 0.039756 -0.419303 -0.144460 0.177651 0.110889 0.967096
1311870549.823422 -0.484076 0.038102 -0.421759 -0.145591 0.177875 0.112710 0.966675
1311870549.854982 -0.485885 0.037005 -0.416631 -0.147128 0.177144 0.114827 0.966327
1311870549.891018 -0.490716 0.037253 -0.412818 -0.148594 0.176330 0.115538 0.966167
1311870549.923205 -0.494934 0.036567 -0.413305 -0.150109 0.176556 0.114156 0.966056
1311870549.954941 -0.494549 0.035021 -0.407771 -0.151235 0.177054 0.115123 0.965674
1311870549.990979 -0.497703 0.033597 -0.406000 -0.151391 0.178650 0.115477 0.965313
1311870550.023489 -0.500685 0.034416 -0.406390 -0.150877 0.179229 0.114957 0.965349
1311870550.054924 -0.503038 0.033296 -0.404013 -0.150617 0.179432 0.114432 0.965414
1311870550.090979 -0.504786 0.030614 -0.405140 -0.150434 0.179857 0.113791 0.965439
1311870550.123038 -0.507163 0.029517 -0.403604 -0.150278 0.180927 0.112901 0.965368
1311870550.154996 -0.507712 0.031569 -0.401697 -0.149888 0.181998 0.112286 0.965299
1311870550.190993 -0.511498 0.031895 -0.402823 -0.149971 0.183221 0.112400 0.965041
1311870550.223075 -0.515420 0.032661 -0.399572 -0.150024 0.183589 0.111958 0.965015
1311870550.254889 -0.516800 0.028719 -0.401492 -0.151687 0.182807 0.110460 0.965076
1311870550.290958 -0.522219 0.025906 -0.398069 -0.152014 0.183748 0.109924 0.964907
1311870550.323124 -0.521474 0.026690 -0.398058 -0.151664 0.183325 0.109022 0.965145
1311870550.355127 -0.527348 0.028341 -0.398071 -0.150999 0.184316 0.107946 0.965181
1311870550.391181 -0.529194 0.024603 -0.396159 -0.152195 0.184323 0.108574 0.964921
1311870550.422917 -0.532171 0.025606 -0.395410 -0.151639 0.184032 0.108714 0.965049
1311870550.454866 -0.531563 0.027065 -0.395230 -0.152787 0.182776 0.108152 0.965169
1311870550.492495 -0.532849 0.026199 -0.392183 -0.153311 0.183158 0.107642 0.965071
1311870550.523326 -0.535990 0.026062 -0.393065 -0.153328 0.184284 0.107373 0.964884
1311870550.554989 -0.540812 0.026818 -0.393378 -0.153001 0.184979 0.106992 0.964845
1311870550.591150 -0.543498 0.027902 -0.392815 -0.153041 0.183502 0.105978 0.965233
1311870550.622970 -0.542162 0.026176 -0.394384 -0.153951 0.181020 0.105547 0.965604
1311870550.654870 -0.544454 0.026471 -0.391052 -0.154853 0.181203 0.105691 0.965410
1311870550.690953 -0.545129 0.026916 -0.390803 -0.154781 0.181683 0.106640 0.965226
1311870550.723132 -0.547811 0.025151 -0.390707 -0.155971 0.182439 0.106557 0.964901
1311870550.755207 -0.545939 0.028416 -0.389830 -0.155757 0.182049 0.107110 0.964948
1311870550.790930 -0.544004 0.028912 -0.385537 -0.155642 0.182606 0.107938 0.964769
1311870550.823148 -0.548483 0.028298 -0.387974 -0.155522 0.184629 0.107943 0.964403
1311870550.854892 -0.546811 0.029574 -0.386456 -0.155368 0.185973 0.108133 0.964148
1311870550.890890 -0.548460 0.029611 -0.384664 -0.155256 0.188272 0.108820 0.963643
1311870550.922959 -0.548183 0.023926 -0.387361 -0.155500 0.189362 0.109249 0.963341
1311870550.955055 -0.549848 0.025646 -0.386859 -0.154585 0.190473 0.109569 0.963233
1311870550.990978 -0.553531 0.024458 -0.385048 -0.154959 0.190911 0.110277 0.963006
1311870551.023157 -0.554497 0.022279 -0.381678 -0.154806 0.189794 0.110453 0.963231
1311870551.055074 -0.555889 0.025257 -0.384287 -0.153331 0.188354 0.108941 0.963921
1311870551.091058 -0.555415 0.025003 -0.385700 -0.153425 0.187333 0.108341 0.964173
1311870551.123105 -0.557212 0.023331 -0.381644 -0.153102 0.188089 0.108432 0.964067
1311870551.155407 -0.555386 0.023152 -0.384520 -0.152548 0.187033 0.108401 0.964364
1311870551.190967 -0.555310 0.024866 -0.383850 -0.152322 0.186862 0.107858 0.964493
1311870551.222839 -0.557496 0.024415 -0.383412 -0.152599 0.187539 0.107120 0.964400
1311870551.254952 -0.556177 0.026277 -0.384336 -0.152356 0.187884 0.106438 0.964447
1311870551.291052 -0.556548 0.026955 -0.380688 -0.152184 0.188835 0.105903 0.964347
1311870551.322945 -0.558078 0.023484 -0.383967 -0.153501 0.189430 0.105813 0.964032
1311870551.356465 -0.557007 0.024135 -0.382104 -0.152901 0.189583 0.105791 0.964100
1311870551.391116 -0.558782 0.021385 -0.383776 -0.152856 0.190016 0.105479 0.964056
1311870551.422998 -0.558211 0.021884 -0.382028 -0.151733 0.189526 0.104983 0.964384
1311870551.455289 -0.559477 0.021471 -0.380570 -0.151059 0.189528 0.104180 0.964576
1311870551.491038 -0.559032 0.017812 -0.382542 -0.150742 0.189374 0.103757 0.964701
1311870551.522967 -0.563151 0.017000 -0.382072 -0.149790 0.189370 0.102948 0.964937
1311870551.555084 -0.562547 0.017864 -0.382587 -0.149594 0.187849 0.102550 0.965307
1311870551.591350 -0.563150 0.019321 -0.381794 -0.149564 0.186791 0.101890 0.965587
1311870551.623031 -0.561677 0.019866 -0.380243 -0.149549 0.186160 0.100264 0.965881
1311870551.655008 -0.564114 0.017990 -0.381120 -0.150119 0.186731 0.098724 0.965841
1311870551.693173 -0.562790 0.018256 -0.382167 -0.150581 0.186530 0.098724 0.965808
1311870551.723056 -0.561268 0.017916 -0.379056 -0.150370 0.186413 0.097959 0.965942
1311870551.754947 -0.563479 0.017456 -0.379201 -0.149857 0.186269 0.097251 0.966121
1311870551.791252 -0.564605 0.018715 -0.378645 -0.149537 0.185878 0.096689 0.966302
1311870551.823042 -0.563750 0.019910 -0.378467 -0.149500 0.185368 0.097150 0.966359
1311870551.855921 -0.564081 0.017100 -0.379411 -0.149914 0.185425 0.097660 0.966233
1311870551.891133 -0.564146 0.017072 -0.379331 -0.149156 0.185380 0.096946 0.966431
1311870551.923134 -0.564811 0.017499 -0.380930 -0.149152 0.185468 0.096806 0.966428
1311870551.955109 -0.566837 0.014620 -0.384233 -0.149693 0.185156 0.097164 0.966369
1311870551.991222 -0.565076 0.016612 -0.382194 -0.149297 0.184384 0.096641 0.966630
1311870552.023035 -0.564382 0.019306 -0.381851 -0.148905 0.184486 0.095939 0.966741
1311870552.055106 -0.565245 0.018138 -0.381084 -0.149308 0.185274 0.096252 0.966497
1311870552.091138 -0.565395 0.019260 -0.381027 -0.149234 0.185658 0.096611 0.966399
1311870552.123025 -0.566187 0.018700 -0.380981 -0.149342 0.185842 0.097148 0.966293
1311870552.155057 -0.565597 0.018870 -0.382045 -0.149396 0.185420 0.097407 0.966339
1311870552.191099 -0.566137 0.019147 -0.384250 -0.149862 0.185239 0.096320 0.966411
1311870552.223069 -0.565754 0.018326 -0.384574 -0.150162 0.185339 0.096087 0.966368
1311870552.255003 -0.566091 0.019707 -0.385495 -0.150386 0.185521 0.096948 0.966213
1311870552.291108 -0.562732 0.021950 -0.384785 -0.150655 0.184969 0.097896 0.966181
1311870552.323058 -0.565035 0.021686 -0.382188 -0.151636 0.185760 0.097896 0.965876
1311870552.355142 -0.562526 0.020729 -0.383388 -0.152216 0.185370 0.098406 0.965808
1311870552.391147 -0.561580 0.021926 -0.385248 -0.151960 0.185320 0.098265 0.965872
1311870552.422923 -0.563046 0.022679 -0.383944 -0.151819 0.185852 0.098208 0.965798
1311870552.455187 -0.563682 0.021249 -0.385261 -0.151979 0.186507 0.097735 0.965694
1311870552.491593 -0.561328 0.022069 -0.383554 -0.151748 0.187377 0.097571 0.965579
1311870552.523105 -0.560560 0.020668 -0.387130 -0.151416 0.188051 0.098357 0.965420
1311870552.555087 -0.561857 0.021323 -0.386930 -0.151311 0.188612 0.099537 0.965206
1311870552.591109 -0.561428 0.020846 -0.387982 -0.151600 0.188432 0.099513 0.965198
1311870552.623006 -0.561098 0.025774 -0.387326 -0.150308 0.188726 0.099156 0.965380
1311870552.655129 -0.562727 0.022696 -0.388191 -0.150943 0.189715 0.099041 0.965099
1311870552.691009 -0.561481 0.022388 -0.389111 -0.150903 0.189242 0.099365 0.965165
1311870552.723159 -0.560204 0.019710 -0.390262 -0.151696 0.188545 0.100213 0.965089
1311870552.755159 -0.561791 0.021168 -0.390025 -0.151223 0.188772 0.099734 0.965168
1311870552.791694 -0.558422 0.024134 -0.387338 -0.150411 0.188526 0.099321 0.965386
1311870552.823129 -0.558644 0.021780 -0.389536 -0.150680 0.189179 0.100033 0.965143
1311870552.855106 -0.559488 0.022008 -0.390767 -0.150460 0.189440 0.100157 0.965113
1311870552.891135 -0.558428 0.021170 -0.390286 -0.150417 0.188997 0.100401 0.965181
1311870552.923053 -0.557478 0.022128 -0.390670 -0.149588 0.188845 0.100060 0.965375
1311870552.955086 -0.558718 0.022655 -0.391108 -0.148821 0.189555 0.099568 0.965405
1311870552.991509 -0.556821 0.023317 -0.390605 -0.148090 0.189227 0.100371 0.965499
1311870553.023056 -0.557257 0.022622 -0.393882 -0.148259 0.188955 0.101452 0.965413
1311870553.055187 -0.558487 0.021562 -0.395781 -0.148314 0.189267 0.100876 0.965404
1311870553.091104 -0.557541 0.023725 -0.393208 -0.147814 0.189554 0.100326 0.965482
1311870553.123234 -0.557085 0.024912 -0.395785 -0.147468 0.189702 0.100890 0.965447
1311870553.155044 -0.556926 0.024245 -0.394435 -0.147853 0.189324 0.101164 0.965433
1311870553.191099 -0.557667 0.022469 -0.395082 -0.148345 0.188904 0.101229 0.965433
1311870553.222942 -0.555883 0.023420 -0.395506 -0.148518 0.188604 0.100777 0.965513
1311870553.255409 -0.555167 0.024283 -0.394712 -0.148282 0.189006 0.101310 0.965415
1311870553.291041 -0.554723 0.025010 -0.397933 -0.148218 0.189076 0.102136 0.965324
1311870553.323277 -0.552985 0.025386 -0.396827 -0.148534 0.188772 0.102339 0.965313
1311870553.355140 -0.553527 0.023197 -0.398093 -0.148728 0.189130 0.102043 0.965245
1311870553.391243 -0.553482 0.023467 -0.398443 -0.148544 0.189506 0.102513 0.965149
1311870553.423106 -0.555416 0.023283 -0.400195 -0.148459 0.189831 0.102190 0.965133
1311870553.455151 -0.554657 0.023657 -0.398761 -0.148399 0.189203 0.101540 0.965334
1311870553.491155 -0.555143 0.024493 -0.400369 -0.148109 0.188960 0.100978 0.965485
1311870553.523226 -0.553031 0.024797 -0.401005 -0.148272 0.188348 0.100644 0.965614
1311870553.555238 -0.554734 0.023933 -0.400806 -0.148537 0.188890 0.100872 0.965444
1311870553.597045 -0.554711 0.024132 -0.401963 -0.148399 0.188591 0.101125 0.965497
1311870553.623237 -0.554294 0.025422 -0.402252 -0.148004 0.188242 0.101035 0.965635
1311870553.655202 -0.555615 0.024846 -0.403204 -0.148167 0.188786 0.100518 0.965558
1311870553.691133 -0.553964 0.024255 -0.402130 -0.148148 0.188558 0.100844 0.965572
1311870553.723044 -0.555095 0.024253 -0.402679 -0.147854 0.188759 0.100565 0.965607
1311870553.757175 -0.555491 0.025512 -0.404694 -0.148017 0.188497 0.100290 0.965661
1311870553.792103 -0.553891 0.025551 -0.403713 -0.148927 0.188369 0.100242 0.965551
1311870553.824352 -0.554252 0.027137 -0.404918 -0.148999 0.188694 0.099891 0.965513
1311870553.859890 -0.554385 0.024842 -0.404104 -0.149972 0.189101 0.101371 0.965129
1311870553.891715 -0.553935 0.025626 -0.402558 -0.149907 0.189557 0.101867 0.964997
1311870553.924394 -0.553746 0.026804 -0.404117 -0.149544 0.190139 0.101720 0.964954
1311870553.955671 -0.551472 0.025968 -0.403510 -0.149547 0.190560 0.101528 0.964891
1311870553.991142 -0.552360 0.025609 -0.403671 -0.149058 0.191777 0.101367 0.964743
1311870554.023227 -0.551906 0.025645 -0.405433 -0.148926 0.192496 0.101889 0.964565
1311870554.059131 -0.551531 0.024844 -0.404715 -0.149142 0.193282 0.101509 0.964414
1311870554.091067 -0.551529 0.026760 -0.405522 -0.148832 0.194112 0.101790 0.964266
1311870554.123172 -0.549778 0.025576 -0.405046 -0.148881 0.194492 0.102763 0.964078
1311870554.159427 -0.552888 0.023908 -0.405766 -0.148809 0.195739 0.102236 0.963893
1311870554.194530 -0.551958 0.023909 -0.405531 -0.148190 0.195805 0.102216 0.963977
1311870554.223628 -0.548712 0.024767 -0.405624 -0.147383 0.195373 0.102057 0.964205
1311870554.259452 -0.549727 0.023182 -0.405619 -0.146755 0.195887 0.102002 0.964203
1311870554.291215 -0.548885 0.023433 -0.404740 -0.146220 0.196196 0.101584 0.964265
1311870554.323100 -0.549511 0.024741 -0.406390 -0.145265 0.197526 0.100388 0.964263
1311870554.359316 -0.547505 0.023299 -0.405929 -0.144682 0.198590 0.101780 0.963986
1311870554.391135 -0.548147 0.025087 -0.407651 -0.142980 0.199697 0.100883 0.964106
1311870554.423274 -0.548546 0.023460 -0.405721 -0.142967 0.199920 0.101696 0.963976
1311870554.459365 -0.545855 0.021320 -0.405913 -0.142705 0.199369 0.102034 0.964094
1311870554.491233 -0.544663 0.020429 -0.403975 -0.141010 0.199106 0.102709 0.964326
1311870554.523195 -0.545786 0.023359 -0.403782 -0.137925 0.199757 0.101263 0.964790
1311870554.559252 -0.547128 0.020576 -0.406815 -0.137030 0.201180 0.100860 0.964664
1311870554.591135 -0.548653 0.022487 -0.406477 -0.134909 0.203549 0.099517 0.964606
1311870554.623261 -0.545203 0.019127 -0.407030 -0.133159 0.204688 0.099937 0.964564
1311870554.660149 -0.542699 0.021806 -0.404266 -0.129456 0.206161 0.100066 0.964741
1311870554.692618 -0.544066 0.020265 -0.404726 -0.126973 0.208942 0.098661 0.964618
1311870554.723357 -0.543164 0.019095 -0.401490 -0.123091 0.211626 0.098782 0.964523
1311870554.759191 -0.542547 0.017613 -0.405107 -0.119719 0.213404 0.098623 0.964572
1311870554.791470 -0.544080 0.015571 -0.408733 -0.117913 0.215268 0.097467 0.964498
1311870554.823586 -0.541033 0.017882 -0.399235 -0.113764 0.216703 0.097345 0.964687
1311870554.859491 -0.542380 0.018269 -0.405327 -0.109877 0.218988 0.096655 0.964691
1311870554.891334 -0.543896 0.013368 -0.405589 -0.108064 0.221356 0.096522 0.964369
1311870554.923272 -0.542651 0.012757 -0.407501 -0.105138 0.222338 0.095110 0.964607
1311870554.959174 -0.544646 0.014385 -0.405053 -0.101469 0.223322 0.094851 0.964798
1311870554.991385 -0.548518 0.015805 -0.412275 -0.099307 0.223338 0.094791 0.965025
1311870555.026905 -0.548284 0.011649 -0.410838 -0.098590 0.221540 0.094840 0.965508
1311870555.059273 -0.548513 0.014628 -0.408339 -0.096013 0.219789 0.093754 0.966274
1311870555.091165 -0.546824 0.013356 -0.405381 -0.094367 0.219197 0.091945 0.966744
1311870555.126212 -0.546354 0.012328 -0.407242 -0.091875 0.220537 0.089257 0.966931
1311870555.159123 -0.546564 0.014002 -0.408735 -0.089596 0.221986 0.088973 0.966840
1311870555.191299 -0.549058 0.010231 -0.411372 -0.089216 0.223168 0.088861 0.966613
1311870555.226157 -0.551114 0.009678 -0.411021 -0.087635 0.223336 0.089655 0.966645
1311870555.259282 -0.549975 0.011184 -0.414003 -0.086717 0.221771 0.090348 0.967024
1311870555.291227 -0.551454 0.012831 -0.416563 -0.085826 0.222283 0.090183 0.967001
1311870555.326190 -0.554463 0.009629 -0.416380 -0.085471 0.223300 0.090992 0.966722
1311870555.359267 -0.548858 0.013707 -0.410258 -0.083207 0.221689 0.091279 0.967264
1311870555.391327 -0.549068 0.011712 -0.410181 -0.082179 0.220656 0.091617 0.967556
1311870555.423263 -0.551502 0.008859 -0.412647 -0.082168 0.220493 0.090320 0.967716
1311870555.465388 -0.546870 0.012372 -0.406523 -0.080481 0.219705 0.092233 0.967856
1311870555.493443 -0.547580 0.012875 -0.409705 -0.079470 0.219498 0.092499 0.967961
1311870555.527900 -0.549357 0.008469 -0.410698 -0.079998 0.219917 0.090783 0.967985
1311870555.560098 -0.549604 0.007509 -0.410138 -0.079506 0.220406 0.089685 0.968017
1311870555.591211 -0.550060 0.010902 -0.411221 -0.076944 0.221455 0.088857 0.968061
1311870555.624804 -0.547607 0.009012 -0.413791 -0.076206 0.221173 0.088941 0.968176
1311870555.660116 -0.549415 0.008561 -0.412592 -0.075858 0.221364 0.088951 0.968159
1311870555.691414 -0.546941 0.007734 -0.409844 -0.075086 0.220856 0.089813 0.968255
1311870555.726456 -0.549422 0.010320 -0.413320 -0.073580 0.221536 0.089943 0.968204
1311870555.759372 -0.548548 0.006142 -0.411982 -0.074102 0.221966 0.089540 0.968102
1311870555.791162 -0.547961 0.007372 -0.411166 -0.073038 0.221680 0.090694 0.968142
1311870555.825897 -0.549939 0.007516 -0.412139 -0.072456 0.222055 0.090505 0.968117
1311870555.859347 -0.548134 0.007854 -0.411120 -0.071467 0.221906 0.090106 0.968262
1311870555.891306 -0.549688 0.004420 -0.410602 -0.071370 0.222534 0.090269 0.968110
1311870555.926220 -0.546793 0.006260 -0.411488 -0.070298 0.222134 0.089053 0.968393
1311870555.959431 -0.547716 0.006145 -0.410148 -0.069179 0.222365 0.089558 0.968374
1311870555.991367 -0.547134 0.005549 -0.409852 -0.068448 0.222191 0.089087 0.968509
1311870556.025722 -0.548359 0.005358 -0.411270 -0.068205 0.222198 0.088124 0.968613
1311870556.059292 -0.548105 0.005154 -0.411830 -0.067430 0.222227 0.088385 0.968636
1311870556.091457 -0.549685 0.006715 -0.412805 -0.066526 0.222436 0.087875 0.968697
1311870556.124878 -0.548567 0.006530 -0.409448 -0.066480 0.222323 0.087359 0.968773
1311870556.159233 -0.545641 0.007278 -0.408554 -0.065784 0.221464 0.088264 0.968935
1311870556.191390 -0.546826 0.003908 -0.413582 -0.066224 0.221426 0.088623 0.968881
1311870556.223200 -0.545318 0.005017 -0.407477 -0.065722 0.221871 0.088371 0.968837
1311870556.259965 -0.544477 0.008258 -0.406283 -0.064866 0.221723 0.088976 0.968873
1311870556.295605 -0.545730 0.008308 -0.406507 -0.065083 0.222360 0.088649 0.968742
1311870556.324589 -0.545227 0.007099 -0.407616 -0.065392 0.222465 0.088561 0.968706
1311870556.359340 -0.543895 0.008561 -0.408243 -0.065788 0.222187 0.087344 0.968853
1311870556.391507 -0.545087 0.007400 -0.407922 -0.066416 0.222638 0.087764 0.968668
1311870556.423779 -0.541854 0.007405 -0.405139 -0.066619 0.222198 0.087758 0.968756
1311870556.459405 -0.542849 0.006870 -0.405426 -0.066734 0.222119 0.088616 0.968688
1311870556.495280 -0.542674 0.007861 -0.406316 -0.066827 0.221942 0.088193 0.968761
1311870556.527200 -0.543391 0.002976 -0.409450 -0.068066 0.222245 0.089278 0.968506
1311870556.559413 -0.542741 0.005988 -0.405760 -0.067453 0.222526 0.088525 0.968553
1311870556.594832 -0.541163 0.004697 -0.405425 -0.068471 0.222036 0.088811 0.968568
1311870556.624698 -0.540977 0.007460 -0.405574 -0.068467 0.221741 0.088050 0.968705
1311870556.659280 -0.542331 0.003664 -0.408290 -0.069841 0.221786 0.088327 0.968572
1311870556.695113 -0.541907 0.006645 -0.401318 -0.069664 0.222209 0.087380 0.968574
1311870556.731925 -0.540979 0.007052 -0.405549 -0.071059 0.221444 0.087511 0.968636
1311870556.759291 -0.543770 0.005689 -0.407433 -0.072224 0.221993 0.087888 0.968390
1311870556.794439 -0.542774 0.009751 -0.404948 -0.072046 0.222373 0.087836 0.968320
1311870556.823188 -0.541867 0.006404 -0.405793 -0.073052 0.222207 0.088622 0.968212
1311870556.859318 -0.538621 0.007088 -0.404579 -0.073275 0.220765 0.088899 0.968499
1311870556.891802 -0.540802 0.006819 -0.404233 -0.073364 0.220862 0.088342 0.968521
1311870556.925468 -0.538903 0.006453 -0.401384 -0.073067 0.220667 0.088389 0.968584
1311870556.959298 -0.539075 0.005591 -0.403788 -0.072988 0.220793 0.088311 0.968568
1311870556.994694 -0.538344 0.009124 -0.401395 -0.071656 0.220411 0.088074 0.968776
1311870557.025411 -0.539690 0.008500 -0.400685 -0.071939 0.220101 0.087854 0.968846
1311870557.059416 -0.540595 0.006202 -0.400390 -0.072132 0.220282 0.088684 0.968715
1311870557.092050 -0.540333 0.005987 -0.402061 -0.072044 0.220224 0.088938 0.968711
1311870557.123857 -0.540208 0.004597 -0.404503 -0.072454 0.220032 0.088216 0.968790
1311870557.159497 -0.538460 0.006457 -0.403765 -0.072025 0.219401 0.088454 0.968944
1311870557.193333 -0.536711 0.007333 -0.404204 -0.071724 0.218944 0.088553 0.969060
1311870557.224989 -0.538229 0.007582 -0.406553 -0.071224 0.219004 0.088184 0.969117
1311870557.259366 -0.536692 0.007030 -0.405470 -0.071459 0.218482 0.088271 0.969210
1311870557.294693 -0.535779 0.005973 -0.407371 -0.071715 0.217886 0.088885 0.969269
1311870557.327523 -0.536730 0.007451 -0.404107 -0.071406 0.218611 0.089048 0.969113
1311870557.359424 -0.535464 0.006691 -0.401506 -0.071629 0.218724 0.089189 0.969059
1311870557.391546 -0.536987 0.002582 -0.410092 -0.072526 0.218497 0.088361 0.969119
1311870557.428674 -0.539648 0.001195 -0.411050 -0.072508 0.218873 0.087133 0.969147
1311870557.459894 -0.536110 0.004645 -0.407495 -0.071509 0.217529 0.089214 0.969334
1311870557.493549 -0.538243 0.004361 -0.405722 -0.071419 0.217883 0.088705 0.969308
1311870557.523830 -0.535451 0.006862 -0.406898 -0.071421 0.217207 0.087520 0.969567
1311870557.561270 -0.536392 0.004405 -0.407741 -0.071915 0.218334 0.085076 0.969495
1311870557.592617 -0.536813 0.004398 -0.410760 -0.071579 0.219438 0.085113 0.969267
1311870557.623903 -0.535379 0.005585 -0.407095 -0.071375 0.220309 0.086940 0.968923
1311870557.662509 -0.537615 0.005476 -0.414556 -0.072255 0.220493 0.088001 0.968720
1311870557.695104 -0.533402 0.006261 -0.407720 -0.072760 0.219660 0.088304 0.968844
1311870557.723860 -0.534365 0.003402 -0.403948 -0.072899 0.219923 0.087213 0.968872
1311870557.759892 -0.535879 0.005257 -0.408260 -0.072238 0.219973 0.084183 0.969178
1311870557.791472 -0.537710 0.003285 -0.408926 -0.072169 0.220051 0.083130 0.969257
1311870557.823593 -0.532717 0.007097 -0.405714 -0.071491 0.217972 0.084043 0.969698
1311870557.860252 -0.538369 0.004157 -0.413469 -0.073422 0.218185 0.084259 0.969487
1311870557.892852 -0.534441 0.004330 -0.408362 -0.073977 0.217635 0.085629 0.969448
1311870557.925915 -0.529163 0.006882 -0.404892 -0.072672 0.217755 0.087417 0.969360
1311870557.963591 -0.530148 0.007951 -0.399808 -0.071427 0.219239 0.087573 0.969105
1311870557.991608 -0.538538 0.002933 -0.413400 -0.070638 0.219639 0.085584 0.969249
1311870558.025204 -0.537069 0.001933 -0.413483 -0.070131 0.217402 0.084841 0.969856
1311870558.060552 -0.534702 0.005576 -0.408372 -0.069648 0.216151 0.085206 0.970138
1311870558.093485 -0.530215 0.003439 -0.409053 -0.069620 0.215843 0.085039 0.970223
1311870558.123666 -0.535532 -0.001178 -0.414228 -0.069062 0.217865 0.085545 0.969767
1311870558.161355 -0.534080 0.000635 -0.412184 -0.066979 0.218521 0.086169 0.969710
1311870558.191808 -0.537256 0.003372 -0.412535 -0.065252 0.219533 0.086224 0.969594
1311870558.223361 -0.540910 -0.006198 -0.414724 -0.067464 0.220161 0.084340 0.969466
1311870558.259368 -0.531314 0.003812 -0.414631 -0.066092 0.216528 0.090059 0.969864
1311870558.293938 -0.539094 0.003946 -0.421230 -0.067458 0.217629 0.087559 0.969753
1311870558.323308 -0.531945 0.004083 -0.417159 -0.068522 0.216528 0.087035 0.969972
1311870558.361109 -0.535553 0.004409 -0.411668 -0.068102 0.217957 0.086846 0.969698
1311870558.391543 -0.539513 0.003174 -0.415858 -0.067879 0.218797 0.085493 0.969645
1311870558.423430 -0.535286 0.005284 -0.419749 -0.067110 0.217027 0.085747 0.970074
1311870558.459503 -0.532676 0.005591 -0.418283 -0.066803 0.216276 0.086710 0.970177
1311870558.491390 -0.532485 0.005088 -0.415901 -0.067717 0.216396 0.087529 0.970013
1311870561.081717 -0.539148 0.002401 -0.421723 -0.069327 0.217480 0.085030 0.969880
1311870561.198313 -0.494388 0.061597 -0.421075 -0.118160 0.208142 0.096680 0.966110
1311870561.361909 -0.492125 0.058107 -0.419971 -0.112672 0.208476 0.094503 0.966909
1311870561.431339 -0.491560 0.054960 -0.420955 -0.110024 0.207130 0.094270 0.967525
1311870561.499130 -0.493345 0.051819 -0.418821 -0.107132 0.207227 0.093035 0.967948
1311870561.563772 -0.496002 0.052046 -0.418606 -0.103991 0.205441 0.092535 0.968719
1311870561.631953 -0.496723 0.047791 -0.421382 -0.104285 0.205362 0.091693 0.968785
1311870561.697054 -0.502587 0.050748 -0.418378 -0.102252 0.205152 0.090818 0.969128
1311870561.799438 -0.504059 0.050687 -0.416469 -0.101560 0.202944 0.090629 0.969683
1311870561.829471 -0.508976 0.049356 -0.416200 -0.102240 0.200729 0.090629 0.970073
1311870561.898860 -0.508999 0.048529 -0.415613 -0.102445 0.199500 0.090524 0.970315
1311870561.962090 -0.509892 0.045613 -0.414879 -0.102291 0.199556 0.090989 0.970276
1311870562.031321 -0.513181 0.046256 -0.414672 -0.101203 0.200110 0.091676 0.970211
1311870562.098947 -0.512972 0.046426 -0.413776 -0.101241 0.200601 0.094185 0.969865
1311870562.128860 -0.515514 0.044315 -0.414734 -0.101951 0.202056 0.099146 0.968994
1311870562.196699 -0.513663 0.044348 -0.412025 -0.101231 0.202702 0.101543 0.968686
1311870562.231536 -0.513667 0.035800 -0.413622 -0.101652 0.204620 0.100970 0.968299
1311870562.300032 -0.515364 0.035013 -0.412060 -0.098837 0.205794 0.099721 0.968471
1311870562.364858 -0.518034 0.032814 -0.413209 -0.097830 0.207291 0.099475 0.968279
1311870562.432335 -0.517504 0.030958 -0.413361 -0.095732 0.208902 0.101493 0.967933
1311870562.597000 -0.524816 0.030929 -0.412519 -0.091939 0.213138 0.100394 0.967492
1311870562.667669 -0.525099 0.032248 -0.409321 -0.092332 0.215039 0.101291 0.966940
1311870562.696764 -0.523365 0.031382 -0.405987 -0.093838 0.214881 0.103593 0.966586
1311870562.767985 -0.525370 0.030102 -0.408613 -0.094544 0.215049 0.105201 0.966306
1311870562.898088 -0.530278 0.029110 -0.403597 -0.093563 0.217959 0.105789 0.965686
1311870562.999413 -0.531064 0.032330 -0.399385 -0.093398 0.218898 0.105102 0.965564
1311870563.068108 -0.531679 0.027926 -0.399071 -0.093116 0.220086 0.105791 0.965246
1311870563.131640 -0.534904 0.029134 -0.397450 -0.092260 0.221553 0.105320 0.965044
1311870563.197720 -0.537209 0.028950 -0.396491 -0.091639 0.222441 0.106142 0.964809
1311870563.334146 -0.542206 0.027376 -0.394182 -0.094317 0.223571 0.105050 0.964409
1311870563.398492 -0.543214 0.027240 -0.393117 -0.096051 0.222979 0.104733 0.964409
1311870563.464704 -0.545006 0.027847 -0.392362 -0.097722 0.221991 0.104166 0.964531
1311870563.535746 -0.544873 0.026657 -0.391062 -0.098516 0.221805 0.104458 0.964461
1311870563.597199 -0.550140 0.024818 -0.388325 -0.099035 0.221210 0.103368 0.964662
1311870563.665851 -0.548748 0.027150 -0.383485 -0.098795 0.219698 0.101197 0.965262
1311870563.735366 -0.556746 0.025264 -0.387837 -0.099689 0.217692 0.099351 0.965817
1311870563.798425 -0.554925 0.027367 -0.383040 -0.099450 0.216844 0.098156 0.966154
1311870563.933834 -0.564644 0.018842 -0.382817 -0.100439 0.216229 0.097509 0.966255
1311870563.999300 -0.567371 0.020484 -0.380466 -0.099654 0.216839 0.097492 0.966201
1311870564.067079 -0.568372 0.020239 -0.381794 -0.100202 0.215566 0.097272 0.966452
1311870564.134885 -0.574944 0.019823 -0.379703 -0.101101 0.215721 0.096203 0.966431
1311870564.199265 -0.578288 0.022463 -0.380715 -0.101129 0.215345 0.095302 0.966601
1311870564.264917 -0.577167 0.021162 -0.379670 -0.102373 0.214999 0.095251 0.966552
1311870564.335238 -0.575455 0.025159 -0.377581 -0.101882 0.214737 0.093694 0.966814
1311870564.399530 -0.574357 0.020281 -0.380270 -0.103422 0.214209 0.094091 0.966729
1311870564.465945 -0.576614 0.021589 -0.380658 -0.103472 0.215217 0.094803 0.966430
1311870564.533196 -0.577467 0.022559 -0.381045 -0.103374 0.215962 0.095447 0.966211
1311870564.601109 -0.576667 0.022298 -0.381792 -0.103642 0.216396 0.094820 0.966147
1311870564.667669 -0.575319 0.023082 -0.381440 -0.103571 0.217440 0.095742 0.965829
1311870564.735751 -0.575624 0.024824 -0.383633 -0.103103 0.218044 0.095609 0.965756
1311870564.803439 -0.573642 0.024569 -0.381834 -0.102817 0.218543 0.096863 0.965549
1311870564.835756 -0.573009 0.023984 -0.383987 -0.102550 0.218447 0.097133 0.965572
1311870564.903714 -0.571011 0.023840 -0.384837 -0.102259 0.218748 0.097181 0.965530
1311870564.965822 -0.572556 0.024129 -0.385722 -0.101548 0.219994 0.097729 0.965267
1311870565.033600 -0.570393 0.024495 -0.385424 -0.101677 0.220399 0.098325 0.965100
1311870565.103730 -0.569938 0.022993 -0.386802 -0.102362 0.220604 0.098496 0.964963
1311870565.164984 -0.569015 0.026326 -0.385949 -0.101065 0.220249 0.098170 0.965214
1311870565.235724 -0.570866 0.027520 -0.387789 -0.099995 0.220536 0.097788 0.965299
1311870565.265740 -0.571245 0.025749 -0.389185 -0.100463 0.221093 0.097355 0.965167
1311870565.335501 -0.570611 0.027299 -0.388318 -0.100422 0.221372 0.098381 0.965003
1311870565.400919 -0.568927 0.025847 -0.388470 -0.100505 0.220467 0.098657 0.965173
1311870565.464919 -0.569821 0.024038 -0.388472 -0.100151 0.220190 0.097931 0.965347
1311870565.532754 -0.570526 0.023926 -0.389097 -0.099894 0.218843 0.098300 0.965643
1311870565.664873 -0.570646 0.024881 -0.390454 -0.099890 0.217657 0.097909 0.965951
1311870565.736099 -0.569400 0.025015 -0.389093 -0.099996 0.216947 0.097490 0.966142
1311870565.803859 -0.569495 0.023190 -0.390454 -0.100471 0.216835 0.096864 0.966181
1311870565.869644 -0.567741 0.026206 -0.390783 -0.099812 0.216566 0.096929 0.966303
1311870565.933144 -0.567756 0.026121 -0.391915 -0.100266 0.216986 0.098352 0.966018
1311870566.002704 -0.571421 0.024285 -0.391643 -0.101230 0.217694 0.098122 0.965781
1311870566.071625 -0.570431 0.024447 -0.390418 -0.101557 0.217031 0.098223 0.965886
1311870566.101903 -0.569200 0.027821 -0.392734 -0.100742 0.215866 0.098136 0.966241
1311870566.133243 -0.571199 0.025903 -0.391589 -0.101470 0.216547 0.098623 0.965963
1311870566.201045 -0.568742 0.026944 -0.391806 -0.102245 0.215880 0.099025 0.965990
1311870566.270321 -0.567831 0.024128 -0.391680 -0.102977 0.215674 0.098461 0.966015
1311870566.343851 -0.570091 0.026040 -0.392704 -0.101677 0.215916 0.097887 0.966157
1311870566.401248 -0.570250 0.026353 -0.390872 -0.101094 0.216261 0.097704 0.966160
1311870566.472310 -0.569814 0.027840 -0.392090 -0.100205 0.215782 0.098106 0.966319
1311870566.502143 -0.570104 0.025358 -0.392044 -0.100902 0.215731 0.098005 0.966268
1311870566.570302 -0.574771 0.025001 -0.392408 -0.101056 0.216155 0.097740 0.966184
1311870566.635198 -0.574432 0.022756 -0.392543 -0.101345 0.215999 0.096184 0.966345
1311870566.703464 -0.573069 0.026542 -0.392558 -0.100048 0.214875 0.096727 0.966676
1311870566.777550 -0.573231 0.021651 -0.395496 -0.100147 0.214493 0.097503 0.966673
1311870566.870075 -0.574162 0.024874 -0.392141 -0.100142 0.215930 0.096745 0.966430
1311870566.936872 -0.571560 0.026811 -0.394899 -0.100027 0.215079 0.096065 0.966699
1311870567.004483 -0.570501 0.027773 -0.394034 -0.100089 0.216450 0.096562 0.966337
1311870567.036902 -0.567891 0.025352 -0.394894 -0.101020 0.215939 0.097455 0.966265
1311870567.101332 -0.570010 0.027766 -0.394310 -0.100773 0.216607 0.097044 0.966183
1311870567.473584 -0.571543 0.026276 -0.396668 -0.099284 0.218530 0.098121 0.965795
1311870567.540209 -0.572139 0.025587 -0.399278 -0.099033 0.219154 0.098496 0.965641
1311870567.604153 -0.570346 0.026090 -0.399482 -0.099728 0.218104 0.098420 0.965815
1311870567.739514 -0.571107 0.028138 -0.399183 -0.098830 0.218546 0.097800 0.965870
1311870567.804034 -0.571131 0.026415 -0.399473 -0.098997 0.218644 0.098193 0.965791
1311870567.871833 -0.567610 0.024732 -0.397756 -0.099656 0.218494 0.097968 0.965780
1311870568.003648 -0.571050 0.025147 -0.399291 -0.099241 0.218847 0.096578 0.965883
1311870568.037029 -0.570476 0.025854 -0.399414 -0.098805 0.218922 0.096910 0.965878
1311870568.103740 -0.569013 0.025972 -0.399163 -0.098897 0.218567 0.096166 0.966023
1311870568.173341 -0.571490 0.024625 -0.397915 -0.099291 0.219571 0.095705 0.965800
1311870568.240977 -0.569889 0.025196 -0.398103 -0.098946 0.219356 0.095678 0.965887
1311870568.274175 -0.571545 0.025731 -0.397725 -0.098558 0.219871 0.095009 0.965876
1311870568.337150 -0.569299 0.025383 -0.399258 -0.098446 0.219393 0.096002 0.965898
1311870568.408980 -0.572481 0.024995 -0.399711 -0.098666 0.219946 0.095366 0.965813
1311870568.472372 -0.567196 0.025931 -0.400881 -0.098222 0.219268 0.096368 0.965913
1311870568.505016 -0.568545 0.025596 -0.399658 -0.098506 0.220727 0.097392 0.965449
1311870568.669323 -0.565808 0.026291 -0.399626 -0.097773 0.220306 0.098382 0.965519
1311870568.708062 -0.567858 0.025476 -0.401411 -0.097394 0.220743 0.097686 0.965528
1311870568.838136 -0.568197 0.025822 -0.402038 -0.096887 0.221415 0.097628 0.965431
