# timestamp tx ty tz qx qy qz qw
1305031910.765238 0.000000 0.000000 0.000000 0.000000 0.000000 0.000000 1.000000
1305031910.797230 -0.010465 -0.000100 0.002613 0.004623 -0.002801 -0.008419 0.999950
1305031910.835208 -0.017721 -0.003463 0.007345 0.005331 -0.008556 -0.014588 0.999843
1305031910.865025 -0.026470 -0.005389 0.012369 0.006988 -0.015010 -0.022261 0.999615
1305031910.897222 -0.031208 -0.010036 0.018012 0.006296 -0.024759 -0.031193 0.999187
1305031910.935211 -0.034373 -0.020908 0.026099 0.006892 -0.030877 -0.037455 0.998797
1305031910.965249 -0.048088 -0.021447 0.030290 0.013234 -0.034021 -0.041429 0.998474
1305031910.997325 -0.056685 -0.013840 0.032437 0.016830 -0.043771 -0.050273 0.997634
1305031911.035050 -0.069197 -0.021056 0.038821 0.013097 -0.053580 -0.059647 0.996695
1305031911.065269 -0.085470 -0.019850 0.043017 0.014008 -0.067937 -0.069819 0.995145
1305031911.097196 -0.088254 -0.025632 0.047837 0.011125 -0.088809 -0.082050 0.992601
1305031911.135664 -0.094327 -0.032543 0.053070 0.012578 -0.102878 -0.093266 0.990232
1305031911.165177 -0.104651 -0.032961 0.054701 0.016898 -0.114445 -0.100741 0.988164
1305031911.197213 -0.108847 -0.032154 0.056595 0.019631 -0.127223 -0.107441 0.985843
1305031911.235651 -0.117240 -0.036930 0.059185 0.020681 -0.138083 -0.114361 0.983579
1305031911.265104 -0.121573 -0.034751 0.062139 0.023569 -0.150006 -0.123224 0.980693
1305031911.297334 -0.147156 -0.036377 0.065115 0.024337 -0.147642 -0.125688 0.980720
1305031911.333191 -0.153931 -0.039669 0.069273 0.026186 -0.157368 -0.131786 0.978357
1305031911.365235 -0.156408 -0.044441 0.074589 0.028253 -0.165601 -0.138052 0.976074
1305031911.397333 -0.165025 -0.047604 0.077982 0.032024 -0.169691 -0.142225 0.974654
1305031911.433256 -0.173781 -0.044980 0.079545 0.037175 -0.175666 -0.144686 0.973050
1305031911.465250 -0.184093 -0.045216 0.081966 0.038926 -0.182674 -0.145070 0.971632
1305031911.497291 -0.193381 -0.045465 0.086127 0.041374 -0.193563 -0.145190 0.969403
1305031911.533251 -0.195887 -0.047108 0.091006 0.043303 -0.206171 -0.146017 0.966591
1305031911.565335 -0.205005 -0.051099 0.096405 0.045029 -0.215029 -0.145405 0.964672
1305031911.597302 -0.212377 -0.050836 0.099841 0.051062 -0.227403 -0.147455 0.961217
1305031911.633337 -0.213915 -0.048088 0.105348 0.055491 -0.239566 -0.153988 0.956983
1305031911.665124 -0.220092 -0.047046 0.110138 0.057862 -0.248255 -0.162118 0.953278
1305031911.697167 -0.225904 -0.045757 0.114538 0.059044 -0.257112 -0.170894 0.949317
1305031911.733203 -0.229347 -0.043360 0.119694 0.059818 -0.265075 -0.180153 0.945358
1305031911.765284 -0.233464 -0.040136 0.124587 0.059670 -0.271473 -0.189246 0.941769
1305031911.797297 -0.236752 -0.037176 0.129375 0.058767 -0.276541 -0.196792 0.938799
1305031911.833338 -0.244509 -0.032340 0.130582 0.056039 -0.280800 -0.204075 0.936144
1305031911.865269 -0.249018 -0.027897 0.133809 0.052079 -0.288965 -0.209901 0.932592
1305031911.897159 -0.254348 -0.026817 0.136556 0.046323 -0.297430 -0.214712 0.929133
1305031911.933063 -0.260201 -0.023496 0.137963 0.040454 -0.308058 -0.220520 0.924573
1305031911.965140 -0.264754 -0.020320 0.140754 0.033718 -0.322810 -0.226584 0.918323
1305031911.997252 -0.264834 -0.015770 0.143281 0.026369 -0.340196 -0.231916 0.910926
1305031912.033135 -0.265558 -0.018475 0.146988 0.015468 -0.353803 -0.235454 0.905067
1305031912.065365 -0.263879 -0.022543 0.154754 0.007635 -0.365976 -0.237642 0.899739
1305031912.096953 -0.247823 -0.040920 0.171844 0.002835 -0.369928 -0.244724 0.896245
1305031912.133282 -0.250051 -0.047123 0.175466 0.000389 -0.375576 -0.254178 0.891255
1305031912.165138 -0.248007 -0.046608 0.177835 0.004929 -0.381727 -0.265517 0.885303
1305031912.197357 -0.246995 -0.048175 0.179638 0.007856 -0.385279 -0.278334 0.879789
1305031912.233265 -0.245098 -0.049964 0.181559 0.011999 -0.387784 -0.289332 0.875081
1305031912.265090 -0.246136 -0.056189 0.182784 0.015577 -0.389549 -0.298365 0.871199
1305031912.297250 -0.243394 -0.056315 0.184766 0.028709 -0.393877 -0.302998 0.867312
1305031912.333274 -0.241999 -0.058676 0.181483 0.037619 -0.397798 -0.303263 0.865086
1305031912.365250 -0.240215 -0.059778 0.181148 0.042796 -0.401394 -0.303460 0.863112
1305031912.397198 -0.239320 -0.054471 0.177127 0.048842 -0.406774 -0.305414 0.859576
1305031912.433290 -0.235383 -0.053270 0.178425 0.050795 -0.414287 -0.311929 0.853514
1305031912.465142 -0.232778 -0.052983 0.178828 0.052130 -0.421521 -0.318356 0.847498
1305031912.497123 -0.206757 -0.068958 0.196257 0.050301 -0.425491 -0.324047 0.843458
1305031912.533113 -0.206409 -0.073100 0.198455 0.045261 -0.429447 -0.328307 0.840084
1305031912.565146 -0.203899 -0.072826 0.199925 0.041585 -0.435236 -0.329585 0.836788
1305031912.597090 -0.201509 -0.077805 0.203566 0.035536 -0.440685 -0.330194 0.833970
1305031912.633132 -0.198528 -0.080186 0.206865 0.033137 -0.445318 -0.331740 0.830989
1305031912.665220 -0.197559 -0.079899 0.206921 0.030869 -0.449425 -0.336223 0.827054
1305031912.697182 -0.199048 -0.080155 0.206959 0.028161 -0.455314 -0.342108 0.821497
1305031912.733125 -0.197040 -0.080565 0.208781 0.026049 -0.463146 -0.349180 0.814181
1305031912.765193 -0.195018 -0.085460 0.212896 0.024318 -0.468493 -0.355484 0.808427
1305031912.797155 -0.190629 -0.084871 0.215311 0.024642 -0.469339 -0.358375 0.806648
1305031912.833077 -0.189323 -0.088599 0.218283 0.023299 -0.467610 -0.360956 0.806541
1305031912.865153 -0.188968 -0.093962 0.222483 0.023078 -0.465373 -0.363052 0.806900
1305031912.897198 -0.188079 -0.093423 0.221772 0.025840 -0.460725 -0.362807 0.809590
1305031912.933115 -0.187170 -0.095044 0.221821 0.027180 -0.455514 -0.360875 0.813350
1305031912.965034 -0.187485 -0.100702 0.222602 0.030908 -0.453133 -0.362878 0.813656
1305031912.997049 -0.183400 -0.101189 0.223051 0.037855 -0.449998 -0.362145 0.815427
1305031913.033133 -0.180938 -0.100482 0.220442 0.041674 -0.446835 -0.359434 0.818174
1305031913.065209 -0.178297 -0.102679 0.221518 0.043362 -0.445634 -0.354355 0.820953
1305031913.097038 -0.174072 -0.102733 0.221995 0.045144 -0.441673 -0.345477 0.826760
1305031913.133146 -0.171842 -0.104381 0.223243 0.046218 -0.434095 -0.335274 0.834875
1305031913.165211 -0.168615 -0.104474 0.224041 0.048068 -0.423626 -0.322139 0.845255
1305031913.197113 -0.152555 -0.110687 0.233665 0.049196 -0.418947 -0.311696 0.851416
1305031913.233126 -0.150259 -0.111959 0.235134 0.049089 -0.408653 -0.296733 0.861709
1305031913.265022 -0.146732 -0.111913 0.236582 0.048928 -0.397354 -0.279006 0.872853
1305031913.297160 -0.140432 -0.115988 0.240208 0.048335 -0.385553 -0.262848 0.883133
1305031913.333122 -0.137538 -0.113430 0.240060 0.050133 -0.370708 -0.247987 0.893625
1305031913.365070 -0.133204 -0.115724 0.241417 0.050597 -0.358451 -0.236780 0.901603
1305031913.397099 -0.125882 -0.117514 0.243990 0.052244 -0.345952 -0.226411 0.909025
1305031913.433081 -0.125882 -0.117514 0.243990 0.052244 -0.345952 -0.226411 0.909025
1305031913.465231 -0.114007 -0.116185 0.245768 0.056906 -0.326163 -0.212345 0.919396
1305031913.497227 -0.108262 -0.116201 0.243472 0.057309 -0.299013 -0.193976 0.932567
1305031913.533297 -0.102084 -0.110397 0.238993 0.059327 -0.273465 -0.176943 0.943604
1305031913.565261 -0.097656 -0.114390 0.235051 0.058027 -0.249485 -0.163818 0.952656
1305031913.597139 -0.062994 -0.163002 0.294066 0.055380 -0.301066 -0.207236 0.929164
1305031913.633293 -0.050689 -0.154663 0.289159 0.060872 -0.279854 -0.194896 0.938079
1305031913.665421 -0.044792 -0.149703 0.282829 0.059054 -0.255210 -0.179860 0.948172
1305031913.697243 -0.035680 -0.147817 0.277414 0.054406 -0.232893 -0.162661 0.957258
1305031913.733097 -0.023673 -0.144955 0.272405 0.050191 -0.211160 -0.149169 0.964697
1305031913.765028 -0.015262 -0.142838 0.265978 0.043927 -0.188673 -0.136005 0.971584
1305031913.797106 -0.007552 -0.138857 0.259059 0.036936 -0.168897 -0.121957 0.977362
1305031913.833143 0.002274 -0.142188 0.254962 0.028437 -0.151625 -0.108028 0.982105
1305031913.865063 0.012502 -0.142148 0.249597 0.024575 -0.134041 -0.092131 0.986378
1305031913.897116 0.022576 -0.138749 0.242630 0.020596 -0.116702 -0.075132 0.990107
1305031913.933123 0.031915 -0.140936 0.237582 0.016507 -0.102415 -0.059547 0.992821
1305031913.965134 0.043996 -0.137075 0.230989 0.017888 -0.090487 -0.048913 0.994535
1305031913.997116 0.055604 -0.132823 0.224597 0.016219 -0.076978 -0.034883 0.996290
1305031914.033441 0.068931 -0.133920 0.219673 0.015254 -0.065002 -0.018585 0.997595
1305031914.065072 0.084462 -0.125366 0.211126 0.017735 -0.053108 -0.005936 0.998414
1305031914.097126 0.097916 -0.123319 0.204932 0.016157 -0.040506 0.003860 0.999041
1305031914.133245 0.111752 -0.120579 0.198532 0.016095 -0.028912 0.014429 0.999348
1305031914.165013 0.128788 -0.117659 0.191798 0.017474 -0.018840 0.024344 0.999373
1305031914.197110 0.146882 -0.113518 0.184044 0.019616 -0.008914 0.030785 0.999294
1305031914.233108 0.166586 -0.115904 0.177550 0.022250 0.002745 0.037591 0.999042
1305031914.265074 0.186612 -0.112723 0.169526 0.031740 0.015760 0.041074 0.998527
1305031914.297165 0.203102 -0.104398 0.160054 0.039762 0.026912 0.041632 0.997979
1305031914.333148 0.219836 -0.091717 0.150855 0.041925 0.034358 0.040959 0.997689
1305031914.365058 0.233821 -0.084381 0.144131 0.037025 0.037874 0.038703 0.997846
1305031914.397215 0.254884 -0.080877 0.137810 0.030121 0.035602 0.037926 0.998192
1305031914.433060 0.278695 -0.077196 0.130913 0.025067 0.033459 0.036832 0.998447
1305031914.465054 0.300282 -0.073583 0.123428 0.020819 0.032727 0.035445 0.998619
1305031914.497127 0.325764 -0.067427 0.114856 0.017935 0.032893 0.031337 0.998806
1305031914.533107 0.344436 -0.063008 0.106535 0.013808 0.036164 0.026839 0.998890
1305031914.565001 0.365103 -0.058951 0.098401 0.011467 0.036351 0.023231 0.999003
1305031914.597122 0.387128 -0.050303 0.088955 0.009349 0.037350 0.018371 0.999090
1305031914.633055 0.407172 -0.044350 0.081636 0.003865 0.040551 0.013115 0.999084
1305031914.665019 0.425696 -0.041147 0.075192 -0.002211 0.045843 0.011512 0.998880
1305031914.697129 0.444592 -0.041916 0.070231 -0.006984 0.050910 0.010858 0.998620
1305031914.733078 0.463758 -0.037744 0.064043 -0.006742 0.054441 0.007153 0.998469
1305031914.764901 0.479863 -0.028895 0.056539 -0.008358 0.058493 0.005754 0.998236
1305031914.797119 0.494516 -0.027644 0.052191 -0.014007 0.059242 0.005419 0.998131
1305031914.833133 0.512266 -0.030319 0.048894 -0.017798 0.056635 0.004101 0.998228
1305031914.865128 0.528652 -0.028361 0.043790 -0.018193 0.052609 0.000268 0.998449
1305031914.897188 0.545811 -0.027966 0.039085 -0.019110 0.047574 -0.001587 0.998684
1305031914.933099 0.561492 -0.032719 0.035814 -0.018551 0.041479 -0.002468 0.998964
1305031914.964978 0.582897 -0.028919 0.029444 -0.014029 0.032865 -0.007201 0.999335
1305031914.997078 0.603330 -0.024620 0.023205 -0.012383 0.028502 -0.008787 0.999478
1305031915.033152 0.620475 -0.026856 0.020432 -0.012920 0.024699 -0.008571 0.999575
1305031915.065009 0.641867 -0.023944 0.015326 -0.011462 0.019667 -0.009672 0.999694
1305031915.097024 0.660559 -0.025947 0.012181 -0.011371 0.016575 -0.013490 0.999707
1305031915.133208 0.681909 -0.028065 0.009194 -0.008481 0.012265 -0.021338 0.999661
1305031915.165021 0.700935 -0.030534 0.005942 -0.003940 0.009836 -0.031394 0.999451
1305031915.197108 0.717917 -0.031209 0.002483 0.003249 0.005806 -0.042919 0.999056
1305031915.233111 0.738420 -0.025793 -0.002667 0.009556 0.000212 -0.052957 0.998551
1305031915.264979 0.755146 -0.027314 -0.004774 0.010180 -0.004604 -0.060961 0.998078
1305031915.297152 0.769437 -0.028060 -0.006617 0.011339 -0.012272 -0.067323 0.997591
1305031915.333207 0.788818 -0.030145 -0.008183 0.011105 -0.024589 -0.073974 0.996895
1305031915.365050 0.809118 -0.034257 -0.008936 0.010563 -0.037049 -0.081552 0.995924
1305031915.397167 0.829301 -0.037204 -0.010060 0.009811 -0.048873 -0.089402 0.994747
1305031915.432960 0.848710 -0.046562 -0.009197 0.007902 -0.060985 -0.099296 0.993156
1305031915.464920 0.867306 -0.049447 -0.010656 0.010001 -0.073007 -0.115315 0.990592
1305031915.497121 0.884125 -0.050079 -0.012975 0.009172 -0.085581 -0.130900 0.987652
1305031915.533058 0.903544 -0.059265 -0.012456 0.004439 -0.099033 -0.142050 0.984883
1305031915.564985 0.927725 -0.067801 -0.011355 0.004466 -0.110599 -0.154127 0.981831
1305031915.601161 0.952475 -0.074320 -0.011127 0.005708 -0.116173 -0.167699 0.978953
1305031915.633062 0.971399 -0.082106 -0.010710 0.005989 -0.115912 -0.176665 0.977404
1305031915.665003 0.985271 -0.091384 -0.009607 0.007410 -0.114840 -0.182300 0.976485
1305031915.701106 0.999296 -0.093870 -0.010131 0.011487 -0.116720 -0.187038 0.975326
1305031915.733046 1.009743 -0.094441 -0.011181 0.011889 -0.122858 -0.190249 0.973945
1305031915.765010 1.024172 -0.095053 -0.010404 0.007842 -0.137527 -0.195675 0.970946
1305031915.801243 1.037139 -0.107180 -0.004224 0.000726 -0.153743 -0.201447 0.967358
1305031915.833049 1.056228 -0.112019 0.000189 0.001520 -0.171349 -0.209540 0.962668
1305031915.865069 1.075548 -0.112297 0.003715 0.000124 -0.186185 -0.219605 0.957658
1305031915.901234 1.092143 -0.118559 0.009849 -0.003755 -0.199606 -0.229484 0.952618
1305031915.933056 1.111575 -0.124552 0.016470 -0.008342 -0.211300 -0.238682 0.947794
1305031915.965061 1.125382 -0.138026 0.024714 -0.012449 -0.219468 -0.244719 0.944347
1305031916.001234 1.146181 -0.139697 0.029962 -0.010535 -0.226651 -0.251842 0.940794
1305031916.033043 1.159498 -0.151615 0.037155 -0.014715 -0.231326 -0.262083 0.936795
1305031916.065060 1.162369 -0.177394 0.046664 -0.013125 -0.236624 -0.271394 0.932836
1305031916.101115 1.171735 -0.188149 0.047859 0.004366 -0.246179 -0.276119 0.929051
1305031916.133093 1.181605 -0.197554 0.048160 0.023787 -0.261056 -0.277389 0.924305
1305031916.165155 1.204415 -0.191925 0.045415 0.047149 -0.280069 -0.275646 0.918345
1305031916.201031 1.227375 -0.190594 0.046820 0.057041 -0.300311 -0.276970 0.910959
1305031916.233050 1.244910 -0.208871 0.054450 0.061901 -0.318919 -0.280564 0.903185
1305031916.265060 1.264409 -0.220502 0.060256 0.075125 -0.332848 -0.285213 0.895668
1305031916.301076 1.281844 -0.230280 0.064010 0.088031 -0.343094 -0.290661 0.888850
1305031916.333426 1.295877 -0.247801 0.067545 0.101675 -0.350908 -0.294680 0.883000
1305031916.365121 1.314963 -0.257972 0.070211 0.122244 -0.355682 -0.299366 0.876885
1305031916.401006 1.329251 -0.268726 0.069551 0.140067 -0.355371 -0.301348 0.873660
1305031916.433168 1.337659 -0.277344 0.066246 0.154496 -0.355553 -0.297197 0.872575
1305031916.465124 1.345004 -0.284744 0.062276 0.166863 -0.358916 -0.290862 0.871054
1305031916.501025 1.349852 -0.289656 0.057802 0.176355 -0.365611 -0.284959 0.868347
1305031916.533266 1.332032 -0.298319 0.040584 0.174410 -0.365090 -0.294114 0.865903
1305031916.565142 1.342939 -0.302964 0.042216 0.185347 -0.379498 -0.289641 0.858915
1305031916.601238 1.350802 -0.307916 0.046843 0.190578 -0.392982 -0.288261 0.852145
1305031916.633156 1.350802 -0.307916 0.046843 0.190578 -0.392982 -0.288261 0.852145
1305031916.665139 1.360155 -0.318953 0.055412 0.197449 -0.403833 -0.287948 0.845588
1305031916.701048 1.366267 -0.330986 0.063582 0.205297 -0.412250 -0.287521 0.839783
1305031916.733056 1.369844 -0.338459 0.069241 0.212191 -0.420524 -0.286619 0.834257
1305031916.765076 1.373632 -0.352019 0.081646 0.217353 -0.430856 -0.282564 0.829022
1305031916.801088 1.380522 -0.360023 0.093272 0.224017 -0.441080 -0.275927 0.824093
1305031916.833266 1.386763 -0.370737 0.105717 0.230212 -0.450703 -0.271780 0.818538
1305031916.865085 1.389676 -0.382214 0.114822 0.234737 -0.459540 -0.268159 0.813518
1305031916.901017 1.389461 -0.396787 0.120628 0.239407 -0.469928 -0.262588 0.808022
1305031916.933088 1.394051 -0.407069 0.134359 0.245832 -0.480363 -0.257618 0.801531
1305031916.965054 1.398509 -0.414213 0.146052 0.252352 -0.488494 -0.253653 0.795835
1305031917.001132 1.396583 -0.431252 0.150002 0.257034 -0.496349 -0.248680 0.791031
1305031917.033155 1.395735 -0.447886 0.150505 0.267064 -0.504736 -0.241568 0.784578
1305031917.065136 1.399449 -0.466413 0.151266 0.279250 -0.511857 -0.237200 0.777019
1305031917.101130 1.403120 -0.475137 0.160252 0.294410 -0.517653 -0.235407 0.768077
1305031917.133106 1.403120 -0.475137 0.160252 0.294410 -0.517653 -0.235407 0.768077
1305031917.165045 1.406790 -0.482187 0.163402 0.311067 -0.521932 -0.228213 0.760751
1305031917.201175 1.411494 -0.482261 0.169221 0.325099 -0.524741 -0.221638 0.754874
1305031917.233102 1.437656 -0.397908 0.255959 0.332846 -0.525997 -0.216879 0.752000
1305031917.265163 1.439134 -0.415257 0.249756 0.340496 -0.529561 -0.210109 0.747985
1305031917.301107 1.440456 -0.436113 0.233806 0.344341 -0.533464 -0.204824 0.744911
1305031917.333229 1.439919 -0.463234 0.207736 0.342282 -0.535608 -0.204066 0.744529
1305031917.365138 1.439406 -0.484572 0.197385 0.338430 -0.538772 -0.205547 0.743599
1305031917.401065 1.439149 -0.508120 0.186164 0.331987 -0.540518 -0.210473 0.743859
1305031917.433141 1.442376 -0.523884 0.185799 0.324475 -0.540617 -0.215345 0.745705
1305031917.465076 1.445450 -0.539137 0.186890 0.314920 -0.539191 -0.220714 0.749255
1305031917.501158 1.447351 -0.560198 0.179963 0.297076 -0.535957 -0.229038 0.756331
1305031917.533057 1.453407 -0.566792 0.194674 0.283579 -0.534628 -0.237632 0.759794
1305031917.565195 1.459471 -0.574715 0.208775 0.271158 -0.533339 -0.249260 0.761507
1305031917.601069 1.466491 -0.573398 0.225139 0.259113 -0.532380 -0.259247 0.763036
1305031917.633090 1.471431 -0.588755 0.236471 0.245221 -0.532765 -0.268256 0.764243
1305031917.665060 1.479108 -0.592491 0.252033 0.233256 -0.534006 -0.275181 0.764660
1305031917.701096 1.485860 -0.600888 0.266233 0.219219 -0.535765 -0.280721 0.765568
1305031917.733003 1.494372 -0.604115 0.285379 0.205422 -0.538827 -0.284798 0.765740
1305031917.765114 1.503736 -0.604016 0.301818 0.190649 -0.540657 -0.291271 0.765835
1305031917.801048 1.512703 -0.603031 0.318590 0.172388 -0.541007 -0.297988 0.767331
1305031917.833090 1.518550 -0.609206 0.331594 0.153121 -0.541150 -0.305533 0.768349
1305031917.865107 1.527772 -0.615507 0.346310 0.134880 -0.540406 -0.316278 0.767943
1305031917.901060 1.534914 -0.620676 0.358286 0.119188 -0.536873 -0.328175 0.768025
1305031917.932948 1.547872 -0.614583 0.368703 0.103373 -0.532317 -0.337379 0.769498
1305031917.965346 1.550212 -0.631984 0.379921 0.082439 -0.528350 -0.348095 0.769987
1305031918.001098 1.576652 -0.615910 0.391606 0.097375 -0.535261 -0.343884 0.765348
1305031918.033144 1.589782 -0.609622 0.404421 0.085876 -0.531691 -0.354823 0.764219
1305031918.065137 1.586857 -0.627916 0.412626 0.068650 -0.528457 -0.370194 0.760905
1305031918.101060 1.621003 -0.592981 0.444031 0.078262 -0.535017 -0.372818 0.754081
1305031918.133054 1.631279 -0.596731 0.459585 0.070017 -0.535938 -0.384995 0.748096
1305031918.165017 1.636503 -0.610687 0.475989 0.059461 -0.534685 -0.394854 0.744760
1305031918.201086 1.645570 -0.616371 0.490817 0.053000 -0.531935 -0.401378 0.743729
1305031918.233042 1.655727 -0.621181 0.507391 0.045735 -0.528280 -0.410142 0.742033
1305031918.265256 1.663141 -0.628678 0.523914 0.038197 -0.523102 -0.420554 0.740297
1305031918.301124 1.671815 -0.635002 0.542419 0.030642 -0.517618 -0.431555 0.738169
1305031918.333165 1.676003 -0.644076 0.560244 0.022210 -0.510067 -0.444964 0.735762
1305031918.365072 1.678944 -0.656761 0.577810 0.015313 -0.503270 -0.455587 0.734115
1305031918.401030 1.690392 -0.662014 0.598964 0.010506 -0.496119 -0.463507 0.734110
1305031918.433043 1.693902 -0.672262 0.618370 0.000615 -0.486459 -0.474579 0.733574
1305031918.465089 1.693918 -0.686300 0.637409 -0.007622 -0.477444 -0.483067 0.733918
1305031918.501125 1.696055 -0.700381 0.657350 -0.011186 -0.468850 -0.489354 0.735246
1305031918.533134 1.701403 -0.709221 0.674686 -0.011947 -0.461307 -0.494156 0.736792
1305031918.565018 1.706851 -0.720701 0.694952 -0.016747 -0.455663 -0.498116 0.737544
1305031918.601029 1.704634 -0.736838 0.712430 -0.022093 -0.449971 -0.502282 0.738072
1305031918.633027 1.710468 -0.748956 0.730334 -0.023536 -0.447639 -0.506017 0.736894
1305031918.665112 1.712101 -0.762472 0.745647 -0.027166 -0.445441 -0.511997 0.733964
1305031918.701017 1.713389 -0.776621 0.760115 -0.031829 -0.445216 -0.516206 0.730959
1305031918.732948 1.712944 -0.796170 0.776488 -0.036885 -0.446186 -0.520691 0.726938
1305031918.765151 1.714886 -0.816972 0.796163 -0.035598 -0.448627 -0.527087 0.720865
1305031918.801097 1.715279 -0.833423 0.809031 -0.027453 -0.446984 -0.538104 0.714070
1305031918.833123 1.716735 -0.845031 0.818727 -0.018793 -0.445297 -0.547383 0.708329
1305031918.865115 1.716267 -0.859017 0.829024 -0.011953 -0.446791 -0.556868 0.700095
1305031918.901084 1.717190 -0.870804 0.838540 -0.003950 -0.450863 -0.566180 0.690034
1305031918.933071 1.718127 -0.881860 0.848441 0.001843 -0.457782 -0.574624 0.678410
1305031918.965058 1.718522 -0.895426 0.861249 0.006483 -0.466133 -0.583666 0.664839
1305031919.001053 1.715875 -0.906475 0.871088 0.011244 -0.473062 -0.592418 0.652018
1305031919.033082 1.720005 -0.914739 0.884842 0.014857 -0.483341 -0.596880 0.640230
1305031919.065147 1.718367 -0.925391 0.898493 0.013527 -0.491201 -0.604105 0.627373
1305031919.101028 1.715151 -0.938032 0.912956 0.013060 -0.499497 -0.611127 0.613886
1305031919.133133 1.714128 -0.948715 0.928042 0.013880 -0.506611 -0.617022 0.602027
1305031919.165110 1.712895 -0.957720 0.941457 0.013806 -0.512696 -0.622017 0.591648
1305031919.201124 1.712938 -0.965677 0.954604 0.013101 -0.519369 -0.627273 0.580184
1305031919.233093 1.709269 -0.974880 0.964761 0.012122 -0.527211 -0.634941 0.564581
1305031919.265125 1.710422 -0.985811 0.978786 0.014392 -0.538106 -0.641896 0.546081
1305031919.301119 1.708285 -0.995785 0.989187 0.015892 -0.547164 -0.648131 0.529419
1305031919.333120 1.714650 -1.007051 1.004803 0.016174 -0.560055 -0.647524 0.516517
1305031919.364948 1.717647 -1.021412 1.021198 0.013123 -0.569505 -0.650598 0.502209
1305031919.401124 1.719044 -1.033774 1.032320 -0.010564 0.576461 0.653792 -0.490037
1305031919.433256 1.722983 -1.047986 1.046322 -0.007307 0.584671 0.655781 -0.477554
1305031919.465070 1.725507 -1.064549 1.061589 -0.005231 0.591261 0.659256 -0.464505
1305031919.501049 1.725850 -1.082681 1.074776 -0.003215 0.595070 0.662595 -0.454807
1305031919.533110 1.721414 -1.101715 1.083905 -0.002554 0.597069 0.664707 -0.449073
1305031919.565165 1.725451 -1.116239 1.091915 -0.006944 0.600530 0.663386 -0.446357
1305031919.601094 1.723814 -1.132942 1.098070 -0.006386 0.603742 0.663375 -0.442027
1305031919.633127 1.717565 -1.150475 1.100768 -0.006036 0.609559 0.661807 -0.436364
1305031919.665042 1.717858 -1.169537 1.113912 -0.008399 0.619562 0.656222 -0.430633
1305031919.701092 1.708975 -1.190030 1.123741 -0.009093 0.625372 0.652930 -0.427212
1305031919.733117 1.703263 -1.205241 1.129665 -0.014627 0.630620 0.647717 -0.427278
1305031919.765060 1.703390 -1.214639 1.135844 -0.016495 0.636820 0.640839 -0.428385
1305031919.801129 1.698403 -1.223978 1.137824 -0.012784 0.644755 0.634854 -0.425545
1305031919.833072 1.696809 -1.231798 1.147675 -0.006365 0.656558 0.627347 -0.418721
1305031919.865180 1.685376 -1.242520 1.157614 0.007004 0.665913 0.624036 -0.408766
1305031919.901067 1.664215 -1.255630 1.163628 0.017535 0.674028 0.620797 -0.399987
1305031919.933102 1.654298 -1.262713 1.170420 0.022473 0.681788 0.614215 -0.396737
1305031919.965129 1.638146 -1.270815 1.178523 0.030369 0.688872 0.608320 -0.393040
1305031920.001054 1.625793 -1.275920 1.181079 0.035187 0.695491 0.601456 -0.391541
1305031920.033118 1.621721 -1.275186 1.187605 0.040402 0.703941 0.594399 -0.386683
1305031920.065136 1.602010 -1.280910 1.194469 0.051611 0.712005 0.590237 -0.376836
1305031920.101055 1.587217 -1.283924 1.203658 0.056763 0.721209 0.584030 -0.368164
1305031920.132987 1.573244 -1.284808 1.214749 0.060133 0.727676 0.580741 -0.360016
1305031920.165140 1.556555 -1.286903 1.226285 0.061810 0.732322 0.578502 -0.353863
1305031920.201166 1.538174 -1.289008 1.236859 0.061262 0.732551 0.579141 -0.352437
1305031920.233083 1.516703 -1.290601 1.242145 0.059874 0.730542 0.578668 -0.357584
1305031920.265120 1.500522 -1.292456 1.250132 0.055054 0.729547 0.575726 -0.365061
1305031920.301096 1.483622 -1.293129 1.254008 0.050255 0.725935 0.573102 -0.376890
1305031920.333124 1.469610 -1.289653 1.257456 0.044599 0.722946 0.566470 -0.393027
1305031920.365130 1.458646 -1.288958 1.263047 0.039722 0.718556 0.560862 -0.409307
1305031920.401115 1.441960 -1.289345 1.263288 0.035820 0.712524 0.556024 -0.426455
1305031920.433123 1.447613 -1.290666 1.255041 0.027184 0.706089 0.548875 -0.446581
1305031920.465148 1.422857 -1.262382 1.183911 0.035354 0.696981 0.565349 -0.439714
1305031920.501107 1.411174 -1.264361 1.182961 0.028363 0.694588 0.559923 -0.450810
1305031920.533105 1.403847 -1.264475 1.182332 0.021270 0.693343 0.554176 -0.460121
1305031920.565153 1.482813 -1.233163 1.139061 0.012830 0.692248 0.548308 -0.469027
1305031920.601126 1.469530 -1.236642 1.138790 0.009554 0.692843 0.542928 -0.474454
1305031920.633105 1.452847 -1.237952 1.145619 0.007586 0.693851 0.534872 -0.482105
1305031920.665129 1.439399 -1.247062 1.152729 0.004288 0.690095 0.528493 -0.494415
1305031920.701147 1.429090 -1.255862 1.151732 0.001926 -0.681777 -0.522187 0.512345
1305031920.733091 1.419415 -1.260824 1.152999 0.011462 -0.674803 -0.513639 0.529797
1305031920.765152 1.411660 -1.264029 1.154426 0.020592 -0.666621 -0.505609 0.547313
1305031920.801031 1.403845 -1.271843 1.154444 0.028551 -0.659300 -0.498030 0.562560
1305031920.833132 1.397425 -1.274284 1.154821 0.036373 -0.653729 -0.491053 0.574615
1305031920.865163 1.388044 -1.280691 1.155214 0.043133 -0.648034 -0.485131 0.585525
1305031920.901037 1.380522 -1.286853 1.155988 0.048125 -0.642415 -0.476712 0.598107
1305031920.933077 1.373031 -1.356733 1.246724 0.039689 -0.661612 -0.468286 0.584297
1305031920.965217 1.362001 -1.364486 1.248403 0.042175 -0.653249 -0.463228 0.597417
1305031921.001108 1.351221 -1.370892 1.247575 0.045707 -0.644236 -0.458706 0.610295
1305031921.033111 1.343552 -1.378461 1.252118 0.050903 -0.637045 -0.455037 0.620100
1305031921.065147 1.336607 -1.382491 1.253467 0.055491 -0.628057 -0.454279 0.629361
1305031921.101105 1.330422 -1.385854 1.253866 0.057212 -0.619095 -0.452292 0.639438
1305031921.133159 1.322483 -1.391791 1.259067 0.057798 -0.610301 -0.453456 0.646969
1305031921.165116 1.317682 -1.421798 1.275162 0.054673 -0.605351 -0.458471 0.648356
1305031921.201159 1.297991 -1.430217 1.281586 0.058118 -0.595852 -0.461489 0.654684
1305031921.233189 1.286694 -1.433448 1.281129 0.064814 -0.587106 -0.461485 0.661920
1305031921.265164 1.286694 -1.433448 1.281129 0.064814 -0.587106 -0.461485 0.661920
1305031921.301188 1.274602 -1.440151 1.279751 0.075223 -0.575321 -0.457517 0.673814
1305031921.333158 1.267522 -1.445216 1.279942 0.075896 -0.570662 -0.454349 0.679817
1305031921.365112 1.263209 -1.453808 1.283505 0.075185 -0.568547 -0.451034 0.683864
1305031921.401108 1.254388 -1.463221 1.288045 0.075248 -0.564682 -0.448073 0.688987
1305031921.433143 1.248802 -1.468006 1.288985 0.076539 -0.558813 -0.443526 0.696530
1305031921.465014 1.246391 -1.478340 1.292075 0.074940 -0.554267 -0.438060 0.703758
1305031921.501096 1.238937 -1.488111 1.298109 0.074236 -0.547972 -0.432205 0.712331
1305031921.533099 1.229655 -1.492682 1.299323 0.076943 -0.537593 -0.427720 0.722585
1305031921.565119 1.235122 -1.503869 1.308250 0.079879 -0.534064 -0.421068 0.728763
1305031921.601114 1.238537 -1.508402 1.314473 0.088078 -0.526611 -0.414675 0.736863
1305031921.633107 1.237251 -1.509580 1.318318 0.090059 -0.513905 -0.409435 0.748435
1305031921.665162 1.230772 -1.525083 1.325053 0.089488 -0.501078 -0.404002 0.760062
1305031921.701068 1.222695 -1.524202 1.331251 0.095809 -0.484202 -0.397325 0.773629
1305031921.733068 1.222695 -1.524202 1.331251 0.095809 -0.484202 -0.397325 0.773629
1305031921.765060 1.220693 -1.534167 1.340411 0.099419 -0.465008 -0.391743 0.787668
1305031921.801034 1.209933 -1.524452 1.343015 0.106646 -0.435168 -0.382902 0.807862
1305031921.833122 1.145450 -1.454971 1.276852 0.104263 -0.423628 -0.380806 0.815264
1305031921.865148 1.141507 -1.470231 1.280541 0.100437 -0.419442 -0.378786 0.818842
1305031921.901117 1.136425 -1.453788 1.286661 0.104827 -0.410367 -0.375895 0.824204
1305031921.933132 1.124825 -1.460430 1.287920 0.100793 -0.399851 -0.374759 0.830371
1305031921.965107 1.133411 -1.480912 1.300451 0.098172 -0.396822 -0.370813 0.833902
1305031922.001101 1.129814 -1.474316 1.306823 0.101495 -0.384477 -0.364099 0.842204
1305031922.033170 1.122963 -1.472391 1.308509 0.102331 -0.371247 -0.360226 0.849671
1305031922.065166 1.117424 -1.482356 1.307477 0.098814 -0.360423 -0.356630 0.856240
1305031922.101032 1.105375 -1.473842 1.308161 0.100165 -0.349157 -0.351508 0.862843
1305031922.133245 1.103480 -1.480119 1.309079 0.098581 -0.341425 -0.347661 0.867665
1305031922.165062 1.100674 -1.479199 1.310898 0.097656 -0.332122 -0.342824 0.873287
1305031922.201057 1.087858 -1.476123 1.310488 0.096519 -0.321293 -0.339996 0.878554
1305031922.233248 1.083237 -1.471694 1.309537 0.097903 -0.311842 -0.337340 0.882820
1305031922.265183 1.082797 -1.476783 1.308853 0.095157 -0.303273 -0.334908 0.887021
1305031922.301137 1.048475 -1.431008 1.281292 0.097799 -0.285164 -0.332494 0.893624
1305031922.333215 1.041082 -1.429769 1.279667 0.095326 -0.271633 -0.332916 0.897939
1305031922.365143 1.034015 -1.432041 1.276555 0.091970 -0.261585 -0.333195 0.901164
1305031922.401139 1.034732 -1.421597 1.281654 0.092897 -0.253013 -0.331013 0.904315
1305031922.433086 1.029821 -1.420288 1.281969 0.088088 -0.240791 -0.329870 0.908540
1305031922.465219 1.021448 -1.424005 1.277547 0.083020 -0.230791 -0.330089 0.911529
1305031922.501312 1.001867 -1.390556 1.262661 0.085032 -0.220838 -0.327893 0.914596
1305031922.533139 1.001867 -1.390556 1.262661 0.085032 -0.220838 -0.327893 0.914596
1305031922.565031 0.997650 -1.390734 1.264825 0.077840 -0.206031 -0.326813 0.919068
1305031922.601111 0.994104 -1.386208 1.267503 0.076547 -0.195100 -0.326802 0.921562
1305031922.633085 0.988394 -1.387012 1.267808 0.073910 -0.186238 -0.326620 0.923673
1305031922.665318 0.992145 -1.386391 1.269429 0.073627 -0.180398 -0.326251 0.924984
1305031922.701355 0.983340 -1.384820 1.268345 0.072618 -0.167015 -0.323971 0.928372
1305031922.733235 0.986648 -1.376790 1.269123 0.074923 -0.168222 -0.318549 0.929846
1305031922.765373 0.970381 -1.360766 1.257421 0.077460 -0.159751 -0.310668 0.933791
1305031922.801220 0.972312 -1.361264 1.257052 0.080274 -0.153039 -0.304182 0.936808
1305031922.833262 0.975253 -1.362407 1.259484 0.083429 -0.146898 -0.298987 0.939184
1305031922.865045 0.974988 -1.363468 1.260785 0.087044 -0.138036 -0.293383 0.941964
1305031922.901109 0.977778 -1.365640 1.258222 0.091430 -0.131024 -0.288919 0.943927
1305031922.933136 0.983606 -1.364363 1.259151 0.094665 -0.125502 -0.284271 0.945768
1305031922.965220 0.983210 -1.364424 1.258514 0.094506 -0.119736 -0.279695 0.947894
1305031923.001054 0.985753 -1.364644 1.254347 0.093661 -0.116345 -0.276527 0.949328
1305031923.033184 0.961783 -1.330815 1.225566 0.094398 -0.111599 -0.272798 0.950903
1305031923.065085 0.963528 -1.331165 1.226982 0.094474 -0.107774 -0.268041 0.952687
1305031923.101056 0.969913 -1.332273 1.226872 0.095185 -0.105046 -0.265322 0.953682
1305031923.133238 0.972919 -1.334168 1.227855 0.094845 -0.098372 -0.262106 0.955316
1305031923.165168 0.970866 -1.337381 1.230051 0.096915 -0.091702 -0.258727 0.956692
1305031923.201181 0.976137 -1.343341 1.227489 0.104839 -0.086857 -0.257396 0.956667
1305031923.233162 0.983362 -1.334773 1.228877 0.113945 -0.080567 -0.252929 0.957367
1305031923.265159 0.992567 -1.336186 1.227514 0.113040 -0.073659 -0.246274 0.959763
1305031923.301183 0.995549 -1.336568 1.229218 0.111180 -0.066146 -0.237762 0.962670
1305031923.333169 1.000116 -1.336768 1.228232 0.110315 -0.060249 -0.230682 0.964876
1305031923.365230 1.008308 -1.334690 1.226986 0.109602 -0.054722 -0.224495 0.966745
1305031923.401139 1.017301 -1.335644 1.226950 0.104075 -0.048837 -0.217213 0.969331
1305031923.433112 1.023361 -1.337601 1.227158 0.101629 -0.041191 -0.208917 0.971766
1305031923.465290 1.029847 -1.338986 1.224212 0.100941 -0.033147 -0.200533 0.973909
1305031923.501145 1.036573 -1.346151 1.221713 0.103492 -0.028154 -0.192640 0.975390
1305031923.533199 1.043174 -1.343106 1.214834 0.111727 -0.024035 -0.186886 0.975712
1305031923.565198 1.052189 -1.342116 1.211723 0.116540 -0.022424 -0.180926 0.976310
1305031923.601069 1.063062 -1.341683 1.205122 0.121366 -0.022321 -0.175837 0.976654
1305031923.633244 1.075117 -1.339304 1.199351 0.123750 -0.021564 -0.169535 0.977486
1305031923.665141 1.085430 -1.339945 1.192675 0.124920 -0.020918 -0.162028 0.978624
1305031923.701144 1.096889 -1.335655 1.182997 0.128558 -0.019564 -0.157742 0.978881
1305031923.733145 1.109296 -1.333378 1.176276 0.128583 -0.018495 -0.154148 0.979471
1305031923.765175 1.120833 -1.330618 1.167054 0.131377 -0.016823 -0.152295 0.979420
1305031923.801150 1.133399 -1.324533 1.159205 0.131847 -0.013137 -0.153926 0.979158
1305031923.833045 1.143587 -1.325603 1.152408 0.131564 -0.011306 -0.151074 0.979663
1305031923.865161 1.154342 -1.320442 1.142872 0.137738 -0.011185 -0.152447 0.978603
1305031923.901121 1.166547 -1.314330 1.133478 0.143705 -0.010250 -0.157702 0.976921
1305031923.933140 1.178993 -1.305533 1.124395 0.149510 -0.007953 -0.163414 0.975130
1305031923.965198 1.191636 -1.296465 1.118869 0.147771 -0.003721 -0.168822 0.974499
1305031924.001096 1.202718 -1.298447 1.111910 0.144817 -0.001036 -0.168673 0.974975
1305031924.033250 1.214150 -1.289493 1.100375 0.153131 0.002239 -0.169851 0.973497
1305031924.065224 1.231072 -1.273945 1.099925 0.156710 0.005626 -0.169971 0.972893
1305031924.101175 1.242108 -1.274262 1.094387 0.150777 0.008554 -0.168333 0.974093
1305031924.133285 1.253470 -1.268175 1.087371 0.153296 0.008947 -0.170526 0.973314
1305031924.165591 1.266841 -1.260126 1.081806 0.152193 0.008326 -0.172371 0.973168
1305031924.201130 1.276687 -1.258152 1.077915 0.148958 0.005393 -0.173821 0.973431
1305031924.233238 1.289631 -1.250018 1.070823 0.150792 0.000713 -0.179039 0.972217
1305031924.265335 1.301025 -1.245588 1.064791 0.149469 -0.002382 -0.180516 0.972146
1305031924.301099 1.313968 -1.237164 1.057816 0.149369 -0.005454 -0.181476 0.971970
1305031924.333113 1.325103 -1.231977 1.051277 0.146262 -0.008099 -0.181776 0.972368
1305031924.365169 1.335264 -1.225349 1.044145 0.145550 -0.012626 -0.184076 0.971994
1305031924.401095 1.345894 -1.217241 1.039680 0.144725 -0.019425 -0.186646 0.971515
1305031924.433069 1.356262 -1.212994 1.030589 0.142367 -0.024969 -0.189117 0.971258
1305031924.465394 1.362965 -1.208058 1.021709 0.142337 -0.029185 -0.192088 0.970562
1305031924.501116 1.370744 -1.201332 1.014898 0.144029 -0.036630 -0.194826 0.969514
1305031924.533245 1.376428 -1.195152 1.011170 0.144660 -0.045672 -0.195513 0.968897
1305031924.565264 1.382557 -1.191749 1.003652 0.147156 -0.056995 -0.197233 0.967572
1305031924.601161 1.392021 -1.186979 0.995372 0.151057 -0.067087 -0.198811 0.966000
1305031924.633221 1.397110 -1.184822 0.985316 0.155221 -0.072789 -0.198688 0.964951
1305031924.665187 1.407131 -1.177483 0.979738 0.161662 -0.080610 -0.197208 0.963575
1305031924.701168 1.415416 -1.173490 0.974312 0.165742 -0.086738 -0.197334 0.962323
1305031924.733166 1.424871 -1.167444 0.969577 0.171158 -0.092649 -0.197163 0.960858
1305031924.765170 1.436776 -1.160140 0.965727 0.174856 -0.096136 -0.198196 0.959636
1305031924.801057 1.445113 -1.155160 0.960547 0.175995 -0.095605 -0.197439 0.959637
1305031924.833187 1.454979 -1.148003 0.956616 0.178779 -0.096002 -0.196652 0.959244
1305031924.865165 1.463022 -1.136290 0.956393 0.178441 -0.094970 -0.196126 0.959518
1305031924.901110 1.470402 -1.132639 0.956606 0.172458 -0.096466 -0.195792 0.960530
1305031924.933186 1.480911 -1.132350 0.951003 0.170777 -0.100944 -0.200186 0.959464
1305031924.969060 1.487423 -1.124272 0.947183 0.171274 -0.104530 -0.202894 0.958422
1305031925.001103 1.493300 -1.117664 0.942397 0.172689 -0.107701 -0.205385 0.957286
1305031925.033148 1.499389 -1.111268 0.936910 0.175784 -0.110317 -0.207483 0.955971
1305031925.069090 1.506114 -1.104890 0.928128 0.181093 -0.111730 -0.209657 0.954340
1305031925.101107 1.513317 -1.090510 0.929290 0.185574 -0.113708 -0.209996 0.953171
1305031925.133209 1.518348 -1.080994 0.929977 0.180696 -0.114786 -0.208960 0.954206
1305031925.169080 1.522207 -1.077041 0.912901 0.175075 -0.115842 -0.209026 0.955111
1305031925.201117 1.526475 -1.072550 0.917942 0.177015 -0.120555 -0.210796 0.953781
1305031925.233193 1.534547 -1.061127 0.913998 0.176611 -0.124158 -0.212795 0.952949
1305031925.269164 1.540906 -1.053547 0.903635 0.173434 -0.126854 -0.218249 0.951943
1305031925.301283 1.547880 -1.045697 0.904024 0.172057 -0.128964 -0.222744 0.950868
1305031925.333142 1.556270 -1.035451 0.899588 0.168446 -0.129137 -0.226219 0.950671
1305031925.369107 1.563677 -1.028074 0.891287 0.164302 -0.128796 -0.232694 0.949879
1305031925.401456 1.568571 -1.021041 0.890317 0.162382 -0.128450 -0.238095 0.948917
1305031925.433406 1.574047 -1.014829 0.885519 0.162512 -0.129615 -0.241818 0.947794
1305031925.469099 1.583505 -1.007694 0.879895 0.165670 -0.129757 -0.242871 0.946959
1305031925.501267 1.590569 -0.992653 0.875950 0.171997 -0.129150 -0.243755 0.945685
1305031925.533321 1.597865 -0.976553 0.869189 0.181239 -0.122261 -0.238334 0.946257
1305031925.569132 1.609883 -0.968939 0.864940 0.185316 -0.117942 -0.230919 0.947853
1305031925.601218 1.623694 -0.961538 0.860563 0.188835 -0.113685 -0.224998 0.949101
1305031925.633430 1.636952 -0.953659 0.856700 0.189993 -0.108304 -0.220040 0.950660
1305031925.669137 1.646154 -0.946651 0.857388 0.187737 -0.104568 -0.215058 0.952665
1305031925.701322 1.662106 -0.946794 0.857749 0.185264 -0.105800 -0.213888 0.953276
1305031925.733167 1.675666 -0.941622 0.857512 0.183258 -0.107010 -0.213033 0.953720
1305031925.769246 1.689181 -0.935919 0.855982 0.179024 -0.106058 -0.210701 0.955148
1305031925.801208 1.702049 -0.929650 0.852267 0.173541 -0.101940 -0.208494 0.957090
1305031925.833148 1.714858 -0.923274 0.851003 0.166438 -0.096263 -0.205558 0.959572
1305031925.869197 1.725441 -0.919859 0.849321 0.158321 -0.089354 -0.203485 0.962052
1305031925.901176 1.736360 -0.915955 0.847681 0.151075 -0.082658 -0.200032 0.964537
1305031925.933170 1.744178 -0.911653 0.846422 0.143931 -0.077137 -0.193987 0.967317
1305031925.969198 1.756081 -0.906217 0.844721 0.135808 -0.073577 -0.189301 0.969695
1305031926.001186 1.765744 -0.902926 0.842830 0.128457 -0.070469 -0.185923 0.971579
1305031926.033156 1.776404 -0.898250 0.838820 0.123838 -0.069160 -0.181137 0.973175
1305031926.069077 1.789084 -0.892054 0.833732 0.119860 -0.066887 -0.177865 0.974435
1305031926.101106 1.799068 -0.886580 0.827584 0.117849 -0.061791 -0.176917 0.975189
1305031926.133181 1.812824 -0.880233 0.819681 0.116999 -0.057126 -0.175201 0.975886
1305031926.169101 1.822403 -0.873868 0.813146 0.113618 -0.049446 -0.172564 0.977173
1305031926.201141 1.831685 -0.867968 0.807486 0.114460 -0.042536 -0.169404 0.977953
1305031926.233134 1.847302 -0.861941 0.796961 0.114239 -0.037017 -0.166026 0.978782
1305031926.269135 1.858527 -0.856942 0.789946 0.112613 -0.030224 -0.164679 0.979431
1305031926.301054 1.871088 -0.848821 0.781534 0.114194 -0.022658 -0.163252 0.979691
1305031926.333164 1.883487 -0.842819 0.771306 0.114765 -0.013045 -0.159402 0.980434
1305031926.369064 1.893835 -0.837270 0.762678 0.116215 -0.002838 -0.155188 0.981021
1305031926.401166 1.903438 -0.833780 0.752159 0.117380 0.005698 -0.149870 0.981697
1305031926.433155 1.913960 -0.829754 0.741713 0.117540 0.013659 -0.144627 0.982385
1305031926.469090 1.922505 -0.824956 0.732827 0.118331 0.022048 -0.138902 0.982964
1305031926.501075 1.930852 -0.817293 0.722193 0.122070 0.030575 -0.131698 0.983270
1305031926.533176 1.937752 -0.812066 0.711107 0.125220 0.039644 -0.123734 0.983584
1305031926.569122 1.944303 -0.809758 0.700767 0.126947 0.047762 -0.114234 0.984151
1305031926.601166 1.949540 -0.805632 0.690622 0.128201 0.055681 -0.104435 0.984661
1305031926.633127 1.954030 -0.801739 0.681219 0.128249 0.063396 -0.093742 0.985264
1305031926.669140 1.959194 -0.796829 0.673269 0.128533 0.071013 -0.082594 0.985705
1305031926.701042 1.964213 -0.788095 0.665183 0.130799 0.080567 -0.074020 0.985353
1305031926.733207 1.970268 -0.777494 0.656996 0.133070 0.093112 -0.067146 0.984436
1305031926.769141 1.975323 -0.771486 0.649858 0.133204 0.106554 -0.056385 0.983729
1305031926.801342 1.977816 -0.765572 0.645530 0.132940 0.120662 -0.043339 0.982797
1305031926.833209 1.982396 -0.757892 0.640386 0.133587 0.135178 -0.029639 0.981327
1305031926.869333 1.997530 -0.743206 0.633547 0.135741 0.148082 -0.015181 0.979498
1305031926.901097 2.003222 -0.732519 0.630470 0.136729 0.165373 0.002316 0.976704
1305031926.933348 2.007839 -0.724157 0.625144 0.137383 0.184484 0.018743 0.973006
1305031926.969122 2.012916 -0.721645 0.619092 0.134026 0.203231 0.033131 0.969349
1305031927.001575 2.016397 -0.718092 0.615355 0.128666 0.220995 0.046812 0.965616
1305031927.033929 2.015013 -0.710839 0.617181 0.125873 0.239729 0.061440 0.960683
1305031927.070528 2.017056 -0.702931 0.613742 0.123370 0.254109 0.076171 0.956246
1305031927.101272 1.944789 -0.716016 0.653642 0.118686 0.266835 0.089930 0.952169
1305031927.133471 1.946388 -0.708637 0.652714 0.113275 0.279762 0.103087 0.947774
1305031927.169161 1.949584 -0.701065 0.650310 0.107645 0.292038 0.116074 0.943214
1305031927.201210 1.950633 -0.693655 0.650250 0.100611 0.303164 0.128823 0.938815
1305031927.233491 1.883400 -0.699857 0.692678 0.090962 0.313682 0.137592 0.935093
1305031927.269153 1.886306 -0.683512 0.695935 0.083314 0.317936 0.145917 0.933104
1305031927.301135 1.891390 -0.670754 0.694340 0.075469 0.322289 0.155101 0.930794
1305031927.333139 1.896683 -0.657399 0.695498 0.070423 0.327232 0.166131 0.927556
1305031927.369147 1.904186 -0.649964 0.689712 0.063225 0.332106 0.177424 0.924245
1305031927.401161 1.911413 -0.638042 0.688564 0.057346 0.338066 0.187227 0.920526
1305031927.433274 1.917104 -0.625603 0.686622 0.053164 0.342310 0.195547 0.917474
1305031927.469105 1.924430 -0.616152 0.682680 0.046403 0.344880 0.201726 0.915539
1305031927.501136 1.929827 -0.608545 0.681891 0.039152 0.347646 0.205697 0.913946
1305031927.533182 1.935066 -0.595484 0.680365 0.036055 0.349548 0.208076 0.912809
1305031927.569225 1.940122 -0.585643 0.676422 0.031114 0.350029 0.208504 0.912709
1305031927.601132 1.945971 -0.580572 0.673397 0.022310 0.349184 0.208000 0.913405
1305031927.633201 1.950736 -0.573107 0.673855 0.013992 0.347929 0.206081 0.914484
1305031927.669158 1.957888 -0.557947 0.670947 0.010265 0.344312 0.198502 0.917573
1305031927.701131 1.964696 -0.554377 0.668422 0.001677 0.341972 0.190032 0.920293
1305031927.733219 1.970860 -0.548925 0.667516 -0.005728 0.340332 0.182346 0.922438
1305031927.769158 1.977518 -0.542912 0.666001 -0.011880 0.338264 0.175589 0.924448
1305031927.801109 1.985686 -0.536950 0.665002 -0.015620 0.337104 0.170613 0.925747
1305031927.833282 1.993910 -0.530391 0.660107 -0.018590 0.335888 0.167629 0.926679
1305031927.869143 2.002872 -0.526909 0.656230 -0.023314 0.335593 0.167223 0.926752
1305031927.901130 2.013092 -0.521170 0.654135 -0.024873 0.336001 0.166392 0.926714
1305031927.933465 2.023292 -0.511766 0.647272 -0.023932 0.336141 0.164258 0.927068
1305031927.969176 2.032492 -0.506547 0.640162 -0.025534 0.335220 0.164679 0.927284
1305031928.001134 2.043340 -0.500672 0.634173 -0.026845 0.335189 0.165293 0.927149
1305031928.033186 2.055940 -0.489915 0.623034 -0.026526 0.334248 0.164872 0.927573
1305031928.069125 2.066331 -0.484411 0.613461 -0.030134 0.334535 0.166520 0.927065
1305031928.101114 2.076850 -0.479296 0.608096 -0.032536 0.335661 0.168946 0.926137
1305031928.133202 2.088704 -0.471347 0.598616 -0.033988 0.336219 0.169361 0.925807
1305031928.169018 2.100424 -0.464791 0.590841 -0.035349 0.339258 0.169652 0.924593
1305031928.201096 2.111969 -0.460866 0.583065 -0.036573 0.344336 0.171032 0.922411
1305031928.233133 2.119551 -0.452579 0.573389 -0.036689 0.351000 0.173210 0.919484
1305031928.269216 2.126835 -0.451849 0.568606 -0.038631 0.358020 0.178700 0.915639
1305031928.301255 2.133126 -0.447101 0.562917 -0.037243 0.364246 0.184273 0.912130
1305031928.333609 2.139919 -0.443184 0.555014 -0.036116 0.370045 0.190527 0.908549
1305031928.369520 2.145789 -0.442033 0.550591 -0.034239 0.376916 0.198845 0.904004
1305031928.401116 2.152361 -0.439861 0.543885 -0.030420 0.384012 0.208503 0.898964
1305031928.433543 2.161189 -0.436443 0.535483 -0.024929 0.392955 0.220133 0.892472
1305031928.469232 2.167004 -0.432565 0.526816 -0.018222 0.403368 0.233294 0.884611
1305031928.501428 2.173283 -0.433585 0.520237 -0.011094 0.414335 0.247842 0.875659
1305031928.533982 2.176668 -0.430844 0.514651 -0.000286 0.424549 0.260289 0.867184
1305031928.569299 2.179008 -0.426198 0.503782 0.009575 0.433208 0.269572 0.859983
1305031928.601271 2.136110 -0.411858 0.496633 0.016765 0.424983 0.259550 0.867031
1305031928.633595 2.137223 -0.407457 0.488735 0.029247 0.437491 0.265579 0.858612
1305031928.669146 2.136438 -0.404534 0.480603 0.041545 0.450753 0.267949 0.850470
1305031928.701110 2.134679 -0.404404 0.473073 0.052482 0.462940 0.269068 0.842932
1305031928.733185 2.090655 -0.407742 0.466166 0.057092 0.451541 0.253483 0.853579
1305031928.769202 2.091355 -0.411574 0.457095 0.067926 0.462352 0.256489 0.846068
1305031928.801117 2.090128 -0.413889 0.448621 0.079812 0.472454 0.257249 0.839190
1305031928.833193 2.088955 -0.417112 0.439956 0.091746 0.482560 0.257580 0.832089
1305031928.869148 2.086175 -0.420877 0.433718 0.103762 0.493120 0.257492 0.824478
1305031928.901197 2.083517 -0.425762 0.426019 0.115836 0.503387 0.257252 0.816704
1305031928.933215 2.079728 -0.428034 0.420072 0.130237 0.514175 0.254992 0.808481
1305031928.969097 2.075753 -0.431916 0.413144 0.144064 0.526127 0.250111 0.799925
1305031929.001155 2.082783 -0.459527 0.378589 0.151722 0.528009 0.261512 0.793599
1305031929.033640 2.079742 -0.463698 0.370910 0.164188 0.540367 0.258909 0.783589
1305031929.069089 2.074559 -0.468880 0.364174 0.176437 0.554352 0.253920 0.772715
1305031929.101213 2.071520 -0.473135 0.357658 0.187342 0.568062 0.249969 0.761396
1305031929.133202 2.065809 -0.481199 0.351111 0.199598 0.581444 0.247726 0.748809
1305031929.169204 2.061161 -0.487158 0.344983 0.211398 0.593437 0.244975 0.736974
1305031929.201163 2.056082 -0.491578 0.341261 0.223156 0.604939 0.243414 0.724569
1305031929.233293 2.049695 -0.500063 0.331282 0.236708 0.614972 0.243617 0.711638
1305031929.269214 2.044400 -0.504157 0.323940 0.251450 0.624460 0.241394 0.698965
1305031929.301292 2.037647 -0.511830 0.319459 0.262663 0.634620 0.239269 0.686306
1305031929.333529 2.029956 -0.518236 0.317501 0.274645 0.643786 0.238233 0.673316
1305031929.369189 2.023173 -0.524333 0.308875 0.286508 0.649357 0.237698 0.663135
1305031929.401369 2.014724 -0.532300 0.299025 0.296813 0.652779 0.237230 0.655365
1305031929.433239 2.005656 -0.542589 0.294168 0.306010 0.657464 0.234692 0.647316
1305031929.469219 1.996607 -0.550280 0.289727 0.314705 0.661892 0.231884 0.639601
1305031929.501198 1.987809 -0.559140 0.285804 0.323142 0.665666 0.229539 0.632281
1305031929.533262 1.978632 -0.567084 0.282171 0.331198 0.669743 0.226326 0.624923
1305031929.569172 1.969448 -0.576089 0.277039 0.338145 0.673687 0.222901 0.618158
1305031929.601101 1.959357 -0.586246 0.272634 0.344273 0.677727 0.217822 0.612141
1305031929.634447 1.949418 -0.593600 0.274383 0.350744 0.683279 0.210914 0.604668
1305031929.669287 1.939176 -0.600963 0.271053 0.356187 0.687623 0.204166 0.598850
1305031929.701269 1.930507 -0.604148 0.278361 0.363526 0.692135 0.196582 0.591737
1305031929.733617 1.926743 -0.591365 0.301713 0.372490 0.694697 0.189248 0.585519
1305031929.769190 1.919551 -0.593235 0.306050 0.378903 0.694432 0.182334 0.583910
1305031929.801229 1.911300 -0.603521 0.304609 0.384879 0.693990 0.175634 0.582580
1305031929.833358 1.902234 -0.603813 0.304383 0.391229 0.693103 0.168071 0.581636
1305031929.869242 1.895246 -0.608708 0.305105 0.396247 0.692258 0.161392 0.581137
1305031929.901292 1.887805 -0.610455 0.303970 0.401270 0.690948 0.154955 0.581001
1305031929.933176 1.879532 -0.610890 0.299606 0.404929 0.690546 0.149175 0.580453
1305031929.969176 1.869004 -0.609002 0.294828 0.406551 0.691308 0.145766 0.579277
1305031930.001350 1.862595 -0.596272 0.295492 0.410338 0.692236 0.143370 0.576087
1305031930.033650 1.855799 -0.590268 0.293298 0.412454 0.693164 0.144945 0.573058
1305031930.069293 1.850696 -0.582302 0.289894 0.413874 0.693283 0.148333 0.571020
1305031930.101133 1.846706 -0.575299 0.287360 0.413044 0.694046 0.151407 0.569886
1305031930.134163 1.842658 -0.565968 0.289859 0.409373 0.696854 0.154078 0.568391
1305031930.169117 1.837363 -0.563543 0.287578 0.405613 0.700982 0.159046 0.564630
1305031930.201148 1.832328 -0.554796 0.284356 0.401817 0.705733 0.164932 0.559715
1305031930.233355 1.830133 -0.547018 0.279542 0.394997 0.711197 0.170997 0.555820
1305031930.269064 1.829597 -0.538181 0.279226 0.389518 0.717422 0.177276 0.549685
1305031930.301105 1.826096 -0.527882 0.277408 0.384549 0.722369 0.185632 0.543917
1305031930.333138 1.823903 -0.518843 0.275734 0.376307 0.727800 0.194202 0.539431
1305031930.369794 1.821092 -0.511766 0.273866 0.368246 0.733921 0.202942 0.533451
1305031930.401077 1.826265 -0.483207 0.288677 0.359600 0.740130 0.204859 0.530027
1305031930.433290 1.822634 -0.474028 0.282797 0.351571 0.743754 0.214487 0.526520
1305031930.469130 1.824709 -0.462707 0.295652 0.345847 0.747282 0.224462 0.521130
1305031930.501044 1.826201 -0.450693 0.300574 0.340357 0.747592 0.237319 0.518598
1305031930.533067 1.824161 -0.439894 0.293841 0.332432 0.747145 0.248906 0.518949
1305031930.569007 1.821989 -0.432003 0.288109 0.323541 0.748117 0.258342 0.518557
1305031930.601041 1.820831 -0.420771 0.296686 0.314049 0.750116 0.267845 0.516680
1305031930.633126 1.819704 -0.412499 0.299834 0.304296 0.749419 0.278928 0.517663
1305031930.668925 1.820641 -0.408505 0.305307 0.294695 0.747309 0.290162 0.520086
1305031930.701009 1.826046 -0.404216 0.317478 0.291410 0.743004 0.301822 0.521468
1305031930.733195 1.807267 -0.472027 0.249911 0.313632 0.727314 0.326486 0.515807
1305031930.769068 1.807611 -0.464080 0.252296 0.304356 0.722900 0.335023 0.522057
1305031930.801055 1.806910 -0.456952 0.251429 0.297287 0.718368 0.343544 0.526826
1305031930.833091 1.805135 -0.447328 0.253113 0.291217 0.715637 0.349788 0.529816
1305031930.869070 1.780671 -0.497629 0.193497 0.292262 0.714321 0.354160 0.528109
1305031930.900829 1.779377 -0.489831 0.196840 0.285366 0.711967 0.362018 0.529728
1305031930.933330 1.779144 -0.484567 0.199962 0.278269 0.709517 0.370491 0.530931
1305031930.969059 1.777700 -0.474083 0.203482 0.272056 0.706492 0.378830 0.532299
1305031931.000795 1.777673 -0.463822 0.216459 0.262157 0.706682 0.384025 0.533290
1305031931.033023 1.778899 -0.457106 0.217958 0.253281 0.703377 0.393808 0.534813
1305031931.068905 1.778730 -0.450203 0.220614 0.244988 0.699835 0.404699 0.535192
1305031931.100819 1.779161 -0.442253 0.222748 0.237704 0.695851 0.416469 0.534642
1305031931.133042 1.772698 -0.454663 0.225317 0.228952 0.700834 0.416447 0.531963
1305031931.168900 1.756176 -0.518612 0.174886 0.220313 0.701425 0.425564 0.527599
1305031931.200696 1.757216 -0.510845 0.178273 0.211046 0.700742 0.438732 0.521473
1305031931.233053 1.760066 -0.505448 0.177985 0.199552 0.699944 0.453390 0.514485
1305031931.268951 1.762659 -0.499659 0.180502 0.189965 0.700203 0.466639 0.505843
1305031931.300955 1.765862 -0.493822 0.180412 0.180581 0.700375 0.479981 0.496472
1305031931.332991 1.701947 -0.424752 0.180551 0.251374 0.683525 0.484185 0.484942
1305031931.369797 1.706900 -0.422545 0.182429 0.244857 0.684581 0.497441 0.473231
1305031931.401337 1.712625 -0.420936 0.185219 0.240458 0.684617 0.510041 0.461884
1305031931.432892 1.720441 -0.418735 0.186746 0.236823 0.684628 0.521617 0.450682
1305031931.469079 1.718575 -0.352512 0.153941 0.237578 0.678398 0.514180 0.467923
1305031931.500852 1.723443 -0.351084 0.156817 0.236119 0.678758 0.523276 0.457949
1305031931.532871 1.731693 -0.351959 0.157627 0.234115 0.677735 0.534410 0.447517
1305031931.569726 1.745353 -0.351309 0.156036 0.235116 0.677604 0.543152 0.436530
1305031931.601199 1.753108 -0.352681 0.158496 0.236929 0.678337 0.548825 0.427217
1305031931.633004 1.761770 -0.354276 0.158917 0.236626 0.678484 0.553841 0.420628
1305031931.669064 1.770734 -0.354341 0.160811 0.235793 0.680282 0.556190 0.415054
1305031931.701060 1.779057 -0.358402 0.164516 0.233731 0.682477 0.559495 0.408118
1305031931.732985 1.789095 -0.362261 0.167264 0.231867 0.683688 0.562737 0.402660
1305031931.768911 1.797081 -0.366523 0.170861 0.229042 0.683398 0.566420 0.399594
1305031931.800959 1.808068 -0.369949 0.174447 0.227923 0.681813 0.571236 0.396070
1305031931.832926 1.817082 -0.373104 0.179410 0.229677 0.679016 0.577208 0.391174
1305031931.868988 1.826939 -0.375766 0.182381 0.232105 0.673415 0.586499 0.385561
1305031931.900957 1.837587 -0.372936 0.185133 0.234948 0.669343 0.592042 0.382447
1305031931.932907 1.850017 -0.373041 0.187795 0.238170 0.668006 0.595401 0.377545
1305031931.968902 1.858213 -0.373544 0.190388 0.241760 0.665532 0.598603 0.374558
1305031932.000829 1.867656 -0.371880 0.192757 0.245626 0.664724 0.600575 0.370296
1305031932.032913 1.877708 -0.373802 0.193792 0.249793 0.663640 0.603885 0.364015
1305031932.068920 1.886100 -0.373827 0.195796 0.253638 0.663118 0.605264 0.359996
1305031932.101294 1.894192 -0.377380 0.197398 0.255363 0.661385 0.609023 0.355599
1305031932.132895 1.907978 -0.380487 0.197147 0.259759 0.658428 0.611395 0.353827
1305031932.169077 1.916055 -0.381858 0.197083 0.264419 0.654653 0.610610 0.358701
1305031932.200948 1.926271 -0.382330 0.194620 0.266873 0.650985 0.609075 0.366095
1305031932.232821 1.936700 -0.383141 0.191982 0.269402 0.648266 0.605532 0.374838
1305031932.268818 1.946906 -0.383034 0.187348 0.271605 0.645315 0.601694 0.384400
1305031932.300945 1.956443 -0.381413 0.183024 0.273890 0.644585 0.596213 0.392460
1305031932.333175 1.965767 -0.381428 0.176712 0.275511 0.643684 0.592864 0.397842
1305031932.368837 1.978020 -0.382276 0.169051 0.277730 0.643354 0.588166 0.403760
1305031932.401680 1.987494 -0.384346 0.163645 0.281199 0.643426 0.581924 0.410238
1305031932.432994 1.995933 -0.387434 0.158776 0.284811 0.642148 0.576840 0.416875
1305031932.469022 2.004256 -0.389041 0.153366 0.288557 0.639724 0.571831 0.424849
1305031932.500893 2.012783 -0.389813 0.147877 0.291530 0.637773 0.565821 0.433708
1305031932.532959 2.022761 -0.390589 0.140615 0.294058 0.635590 0.560231 0.442375
1305031932.568972 2.033087 -0.391458 0.133969 0.296853 0.634483 0.552699 0.451480
1305031932.600957 2.041413 -0.394499 0.128516 0.298457 0.633512 0.543532 0.462773
1305031932.632929 2.050599 -0.395475 0.121176 0.300494 0.631836 0.533150 0.475645
1305031932.669236 2.058438 -0.398888 0.114306 0.302412 0.630638 0.523433 0.486684
1305031932.700806 2.066835 -0.400482 0.105957 0.304378 0.629146 0.512815 0.498547
1305031932.732848 2.073947 -0.403291 0.098861 0.306231 0.628907 0.501761 0.508856
1305031932.768757 2.081863 -0.408804 0.092147 0.308777 0.628651 0.491464 0.517607
1305031932.800821 2.089137 -0.411960 0.085508 0.313998 0.628263 0.479383 0.526196
1305031932.832891 2.095468 -0.414632 0.078262 0.317507 0.628363 0.468070 0.534097
1305031932.869016 2.104460 -0.418234 0.068848 0.320617 0.629634 0.457200 0.540124
1305031932.901214 2.111546 -0.421602 0.063785 0.325997 0.633084 0.444235 0.543678
1305031932.932932 2.116504 -0.430184 0.061018 0.329268 0.635193 0.434056 0.547455
1305031932.968787 2.123725 -0.433058 0.053207 0.329327 0.635170 0.425732 0.553945
1305031933.001958 2.132231 -0.434854 0.046028 0.329741 0.638339 0.417514 0.556305
1305031933.033045 2.139451 -0.438312 0.041839 0.330695 0.643381 0.410937 0.554827
1305031933.068879 2.146059 -0.442907 0.039030 0.329709 0.647563 0.408272 0.552510
1305031933.100908 2.154317 -0.441139 0.033893 0.330123 0.650413 0.408382 0.548822
1305031933.132911 2.161285 -0.440304 0.029845 0.332602 0.657152 0.408921 0.538805
1305031933.169450 2.165638 -0.440911 0.029591 0.333013 0.664408 0.412095 0.527107
1305031933.200949 2.171788 -0.442892 0.029504 0.332738 0.671151 0.416097 0.515466
1305031933.233374 2.176161 -0.446033 0.029148 0.331775 0.676994 0.418991 0.506014
1305031933.269079 2.179857 -0.446347 0.027437 0.331577 0.681889 0.420126 0.498577
1305031933.300869 2.182566 -0.446276 0.028236 0.331870 0.686605 0.421720 0.490498
1305031933.332881 2.184923 -0.446630 0.026721 0.331648 0.688656 0.426446 0.483639
1305031933.368978 2.186028 -0.443110 0.023815 0.332210 0.690006 0.430585 0.477624
1305031933.400926 2.186079 -0.442383 0.020241 0.333287 0.691043 0.434857 0.471465
1305031933.432912 2.186078 -0.438869 0.018128 0.332364 0.690507 0.438540 0.469485
1305031933.469486 2.184422 -0.437233 0.019916 0.335672 0.688383 0.442461 0.466564
1305031933.500809 2.183920 -0.436808 0.025938 0.336894 0.690767 0.445577 0.459135
1305031933.533065 2.174957 -0.389655 0.019246 0.342619 0.682003 0.420231 0.490806
1305031933.568861 2.174358 -0.386711 0.019301 0.342941 0.684924 0.426465 0.481039
1305031933.600899 2.172522 -0.381119 0.019180 0.344665 0.687702 0.433053 0.469827
1305031933.632949 2.169271 -0.374768 0.018623 0.345288 0.690939 0.440690 0.457354
1305031933.669114 2.165364 -0.370329 0.020818 0.345649 0.694644 0.449680 0.442475
1305031933.700931 2.161882 -0.365709 0.022840 0.345734 0.697928 0.459174 0.427228
1305031933.732901 2.156999 -0.362027 0.025888 0.345942 0.700175 0.468412 0.413121
1305031933.768934 2.153340 -0.356218 0.027566 0.345843 0.702236 0.477013 0.399644
1305031933.800879 2.147994 -0.350370 0.030784 0.344863 0.705092 0.484065 0.386775
1305031933.833132 2.141081 -0.347087 0.037345 0.342303 0.707868 0.491418 0.374513
1305031933.868855 2.135515 -0.343734 0.041208 0.339264 0.708981 0.499701 0.364066
1305031933.900942 2.130436 -0.340008 0.045782 0.335961 0.709925 0.506840 0.355317
1305031933.932925 2.124172 -0.335458 0.050358 0.332993 0.710483 0.513278 0.347672
1305031933.968843 2.118584 -0.332474 0.056075 0.329686 0.710595 0.519788 0.340855
1305031934.000841 2.112936 -0.328044 0.061406 0.326824 0.710042 0.525070 0.336643
1305031934.033000 2.106161 -0.322974 0.066173 0.323438 0.709411 0.530329 0.332980
1305031934.068946 2.098556 -0.316852 0.072606 0.319677 0.709769 0.534504 0.329150
1305031934.100917 2.090288 -0.311488 0.078365 0.315925 0.709610 0.540044 0.324033
1305031934.132845 2.082330 -0.305759 0.083430 0.312267 0.709343 0.546160 0.317853
1305031934.169177 2.073731 -0.300466 0.089187 0.308273 0.710107 0.550685 0.312188
1305031934.200808 2.064429 -0.295568 0.094955 0.303838 0.710346 0.555775 0.306929
1305031934.232870 2.055161 -0.290301 0.099206 0.300837 0.709812 0.561442 0.300743
1305031934.269296 2.046520 -0.285832 0.104015 0.298675 0.709887 0.565249 0.295546
1305031934.300934 2.035645 -0.283173 0.110463 0.296207 0.709330 0.568718 0.292699
1305031934.336871 2.025202 -0.277703 0.112314 0.293948 0.706502 0.573322 0.292833
1305031934.368906 2.015901 -0.271290 0.116386 0.292040 0.706194 0.573854 0.294440
1305031934.400928 2.004260 -0.265660 0.118592 0.289982 0.705123 0.574215 0.298310
1305031934.436865 1.993738 -0.257774 0.119521 0.287478 0.705403 0.572312 0.303680
1305031934.469287 1.981528 -0.249851 0.121724 0.283228 0.708884 0.566430 0.310520
1305031934.501241 1.966258 -0.242208 0.121822 0.276801 0.711271 0.563126 0.316802
1305031934.536876 1.954777 -0.234286 0.121038 0.270745 0.714196 0.560650 0.319832
1305031934.569101 1.941741 -0.227286 0.121516 0.268354 0.717279 0.557380 0.320663
1305031934.600850 1.927918 -0.222398 0.121742 0.265953 0.719040 0.555694 0.321645
1305031934.637030 1.915788 -0.215661 0.119122 0.264186 0.718878 0.554350 0.325754
1305031934.668984 1.902486 -0.204232 0.117072 0.263242 0.721072 0.548454 0.331598
1305031934.700945 1.888241 -0.198894 0.116412 0.260122 0.723585 0.544491 0.335098
1305031934.736903 1.874642 -0.190337 0.112780 0.257850 0.724682 0.540496 0.340900
1305031934.769124 1.861722 -0.182355 0.110763 0.255151 0.727007 0.534449 0.347452
1305031934.801627 1.847072 -0.174480 0.108701 0.252543 0.728595 0.529771 0.353150
1305031934.836769 1.833659 -0.164808 0.105145 0.251035 0.729971 0.524584 0.359077
1305031934.869115 1.818923 -0.155275 0.102597 0.248676 0.732614 0.517040 0.366205
1305031934.901010 1.804484 -0.145937 0.098523 0.246730 0.734141 0.510166 0.374022
1305031934.937234 1.790843 -0.134512 0.093795 0.245543 0.736932 0.500787 0.381906
1305031934.969077 1.776221 -0.124128 0.088004 0.243459 0.741155 0.490299 0.388618
1305031935.001270 1.761568 -0.115776 0.084044 0.241734 0.746075 0.479107 0.394199
1305031935.036852 1.747036 -0.107287 0.077465 0.242281 0.748972 0.470927 0.398208
1305031935.069722 1.732686 -0.098718 0.071518 0.245658 0.751138 0.462363 0.402074
1305031935.100912 1.715950 -0.091040 0.066276 0.248098 0.752238 0.456414 0.405304
1305031935.136853 1.703406 -0.082656 0.058554 0.248241 0.752979 0.453525 0.407081
1305031935.169281 1.693387 -0.074078 0.050959 0.249879 0.754086 0.449505 0.408484
1305031935.200951 1.682005 -0.066576 0.044972 0.253989 0.753974 0.446682 0.409254
1305031935.237095 1.671659 -0.059213 0.038849 0.258959 0.751899 0.445921 0.410782
1305031935.268965 1.663132 -0.050454 0.029850 0.263733 0.749114 0.445632 0.413140
1305031935.300805 1.651681 -0.041069 0.022567 0.266686 0.747912 0.445160 0.413931
1305031935.336810 1.643603 -0.032044 0.012373 0.269094 0.747491 0.446785 0.411373
1305031935.368827 1.633267 -0.024195 0.005542 0.272995 0.747131 0.449818 0.406119
1305031935.400848 1.625456 -0.016223 -0.003823 0.277737 0.746212 0.455017 0.398734
1305031935.436887 1.617590 -0.008768 -0.013243 0.283961 0.744666 0.460523 0.390841
1305031935.468890 1.610288 -0.001350 -0.024424 0.289673 0.743251 0.464873 0.384137
1305031935.500863 1.603415 0.005702 -0.038325 0.294824 0.743845 0.466798 0.376659
1305031935.536900 1.596299 0.012607 -0.047727 0.301598 0.745683 0.466441 0.368005
1305031935.568783 1.587555 0.019609 -0.060526 0.307866 0.748178 0.465410 0.358944
1305031935.600963 1.577007 0.026587 -0.073635 0.312905 0.753193 0.463283 0.346640
1305031935.636916 1.566953 0.032503 -0.087157 0.317274 0.760384 0.459144 0.332175
1305031935.669100 1.556057 0.037923 -0.096734 0.319614 0.770813 0.452155 0.315040
1305031935.700948 1.543008 0.042424 -0.107124 0.317422 0.782626 0.444943 0.297935
1305031935.736900 1.529023 0.047033 -0.118381 0.312563 0.795794 0.437518 0.278557
1305031935.768974 1.517614 0.051647 -0.126685 0.305929 0.809312 0.430610 0.256899
1305031935.801178 1.531203 0.056392 -0.112373 0.326259 0.806909 0.437246 0.226427
1305031935.836877 1.505883 0.161318 -0.066499 0.379611 0.794292 0.427300 0.205938
1305031935.869025 1.499118 0.167554 -0.073542 0.377628 0.800173 0.425086 0.190844
1305031935.901144 1.494114 0.172522 -0.081528 0.375871 0.805363 0.422559 0.177637
1305031935.936825 1.494114 0.172522 -0.081528 0.375871 0.805363 0.422559 0.177637
1305031935.969109 1.491168 0.173117 -0.091160 0.371863 0.812199 0.416854 0.168176
1305031936.000820 1.487477 0.177032 -0.098120 0.367504 0.819325 0.409937 0.159998
1305031936.036965 1.486895 0.179428 -0.101403 0.363580 0.826137 0.403306 0.150501
1305031936.068809 1.489521 0.189062 -0.095250 0.360496 0.831463 0.398312 0.141635
1305031936.100718 1.508241 0.252438 -0.009311 0.325993 0.845131 0.385023 0.176747
1305031936.137490 1.508893 0.256075 -0.010186 0.325420 0.849409 0.381180 0.165248
1305031936.168897 1.510900 0.259140 -0.013335 0.325975 0.851502 0.380199 0.155351
1305031936.200867 1.506902 0.261454 -0.024208 0.327061 0.853085 0.379408 0.146039
1305031936.237546 1.503467 0.266234 -0.031679 0.328139 0.855812 0.375961 0.136251
1305031936.268981 1.500434 0.271683 -0.034887 0.326465 0.858275 0.374481 0.128637
1305031936.300816 1.498063 0.274486 -0.040913 0.331117 0.859001 0.372460 0.117269
1305031936.336863 1.497453 0.277377 -0.045242 0.338444 0.858905 0.369609 0.105483
1305031936.368927 1.494871 0.284055 -0.046739 0.345330 0.858636 0.366629 0.095263
1305031936.400840 1.491055 0.289836 -0.050151 0.350550 0.858433 0.364733 0.084721
1305031936.436777 1.483967 0.293104 -0.070114 0.340626 0.860912 0.367525 0.087913
1305031936.468789 1.481117 0.298057 -0.076000 0.344066 0.861104 0.365639 0.080163
1305031936.500753 1.476311 0.306477 -0.080255 0.348141 0.861429 0.362346 0.073778
1305031936.536847 1.475118 0.311918 -0.083701 0.350120 0.862233 0.359495 0.068801
1305031936.569452 1.475866 0.316536 -0.088826 0.353671 0.862052 0.357168 0.064913
1305031936.600821 1.474271 0.325408 -0.089903 0.358890 0.861411 0.353935 0.062446
1305031936.636879 1.474429 0.338244 -0.087791 0.360942 0.861859 0.350963 0.061199
1305031936.668885 1.467621 0.354467 -0.090528 0.361258 0.862502 0.349310 0.059709
1305031936.700881 1.468428 0.361116 -0.091835 0.361302 0.863372 0.348133 0.053422
1305031936.737504 1.475546 0.371501 -0.089181 0.363271 0.862873 0.347896 0.049529
1305031936.768825 1.473585 0.382751 -0.092673 0.363059 0.861576 0.351064 0.051276
1305031936.800856 1.476409 0.399560 -0.092319 0.366332 0.859290 0.353275 0.051177
1305031936.836845 1.476208 0.413357 -0.092309 0.371089 0.854983 0.358227 0.054489
1305031936.868891 1.475411 0.429595 -0.094914 0.372742 0.850264 0.366457 0.061836
1305031936.900833 1.473405 0.445336 -0.099291 0.375534 0.844546 0.375085 0.070904
1305031936.936914 1.475888 0.465565 -0.096260 0.374278 0.840634 0.382847 0.081720
1305031936.968821 1.479419 0.483331 -0.094954 0.372819 0.835599 0.392940 0.091539
1305031937.001118 1.473303 0.498701 -0.104914 0.374606 0.828451 0.403800 0.101412
1305031937.036874 1.469964 0.514928 -0.109485 0.376224 0.821945 0.412246 0.113648
1305031937.068765 1.468634 0.529866 -0.115317 0.379881 0.812911 0.422615 0.127525
1305031937.100716 1.467781 0.546557 -0.117203 0.380900 0.806897 0.428912 0.140953
1305031937.136838 1.466309 0.563918 -0.116653 0.381187 0.801064 0.435712 0.152146
1305031937.168856 1.465521 0.582691 -0.117267 0.382275 0.793894 0.444464 0.161396
1305031937.200813 1.463909 0.597373 -0.120867 0.384420 0.785362 0.454167 0.170763
1305031937.236893 1.465724 0.613174 -0.119960 0.387251 0.776392 0.463190 0.180853
1305031937.268821 1.469709 0.628474 -0.116158 0.388272 0.767780 0.473045 0.189705
1305031937.300783 1.469592 0.643110 -0.117680 0.391162 0.757786 0.483439 0.197584
1305031937.336862 1.475888 0.656841 -0.112927 0.391258 0.749880 0.492435 0.205195
1305031937.368734 1.481342 0.671374 -0.105335 0.389504 0.744001 0.500985 0.209198
1305031937.400796 1.482752 0.682867 -0.104626 0.388078 0.737374 0.510727 0.211736
1305031937.438211 1.482590 0.693016 -0.109203 0.386603 0.729090 0.521271 0.217352
1305031937.468824 1.485794 0.704164 -0.108234 0.384346 0.721980 0.529830 0.224284
1305031937.500797 1.490027 0.714640 -0.104148 0.379877 0.715064 0.539062 0.231923
1305031937.536931 1.495176 0.726736 -0.099677 0.376128 0.706239 0.550242 0.238720
1305031937.568829 1.498986 0.737333 -0.098858 0.374070 0.695819 0.562316 0.244351
1305031937.600746 1.504816 0.748265 -0.089308 0.369451 0.688214 0.572167 0.249984
1305031937.636891 1.510875 0.757281 -0.081976 0.364147 0.681882 0.581909 0.252618
1305031937.668803 1.515068 0.767750 -0.076594 0.359542 0.673719 0.593386 0.254412
1305031937.700837 1.519625 0.778568 -0.067954 0.354654 0.668575 0.602024 0.254548
1305031937.736899 1.522008 0.788301 -0.066547 0.351298 0.661835 0.611263 0.254795
1305031937.768919 1.526220 0.797708 -0.056258 0.346550 0.658225 0.617650 0.255248
1305031937.800834 1.529416 0.806351 -0.047350 0.340975 0.657378 0.622364 0.253481
1305031937.836877 1.531719 0.812800 -0.049226 0.336400 0.652970 0.630725 0.250302
1305031937.868807 1.533455 0.822428 -0.046343 0.332397 0.648871 0.638526 0.246502
1305031937.900823 1.535673 0.831950 -0.043440 0.328787 0.645468 0.646312 0.239899
1305031937.936960 1.536445 0.841209 -0.041643 0.324580 0.640422 0.656334 0.231804
1305031937.968830 1.539206 0.850857 -0.039603 0.320016 0.636444 0.665739 0.222082
1305031938.000822 1.540313 0.860236 -0.039722 0.315625 0.632409 0.674738 0.212527
1305031938.036945 1.541220 0.871969 -0.036432 0.311424 0.628931 0.682769 0.203193
1305031938.068761 1.542245 0.879932 -0.033010 0.307374 0.627409 0.689132 0.192291
1305031938.100744 1.540873 0.889272 -0.035798 0.303263 0.622720 0.697671 0.183050
1305031938.136885 1.540047 0.899954 -0.034151 0.300041 0.617277 0.706778 0.171492
1305031938.168914 1.537416 0.912311 -0.035821 0.300100 0.608739 0.716924 0.159361
1305031938.200883 1.536731 0.922120 -0.034398 0.299522 0.600126 0.726503 0.149427
1305031938.236878 1.536503 0.927771 -0.028349 0.297318 0.594697 0.734142 0.137745
1305031938.268809 1.535970 0.933035 -0.024818 0.295162 0.590211 0.741121 0.123573
1305031938.300837 1.535005 0.936103 -0.017487 0.291174 0.589842 0.745197 0.109480
1305031938.336900 1.533600 0.940964 -0.016466 0.286084 0.588922 0.749617 0.096959
1305031938.368914 1.532233 0.946130 -0.016252 0.282044 0.587764 0.753491 0.085069
1305031938.400842 1.529795 0.949038 -0.013182 0.276897 0.588640 0.755899 0.073805
1305031938.436889 1.609544 0.935515 -0.045901 0.271664 0.590581 0.757374 0.061628
1305031938.468781 1.605245 0.937783 -0.045638 0.267652 0.592870 0.757910 0.049394
1305031938.501288 1.600866 0.940780 -0.047616 0.262811 0.594364 0.758971 0.040303
1305031938.537028 1.602503 0.936192 -0.042509 0.255540 0.601240 0.756580 0.028212
1305031938.568999 1.684093 0.916158 -0.073815 0.248497 0.610579 0.751715 0.019173
1305031938.601007 1.678943 0.916071 -0.079604 0.240910 0.616119 0.749825 0.011056
1305031938.637299 1.677745 0.910737 -0.074990 0.233106 0.626571 0.743687 -0.000424
1305031938.668747 1.670611 0.907325 -0.076263 0.227147 0.635930 0.737494 -0.010009
1305031938.700851 1.667026 0.903012 -0.078754 0.218816 0.645831 0.731228 -0.018062
1305031938.736859 1.746635 0.877958 -0.101332 0.209853 0.661741 0.719139 -0.029999
1305031938.769073 1.739871 0.873358 -0.109588 0.201795 0.671093 0.712303 -0.039214
1305031938.800781 1.736087 0.864529 -0.109300 0.191709 0.684492 0.701670 -0.048758
1305031938.836754 1.729885 0.857055 -0.113279 0.181849 0.696356 0.691850 -0.057987
1305031938.869057 1.710439 0.857253 -0.107490 0.185669 0.705203 0.680642 -0.070295
1305031938.900976 1.703299 0.848817 -0.110360 0.175748 0.716816 0.669855 -0.081133
1305031938.936828 1.694881 0.842207 -0.111983 0.169641 0.726990 0.658868 -0.092739
1305031938.969026 1.744530 0.887455 -0.056610 0.170357 0.732705 0.651182 -0.100422
1305031939.001030 1.736336 0.879514 -0.062378 0.168360 0.740169 0.641744 -0.109403
1305031939.037090 1.746246 0.890629 -0.045190 0.165616 0.745986 0.634369 -0.116843
1305031939.069377 1.756014 0.903480 -0.023141 0.164101 0.752101 0.626213 -0.123579
1305031939.101368 1.751758 0.896629 -0.024421 0.163702 0.759166 0.616030 -0.131813
1305031939.137143 1.753487 0.897320 -0.017876 0.162874 0.765255 0.606994 -0.139339
1305031939.168815 1.769992 0.916235 0.013826 0.161217 0.773105 0.595979 -0.145352
1305031939.200865 1.765249 0.908664 0.011179 0.159266 0.781282 0.584159 -0.151628
1305031939.237165 1.767370 0.909222 0.017840 0.159108 0.788216 0.572769 -0.159175
1305031939.268824 1.784892 0.928173 0.049344 0.154705 0.796236 0.561442 -0.163884
1305031939.300842 1.778642 0.919103 0.043746 0.150073 0.804637 0.548797 -0.169880
1305031939.336729 1.774634 0.912310 0.043787 0.145050 0.814807 0.532619 -0.177108
1305031939.368966 1.804310 0.943878 0.090069 0.140535 0.823143 0.518335 -0.184429
1305031939.400848 1.802555 0.938439 0.090973 0.136294 0.833185 0.500635 -0.191290
1305031939.436845 1.800334 0.931785 0.090563 0.134469 0.840450 0.486942 -0.196085
1305031939.468851 1.831504 0.966078 0.144784 0.133426 0.846605 0.475302 -0.198859
1305031939.500839 1.828345 0.958952 0.142613 0.133853 0.851272 0.465817 -0.201080
1305031939.536755 1.820969 0.951676 0.142201 0.133117 0.855500 0.457569 -0.202558
1305031939.568772 1.814628 0.945233 0.143064 0.132081 0.858859 0.449806 -0.206375
1305031939.600838 1.834281 0.953150 0.160134 0.170908 0.852034 0.438349 -0.229517
1305031939.636792 1.855254 0.981588 0.206022 0.164965 0.855925 0.431429 -0.232482
1305031939.668867 1.852076 0.977305 0.210542 0.167046 0.856605 0.426848 -0.236906
1305031939.700830 1.850216 0.974966 0.216241 0.168463 0.856279 0.424446 -0.241353
1305031939.736750 1.843002 0.971198 0.218558 0.170790 0.854179 0.424632 -0.246772
1305031939.768919 1.837896 0.969102 0.222459 0.171876 0.852301 0.424315 -0.252979
1305031939.803671 1.830203 0.968570 0.228733 0.171563 0.849807 0.425428 -0.259625
1305031939.837145 1.823873 0.967863 0.232516 0.171180 0.845253 0.428203 -0.269975
1305031939.869215 1.817393 0.967791 0.236986 0.170457 0.840410 0.430735 -0.281287
1305031939.903633 1.814475 0.969356 0.242889 0.168956 0.835307 0.433495 -0.292914
1305031939.937192 1.841541 0.966314 0.233597 0.167658 0.829809 0.438358 -0.301911
1305031939.968904 1.957061 0.942646 0.174357 0.166215 0.820987 0.447293 -0.313501
1305031940.005582 1.951751 0.946762 0.173889 0.164729 0.810337 0.459423 -0.324268
1305031940.037088 1.948479 0.952515 0.174293 0.161685 0.800100 0.469853 -0.336060
1305031940.068783 1.941727 0.957355 0.174435 0.156172 0.790892 0.479581 -0.346559
1305031940.104265 1.954673 0.936233 0.130893 0.124876 0.789896 0.489822 -0.347194
1305031940.136746 1.952640 0.941670 0.129551 0.117023 0.783372 0.493438 -0.359378
1305031940.168737 1.952103 0.948243 0.127424 0.110174 0.777393 0.495348 -0.371690
1305031940.200829 1.954650 0.954524 0.126019 0.106586 0.771713 0.496151 -0.383318
1305031940.236742 1.954285 0.962402 0.125483 0.107332 0.765652 0.497063 -0.393935
1305031940.269041 2.043925 0.953797 0.077527 0.106153 0.757837 0.498794 -0.406962
1305031940.301146 2.037368 0.960654 0.072949 0.106124 0.748306 0.502256 -0.420136
1305031940.336732 2.032619 0.970186 0.076357 0.104142 0.739006 0.503801 -0.434980
1305031940.369236 2.029314 0.984946 0.087396 0.092828 0.731190 0.506222 -0.447753
1305031940.403665 2.027573 0.994844 0.086501 0.093139 0.715443 0.511603 -0.466615
1305031940.436756 2.026779 1.004261 0.087090 0.094096 0.700122 0.515221 -0.485307
1305031940.468746 2.123855 0.981993 0.045938 0.061959 0.709638 0.508373 -0.483871
1305031940.503804 2.126678 0.989391 0.044653 0.062011 0.697930 0.510299 -0.498642
1305031940.536724 2.127887 0.998964 0.047343 -0.061797 -0.688650 -0.510856 0.510851
1305031940.568758 2.130173 1.008158 0.049333 -0.061837 -0.679866 -0.512448 0.520918
1305031940.603364 2.130173 1.008158 0.049333 -0.061837 -0.679866 -0.512448 0.520918
1305031940.636761 2.125574 1.014264 0.049270 -0.057910 -0.672688 -0.512584 0.530467
1305031940.668762 2.123026 1.019952 0.049808 -0.054937 -0.664209 -0.513526 0.540462
1305031940.703222 2.121993 1.028011 0.052340 -0.049343 -0.656506 -0.516327 0.547697
1305031940.736947 2.173166 1.066501 0.144012 -0.032570 -0.670896 -0.506915 0.540255
1305031940.768772 2.170102 1.072886 0.145173 -0.030448 -0.663614 -0.508683 0.547660
1305031940.803047 2.167130 1.081511 0.148412 -0.028348 -0.656110 -0.511542 0.554113
1305031940.836755 2.163211 1.089191 0.148401 -0.026334 -0.648520 -0.515427 0.559521
1305031940.869689 2.160149 1.098718 0.148996 -0.024621 -0.640583 -0.520761 0.563786
1305031940.903305 2.153953 1.109695 0.150770 -0.022765 -0.631632 -0.528261 0.566977
1305031940.937034 2.147421 1.121619 0.153276 -0.021199 -0.622831 -0.534775 0.570656
1305031940.968758 2.138861 1.132087 0.154037 -0.020096 -0.613580 -0.541675 0.574199
1305031941.003160 2.130064 1.144025 0.155019 -0.018701 -0.604901 -0.547556 0.577865
1305031941.036777 2.121725 1.156024 0.156213 -0.016054 -0.598091 -0.552987 0.579858
1305031941.071057 2.113500 1.168828 0.158375 -0.014902 -0.592065 -0.557493 0.581755
1305031941.103422 2.103182 1.181811 0.160602 -0.014338 -0.586392 -0.561774 0.583394
1305031941.136774 2.092358 1.194944 0.163701 -0.013569 -0.580293 -0.565061 0.586329
1305031941.171144 2.080987 1.208827 0.166680 -0.014655 -0.573727 -0.565754 0.592068
1305031941.203508 2.067139 1.219764 0.168456 -0.014756 -0.567978 -0.565475 0.597847
1305031941.236705 2.056113 1.232393 0.170706 -0.012800 -0.561347 -0.564672 0.604873
1305031941.271129 2.044996 1.245283 0.172413 -0.011598 -0.554219 -0.563064 0.612916
1305031941.303362 2.030265 1.256194 0.176380 -0.010386 -0.547617 -0.560359 0.621293
1305031941.336734 2.018208 1.267707 0.172606 -0.009088 -0.538663 -0.556485 0.632522
1305031941.371607 2.010500 1.279620 0.169769 -0.011364 -0.530774 -0.551159 0.643719
1305031941.403845 2.000377 1.291767 0.168884 -0.017934 -0.523399 -0.545586 0.654269
1305031941.436799 1.985800 1.301604 0.169498 -0.027951 -0.516199 -0.538185 0.665668
1305031941.469611 1.973523 1.310321 0.169117 -0.038953 -0.511245 -0.527063 0.677729
1305031941.501458 1.964238 1.320103 0.173137 -0.046471 -0.506882 -0.519708 0.686160
1305031941.537220 1.947513 1.323525 0.178997 -0.051195 -0.500999 -0.516089 0.692843
1305031941.570287 1.936273 1.331271 0.181496 -0.049520 -0.492265 -0.512912 0.701530
1305031941.603047 1.929495 1.339818 0.181475 -0.047243 -0.480765 -0.510230 0.711546
1305031941.636822 1.921497 1.350563 0.181449 -0.045896 -0.467582 -0.509880 0.720613
1305031941.671554 1.909198 1.359078 0.181987 -0.047625 -0.454875 -0.507574 0.730198
1305031941.703763 1.896534 1.367302 0.183242 -0.045935 -0.445972 -0.503340 0.738680
1305031941.736866 1.890480 1.378270 0.182389 -0.041118 -0.438786 -0.501351 0.744596
1305031941.768815 1.882971 1.390254 0.181043 -0.037512 -0.430811 -0.502285 0.748801
1305031941.800820 1.871657 1.401874 0.180725 -0.033343 -0.424707 -0.504252 0.751161
1305031941.836848 1.860591 1.414996 0.178755 -0.027622 -0.419911 -0.505034 0.753559
1305031941.871813 1.852722 1.429441 0.176982 -0.021986 -0.416347 -0.504815 0.755866
1305031941.902976 1.839354 1.441425 0.176498 -0.016184 -0.414591 -0.503159 0.758079
1305031941.936760 1.833840 1.457106 0.173271 -0.007289 -0.413773 -0.499757 0.760908
1305031941.971057 1.825384 1.470523 0.171827 -0.001062 -0.412943 -0.495576 0.764121
1305031942.003141 1.819703 1.485679 0.167355 0.006473 -0.412264 -0.491115 0.767335
1305031942.036729 1.810242 1.499803 0.162494 0.010583 -0.412743 -0.487910 0.769074
1305031942.071082 1.809471 1.517943 0.159553 0.016552 -0.416269 -0.485625 0.768514
1305031942.100691 1.810036 1.535716 0.159601 0.015596 -0.414531 -0.488010 0.767963
1305031942.136758 1.800234 1.549066 0.158509 0.011337 -0.408558 -0.494444 0.767123
1305031942.170749 1.793422 1.562936 0.158333 0.013351 -0.405586 -0.497620 0.766613
1305031942.203108 1.792429 1.579383 0.158724 0.013551 -0.401262 -0.500458 0.767038
1305031942.238994 1.784204 1.590529 0.161763 0.012110 -0.396275 -0.504944 0.766714
1305031942.271105 1.781255 1.605593 0.160088 0.012917 -0.390204 -0.506254 0.768948
1305031942.303257 1.779736 1.618662 0.161894 0.006493 -0.383376 -0.508162 0.771202
1305031942.337047 1.772342 1.629759 0.164451 0.000666 -0.378550 -0.509497 0.772731
1305031942.370761 1.768399 1.641274 0.164139 -0.006827 -0.373501 -0.510403 0.774557
1305031942.402939 1.760575 1.651300 0.168393 -0.013869 -0.370996 -0.514107 0.773216
1305031942.439262 1.747513 1.658747 0.171906 -0.017596 -0.370722 -0.518933 0.770042
1305031942.471958 1.735453 1.662075 0.178830 -0.016377 -0.373085 -0.519672 0.768427
1305031942.503553 1.735210 1.673556 0.177903 -0.015013 -0.372721 -0.518700 0.769288
1305031942.539453 1.723000 1.680141 0.179489 -0.017313 -0.373330 -0.518495 0.769082
1305031942.571867 1.716987 1.686304 0.182718 -0.016350 -0.377921 -0.519061 0.766476
1305031942.601448 1.710546 1.692240 0.185507 -0.017431 -0.381816 -0.519587 0.764161
1305031942.639942 1.704386 1.698148 0.187561 -0.018044 -0.384819 -0.521028 0.761655
1305031942.669006 1.701193 1.705517 0.188820 -0.020232 -0.387037 -0.524111 0.758354
1305031942.704015 1.693873 1.710379 0.195054 -0.024518 -0.389373 -0.530159 0.752808
1305031942.739812 1.685340 1.715288 0.199564 -0.026678 -0.389360 -0.535971 0.748614
1305031942.771708 1.677498 1.720327 0.206734 -0.029404 -0.389064 -0.538348 0.746958
1305031942.801557 1.665556 1.719720 0.214934 -0.030707 -0.388885 -0.541388 0.744798
1305031942.841042 1.659428 1.728190 0.214973 -0.030268 -0.386973 -0.543094 0.744570
1305031942.868828 1.650480 1.733361 0.219598 -0.032671 -0.388730 -0.544725 0.742359
1305031942.903960 1.642514 1.736016 0.221472 -0.035854 -0.389929 -0.547082 0.739845
1305031942.936816 1.634498 1.738677 0.229933 -0.039069 -0.392277 -0.548738 0.737210
1305031942.970936 1.622894 1.736298 0.235757 -0.039949 -0.393193 -0.551397 0.734687
1305031943.001103 1.615565 1.739843 0.239307 -0.039409 -0.393868 -0.552605 0.733446
1305031943.039961 1.604216 1.738783 0.242040 -0.039668 -0.397912 -0.555107 0.729349
1305031943.071743 1.599958 1.740083 0.243341 -0.039457 -0.401342 -0.557203 0.725874
1305031943.104177 1.591925 1.739016 0.249361 -0.041505 -0.403490 -0.558996 0.723185
1305031943.139521 1.579280 1.734657 0.254749 -0.043833 -0.404804 -0.558697 0.722545
1305031943.171912 1.570060 1.731786 0.259421 -0.045367 -0.405865 -0.556905 0.723237
1305031943.201564 1.558253 1.725484 0.265770 -0.047204 -0.407312 -0.556139 0.722896
1305031943.240004 1.546885 1.718909 0.271046 -0.047523 -0.408432 -0.555241 0.722933
1305031943.271805 1.534645 1.712757 0.275642 -0.048481 -0.409492 -0.553460 0.723635
1305031943.303965 1.520724 1.703530 0.280827 -0.047930 -0.413397 -0.551382 0.723038
1305031943.339941 1.508088 1.694068 0.284616 -0.044640 -0.418638 -0.549343 0.721784
1305031943.371774 1.498777 1.686612 0.287300 -0.039707 -0.424087 -0.545684 0.721667
1305031943.404245 1.486074 1.675806 0.288502 -0.037191 -0.428647 -0.541249 0.722446
1305031943.440153 1.472583 1.663672 0.290201 -0.033271 -0.434016 -0.537605 0.722153
1305031943.471431 1.465603 1.656018 0.289897 -0.025725 -0.438433 -0.534984 0.721739
1305031943.501108 1.455843 1.645293 0.290649 -0.022666 -0.440850 -0.532296 0.722356
1305031943.539525 1.446872 1.635397 0.291584 -0.017705 -0.444406 -0.528742 0.722926
1305031943.570021 1.440994 1.627048 0.289875 -0.012508 -0.446678 -0.525176 0.724233
1305031943.607467 1.434623 1.618879 0.287882 -0.010735 -0.447042 -0.522712 0.725818
1305031943.638026 1.429821 1.609874 0.288481 -0.010445 -0.445630 -0.523295 0.726270
1305031943.671504 1.421021 1.598553 0.289722 -0.007477 -0.445662 -0.522897 0.726573
1305031943.707251 1.415872 1.591219 0.290143 0.002725 -0.450378 -0.519536 0.726110
1305031943.739428 1.408947 1.582015 0.285619 0.012057 -0.454843 -0.516184 0.725622
1305031943.771329 1.403844 1.575891 0.281438 0.018906 -0.457600 -0.515464 0.724253
1305031943.806822 1.399627 1.570046 0.277964 0.025345 -0.461205 -0.515049 0.722060
1305031943.837754 1.393592 1.564123 0.272468 0.029720 -0.463798 -0.514827 0.720389
1305031943.868873 1.384520 1.554937 0.268706 0.035001 -0.469377 -0.514415 0.716824
1305031943.907218 1.382024 1.551689 0.264082 0.043955 -0.475967 -0.511796 0.713854
1305031943.936768 1.372975 1.545044 0.257946 0.048050 -0.482322 -0.508355 0.711781
1305031943.971278 1.368048 1.536442 0.256280 0.057624 -0.491824 -0.503016 0.708353
1305031944.007760 1.363227 1.528155 0.251391 0.064209 -0.494188 -0.498240 0.709516
1305031944.040486 1.354769 1.516550 0.248684 0.070475 -0.494706 -0.491797 0.713046
1305031944.070886 1.350868 1.507475 0.246198 0.081085 -0.494658 -0.483475 0.717628
1305031944.107390 1.349268 1.504026 0.241692 0.091188 -0.492525 -0.474502 0.723845
1305031944.139656 1.340567 1.541943 0.197881 0.102686 -0.486832 -0.475291 0.725637
1305031944.171370 1.341178 1.538686 0.194764 0.108643 -0.486664 -0.467625 0.729851
1305031944.206998 1.344222 1.540296 0.190736 0.114255 -0.485801 -0.460852 0.733865
1305031944.239334 1.344772 1.536014 0.187414 0.116027 -0.485063 -0.456324 0.736899
1305031944.270963 1.347036 1.530452 0.186319 0.118319 -0.483169 -0.451960 0.740460
1305031944.306934 1.349651 1.525297 0.185094 0.120608 -0.479666 -0.446900 0.745423
1305031944.339308 1.352587 1.519497 0.183265 0.123451 -0.474614 -0.441561 0.751349
1305031944.370745 1.353043 1.528077 0.168848 0.124461 -0.467387 -0.432789 0.760758
1305031944.406233 1.358919 1.523338 0.168901 0.124365 -0.461275 -0.425439 0.768609
1305031944.438724 1.368186 1.518722 0.173655 0.123649 -0.452119 -0.417732 0.778331
1305031944.471304 1.371120 1.509244 0.172075 0.119882 -0.438584 -0.409124 0.791132
1305031944.506947 1.377117 1.498919 0.172740 0.121553 -0.426466 -0.401662 0.801261
1305031944.539069 1.385762 1.500163 0.169297 0.124405 -0.411872 -0.396130 0.811151
1305031944.571530 1.391316 1.500649 0.164790 0.124223 -0.399118 -0.391912 0.819560
1305031944.607229 1.397179 1.498206 0.161082 0.121584 -0.386913 -0.390140 0.826623
1305031944.639625 1.403823 1.493180 0.161435 0.118323 -0.375437 -0.389978 0.832444
1305031944.671779 1.411653 1.532381 0.129009 0.116701 -0.365149 -0.393129 0.835761
1305031944.707774 1.415405 1.528270 0.129493 0.112343 -0.347425 -0.394412 0.843276
1305031944.739941 1.414301 1.520264 0.129021 0.109905 -0.330879 -0.392693 0.851018
1305031944.769058 1.420581 1.517662 0.129046 0.112946 -0.317453 -0.390274 0.856828
1305031944.807919 1.423969 1.517924 0.126790 0.113865 -0.304248 -0.389786 0.861705
1305031944.839956 1.428327 1.518349 0.124887 0.111637 -0.293789 -0.388826 0.866048
1305031944.875719 1.428327 1.518349 0.124887 0.111637 -0.293789 -0.388826 0.866048
1305031944.904670 1.433287 1.514890 0.127372 0.111583 -0.286270 -0.387696 0.869075
1305031944.939702 1.436631 1.509212 0.129713 0.109615 -0.276936 -0.388250 0.872097
1305031944.969076 1.429342 1.500520 0.130253 0.109306 -0.267886 -0.384430 0.876643
1305031945.007437 1.421535 1.497070 0.129911 0.119905 -0.264510 -0.374154 0.880719
1305031945.039937 1.427089 1.494493 0.130074 0.138927 -0.269802 -0.361887 0.881444
1305031945.069177 1.429192 1.483155 0.128114 0.149241 -0.277248 -0.352563 0.881227
1305031945.107523 1.430131 1.474377 0.126871 0.162893 -0.287065 -0.342922 0.879468
1305031945.136772 1.435506 1.468308 0.126002 0.181468 -0.297593 -0.335687 0.875113
1305031945.168992 1.396825 1.408953 0.092571 0.162751 -0.284418 -0.356341 0.875008
1305031945.207107 1.401603 1.399949 0.093307 0.177380 -0.293681 -0.354324 0.869909
1305031945.238859 1.406893 1.392374 0.096591 0.189198 -0.296137 -0.355738 0.866001
1305031945.269070 1.408710 1.388960 0.097162 0.197521 -0.294399 -0.356167 0.864557
1305031945.306358 1.406276 1.381615 0.092428 0.203464 -0.294089 -0.355044 0.863746
1305031945.338940 1.394257 1.345053 0.068179 0.173388 -0.305268 -0.319932 0.879995
1305031945.369056 1.397308 1.342547 0.068119 0.178829 -0.311873 -0.315845 0.878064
1305031945.406657 1.397986 1.332825 0.068198 0.182982 -0.320648 -0.311660 0.875540
1305031945.436818 1.403834 1.319729 0.070083 0.192641 -0.331968 -0.308678 0.870290
1305031945.469167 1.404199 1.246973 0.108452 0.188368 -0.338680 -0.294320 0.873607
1305031945.506438 1.411217 1.239586 0.112845 0.193708 -0.341558 -0.296573 0.870551
1305031945.538422 1.414657 1.226022 0.115072 0.200983 -0.342069 -0.297087 0.868524
1305031945.569071 1.429414 1.221841 0.132909 0.212157 -0.340780 -0.292570 0.867906
1305031945.606029 1.440937 1.223832 0.143164 0.215538 -0.335577 -0.288904 0.870325
1305031945.638298 1.445824 1.223783 0.148801 0.216130 -0.331435 -0.287493 0.872230
1305031945.669116 1.457074 1.225889 0.161098 0.214950 -0.329629 -0.286134 0.873652
1305031945.706215 1.465075 1.220100 0.169454 0.209779 -0.326048 -0.288176 0.875580
1305031945.738673 1.472880 1.215521 0.178171 0.206831 -0.321226 -0.290894 0.877163
1305031945.769045 1.481624 1.215547 0.189034 0.202360 -0.313172 -0.292317 0.880639
1305031945.806240 1.489040 1.213603 0.193759 0.192422 -0.304127 -0.294189 0.885400
1305031945.838266 1.499184 1.211762 0.202265 0.183270 -0.296461 -0.297472 0.888838
1305031945.869258 1.508298 1.210428 0.210283 0.170275 -0.286609 -0.299872 0.893834
1305031945.909177 1.517309 1.208397 0.216362 0.152961 -0.275169 -0.302773 0.899563
1305031945.936806 1.522714 1.203324 0.221519 0.137361 -0.261470 -0.305120 0.905355
1305031945.969300 1.494946 1.095677 0.148202 0.138595 -0.257354 -0.299079 0.908357
1305031946.005983 1.502785 1.094835 0.153319 0.124630 -0.240276 -0.300206 0.914664
1305031946.037278 1.506894 1.091184 0.156830 0.110012 -0.223175 -0.299524 0.921073
1305031946.069057 1.521510 1.108257 0.161983 0.110999 -0.210716 -0.300133 0.923687
1305031946.107140 1.527393 1.105990 0.164419 0.102774 -0.198209 -0.297225 0.928336
1305031946.137054 1.532784 1.102610 0.164638 0.097203 -0.188474 -0.296267 0.931265
1305031946.168867 1.542328 1.103184 0.165265 0.095139 -0.181636 -0.296530 0.932752
1305031946.207043 1.552198 1.104782 0.164891 0.090493 -0.174696 -0.295175 0.934967
1305031946.237369 1.558697 1.107361 0.162738 0.084542 -0.168966 -0.294374 0.936828
1305031946.268902 1.565382 1.111676 0.159219 0.077516 -0.166817 -0.295563 0.937447
1305031946.306775 1.574943 1.115476 0.154407 0.069066 -0.169023 -0.299845 0.936351
1305031946.337036 1.586176 1.118257 0.148534 0.060195 -0.171726 -0.304502 0.934968
1305031946.369021 1.598752 1.122807 0.140823 0.052985 -0.172761 -0.308479 0.933909
1305031946.406520 1.607414 1.125543 0.131712 0.045561 -0.172736 -0.313184 0.932739
1305031946.437150 1.617233 1.129379 0.121231 0.040633 -0.174030 -0.314711 0.932212
1305031946.468964 1.631013 1.134731 0.109730 0.037029 -0.176643 -0.314840 0.931827
1305031946.506586 1.645528 1.137943 0.098523 0.032598 -0.178839 -0.315374 0.931393
1305031946.537148 1.658259 1.139155 0.087126 0.029306 -0.179269 -0.315416 0.931406
1305031946.569238 1.672902 1.141928 0.075265 0.028090 -0.178425 -0.313580 0.932225
1305031946.606469 1.686763 1.144612 0.063080 0.026921 -0.175146 -0.311553 0.933560
1305031946.637163 1.699954 1.146743 0.051014 0.027641 -0.170942 -0.310037 0.934822
1305031946.669089 1.713099 1.150227 0.038387 0.028996 -0.166131 -0.309615 0.935788
1305031946.706515 1.724583 1.154689 0.024839 0.031555 -0.160638 -0.310714 0.936299
1305031946.737134 1.736563 1.162519 0.010247 0.032577 -0.156218 -0.311949 0.936602
1305031946.769059 1.749894 1.165422 -0.002011 0.029939 -0.152841 -0.313427 0.936753
1305031946.806647 1.760514 1.167135 -0.013778 0.027041 -0.147712 -0.314097 0.937440
1305031946.837100 1.769368 1.169556 -0.026817 0.024753 -0.143185 -0.313788 0.938308
1305031946.869090 1.775766 1.170537 -0.038744 0.023979 -0.140808 -0.315070 0.938258
1305031946.906602 1.782759 1.175994 -0.052046 0.024634 -0.141837 -0.314946 0.938128
1305031946.937151 1.796699 1.178788 -0.064375 0.023038 -0.146421 -0.314316 0.937676
1305031946.969064 1.810294 1.180128 -0.074860 0.018964 -0.148070 -0.314937 0.937299
1305031947.006827 1.817817 1.179602 -0.083830 0.013296 -0.148807 -0.317226 0.936508
1305031947.037000 1.830706 1.175738 -0.090790 0.009025 -0.152632 -0.318058 0.935661
1305031947.068973 1.843989 1.170429 -0.095746 0.006657 -0.153653 -0.318305 0.935429
1305031947.106644 1.854232 1.165399 -0.100009 0.008218 -0.153910 -0.321302 0.934350
1305031947.137044 1.870206 1.163857 -0.104517 0.010778 -0.152322 -0.322773 0.934077
1305031947.169117 1.880016 1.162151 -0.107322 0.009935 -0.148181 -0.321135 0.935316
1305031947.204982 1.889452 1.157102 -0.107441 0.009130 -0.147570 -0.320772 0.935545
1305031947.237001 1.900076 1.153966 -0.107573 0.009372 -0.147782 -0.322078 0.935061
1305031947.269076 1.911362 1.153081 -0.106638 0.008349 -0.149471 -0.327027 0.933082
1305031947.304951 1.925885 1.149155 -0.103864 0.002342 -0.151055 -0.331315 0.931347
1305031947.336945 1.932779 1.140026 -0.097452 -0.005562 -0.151537 -0.337224 0.929132
1305031947.368991 1.941607 1.130634 -0.090031 -0.008748 -0.155394 -0.346720 0.924966
1305031947.405013 1.952875 1.124531 -0.083954 -0.009427 -0.159816 -0.353823 0.921509
1305031947.437038 1.960577 1.113496 -0.075756 -0.012721 -0.165233 -0.356332 0.919545
1305031947.469273 1.967401 1.101233 -0.067473 -0.011096 -0.173690 -0.358822 0.917036
1305031947.504994 1.979569 1.094103 -0.062224 -0.006199 -0.185029 -0.364016 0.912808
1305031947.537022 1.994493 1.088469 -0.057844 -0.003755 -0.196498 -0.368294 0.908699
1305031947.568989 2.004950 1.078402 -0.051652 -0.006369 -0.208435 -0.373820 0.903755
1305031947.605177 2.020923 1.064176 -0.042936 -0.007438 -0.222956 -0.384724 0.895669
1305031947.637085 2.033019 1.050865 -0.035216 -0.006017 -0.233716 -0.394509 0.888653
1305031947.669011 2.041807 1.041277 -0.030207 -0.003329 -0.244869 -0.400813 0.882823
1305031947.705153 2.055811 1.026808 -0.022169 0.000227 -0.261404 -0.409891 0.873875
1305031947.736979 2.071823 1.015449 -0.015654 0.006100 -0.275823 -0.420023 0.864561
1305031947.769041 2.086761 1.000490 -0.007283 0.012369 -0.290100 -0.428184 0.855773
1305031947.804941 2.109589 0.992001 -0.001476 0.018383 -0.299557 -0.433496 0.849711
1305031947.837022 2.114905 0.979333 0.006579 0.019555 -0.306315 -0.440728 0.843533
1305031947.868988 2.132489 0.969957 0.014188 0.025545 -0.317127 -0.447692 0.835673
1305031947.904995 2.143394 0.961840 0.020362 0.026022 -0.323262 -0.455079 0.829293
1305031947.937025 2.154410 0.953585 0.027459 0.027638 -0.331909 -0.461429 0.822287
1305031947.968976 2.169600 0.944897 0.035807 0.026407 -0.338771 -0.467001 0.816362
1305031948.004911 2.174922 0.934889 0.043455 0.022538 -0.342377 -0.472635 0.811718
1305031948.037003 2.181025 0.922064 0.052614 0.020876 -0.347909 -0.475742 0.807585
1305031948.068973 2.190718 0.910138 0.061999 0.022168 -0.352387 -0.476284 0.805286
1305031948.104993 2.195667 0.902899 0.068689 0.023494 -0.355029 -0.477153 0.803572
1305031948.136951 2.201565 0.894419 0.077422 0.022454 -0.360323 -0.477617 0.800965
1305031948.168952 2.203662 0.883180 0.087010 0.021228 -0.367125 -0.479840 0.796569
1305031948.204992 2.210306 0.873359 0.098395 0.022057 -0.375107 -0.483467 0.790612
1305031948.237002 2.215562 0.865115 0.109238 0.021734 -0.381452 -0.487296 0.785216
1305031948.269041 2.217211 0.855767 0.120934 0.018808 -0.387938 -0.489788 0.780549
1305031948.304939 2.222262 0.842122 0.136256 0.015030 -0.395554 -0.489755 0.776821
1305031948.337101 2.229762 0.826143 0.155138 0.011190 -0.399209 -0.488997 0.775493
1305031948.368969 2.228196 0.812657 0.171078 0.007588 -0.396842 -0.490014 0.776109
1305031948.404989 2.230564 0.800500 0.186997 0.007497 -0.395557 -0.491056 0.776107
1305031948.436942 2.235518 0.787985 0.204835 0.004358 -0.391960 -0.492152 0.777261
1305031948.469170 2.230038 0.776860 0.219647 -0.000954 -0.386767 -0.494012 0.778693
1305031948.505024 2.229354 0.762184 0.237636 -0.005377 -0.385522 -0.495563 0.778306
1305031948.537017 2.228619 0.746393 0.256022 -0.009179 -0.382704 -0.498250 0.777946
1305031948.568891 2.224417 0.730935 0.272594 -0.011065 -0.378491 -0.501020 0.778204
1305031948.605001 2.225886 0.717846 0.288365 -0.009811 -0.375359 -0.504597 0.777426
1305031948.636912 2.223352 0.703828 0.303479 -0.010548 -0.370282 -0.510234 0.776171
1305031948.669040 2.221839 0.690240 0.318277 -0.009550 -0.367009 -0.514812 0.774714
1305031948.705075 2.225658 0.676017 0.334294 -0.008284 -0.362853 -0.519921 0.773273
1305031948.737063 2.222204 0.665920 0.346653 -0.008687 -0.354823 -0.523549 0.774546
1305031948.768899 2.224936 0.654691 0.361208 -0.010402 -0.351282 -0.523482 0.776183
1305031948.804975 2.226939 0.642535 0.376763 -0.014314 -0.346119 -0.523806 0.778218
1305031948.837073 2.229500 0.632446 0.391497 -0.018861 -0.340135 -0.522856 0.781392
1305031948.868835 2.235976 0.622498 0.408076 -0.026258 -0.334461 -0.521996 0.784198
1305031948.905077 2.233758 0.614449 0.422042 -0.037259 -0.324794 -0.522390 0.787546
1305031948.936996 2.235501 0.607097 0.437004 -0.047397 -0.319739 -0.520885 0.790063
1305031948.968952 2.242829 0.600603 0.453899 -0.059061 -0.316526 -0.521984 0.789846
1305031949.005006 2.243264 0.593932 0.470885 -0.075005 -0.310608 -0.526389 0.787916
1305031949.037089 2.245546 0.585557 0.489405 -0.089286 -0.304732 -0.530211 0.786157
1305031949.069061 2.245949 0.582124 0.504689 -0.102039 -0.295147 -0.534736 0.785196
1305031949.105077 2.244689 0.580208 0.517535 -0.114887 -0.288669 -0.538758 0.783078
1305031949.137263 2.245731 0.575754 0.533104 -0.130163 -0.286801 -0.544478 0.777397
1305031949.168946 2.245321 0.572687 0.546155 -0.142296 -0.286785 -0.550041 0.771338
1305031949.204940 2.247777 0.568887 0.559267 -0.153212 -0.290738 -0.556440 0.763133
1305031949.237011 2.249116 0.563841 0.572572 -0.164070 -0.295670 -0.564780 0.752784
1305031949.268994 2.249625 0.558784 0.585191 -0.173632 -0.300487 -0.571985 0.743232
1305031949.305254 2.247381 0.552023 0.597445 -0.181094 -0.305394 -0.578767 0.734145
1305031949.337227 2.252453 0.544437 0.609841 -0.183498 -0.313754 -0.585250 0.724824
1305031949.368902 2.255439 0.535409 0.621893 -0.187445 -0.318527 -0.594527 0.714102
1305031949.405064 2.252137 0.525295 0.632517 -0.190417 -0.319120 -0.605178 0.704034
1305031949.437094 2.248613 0.515695 0.640353 -0.188538 -0.322661 -0.612632 0.696438
1305031949.468902 2.251404 0.505528 0.647186 -0.185997 -0.329832 -0.617691 0.689256
1305031949.505002 2.249525 0.494898 0.653168 -0.187177 -0.335206 -0.621963 0.682469
1305031949.537017 2.242463 0.483857 0.656906 -0.188354 -0.340236 -0.625132 0.676736
1305031949.568988 2.236728 0.472253 0.659379 -0.185431 -0.350113 -0.626832 0.670908
1305031949.604798 2.234604 0.459418 0.662522 -0.179786 -0.362876 -0.628669 0.663908
1305031949.637172 2.222083 0.447764 0.661942 -0.176246 -0.370174 -0.631507 0.658109
1305031949.668955 2.213278 0.434867 0.662054 -0.168901 -0.382211 -0.630438 0.654167
1305031949.705003 2.212190 0.422283 0.663485 -0.157224 -0.395727 -0.627819 0.651556
1305031949.736949 2.205434 0.411576 0.661856 -0.147835 -0.403703 -0.625660 0.650937
1305031949.768985 2.194388 0.400797 0.658518 -0.139485 -0.411125 -0.621568 0.652053
1305031949.804939 2.189043 0.388946 0.657268 -0.127624 -0.422609 -0.615399 0.652991
1305031949.836964 2.204086 0.373528 0.652278 -0.116390 -0.419320 -0.595110 0.675624
1305031949.868951 2.195428 0.363930 0.647531 -0.103994 -0.428962 -0.589638 0.676390
1305031949.904851 2.189372 0.349952 0.646726 -0.090153 -0.442051 -0.582516 0.676120
1305031949.936858 2.317230 0.343691 0.640947 -0.039621 -0.462334 -0.566343 0.681126
1305031949.968881 2.313439 0.330300 0.639992 -0.024517 -0.468217 -0.559551 0.683429
1305031950.004952 2.308428 0.319786 0.636550 -0.008461 -0.471598 -0.551093 0.688346
1305031950.036989 2.361498 0.337348 0.604955 0.010967 -0.484757 -0.537966 0.689553
1305031950.069081 2.356016 0.325369 0.601622 0.024973 -0.487491 -0.525040 0.697182
1305031950.104966 2.350506 0.317372 0.597362 0.039593 -0.490189 -0.510386 0.705445
1305031950.136997 2.317323 0.381694 0.596813 0.025050 -0.463383 -0.543358 0.699579
1305031950.168914 2.310760 0.371755 0.593795 0.046216 -0.474276 -0.522470 0.707072
1305031950.204933 2.310760 0.371755 0.593795 0.046216 -0.474276 -0.522470 0.707072
1305031950.237027 2.302625 0.362318 0.591644 0.069639 -0.483035 -0.505801 0.711332
1305031950.269033 2.302625 0.362318 0.591644 0.069639 -0.483035 -0.505801 0.711332
1305031950.304978 2.296663 0.354360 0.589872 0.086320 -0.487154 -0.496530 0.713223
1305031950.337197 2.326747 0.454875 0.600660 0.074020 -0.496809 -0.457717 0.733619
1305031950.368911 2.317248 0.447443 0.595578 0.089586 -0.501830 -0.448853 0.733943
1305031950.404939 2.365265 0.513531 0.660588 0.096285 -0.504288 -0.446166 0.733047
1305031950.436983 2.356398 0.506137 0.654369 0.107906 -0.511811 -0.439467 0.730256
1305031950.468976 2.354055 0.505102 0.657922 0.117987 -0.520832 -0.431941 0.726802
1305031950.504938 2.353068 0.508408 0.660940 0.126830 -0.527275 -0.426177 0.724064
1305031950.536894 2.355815 0.517103 0.666439 0.132994 -0.530789 -0.421100 0.723361
1305031950.568883 2.357257 0.518234 0.675480 0.135640 -0.531158 -0.419701 0.723411
1305031950.604862 2.356402 0.519694 0.681042 0.135308 -0.528859 -0.417101 0.726654
1305031950.637006 2.356519 0.524440 0.687258 0.132092 -0.525673 -0.414269 0.731165
1305031950.668910 2.358527 0.533495 0.695994 0.125929 -0.521667 -0.415189 0.734591
1305031950.704873 2.358613 0.537625 0.704838 0.116409 -0.518997 -0.418633 0.736096
1305031950.736893 2.359217 0.544185 0.713987 0.104211 -0.515769 -0.425283 0.736381
1305031950.768897 2.360679 0.549920 0.722814 0.090005 -0.511841 -0.433758 0.736051
1305031950.804899 2.364063 0.554718 0.733895 0.075764 -0.507876 -0.443047 0.734868
1305031950.837135 2.369595 0.561132 0.748185 0.063215 -0.503119 -0.451627 0.734103
1305031950.869014 2.369141 0.560150 0.754612 0.046781 -0.497071 -0.459455 0.734598
1305031950.904883 2.374891 0.564298 0.765543 0.033006 -0.492366 -0.465947 0.734425
1305031950.936970 2.365635 0.540473 0.749602 0.025471 -0.493497 -0.464080 0.735147
1305031950.968904 2.368354 0.536183 0.751455 0.016891 -0.493336 -0.466718 0.733832
1305031951.004836 2.368354 0.536183 0.751455 0.016891 -0.493336 -0.466718 0.733832
1305031951.036930 2.373290 0.534398 0.759772 0.011682 -0.493115 -0.472472 0.730392
1305031951.069013 2.383042 0.533253 0.772248 0.006429 -0.492945 -0.478896 0.726376
1305031951.104800 2.387590 0.530877 0.778479 -0.001076 -0.489941 -0.486874 0.723126
1305031951.136893 2.393935 0.527999 0.784997 -0.008935 -0.489422 -0.493975 0.718592
1305031951.168908 2.404763 0.526275 0.794026 -0.016051 -0.490539 -0.501359 0.712568
1305031951.204914 2.416712 0.526483 0.802748 -0.026051 -0.490646 -0.511319 0.705082
1305031951.236957 2.424476 0.520029 0.812999 -0.039115 -0.490220 -0.525089 0.694576
1305031951.268906 2.428940 0.511607 0.821824 -0.048311 -0.488673 -0.539802 0.683724
1305031951.304862 2.436779 0.504601 0.830676 -0.052019 -0.489223 -0.552525 0.672809
1305031951.336937 2.452798 0.498877 0.844499 -0.054080 -0.490270 -0.564386 0.661951
1305031951.368840 2.459695 0.490877 0.855101 -0.059541 -0.486930 -0.578591 0.651602
1305031951.404865 2.467160 0.482677 0.866358 -0.062851 -0.485045 -0.589811 0.642576
1305031951.436903 2.478287 0.473452 0.881207 -0.065915 -0.481645 -0.599048 0.636250
1305031951.468857 2.484575 0.465794 0.892384 -0.070751 -0.475032 -0.606719 0.633428
1305031951.504916 2.493304 0.456806 0.906881 -0.076825 -0.469995 -0.610776 0.632579
1305031951.536888 2.498567 0.447437 0.921497 -0.084121 -0.462757 -0.614068 0.633798
1305031951.569006 2.504502 0.438994 0.935490 -0.090416 -0.455155 -0.615582 0.636960
1305031951.604927 2.508027 0.431244 0.949428 -0.096897 -0.448515 -0.617426 0.638929
1305031951.636936 2.512904 0.420591 0.968453 -0.102315 -0.444645 -0.619559 0.638724
1305031951.668929 2.517351 0.412469 0.986721 -0.105569 -0.437425 -0.623840 0.639013
1305031951.704880 2.520227 0.406543 1.002840 -0.110189 -0.429066 -0.627028 0.640778
1305031951.736828 2.524584 0.399524 1.022038 -0.117861 -0.421393 -0.628682 0.642881
1305031951.768926 2.521976 0.393479 1.039202 -0.126730 -0.411173 -0.632595 0.643972
1305031951.804886 2.520908 0.385942 1.058467 -0.133265 -0.403721 -0.634368 0.645621
1305031951.836932 2.522752 0.378498 1.078307 -0.138371 -0.395572 -0.635964 0.648017
1305031951.868913 2.521003 0.373710 1.095367 -0.143985 -0.385103 -0.639005 0.650106
1305031951.904907 2.517091 0.369001 1.111802 -0.150019 -0.375582 -0.640424 0.652908
1305031951.936962 2.515384 0.363243 1.129068 -0.154453 -0.368323 -0.640937 0.655501
1305031951.968839 2.514384 0.357953 1.145128 -0.159697 -0.364206 -0.639847 0.657607
1305031952.004839 2.511090 0.352964 1.160468 -0.167218 -0.363095 -0.639025 0.657151
1305031952.037104 2.505306 0.347504 1.175543 -0.173714 -0.365019 -0.639295 0.654130
1305031952.068888 2.496963 0.341989 1.189053 -0.177444 -0.369295 -0.640177 0.649852
1305031952.105135 2.490541 0.336596 1.201149 -0.177107 -0.377061 -0.640858 0.644794
1305031952.136943 2.488238 0.332589 1.211198 -0.174331 -0.388564 -0.641987 0.637558
1305031952.168932 2.487187 0.328416 1.221387 -0.175722 -0.401981 -0.644040 0.626695
1305031952.204914 2.478580 0.322505 1.232798 -0.180426 -0.413878 -0.649521 0.611779
1305031952.236877 2.467114 0.317661 1.240708 -0.180351 -0.425668 -0.657376 0.595093
1305031952.268902 2.463855 0.311984 1.250162 -0.178506 -0.439633 -0.661484 0.580773
1305031952.304888 2.452237 0.306050 1.259201 -0.180306 -0.447650 -0.668137 0.566297
1305031952.336993 2.437591 0.298748 1.268544 -0.177406 -0.455475 -0.673511 0.554484
1305031952.368960 2.432304 0.291936 1.278707 -0.171232 -0.461770 -0.674491 0.550009
1305031952.404918 2.422525 0.286460 1.286943 -0.169914 -0.461529 -0.674757 0.550293
1305031952.437054 2.413019 0.281479 1.294538 -0.170009 -0.461216 -0.672068 0.553805
1305031952.468939 2.402953 0.276424 1.302071 -0.170525 -0.461358 -0.669883 0.556171
1305031952.504868 2.393662 0.271021 1.310052 -0.170062 -0.462920 -0.667739 0.557592
1305031952.536948 2.383953 0.267027 1.316911 -0.168812 -0.463499 -0.666288 0.559223
1305031952.568932 2.373002 0.264371 1.321487 -0.165766 -0.465131 -0.664093 0.561387
1305031952.604926 2.367623 0.261449 1.327201 -0.161641 -0.469743 -0.660487 0.563002
1305031952.636992 2.359381 0.260000 1.330763 -0.159454 -0.473323 -0.657291 0.564365
1305031952.668899 2.350508 0.258961 1.333124 -0.156123 -0.478904 -0.653636 0.564833
1305031952.704918 2.345634 0.258585 1.335226 -0.153167 -0.487364 -0.646367 0.566767
1305031952.736938 2.341178 0.258851 1.336822 -0.150597 -0.497540 -0.638717 0.567287
1305031952.768957 2.339075 0.259414 1.337514 -0.148940 -0.509283 -0.632149 0.564655
1305031952.804919 2.331440 0.259997 1.337122 -0.149231 -0.523323 -0.626346 0.558171
1305031952.836931 2.328048 0.259694 1.338486 -0.147771 -0.541305 -0.617654 0.551050
1305031952.868991 2.325917 0.258411 1.340167 -0.147733 -0.557755 -0.609903 0.543233
1305031952.904920 2.322192 0.223964 1.373034 -0.146867 -0.570385 -0.602720 0.538348
1305031952.936984 2.324891 0.220497 1.377399 -0.139436 -0.591198 -0.593563 0.527944
1305031952.972903 2.326432 0.217391 1.380683 -0.139172 -0.605189 -0.589945 0.516083
1305031953.004869 2.312461 0.211624 1.380756 -0.143708 -0.614900 -0.587764 0.505747
1305031953.036943 2.318350 0.202839 1.384064 -0.138684 -0.616139 -0.578976 0.515681
1305031953.073127 2.327378 0.194699 1.372054 -0.133276 -0.612136 -0.579526 0.521226
1305031953.104909 2.325866 0.176731 1.389279 -0.132912 -0.616650 -0.576339 0.519530
1305031953.137098 2.319760 0.171419 1.392420 -0.133394 -0.622576 -0.575595 0.513124
1305031953.172998 2.314305 0.165937 1.393576 -0.130692 -0.627786 -0.575508 0.507538
1305031953.204992 2.311146 0.161825 1.393551 -0.126421 -0.633240 -0.575871 0.501395
1305031953.237103 2.309182 0.157952 1.391994 0.121439 0.639453 0.576459 -0.494011
1305031953.273087 2.305636 0.154339 1.390395 0.118760 0.646041 0.576970 -0.485421
1305031953.304968 2.300375 0.150581 1.389650 0.115927 0.652238 0.576330 -0.478529
1305031953.337012 2.299006 0.147770 1.385785 0.111011 0.658037 0.575218 -0.473062
1305031953.372964 2.297581 0.144880 1.380715 0.108953 0.663875 0.572701 -0.468415
1305031953.404920 2.299700 0.143381 1.375380 0.107598 0.670461 0.568901 -0.463958
1305031953.436876 2.302665 0.141712 1.371752 0.109881 0.676412 0.565643 -0.458738
1305031953.473261 2.301021 0.139097 1.367094 0.115548 0.678755 0.564440 -0.455356
1305031953.504919 2.302807 0.137821 1.359678 0.120346 0.680636 0.561646 -0.454759
1305031953.536948 2.310452 0.137537 1.357438 0.125300 0.682971 0.559069 -0.453091
1305031953.572862 2.310053 0.135442 1.353007 0.130471 0.682045 0.561508 -0.450001
1305031953.604882 2.315541 0.134171 1.350951 0.133116 0.680714 0.563158 -0.449180
1305031953.636962 2.319428 0.133494 1.346522 0.140985 0.675401 0.566930 -0.450051
1305031953.673021 2.318174 0.131717 1.341499 0.149596 0.669733 0.568157 -0.454177
1305031953.704929 2.324388 0.131199 1.337813 0.153500 0.665368 0.567189 -0.460456
1305031953.736982 2.332889 0.131718 1.335104 0.157871 0.660158 0.568971 -0.464264
1305031953.772886 2.332994 0.131894 1.330376 0.165367 0.653720 0.570486 -0.468881
1305031953.804859 2.339773 0.132315 1.329681 0.171761 0.648353 0.567799 -0.477223
1305031953.836840 2.344693 0.132978 1.329726 0.179626 0.638467 0.568914 -0.486242
1305031953.872987 2.346560 0.133890 1.326454 0.185143 0.627775 0.569266 -0.497552
1305031953.904912 2.354178 0.134702 1.326561 -0.186605 -0.617875 -0.569070 0.509478
1305031953.936924 2.356914 0.135816 1.324843 -0.187840 -0.603381 -0.574102 0.520628
1305031953.972857 2.357148 0.135262 1.321513 -0.185787 -0.590048 -0.578124 0.532071
1305031954.004852 2.364782 0.135194 1.319822 -0.177724 -0.578773 -0.581067 0.543873
1305031954.036921 2.371931 0.136468 1.313534 -0.169769 -0.563901 -0.588806 0.553626
1305031954.072918 2.374243 0.137293 1.305445 -0.164977 -0.549809 -0.595197 0.562346
1305031954.104933 2.374243 0.137293 1.305445 -0.164977 -0.549809 -0.595197 0.562346
1305031954.136939 2.377229 0.136808 1.297716 -0.157628 -0.538142 -0.599742 0.570847
1305031954.172997 2.380261 0.136747 1.286653 -0.150794 -0.526758 -0.603275 0.579523
1305031954.204838 2.380288 0.135793 1.274581 -0.144757 -0.516911 -0.605337 0.587720
1305031954.237023 2.381901 0.135551 1.261083 -0.136880 -0.509969 -0.606142 0.594801
1305031954.272870 2.385708 0.136144 1.246422 -0.128565 -0.506160 -0.604950 0.601089
1305031954.304869 2.394303 0.136746 1.234100 -0.121210 -0.503942 -0.602125 0.607286
1305031954.336921 2.402032 0.138688 1.219820 -0.117312 -0.499178 -0.600965 0.613107
1305031954.372872 2.406909 0.140583 1.205176 -0.115273 -0.494654 -0.601115 0.617001
1305031954.404711 2.409117 0.141695 1.190606 -0.112272 -0.491677 -0.603058 0.618037
1305031954.436896 2.418684 0.143604 1.178845 -0.106595 -0.489380 -0.603671 0.620263
1305031954.472974 2.426175 0.148359 1.163083 -0.104931 -0.482553 -0.604414 0.625153
1305031954.504827 2.429517 0.152182 1.147339 -0.106865 -0.475067 -0.603513 0.631398
1305031954.536934 2.438228 0.154427 1.136257 -0.107233 -0.469713 -0.601111 0.637602
1305031954.572946 2.443955 0.160113 1.120445 -0.109042 -0.459048 -0.600513 0.645577
1305031954.604885 2.439221 0.164805 1.101420 -0.112824 -0.449897 -0.596684 0.654853
1305031954.636862 2.438846 0.166567 1.087412 -0.109169 -0.449132 -0.591228 0.660918
1305031954.672891 2.449190 0.174585 1.071492 -0.100151 -0.450242 -0.586785 0.665534
1305031954.704892 2.458157 0.181839 1.057325 -0.096619 -0.452440 -0.584265 0.666782
1305031954.736939 2.461160 0.187109 1.044735 -0.095109 -0.452976 -0.584692 0.666260
1305031954.773183 2.462871 0.194595 1.030043 -0.092030 -0.454025 -0.584999 0.665709
1305031954.804833 2.468357 0.199068 1.019951 -0.089382 -0.456132 -0.583417 0.666017
1305031954.836924 2.472350 0.205167 1.008646 -0.087971 -0.453707 -0.582443 0.668708
1305031954.873001 2.473422 0.209233 0.999245 -0.085254 -0.452506 -0.581676 0.670540
1305031954.904866 2.481048 0.215211 0.991103 -0.082205 -0.448393 -0.579161 0.675839
1305031954.937022 2.481549 0.221538 0.979645 -0.082990 -0.441956 -0.577443 0.681430
1305031954.972931 2.485962 0.224457 0.974405 -0.081416 -0.439720 -0.576838 0.683575
1305031955.004936 2.489817 0.230524 0.966842 -0.079101 -0.434468 -0.577519 0.686623
1305031955.036969 2.493246 0.236961 0.959667 -0.077622 -0.430140 -0.577889 0.689201
1305031955.073048 2.501376 0.243780 0.955881 -0.075849 -0.426265 -0.579047 0.690832
1305031955.104929 2.504102 0.253088 0.948372 -0.077088 -0.419571 -0.581141 0.693032
1305031955.136878 2.507537 0.259562 0.945209 -0.079463 -0.416216 -0.582863 0.693341
1305031955.173003 2.512955 0.267212 0.942765 -0.081997 -0.412078 -0.584863 0.693832
1305031955.204960 2.513566 0.274137 0.938778 -0.086542 -0.407784 -0.587574 0.693527
1305031955.236857 2.514684 0.278115 0.938392 -0.089041 -0.406093 -0.591442 0.690910
1305031955.272905 2.517638 0.283326 0.937352 -0.090345 -0.402583 -0.594403 0.690254
1305031955.304880 2.516072 0.287984 0.935188 -0.093586 -0.398395 -0.596138 0.690755
1305031955.337035 2.517574 0.289843 0.936528 -0.095344 -0.396482 -0.595942 0.691784
1305031955.372861 2.518176 0.293555 0.935498 -0.097708 -0.391456 -0.595708 0.694512
1305031955.404928 2.517370 0.295221 0.935687 -0.100322 -0.387806 -0.593834 0.697784
1305031955.436909 2.517469 0.296854 0.935194 -0.102420 -0.383643 -0.592032 0.701303
1305031955.472931 2.515996 0.298326 0.934017 -0.103916 -0.380624 -0.591676 0.703027
1305031955.504893 2.517939 0.299271 0.934508 -0.104408 -0.379568 -0.591560 0.703622
1305031955.536891 2.516262 0.300799 0.932834 -0.106766 -0.376652 -0.590841 0.705437
1305031955.572893 2.513133 0.299503 0.932699 -0.107805 -0.376913 -0.590523 0.705406
1305031955.604944 2.515570 0.299492 0.933205 -0.106332 -0.377310 -0.589987 0.705865
1305031955.636881 2.516083 0.300649 0.931801 -0.106575 -0.376597 -0.588300 0.707615
1305031955.672837 2.516382 0.300114 0.932127 -0.107831 -0.377111 -0.587468 0.707843
1305031955.704890 2.515154 0.298811 0.932256 -0.108705 -0.376707 -0.586833 0.708451
1305031955.736903 2.515239 0.298316 0.931937 -0.108646 -0.376624 -0.585276 0.709790
1305031955.772963 2.515646 0.297602 0.931870 -0.108919 -0.376834 -0.583771 0.710875
1305031955.804902 2.515453 0.296269 0.932036 -0.109204 -0.376972 -0.581946 0.712254
1305031955.837019 2.516208 0.295643 0.931585 -0.108964 -0.376930 -0.580914 0.713154
1305031955.872917 2.515657 0.294717 0.931005 -0.109066 -0.377278 -0.579565 0.714052
1305031955.904911 2.519106 0.294233 0.931262 -0.108938 -0.377784 -0.577609 0.715388
1305031955.937291 2.517672 0.293832 0.929668 -0.110307 -0.377147 -0.577130 0.715900
1305031955.973194 2.517254 0.291811 0.929912 -0.110973 -0.378707 -0.576307 0.715637
1305031956.004870 2.518818 0.289530 0.931109 -0.110403 -0.379529 -0.575010 0.716333
1305031956.036937 2.518068 0.288956 0.929551 -0.109407 -0.378235 -0.574445 0.717622
1305031956.073037 2.517554 0.288460 0.928338 -0.108510 -0.378505 -0.573242 0.718577
1305031956.104901 2.520122 0.286805 0.929629 -0.107034 -0.379635 -0.571366 0.719695
1305031956.136924 2.520892 0.286898 0.929458 -0.106335 -0.378194 -0.570927 0.720906
