# timestamp tx ty tz qx qy qz qw
1305031910.765238 0.000000 0.000000 0.000000 0.000000 0.000000 0.000000 1.000000
1305031910.797230 -0.012632 0.001118 0.002095 0.005205 -0.001789 -0.008820 0.999946
1305031910.835208 -0.021686 -0.002128 0.007608 0.005922 -0.006995 -0.015098 0.999844
1305031910.865025 -0.028982 -0.004113 0.011399 0.007483 -0.013761 -0.022521 0.999624
1305031910.897222 -0.032774 -0.008373 0.017868 0.006933 -0.024025 -0.031218 0.999200
1305031910.935211 -0.028431 -0.018871 0.028734 0.007740 -0.033298 -0.037419 0.998715
1305031910.965249 -0.046938 -0.020950 0.027996 0.013421 -0.034214 -0.041283 0.998471
1305031910.997325 -0.059111 -0.012569 0.032276 0.017218 -0.042417 -0.049664 0.997716
1305031911.035050 -0.072115 -0.021419 0.035234 0.012668 -0.051867 -0.058698 0.996847
1305031911.065269 -0.086087 -0.015257 0.048083 0.015920 -0.067683 -0.069325 0.995168
1305031911.097196 -0.087433 -0.019621 0.053967 0.013420 -0.088770 -0.080092 0.992736
1305031911.135664 -0.085589 -0.029048 0.059935 0.014618 -0.105642 -0.092986 0.989939
1305031911.165177 -0.101409 -0.025660 0.056617 0.019698 -0.114898 -0.100069 0.988128
1305031911.197213 -0.099452 -0.023945 0.065385 0.023200 -0.130629 -0.107031 0.985364
1305031911.235651 -0.105221 -0.026017 0.071005 0.025653 -0.142295 -0.114232 0.982876
1305031911.265104 -0.108588 -0.022764 0.075830 0.029144 -0.154628 -0.123147 0.979834
1305031911.297334 -0.114581 -0.026966 0.079273 0.028762 -0.163952 -0.130350 0.977395
1305031911.333191 -0.120048 -0.030465 0.081625 0.030639 -0.174085 -0.136511 0.974741
1305031911.365235 -0.113520 -0.033321 0.087664 0.033832 -0.185373 -0.141999 0.971766
1305031911.397333 -0.127266 -0.038974 0.088912 0.036434 -0.187788 -0.146560 0.970530
1305031911.433256 -0.137794 -0.034647 0.091921 0.042244 -0.193213 -0.148960 0.968863
1305031911.465250 -0.150531 -0.037094 0.088545 0.042711 -0.198988 -0.149067 0.967656
1305031911.497291 -0.152338 -0.039458 0.090857 0.044586 -0.212411 -0.149571 0.964636
1305031911.533251 -0.153701 -0.039424 0.097269 0.047119 -0.225395 -0.150241 0.961460
1305031911.565335 -0.163189 -0.047309 0.098219 0.047138 -0.233827 -0.148485 0.959716
1305031911.597302 -0.171093 -0.046642 0.102596 0.053467 -0.246319 -0.150933 0.955870
1305031911.633337 -0.170284 -0.041730 0.109992 0.058860 -0.259263 -0.157361 0.951081
1305031911.665124 -0.171696 -0.035163 0.113957 0.063406 -0.268840 -0.164622 0.946892
1305031911.697167 -0.186790 -0.038153 0.118629 0.062858 -0.274875 -0.174081 0.943498
1305031911.733203 -0.190106 -0.035643 0.123514 0.063838 -0.282726 -0.183198 0.939377
1305031911.765284 -0.192942 -0.030226 0.130113 0.064818 -0.289671 -0.192504 0.935324
1305031911.797297 -0.192915 -0.026325 0.138141 0.064645 -0.296020 -0.199072 0.931968
1305031911.833338 -0.203641 -0.024511 0.135532 0.060679 -0.298949 -0.207453 0.929468
1305031911.865269 -0.208808 -0.021511 0.133430 0.055965 -0.305987 -0.213658 0.926062
1305031911.897159 -0.212025 -0.018902 0.137687 0.051020 -0.315144 -0.218189 0.922212
1305031911.933063 -0.216660 -0.017921 0.140717 0.044513 -0.326529 -0.223875 0.917212
1305031911.965140 -0.225190 -0.014806 0.135627 0.037611 -0.338151 -0.230502 0.911651
1305031911.997252 -0.231088 -0.011797 0.125620 0.028441 -0.351867 -0.236753 0.905168
1305031912.033135 -0.224293 -0.016040 0.142423 0.018311 -0.369853 -0.240633 0.897201
1305031912.065365 -0.225888 -0.016875 0.144674 0.010869 -0.380192 -0.242612 0.892454
1305031912.096953 -0.217095 -0.028124 0.156262 0.003989 -0.391582 -0.248507 0.885941
1305031912.133282 -0.224734 -0.025717 0.146685 0.003653 -0.392403 -0.257129 0.883114
1305031912.165138 -0.219717 -0.038521 0.153958 0.004540 -0.401096 -0.269557 0.875466
1305031912.197357 -0.227208 -0.035733 0.149173 0.008383 -0.401042 -0.282913 0.871238
1305031912.233265 -0.220837 -0.025493 0.158780 0.017043 -0.405466 -0.292163 0.865996
1305031912.265090 -0.218852 -0.040738 0.156231 0.017965 -0.407444 -0.301482 0.861844
1305031912.297250 -0.221973 -0.051531 0.158264 0.025910 -0.411174 -0.305721 0.858370
1305031912.333274 -0.215482 -0.044021 0.154702 0.039634 -0.415377 -0.305775 0.855799
1305031912.365250 -0.213271 -0.043860 0.154531 0.045424 -0.418980 -0.305996 0.853674
1305031912.397198 -0.211607 -0.043956 0.155531 0.049914 -0.425931 -0.307937 0.849274
1305031912.433290 -0.208579 -0.044552 0.157884 0.051190 -0.433565 -0.314236 0.843005
1305031912.465142 -0.205289 -0.043272 0.158852 0.052826 -0.440784 -0.320122 0.836923
1305031912.497123 -0.202218 -0.045725 0.157366 0.049662 -0.445822 -0.326176 0.832097
1305031912.533113 -0.200429 -0.047517 0.161680 0.045577 -0.450146 -0.330098 0.828448
1305031912.565146 -0.199899 -0.046761 0.158286 0.042020 -0.454277 -0.332316 0.825489
1305031912.597090 -0.196265 -0.053335 0.157468 0.035475 -0.459143 -0.333150 0.822764
1305031912.633132 -0.191285 -0.052107 0.168739 0.035280 -0.465283 -0.334240 0.818872
1305031912.665220 -0.190883 -0.052910 0.165547 0.032437 -0.468587 -0.338795 0.815225
1305031912.697182 -0.190330 -0.052393 0.170359 0.030520 -0.475899 -0.344448 0.808668
1305031912.733125 -0.188656 -0.054546 0.171628 0.027985 -0.483312 -0.351740 0.801190
1305031912.765193 -0.186240 -0.059843 0.173129 0.026334 -0.488001 -0.358132 0.795552
1305031912.797155 -0.182503 -0.057906 0.173902 0.027315 -0.488180 -0.361678 0.793803
1305031912.833077 -0.180656 -0.059155 0.175822 0.026652 -0.486186 -0.363908 0.794030
1305031912.865153 -0.179746 -0.057442 0.174957 0.028800 -0.482167 -0.366160 0.795369
1305031912.897198 -0.177538 -0.060454 0.176440 0.030675 -0.478713 -0.366020 0.797447
1305031912.933115 -0.177093 -0.064248 0.181697 0.031664 -0.474589 -0.363986 0.800797
1305031912.965034 -0.177564 -0.066026 0.178495 0.036294 -0.471118 -0.365632 0.801900
1305031912.997049 -0.172088 -0.064183 0.177653 0.044420 -0.467684 -0.365296 0.803653
1305031913.033133 -0.172773 -0.070109 0.180646 0.045744 -0.466002 -0.362081 0.806007
1305031913.065209 -0.168040 -0.063044 0.176407 0.050596 -0.463087 -0.357095 0.809613
1305031913.097038 -0.165632 -0.066182 0.175394 0.050337 -0.459203 -0.347655 0.815926
1305031913.133146 -0.161694 -0.065695 0.179964 0.052847 -0.452788 -0.338259 0.823269
1305031913.165211 -0.159968 -0.063767 0.179192 0.054539 -0.441793 -0.324841 0.834460
1305031913.197113 -0.159943 -0.060735 0.188463 0.056211 -0.433344 -0.311272 0.843898
1305031913.233126 -0.157562 -0.058606 0.184628 0.056487 -0.421587 -0.295685 0.855362
1305031913.265022 -0.154995 -0.057085 0.189554 0.057110 -0.411053 -0.278525 0.866139
1305031913.297160 -0.155621 -0.055618 0.191573 0.057428 -0.397449 -0.262380 0.877435
1305031913.333122 -0.148521 -0.050309 0.174438 0.059780 -0.378756 -0.246740 0.889994
1305031913.365070 -0.150993 -0.056972 0.180288 0.057819 -0.366861 -0.235531 0.898106
1305031913.397099 -0.140879 -0.066592 0.184854 0.056098 -0.356143 -0.224142 0.905415
1305031913.433081 -0.136382 -0.057229 0.191628 0.063813 -0.340703 -0.212976 0.913504
1305031913.465231 -0.133467 -0.044170 0.193723 0.071684 -0.317535 -0.197513 0.924674
1305031913.497227 -0.111234 -0.060552 0.202344 0.067497 -0.297587 -0.179465 0.935243
1305031913.533297 -0.111891 -0.040125 0.206189 0.074659 -0.271576 -0.161702 0.945793
1305031913.565261 -0.107348 -0.041168 0.207656 0.074078 -0.248650 -0.147376 0.954446
1305031913.597139 -0.097970 -0.041462 0.202921 0.076806 -0.226329 -0.131651 0.962052
1305031913.633293 -0.092067 -0.030653 0.199607 0.081722 -0.203674 -0.119942 0.968221
1305031913.665421 -0.105835 -0.015669 0.189428 0.081442 -0.172457 -0.102508 0.976278
1305031913.697243 -0.100597 -0.014265 0.185651 0.075600 -0.149759 -0.083699 0.982268
1305031913.733097 -0.097605 -0.007331 0.174240 0.071069 -0.124647 -0.069098 0.987238
1305031913.765028 -0.092580 -0.005672 0.168368 0.063167 -0.102038 -0.054249 0.991290
1305031913.797106 -0.084261 -0.002612 0.160817 0.054830 -0.084008 -0.038553 0.994208
1305031913.833143 -0.078236 -0.006405 0.155295 0.045275 -0.066333 -0.024076 0.996479
1305031913.865063 -0.059610 0.000745 0.155324 0.043476 -0.053502 -0.006794 0.997598
1305031913.897116 -0.064156 0.003863 0.140514 0.038288 -0.031332 0.010336 0.998722
1305031913.933123 -0.053720 0.007781 0.131194 0.035850 -0.018192 0.025650 0.998862
1305031913.965134 -0.042462 0.015280 0.124756 0.037684 -0.007049 0.036770 0.998588
1305031913.997116 -0.032694 0.020500 0.116846 0.035527 0.006069 0.050300 0.998084
1305031914.033441 -0.019012 0.024838 0.113192 0.035992 0.016726 0.067343 0.996940
1305031914.065072 -0.010954 0.037933 0.105005 0.039491 0.029969 0.079430 0.995607
1305031914.097126 0.000352 0.040265 0.095049 0.036536 0.042802 0.089997 0.994351
1305031914.133245 0.009548 0.044380 0.087798 0.036043 0.055180 0.100861 0.992715
1305031914.165013 0.021824 0.050926 0.079625 0.037717 0.066244 0.110670 0.990930
1305031914.197110 0.041026 0.058263 0.071496 0.039278 0.074694 0.116943 0.989547
1305031914.233108 0.065599 0.055538 0.060386 0.039128 0.083430 0.124133 0.987978
1305031914.265074 0.071415 0.067913 0.053845 0.051113 0.102279 0.126945 0.985298
1305031914.297165 0.082933 0.080959 0.048693 0.059300 0.114967 0.127089 0.983420
1305031914.333148 0.088537 0.101674 0.042698 0.062967 0.125174 0.124497 0.982277
1305031914.365058 0.092814 0.108249 0.040330 0.056129 0.132350 0.121592 0.982114
1305031914.397215 0.106208 0.116377 0.035512 0.050077 0.132499 0.120750 0.982525
1305031914.433060 0.139611 0.127082 0.016405 0.045930 0.123324 0.121178 0.983869
1305031914.465054 0.157484 0.136518 0.008965 0.042674 0.123322 0.120699 0.984074
1305031914.497127 0.182602 0.148784 -0.002522 0.040017 0.122124 0.116676 0.984820
1305031914.533107 0.197573 0.156874 -0.013326 0.035622 0.125426 0.113139 0.984987
1305031914.565001 0.210842 0.164414 -0.017194 0.033330 0.128546 0.109808 0.985042
1305031914.597122 0.229564 0.180634 -0.022903 0.032447 0.130036 0.104779 0.985423
1305031914.633055 0.245177 0.190140 -0.034282 0.026292 0.133179 0.100643 0.985618
1305031914.665019 0.261920 0.195277 -0.043288 0.018661 0.138069 0.099404 0.985245
1305031914.697129 0.278559 0.199220 -0.049812 0.014219 0.143078 0.099048 0.984640
1305031914.733078 0.293600 0.206584 -0.058605 0.013708 0.147296 0.095407 0.984385
1305031914.764901 0.307363 0.221382 -0.062313 0.012983 0.151476 0.093760 0.983918
1305031914.797119 0.317839 0.222665 -0.069525 0.006183 0.152991 0.094158 0.983712
1305031914.833133 0.332236 0.222585 -0.075504 0.002456 0.151263 0.093437 0.984064
1305031914.865128 0.344577 0.226219 -0.082574 0.001416 0.148579 0.089569 0.984835
1305031914.897188 0.360408 0.229699 -0.088396 0.000655 0.143742 0.087707 0.985721
1305031914.933099 0.372510 0.227176 -0.094977 0.001628 0.139220 0.086705 0.986457
1305031914.964978 0.393203 0.236953 -0.104046 0.007295 0.130492 0.081203 0.988091
1305031914.997078 0.411973 0.245499 -0.111087 0.009505 0.126229 0.079224 0.988787
1305031915.033152 0.425017 0.246906 -0.116712 0.009280 0.123794 0.079256 0.989094
1305031915.065009 0.446132 0.253642 -0.125140 0.011354 0.118321 0.077793 0.989858
1305031915.097024 0.461913 0.254588 -0.131893 0.011210 0.116153 0.074215 0.990391
1305031915.133208 0.482291 0.253395 -0.141173 0.012485 0.112278 0.066491 0.991371
1305031915.165021 0.502721 0.255610 -0.150895 0.016506 0.109493 0.055972 0.992273
1305031915.197108 0.511399 0.253135 -0.157041 0.020973 0.109395 0.043145 0.992840
1305031915.233111 0.528983 0.265471 -0.162818 0.027986 0.104820 0.033478 0.993534
1305031915.264979 0.544043 0.267460 -0.166657 0.028441 0.100744 0.024526 0.994203
1305031915.297152 0.557809 0.269583 -0.172205 0.029611 0.093279 0.017818 0.995040
1305031915.333207 0.576536 0.270999 -0.176170 0.029845 0.081244 0.011649 0.996179
1305031915.365050 0.595747 0.269779 -0.181440 0.029278 0.069256 0.003940 0.997161
1305031915.397167 0.615970 0.272491 -0.184789 0.029547 0.057534 -0.004264 0.997897
1305031915.432960 0.634351 0.265231 -0.189759 0.027031 0.046320 -0.013868 0.998465
1305031915.464920 0.650696 0.266912 -0.194571 0.028907 0.035570 -0.031718 0.998445
1305031915.497121 0.666760 0.272694 -0.197487 0.028937 0.023151 -0.047922 0.998163
1305031915.533058 0.688073 0.264407 -0.202722 0.022994 0.008884 -0.058642 0.997975
1305031915.564985 0.711911 0.260782 -0.205848 0.023025 -0.002121 -0.070781 0.997224
1305031915.601161 0.734629 0.259894 -0.205167 0.023869 -0.006760 -0.084623 0.996104
1305031915.633062 0.753581 0.255261 -0.207705 0.023165 -0.006227 -0.093827 0.995300
1305031915.665003 0.768538 0.250387 -0.209045 0.024457 -0.004659 -0.099187 0.994757
1305031915.701106 0.781799 0.250668 -0.212164 0.028249 -0.005749 -0.104693 0.994087
1305031915.733046 0.784876 0.256990 -0.211966 0.030638 -0.008964 -0.107531 0.993689
1305031915.765010 0.793702 0.266917 -0.215441 0.030263 -0.020646 -0.112482 0.992978
1305031915.801243 0.806400 0.256898 -0.213634 0.023600 -0.036083 -0.119061 0.991950
1305031915.833049 0.824946 0.254412 -0.216948 0.024537 -0.053062 -0.128335 0.990006
1305031915.865069 0.847922 0.258484 -0.214316 0.023741 -0.069886 -0.139070 0.987528
1305031915.901234 0.862229 0.256334 -0.213261 0.020174 -0.081866 -0.149435 0.985170
1305031915.933056 0.883289 0.253626 -0.210176 0.015529 -0.094027 -0.158521 0.982746
1305031915.965061 0.902792 0.239846 -0.206483 0.010394 -0.103901 -0.165005 0.980750
1305031916.001234 0.923020 0.243939 -0.204255 0.012926 -0.110594 -0.173029 0.978603
1305031916.033043 0.937552 0.234001 -0.201500 0.007383 -0.114882 -0.182684 0.976409
1305031916.065060 0.950426 0.205902 -0.204320 0.007145 -0.121002 -0.189682 0.974335
1305031916.101115 0.960118 0.197007 -0.210652 0.024297 -0.128135 -0.196959 0.971699
1305031916.133093 0.977673 0.195175 -0.207428 0.047494 -0.144186 -0.198919 0.968187
1305031916.165155 0.987582 0.221133 -0.212115 0.078562 -0.156914 -0.205308 0.962837
1305031916.201031 1.005926 0.234403 -0.212903 0.092804 -0.175089 -0.211628 0.957050
1305031916.233050 1.027651 0.212481 -0.217908 0.094981 -0.194108 -0.212824 0.952894
1305031916.265060 1.045066 0.207094 -0.218392 0.109048 -0.205527 -0.220614 0.947205
1305031916.301076 1.067114 0.203402 -0.214064 0.123337 -0.216093 -0.227670 0.941413
1305031916.333426 1.083559 0.188709 -0.219805 0.136869 -0.222311 -0.233968 0.936538
1305031916.365121 1.106692 0.180215 -0.215455 0.156527 -0.227077 -0.241537 0.930374
1305031916.401006 1.121139 0.176686 -0.220100 0.174420 -0.224959 -0.245340 0.926704
1305031916.433168 1.130189 0.172651 -0.225848 0.189921 -0.223823 -0.242484 0.924681
1305031916.465124 1.140644 0.165407 -0.231757 0.202757 -0.227186 -0.238716 0.922112
1305031916.501025 1.144500 0.165355 -0.235461 0.214383 -0.233307 -0.234551 0.919018
1305031916.533266 1.152886 0.154276 -0.243364 0.224479 -0.245643 -0.232635 0.913865
1305031916.565142 1.169980 0.154941 -0.243344 0.237241 -0.260763 -0.229639 0.907185
1305031916.601238 1.178832 0.156072 -0.244130 0.244347 -0.273134 -0.230294 0.901475
1305031916.633156 1.190115 0.143236 -0.238016 0.250102 -0.287688 -0.230196 0.895374
1305031916.665139 1.222718 0.118150 -0.232184 0.255199 -0.302038 -0.231545 0.888838
1305031916.701048 1.231491 0.109128 -0.225206 0.263993 -0.309688 -0.232550 0.883358
1305031916.733056 1.238795 0.102143 -0.225983 0.271339 -0.317359 -0.233332 0.878188
1305031916.765076 1.246059 0.084843 -0.211711 0.276934 -0.327991 -0.229982 0.873406
1305031916.801088 1.254401 0.077707 -0.204325 0.284848 -0.337379 -0.225196 0.868518
1305031916.833266 1.263817 0.071781 -0.195737 0.293001 -0.346325 -0.222639 0.862926
1305031916.865085 1.273924 0.067535 -0.181060 0.299572 -0.356206 -0.219080 0.857542
1305031916.901017 1.279706 0.049826 -0.175315 0.304892 -0.367019 -0.215402 0.852021
1305031916.933088 1.287771 0.039269 -0.166022 0.312270 -0.377073 -0.212243 0.845728
1305031916.965054 1.293745 0.035430 -0.159601 0.319934 -0.384276 -0.209749 0.840226
1305031917.001132 1.296289 0.006048 -0.154270 0.323671 -0.393425 -0.206233 0.835418
1305031917.033155 1.247759 -0.004074 -0.197656 0.330190 -0.392550 -0.199362 0.834945
1305031917.065136 1.258839 -0.018074 -0.187482 0.344397 -0.401349 -0.194915 0.826025
1305031917.101130 1.279598 -0.030855 -0.169561 0.360121 -0.408092 -0.196662 0.815536
1305031917.133106 1.282800 -0.041902 -0.161009 0.376310 -0.411710 -0.195304 0.806686
1305031917.165045 1.259428 -0.012490 -0.174683 0.397294 -0.408257 -0.189477 0.799738
1305031917.201175 1.296575 -0.080193 -0.193083 0.403953 -0.415327 -0.191310 0.792292
1305031917.233102 1.301023 -0.102301 -0.200986 0.412377 -0.417664 -0.185717 0.788043
1305031917.265163 1.322898 -0.129314 -0.187235 0.420823 -0.425379 -0.180452 0.780639
1305031917.301107 1.325576 -0.146618 -0.194698 0.426891 -0.429909 -0.176609 0.775727
1305031917.333229 1.318629 -0.101676 -0.138169 0.439801 -0.433571 -0.170367 0.767832
1305031917.365138 1.329590 -0.115564 -0.125054 0.438605 -0.439568 -0.171328 0.764887
1305031917.401065 1.334439 -0.126940 -0.134786 0.432728 -0.441900 -0.174264 0.766227
1305031917.433141 1.346519 -0.120923 -0.162083 0.424051 -0.439982 -0.177317 0.771463
1305031917.465076 1.364098 -0.064597 -0.034719 0.430318 -0.445118 -0.175761 0.765379
1305031917.501158 1.361104 -0.062563 -0.034049 0.416463 -0.441859 -0.180942 0.773679
1305031917.533057 1.370094 -0.068919 -0.020098 0.402656 -0.441977 -0.187850 0.779254
1305031917.565195 1.378695 -0.070348 -0.002019 0.391670 -0.441174 -0.198433 0.782677
1305031917.601069 1.383265 -0.063246 0.011237 0.379991 -0.440545 -0.206336 0.786735
1305031917.633090 1.390117 -0.088450 0.012159 0.364653 -0.441683 -0.215876 0.790786
1305031917.665060 1.404825 -0.077237 0.016863 0.353511 -0.442620 -0.221730 0.793696
1305031917.701096 1.411785 -0.066262 0.029961 0.342130 -0.444462 -0.225049 0.796714
1305031917.733003 1.422169 -0.085378 0.021724 0.324750 -0.447948 -0.229643 0.800715
1305031917.765114 1.428436 -0.071623 0.046533 0.312942 -0.450906 -0.234772 0.802267
1305031917.801048 1.442836 -0.065396 0.057718 0.294894 -0.452560 -0.240456 0.806479
1305031917.833090 1.455493 -0.068328 0.056991 0.274881 -0.453480 -0.246890 0.811074
1305031917.865107 1.477150 -0.072732 0.036115 0.255243 -0.451276 -0.257558 0.815393
1305031917.901060 1.492663 -0.070897 0.035932 0.239396 -0.447644 -0.267763 0.818906
1305031917.932948 1.506030 -0.079431 0.042528 0.218611 -0.445192 -0.276066 0.823286
1305031917.965346 1.515751 -0.095196 0.044456 0.197806 -0.441999 -0.284966 0.827226
1305031918.001098 1.524447 -0.095535 0.059631 0.184604 -0.439696 -0.293826 0.828405
1305031918.033144 1.534097 -0.088078 0.067924 0.171008 -0.436214 -0.303992 0.829495
1305031918.065137 1.538150 -0.097417 0.071735 0.155626 -0.432971 -0.317829 0.829036
1305031918.101060 1.547272 -0.099372 0.070728 0.147756 -0.432050 -0.330214 0.826111
1305031918.133054 1.559371 -0.114411 0.094103 0.134163 -0.436988 -0.339894 0.821897
1305031918.165017 1.568144 -0.128025 0.107841 0.122680 -0.436087 -0.349264 0.820239
1305031918.201086 1.586780 -0.128165 0.118535 0.117917 -0.433655 -0.355595 0.819507
1305031918.233042 1.599083 -0.130491 0.130163 0.109647 -0.429573 -0.363281 0.819434
1305031918.265256 1.609213 -0.136325 0.142884 0.101605 -0.423794 -0.374172 0.818578
1305031918.301124 1.621448 -0.138201 0.154656 0.093755 -0.417068 -0.384494 0.818186
1305031918.333165 1.629572 -0.151713 0.169800 0.081545 -0.409654 -0.397718 0.816918
1305031918.365072 1.640577 -0.167354 0.179873 0.072077 -0.403062 -0.406060 0.816983
1305031918.401030 1.654993 -0.167927 0.194768 0.067335 -0.393806 -0.414961 0.817429
1305031918.433043 1.667024 -0.178785 0.211227 0.055765 -0.384954 -0.423562 0.818105
1305031918.465089 1.673902 -0.194930 0.231984 0.045505 -0.377212 -0.429829 0.819077
1305031918.501125 1.682280 -0.209657 0.246151 0.040632 -0.367952 -0.435179 0.820719
1305031918.533134 1.690846 -0.217436 0.262285 0.039278 -0.359796 -0.439273 0.822218
1305031918.565018 1.701488 -0.228818 0.280272 0.033724 -0.354366 -0.442209 0.823249
1305031918.601029 1.706168 -0.244939 0.295068 0.028208 -0.348493 -0.445249 0.824324
1305031918.633027 1.715440 -0.254565 0.310546 0.026922 -0.345564 -0.448436 0.823873
1305031918.665112 1.722692 -0.266717 0.325644 0.023536 -0.343715 -0.454364 0.821498
1305031918.701017 1.728758 -0.280945 0.335654 0.018312 -0.343099 -0.458324 0.819687
1305031918.732948 1.735554 -0.300034 0.348843 0.013618 -0.344353 -0.462832 0.816714
1305031918.765151 1.744020 -0.321202 0.358000 0.014395 -0.344034 -0.471153 0.812064
1305031918.801097 1.750474 -0.335154 0.368629 0.022584 -0.341201 -0.483634 0.805711
1305031918.833123 1.756791 -0.347403 0.375622 0.029469 -0.338494 -0.493576 0.800585
1305031918.865115 1.760242 -0.360903 0.383333 0.035231 -0.338833 -0.504264 0.793517
1305031918.901084 1.765006 -0.373052 0.388819 0.042072 -0.341495 -0.515573 0.784726
1305031918.933071 1.770022 -0.383491 0.400293 0.047777 -0.348944 -0.525998 0.774133
1305031918.965058 1.776672 -0.394315 0.413484 0.053743 -0.357668 -0.537479 0.761775
1305031919.001053 1.778267 -0.406499 0.421523 0.057714 -0.364317 -0.548521 0.750378
1305031919.033082 1.786198 -0.414209 0.433419 0.061708 -0.374661 -0.555366 0.739858
1305031919.065147 1.789612 -0.425818 0.443862 0.059822 -0.382579 -0.564425 0.729026
1305031919.101028 1.791823 -0.440656 0.456815 0.058690 -0.391628 -0.573650 0.717014
1305031919.133133 1.796957 -0.453801 0.470869 0.059184 -0.399931 -0.581645 0.705862
1305031919.165110 1.799620 -0.463767 0.483134 0.058758 -0.406314 -0.588107 0.696841
1305031919.201124 1.804350 -0.472278 0.495445 0.058025 -0.413730 -0.594783 0.686799
1305031919.233093 1.804321 -0.481483 0.504265 0.056666 -0.421823 -0.604238 0.673610
1305031919.265125 1.810199 -0.493255 0.518816 0.058506 -0.434202 -0.614214 0.656344
1305031919.301119 1.810936 -0.505144 0.526148 0.058553 -0.443222 -0.623276 0.641602
1305031919.333120 1.824485 -0.521603 0.536025 0.058526 -0.457784 -0.626276 0.628321
1305031919.364948 1.833604 -0.534407 0.547607 0.056256 -0.467500 -0.631720 0.615799
1305031919.401124 1.839421 -0.550059 0.557140 0.052397 -0.476316 -0.636517 0.604338
1305031919.433256 1.849457 -0.563049 0.567293 0.049850 -0.485302 -0.640280 0.593328
1305031919.465070 1.857927 -0.581471 0.577951 0.046789 -0.492824 -0.645580 0.581516
1305031919.501049 1.865146 -0.600764 0.586387 0.044287 -0.497011 -0.650263 0.572867
1305031919.533110 1.866273 -0.622635 0.592950 0.043124 -0.499502 -0.653315 0.567290
1305031919.565165 1.874400 -0.637009 0.597022 0.047777 -0.502538 -0.653188 0.564375
1305031919.601094 1.880001 -0.652499 0.599136 0.048660 -0.505458 -0.654001 0.560738
1305031919.633127 1.880704 -0.671438 0.597248 0.048867 -0.511210 -0.653215 0.556405
1305031919.665042 1.885753 -0.690721 0.604763 0.052111 -0.521136 -0.649759 0.550922
1305031919.701092 1.883599 -0.711614 0.615263 0.054489 -0.528035 -0.647132 0.547202
1305031919.733117 1.883547 -0.730321 0.613089 0.060614 -0.531342 -0.643659 0.547453
1305031919.765060 1.890838 -0.736666 0.616781 0.066501 -0.537108 -0.637468 0.548386
1305031919.801129 1.887589 -0.749275 0.612429 0.063000 -0.544428 -0.633151 0.546579
1305031919.833072 1.890593 -0.754652 0.621272 0.059603 -0.557800 -0.626661 0.540928
1305031919.865180 1.884601 -0.766148 0.632275 0.048634 -0.569879 -0.624299 0.532094
1305031919.901067 1.867909 -0.780094 0.642383 0.039584 -0.580692 -0.620716 0.525302
1305031919.933102 1.861547 -0.794233 0.647186 0.034750 -0.589540 -0.615187 0.522284
1305031919.965129 1.850916 -0.804959 0.657229 0.029005 -0.598350 -0.609364 0.519434
1305031920.001054 1.839164 -0.814249 0.658661 0.024807 -0.605605 -0.603373 0.518235
1305031920.033118 1.838248 -0.816794 0.661080 0.021103 -0.614279 -0.598322 0.514031
1305031920.065136 1.822125 -0.824396 0.672123 0.011718 -0.625235 -0.594318 0.505698
1305031920.101055 1.810803 -0.832100 0.682153 -0.007708 0.636112 0.589740 -0.497502
1305031920.132987 1.799194 -0.839561 0.693387 -0.003764 0.643498 0.587676 -0.490441
1305031920.165140 1.785516 -0.846590 0.706651 -0.002417 0.649014 0.586614 -0.484416
1305031920.201166 1.770682 -0.856733 0.721999 -0.002165 0.650228 0.587116 -0.482176
1305031920.233083 1.754613 -0.861793 0.726183 -0.004838 0.646733 0.586206 -0.487930
1305031920.265120 1.741720 -0.866041 0.735913 -0.011272 0.644678 0.582557 -0.494865
1305031920.301096 1.720822 -0.875133 0.747307 0.014378 -0.641171 -0.578429 0.504096
1305031920.333124 1.710493 -0.873866 0.752681 0.022869 -0.636528 -0.569911 0.519144
1305031920.365130 1.696807 -0.877175 0.763007 0.027861 -0.631437 -0.562584 0.532926
1305031920.401115 1.681570 -0.884780 0.764269 0.031949 -0.623935 -0.556192 0.548028
1305031920.433123 1.674370 -0.883987 0.765284 0.041942 -0.617484 -0.548243 0.562480
1305031920.465148 1.662447 -0.888479 0.766386 0.048607 -0.612030 -0.541655 0.574166
1305031920.501107 1.651862 -0.890933 0.767165 0.057756 -0.608120 -0.535575 0.583108
1305031920.533105 1.646745 -0.893692 0.763326 0.066546 -0.604395 -0.529646 0.591399
1305031920.565153 1.634790 -0.894622 0.766093 0.072591 -0.604049 -0.525555 0.594682
1305031920.601126 1.628497 -0.899253 0.762363 0.078941 -0.602962 -0.519549 0.600229
1305031920.633105 1.616990 -0.904286 0.770329 0.083499 -0.603409 -0.510868 0.606580
1305031920.665129 1.607048 -0.900371 0.782641 0.092917 -0.599174 -0.501802 0.616889
1305031920.701147 1.593866 -0.905432 0.789008 0.100188 -0.590001 -0.490843 0.633193
1305031920.733091 1.593482 -0.930472 0.781206 0.108145 -0.579595 -0.482186 0.647974
1305031920.765152 1.585671 -0.930884 0.785305 0.118823 -0.569711 -0.471286 0.662721
1305031920.801031 1.581815 -0.937277 0.781819 0.128466 -0.558974 -0.460782 0.677292
1305031920.833132 1.577034 -0.939206 0.784433 0.137698 -0.552355 -0.452109 0.686688
1305031920.865163 1.563808 -0.946214 0.787479 0.143969 -0.545256 -0.444375 0.696060
1305031920.901037 1.557059 -0.953512 0.789276 0.149756 -0.538566 -0.434284 0.706341
1305031920.933077 1.552747 -0.961778 0.797570 0.153241 -0.531688 -0.422694 0.717742
1305031920.965217 1.545602 -0.968547 0.798611 0.157528 -0.521681 -0.415693 0.728171
1305031921.001108 1.535706 -0.975142 0.803339 0.162013 -0.511784 -0.408137 0.738412
1305031921.033111 1.529896 -0.980621 0.809536 0.168380 -0.502782 -0.402249 0.746361
1305031921.065147 1.525795 -0.986283 0.809379 0.172290 -0.491900 -0.399906 0.753940
1305031921.101105 1.512792 -0.981419 0.820286 0.176377 -0.481708 -0.395488 0.761864
1305031921.133159 1.506815 -0.986692 0.828594 0.177166 -0.471908 -0.394313 0.768396
1305031921.165116 1.500475 -0.997005 0.831949 0.176652 -0.459597 -0.395525 0.775323
1305031921.201159 1.491705 -1.009623 0.827768 0.179115 -0.447093 -0.397015 0.781284
1305031921.233189 1.483791 -1.017583 0.831008 0.184725 -0.437357 -0.395478 0.786252
1305031921.265164 1.476151 -1.019314 0.833192 0.191923 -0.428699 -0.392935 0.790560
1305031921.301188 1.474788 -1.030178 0.827599 0.193690 -0.423038 -0.389845 0.794697
1305031921.333158 1.465655 -1.025833 0.842952 0.199002 -0.418156 -0.385005 0.798320
1305031921.365112 1.460389 -1.031882 0.848150 0.199628 -0.414994 -0.379770 0.802311
1305031921.401108 1.458340 -1.044134 0.848223 0.199718 -0.410617 -0.375747 0.806425
1305031921.433143 1.456089 -1.051874 0.852193 0.201543 -0.404986 -0.370284 0.811330
1305031921.465014 1.452003 -1.064291 0.855992 0.199974 -0.400078 -0.362814 0.817505
1305031921.501096 1.449405 -1.072171 0.858036 0.200678 -0.392562 -0.354746 0.824487
1305031921.533099 1.444685 -1.084473 0.864972 0.202433 -0.383467 -0.348279 0.831069
1305031921.565119 1.434015 -1.093742 0.863790 0.207646 -0.371315 -0.340208 0.838610
1305031921.601114 1.437768 -1.085932 0.868758 0.218667 -0.360547 -0.331866 0.843834
1305031921.633107 1.427866 -1.091868 0.874137 0.218215 -0.346353 -0.324567 0.852689
1305031921.665162 1.439358 -1.108632 0.883741 0.219512 -0.335676 -0.316347 0.859686
1305031921.701068 1.450951 -1.137366 0.889216 0.218909 -0.323546 -0.307893 0.867525
1305031921.733068 1.449824 -1.141644 0.900149 0.223236 -0.305039 -0.299099 0.876160
1305031921.765060 1.443247 -1.141205 0.898066 0.225285 -0.283772 -0.289907 0.885818
1305031921.801034 1.439564 -1.144811 0.895838 0.224981 -0.267974 -0.282969 0.893030
1305031921.833122 1.415755 -1.135512 0.909209 0.226835 -0.252454 -0.277882 0.898662
1305031921.865148 1.412358 -1.145745 0.916372 0.224853 -0.247977 -0.273455 0.901760
1305031921.901117 1.408741 -1.141693 0.923070 0.226329 -0.239498 -0.270498 0.904570
1305031921.933132 1.401750 -1.151742 0.926602 0.221620 -0.229933 -0.266470 0.909400
1305031921.965107 1.400114 -1.161710 0.934429 0.221014 -0.221969 -0.259135 0.913636
1305031922.001101 1.397181 -1.161255 0.941739 0.222851 -0.209643 -0.250817 0.918411
1305031922.033170 1.391704 -1.165805 0.946812 0.221702 -0.197083 -0.244016 0.923289
1305031922.065166 1.384938 -1.167537 0.946110 0.219771 -0.185032 -0.236317 0.928234
1305031922.101032 1.382702 -1.172501 0.951919 0.219015 -0.177920 -0.230033 0.931376
1305031922.133245 1.369947 -1.171124 0.955692 0.219112 -0.166707 -0.223059 0.935117
1305031922.165062 1.368016 -1.170740 0.959105 0.217893 -0.157776 -0.215700 0.938671
1305031922.201057 1.361060 -1.175374 0.960131 0.215041 -0.148938 -0.211068 0.941820
1305031922.233248 1.355351 -1.175459 0.960855 0.214749 -0.139482 -0.207139 0.944204
1305031922.265183 1.352366 -1.173146 0.964378 0.213590 -0.129984 -0.202309 0.946865
1305031922.301137 1.350222 -1.172221 0.966561 0.210885 -0.119637 -0.199396 0.949450
1305031922.333215 1.341855 -1.171114 0.971645 0.207631 -0.106412 -0.196831 0.952273
1305031922.365143 1.336709 -1.169817 0.972607 0.204776 -0.096940 -0.194291 0.954421
1305031922.401139 1.335188 -1.167019 0.975458 0.202389 -0.088463 -0.191388 0.956339
1305031922.433086 1.330487 -1.165093 0.977782 0.196991 -0.076914 -0.187729 0.959185
1305031922.465219 1.323398 -1.166745 0.979978 0.192453 -0.067751 -0.184954 0.961334
1305031922.501312 1.319821 -1.165263 0.981734 0.189556 -0.060181 -0.181410 0.963087
1305031922.533139 1.316583 -1.164895 0.984347 0.184023 -0.052767 -0.177165 0.965383
1305031922.565031 1.317347 -1.165984 0.986332 0.181083 -0.047123 -0.177225 0.966219
1305031922.601111 1.315992 -1.163987 0.988971 0.178034 -0.037368 -0.175655 0.967498
1305031922.633085 1.306724 -1.161861 0.996178 0.176332 -0.027846 -0.172639 0.968673
1305031922.665318 1.311608 -1.164058 0.994307 0.173637 -0.022102 -0.172455 0.969341
1305031922.701355 1.311580 -1.165199 0.996476 0.171495 -0.011908 -0.168920 0.970522
1305031922.733235 1.307861 -1.166100 1.000265 0.173156 -0.003634 -0.162969 0.971311
1305031922.765373 1.310244 -1.170468 0.996714 0.174058 0.002540 -0.157499 0.972055
1305031922.801220 1.312063 -1.165203 1.006758 0.179492 0.009224 -0.148268 0.972478
1305031922.833262 1.316965 -1.169668 1.001674 0.180439 0.014943 -0.144146 0.972852
1305031922.865045 1.311510 -1.171931 1.001406 0.182448 0.026041 -0.138031 0.973130
1305031922.901109 1.315844 -1.170014 1.005512 0.187846 0.032387 -0.131628 0.972799
1305031922.933136 1.318674 -1.166852 1.007053 0.190762 0.039198 -0.126159 0.972706
1305031922.965220 1.323312 -1.164773 1.009802 0.191683 0.042237 -0.120064 0.973169
1305031923.001054 1.321312 -1.163011 1.015381 0.191653 0.046359 -0.114645 0.973641
1305031923.033184 1.331990 -1.163675 1.013466 0.190570 0.049389 -0.111058 0.974120
1305031923.065085 1.321784 -1.166476 1.011504 0.189104 0.056594 -0.104743 0.974713
1305031923.101056 1.336663 -1.166024 1.016854 0.190745 0.056241 -0.102619 0.974640
1305031923.133238 1.339735 -1.165461 1.016835 0.190086 0.063027 -0.098838 0.974744
1305031923.165168 1.342149 -1.171289 1.016260 0.191011 0.068794 -0.096018 0.974455
1305031923.201181 1.344677 -1.166597 1.019960 0.200568 0.075727 -0.093851 0.972229
1305031923.233162 1.354360 -1.168819 1.007684 0.203696 0.081450 -0.091157 0.971372
1305031923.265159 1.360486 -1.165713 1.004703 0.202679 0.088192 -0.082345 0.971783
1305031923.301183 1.364206 -1.161636 1.013027 0.202960 0.094418 -0.071943 0.971965
1305031923.333169 1.366179 -1.156487 1.015566 0.203532 0.099610 -0.063161 0.971938
1305031923.365230 1.370011 -1.153570 1.013977 0.202051 0.105249 -0.056489 0.972063
1305031923.401139 1.377841 -1.151818 1.008388 0.195858 0.109743 -0.047390 0.973319
1305031923.433112 1.386506 -1.150251 1.008702 0.193512 0.115566 -0.038167 0.973520
1305031923.465290 1.394614 -1.148634 1.003153 0.192632 0.121487 -0.028747 0.973297
1305031923.501145 1.397991 -1.147452 0.997516 0.196080 0.127402 -0.020544 0.972059
1305031923.533199 1.400441 -1.143769 0.990766 0.203206 0.132316 -0.015150 0.970036
1305031923.565198 1.407012 -1.140259 0.984356 0.207772 0.134133 -0.010149 0.968884
1305031923.601069 1.415661 -1.134883 0.975318 0.213021 0.134133 -0.005221 0.967783
1305031923.633244 1.420903 -1.129447 0.966169 0.214763 0.135763 0.000951 0.967184
1305031923.665141 1.429336 -1.121720 0.958651 0.217819 0.135631 0.008410 0.966483
1305031923.701144 1.437385 -1.114209 0.947619 0.220863 0.136746 0.012449 0.965591
1305031923.733145 1.442739 -1.105307 0.938193 0.220993 0.138376 0.016202 0.965273
1305031923.765175 1.452465 -1.098772 0.930457 0.223464 0.139715 0.017869 0.964481
1305031923.801150 1.456938 -1.088322 0.921117 0.222146 0.144547 0.016678 0.964095
1305031923.833045 1.461576 -1.082133 0.912093 0.222312 0.146904 0.021057 0.963615
1305031923.865161 1.470391 -1.072691 0.902803 0.227949 0.146895 0.018104 0.962358
1305031923.901121 1.471107 -1.058643 0.892245 0.233276 0.151411 0.011455 0.960482
1305031923.933140 1.474366 -1.044995 0.880915 0.237016 0.155917 0.005245 0.958898
1305031923.965198 1.475818 -1.028970 0.870911 0.233424 0.161388 0.001251 0.958888
1305031924.001096 1.486105 -1.026170 0.867663 0.230335 0.162985 0.003841 0.959358
1305031924.033250 1.489847 -1.019136 0.850402 0.235358 0.168657 -0.000822 0.957163
1305031924.065224 1.496920 -1.001559 0.848290 0.236181 0.172002 0.002542 0.956361
1305031924.101175 1.503834 -0.995691 0.841579 0.230537 0.173230 0.007430 0.957491
1305031924.133285 1.515037 -0.985832 0.837550 0.233051 0.172856 0.003696 0.956971
1305031924.165591 1.513789 -0.963521 0.823971 0.232666 0.174832 0.001385 0.956712
1305031924.201130 1.522193 -0.958584 0.820781 0.229947 0.170840 0.000536 0.958091
1305031924.233238 1.527065 -0.943367 0.810915 0.231805 0.167869 -0.005654 0.958152
1305031924.265335 1.535136 -0.936149 0.804765 0.230400 0.164318 -0.006954 0.959097
1305031924.301099 1.536645 -0.923704 0.793490 0.229513 0.162654 -0.006962 0.959593
1305031924.333113 1.541705 -0.910669 0.785354 0.227681 0.160104 -0.007971 0.960450
1305031924.365169 1.545566 -0.898244 0.776368 0.227660 0.156271 -0.011258 0.961053
1305031924.401095 1.549831 -0.886545 0.768158 0.227215 0.150057 -0.014742 0.962101
1305031924.433069 1.556440 -0.877101 0.761407 0.225739 0.144109 -0.016949 0.963321
1305031924.465394 1.558306 -0.866508 0.753188 0.226566 0.139774 -0.019188 0.963724
1305031924.501116 1.560224 -0.859202 0.750035 0.229498 0.133919 -0.025965 0.963702
1305031924.533245 1.562412 -0.851619 0.741089 0.230992 0.124675 -0.026633 0.964567
1305031924.565264 1.565532 -0.841292 0.735569 0.236351 0.113966 -0.030131 0.964490
1305031924.601161 1.572935 -0.831780 0.726739 0.241533 0.104321 -0.034110 0.964166
1305031924.633221 1.578328 -0.824546 0.722693 0.247629 0.097635 -0.032311 0.963381
1305031924.665187 1.581506 -0.813544 0.712487 0.254419 0.091638 -0.033406 0.962163
1305031924.701168 1.586694 -0.805931 0.707703 0.259492 0.086178 -0.034973 0.961257
1305031924.733166 1.590573 -0.796021 0.703007 0.265728 0.081958 -0.036574 0.959861
1305031924.765170 1.598153 -0.784675 0.695389 0.268981 0.079647 -0.038967 0.959055
1305031924.801057 1.602894 -0.776199 0.692894 0.270226 0.080031 -0.037059 0.958749
1305031924.833187 1.606436 -0.765508 0.688976 0.272880 0.080878 -0.037030 0.957927
1305031924.865165 1.606898 -0.751709 0.681169 0.271302 0.083070 -0.037527 0.958168
1305031924.901110 1.610305 -0.742003 0.678530 0.266517 0.080919 -0.036778 0.959723
1305031924.933186 1.612262 -0.733662 0.678157 0.266324 0.077128 -0.039142 0.959995
1305031924.969060 1.614266 -0.723787 0.674818 0.266803 0.073969 -0.042554 0.959965
1305031925.001103 1.616928 -0.713973 0.666990 0.268412 0.071181 -0.047069 0.959517
1305031925.033148 1.619277 -0.705251 0.664911 0.271632 0.068979 -0.049301 0.958659
1305031925.069090 1.620922 -0.695768 0.660865 0.276959 0.068433 -0.051669 0.957048
1305031925.101107 1.621574 -0.679464 0.651545 0.279656 0.067989 -0.054007 0.956166
1305031925.133209 1.623697 -0.669558 0.646503 0.274168 0.065486 -0.051575 0.958062
1305031925.169080 1.625077 -0.663304 0.642724 0.270815 0.062109 -0.050950 0.959274
1305031925.201117 1.625720 -0.655660 0.637227 0.272294 0.059005 -0.054181 0.958874
1305031925.233193 1.624892 -0.639857 0.629033 0.271900 0.056792 -0.057301 0.958938
1305031925.269164 1.627323 -0.630182 0.625898 0.269070 0.053310 -0.062150 0.959634
1305031925.301283 1.630813 -0.618288 0.619161 0.266760 0.051626 -0.067424 0.960015
1305031925.333142 1.631433 -0.604857 0.611093 0.262413 0.052151 -0.070812 0.960940
1305031925.369107 1.633058 -0.595259 0.608411 0.257633 0.052074 -0.076365 0.961812
1305031925.401456 1.634721 -0.585574 0.603727 0.254537 0.052994 -0.082423 0.962086
1305031925.433406 1.637230 -0.579126 0.604890 0.254987 0.051463 -0.086301 0.961710
1305031925.469099 1.645234 -0.567880 0.598829 0.258073 0.051599 -0.088677 0.960662
1305031925.501267 1.650401 -0.558014 0.596170 0.263135 0.055982 -0.086754 0.959218
1305031925.533321 1.656975 -0.546009 0.587867 0.269126 0.060862 -0.082564 0.957627
1305031925.569132 1.663978 -0.533656 0.584450 0.273443 0.065137 -0.075258 0.956725
1305031925.601218 1.671388 -0.521600 0.575988 0.276160 0.069796 -0.069548 0.956048
1305031925.633430 1.679002 -0.508486 0.570955 0.277184 0.074817 -0.063600 0.955786
1305031925.669137 1.684366 -0.499788 0.571989 0.274993 0.077495 -0.057490 0.956592
1305031925.701322 1.690198 -0.492114 0.570039 0.273113 0.077253 -0.055230 0.957283
1305031925.733167 1.700536 -0.482685 0.566639 0.270975 0.075848 -0.054602 0.958039
1305031925.769246 1.710650 -0.470513 0.560728 0.266728 0.076042 -0.051114 0.959407
1305031925.801208 1.723209 -0.461761 0.556465 0.260784 0.077761 -0.047794 0.961073
1305031925.833148 1.730817 -0.450846 0.547567 0.252376 0.082549 -0.043470 0.963121
1305031925.869197 1.738317 -0.444418 0.547018 0.243737 0.087809 -0.039405 0.965054
1305031925.901176 1.747182 -0.435155 0.546595 0.236684 0.092744 -0.033756 0.966561
1305031925.933170 1.752574 -0.428493 0.543795 0.229514 0.096322 -0.026032 0.968178
1305031925.969198 1.760768 -0.416192 0.536482 0.221868 0.097715 -0.019670 0.969969
1305031926.001186 1.760785 -0.411557 0.538830 0.214816 0.101106 -0.015698 0.971280
1305031926.033156 1.773223 -0.400967 0.532503 0.211184 0.099017 -0.009475 0.972372
1305031926.069077 1.779012 -0.390400 0.525005 0.206819 0.100828 -0.004798 0.973158
1305031926.101106 1.784770 -0.380649 0.518533 0.204128 0.105438 -0.003521 0.973243
1305031926.133181 1.791647 -0.366680 0.508423 0.202719 0.110016 -0.000790 0.973037
1305031926.169101 1.798539 -0.356877 0.501919 0.198159 0.115836 0.003318 0.973295
1305031926.201141 1.806577 -0.351915 0.491136 0.196266 0.121070 0.008330 0.973012
1305031926.233134 1.810330 -0.333938 0.482473 0.197201 0.127911 0.011354 0.971916
1305031926.269135 1.818535 -0.323904 0.475864 0.194584 0.133605 0.013966 0.971644
1305031926.301054 1.821888 -0.314654 0.463243 0.193185 0.141518 0.017071 0.970753
1305031926.333164 1.830065 -0.301365 0.451032 0.192349 0.149888 0.021423 0.969575
1305031926.369064 1.836531 -0.291482 0.440986 0.192190 0.158949 0.027026 0.968023
1305031926.401166 1.837119 -0.284655 0.428550 0.191731 0.167995 0.033689 0.966376
1305031926.433155 1.838707 -0.275475 0.420639 0.191460 0.176384 0.039508 0.964713
1305031926.469090 1.843612 -0.268907 0.410820 0.190422 0.183641 0.046348 0.963259
1305031926.501075 1.849276 -0.261885 0.401949 0.192235 0.191146 0.054155 0.961029
1305031926.533176 1.850871 -0.255332 0.389645 0.193641 0.199445 0.063123 0.958509
1305031926.569122 1.855171 -0.249590 0.380685 0.195012 0.206388 0.072982 0.956059
1305031926.601166 1.850864 -0.242085 0.367633 0.195663 0.214272 0.083799 0.953300
1305031926.633127 1.852962 -0.243137 0.361064 0.193599 0.220603 0.096388 0.951085
1305031926.669140 1.853729 -0.238985 0.355154 0.192912 0.227259 0.108017 0.948404
1305031926.701042 1.853581 -0.229038 0.352012 0.194390 0.236482 0.116435 0.944845
1305031926.733207 1.854297 -0.222266 0.349000 0.193274 0.248805 0.123805 0.940964
1305031926.769141 1.841364 -0.223867 0.346911 0.189758 0.265772 0.137163 0.935170
1305031926.801342 1.845539 -0.211460 0.337407 0.189185 0.275575 0.148815 0.930657
1305031926.833209 1.840892 -0.206616 0.338245 0.187948 0.290406 0.163872 0.923843
1305031926.869333 1.846460 -0.207669 0.336514 0.183168 0.304151 0.182052 0.916951
1305031926.901097 1.839948 -0.197461 0.334251 0.182240 0.320979 0.199897 0.907636
1305031926.933348 1.839819 -0.190102 0.331632 0.180078 0.337639 0.215655 0.898368
1305031926.969122 1.834331 -0.200735 0.333268 0.170482 0.358153 0.232865 0.887939
1305031927.001575 1.812094 -0.180267 0.349976 0.171009 0.380235 0.245024 0.875294
1305031927.033929 1.822105 -0.166744 0.345357 0.166962 0.390697 0.260330 0.867011
1305031927.070528 1.819617 -0.164200 0.353559 0.162511 0.405487 0.277657 0.855615
1305031927.101272 1.815549 -0.156860 0.338796 0.155765 0.412887 0.292721 0.848278
1305031927.133471 1.814208 -0.152226 0.339627 0.148710 0.422612 0.308483 0.839120
1305031927.169161 1.816574 -0.152015 0.338905 0.140020 0.431384 0.325312 0.829743
1305031927.201210 1.818543 -0.145992 0.330494 0.130640 0.435849 0.339383 0.823278
1305031927.233491 1.820860 -0.131830 0.322275 0.119813 0.435270 0.351180 0.820279
1305031927.269153 1.823268 -0.118697 0.323902 0.110606 0.435309 0.360781 0.817380
1305031927.301135 1.825222 -0.111129 0.326704 0.101256 0.437373 0.370530 0.813117
1305031927.333139 1.826904 -0.102210 0.330457 0.094658 0.439988 0.382020 0.807162
1305031927.369147 1.836055 -0.101624 0.334549 0.084594 0.443581 0.394250 0.800404
1305031927.401161 1.840033 -0.090059 0.338419 0.078195 0.447448 0.404461 0.793780
1305031927.433274 1.842013 -0.078419 0.336321 0.072908 0.448950 0.412620 0.789223
1305031927.469105 1.845214 -0.069251 0.332574 0.065551 0.449108 0.419266 0.786271
1305031927.501136 1.851221 -0.062616 0.336273 0.057039 0.450077 0.424043 0.783814
1305031927.533182 1.854840 -0.058291 0.348597 0.051356 0.453568 0.426852 0.780664
1305031927.569225 1.858099 -0.050553 0.344521 0.045320 0.452284 0.428752 0.780741
1305031927.601132 1.858122 -0.041291 0.341372 0.037727 0.449720 0.429167 0.782397
1305031927.633201 1.859363 -0.033644 0.353233 0.029128 0.449228 0.427687 0.783856
1305031927.669158 1.861303 -0.024926 0.350927 0.023954 0.446105 0.422672 0.788521
1305031927.701131 1.860167 -0.013811 0.351500 0.017235 0.444004 0.415681 0.793582
1305031927.733219 1.864851 -0.010751 0.354669 0.008025 0.442631 0.409666 0.797614
1305031927.769158 1.869260 -0.003707 0.351147 0.001300 0.439539 0.404939 0.801766
1305031927.801109 1.870328 0.010083 0.341885 -0.001620 0.436546 0.400095 0.805822
1305031927.833282 1.875755 0.013724 0.340441 -0.006216 0.435880 0.398352 0.807023
1305031927.869143 1.881695 0.023159 0.335042 -0.010455 0.434182 0.398467 0.807837
1305031927.901130 1.882457 0.030875 0.337909 -0.012008 0.436565 0.397618 0.806949
1305031927.933465 1.887004 0.044549 0.331103 -0.011333 0.436885 0.395889 0.807636
1305031927.969176 1.891375 0.053093 0.326276 -0.012896 0.436130 0.396724 0.807610
1305031928.001134 1.896513 0.059381 0.323049 -0.014912 0.436847 0.397834 0.806641
1305031928.033186 1.901353 0.067272 0.317222 -0.016255 0.437556 0.398563 0.805871
1305031928.069125 1.905356 0.074502 0.312379 -0.020226 0.438115 0.401042 0.804246
1305031928.101114 1.910027 0.080304 0.309212 -0.023258 0.439434 0.403619 0.802152
1305031928.133202 1.913256 0.087927 0.302631 -0.025621 0.440698 0.405054 0.800662
1305031928.169018 1.915751 0.093857 0.298023 -0.028693 0.444710 0.405941 0.797885
1305031928.201096 1.916138 0.097862 0.291260 -0.031925 0.450777 0.406185 0.794226
1305031928.233133 1.918756 0.104266 0.291503 -0.034067 0.458156 0.409526 0.788176
1305031928.269216 1.920509 0.113018 0.280548 -0.035913 0.462700 0.414121 0.783022
1305031928.301255 1.922242 0.127584 0.267746 -0.034179 0.466105 0.417953 0.779033
1305031928.333609 1.923485 0.132297 0.262776 -0.034352 0.471992 0.423186 0.772630
1305031928.369520 1.926051 0.142272 0.254023 -0.031668 0.476654 0.429998 0.766094
1305031928.401116 1.929850 0.144560 0.234292 -0.029288 0.480331 0.439120 0.758682
1305031928.433543 1.930993 0.149701 0.223346 -0.025107 0.488505 0.448626 0.747976
1305031928.469232 1.929992 0.150802 0.223914 -0.020439 0.500270 0.458914 0.733969
1305031928.501428 1.936388 0.158887 0.211215 -0.014112 0.508989 0.470073 0.720945
1305031928.533982 1.945723 0.163136 0.201235 -0.005813 0.517091 0.480456 0.708340
1305031928.569299 1.943365 0.175925 0.188908 0.003914 0.525189 0.486636 0.698102
1305031928.601271 1.955689 0.156387 0.163834 0.004275 0.533909 0.495792 0.684919
1305031928.633595 1.956197 0.144631 0.152714 0.009147 0.547086 0.499395 0.671728
1305031928.669146 1.959934 0.157894 0.137441 0.017677 0.558415 0.498439 0.662886
1305031928.701110 1.953760 0.151895 0.139234 0.024112 0.573371 0.496267 0.651447
1305031928.733185 1.946350 0.154525 0.135676 0.032309 0.586723 0.493344 0.641345
1305031928.769202 1.934779 0.152099 0.144999 0.041770 0.602307 0.490966 0.628040
1305031928.801117 1.949097 0.159355 0.134808 0.049880 0.611120 0.489560 0.619980
1305031928.833193 1.930190 0.152910 0.154675 0.060302 0.629547 0.482528 0.605971
1305031928.869148 1.929656 0.133985 0.136083 0.063121 0.638864 0.479223 0.598510
1305031928.901197 1.927039 0.129169 0.136418 0.071293 0.651870 0.474161 0.587498
1305031928.933215 1.926558 0.127298 0.127008 0.080811 0.663087 0.468327 0.578321
1305031928.969097 1.926228 0.121606 0.119829 0.089031 0.676473 0.460497 0.567803
1305031929.001155 1.921576 0.110263 0.113779 0.094093 0.690291 0.453301 0.556024
1305031929.033640 1.917490 0.107858 0.114170 0.101550 0.704528 0.444466 0.543855
1305031929.069089 1.915706 0.102363 0.106832 0.108963 0.718595 0.436205 0.530541
1305031929.101213 1.911907 0.095446 0.112174 0.114706 0.734383 0.426793 0.515142
1305031929.133202 1.908181 0.089487 0.099458 0.123473 0.746074 0.420355 0.501428
1305031929.169204 1.904660 0.088826 0.093004 0.132070 0.757289 0.412561 0.488736
1305031929.201163 1.903058 0.086620 0.087682 0.138431 0.767624 0.406512 0.475751
1305031929.233293 1.901133 0.081953 0.081497 0.147235 0.778323 0.399687 0.461287
1305031929.269214 1.894189 0.077564 0.072125 0.159911 0.787732 0.392475 0.447068
1305031929.301292 1.899351 0.076802 0.082376 0.160257 0.800398 0.380199 0.434891
1305031929.333529 1.891655 0.046452 0.070136 0.168662 0.807506 0.378685 0.419625
1305031929.369189 1.889798 0.038587 0.067106 0.177342 0.814435 0.372577 0.407959
1305031929.401369 1.890703 0.031152 0.059355 0.184815 0.819114 0.368125 0.399223
1305031929.433239 1.882448 0.008640 0.055563 0.191238 0.823777 0.362599 0.391588
1305031929.469219 1.874954 -0.003632 0.050386 0.197620 0.828324 0.356832 0.384052
1305031929.501198 1.871170 -0.014380 0.052385 0.204054 0.833131 0.350385 0.376145
1305031929.533262 1.866328 -0.028206 0.050504 0.209579 0.837498 0.344606 0.368674
1305031929.569172 1.861694 -0.037521 0.049544 0.214082 0.841954 0.337789 0.362191
1305031929.601101 1.856814 -0.051089 0.047347 0.217510 0.846346 0.330221 0.356850
1305031929.634447 1.853467 -0.065461 0.048050 0.219545 0.851782 0.321472 0.350604
1305031929.669287 1.849285 -0.074484 0.049757 0.222279 0.856644 0.312206 0.345371
1305031929.701269 1.843487 -0.089484 0.046637 0.223896 0.861014 0.303461 0.341229
1305031929.733617 1.838161 -0.095653 0.052605 0.228186 0.864292 0.293911 0.338448
1305031929.769190 1.834906 -0.098002 0.058377 0.232467 0.865835 0.285224 0.339021
1305031929.801229 1.835432 -0.115830 0.055284 0.236705 0.866944 0.278414 0.338918
1305031929.833358 1.826385 -0.124653 0.058102 0.240721 0.867854 0.270606 0.340081
1305031929.869242 1.821998 -0.132791 0.060501 0.244620 0.868394 0.263560 0.341452
1305031929.901292 1.819909 -0.146214 0.061769 0.248278 0.868814 0.258107 0.341909
1305031929.933176 1.804990 -0.146801 0.060528 0.250465 0.869337 0.250883 0.344351
1305031929.969176 1.796689 -0.155019 0.061344 0.250985 0.870611 0.247633 0.343104
1305031930.001350 1.790614 -0.162999 0.057588 0.250908 0.872047 0.246596 0.340249
1305031930.033650 1.769244 -0.170424 0.047064 0.249649 0.872045 0.248712 0.339640
1305031930.069293 1.763070 -0.165617 0.050156 0.251747 0.872326 0.250653 0.335923
1305031930.101133 1.753972 -0.167979 0.047745 0.250371 0.872214 0.254773 0.334139
1305031930.134163 1.746403 -0.164010 0.047203 0.246720 0.872850 0.258367 0.332429
1305031930.169117 1.743941 -0.171987 0.041124 0.240999 0.874824 0.264105 0.326880
1305031930.201148 1.726178 -0.150128 0.044494 0.239032 0.876477 0.266264 0.322110
1305031930.233355 1.719937 -0.143852 0.044596 0.232323 0.878839 0.272115 0.315630
1305031930.269064 1.713604 -0.138679 0.044510 0.225939 0.881554 0.277872 0.307572
1305031930.301105 1.697107 -0.128103 0.042327 0.221904 0.882370 0.285746 0.300883
1305031930.333138 1.683826 -0.113418 0.037079 0.215016 0.883221 0.293428 0.295955
1305031930.369794 1.689656 -0.127006 0.041991 0.205380 0.885971 0.304009 0.283643
1305031930.401077 1.693607 -0.123610 0.045650 0.199637 0.887471 0.313417 0.272600
1305031930.433290 1.676736 -0.100988 0.050020 0.194634 0.887698 0.319881 0.267930
1305031930.469130 1.672010 -0.103979 0.051106 0.188589 0.886236 0.332760 0.261326
1305031930.501044 1.688355 -0.103208 0.060295 0.184219 0.884737 0.346330 0.251714
1305031930.533067 1.679443 -0.102610 0.049197 0.179268 0.880644 0.360980 0.249044
1305031930.569007 1.677405 -0.089967 0.053785 0.172289 0.879521 0.369622 0.245232
1305031930.601041 1.678357 -0.081871 0.066622 0.163659 0.878219 0.379632 0.240471
1305031930.633126 1.693351 -0.092915 0.055697 0.158456 0.873468 0.396638 0.233718
1305031930.668925 1.688544 -0.094344 0.069003 0.157316 0.868301 0.408867 0.232664
1305031930.701009 1.687545 -0.100400 0.055791 0.156050 0.860757 0.424288 0.233934
1305031930.733195 1.701930 -0.064950 0.102860 0.141405 0.860324 0.427781 0.238435
1305031930.769068 1.699798 -0.061430 0.106176 0.135848 0.854233 0.439594 0.242052
1305031930.801055 1.698822 -0.058275 0.102052 0.132889 0.847947 0.451601 0.243687
1305031930.833091 1.691336 -0.047934 0.108087 0.130147 0.844015 0.458857 0.245255
1305031930.869070 1.689320 -0.043562 0.110203 0.124148 0.839749 0.468222 0.245311
1305031930.900829 1.696186 -0.034858 0.122538 0.117530 0.837020 0.475777 0.243353
1305031930.933330 1.695790 -0.032719 0.126694 0.113216 0.832311 0.485723 0.241897
1305031930.969059 1.690533 -0.023169 0.136673 0.110201 0.828174 0.493917 0.240894
1305031931.000795 1.689599 -0.016998 0.144112 0.104564 0.823018 0.504361 0.239432
1305031931.033023 1.687248 -0.013120 0.143127 0.099633 0.816518 0.516296 0.238350
1305031931.068905 1.686354 -0.006215 0.152917 0.094224 0.811208 0.526718 0.235864
1305031931.100819 1.683956 -0.002176 0.150282 0.091212 0.803806 0.540149 0.231980
1305031931.133042 1.676574 0.004979 0.153534 0.088292 0.797780 0.550960 0.228461
1305031931.168900 1.672104 0.022306 0.160757 0.081857 0.793576 0.560140 0.223114
1305031931.200696 1.669158 0.031771 0.166235 0.075294 0.788545 0.571561 0.214115
1305031931.233053 1.665914 0.036461 0.162102 0.068645 0.781378 0.585901 0.203608
1305031931.268951 1.666955 0.039520 0.165380 0.060177 0.776447 0.597325 0.191605
1305031931.300955 1.663460 0.048049 0.164634 0.053684 0.771155 0.608365 0.179805
1305031931.332991 1.666778 0.049091 0.168546 0.045742 0.768190 0.617049 0.164445
1305031931.369797 1.666948 0.056880 0.165931 0.040975 0.764394 0.625840 0.149487
1305031931.401337 1.670110 0.063866 0.167622 0.038439 0.761015 0.633449 0.134613
1305031931.432892 1.675971 0.069314 0.164225 0.036338 0.757153 0.641228 0.119272
1305031931.469079 1.678346 0.075598 0.162405 0.036171 0.754775 0.646322 0.106177
1305031931.500852 1.682750 0.083117 0.164518 0.035178 0.752855 0.650592 0.093286
1305031931.532871 1.688345 0.091479 0.163249 0.035189 0.749280 0.656469 0.079933
1305031931.569726 1.690482 0.101479 0.158329 0.038967 0.747374 0.659809 0.067577
1305031931.601199 1.700139 0.101871 0.157730 0.039901 0.746759 0.661519 0.056144
1305031931.633004 1.706619 0.112263 0.153681 0.040994 0.745471 0.663549 0.047896
1305031931.669064 1.714212 0.116104 0.152404 0.039160 0.745577 0.663972 0.041502
1305031931.701060 1.719774 0.123027 0.153254 0.037781 0.745604 0.664425 0.034458
1305031931.732985 1.728741 0.130842 0.152352 0.036234 0.745050 0.665421 0.028340
1305031931.768911 1.739602 0.135375 0.155000 0.033346 0.743669 0.667282 0.024075
1305031931.800959 1.749508 0.140197 0.154532 0.033755 0.740811 0.670579 0.019604
1305031931.832926 1.757715 0.146413 0.159923 0.037638 0.738698 0.672853 0.013316
1305031931.868988 1.762864 0.153957 0.159827 0.043542 0.733446 0.678322 0.006334
1305031931.900957 1.763497 0.168021 0.159143 0.049779 0.730007 0.681618 0.002915
1305031931.932907 1.773327 0.169752 0.156636 0.053292 0.728375 0.683095 -0.003275
1305031931.968902 1.780382 0.180273 0.160371 0.058188 0.728137 0.682921 -0.007075
1305031932.000829 1.782481 0.188868 0.160715 0.063024 0.728111 0.682468 -0.010984
1305031932.032913 1.791643 0.192366 0.158035 0.067073 0.727343 0.682746 -0.018200
1305031932.068920 1.798270 0.201109 0.161939 0.070369 0.728829 0.680710 -0.022149
1305031932.101294 1.807463 0.201833 0.156231 0.073461 0.725857 0.683329 -0.028220
1305031932.132895 1.812300 0.209281 0.147464 0.082152 0.723106 0.685179 -0.029966
1305031932.169077 1.822437 0.208973 0.145331 0.087459 0.722101 0.685730 -0.026350
1305031932.200948 1.830251 0.214250 0.139064 0.091224 0.720487 0.687163 -0.019596
1305031932.232821 1.834433 0.220819 0.134598 0.094792 0.720515 0.686868 -0.009227
1305031932.268818 1.838408 0.228234 0.128969 0.097995 0.720599 0.686390 0.001498
1305031932.300945 1.842290 0.236200 0.124776 0.099337 0.722785 0.683802 0.011335
1305031932.333175 1.847001 0.244689 0.117743 0.100238 0.724093 0.682148 0.017772
1305031932.368837 1.849315 0.252654 0.110622 0.102619 0.726420 0.679056 0.025805
1305031932.401680 1.856472 0.256297 0.099860 0.104977 0.728429 0.676188 0.033764
1305031932.432994 1.860807 0.261273 0.094644 0.108962 0.730341 0.673025 0.042033
1305031932.469022 1.863979 0.267786 0.087607 0.113826 0.731013 0.670840 0.051348
1305031932.500893 1.870283 0.272149 0.077672 0.116702 0.731433 0.669053 0.061266
1305031932.532959 1.871317 0.282096 0.069163 0.119569 0.732339 0.666364 0.073087
1305031932.568972 1.875351 0.287056 0.064800 0.122127 0.734936 0.661698 0.084318
1305031932.600957 1.883219 0.289601 0.057405 0.123084 0.736915 0.657464 0.097714
1305031932.632929 1.882907 0.296655 0.045352 0.125132 0.737828 0.653275 0.114818
1305031932.669236 1.890174 0.296540 0.036182 0.126094 0.739426 0.648838 0.127904
1305031932.700806 1.890018 0.305320 0.030472 0.128375 0.741998 0.641952 0.144418
1305031932.732848 1.894306 0.306457 0.022886 0.128444 0.744706 0.635652 0.157679
1305031932.768757 1.896554 0.308764 0.019750 0.131613 0.748137 0.627787 0.169859
1305031932.800821 1.900320 0.311859 0.012430 0.135353 0.751849 0.619001 0.182323
1305031932.832891 1.900341 0.317296 0.007618 0.137635 0.755759 0.609832 0.194909
1305031932.869016 1.907133 0.318961 -0.006168 0.137832 0.759140 0.602631 0.203826
1305031932.901214 1.913184 0.317318 -0.017279 0.139428 0.764689 0.592614 0.211234
1305031932.932932 1.910864 0.318079 -0.018808 0.142997 0.768580 0.583644 0.219538
1305031932.968787 1.924126 0.322340 -0.028672 0.140042 0.770522 0.578834 0.227235
1305031933.001958 1.927067 0.330161 -0.034355 0.138104 0.775350 0.570427 0.233180
1305031933.033045 1.922289 0.342209 -0.029327 0.139218 0.782002 0.560317 0.234811
1305031933.068879 1.935568 0.340699 -0.046343 0.133896 0.782896 0.561215 0.232773
1305031933.100908 1.934277 0.348703 -0.059592 0.133857 0.783703 0.561201 0.230097
1305031933.132911 1.931942 0.354729 -0.067811 0.133974 0.788769 0.557751 0.220927
1305031933.169450 1.932639 0.363047 -0.064478 0.132171 0.794410 0.554683 0.209212
1305031933.200949 1.943083 0.365156 -0.073710 0.127817 0.797806 0.555754 0.195720
1305031933.233374 1.949613 0.366380 -0.076165 0.124456 0.801195 0.555318 0.184982
1305031933.269079 1.948753 0.370793 -0.076856 0.123365 0.804662 0.552918 0.177711
1305031933.300869 1.949556 0.371753 -0.074153 0.121827 0.808067 0.551034 0.168958
1305031933.332881 1.952988 0.378176 -0.071552 0.121842 0.809626 0.551392 0.160082
1305031933.368978 1.947927 0.379848 -0.078481 0.121991 0.809109 0.553940 0.153660
1305031933.400926 1.950040 0.380084 -0.073902 0.122444 0.810752 0.553996 0.144146
1305031933.432912 1.945469 0.381925 -0.074494 0.123469 0.809183 0.557754 0.137435
1305031933.469486 1.943092 0.388322 -0.072531 0.124757 0.809414 0.559138 0.129032
1305031933.500809 1.941717 0.388336 -0.075175 0.124326 0.809588 0.561002 0.119945
1305031933.533065 1.939352 0.388644 -0.073806 0.122440 0.809894 0.562915 0.110484
1305031933.568861 1.932626 0.396255 -0.069124 0.123324 0.811253 0.562788 0.099645
1305031933.600899 1.924807 0.398594 -0.068573 0.124561 0.811635 0.564051 0.087060
1305031933.632949 1.918563 0.402309 -0.064838 0.124526 0.812363 0.565196 0.071507
1305031933.669114 1.915986 0.403191 -0.060364 0.122717 0.812892 0.566769 0.054040
1305031933.700931 1.910855 0.405371 -0.056342 0.123229 0.812433 0.568788 0.035315
1305031933.732901 1.906648 0.403533 -0.051778 0.123099 0.811252 0.571308 0.018030
1305031933.768934 1.908777 0.403272 -0.050445 0.121356 0.809815 0.573997 0.000343
1305031933.800879 1.903600 0.399181 -0.043849 0.118954 0.809112 0.575299 -0.014800
1305031933.833132 1.902774 0.399470 -0.037141 0.115963 0.807609 0.577429 -0.029943
1305031933.868855 1.897195 0.396954 -0.031465 0.113961 0.804687 0.581110 -0.042458
1305031933.900942 1.899804 0.400360 -0.027444 0.111506 0.801988 0.584238 -0.055207
1305031933.932925 1.898859 0.388743 -0.020103 0.107447 0.799048 0.587962 -0.065405
1305031933.968843 1.900024 0.384282 -0.014429 0.104795 0.795688 0.591793 -0.075365
1305031934.000841 1.901866 0.374631 -0.009153 0.102222 0.791827 0.596352 -0.083224
1305031934.033000 1.891390 0.379080 0.000517 0.100730 0.789729 0.598900 -0.086605
1305031934.068946 1.886976 0.375650 0.008529 0.097489 0.787038 0.602128 -0.092248
1305031934.100917 1.881607 0.372842 0.018936 0.094371 0.784303 0.605149 -0.098779
1305031934.132845 1.876266 0.368428 0.025103 0.091588 0.780366 0.609223 -0.107176
1305031934.169177 1.870867 0.364156 0.033026 0.087882 0.777761 0.611776 -0.114430
1305031934.200808 1.865368 0.361010 0.044707 0.083932 0.775387 0.614076 -0.121004
1305031934.232870 1.861487 0.350955 0.049015 0.081115 0.770913 0.618244 -0.129955
1305031934.269296 1.855338 0.344045 0.052781 0.080720 0.767545 0.621022 -0.136713
1305031934.300934 1.850808 0.335651 0.061155 0.079335 0.764825 0.623661 -0.140700
1305031934.336871 1.848062 0.326709 0.064048 0.078167 0.760220 0.628705 -0.143823
1305031934.368906 1.837513 0.318431 0.068238 0.078442 0.757895 0.631728 -0.142695
1305031934.400928 1.831584 0.311730 0.074790 0.076819 0.756774 0.633812 -0.140267
1305031934.436865 1.824597 0.302086 0.078175 0.074027 0.756052 0.635912 -0.136096
1305031934.469287 1.815531 0.291364 0.081833 0.067914 0.757709 0.636091 -0.129047
1305031934.501241 1.803206 0.285211 0.090459 0.059903 0.759195 0.636509 -0.122031
1305031934.536876 1.795865 0.274964 0.095064 0.051388 0.759666 0.637213 -0.119279
1305031934.569101 1.786525 0.265374 0.099724 0.046637 0.761250 0.635883 -0.118224
1305031934.600850 1.776115 0.258739 0.105901 0.043215 0.762437 0.634968 -0.116784
1305031934.637030 1.765900 0.252894 0.106779 0.040939 0.762061 0.636245 -0.113045
1305031934.668984 1.752416 0.239791 0.105616 0.039055 0.762971 0.636265 -0.107314
1305031934.700945 1.740895 0.231278 0.111361 0.034692 0.764951 0.634850 -0.103012
1305031934.736903 1.725235 0.225274 0.111069 0.032510 0.765517 0.635333 -0.096328
1305031934.769124 1.712060 0.220280 0.117325 0.028155 0.768710 0.632880 -0.088058
1305031934.801627 1.698031 0.211868 0.119972 0.024965 0.769887 0.632448 -0.081614
1305031934.836769 1.684793 0.207006 0.122798 0.021883 0.772038 0.630770 -0.074888
1305031934.869115 1.670401 0.196764 0.124867 0.017877 0.774399 0.628917 -0.066711
1305031934.901010 1.656308 0.188829 0.123997 0.014760 0.775952 0.627954 -0.057923
1305031934.937234 1.636044 0.184749 0.125901 0.012035 0.780061 0.623859 -0.046473
1305031934.969077 1.622166 0.175127 0.124775 0.006209 0.784214 0.619304 -0.037851
1305031935.001270 1.602607 0.172049 0.129938 0.001548 0.790555 0.611768 -0.027566
1305031935.036852 1.588340 0.164645 0.130737 -0.001475 0.794912 0.606347 -0.021344
1305031935.069722 1.574140 0.160122 0.131466 -0.001080 0.799839 0.600017 -0.015358
1305031935.100912 1.553759 0.152211 0.136608 0.000485 0.803656 0.595014 -0.009772
1305031935.136853 1.539911 0.146714 0.132706 -0.000766 0.804388 0.594060 -0.007210
1305031935.169281 1.527097 0.142305 0.129431 -0.001132 0.806437 0.591300 -0.004807
1305031935.200951 1.514471 0.139924 0.131313 0.002118 0.809132 0.587611 -0.003813
1305031935.237095 1.499547 0.140531 0.131067 0.008269 0.810152 0.586158 -0.001982
1305031935.268965 1.484489 0.138121 0.129019 0.013496 0.810547 0.585518 0.000405
1305031935.300805 1.466769 0.130908 0.129239 0.016513 0.810965 0.584860 0.001419
1305031935.336810 1.452300 0.128767 0.125724 0.018118 0.811255 0.584410 -0.001634
1305031935.368827 1.436252 0.124113 0.125140 0.022477 0.811468 0.583916 -0.007542
1305031935.400848 1.421565 0.124273 0.121560 0.027900 0.811119 0.583974 -0.016795
1305031935.436887 1.409055 0.123330 0.117453 0.034220 0.810751 0.583788 -0.026521
1305031935.468890 1.396050 0.121019 0.110210 0.039611 0.810362 0.583597 -0.034049
1305031935.500863 1.382502 0.120055 0.103721 0.043718 0.812056 0.580381 -0.042563
1305031935.536900 1.368005 0.116475 0.095651 0.047743 0.814480 0.576056 -0.050018
1305031935.568783 1.351873 0.111179 0.088173 0.051228 0.817771 0.570278 -0.058393
1305031935.600963 1.336031 0.107653 0.079087 0.052434 0.821947 0.562795 -0.070109
1305031935.636916 1.322080 0.100816 0.072241 0.050118 0.827925 0.552520 -0.082164
1305031935.669100 1.304786 0.092275 0.064587 0.045442 0.835118 0.539655 -0.096356
1305031935.700948 1.297518 0.085752 0.063293 0.034656 0.842160 0.526545 -0.110973
1305031935.736900 1.291393 0.080467 0.076041 0.016201 0.849768 0.511830 -0.125147
1305031935.768974 1.280027 0.069774 0.066349 0.003459 0.854505 0.498870 -0.144696
1305031935.801178 1.273706 0.063989 0.063175 -0.008028 0.857868 0.487331 -0.162809
1305031935.836877 1.268358 0.070303 0.055607 -0.016347 0.860667 0.476804 -0.177885
1305031935.869025 1.276136 0.053080 0.057194 -0.022200 0.862421 0.467639 -0.192487
1305031935.901144 1.268608 0.070703 0.044125 -0.031018 0.864738 0.458264 -0.203127
1305031935.936825 1.232051 0.043914 0.018537 -0.032783 0.865493 0.454930 -0.207090
1305031935.969109 1.226473 0.040176 0.014602 -0.041952 0.868736 0.445899 -0.211454
1305031936.000820 1.219554 0.037244 0.008327 -0.050123 0.871617 0.437309 -0.215715
1305031936.036965 1.206426 0.039277 0.005738 -0.057598 0.874759 0.428155 -0.219459
1305031936.068809 1.202470 0.033786 0.003728 -0.063518 0.876665 0.420110 -0.225681
1305031936.100718 1.196128 0.037430 0.002029 -0.069582 0.878236 0.411801 -0.232981
1305031936.137490 1.197556 0.035132 -0.001664 -0.072814 0.878965 0.404060 -0.242598
1305031936.168897 1.189212 0.034306 -0.003625 -0.074127 0.879250 0.398994 -0.249455
1305031936.200867 1.175957 0.032843 -0.012053 -0.074041 0.879727 0.393354 -0.256655
1305031936.237546 1.167810 0.033803 -0.015130 -0.076074 0.881170 0.385163 -0.263443
1305031936.268981 1.166795 0.031890 -0.015602 -0.077602 0.881897 0.377321 -0.271781
1305031936.300816 1.157896 0.028696 -0.021603 -0.074929 0.882658 0.369637 -0.280481
1305031936.336863 1.146401 0.030156 -0.018970 -0.068476 0.885152 0.358954 -0.288045
1305031936.368927 1.135484 0.030027 -0.017533 -0.063300 0.886753 0.350244 -0.294943
1305031936.400840 1.129261 0.029009 -0.018879 -0.059687 0.887149 0.342453 -0.303529
1305031936.436777 1.121237 0.027436 -0.020704 -0.057589 0.887493 0.336167 -0.309888
1305031936.468789 1.113922 0.026868 -0.026498 -0.055497 0.887564 0.330211 -0.316403
1305031936.500753 1.106733 0.029783 -0.026924 -0.054219 0.888606 0.322941 -0.321169
1305031936.536847 1.103217 0.031063 -0.030849 -0.053896 0.889001 0.317822 -0.325212
1305031936.569452 1.097026 0.026837 -0.035507 -0.050031 0.889676 0.314132 -0.327559
1305031936.600821 1.085289 0.027842 -0.032798 -0.045123 0.891668 0.309163 -0.327581
1305031936.636879 1.080660 0.036137 -0.029595 -0.045410 0.892393 0.306062 -0.328478
1305031936.668885 1.061867 0.038520 -0.024898 -0.046246 0.892922 0.304232 -0.328626
1305031936.700881 1.059467 0.051900 -0.023155 -0.049327 0.892606 0.298412 -0.334324
1305031936.737504 1.063256 0.055696 -0.023874 -0.047182 0.891221 0.297926 -0.338733
1305031936.768825 1.043953 0.054594 -0.020339 -0.043957 0.890786 0.301648 -0.337011
1305031936.800856 1.040707 0.056153 -0.020540 -0.038924 0.889221 0.304368 -0.339310
1305031936.836845 1.040281 0.075269 -0.016872 -0.035531 0.887898 0.307135 -0.340649
1305031936.868891 1.014545 0.083331 -0.011755 -0.028054 0.886372 0.317481 -0.335803
1305031936.900833 1.001706 0.087722 -0.011510 -0.020545 0.883983 0.328664 -0.331860
1305031936.936914 0.982474 0.096586 -0.004805 -0.014420 0.881701 0.341003 -0.325750
1305031936.968821 0.965565 0.104879 -0.001177 -0.009277 0.877718 0.355801 -0.320828
1305031937.001118 0.949439 0.105748 -0.003371 -0.001864 0.873994 0.368502 -0.316762
1305031937.036874 0.940312 0.112488 -0.001789 0.003706 0.871142 0.380475 -0.310383
1305031937.068765 0.925610 0.123618 -0.000168 0.013268 0.867972 0.393810 -0.302262
1305031937.100716 0.919774 0.126636 0.000215 0.018836 0.864690 0.406068 -0.295068
1305031937.136838 0.913726 0.130402 0.003634 0.024437 0.861146 0.416651 -0.290229
1305031937.168856 0.903513 0.140079 0.008009 0.030791 0.856495 0.428200 -0.286553
1305031937.200813 0.887110 0.143220 0.003968 0.041057 0.850599 0.441433 -0.282725
1305031937.236893 0.885140 0.144993 0.003032 0.050928 0.844364 0.454210 -0.279552
1305031937.268821 0.872930 0.156841 0.011535 0.059761 0.838983 0.465858 -0.274795
1305031937.300783 0.864876 0.166945 0.019149 0.068263 0.833640 0.476086 -0.271526
1305031937.336862 0.867136 0.175807 0.033022 0.073738 0.828798 0.485461 -0.268297
1305031937.368734 0.861691 0.194359 0.045132 0.076352 0.823734 0.493576 -0.268356
1305031937.400796 0.856293 0.202961 0.054846 0.079680 0.818229 0.501683 -0.269197
1305031937.438211 0.845678 0.205644 0.045409 0.086215 0.809498 0.514678 -0.269048
1305031937.468824 0.840366 0.213066 0.047097 0.090181 0.802692 0.525854 -0.266516
1305031937.500797 0.835243 0.217542 0.043381 0.093851 0.793460 0.540237 -0.264116
1305031937.536931 0.832204 0.224788 0.045339 0.098616 0.783876 0.553710 -0.263094
1305031937.568829 0.831437 0.231175 0.052193 0.103260 0.774771 0.566089 -0.261936
1305031937.600746 0.827886 0.244705 0.054022 0.107894 0.765082 0.578314 -0.261842
1305031937.636891 0.825133 0.252762 0.064599 0.109627 0.757241 0.587887 -0.262598
1305031937.668803 0.828537 0.259902 0.076341 0.111182 0.748427 0.597594 -0.265287
1305031937.700837 0.807699 0.279125 0.093379 0.114836 0.741956 0.604893 -0.265367
1305031937.736899 0.805070 0.283350 0.092346 0.117393 0.732904 0.613670 -0.269219
1305031937.768919 0.793935 0.298154 0.105524 0.117572 0.727575 0.620031 -0.269023
1305031937.800834 0.786885 0.306973 0.115456 0.115562 0.723396 0.624224 -0.271455
1305031937.836877 0.786798 0.309046 0.116523 0.114642 0.716253 0.630057 -0.277249
1305031937.868807 0.780794 0.315247 0.114856 0.114868 0.708090 0.636283 -0.283827
1305031937.900823 0.775558 0.320551 0.129959 0.114174 0.703146 0.638733 -0.290810
1305031937.936960 0.777146 0.327395 0.130496 0.113741 0.693502 0.643558 -0.303236
1305031937.968830 0.770249 0.335934 0.132586 0.113616 0.684675 0.647557 -0.314615
1305031938.000822 0.767002 0.341930 0.135412 0.112459 0.676396 0.650633 -0.326371
1305031938.036945 0.756280 0.350749 0.140144 0.112480 0.668143 0.653624 -0.337206
1305031938.068761 0.747525 0.354136 0.141707 0.111381 0.661045 0.655254 -0.348218
1305031938.100744 0.749393 0.355448 0.141941 0.108751 0.652616 0.657735 -0.360071
1305031938.136885 0.740249 0.360416 0.143489 0.110250 0.642228 0.660322 -0.373314
1305031938.168914 0.735031 0.360805 0.144919 0.115368 0.631241 0.661666 -0.387844
1305031938.200883 0.727161 0.363852 0.154644 0.120713 0.621563 0.663377 -0.398772
1305031938.236878 0.722687 0.378508 0.154607 0.121118 0.611435 0.665068 -0.411295
1305031938.268809 0.713394 0.382814 0.160494 0.123209 0.602970 0.664120 -0.424491
1305031938.300837 0.709225 0.383683 0.164092 0.120446 0.595835 0.662473 -0.437724
1305031938.336900 0.709342 0.389010 0.162695 0.115236 0.588814 0.660866 -0.450860
1305031938.368914 0.687087 0.387711 0.163959 0.117871 0.581315 0.660342 -0.460573
1305031938.400842 0.689598 0.387944 0.170022 0.110841 0.577666 0.657646 -0.470658
1305031938.436889 0.687000 0.391727 0.171138 0.104617 0.573164 0.653558 -0.483115
1305031938.468781 0.682402 0.390406 0.167094 0.099378 0.568537 0.649925 -0.494457
1305031938.501288 0.679791 0.388053 0.169779 -0.093877 -0.565604 -0.646712 0.503033
1305031938.537028 0.677256 0.395081 0.165596 -0.085770 -0.562913 -0.641873 0.513587
1305031938.568999 0.672262 0.384494 0.182394 -0.076717 -0.567662 -0.634293 0.519179
1305031938.601007 0.656699 0.381774 0.177731 -0.067454 -0.565777 -0.633477 0.523500
1305031938.637299 0.655761 0.380765 0.182861 -0.054200 -0.569085 -0.626292 0.530060
1305031938.668747 0.651375 0.371369 0.180611 -0.043873 -0.571732 -0.618755 0.536973
1305031938.700851 0.636089 0.364891 0.189382 -0.031529 -0.578399 -0.614340 0.535768
1305031938.736859 0.632990 0.357846 0.195159 -0.013966 -0.586076 -0.605392 0.538349
1305031938.769073 0.627481 0.344569 0.192043 -0.001566 -0.589665 -0.598143 0.542694
1305031938.800781 0.634375 0.340482 0.191685 0.018002 -0.595247 -0.587116 0.548317
1305031938.836754 0.621745 0.334884 0.172366 0.031966 -0.594699 -0.581753 0.553962
1305031938.869057 0.510823 0.244365 0.122972 0.016566 -0.585909 -0.611656 0.531332
1305031938.900976 0.508103 0.241646 0.152578 0.043722 -0.603465 -0.597528 0.526193
1305031938.936828 0.901300 0.550561 0.167180 0.141467 -0.588752 -0.445842 0.659230
1305031938.969026 0.907872 0.543213 0.169997 0.149893 -0.592712 -0.429401 0.664710
1305031939.001030 0.901670 0.521610 0.154052 0.158101 -0.592479 -0.425709 0.665390
1305031939.037090 0.904401 0.515637 0.148706 0.167433 -0.594216 -0.416035 0.667673
1305031939.069377 0.908193 0.507213 0.145200 0.176445 -0.597030 -0.405604 0.669260
1305031939.101368 0.912472 0.502159 0.142111 0.184319 -0.600524 -0.393457 0.671259
1305031939.137143 0.916541 0.499332 0.140251 0.195041 -0.604138 -0.380136 0.672661
1305031939.168815 0.921686 0.498483 0.139706 0.209031 -0.608749 -0.366077 0.672100
1305031939.200865 0.926151 0.490191 0.135601 0.216994 -0.613308 -0.354036 0.671882
1305031939.237165 0.930101 0.476187 0.130112 0.225044 -0.617989 -0.342401 0.670974
1305031939.268824 0.933695 0.478061 0.129693 0.238607 -0.621887 -0.328073 0.669844
1305031939.300842 0.938801 0.469122 0.128855 0.252263 -0.625777 -0.316271 0.666888
1305031939.336729 0.942777 0.467198 0.129533 0.267105 -0.629684 -0.300417 0.664758
1305031939.368966 0.948529 0.458564 0.122562 0.284198 -0.632965 -0.284624 0.661495
1305031939.400848 0.953935 0.461206 0.123157 0.299063 -0.636918 -0.267392 0.658330
1305031939.436845 0.956931 0.449560 0.111248 0.304822 -0.639157 -0.258221 0.657179
1305031939.468851 0.963827 0.448310 0.112136 0.313347 -0.643127 -0.246824 0.653666
1305031939.500839 0.969822 0.444916 0.112651 0.319906 -0.647428 -0.237937 0.649526
1305031939.536755 0.974476 0.441455 0.113384 0.324489 -0.650542 -0.228250 0.647614
1305031939.568772 0.980147 0.433236 0.110243 0.329726 -0.650801 -0.221973 0.646890
1305031939.600838 0.980085 0.427002 0.118729 0.334065 -0.654329 -0.213198 0.644051
1305031939.636792 0.985009 0.421131 0.119941 0.336349 -0.654989 -0.206720 0.644302
1305031939.668867 0.993011 0.414634 0.118411 0.336077 -0.655182 -0.201918 0.645769
1305031939.700830 0.998825 0.389576 0.124071 0.332499 -0.657270 -0.204001 0.644844
1305031939.736750 0.999903 0.390196 0.126099 0.331700 -0.655124 -0.197912 0.649322
1305031939.768919 1.004801 0.379446 0.129169 0.328522 -0.653726 -0.195053 0.653200
1305031939.803671 1.002952 0.383015 0.137347 0.329782 -0.649538 -0.188743 0.658574
1305031939.837145 1.003966 0.376404 0.132982 0.325762 -0.641728 -0.184154 0.669441
1305031939.869215 1.008277 0.373351 0.135889 0.325131 -0.632859 -0.179010 0.679511
1305031939.903633 0.998868 0.369381 0.148810 0.322790 -0.628043 -0.173010 0.686612
1305031939.937192 1.002470 0.365528 0.144524 0.315334 -0.618635 -0.170049 0.699242
1305031939.968904 0.997552 0.364538 0.153131 0.310133 -0.608424 -0.171034 0.710201
1305031940.005582 0.994794 0.356920 0.149207 0.300787 -0.594941 -0.174532 0.724645
1305031940.037088 0.985089 0.361524 0.161151 0.298615 -0.582803 -0.173400 0.735597
1305031940.068783 0.975458 0.357008 0.154613 0.294259 -0.566862 -0.174267 0.749473
1305031940.104265 0.968178 0.350243 0.161384 0.295306 -0.553745 -0.173075 0.759083
1305031940.136746 0.961227 0.348267 0.164193 0.297112 -0.541175 -0.169959 0.768094
1305031940.168737 0.954812 0.346717 0.169436 0.298124 -0.531051 -0.164608 0.775894
1305031940.200829 0.951101 0.348506 0.168717 0.297231 -0.522425 -0.158874 0.783253
1305031940.236742 0.951809 0.343078 0.168478 0.292072 -0.515996 -0.155641 0.790074
1305031940.269041 0.936910 0.344827 0.178084 0.289202 -0.508005 -0.148668 0.797616
1305031940.301146 0.926508 0.340747 0.176157 0.283329 -0.496407 -0.142427 0.808096
1305031940.336732 0.924056 0.342025 0.176815 0.280750 -0.481934 -0.136686 0.818680
1305031940.369236 0.932925 0.341515 0.181918 0.272473 -0.468409 -0.131894 0.830034
1305031940.403665 0.925377 0.341000 0.177450 0.260809 -0.450075 -0.124198 0.844977
1305031940.436756 0.916735 0.342234 0.183498 0.251251 -0.434605 -0.114253 0.857285
1305031940.468746 0.918274 0.348207 0.196156 0.241167 -0.424501 -0.102498 0.866678
1305031940.503804 0.897697 0.344919 0.200680 0.232177 -0.410730 -0.095956 0.876463
1305031940.536724 0.892185 0.349203 0.208049 0.226985 -0.401228 -0.088738 0.882961
1305031940.568758 0.881530 0.354197 0.212582 0.221270 -0.391457 -0.082862 0.889345
1305031940.603364 0.864092 0.351307 0.213991 0.217226 -0.379845 -0.081668 0.895467
1305031940.636761 0.853368 0.348653 0.217798 0.216078 -0.368044 -0.076834 0.901083
1305031940.668762 0.859257 0.353268 0.223619 0.214288 -0.358564 -0.071907 0.905727
1305031940.703222 0.845706 0.352319 0.226826 0.212528 -0.346428 -0.071002 0.910922
1305031940.736947 0.838991 0.349904 0.233175 0.210700 -0.336196 -0.069565 0.915281
1305031940.768772 0.835977 0.349409 0.238773 0.207873 -0.327389 -0.067650 0.919254
1305031940.803047 0.839097 0.350927 0.245754 0.203852 -0.320059 -0.066916 0.922783
1305031940.836755 0.824610 0.348022 0.252623 0.199584 -0.310369 -0.067202 0.926996
1305031940.869689 0.831753 0.348854 0.261613 0.195081 -0.304624 -0.070423 0.929617
1305031940.903305 0.811782 0.344610 0.264523 0.187911 -0.293099 -0.075105 0.934420
1305031940.937034 0.804451 0.344155 0.275659 0.182124 -0.284848 -0.078105 0.937866
1305031940.968758 0.805249 0.344467 0.296674 0.177307 -0.278785 -0.081181 0.940346
1305031941.003160 0.800091 0.345028 0.313341 0.172820 -0.271908 -0.083045 0.943029
1305031941.036777 0.781499 0.329589 0.313874 0.165993 -0.262772 -0.086895 0.946492
1305031941.071057 0.768633 0.327928 0.323350 0.162064 -0.256579 -0.089317 0.948644
1305031941.103422 0.758071 0.324323 0.337344 0.158112 -0.251589 -0.091915 0.950397
1305031941.136774 0.750541 0.320654 0.354100 0.154568 -0.246391 -0.092905 0.952244
1305031941.171144 0.741939 0.314862 0.368103 0.149757 -0.240850 -0.089893 0.954717
1305031941.203508 0.738326 0.305715 0.389225 0.147167 -0.236716 -0.085948 0.956515
1305031941.236705 0.726311 0.304909 0.403744 0.146235 -0.228119 -0.081598 0.959124
1305031941.271129 0.719107 0.299438 0.418293 0.143748 -0.220952 -0.075999 0.961634
1305031941.303362 0.708780 0.290455 0.436329 0.142065 -0.212539 -0.069585 0.964263
1305031941.336734 0.699815 0.287763 0.447795 0.140917 -0.202861 -0.060086 0.967150
1305031941.371607 0.674883 0.283567 0.440768 0.135466 -0.191152 -0.049093 0.970927
1305031941.403845 0.663485 0.280334 0.449190 0.128772 -0.186396 -0.037094 0.973293
1305031941.436799 0.648367 0.264343 0.455415 0.117699 -0.181900 -0.021674 0.976007
1305031941.469611 0.641041 0.255868 0.463796 0.110275 -0.181279 -0.003177 0.977224
1305031941.501458 0.634321 0.255480 0.480747 0.105694 -0.180440 0.009539 0.977844
1305031941.537220 0.633897 0.249156 0.507171 0.102530 -0.177417 0.016355 0.978644
1305031941.570287 0.635305 0.243718 0.517722 0.100110 -0.169415 0.023323 0.980170
1305031941.603047 0.627336 0.241543 0.528517 0.096946 -0.156626 0.030660 0.982410
1305031941.636822 0.616140 0.241950 0.536325 0.091363 -0.142732 0.036109 0.984874
1305031941.671554 0.602343 0.226653 0.540741 0.081548 -0.129871 0.045483 0.987125
1305031941.703763 0.599479 0.219314 0.553639 0.079968 -0.121129 0.052631 0.988010
1305031941.736866 0.586644 0.217287 0.557101 0.079813 -0.110331 0.055873 0.989108
1305031941.768815 0.565892 0.211739 0.560890 0.076836 -0.098648 0.057915 0.990460
1305031941.800820 0.554902 0.207393 0.570659 0.076483 -0.091241 0.057040 0.991248
1305031941.836848 0.542485 0.198689 0.575103 0.076638 -0.083571 0.055883 0.991978
1305031941.871813 0.531165 0.196876 0.584028 0.079296 -0.077974 0.055705 0.992234
1305031941.902976 0.518835 0.186402 0.589860 0.082097 -0.072377 0.056571 0.992382
1305031941.936760 0.507392 0.186249 0.597277 0.089525 -0.067266 0.057439 0.992049
1305031941.971057 0.493750 0.183136 0.604456 0.095117 -0.061970 0.060123 0.991714
1305031942.003141 0.476408 0.182309 0.607836 0.101915 -0.055747 0.063494 0.991198
1305031942.036729 0.463734 0.179451 0.616858 0.107202 -0.054036 0.065127 0.990629
1305031942.071082 0.439443 0.178779 0.614120 0.112572 -0.052144 0.066026 0.990075
1305031942.100691 0.426488 0.183942 0.618426 0.108606 -0.051971 0.063368 0.990701
1305031942.136758 0.414352 0.181964 0.629810 0.101570 -0.050622 0.059842 0.991736
1305031942.170749 0.409745 0.180356 0.640287 0.100710 -0.049587 0.056743 0.992058
1305031942.203108 0.393113 0.188404 0.646834 0.098345 -0.045173 0.054234 0.992646
1305031942.238994 0.388879 0.182855 0.656676 0.091842 -0.043704 0.051590 0.993475
1305031942.271105 0.381683 0.187759 0.665519 0.089947 -0.039385 0.050741 0.993873
1305031942.303257 0.370196 0.190943 0.672097 0.080307 -0.037067 0.052285 0.994708
1305031942.337047 0.359462 0.188467 0.680579 0.072636 -0.035723 0.054085 0.995250
1305031942.370761 0.341994 0.195877 0.689823 0.066312 -0.034040 0.057184 0.995577
1305031942.402939 0.332004 0.200046 0.702926 0.060612 -0.036359 0.056546 0.995895
1305031942.439262 0.330391 0.201996 0.719598 0.060292 -0.040469 0.048620 0.996174
1305031942.471958 0.329575 0.199423 0.728126 0.063168 -0.042166 0.045973 0.996051
1305031942.503553 0.320113 0.198160 0.731402 0.062756 -0.040987 0.047172 0.996071
1305031942.539453 0.315719 0.193467 0.741625 0.062692 -0.043473 0.047782 0.995940
1305031942.571867 0.307446 0.190163 0.746411 0.065232 -0.045748 0.046166 0.995751
1305031942.601448 0.303633 0.189457 0.754146 0.066984 -0.050230 0.044771 0.995483
1305031942.639942 0.297535 0.187061 0.760570 0.067995 -0.053438 0.042379 0.995352
1305031942.669006 0.298015 0.180827 0.762855 0.063642 -0.059390 0.038110 0.995475
1305031942.704015 0.290112 0.178784 0.775370 0.060583 -0.063445 0.032707 0.995608
1305031942.739812 0.288216 0.178563 0.782024 0.058083 -0.066416 0.026929 0.995736
1305031942.771708 0.288835 0.178214 0.794611 0.056085 -0.068754 0.025053 0.995741
1305031942.801557 0.279487 0.160402 0.802543 0.051376 -0.066247 0.021004 0.996258
1305031942.841042 0.277537 0.154221 0.810157 0.048854 -0.066417 0.019378 0.996407
1305031942.868828 0.273588 0.148509 0.819165 0.046728 -0.069189 0.017739 0.996351
1305031942.903960 0.277892 0.139950 0.827305 0.043523 -0.075169 0.014500 0.996115
1305031942.936816 0.275508 0.136552 0.838151 0.041900 -0.078691 0.012213 0.995943
1305031942.970936 0.270913 0.134271 0.844904 0.043484 -0.077927 0.009886 0.995961
1305031943.001103 0.270306 0.130712 0.854092 0.044239 -0.078922 0.008279 0.995864
1305031943.039961 0.274162 0.122157 0.860672 0.046235 -0.084492 0.003384 0.995345
1305031943.071743 0.277836 0.116061 0.864574 0.045994 -0.089588 0.000135 0.994916
1305031943.104177 0.272034 0.108253 0.873257 0.044043 -0.090531 -0.002179 0.994917
1305031943.139521 0.272912 0.097668 0.879904 0.043421 -0.091722 -0.001660 0.994836
1305031943.171912 0.277348 0.089205 0.886631 0.043020 -0.093555 0.000686 0.994684
1305031943.201564 0.279940 0.083846 0.895129 0.044697 -0.094541 0.001839 0.994515
1305031943.240004 0.285491 0.071263 0.901411 0.044581 -0.095108 0.002479 0.994465
1305031943.271805 0.292581 0.059456 0.909343 0.045214 -0.096656 0.004211 0.994281
1305031943.303965 0.286101 0.048705 0.916521 0.051002 -0.094901 0.003436 0.994173
1305031943.339941 0.309488 0.032163 0.921433 0.055704 -0.102012 0.003887 0.993215
1305031943.371774 0.312081 0.023657 0.923639 0.063974 -0.102055 0.005073 0.992707
1305031943.404245 0.327595 0.002414 0.928360 0.067657 -0.106573 0.007277 0.991974
1305031943.440153 0.338505 -0.012795 0.930119 0.074946 -0.109217 0.008621 0.991151
1305031943.471431 0.345607 -0.025810 0.927631 0.081530 -0.108936 0.007323 0.990673
1305031943.501108 0.355989 -0.040218 0.930974 0.085078 -0.109814 0.008426 0.990268
1305031943.539525 0.362810 -0.054519 0.929363 0.091022 -0.109169 0.009692 0.989800
1305031943.570021 0.365269 -0.060128 0.927331 0.097884 -0.106736 0.011583 0.989390
1305031943.607467 0.376223 -0.061812 0.931835 0.102877 -0.107564 0.012999 0.988776
1305031943.638026 0.370885 -0.065027 0.927519 0.102115 -0.102305 0.013038 0.989412
1305031943.671504 0.390987 -0.091997 0.929827 0.100523 -0.104417 0.013236 0.989352
1305031943.707251 0.392658 -0.106132 0.925124 0.109469 -0.100819 0.012740 0.988782
1305031943.739428 0.400859 -0.110030 0.925377 0.122316 -0.100470 0.011488 0.987326
1305031943.771329 0.398909 -0.112694 0.921798 0.130851 -0.097755 0.010200 0.986518
1305031943.806822 0.401240 -0.113037 0.921474 0.139877 -0.097704 0.007593 0.985307
1305031943.837754 0.415702 -0.134060 0.919597 0.140775 -0.101427 0.002869 0.984828
1305031943.868873 0.413406 -0.148226 0.912082 0.147478 -0.101426 -0.000593 0.983851
1305031943.907218 0.418673 -0.148719 0.913858 0.160689 -0.104163 -0.002606 0.981490
1305031943.936768 0.414373 -0.168769 0.906582 0.165343 -0.105166 -0.003900 0.980605
1305031943.971278 0.418659 -0.175083 0.904755 0.180514 -0.107837 -0.003836 0.977636
1305031944.007760 0.426581 -0.165783 0.910392 0.194636 -0.107591 -0.002056 0.974955
1305031944.040486 0.444090 -0.182605 0.902007 0.199880 -0.106248 0.004244 0.974034
1305031944.070886 0.448917 -0.182211 0.901582 0.213063 -0.098651 0.009345 0.972000
1305031944.107390 0.448249 -0.189133 0.896247 0.221349 -0.089086 0.017457 0.970960
1305031944.139656 0.450541 -0.184848 0.896790 0.232657 -0.083124 0.025644 0.968661
1305031944.171370 0.442327 -0.181084 0.892983 0.241111 -0.075483 0.031798 0.967035
1305031944.206998 0.441715 -0.159421 0.900496 0.253377 -0.071899 0.039578 0.963880
1305031944.239334 0.455851 -0.189957 0.884704 0.245956 -0.072672 0.040417 0.965707
1305031944.270963 0.458424 -0.185807 0.881401 0.249201 -0.068169 0.045464 0.964979
1305031944.306934 0.453970 -0.177332 0.878224 0.253549 -0.059927 0.052232 0.964051
1305031944.339308 0.455848 -0.156395 0.884771 0.261999 -0.052190 0.058936 0.961852
1305031944.370745 0.458345 -0.152117 0.881506 0.262394 -0.044629 0.067958 0.961530
1305031944.406233 0.458812 -0.145975 0.881326 0.262394 -0.036221 0.078445 0.961085
1305031944.438724 0.454693 -0.145785 0.877648 0.256189 -0.022982 0.091298 0.962031
1305031944.471304 0.474963 -0.136957 0.869118 0.250852 -0.015721 0.106902 0.961976
1305031944.506947 0.481475 -0.134078 0.865921 0.248244 -0.001757 0.118263 0.961450
1305031944.539069 0.473828 -0.128834 0.859192 0.243308 0.015373 0.127527 0.961406
1305031944.571530 0.472087 -0.121607 0.863839 0.239544 0.027276 0.136148 0.960905
1305031944.607229 0.477730 -0.118987 0.854562 0.230421 0.035171 0.141952 0.962039
1305031944.639625 0.479642 -0.115104 0.851207 0.221156 0.045059 0.148376 0.962832
1305031944.671779 0.489271 -0.110983 0.842618 0.210639 0.054026 0.153032 0.963999
1305031944.707774 0.492152 -0.108313 0.838465 0.196789 0.067510 0.157625 0.965335
1305031944.739941 0.500197 -0.116715 0.835036 0.184425 0.080793 0.164391 0.965627
1305031944.769058 0.500296 -0.110223 0.835104 0.180503 0.095278 0.169035 0.964245
1305031944.807919 0.498721 -0.104417 0.833233 0.175080 0.106672 0.172776 0.963388
1305031944.839956 0.501634 -0.098552 0.821679 0.166919 0.112888 0.176791 0.963400
1305031944.875719 0.505048 -0.110047 0.826895 0.156944 0.119927 0.181542 0.963343
1305031944.904670 0.511902 -0.101872 0.831971 0.154665 0.125515 0.185036 0.962334
1305031944.939702 0.514660 -0.101821 0.823076 0.146313 0.133560 0.186218 0.962329
1305031944.969076 0.519828 -0.108801 0.823446 0.142644 0.141793 0.191057 0.960752
1305031945.007437 0.523327 -0.117765 0.816253 0.151120 0.149514 0.199926 0.956471
1305031945.039937 0.529542 -0.118601 0.800465 0.169243 0.155548 0.204701 0.951451
1305031945.069177 0.527740 -0.115511 0.790372 0.186682 0.159477 0.207685 0.946881
1305031945.107523 0.537482 -0.120347 0.789831 0.205333 0.158967 0.212063 0.942124
1305031945.136772 0.541336 -0.120994 0.782014 0.226101 0.161466 0.207073 0.938045
1305031945.168992 0.544242 -0.115937 0.775181 0.245127 0.161473 0.203543 0.934029
1305031945.207107 0.553592 -0.115770 0.775516 0.261133 0.162352 0.196539 0.931034
1305031945.238859 0.560525 -0.102715 0.777511 0.272424 0.167477 0.188678 0.928513
1305031945.269070 0.561285 -0.101900 0.774102 0.276701 0.174180 0.184860 0.926782
1305031945.306358 0.563493 -0.113053 0.766858 0.280730 0.177699 0.184474 0.924977
1305031945.338940 0.567493 -0.118259 0.766018 0.291405 0.177539 0.182473 0.922099
1305031945.369056 0.573624 -0.102369 0.768081 0.304362 0.173088 0.183361 0.918577
1305031945.406657 0.579935 -0.105970 0.765636 0.313533 0.167956 0.182604 0.916594
1305031945.436818 0.594145 -0.113798 0.748499 0.324475 0.163329 0.177468 0.914628
1305031945.469167 0.603378 -0.099578 0.745992 0.337240 0.161717 0.171539 0.911423
1305031945.506438 0.609846 -0.106699 0.749953 0.340438 0.163887 0.165970 0.910877
1305031945.538422 0.620381 -0.107020 0.756229 0.346023 0.170290 0.159920 0.908677
1305031945.569071 0.645793 -0.085609 0.629668 0.342142 0.166266 0.155047 0.911732
1305031945.606029 0.654617 -0.065093 0.631762 0.344672 0.171183 0.158461 0.909279
1305031945.638298 0.659318 -0.076905 0.632784 0.340398 0.175844 0.160932 0.909565
1305031945.669116 0.673248 -0.039192 0.624997 0.341302 0.173543 0.161505 0.909567
1305031945.706215 0.683052 -0.030523 0.621318 0.334781 0.174176 0.162593 0.911673
1305031945.738673 0.696457 -0.028011 0.625294 0.328036 0.177176 0.162883 0.913493
1305031945.769045 0.703305 -0.023324 0.594705 0.316117 0.180573 0.165385 0.916576
1305031945.806240 0.706746 -0.017618 0.593164 0.303091 0.184336 0.169943 0.919389
1305031945.838266 0.718697 -0.007592 0.591611 0.290654 0.185798 0.173377 0.922464
1305031945.869258 0.722905 0.004892 0.600032 0.277233 0.188425 0.179828 0.924824
1305031945.909177 0.729484 0.008054 0.600452 0.255678 0.190360 0.187306 0.929144
1305031945.936806 0.741459 0.002284 0.581402 0.231993 0.193788 0.193314 0.933411
1305031945.969300 0.754903 0.027710 0.601879 0.219658 0.198022 0.202283 0.933606
1305031946.005983 0.760749 0.038059 0.601796 0.200076 0.205539 0.210128 0.934649
1305031946.037278 0.766837 0.036594 0.595512 0.178622 0.213298 0.218284 0.935388
1305031946.069057 0.774844 0.039764 0.599477 0.164249 0.218792 0.229035 0.934181
1305031946.107140 0.776325 0.050842 0.594125 0.153048 0.225590 0.235937 0.932748
1305031946.137054 0.780487 0.050814 0.591460 0.143016 0.231084 0.240537 0.931820
1305031946.168867 0.780837 0.059573 0.589208 0.137527 0.236431 0.241845 0.930966
1305031946.207043 0.780380 0.068956 0.582223 0.131026 0.239176 0.246502 0.929981
1305031946.237369 0.778703 0.083579 0.578699 0.126103 0.240233 0.249664 0.929545
1305031946.268902 0.772832 0.085973 0.574312 0.117752 0.238930 0.251872 0.930380
1305031946.306775 0.769729 0.094534 0.567754 0.110849 0.232289 0.249874 0.933444
1305031946.337036 0.762142 0.103581 0.558590 0.104385 0.226039 0.248693 0.936035
1305031946.369021 0.754921 0.111697 0.545951 0.096786 0.221102 0.247331 0.938389
1305031946.406520 0.747230 0.119018 0.535589 0.090152 0.217477 0.246117 0.940214
1305031946.437150 0.738690 0.126107 0.521957 0.086441 0.213518 0.246076 0.941480
1305031946.468964 0.729479 0.134307 0.509006 0.083997 0.209903 0.247331 0.942185
1305031946.506586 0.721855 0.143439 0.494387 0.080754 0.205948 0.248037 0.943155
1305031946.537148 0.717298 0.152806 0.478757 0.078327 0.203308 0.248870 0.943713
1305031946.569238 0.709931 0.162742 0.463468 0.077212 0.203581 0.250889 0.943212
1305031946.606469 0.701931 0.172718 0.449357 0.075259 0.206507 0.254278 0.941825
1305031946.637163 0.695286 0.179409 0.432929 0.073071 0.210385 0.256669 0.940489
1305031946.669089 0.686128 0.187707 0.419887 0.071282 0.215840 0.257327 0.939210
1305031946.706515 0.677289 0.195130 0.404846 0.069448 0.221462 0.256669 0.938218
1305031946.737134 0.665092 0.204260 0.393164 0.067150 0.225875 0.255498 0.937652
1305031946.769059 0.656655 0.211134 0.378833 0.061901 0.227671 0.255720 0.937519
1305031946.806647 0.649466 0.216756 0.362988 0.056032 0.230228 0.256480 0.937056
1305031946.837100 0.639903 0.219029 0.348711 0.051089 0.233099 0.258728 0.936010
1305031946.869090 0.633375 0.221168 0.335003 0.048619 0.234426 0.258750 0.935804
1305031946.906602 0.622064 0.225480 0.322358 0.049481 0.233823 0.258480 0.935984
1305031946.937151 0.616301 0.234122 0.310202 0.050529 0.229516 0.258876 0.936884
1305031946.969064 0.610419 0.243704 0.298503 0.048050 0.226593 0.259224 0.937630
1305031947.006827 0.606660 0.244686 0.287034 0.042237 0.223016 0.259224 0.938767
1305031947.037000 0.605164 0.252371 0.273725 0.040939 0.218275 0.259176 0.939951
1305031947.068973 0.606144 0.258500 0.260354 0.039008 0.216734 0.259975 0.940169
1305031947.106644 0.608596 0.261798 0.250409 0.038506 0.217814 0.256961 0.940769
1305031947.137044 0.610190 0.277694 0.239601 0.040390 0.220056 0.254063 0.940955
1305031947.169117 0.610113 0.282862 0.233435 0.037455 0.224108 0.256732 0.939394
1305031947.204982 0.613186 0.287522 0.228486 0.036548 0.225296 0.257964 0.938808
1305031947.237001 0.615346 0.288144 0.225010 0.033268 0.227214 0.255578 0.939120
1305031947.269076 0.621722 0.308263 0.222331 0.035942 0.223346 0.251942 0.940930
1305031947.304951 0.626876 0.320755 0.217120 0.030690 0.219336 0.248838 0.942884
1305031947.336945 0.637041 0.319760 0.215959 0.021608 0.215590 0.247027 0.944474
1305031947.368991 0.649886 0.325110 0.213197 0.017442 0.210165 0.238261 0.948029
1305031947.405013 0.660183 0.333476 0.212099 0.016541 0.206286 0.230909 0.950712
1305031947.437038 0.673646 0.337970 0.208659 0.016166 0.200026 0.228915 0.952537
1305031947.469273 0.687906 0.330789 0.202435 0.017285 0.194638 0.226032 0.954320
1305031947.504994 0.697923 0.338611 0.199843 0.024800 0.188344 0.218166 0.957243
1305031947.537022 0.709481 0.353321 0.195547 0.031652 0.179209 0.209463 0.960733
1305031947.568989 0.718544 0.354241 0.188374 0.032225 0.168775 0.203920 0.963791
1305031947.605177 0.738884 0.364260 0.182895 0.034823 0.154819 0.190859 0.968706
1305031947.637085 0.755996 0.372819 0.177038 0.038477 0.145517 0.178640 0.972333
1305031947.669011 0.766175 0.371089 0.169545 0.041688 0.137611 0.170372 0.974833
1305031947.705153 0.783142 0.379054 0.161815 0.049570 0.124995 0.156687 0.978452
1305031947.736979 0.798253 0.389163 0.152361 0.057752 0.114382 0.142459 0.981472
1305031947.769041 0.816788 0.396212 0.140727 0.066379 0.104171 0.129885 0.983805
1305031947.804941 0.829389 0.413874 0.135055 0.073308 0.099624 0.118267 0.985248
1305031947.837022 0.842633 0.413188 0.129261 0.074000 0.094023 0.109398 0.986770
1305031947.868988 0.858419 0.430181 0.123806 0.082961 0.086242 0.096681 0.988095
1305031947.904995 0.870529 0.437141 0.120816 0.083133 0.080274 0.087035 0.989480
1305031947.937025 0.880619 0.445047 0.115235 0.086594 0.073141 0.077933 0.990494
1305031947.968976 0.894578 0.455929 0.111340 0.086556 0.065574 0.070573 0.991578
1305031948.004911 0.905247 0.457365 0.108474 0.082697 0.060437 0.064952 0.992618
1305031948.037003 0.921158 0.458964 0.103908 0.082497 0.054037 0.060913 0.993259
1305031948.068973 0.938324 0.464069 0.099035 0.085193 0.050205 0.059308 0.993330
1305031948.104993 0.948657 0.466663 0.098278 0.086851 0.048487 0.057037 0.993405
1305031948.136951 0.959482 0.472167 0.098118 0.089086 0.043684 0.055504 0.993516
1305031948.168952 0.971692 0.471522 0.096636 0.090402 0.037413 0.051509 0.993868
1305031948.204992 0.985419 0.475147 0.097308 0.093112 0.030616 0.045004 0.994167
1305031948.237002 1.001801 0.480877 0.100658 0.095238 0.022944 0.039520 0.994405
1305031948.269041 1.015272 0.481447 0.103278 0.095244 0.015331 0.036072 0.994682
1305031948.304939 1.037577 0.484648 0.107026 0.096231 0.005571 0.035633 0.994705
1305031948.337101 1.062025 0.489890 0.109721 0.095017 0.000400 0.036740 0.994797
1305031948.368969 1.079033 0.487810 0.114828 0.090415 0.001525 0.037842 0.995184
1305031948.404989 1.099428 0.489778 0.120951 0.089233 0.002167 0.037877 0.995288
1305031948.436942 1.118693 0.496802 0.127371 0.085089 0.004420 0.038226 0.995630
1305031948.469170 1.135190 0.490882 0.134472 0.077188 0.006049 0.040679 0.996168
1305031948.505024 1.154467 0.488813 0.140211 0.071745 0.005882 0.040825 0.996570
1305031948.537017 1.177833 0.487812 0.146610 0.066207 0.005903 0.040079 0.996983
1305031948.568891 1.197358 0.482503 0.151641 0.061006 0.008868 0.039290 0.997324
1305031948.605001 1.216703 0.484650 0.160447 0.059476 0.012227 0.035543 0.997522
1305031948.636912 1.234939 0.482101 0.164240 0.053917 0.016069 0.031399 0.997922
1305031948.669040 1.253713 0.478822 0.169683 0.050769 0.019001 0.027634 0.998147
1305031948.705075 1.273687 0.483551 0.173848 0.048047 0.023485 0.021587 0.998336
1305031948.737063 1.289116 0.480655 0.179496 0.041978 0.029754 0.020174 0.998472
1305031948.768899 1.305862 0.485909 0.188334 0.040400 0.032480 0.021386 0.998427
1305031948.804975 1.324937 0.487688 0.193806 0.034328 0.035139 0.023575 0.998514
1305031948.837073 1.342580 0.490818 0.200570 0.028314 0.038011 0.027393 0.998500
1305031948.868835 1.360268 0.498722 0.208326 0.020375 0.039915 0.031483 0.998499
1305031948.905077 1.374296 0.496973 0.214326 0.006080 0.042419 0.038531 0.998338
1305031948.936996 1.387573 0.499719 0.221592 -0.003973 0.042314 0.044983 0.998083
1305031948.968952 1.398558 0.510827 0.229687 -0.014060 0.041073 0.046946 0.997954
1305031949.005006 1.413600 0.514100 0.239007 -0.030867 0.036569 0.048324 0.997685
1305031949.037089 1.432466 0.519378 0.248208 -0.046120 0.032360 0.050898 0.997113
1305031949.069061 1.443410 0.524296 0.257704 -0.062147 0.033079 0.051405 0.996193
1305031949.105077 1.454798 0.527736 0.266398 -0.076104 0.028857 0.052954 0.995275
1305031949.137263 1.465307 0.532623 0.274889 -0.090175 0.021827 0.050209 0.994420
1305031949.168946 1.474885 0.535523 0.283181 -0.101551 0.013619 0.047262 0.993614
1305031949.204940 1.485785 0.538405 0.289868 -0.111348 0.002497 0.041578 0.992908
1305031949.237011 1.499120 0.546838 0.295434 -0.116461 -0.011496 0.032615 0.992593
1305031949.268994 1.511082 0.548956 0.301463 -0.124332 -0.023539 0.024943 0.991648
1305031949.305254 1.523156 0.549192 0.306351 -0.129303 -0.033824 0.016529 0.990890
1305031949.337227 1.537404 0.553142 0.310248 -0.130217 -0.044547 0.007187 0.990458
1305031949.368902 1.551407 0.556496 0.313434 -0.134128 -0.053092 -0.004586 0.989530
1305031949.405064 1.564458 0.552573 0.316118 -0.140809 -0.057364 -0.017854 0.988212
1305031949.437094 1.578535 0.548462 0.316649 -0.140048 -0.062414 -0.028675 0.987760
1305031949.468902 1.590725 0.550179 0.316401 -0.135479 -0.068436 -0.037897 0.987687
1305031949.505002 1.602914 0.545563 0.315891 -0.135892 -0.075614 -0.044827 0.986816
1305031949.537017 1.613447 0.539786 0.314381 -0.133013 -0.082001 -0.050534 0.986423
1305031949.568988 1.623753 0.531644 0.311597 -0.125717 -0.089926 -0.056692 0.986354
1305031949.604798 1.634975 0.529271 0.308070 -0.113286 -0.098177 -0.064245 0.986610
1305031949.637172 1.642302 0.514658 0.304841 -0.106889 -0.103402 -0.073799 0.986122
1305031949.668955 1.651474 0.503408 0.301139 -0.093973 -0.109736 -0.077989 0.986430
1305031949.705003 1.661541 0.497053 0.297617 -0.077343 -0.114338 -0.083239 0.986923
1305031949.736949 1.668230 0.485558 0.293811 -0.066111 -0.115765 -0.085747 0.987358
1305031949.768985 1.675230 0.472096 0.291480 -0.053662 -0.117892 -0.084156 0.987998
1305031949.804939 1.681065 0.465231 0.286333 -0.034271 -0.118549 -0.084690 0.988736
1305031949.836964 1.687124 0.453681 0.282571 -0.018902 -0.119856 -0.085915 0.988886
1305031949.868951 1.693517 0.442475 0.278962 -0.001310 -0.122612 -0.084826 0.988822
1305031949.904851 1.700587 0.431595 0.276035 0.018881 -0.124791 -0.084933 0.988361
1305031949.936858 1.708986 0.420816 0.271504 0.037597 -0.123970 -0.085803 0.987854
1305031949.968881 1.716196 0.416742 0.269884 0.056938 -0.119174 -0.083736 0.987696
1305031950.004952 1.724945 0.403514 0.266022 0.073441 -0.113557 -0.080604 0.987529
1305031950.036989 1.729455 0.398923 0.261475 0.092832 -0.105533 -0.073472 0.987343
1305031950.069081 1.733195 0.393925 0.258650 0.112814 -0.096732 -0.064367 0.986799
1305031950.104966 1.738612 0.379022 0.256128 0.129188 -0.089965 -0.053564 0.986077
1305031950.136997 1.742578 0.350569 0.246967 0.149138 -0.083482 -0.040723 0.984444
1305031950.168914 1.751903 0.335071 0.246868 0.176748 -0.079876 -0.028101 0.980607
1305031950.204933 1.757155 0.329101 0.241711 0.205587 -0.073042 -0.018334 0.975737
1305031950.237027 1.762859 0.327645 0.239295 0.236185 -0.065198 -0.011063 0.969455
1305031950.269033 1.768665 0.321371 0.240751 0.259836 -0.059038 -0.005253 0.963832
1305031950.304978 1.775324 0.324834 0.240083 0.280403 -0.052205 -0.003445 0.958455
1305031950.337197 1.773233 0.321834 0.240167 0.298168 -0.045231 -0.002525 0.953438
1305031950.368911 1.770400 0.307891 0.244314 0.316065 -0.040667 0.000282 0.947866
1305031950.404939 1.776163 0.295492 0.242200 0.331835 -0.038901 -0.003551 0.942528
1305031950.436983 1.776576 0.284115 0.236986 0.346768 -0.039761 -0.005096 0.937094
1305031950.468976 1.778170 0.288647 0.237085 0.362950 -0.041690 -0.006653 0.930852
1305031950.504938 1.781694 0.305440 0.253863 0.377678 -0.044031 -0.006247 0.924868
1305031950.536894 1.786611 0.288777 0.248726 0.381297 -0.045372 -0.004978 0.923325
1305031950.568883 1.780233 0.313011 0.265421 0.390772 -0.041267 -0.007318 0.919533
1305031950.604862 1.826415 0.277196 0.257675 0.379631 -0.049011 0.005234 0.923824
1305031950.637006 1.835027 0.291455 0.269127 0.377336 -0.049083 0.011042 0.924709
1305031950.668910 1.836574 0.293208 0.274323 0.369266 -0.049823 0.015608 0.927856
1305031950.704873 1.774815 0.374190 0.336002 0.375466 -0.040736 0.015164 0.925816
1305031950.736893 1.772209 0.393782 0.349827 0.365259 -0.043087 0.013107 0.929816
1305031950.768897 1.769967 0.422587 0.374696 0.354812 -0.047420 0.011848 0.933659
1305031950.804899 1.770867 0.431776 0.383621 0.339416 -0.050972 0.008872 0.939212
1305031950.837135 1.778497 0.435916 0.395546 0.321707 -0.055029 0.007263 0.945211
1305031950.869014 1.795749 0.434688 0.405378 0.304077 -0.061270 0.007075 0.950649
1305031950.904883 1.799817 0.441617 0.414781 0.288635 -0.064700 0.006673 0.955227
1305031950.936970 1.806044 0.441949 0.419614 0.271313 -0.068452 0.005094 0.960040
1305031950.968904 1.809546 0.441259 0.422941 0.256145 -0.072255 0.002123 0.963932
1305031951.004836 1.825259 0.438810 0.421291 0.243913 -0.077990 -0.000662 0.966656
1305031951.036930 1.832464 0.443487 0.423725 0.237351 -0.081050 -0.005584 0.968021
1305031951.069013 1.843481 0.454929 0.430694 0.230894 -0.084432 -0.010289 0.969254
1305031951.104800 1.851447 0.460987 0.433922 0.221395 -0.087039 -0.015770 0.971164
1305031951.136893 1.858166 0.466469 0.433988 0.212237 -0.091220 -0.021191 0.972721
1305031951.168908 1.867737 0.477713 0.437662 0.204526 -0.097537 -0.027879 0.973591
1305031951.204914 1.862509 0.496831 0.430756 0.194591 -0.098303 -0.039924 0.975129
1305031951.236957 1.872030 0.501475 0.430166 0.177843 -0.105462 -0.052335 0.976991
1305031951.268906 1.885876 0.501216 0.425217 0.163348 -0.110292 -0.069246 0.977936
1305031951.304862 1.893391 0.515411 0.429485 0.158458 -0.113126 -0.081325 0.977486
1305031951.336937 1.909833 0.528737 0.431672 0.151553 -0.117206 -0.096532 0.976717
1305031951.368840 1.923525 0.535014 0.434543 0.140045 -0.119159 -0.110682 0.976697
1305031951.404865 1.938475 0.541843 0.435669 0.131867 -0.120874 -0.122555 0.976208
1305031951.436903 1.960779 0.553619 0.442854 0.124931 -0.122100 -0.132662 0.975646
1305031951.468857 1.974839 0.557835 0.444237 0.114655 -0.119593 -0.137792 0.976507
1305031951.504916 1.989532 0.562990 0.444457 0.104146 -0.117832 -0.138528 0.977793
1305031951.536888 2.006892 0.567498 0.448804 0.093847 -0.115493 -0.137560 0.979250
1305031951.569006 2.022315 0.570959 0.451932 0.083984 -0.111484 -0.134465 0.981039
1305031951.604927 2.037333 0.574201 0.457252 0.075212 -0.109044 -0.131550 0.982419
1305031951.636936 2.056403 0.577216 0.462805 0.067607 -0.108259 -0.131337 0.983087
1305031951.668929 2.075036 0.581900 0.471111 0.059863 -0.103962 -0.132423 0.983907
1305031951.704880 2.087034 0.583339 0.477043 0.049417 -0.097448 -0.131149 0.985323
1305031951.736828 2.104170 0.587745 0.486692 0.038939 -0.094745 -0.127502 0.986535
1305031951.768926 2.120640 0.585962 0.495128 0.025285 -0.091659 -0.126121 0.987448
1305031951.804886 2.135754 0.584758 0.506666 0.015264 -0.087695 -0.123881 0.988297
1305031951.836932 2.155850 0.588948 0.517966 0.007890 -0.084145 -0.120649 0.989091
1305031951.868913 2.167104 0.587835 0.528245 -0.003481 -0.076593 -0.118206 0.990025
1305031951.904907 2.180607 0.586425 0.541050 -0.012651 -0.072141 -0.115006 0.990661
1305031951.936962 2.195297 0.584426 0.549766 -0.020763 -0.068016 -0.111086 0.991263
1305031951.968839 2.200720 0.585743 0.561784 -0.026034 -0.062071 -0.107302 0.991945
1305031952.004839 2.219413 0.584936 0.572203 -0.030573 -0.069614 -0.104137 0.991653
1305031952.037104 2.229586 0.578528 0.581482 -0.036271 -0.074040 -0.104029 0.991151
1305031952.068888 2.238768 0.571710 0.587113 -0.037192 -0.078393 -0.106579 0.990511
1305031952.105135 2.253028 0.567937 0.598349 -0.031866 -0.088016 -0.111068 0.989395
1305031952.136943 2.258245 0.565776 0.604130 -0.024774 -0.094862 -0.118525 0.988099
1305031952.168932 2.267859 0.567900 0.610864 -0.018438 -0.108756 -0.127609 0.985671
1305031952.204914 2.276867 0.556255 0.615432 -0.021620 -0.122860 -0.140298 0.982219
1305031952.236877 2.282630 0.545553 0.622185 -0.019393 -0.135150 -0.157396 0.978052
1305031952.268902 2.294242 0.545813 0.627005 -0.010691 -0.149185 -0.171054 0.973843
1305031952.304888 2.300726 0.534507 0.631918 -0.012258 -0.158062 -0.185006 0.969865
1305031952.336993 2.310777 0.520016 0.638457 -0.008834 -0.165527 -0.197564 0.966174
1305031952.368960 2.322625 0.515952 0.645812 -0.000222 -0.168853 -0.204581 0.964176
1305031952.404918 2.331173 0.505815 0.651536 0.000521 -0.168127 -0.205744 0.964055
1305031952.437054 2.339487 0.498560 0.659283 0.003003 -0.168063 -0.200469 0.965172
1305031952.468939 2.344081 0.488400 0.664813 0.003039 -0.166879 -0.197174 0.966056
1305031952.504868 2.351871 0.479489 0.670887 0.005321 -0.167717 -0.194911 0.966360
1305031952.536948 2.356295 0.470831 0.677953 0.007665 -0.166619 -0.193329 0.966852
1305031952.568932 2.361338 0.458636 0.682807 0.010990 -0.166959 -0.192812 0.966865
1305031952.604926 2.365804 0.454725 0.687290 0.018369 -0.167625 -0.190397 0.967116
1305031952.636992 2.366962 0.448997 0.693455 0.024481 -0.168947 -0.188659 0.967091
1305031952.668899 2.368268 0.437640 0.694793 0.029319 -0.171303 -0.187475 0.966772
1305031952.704918 2.364936 0.432934 0.697251 0.038150 -0.173739 -0.183365 0.966818
1305031952.736938 2.369050 0.428188 0.699723 0.047928 -0.183113 -0.178936 0.965481
1305031952.768957 2.369691 0.427265 0.701917 0.057721 -0.193199 -0.176541 0.963419
1305031952.804919 2.365152 0.422373 0.706258 0.067513 -0.205958 -0.177856 0.959891
1305031952.836931 2.366733 0.412336 0.699589 0.075873 -0.220288 -0.178519 0.955954
1305031952.868991 2.368859 0.414741 0.709623 0.089601 -0.238722 -0.177788 0.950460
1305031952.904920 2.364129 0.398337 0.704605 0.097563 -0.251403 -0.184787 0.945056
1305031952.936984 2.372873 0.400234 0.705203 0.116614 -0.268322 -0.189366 0.937307
1305031952.972903 2.377192 0.400283 0.694745 0.123278 -0.279344 -0.198130 0.931404
1305031953.004869 2.373992 0.389465 0.705581 0.125436 -0.293773 -0.198493 0.926587
1305031953.036943 2.382541 0.390237 0.705355 0.138492 -0.303358 -0.204715 0.920264
1305031953.073127 2.381213 0.389318 0.698692 0.146998 -0.304289 -0.213959 0.916527
1305031953.104909 2.389445 0.377757 0.707288 0.146552 -0.316297 -0.214425 0.912415
1305031953.137098 2.393356 0.371923 0.709471 0.149289 -0.323021 -0.217842 0.908798
1305031953.172998 2.396517 0.365688 0.709217 0.153644 -0.327060 -0.222147 0.905580
1305031953.204992 2.399328 0.360891 0.707070 0.158681 -0.330620 -0.227725 0.902027
1305031953.237103 2.400841 0.356402 0.704115 0.164455 -0.334750 -0.235231 0.897532
1305031953.273087 2.401496 0.352978 0.701504 0.169161 -0.340346 -0.241945 0.892755
1305031953.304968 2.403807 0.346764 0.703546 0.173359 -0.346877 -0.245149 0.888552
1305031953.337012 2.403586 0.344145 0.699707 0.179884 -0.350470 -0.249475 0.884633
1305031953.372964 2.402138 0.342005 0.693914 0.185143 -0.355155 -0.251446 0.881114
1305031953.404920 2.401121 0.339637 0.684176 0.188978 -0.360855 -0.253537 0.877377
1305031953.436876 2.401606 0.343684 0.684731 0.191406 -0.369837 -0.252822 0.873307
1305031953.473261 2.399484 0.345591 0.680392 0.190602 -0.374919 -0.253085 0.871237
1305031953.504919 2.395912 0.344997 0.672663 0.188273 -0.379584 -0.250368 0.870508
1305031953.536948 2.395899 0.352585 0.666530 0.186564 -0.384056 -0.248485 0.869454
1305031953.572862 2.395491 0.350206 0.664230 0.180252 -0.387708 -0.250097 0.868702
1305031953.604882 2.396101 0.356502 0.663348 0.178124 -0.388410 -0.250980 0.868573
1305031953.636962 2.394255 0.357207 0.655169 0.166706 -0.387190 -0.250267 0.871585
1305031953.673021 2.392010 0.353894 0.651635 0.156935 -0.386416 -0.245936 0.874968
1305031953.704929 2.393819 0.358627 0.649123 0.153094 -0.384578 -0.240113 0.878070
1305031953.736982 2.394389 0.372131 0.644772 0.148729 -0.381239 -0.236434 0.881269
1305031953.772886 2.392803 0.373780 0.641454 0.140428 -0.379077 -0.231775 0.884794
1305031953.804859 2.392995 0.378161 0.642593 0.133611 -0.377572 -0.222158 0.888951
1305031953.836840 2.393133 0.383633 0.642394 0.123203 -0.371709 -0.214058 0.894893
1305031953.872987 2.392510 0.382296 0.644944 0.113695 -0.365425 -0.205303 0.900771
1305031953.904912 2.391399 0.390651 0.643977 0.109035 -0.354715 -0.196208 0.907629
1305031953.936924 2.393163 0.390442 0.636928 0.099360 -0.339622 -0.193074 0.915154
1305031953.972857 2.387638 0.395985 0.640997 0.096159 -0.324936 -0.187196 0.922024
1305031954.004852 2.391253 0.395526 0.649334 0.093884 -0.312942 -0.182159 0.927400
1305031954.036921 2.382409 0.403212 0.640984 0.090802 -0.289894 -0.182736 0.935053
1305031954.072918 2.375042 0.406121 0.637942 0.087290 -0.273332 -0.183108 0.940288
1305031954.104933 2.373036 0.409026 0.633806 0.086303 -0.259332 -0.182380 0.944477
1305031954.136939 2.369116 0.409356 0.623373 0.084740 -0.241909 -0.182316 0.949242
1305031954.172997 2.364394 0.411553 0.613461 0.084051 -0.226518 -0.179425 0.953641
1305031954.204838 2.358942 0.410593 0.604283 0.084121 -0.213773 -0.176440 0.957128
1305031954.237023 2.350483 0.411661 0.592397 0.087612 -0.201438 -0.174357 0.959868
1305031954.272870 2.343618 0.416265 0.586961 0.094516 -0.194521 -0.171336 0.961183
1305031954.304869 2.338950 0.423269 0.575438 0.100689 -0.187961 -0.167150 0.962597
1305031954.336921 2.330416 0.431305 0.563731 0.102968 -0.180608 -0.163282 0.964426
1305031954.372872 2.320984 0.434778 0.551325 0.102385 -0.174775 -0.161350 0.965887
1305031954.404711 2.311550 0.434903 0.536855 0.102025 -0.169794 -0.162475 0.966624
1305031954.436896 2.305207 0.443298 0.526564 0.105344 -0.164474 -0.163392 0.967034
1305031954.472974 2.294375 0.450740 0.514639 0.103336 -0.156913 -0.160539 0.968982
1305031954.504827 2.284137 0.452480 0.502659 0.098458 -0.151145 -0.155094 0.971291
1305031954.536934 2.276863 0.460138 0.491499 0.096732 -0.145361 -0.148919 0.973312
1305031954.572946 2.267072 0.465724 0.481365 0.090821 -0.137118 -0.142001 0.976107
1305031954.604885 2.249795 0.460286 0.466574 0.084495 -0.129402 -0.131300 0.979222
1305031954.636862 2.240007 0.459850 0.454733 0.089547 -0.125644 -0.124210 0.980187
1305031954.672891 2.226459 0.470410 0.443932 0.099161 -0.120949 -0.121749 0.980161
1305031954.704892 2.214610 0.479161 0.433489 0.103755 -0.120905 -0.120456 0.979851
1305031954.736939 2.203473 0.482785 0.425263 0.104909 -0.120658 -0.121509 0.979628
1305031954.773183 2.190401 0.484673 0.415265 0.107264 -0.120195 -0.123212 0.979217
1305031954.804833 2.182278 0.490766 0.409409 0.111358 -0.120803 -0.122851 0.978731
1305031954.836924 2.171136 0.495149 0.401487 0.111274 -0.117188 -0.120683 0.979449
1305031954.873001 2.163817 0.496031 0.394595 0.112835 -0.114800 -0.119557 0.979691
1305031954.904866 2.157079 0.504261 0.390330 0.114598 -0.109277 -0.115580 0.980595
1305031954.937022 2.145441 0.506084 0.384578 0.111664 -0.103391 -0.109499 0.982269
1305031954.972931 2.141047 0.510795 0.380250 0.112349 -0.100359 -0.108075 0.982662
1305031955.004936 2.133532 0.514781 0.375884 0.110859 -0.094384 -0.106749 0.983568
1305031955.036969 2.123755 0.519900 0.373430 0.110114 -0.089144 -0.105589 0.984266
1305031955.073048 2.121651 0.528201 0.373695 0.109000 -0.086222 -0.105722 0.984636
1305031955.104929 2.111046 0.532351 0.371469 0.103593 -0.080894 -0.104846 0.985765
1305031955.136878 2.103692 0.536853 0.368843 0.099300 -0.078742 -0.105496 0.986311
1305031955.173003 2.100282 0.546027 0.372732 0.095401 -0.077681 -0.105119 0.986820
1305031955.204960 2.089863 0.547434 0.372009 0.087950 -0.075427 -0.105533 0.987643
1305031955.236857 2.087663 0.549858 0.372151 0.083627 -0.075908 -0.109233 0.987579
1305031955.272905 2.084227 0.553662 0.373484 0.079403 -0.073914 -0.111074 0.987874
1305031955.304880 2.079501 0.554419 0.375463 0.074485 -0.072342 -0.110501 0.988437
1305031955.337035 2.077187 0.556788 0.376858 0.072178 -0.070837 -0.109317 0.988849
1305031955.372861 2.075362 0.556735 0.377763 0.067455 -0.068064 -0.106173 0.989719
1305031955.404928 2.074334 0.554843 0.377924 0.063751 -0.066163 -0.102489 0.990482
1305031955.436909 2.073142 0.558109 0.380289 0.061956 -0.063595 -0.097317 0.991285
1305031955.472931 2.070312 0.556334 0.379643 0.059012 -0.061347 -0.095062 0.991825
1305031955.504893 2.068904 0.558063 0.378734 0.058089 -0.059901 -0.094733 0.992000
1305031955.536891 2.068440 0.559002 0.381153 0.055947 -0.059661 -0.091305 0.992458
1305031955.572893 2.068969 0.554580 0.379649 0.055000 -0.060490 -0.091103 0.992480
1305031955.604944 2.068838 0.557112 0.379854 0.056658 -0.059423 -0.090904 0.992469
1305031955.636881 2.069053 0.557512 0.379943 0.056781 -0.059710 -0.088822 0.992633
1305031955.672837 2.070117 0.557662 0.378882 0.056236 -0.061003 -0.087283 0.992722
1305031955.704890 2.069413 0.555828 0.378875 0.055371 -0.060567 -0.086277 0.992886
1305031955.736903 2.069111 0.556530 0.377701 0.056526 -0.059797 -0.084665 0.993006
1305031955.772963 2.070901 0.556467 0.377056 0.056883 -0.060555 -0.082889 0.993090
1305031955.804902 2.070833 0.554647 0.376933 0.056924 -0.060296 -0.080458 0.993303
1305031955.837019 2.071218 0.554522 0.376555 0.057208 -0.060232 -0.079534 0.993365
1305031955.872917 2.070757 0.555211 0.375033 0.058699 -0.059923 -0.077992 0.993419
1305031955.904911 2.074127 0.559172 0.375729 0.060400 -0.061214 -0.075971 0.993395
1305031955.937291 2.071240 0.556268 0.372827 0.058342 -0.060346 -0.074454 0.993686
1305031955.973194 2.071220 0.556878 0.372893 0.059752 -0.061656 -0.074006 0.993555
1305031956.004870 2.074348 0.554468 0.370059 0.059769 -0.061823 -0.073579 0.993575
1305031956.036937 2.075368 0.556128 0.370098 0.061235 -0.060785 -0.071906 0.993672
1305031956.073037 2.073800 0.555098 0.369394 0.062279 -0.059926 -0.070771 0.993741
1305031956.104901 2.076093 0.555777 0.367223 0.064279 -0.059750 -0.069370 0.993723
1305031956.136924 2.076722 0.557258 0.367200 0.064714 -0.058173 -0.068405 0.993855
