# timestamp tx ty tz qx qy qz qw
1305032180.416768 0.000000 0.000000 0.000000 0.000000 0.000000 0.000000 1.000000
1305032180.449191 -0.000065 0.022795 -0.006168 0.012770 -0.001346 -0.005984 0.999900
1305032180.480837 -0.000919 0.044552 -0.009426 0.019573 -0.000461 -0.016558 0.999671
1305032180.516840 0.000261 0.069689 -0.013905 0.021427 0.000381 -0.021615 0.999537
1305032180.548937 -0.000069 0.095981 -0.014850 0.019260 -0.000191 -0.024815 0.999506
1305032180.581332 0.001993 0.122098 -0.014303 0.014158 -0.001005 -0.029164 0.999474
1305032180.616763 0.003033 0.139228 -0.008984 0.011686 0.001158 -0.029994 0.999481
1305032180.648962 0.003259 0.156567 -0.003706 0.017173 0.004653 -0.027259 0.999470
1305032180.680825 0.004702 0.177076 -0.005034 0.030487 0.005388 -0.024683 0.999216
1305032180.717342 0.007201 0.198061 -0.011215 0.040120 0.005766 -0.023461 0.998903
1305032180.748819 0.009354 0.223874 -0.013818 0.047086 0.007497 -0.025758 0.998531
1305032180.780850 0.015986 0.248199 -0.024096 0.049752 0.009884 -0.024924 0.998402
1305032180.816787 0.018338 0.268850 -0.026028 0.050319 0.014740 -0.023900 0.998338
1305032180.848954 0.018569 0.287675 -0.019831 0.051923 0.019336 -0.024541 0.998162
1305032180.880917 0.012065 0.305161 0.001451 0.057933 0.024505 -0.024307 0.997724
1305032180.916865 0.012855 0.324053 0.000264 0.068556 0.023728 -0.023640 0.997085
1305032180.948907 0.014481 0.343711 -0.002528 0.077243 0.023490 -0.026158 0.996392
1305032180.980907 0.015405 0.360850 -0.003174 0.087083 0.024953 -0.030896 0.995409
1305032181.016753 0.016259 0.378955 -0.007737 0.096949 0.025476 -0.036539 0.994292
1305032181.048957 0.015946 0.394417 -0.010360 0.105400 0.023438 -0.041543 0.993285
1305032181.080911 0.016319 0.411273 -0.019141 0.115798 0.017465 -0.049164 0.991902
1305032181.116902 0.017929 0.428944 -0.021841 0.123740 0.011652 -0.062958 0.990247
1305032181.148803 0.018430 0.444658 -0.023385 0.130842 0.008588 -0.072955 0.988678
1305032181.181078 0.024352 0.470507 -0.054797 0.132855 0.003025 -0.077012 0.988134
1305032181.216791 0.025778 0.488376 -0.057990 0.126225 -0.003156 -0.079988 0.988767
1305032181.248831 0.027214 0.505917 -0.053691 0.118252 -0.005484 -0.078805 0.989836
1305032181.280978 0.028014 0.516265 -0.052125 0.106949 -0.005703 -0.075001 0.991415
1305032181.316657 0.030677 0.527613 -0.050434 0.099264 -0.001451 -0.072471 0.992417
1305032181.348799 0.029666 0.534304 -0.046482 0.092237 0.005307 -0.061656 0.993812
1305032181.380787 0.030111 0.550249 -0.047955 0.086990 0.008995 -0.056126 0.994586
1305032181.416712 0.030450 0.559608 -0.045494 0.078571 0.013348 -0.055876 0.995252
1305032181.448767 0.029159 0.566737 -0.041654 0.075220 0.017558 -0.056206 0.995427
1305032181.480888 0.029618 0.578411 -0.045527 0.069758 0.020546 -0.058445 0.995638
1305032181.517110 0.030051 0.589093 -0.041628 0.062136 0.023166 -0.059417 0.996028
1305032181.549041 0.029900 0.597925 -0.041705 0.055543 0.024472 -0.059609 0.996375
1305032181.580857 0.030296 0.605782 -0.041134 0.047433 0.026800 -0.061871 0.996596
1305032181.616881 0.031077 0.613498 -0.041903 0.037627 0.029897 -0.064452 0.996763
1305032181.648916 0.033668 0.623938 -0.042105 0.025798 0.034556 -0.066275 0.996869
1305032181.681016 0.034123 0.625844 -0.039224 0.013303 0.042991 -0.066045 0.996801
1305032181.716843 0.034247 0.629396 -0.042048 0.003752 0.050047 -0.061068 0.996871
1305032181.748990 0.035609 0.637164 -0.043188 -0.003388 0.053088 -0.054802 0.997079
1305032181.780875 0.037580 0.645073 -0.046316 -0.006967 0.053013 -0.049921 0.997321
1305032181.816836 0.036515 0.648111 -0.048222 -0.009200 0.051589 -0.047369 0.997502
1305032181.848912 0.036121 0.647550 -0.047258 -0.013760 0.047697 -0.045934 0.997710
1305032181.880877 0.036918 0.654553 -0.047876 -0.012946 0.043930 -0.048273 0.997784
1305032181.916917 0.035993 0.655458 -0.049936 -0.009634 0.040406 -0.044242 0.998157
1305032181.950114 0.037402 0.655372 -0.063929 -0.012283 0.034735 -0.038871 0.998565
1305032181.980850 0.035709 0.652343 -0.058404 -0.019178 0.032010 -0.033931 0.998727
1305032182.016837 0.032212 0.650987 -0.048814 -0.018051 0.032693 -0.032115 0.998786
1305032182.049261 0.031471 0.646735 -0.051486 -0.013502 0.031527 -0.033588 0.998847
1305032182.081072 0.028821 0.640225 -0.051554 -0.011653 0.029750 -0.037384 0.998790
1305032182.116839 0.026376 0.633018 -0.051915 -0.005773 0.028582 -0.039824 0.998781
1305032182.148903 0.022995 0.620955 -0.053798 -0.001701 0.026499 -0.039745 0.998857
1305032182.180809 0.019614 0.609197 -0.052922 0.000702 0.023881 -0.039813 0.998922
1305032182.216846 0.016208 0.595067 -0.052214 0.007999 0.021852 -0.040738 0.998899
1305032182.248838 0.012196 0.577599 -0.053689 0.013371 0.020143 -0.041653 0.998840
1305032182.280886 0.008830 0.561703 -0.054835 0.016945 0.018792 -0.044292 0.998698
1305032182.316854 0.005185 0.544695 -0.055704 0.019708 0.017536 -0.045739 0.998605
1305032182.348809 0.001532 0.526363 -0.055528 0.023759 0.016223 -0.048230 0.998422
1305032182.380837 -0.001988 0.507767 -0.056356 0.029198 0.015957 -0.049631 0.998213
1305032182.417061 -0.005875 0.488557 -0.058885 0.035369 0.015142 -0.050065 0.998005
1305032182.449002 -0.009056 0.468812 -0.063349 0.036819 0.014995 -0.049794 0.997968
1305032182.480855 -0.012659 0.449667 -0.064945 0.036069 0.015870 -0.046919 0.998121
1305032182.516842 -0.016573 0.428311 -0.066236 0.037664 0.016367 -0.045086 0.998139
1305032182.548795 -0.020685 0.405698 -0.073834 0.038121 0.017947 -0.044078 0.998139
1305032182.580911 -0.024374 0.388124 -0.079156 0.034177 0.021243 -0.043689 0.998234
1305032182.616769 -0.028965 0.367568 -0.081848 0.025956 0.024924 -0.043680 0.998397
1305032182.648743 -0.034656 0.346590 -0.085146 0.019534 0.026400 -0.044360 0.998476
1305032182.680940 -0.039790 0.323169 -0.087685 0.012364 0.026525 -0.050640 0.998288
1305032182.716969 -0.043760 0.298160 -0.087863 0.006356 0.027783 -0.055478 0.998053
1305032182.749019 -0.048794 0.273636 -0.090442 0.001935 0.027295 -0.058365 0.997920
1305032182.781052 -0.053744 0.246036 -0.090656 -0.003703 0.025111 -0.062920 0.997696
1305032182.816828 -0.058867 0.217601 -0.087512 -0.005409 0.024511 -0.064585 0.997596
1305032182.848783 -0.063940 0.188037 -0.089794 -0.001983 0.021579 -0.063888 0.997722
1305032182.881107 -0.067107 0.156704 -0.094482 -0.010914 0.020269 -0.063974 0.997686
1305032182.916860 -0.071142 0.127265 -0.090238 -0.021297 0.023667 -0.070915 0.996974
1305032182.948825 -0.075063 0.102471 -0.093858 -0.033011 0.028879 -0.079911 0.995837
1305032182.981101 -0.081053 0.085122 -0.090659 -0.051772 0.032304 -0.090398 0.994034
1305032183.016793 -0.087052 0.061474 -0.084495 -0.075981 0.031829 -0.103396 0.991223
1305032183.048822 -0.093097 0.033617 -0.082240 -0.087779 0.031603 -0.121401 0.988209
1305032183.080929 -0.099456 0.000417 -0.074629 -0.079949 0.033847 -0.135561 0.986958
1305032183.118077 -0.106026 -0.025299 -0.079052 -0.057965 0.038167 -0.149307 0.986352
1305032183.148943 -0.108061 -0.038542 -0.087479 -0.042687 0.047003 -0.153897 0.986045
1305032183.180752 -0.111262 -0.061720 -0.096368 -0.038608 0.057723 -0.148192 0.986517
1305032183.217065 -0.103129 -0.077119 -0.152824 -0.049988 0.066220 -0.133758 0.987535
1305032183.249343 -0.111674 -0.096011 -0.145634 -0.075887 0.083528 -0.111801 0.987302
1305032183.280841 -0.117434 -0.112428 -0.146846 -0.095530 0.098650 -0.087766 0.986630
1305032183.317034 -0.122408 -0.116051 -0.151023 -0.120711 0.110305 -0.064926 0.984402
1305032183.348643 -0.133513 -0.139849 -0.134069 -0.143558 0.118037 -0.049468 0.981331
1305032183.380784 -0.141767 -0.156367 -0.123209 -0.144805 0.121252 -0.042964 0.981062
1305032183.417050 -0.150839 -0.182797 -0.113686 -0.136700 0.124782 -0.037904 0.981991
1305032183.448870 -0.160463 -0.196839 -0.112430 -0.116138 0.128250 -0.046164 0.983836
1305032183.480747 -0.160903 -0.219644 -0.122802 -0.105101 0.140155 -0.053301 0.983092
1305032183.516841 -0.177459 -0.226382 -0.108578 -0.085595 0.163542 -0.059456 0.981016
1305032183.548800 -0.186267 -0.233423 -0.104005 -0.067416 0.178627 -0.062946 0.979584
1305032183.581352 -0.194448 -0.234772 -0.095797 -0.049050 0.182560 -0.061744 0.980027
1305032183.617016 -0.208793 -0.235519 -0.085641 -0.036836 0.181409 -0.063848 0.980641
1305032183.649047 -0.222270 -0.248093 -0.084831 -0.034935 0.181468 -0.060377 0.980920
1305032183.680786 -0.233614 -0.259278 -0.078992 -0.026783 0.185536 -0.053648 0.980806
1305032183.716899 -0.246222 -0.259873 -0.079435 -0.010058 0.192747 -0.043946 0.980212
1305032183.748924 -0.250196 -0.261921 -0.096488 -0.002139 0.199821 -0.029622 0.979382
1305032183.780796 -0.262838 -0.260564 -0.095672 -0.000674 0.207592 -0.016000 0.978084
1305032183.816827 -0.274283 -0.245992 -0.093082 -0.002047 0.211979 -0.000064 0.977272
1305032183.848835 -0.287612 -0.244441 -0.083688 -0.011207 0.214338 0.010141 0.976643
1305032183.880829 -0.297615 -0.246060 -0.077482 -0.016680 0.213497 0.016779 0.976657
1305032183.916910 -0.311463 -0.242426 -0.066512 -0.018813 0.212468 0.017873 0.976823
1305032183.948890 -0.325187 -0.241567 -0.057761 -0.018751 0.209747 0.014328 0.977471
1305032183.980795 -0.333905 -0.236381 -0.050989 -0.013702 0.208710 0.009563 0.977835
1305032184.016821 -0.342937 -0.230636 -0.046337 -0.010679 0.212467 0.009765 0.977061
1305032184.049024 -0.353278 -0.229756 -0.039716 -0.003758 0.218331 0.008640 0.975829
1305032184.080840 -0.361718 -0.222917 -0.036279 0.001253 0.225806 0.009965 0.974120
1305032184.116837 -0.368412 -0.217496 -0.028751 -0.001921 0.237513 0.015024 0.971266
1305032184.148987 -0.380678 -0.207806 -0.021659 -0.006299 0.251048 0.018670 0.967774
1305032184.180725 -0.395960 -0.206702 -0.009224 -0.016451 0.260502 0.021367 0.965097
1305032184.216990 -0.409449 -0.211336 0.012341 -0.022965 0.265621 0.015652 0.963677
1305032184.248806 -0.417249 -0.203919 0.016947 -0.029406 0.270154 0.013400 0.962275
1305032184.280893 -0.428903 -0.200550 0.028410 -0.035898 0.277170 0.018672 0.959968
1305032184.316771 -0.442231 -0.194640 0.047304 -0.043602 0.280614 0.025821 0.958482
1305032184.348790 -0.449619 -0.192621 0.065611 -0.049618 0.276386 0.025784 0.959419
1305032184.380890 -0.457869 -0.192454 0.076643 -0.053608 0.271342 0.023472 0.960702
1305032184.416859 -0.466585 -0.191083 0.089170 -0.056297 0.267877 0.023820 0.961512
1305032184.448922 -0.473514 -0.191209 0.100834 -0.058739 0.263240 0.022010 0.962689
1305032184.480939 -0.483609 -0.191717 0.108987 -0.061669 0.259711 0.018413 0.963539
1305032184.517404 -0.488780 -0.194970 0.115069 -0.065847 0.258048 0.013255 0.963794
1305032184.548890 -0.498049 -0.197595 0.120122 -0.071781 0.260712 0.005071 0.962731
1305032184.580889 -0.511984 -0.203142 0.132250 -0.080260 0.264226 -0.002052 0.961113
1305032184.616917 -0.526943 -0.206209 0.136227 -0.088742 0.261351 -0.009807 0.961106
1305032184.648802 -0.538032 -0.211119 0.136555 -0.104658 0.254311 -0.014307 0.961336
1305032184.680796 -0.547403 -0.223087 0.143843 -0.125969 0.249751 -0.021875 0.959832
1305032184.716820 -0.557136 -0.238420 0.154301 -0.142854 0.249394 -0.030893 0.957309
1305032184.749228 -0.569541 -0.259810 0.169162 -0.152061 0.248279 -0.038778 0.955893
1305032184.780723 -0.579436 -0.272430 0.178922 -0.150306 0.243629 -0.050166 0.956837
1305032184.816841 -0.590934 -0.287508 0.187418 -0.140467 0.243035 -0.057518 0.958068
1305032184.848695 -0.602025 -0.297619 0.187519 -0.126175 0.244555 -0.061572 0.959417
1305032184.880788 -0.612003 -0.305528 0.190128 -0.113552 0.243661 -0.064924 0.961000
1305032184.918061 -0.627145 -0.314200 0.177274 -0.102730 0.234147 -0.071657 0.964099
1305032184.948747 -0.637865 -0.322230 0.173722 -0.090827 0.218655 -0.075868 0.968599
1305032184.980871 -0.659475 -0.336070 0.142385 -0.084027 0.201410 -0.073440 0.973129
1305032185.016830 -0.665451 -0.339498 0.145611 -0.079628 0.180701 -0.067829 0.977960
1305032185.048753 -0.673764 -0.343942 0.136866 -0.069385 0.156633 -0.057279 0.983550
1305032185.080761 -0.698478 -0.352878 0.110923 -0.066427 0.136033 -0.042073 0.987579
1305032185.116901 -0.700009 -0.359622 0.104774 -0.067283 0.111148 -0.031015 0.991038
1305032185.148855 -0.727525 -0.365160 0.086170 -0.071447 0.092137 -0.032279 0.992655
1305032185.180921 -0.735197 -0.363933 0.088082 -0.087241 0.080163 -0.044932 0.991940
1305032185.216821 -0.729230 -0.364504 0.105123 -0.100967 0.070560 -0.058627 0.990651
1305032185.248744 -0.725006 -0.363529 0.122409 -0.100372 0.067461 -0.065086 0.990524
1305032185.280816 -0.723930 -0.357889 0.123116 -0.104860 0.073092 -0.068147 0.989453
1305032185.316975 -0.708295 -0.364373 0.125048 -0.115620 0.086455 -0.072320 0.986878
1305032185.348836 -0.702252 -0.369584 0.116957 -0.119942 0.118946 -0.078225 0.982521
1305032185.380713 -0.705373 -0.376683 0.134878 -0.120489 0.156238 -0.075737 0.977413
1305032185.416853 -0.722133 -0.379913 0.140593 -0.106608 0.195646 -0.074588 0.972005
1305032185.448824 -0.726500 -0.370178 0.157489 -0.099455 0.226933 -0.081526 0.965383
1305032185.480750 -0.743216 -0.383906 0.129156 -0.102041 0.249542 -0.080847 0.959573
1305032185.517917 -0.751044 -0.387263 0.140488 -0.106895 0.271456 -0.077977 0.953313
1305032185.548794 -0.777707 -0.397835 0.133064 -0.109744 0.287556 -0.067713 0.949043
1305032185.580817 -0.785943 -0.401196 0.147344 -0.114595 0.290938 -0.057640 0.948104
1305032185.616813 -0.793815 -0.408057 0.160204 -0.112569 0.291977 -0.055433 0.948159
1305032185.649137 -0.805125 -0.414363 0.165346 -0.110893 0.293699 -0.048630 0.948198
1305032185.681076 -0.815232 -0.423347 0.173752 -0.105366 0.296751 -0.042113 0.948190
1305032185.717989 -0.827850 -0.429518 0.176702 -0.101767 0.301687 -0.033311 0.947375
1305032185.748780 -0.838676 -0.435210 0.182353 -0.106213 0.306658 -0.021552 0.945630
1305032185.780788 -0.844893 -0.440599 0.201304 -0.106647 0.309453 -0.010785 0.944854
1305032185.816914 -0.860078 -0.441976 0.207065 -0.105741 0.306171 -0.001407 0.946085
1305032185.848739 -0.869103 -0.445693 0.210722 -0.118274 0.299714 0.004749 0.946657
1305032185.880792 -0.878698 -0.457166 0.214349 -0.129494 0.296495 0.006197 0.946194
1305032185.916774 -0.886794 -0.466772 0.221824 -0.131715 0.296369 0.008426 0.945910
1305032185.948832 -0.899390 -0.478266 0.222603 -0.127064 0.298922 0.007266 0.945752
1305032185.980891 -0.911323 -0.484189 0.223686 -0.122159 0.304155 0.004504 0.944747
1305032186.016729 -0.924140 -0.486787 0.224124 -0.119437 0.309421 0.003167 0.943389
1305032186.048853 -0.935557 -0.484314 0.226633 -0.120683 0.312104 0.005329 0.942336
1305032186.080866 -0.940570 -0.485780 0.233822 -0.122609 0.310717 0.003725 0.942554
1305032186.116745 -0.948405 -0.488113 0.234743 -0.123507 0.309438 -0.000199 0.942865
1305032186.149175 -0.956596 -0.488764 0.234969 -0.127610 0.310347 -0.004154 0.942010
1305032186.180852 -0.958894 -0.491316 0.241046 -0.131763 0.313061 -0.006183 0.940528
1305032186.206345 -0.964975 -0.493420 0.245250 -0.135106 0.316392 -0.007573 0.938927
1305032186.238254 -0.968728 -0.497392 0.250723 -0.139018 0.318973 -0.007567 0.937482
1305032186.274478 -0.966833 -0.501356 0.258759 -0.143123 0.323146 -0.008143 0.935428
1305032186.306444 -0.969956 -0.507349 0.265122 -0.145861 0.329335 -0.007911 0.932845
1305032186.338305 -0.973128 -0.514368 0.274972 -0.146911 0.332858 -0.006649 0.931439
1305032186.374424 -0.972527 -0.522308 0.283401 -0.142737 0.332861 -0.004917 0.932097
1305032186.406432 -0.972036 -0.525511 0.286291 -0.139255 0.334887 -0.004016 0.931903
1305032186.438324 -0.968542 -0.533128 0.296550 -0.138553 0.339162 -0.000093 0.930469
1305032186.474472 -0.966698 -0.534926 0.299630 -0.134072 0.343497 0.004344 0.929524
1305032186.506702 -0.961010 -0.539081 0.310212 -0.137515 0.348261 0.008011 0.927221
1305032186.538288 -0.952123 -0.544856 0.321418 -0.132833 0.351728 0.010991 0.926565
1305032186.574586 -0.948514 -0.545825 0.317824 -0.129859 0.357247 0.013893 0.924834
1305032186.606308 -0.943204 -0.550289 0.329084 -0.132085 0.363939 0.017056 0.921852
1305032186.638328 -0.941200 -0.548410 0.330766 -0.131311 0.365741 0.018469 0.921222
1305032186.674491 -0.937011 -0.549070 0.334954 -0.138487 0.366705 0.021759 0.919715
1305032186.706281 -0.933030 -0.547669 0.341365 -0.144037 0.364356 0.026997 0.919657
1305032186.738284 -0.930057 -0.546015 0.344786 -0.151052 0.358434 0.032738 0.920672
1305032186.774426 -0.951809 -0.564349 0.337341 -0.162449 0.351059 0.034734 0.921500
1305032186.806294 -0.950154 -0.561557 0.348862 -0.164490 0.339321 0.038118 0.925393
1305032186.838316 -0.998148 -0.575261 0.310088 -0.168135 0.325976 0.043775 0.929276
1305032186.874420 -1.000485 -0.572654 0.315062 -0.174732 0.306571 0.047787 0.934451
1305032186.906311 -0.996732 -0.570084 0.326762 -0.175801 0.285672 0.050465 0.940712
1305032186.938335 -1.002193 -0.569267 0.326976 -0.171637 0.267156 0.047759 0.947042
1305032186.974466 -1.011521 -0.573806 0.322293 -0.171308 0.252846 0.045480 0.951133
1305032187.006347 -1.021575 -0.576282 0.316398 -0.170374 0.245625 0.043976 0.953261
1305032187.038369 -1.024104 -0.578806 0.313934 -0.172932 0.245323 0.043941 0.952880
1305032187.074485 -1.017539 -0.575936 0.323739 -0.172153 0.247592 0.043264 0.952465
1305032187.106300 -1.031200 -0.580359 0.320100 -0.172532 0.251379 0.041010 0.951504
1305032187.138388 -1.033892 -0.580808 0.325116 -0.175722 0.255846 0.041149 0.949722
1305032187.174344 -1.031891 -0.582278 0.333271 -0.174802 0.261376 0.042774 0.948313
1305032187.206315 -1.036587 -0.585998 0.336128 -0.174310 0.269054 0.040952 0.946334
1305032187.238306 -1.042036 -0.590332 0.341876 -0.175406 0.278085 0.039640 0.943573
1305032187.274410 -1.053664 -0.595685 0.343228 -0.175512 0.285497 0.040577 0.941297
1305032187.306310 -1.056550 -0.600063 0.351195 -0.178061 0.290749 0.043966 0.939056
1305032187.338238 -1.063166 -0.607155 0.356120 -0.176053 0.295150 0.050772 0.937717
1305032187.374465 -1.065778 -0.611823 0.361139 -0.175046 0.298780 0.058793 0.936287
1305032187.406431 -1.064932 -0.617201 0.368262 -0.173577 0.304665 0.068117 0.934029
1305032187.438345 -1.072198 -0.623012 0.371173 -0.173171 0.311271 0.075233 0.931376
1305032187.474252 -1.070880 -0.628007 0.380628 -0.176051 0.315858 0.081906 0.928726
1305032187.506288 -1.067592 -0.632185 0.391242 -0.174765 0.319010 0.088339 0.927301
1305032187.538394 -1.061568 -0.639855 0.399848 -0.170038 0.322806 0.092868 0.926423
1305032187.574353 -1.059051 -0.643451 0.405167 -0.160552 0.333047 0.094570 0.924315
1305032187.606376 -1.063919 -0.644136 0.409559 -0.155066 0.347094 0.098988 0.919610
1305032187.638551 -1.063150 -0.646977 0.417363 -0.153516 0.359234 0.107074 0.914286
1305032187.674515 -1.059080 -0.644750 0.431218 -0.152064 0.370689 0.112916 0.909240
1305032187.706690 -1.051365 -0.644603 0.445251 -0.152287 0.378952 0.121438 0.904686
1305032187.738344 -1.044148 -0.646396 0.454493 -0.146636 0.385072 0.126864 0.902288
1305032187.774385 -1.038200 -0.647414 0.465999 -0.143331 0.391221 0.128236 0.899977
1305032187.806253 -1.032662 -0.648393 0.476641 -0.135580 0.395746 0.129795 0.898975
1305032187.838326 -1.029616 -0.646371 0.484238 -0.130472 0.398791 0.129933 0.898365
1305032187.874314 -1.026417 -0.643719 0.492443 -0.128873 0.402302 0.129948 0.897027
1305032187.906341 -1.020278 -0.642800 0.502269 -0.129339 0.404174 0.131426 0.895903
1305032187.938404 -1.013714 -0.639632 0.511721 -0.130971 0.404902 0.131368 0.895346
1305032187.974333 -1.006833 -0.637085 0.522430 -0.133995 0.405088 0.132657 0.894624
1305032188.006755 -0.992763 -0.634050 0.533155 -0.137062 0.403618 0.132409 0.894860
1305032188.038347 -0.980929 -0.628740 0.541482 -0.139662 0.405190 0.129564 0.894164
1305032188.074366 -0.963371 -0.626035 0.552169 -0.141558 0.410080 0.129405 0.891656
1305032188.106358 -0.946902 -0.624108 0.561959 -0.135309 0.417930 0.128839 0.889059
1305032188.138393 -0.935325 -0.619124 0.571224 -0.129676 0.427643 0.126618 0.885592
1305032188.174531 -0.938207 -0.620004 0.572911 -0.128715 0.437381 0.125288 0.881154
1305032188.206385 -0.924286 -0.616237 0.587981 -0.134378 0.445326 0.127274 0.876030
1305032188.238300 -0.911193 -0.612847 0.601852 -0.132886 0.451176 0.127443 0.873235
1305032188.274246 -0.908457 -0.600953 0.605380 -0.139452 0.456283 0.125095 0.869891
1305032188.306298 -0.892642 -0.609150 0.619839 -0.154681 0.465213 0.127376 0.862222
1305032188.338463 -0.883715 -0.609994 0.626899 -0.154204 0.475443 0.124335 0.857155
1305032188.374255 -0.881843 -0.613145 0.631669 -0.159443 0.488789 0.126624 0.848310
1305032188.406411 -0.870427 -0.618648 0.656033 -0.159365 0.502108 0.128940 0.840158
1305032188.438404 -0.870526 -0.624227 0.665300 -0.151467 0.506140 0.127373 0.839438
1305032188.474384 -0.872116 -0.627396 0.673911 -0.149759 0.507137 0.126746 0.839237
1305032188.506372 -0.869407 -0.630909 0.681122 -0.149073 0.507420 0.130483 0.838616
1305032188.538361 -0.864941 -0.631333 0.687592 -0.150285 0.507778 0.136402 0.837240
1305032188.574421 -0.858346 -0.637074 0.696228 -0.156999 0.507412 0.142011 0.835294
1305032188.606360 -0.850770 -0.640143 0.703959 -0.161711 0.508798 0.146165 0.832832
1305032188.638700 -0.841827 -0.643391 0.712159 -0.167151 0.512400 0.148356 0.829155
1305032188.674410 -0.835590 -0.647304 0.724700 -0.171621 0.517103 0.147557 0.825456
1305032188.706357 -0.834828 -0.648176 0.734576 -0.172026 0.519314 0.148072 0.823890
1305032188.739249 -0.825412 -0.648338 0.740509 -0.174628 0.521251 0.149825 0.821800
1305032188.774344 -0.816667 -0.648526 0.747885 -0.176306 0.528043 0.147554 0.817505
1305032188.806323 -0.816817 -0.648330 0.755160 -0.180565 0.536244 0.143580 0.811925
1305032188.839225 -0.809217 -0.649444 0.771795 -0.182778 0.543977 0.140603 0.806791
1305032188.874344 -0.807829 -0.653149 0.782731 -0.174352 0.547257 0.141609 0.806262
1305032188.906314 -0.804849 -0.649661 0.790222 -0.166677 0.547333 0.140586 0.808010
1305032188.939488 -0.801240 -0.647731 0.797792 -0.158520 0.549681 0.139728 0.808207
1305032188.974616 -0.802497 -0.643285 0.805420 -0.153483 0.553501 0.138664 0.806754
1305032189.006344 -0.801219 -0.643577 0.817969 -0.150550 0.556972 0.142700 0.804210
1305032189.039201 -0.791124 -0.648439 0.826763 -0.139945 0.557947 0.147032 0.804669
1305032189.074311 -0.789178 -0.635911 0.833299 -0.129520 0.563659 0.142327 0.803278
1305032189.106462 -0.789858 -0.633736 0.844709 -0.125133 0.571556 0.142356 0.798374
1305032189.139020 -0.783358 -0.630625 0.855900 -0.115199 0.578637 0.143481 0.794558
1305032189.174337 -0.785936 -0.627557 0.866032 -0.109522 0.584462 0.138710 0.791940
1305032189.206328 -0.785910 -0.626107 0.877177 -0.107690 0.587887 0.133671 0.790522
1305032189.239113 -0.787978 -0.630089 0.887111 -0.105203 0.588316 0.126873 0.791656
1305032189.274280 -0.790769 -0.625359 0.894760 -0.101699 0.585467 0.116582 0.795798
1305032189.306419 -0.782748 -0.620709 0.896781 -0.096244 0.583205 0.112306 0.798747
1305032189.339043 -0.779027 -0.614004 0.899200 -0.088075 0.584410 0.100526 0.800376
1305032189.374296 -0.777051 -0.602211 0.901285 -0.085529 0.586978 0.089470 0.800086
1305032189.406454 -0.773297 -0.599645 0.904405 -0.088200 0.587403 0.082263 0.800257
1305032189.439203 -0.769991 -0.586955 0.908217 -0.089151 0.584787 0.075653 0.802716
1305032189.474381 -0.764280 -0.581670 0.908955 -0.097113 0.578685 0.072292 0.806515
1305032189.506417 -0.762631 -0.572757 0.906683 -0.104081 0.574612 0.068702 0.808869
1305032189.539204 -0.743299 -0.588290 0.897525 -0.114033 0.570883 0.068206 0.810208
1305032189.574311 -0.734190 -0.578817 0.893898 -0.108781 0.573608 0.060023 0.809653
1305032189.607261 -0.740330 -0.575317 0.896324 -0.108819 0.579949 0.056966 0.805340
1305032189.639158 -0.727678 -0.573166 0.896923 -0.104997 0.583764 0.056973 0.803087
1305032189.674631 -0.737869 -0.568981 0.898353 -0.105014 0.587178 0.054825 0.800742
1305032189.707346 -0.733202 -0.572521 0.898558 -0.111473 0.590269 0.053078 0.797708
1305032189.738256 -0.731321 -0.572412 0.904504 -0.114711 0.593340 0.051762 0.795053
1305032189.774494 -0.725461 -0.572732 0.905014 -0.116522 0.593547 0.053182 0.794542
1305032189.807118 -0.715191 -0.573938 0.907281 -0.117246 0.594242 0.052105 0.793987
1305032189.839133 -0.719462 -0.573802 0.909446 -0.116852 0.596710 0.050841 0.792274
1305032189.874440 -0.712981 -0.575765 0.915794 -0.116975 0.599616 0.053243 0.789900
1305032189.907291 -0.707531 -0.579442 0.919520 -0.115004 0.600500 0.054359 0.789442
1305032189.939176 -0.714975 -0.569954 0.926868 -0.115470 0.603755 0.053977 0.786914
1305032189.974388 -0.711142 -0.572366 0.933848 -0.122500 0.608483 0.061108 0.781670
1305032190.007331 -0.709683 -0.575589 0.940554 -0.126704 0.611870 0.070208 0.777581
1305032190.039183 -0.707843 -0.579194 0.950771 -0.133219 0.612696 0.079168 0.774976
1305032190.074353 -0.701932 -0.585363 0.959324 -0.139174 0.614046 0.085355 0.772200
1305032190.106919 -0.696772 -0.590962 0.966949 -0.143889 0.617385 0.089397 0.768206
1305032190.139118 -0.690187 -0.612106 0.968120 -0.145868 0.624303 0.095815 0.761438
1305032190.174382 -0.703674 -0.622441 0.972651 -0.139922 0.638450 0.100595 0.750123
1305032190.206527 -0.684135 -0.622790 0.978198 -0.134544 0.655669 0.106836 0.735243
1305032190.238598 -0.689233 -0.637007 0.975764 -0.123380 0.676488 0.111516 0.717430
1305032190.274436 -0.690428 -0.658231 0.964597 -0.110858 0.697906 0.114583 0.698219
1305032190.306776 -0.709922 -0.677436 0.963118 -0.101258 0.717173 0.112564 0.680250
1305032190.338705 -0.739609 -0.701622 0.983437 -0.100079 0.735758 0.111603 0.660446
1305032190.374553 -0.764898 -0.709007 0.973384 -0.101570 0.746372 0.113477 0.647870
1305032190.406774 -0.762165 -0.718327 0.994865 -0.112268 0.757938 0.114532 0.632304
1305032190.438393 -0.766174 -0.731397 1.018951 -0.118106 0.767232 0.116550 0.619533
1305032190.474512 -0.783791 -0.735002 1.013113 -0.114947 0.770303 0.126112 0.614424
1305032190.507021 -0.798158 -0.737195 1.011636 -0.114359 0.773447 0.138198 0.607950
1305032190.539574 -0.811721 -0.737568 1.011285 -0.117585 0.777858 0.152179 0.598291
1305032190.574522 -0.821261 -0.726761 1.016981 -0.122093 0.782556 0.169074 0.586612
1305032190.606628 -0.825967 -0.732530 1.020887 -0.128297 0.785283 0.189792 0.575196
1305032190.638351 -0.830931 -0.742127 1.025415 -0.133748 0.787285 0.207576 0.564984
1305032190.674511 -0.828487 -0.752215 1.027031 -0.132583 0.790512 0.217706 0.556881
1305032190.707805 -0.851781 -0.781147 1.021552 -0.129187 0.794336 0.225112 0.549241
1305032190.739542 -0.848996 -0.784614 1.022314 -0.121814 0.803814 0.226779 0.536298
1305032190.774406 -0.860847 -0.798658 1.028310 -0.112547 0.813639 0.224759 0.524221
1305032190.807353 -0.869417 -0.795961 1.036243 -0.104332 0.823266 0.224110 0.511002
1305032190.839295 -0.888550 -0.797379 1.037642 -0.103167 0.830285 0.228774 0.497641
1305032190.874702 -0.898449 -0.803248 1.039891 -0.107955 0.838514 0.236056 0.479080
1305032190.906872 -0.896439 -0.807323 1.048104 -0.113873 0.847136 0.245670 0.457209
1305032190.938298 -0.883038 -0.804164 1.055171 -0.109051 0.855545 0.254595 0.437415
1305032190.974293 -0.886069 -0.811058 1.064568 -0.099817 0.861044 0.260578 0.425134
1305032191.007388 -0.886223 -0.816256 1.073672 -0.092897 0.865059 0.266849 0.414529
1305032191.039147 -0.866463 -0.803134 1.078348 -0.086876 0.870157 0.264498 0.406595
1305032191.075542 -0.889359 -0.847178 1.079011 -0.067621 0.874175 0.260329 0.404319
1305032191.107369 -0.899313 -0.854312 1.090859 -0.049183 0.880763 0.248344 0.400203
1305032191.139264 -0.906019 -0.840557 1.115784 -0.035888 0.885520 0.247780 0.391370
1305032191.175154 -0.915749 -0.842133 1.130604 -0.022794 0.888611 0.258177 0.378412
1305032191.206338 -0.913764 -0.836295 1.154403 -0.013900 0.890542 0.276856 0.360684
1305032191.239480 -0.921809 -0.828818 1.170180 0.001687 0.886853 0.302256 0.349471
1305032191.275365 -0.915931 -0.869079 1.183246 0.007556 0.881815 0.324281 0.342325
1305032191.307300 -0.909666 -0.873845 1.207758 0.005373 0.877299 0.333533 0.345069
1305032191.338387 -0.906001 -0.881436 1.225112 0.003413 0.868083 0.344307 0.357594
1305032191.375372 -0.903985 -0.885680 1.231153 0.001189 0.857307 0.353617 0.374138
1305032191.407222 -0.908271 -0.899989 1.246688 -0.008498 0.849790 0.360112 0.384843
1305032191.439234 -0.900737 -0.891058 1.254312 -0.014648 0.846448 0.362413 0.389831
1305032191.475122 -0.898975 -0.894949 1.265409 -0.018430 0.845829 0.361067 0.392255
1305032191.507078 -0.901575 -0.902329 1.279145 -0.021588 0.847117 0.356909 0.393119
1305032191.539261 -0.909133 -0.907274 1.296148 -0.028049 0.848702 0.351583 0.394090
1305032191.574951 -0.912092 -0.908874 1.309841 -0.035155 0.849616 0.350160 0.392817
1305032191.607207 -0.915037 -0.914655 1.323554 -0.039119 0.851471 0.347328 0.390934
1305032191.638816 -0.923077 -0.911284 1.338941 -0.041654 0.854307 0.341176 0.389902
1305032191.675288 -0.932614 -0.912311 1.354684 -0.047479 0.856038 0.340667 0.385863
1305032191.707052 -0.935380 -0.911484 1.366584 -0.051966 0.857297 0.341357 0.381861
1305032191.738602 -0.945725 -0.910807 1.379527 -0.050885 0.859817 0.336434 0.380706
1305032191.775242 -0.959064 -0.907831 1.393819 -0.050357 0.861529 0.337375 0.376046
1305032191.807049 -0.968661 -0.902309 1.399251 -0.047940 0.862882 0.343310 0.367797
1305032191.839534 -0.983303 -0.903477 1.405806 -0.047746 0.866582 0.344203 0.358164
1305032191.874538 -0.988925 -0.894309 1.416341 -0.049422 0.872856 0.339333 0.347179
1305032191.906632 -0.993046 -0.889586 1.425913 -0.048213 0.878918 0.331405 0.339632
1305032191.938746 -1.003082 -0.882391 1.440195 -0.043331 0.884176 0.322607 0.335082
1305032191.974172 -1.012858 -0.877229 1.450144 -0.035655 0.886683 0.318433 0.333351
1305032192.006899 -1.031275 -0.870705 1.463454 -0.028666 0.888848 0.313542 0.332895
1305032192.040329 -1.042543 -0.866359 1.477309 -0.030847 0.889086 0.311796 0.333704
1305032192.074296 -1.048003 -0.854127 1.482364 -0.033804 0.888841 0.304763 0.340497
1305032192.107207 -1.063278 -0.840770 1.490843 -0.041066 0.887963 0.301392 0.344961
1305032192.143527 -1.063429 -0.840459 1.492489 -0.051940 0.888006 0.296901 0.347272
1305032192.175138 -1.092918 -0.825295 1.503778 -0.052898 0.891329 0.286126 0.347659
1305032192.207462 -1.103300 -0.815307 1.511256 -0.064926 0.892430 0.288417 0.340835
1305032192.242995 -1.092748 -0.798574 1.506926 -0.072545 0.895281 0.280434 0.338477
1305032192.275322 -1.119899 -0.796303 1.521763 -0.076658 0.897584 0.271463 0.338783
1305032192.307137 -1.119991 -0.778126 1.524761 -0.084008 0.896759 0.269807 0.340545
1305032192.343429 -1.117573 -0.771091 1.519907 -0.097004 0.894497 0.262894 0.348355
1305032192.375351 -1.125565 -0.761046 1.519747 -0.104276 0.894493 0.249600 0.355962
1305032192.406988 -1.128431 -0.749362 1.516639 -0.109110 0.893872 0.239424 0.362993
1305032192.443064 -1.134375 -0.738379 1.514309 -0.108289 0.893281 0.228672 0.371527
1305032192.475136 -1.138660 -0.723437 1.514961 -0.107458 0.891151 0.219409 0.382311
1305032192.507282 -1.154126 -0.715216 1.513554 -0.106972 0.885626 0.217631 0.396057
1305032192.543270 -1.165235 -0.707254 1.505654 -0.107728 0.880675 0.216818 0.407180
1305032192.575287 -1.164593 -0.697117 1.495055 -0.108204 0.876859 0.214678 0.416321
1305032192.607043 -1.178268 -0.688861 1.488835 -0.105531 0.873243 0.209857 0.426930
1305032192.642682 -1.191318 -0.684730 1.484266 -0.106618 0.867494 0.211609 0.437388
1305032192.675331 -1.201711 -0.679725 1.476921 -0.110730 0.859186 0.216233 0.450313
1305032192.706798 -1.200725 -0.668101 1.465493 -0.115371 0.849741 0.221742 0.464178
1305032192.743017 -1.191500 -0.659053 1.451543 -0.120575 0.840047 0.219122 0.481424
1305032192.775674 -1.197575 -0.651547 1.437989 -0.121216 0.829057 0.209011 0.504267
1305032192.807088 -1.214406 -0.651257 1.428912 -0.121465 0.817823 0.201968 0.524996
1305032192.843319 -1.233957 -0.651201 1.413018 -0.124885 0.808771 0.198490 0.539348
1305032192.874268 -1.251172 -0.649216 1.396025 -0.132236 0.801510 0.196901 0.548931
1305032192.906650 -1.258322 -0.639071 1.377093 -0.142262 0.796330 0.197366 0.553774
1305032192.942718 -1.259490 -0.630638 1.359633 -0.152059 0.791006 0.198586 0.558347
1305032192.974691 -1.252265 -0.628937 1.345976 -0.158920 0.782410 0.195603 0.569490
1305032193.006760 -1.257016 -0.637224 1.333825 -0.159505 0.770028 0.189330 0.588022
1305032193.042601 -1.276036 -0.671292 1.320202 -0.153321 0.754177 0.180505 0.612477
1305032193.074613 -1.285333 -0.663629 1.292909 -0.142903 0.737467 0.160343 0.640321
1305032193.106695 -1.314614 -0.668204 1.276967 -0.133666 0.727349 0.149757 0.656254
1305032193.142723 -1.331628 -0.661498 1.253697 -0.132759 0.717766 0.150518 0.666732
1305032193.174586 -1.341683 -0.654536 1.231204 -0.132747 0.709885 0.155330 0.674028
1305032193.206838 -1.345081 -0.647057 1.206355 -0.130096 0.704871 0.165596 0.677355
1305032193.242456 -1.348829 -0.644811 1.187472 -0.125155 0.700536 0.176300 0.680077
1305032193.274520 -1.355685 -0.641780 1.171214 -0.120660 0.691229 0.180722 0.689190
1305032193.310778 -1.357881 -0.637561 1.151999 -0.119475 0.679272 0.183233 0.700529
1305032193.339276 -1.354260 -0.646838 1.136144 -0.117839 0.667400 0.180096 0.712922
1305032193.374757 -1.362339 -0.629590 1.117664 -0.111296 0.654964 0.165984 0.728755
1305032193.410937 -1.362244 -0.624346 1.101368 -0.111293 0.641483 0.154368 0.743158
1305032193.440809 -1.367384 -0.621060 1.084348 -0.105908 0.630169 0.141897 0.756000
1305032193.474361 -1.378106 -0.618251 1.069767 -0.100038 0.622427 0.134723 0.764478
1305032193.508533 -1.388372 -0.620351 1.060949 -0.096023 0.615924 0.133600 0.770434
1305032193.542415 -1.393809 -0.617889 1.052775 -0.090328 0.605249 0.131818 0.779832
1305032193.574902 -1.387918 -0.612393 1.039353 -0.081996 0.589382 0.126004 0.793743
1305032193.610969 -1.391706 -0.601919 1.023414 -0.072254 0.576016 0.116440 0.805870
1305032193.642823 -1.413259 -0.601089 1.015350 -0.071584 0.569243 0.112678 0.811259
1305032193.675595 -1.392402 -0.584643 0.995633 -0.070707 0.562210 0.108221 0.816828
1305032193.709022 -1.393091 -0.573305 0.982590 -0.062795 0.561728 0.104360 0.818308
1305032193.742409 -1.400792 -0.562400 0.971709 -0.057014 0.562480 0.104056 0.818253
1305032193.775435 -1.401149 -0.549221 0.958918 -0.056241 0.562192 0.105923 0.818265
1305032193.811474 -1.404311 -0.535614 0.947218 -0.056799 0.563434 0.108397 0.817047
1305032193.843364 -1.401392 -0.525556 0.936968 -0.059603 0.565160 0.109709 0.815478
1305032193.875019 -1.397794 -0.513390 0.926038 -0.060936 0.568569 0.109717 0.813005
1305032193.911168 -1.393028 -0.504536 0.918443 -0.060857 0.574517 0.111177 0.808620
1305032193.942448 -1.400265 -0.498252 0.913103 -0.058516 0.580830 0.109998 0.804433
1305032193.974516 -1.418431 -0.481972 0.902103 -0.057425 0.585563 0.111572 0.800856
1305032194.011117 -1.425469 -0.471417 0.896307 -0.062545 0.589438 0.117457 0.796778
1305032194.042688 -1.430870 -0.463687 0.892266 -0.072807 0.592120 0.122720 0.793116
1305032194.074383 -1.430698 -0.456206 0.890708 -0.079870 0.594559 0.125492 0.790172
1305032194.110517 -1.434330 -0.447467 0.892022 -0.082210 0.593587 0.129876 0.789954
1305032194.142532 -1.434045 -0.440868 0.892824 -0.084156 0.589214 0.134282 0.792283
1305032194.174640 -1.435731 -0.440502 0.893133 -0.080824 0.585545 0.137142 0.794857
1305032194.210736 -1.439510 -0.424699 0.890943 -0.077149 0.581940 0.135760 0.798100
1305032194.242426 -1.431898 -0.419049 0.888872 -0.074607 0.581913 0.136347 0.798261
1305032194.274526 -1.439142 -0.411382 0.891224 -0.065493 0.587148 0.129168 0.796419
1305032194.310941 -1.444650 -0.407580 0.889275 -0.054821 0.592159 0.126200 0.793988
1305032194.342858 -1.449670 -0.400605 0.895420 -0.041693 0.600880 0.123448 0.788648
1305032194.374876 -1.454886 -0.393814 0.899280 -0.026563 0.606752 0.121979 0.785027
1305032194.407399 -1.462804 -0.391302 0.902816 -0.022061 0.609954 0.123923 0.782376
1305032194.442440 -1.468348 -0.389508 0.905477 -0.020791 0.613476 0.124688 0.779530
1305032194.474539 -1.474563 -0.389835 0.909120 -0.021367 0.618225 0.125021 0.775700
1305032194.510998 -1.485578 -0.393570 0.912905 -0.022144 0.622200 0.128016 0.772003
1305032194.542821 -1.481280 -0.394559 0.914918 -0.026411 0.625108 0.130237 0.769143
1305032194.578566 -1.473480 -0.400662 0.918452 -0.026288 0.632592 0.130234 0.763004
1305032194.610523 -1.487891 -0.410525 0.920489 -0.024920 0.639214 0.127655 0.757950
1305032194.642469 -1.486594 -0.417828 0.922302 -0.021991 0.643806 0.122793 0.754952
1305032194.678559 -1.486869 -0.425867 0.924142 -0.019709 0.651458 0.112838 0.749988
1305032194.710510 -1.492671 -0.435511 0.927068 -0.018479 0.660565 0.106840 0.742898
1305032194.742543 -1.503481 -0.447578 0.932254 -0.019915 0.668982 0.102408 0.735921
1305032194.778702 -1.501530 -0.463318 0.936027 -0.024336 0.676499 0.097070 0.729612
1305032194.811382 -1.512752 -0.474769 0.940643 -0.028026 0.686356 0.088755 0.721285
1305032194.841434 -1.517594 -0.486248 0.943585 -0.034378 0.697046 0.085788 0.711046
1305032194.879189 -1.496157 -0.507109 0.956786 -0.036559 0.708683 0.083654 0.699596
1305032194.910028 -1.495339 -0.516384 0.975531 -0.039256 0.717021 0.075203 0.691870
1305032194.940467 -1.487980 -0.539242 0.988083 -0.043728 0.722284 0.069448 0.686710
1305032194.978559 -1.488718 -0.550272 1.001822 -0.047428 0.728167 0.062374 0.680906
1305032195.010576 -1.474821 -0.577209 1.022119 -0.051227 0.735031 0.057145 0.673677
1305032195.043344 -1.469922 -0.592985 1.039082 -0.052430 0.740046 0.046601 0.668889
1305032195.079395 -1.466935 -0.606210 1.055300 -0.050047 0.749033 0.045121 0.659097
1305032195.111678 -1.452353 -0.620915 1.079434 -0.046179 0.757892 0.044663 0.649209
1305032195.143499 -1.448871 -0.627478 1.099196 -0.042699 0.763609 0.044016 0.642760
1305032195.179526 -1.442186 -0.638879 1.116378 -0.039452 0.772221 0.047149 0.632373
1305032195.209729 -1.442095 -0.649717 1.137848 -0.037179 0.783650 0.048471 0.618192
1305032195.243386 -1.424926 -0.659513 1.161149 -0.042091 0.794525 0.048045 0.603862
1305032195.279501 -1.418012 -0.666906 1.189097 -0.041080 0.803322 0.048305 0.592160
1305032195.311768 -1.414255 -0.675237 1.212934 -0.041539 0.809445 0.052217 0.583393
1305032195.342873 -1.403672 -0.682487 1.237723 -0.044454 0.815713 0.052653 0.574338
1305032195.376382 -1.390154 -0.687828 1.265361 -0.042901 0.822297 0.056704 0.564598
1305032195.411534 -1.382014 -0.690701 1.292732 -0.043209 0.826410 0.063761 0.557776
1305032195.439548 -1.360712 -0.708988 1.312728 -0.047919 0.829709 0.066203 0.552181
1305032195.479227 -1.355158 -0.712310 1.333714 -0.045311 0.833664 0.066395 0.546391
1305032195.511111 -1.356225 -0.727179 1.352923 -0.042315 0.841110 0.069023 0.534770
1305032195.542959 -1.343268 -0.731782 1.377142 -0.040710 0.851260 0.068027 0.518722
1305032195.578829 -1.340087 -0.738830 1.399271 -0.041367 0.859177 0.065729 0.505750
1305032195.611234 -1.331664 -0.745175 1.421004 -0.039817 0.869531 0.065913 0.487838
1305032195.642283 -1.332623 -0.752847 1.458240 -0.031859 0.878325 0.068608 0.472042
1305032195.678973 -1.320563 -0.750597 1.479876 -0.024365 0.882067 0.073813 0.464667
1305032195.710912 -1.315068 -0.747836 1.514203 -0.015461 0.886097 0.081461 0.456024
1305032195.742851 -1.301289 -0.741251 1.533449 -0.006111 0.886307 0.101664 0.451760
1305032195.778533 -1.288988 -0.746451 1.558549 -0.003937 0.884678 0.113966 0.452041
1305032195.810945 -1.278401 -0.749261 1.573150 -0.005410 0.882668 0.117576 0.455020
1305032195.846713 -1.270400 -0.747276 1.593144 -0.005057 0.881768 0.121711 0.455682
1305032195.878300 -1.262441 -0.746281 1.607190 -0.006180 0.881181 0.129502 0.454655
1305032195.911195 -1.250921 -0.737015 1.614233 -0.008261 0.882196 0.141637 0.449000
1305032195.946009 -1.239211 -0.740018 1.624170 -0.009969 0.884083 0.156736 0.440149
1305032195.978947 -1.231153 -0.743947 1.636416 -0.009689 0.887112 0.169571 0.429167
1305032196.011259 -1.221273 -0.757702 1.657304 -0.013743 0.889263 0.184151 0.418462
1305032196.047221 -1.209868 -0.758670 1.665073 -0.018908 0.888985 0.196042 0.413419
1305032196.078769 -1.198580 -0.760555 1.669730 -0.023338 0.890085 0.206509 0.405657
1305032196.111022 -1.189827 -0.765900 1.680067 -0.027488 0.891857 0.217921 0.395407
1305032196.146773 -1.182033 -0.772451 1.689187 -0.029745 0.893873 0.226183 0.385936
1305032196.178846 -1.172571 -0.773868 1.694019 -0.032431 0.897103 0.230926 0.375270
1305032196.211277 -1.161600 -0.778175 1.703495 -0.034960 0.900613 0.234857 0.364028
1305032196.247190 -1.149719 -0.782597 1.711138 -0.040411 0.902539 0.237283 0.357053
1305032196.275382 -1.135750 -0.786544 1.715654 -0.046115 0.904633 0.235876 0.351958
1305032196.311206 -1.123606 -0.790505 1.729142 -0.048646 0.905994 0.233297 0.349829
1305032196.347188 -1.113689 -0.793997 1.735676 -0.052232 0.903878 0.233183 0.354827
1305032196.377562 -1.099972 -0.797613 1.740950 -0.052512 0.902821 0.231352 0.358654
1305032196.407470 -1.088260 -0.801487 1.745946 -0.051175 0.900984 0.230615 0.363903
1305032196.446880 -1.077345 -0.804396 1.745871 -0.047149 0.899952 0.225900 0.369910
1305032196.479245 -1.064814 -0.811570 1.754173 -0.045946 0.899288 0.219220 0.375650
1305032196.510749 -1.053183 -0.818031 1.759329 -0.044213 0.897105 0.214225 0.383869
1305032196.547134 -1.043465 -0.826591 1.765421 -0.039462 0.894340 0.210202 0.392954
1305032196.579032 -1.034143 -0.832993 1.764420 -0.034233 0.890978 0.207284 0.402516
1305032196.611361 -1.026291 -0.842918 1.764662 -0.028485 0.889867 0.202687 0.407729
1305032196.647203 -1.015906 -0.851584 1.763338 -0.026970 0.889795 0.196683 0.410918
1305032196.675332 -1.005552 -0.859851 1.760316 -0.027134 0.891354 0.187663 0.411746
1305032196.710860 -0.998649 -0.874134 1.760935 -0.024595 0.894302 0.177275 0.410113
1305032196.747006 -0.990608 -0.882128 1.759538 -0.018939 0.897906 0.166193 0.407168
1305032196.778981 -0.983476 -0.882434 1.759941 -0.010553 0.899932 0.159282 0.405759
1305032196.810902 -0.975116 -0.884872 1.759351 -0.002640 0.899665 0.157412 0.407206
1305032196.846851 -0.968736 -0.885942 1.761421 0.005389 0.898234 0.158760 0.409807
1305032196.879306 -0.962681 -0.889793 1.756574 0.012040 0.895139 0.165036 0.413938
1305032196.911073 -0.957938 -0.889122 1.745959 0.019346 0.893462 0.170478 0.415078
1305032196.947124 -0.949329 -0.882761 1.737656 0.022903 0.893234 0.176788 0.412740
1305032196.979144 -0.940964 -0.883422 1.728816 0.026842 0.893515 0.185404 0.408088
1305032197.006299 -0.935418 -0.884985 1.730214 0.032796 0.894297 0.193685 0.402050
1305032197.046852 -0.929233 -0.887179 1.726883 0.039178 0.893668 0.203109 0.398207
1305032197.079241 -0.924859 -0.885961 1.731542 0.042768 0.893437 0.210760 0.394363
1305032197.106310 -0.919435 -0.889714 1.733107 0.039949 0.891217 0.223305 0.392775
1305032197.146291 -0.913051 -0.885006 1.726218 0.035380 0.890468 0.230273 0.390883
1305032197.178597 -0.907331 -0.883974 1.729571 0.028958 0.891048 0.240553 0.383835
1305032197.206353 -0.907641 -0.880306 1.728221 0.022014 0.889700 0.258021 0.375997
1305032197.246436 -0.905229 -0.873487 1.720333 0.013479 0.890127 0.272132 0.365288
1305032197.278617 -0.899866 -0.878416 1.717061 0.007600 0.892828 0.284523 0.349065
1305032197.306480 -0.885483 -0.897987 1.726059 -0.001090 0.894844 0.294786 0.335194
1305032197.346213 -0.875667 -0.912345 1.723578 -0.003574 0.895915 0.294754 0.332329
1305032197.378307 -0.875842 -0.919358 1.733573 -0.009014 0.896909 0.288475 0.335044
1305032197.406504 -0.868013 -0.927996 1.717294 -0.012245 0.896060 0.284619 0.340467
1305032197.446193 -0.863243 -0.933317 1.717856 -0.018372 0.900115 0.270350 0.341126
1305032197.480164 -0.868333 -0.928895 1.718911 -0.019413 0.904913 0.261309 0.335370
1305032197.506467 -0.870927 -0.933569 1.719543 -0.018795 0.910061 0.259951 0.322276
1305032197.546138 -0.865413 -0.932538 1.712485 -0.016706 0.915874 0.258576 0.306650
1305032197.578451 -0.852904 -0.953871 1.719457 -0.017941 0.921840 0.258710 0.288024
1305032197.606397 -0.844867 -0.959696 1.717073 -0.013881 0.927601 0.254008 0.273574
1305032197.646676 -0.836770 -0.971375 1.726545 -0.010192 0.932332 0.251525 0.259594
1305032197.675596 -0.830819 -0.981818 1.735124 -0.001911 0.935443 0.252071 0.247797
1305032197.706445 -0.823070 -0.986624 1.741189 0.009332 0.936995 0.257365 0.236044
1305032197.746396 -0.803603 -0.989698 1.743390 0.023323 0.937237 0.263439 0.227250
1305032197.778560 -0.789702 -0.992327 1.749895 0.041594 0.935844 0.267371 0.225785
1305032197.806228 -0.780848 -0.988597 1.744803 0.065781 0.933324 0.269764 0.227609
1305032197.846558 -0.773502 -0.978396 1.742306 0.093577 0.932908 0.261812 0.228866
1305032197.878068 -0.761347 -0.969211 1.746063 0.117920 0.932934 0.252672 0.227782
1305032197.906350 -0.757662 -0.958462 1.754234 0.143458 0.932038 0.242452 0.227908
1305032197.943551 -0.752713 -0.941859 1.758626 0.158807 0.931234 0.236387 0.227389
1305032197.979315 -0.752309 -0.919052 1.760766 0.161778 0.931897 0.232056 0.227038
1305032198.006447 -0.768685 -0.900328 1.755205 0.154613 0.934999 0.227101 0.224268
1305032198.047542 -0.755841 -0.891604 1.766300 0.142585 0.940481 0.223288 0.212856
1305032198.078764 -0.735028 -0.882015 1.766543 0.134955 0.944388 0.216950 0.207005
1305032198.106301 -0.728228 -0.869217 1.774314 0.126848 0.949328 0.202190 0.204462
1305032198.146848 -0.718976 -0.861104 1.794603 0.116558 0.953360 0.189639 0.203853
1305032198.178825 -0.711880 -0.848221 1.802915 0.109003 0.954752 0.182634 0.207875
1305032198.206626 -0.710225 -0.837147 1.833963 0.099184 0.955410 0.178813 0.213028
1305032198.247050 -0.703753 -0.827291 1.843208 0.088812 0.952693 0.187975 0.221708
1305032198.274375 -0.700070 -0.825111 1.847762 0.076177 0.950900 0.196402 0.226742
1305032198.306375 -0.704974 -0.810717 1.837073 0.061650 0.951221 0.199805 0.226837
1305032198.347079 -0.703437 -0.800042 1.830477 0.042855 0.954119 0.200333 0.218373
1305032198.374330 -0.702168 -0.797668 1.846262 0.021275 0.954721 0.209588 0.210067
1305032198.406407 -0.692396 -0.800558 1.847856 0.001222 0.953160 0.222548 0.204836
1305032198.447116 -0.680481 -0.803248 1.852657 -0.010399 0.952690 0.227724 0.201034
1305032198.474360 -0.676126 -0.803447 1.855744 -0.020391 0.950512 0.236385 0.200584
1305032198.506363 -0.671800 -0.811605 1.856001 -0.022996 0.948937 0.241516 0.201642
1305032198.547035 -0.671660 -0.818049 1.854879 -0.022967 0.949724 0.235725 0.204769
1305032198.574383 -0.673528 -0.811187 1.854502 -0.025037 0.951535 0.229166 0.203559
1305032198.606414 -0.677346 -0.808653 1.849993 -0.018183 0.952566 0.229303 0.199266
1305032198.647253 -0.677750 -0.809227 1.848661 -0.008606 0.954452 0.229763 0.190149
1305032198.674298 -0.674569 -0.816063 1.856582 -0.003195 0.954953 0.232218 0.184742
1305032198.706335 -0.673462 -0.820769 1.856898 0.003693 0.955059 0.232679 0.183598
1305032198.746296 -0.670940 -0.823930 1.863235 0.008665 0.955544 0.230196 0.184040
1305032198.774419 -0.670885 -0.824664 1.865529 0.012257 0.955155 0.226962 0.189782
1305032198.806374 -0.672435 -0.825406 1.871663 0.012202 0.955287 0.221765 0.195188
1305032198.846976 -0.674179 -0.819982 1.871194 0.013028 0.956041 0.215828 0.198076
1305032198.874396 -0.675366 -0.813779 1.881308 0.012747 0.957792 0.208481 0.197503
1305032198.906402 -0.749209 -0.831277 1.904193 0.005962 0.951731 0.222044 0.211824
1305032198.947082 -0.739895 -0.837313 1.906775 0.006532 0.946976 0.236290 0.217626
1305032198.974432 -0.746049 -0.836907 1.916913 0.005717 0.944502 0.241126 0.223026
1305032199.006411 -0.751663 -0.861475 1.912237 -0.000674 0.940801 0.254482 0.223903
1305032199.047109 -0.757105 -0.848241 1.911891 0.002632 0.942938 0.254715 0.214435
1305032199.074372 -0.755002 -0.840088 1.928683 0.006107 0.944482 0.256751 0.204928
1305032199.106454 -0.760275 -0.830279 1.935994 0.009386 0.944519 0.259387 0.201284
1305032199.147137 -0.757372 -0.812807 1.947046 0.010910 0.944983 0.259458 0.198923
1305032199.174544 -0.761572 -0.800378 1.958053 0.018075 0.943353 0.262708 0.201850
1305032199.206387 -0.767091 -0.788028 1.966583 0.023560 0.942187 0.264636 0.204195
1305032199.245876 -0.770329 -0.776403 1.974556 0.030012 0.941185 0.263890 0.208883
1305032199.274259 -0.787894 -0.757877 1.987665 0.029462 0.941040 0.259837 0.214617
1305032199.306811 -0.788449 -0.744360 1.994492 0.024498 0.940702 0.262799 0.213109
1305032199.346717 -0.795067 -0.725324 2.006467 0.022970 0.939392 0.269794 0.210301
1305032199.374310 -0.795277 -0.707925 2.011365 0.017194 0.936717 0.281708 0.207138
1305032199.406488 -0.797886 -0.694154 2.015405 0.012115 0.936340 0.279779 0.211763
1305032199.446779 -0.802306 -0.678887 2.024544 0.005657 0.937122 0.275004 0.214807
1305032199.474468 -0.805098 -0.661127 2.030428 0.004425 0.938137 0.267924 0.219306
1305032199.506558 -0.810435 -0.648005 2.048952 -0.001936 0.939261 0.261814 0.221900
1305032199.542376 -0.817662 -0.629224 2.043230 0.000323 0.940708 0.258601 0.219530
1305032199.574347 -0.819576 -0.617998 2.066390 0.004793 0.943905 0.253575 0.211474
1305032199.606465 -0.825178 -0.603146 2.066776 0.001609 0.944222 0.257033 0.205853
1305032199.642310 -0.830797 -0.590546 2.066252 0.002268 0.945928 0.259425 0.194715
1305032199.674469 -0.834571 -0.572404 2.051408 0.008062 0.947802 0.258670 0.186269
1305032199.706362 -0.835076 -0.562707 2.047602 0.015097 0.950377 0.250478 0.183892
1305032199.742362 -0.836998 -0.551520 2.048580 0.015908 0.952614 0.240756 0.185232
1305032199.774332 -0.838084 -0.546297 2.053143 0.021018 0.956058 0.225367 0.186337
1305032199.806416 -0.838660 -0.528633 2.064156 0.024046 0.958925 0.212213 0.186684
1305032199.842378 -0.839532 -0.518003 2.065504 0.029109 0.958124 0.217045 0.184507
1305032199.874335 -0.839573 -0.508273 2.061983 0.036486 0.954826 0.230083 0.184494
1305032199.906541 -0.837540 -0.500409 2.063383 0.036425 0.952190 0.241181 0.183953
1305032199.942318 -0.835112 -0.496265 2.060352 0.043690 0.951996 0.244472 0.178962
1305032199.974288 -0.831182 -0.491137 2.063629 0.047937 0.951226 0.246513 0.179170
1305032200.006886 -0.829023 -0.483026 2.065879 0.043913 0.949656 0.252163 0.180662
1305032200.042357 -0.822559 -0.486713 2.070635 0.035244 0.949393 0.261972 0.169650
1305032200.074337 -0.829585 -0.488704 2.073767 0.022301 0.951452 0.263773 0.157055
1305032200.106425 -0.810415 -0.486236 2.072598 0.012704 0.954008 0.264140 0.141202
1305032200.142323 -0.800055 -0.485971 2.072355 0.001173 0.954607 0.265505 0.135021
1305032200.174399 -0.789206 -0.486420 2.074363 -0.003622 0.955327 0.265775 0.129236
1305032200.206389 -0.776369 -0.487904 2.078769 -0.006315 0.955578 0.267841 0.122853
1305032200.242385 -0.759692 -0.488595 2.077048 -0.008747 0.955976 0.268958 0.117024
1305032200.274315 -0.743313 -0.490890 2.079433 -0.009834 0.956531 0.268703 0.112921
1305032200.306461 -0.725949 -0.494584 2.082804 -0.011405 0.956871 0.268951 0.109236
1305032200.342598 -0.710738 -0.499351 2.084695 -0.014643 0.956051 0.273290 0.105187
1305032200.374494 -0.693445 -0.502409 2.074005 -0.019404 0.955625 0.276820 0.098864
1305032200.406515 -0.672182 -0.512721 2.069716 -0.027622 0.956584 0.275226 0.091839
1305032200.442373 -0.649833 -0.524303 2.065144 -0.035686 0.956958 0.274874 0.086038
1305032200.474331 -0.629259 -0.544130 2.054768 -0.039851 0.958309 0.271253 0.080486
1305032200.506358 -0.613866 -0.557196 2.054931 -0.046139 0.960881 0.262903 0.073903
1305032200.542325 -0.595380 -0.582810 2.041145 -0.048612 0.962938 0.257570 0.063603
1305032200.574372 -0.580677 -0.602430 2.036877 -0.047151 0.966249 0.247787 0.052351
1305032200.606298 -0.566991 -0.620408 2.027381 -0.046855 0.968377 0.241718 0.040292
1305032200.642354 -0.554324 -0.642406 2.016918 -0.044154 0.970525 0.235087 0.029430
1305032200.674352 -0.541087 -0.664622 2.006148 -0.046512 0.972748 0.226296 0.019683
1305032200.706398 -0.531233 -0.687716 1.996259 -0.048853 0.974704 0.217848 0.010351
1305032200.742419 -0.515786 -0.703137 1.990180 -0.054742 0.976474 0.208561 0.001841
1305032200.774354 -0.504494 -0.733335 1.979292 -0.059368 0.977766 0.201119 -0.000085
1305032200.806569 -0.495087 -0.754980 1.973781 -0.064658 0.981234 0.181657 0.000334
1305032200.842550 -0.484771 -0.763101 1.969076 -0.068406 0.984076 0.164056 0.001112
1305032200.874337 -0.477701 -0.772965 1.963088 -0.068515 0.985963 0.152172 0.005132
1305032200.906300 -0.471752 -0.787776 1.957741 -0.068084 0.987190 0.143891 0.010741
1305032200.942311 -0.467644 -0.795357 1.954441 -0.065554 0.988522 0.135301 0.014821
1305032200.974212 -0.456710 -0.814423 1.947029 -0.063624 0.989123 0.131511 0.017077
1305032201.006361 -0.450894 -0.816888 1.944942 -0.061654 0.990252 0.123256 0.020200
1305032201.042341 -0.444885 -0.816845 1.945023 -0.060258 0.990388 0.122336 0.023120
1305032201.074271 -0.440140 -0.845562 1.934345 -0.064119 0.989747 0.124880 0.026361
1305032201.106580 -0.443543 -0.865190 1.935305 -0.073924 0.989780 0.119477 0.024411
1305032201.142300 -0.440509 -0.869414 1.946140 -0.078915 0.990411 0.112445 0.014639
1305032201.174405 -0.437823 -0.878763 1.941296 -0.081718 0.990519 0.110325 0.004821
1305032201.206383 -0.437450 -0.888801 1.928241 -0.079140 0.991259 0.105555 -0.000971
1305032201.242450 -0.438293 -0.878760 1.945621 -0.075094 0.992063 0.100768 -0.004265
1305032201.274420 -0.441744 -0.905642 1.932016 -0.074719 0.991750 0.103744 -0.009302
1305032201.306423 -0.460800 -0.923575 1.933166 -0.076011 0.991967 0.099808 -0.016225
1305032201.342449 -0.465810 -0.939124 1.925505 -0.080235 0.991969 0.092403 -0.031961
1305032201.374376 -0.454383 -0.933020 1.940402 -0.083067 0.991982 0.081103 -0.049937
1305032201.406413 -0.445633 -0.926312 1.940053 -0.080843 0.991434 0.078865 -0.065606
1305032201.442428 -0.443886 -0.948912 1.933149 -0.077392 0.990712 0.080138 -0.077963
1305032201.474406 -0.448129 -0.958337 1.937569 -0.075010 0.990116 0.077802 -0.089395
1305032201.506426 -0.443706 -0.965190 1.934438 -0.072744 0.989034 0.076336 -0.103409
1305032201.542328 -0.439480 -0.973521 1.929201 -0.072017 0.987785 0.074389 -0.116452
1305032201.574494 -0.420076 -0.977088 1.933706 -0.069983 0.986515 0.072187 -0.129148
1305032201.606463 -0.410060 -0.976249 1.946860 -0.063377 0.985642 0.071918 -0.139002
1305032201.642348 -0.399040 -0.980269 1.945074 -0.055997 0.984500 0.076492 -0.147559
1305032201.674666 -0.398888 -0.985279 1.935813 -0.053200 0.983752 0.081443 -0.150894
1305032201.706398 -0.384258 -1.008218 1.908392 -0.052794 0.982520 0.085094 -0.156930
1305032201.742373 -0.379287 -1.029735 1.908790 -0.049641 0.982891 0.075387 -0.160555
1305032201.774362 -0.375377 -1.029877 1.925273 -0.052158 0.982689 0.065176 -0.165394
1305032201.806424 -0.373015 -1.013377 1.935244 -0.053313 0.981738 0.057274 -0.173399
1305032201.842339 -0.355730 -1.076745 1.932203 -0.061164 0.978899 0.059066 -0.185812
1305032201.874355 -0.341340 -1.063807 1.941687 -0.069481 0.975826 0.045936 -0.202053
1305032201.906415 -0.346208 -1.069257 1.961840 -0.074478 0.973206 0.039375 -0.213944
1305032201.942338 -0.340386 -1.060696 2.025063 -0.074459 0.970422 0.038892 -0.226328
1305032201.974380 -0.322653 -1.065158 2.032205 -0.073158 0.965242 0.049821 -0.245915
1305032202.006425 -0.303589 -1.083319 1.998793 -0.073791 0.958414 0.060507 -0.268954
1305032202.042357 -0.293599 -1.076287 1.973057 -0.074936 0.953135 0.059501 -0.287015
1305032202.074375 -0.237269 -1.088512 2.002858 -0.070613 0.949528 0.062974 -0.299072
1305032202.106424 -0.223307 -1.098095 1.985611 -0.066255 0.948759 0.070992 -0.300712
1305032202.142204 -0.204392 -1.088750 1.963752 -0.070405 0.948880 0.075329 -0.298321
1305032202.174439 -0.193459 -1.082724 1.928422 -0.072488 0.951162 0.079632 -0.289300
1305032202.206557 -0.193706 -1.103455 1.881418 -0.079405 0.954789 0.078452 -0.275531
1305032202.242288 -0.180222 -1.102334 1.894925 -0.088443 0.959075 0.060345 -0.262130
1305032202.274589 -0.175687 -1.131469 1.955458 -0.095531 0.961418 0.053537 -0.252354
1305032202.306415 -0.181248 -1.092390 2.012907 -0.091854 0.960638 0.051168 -0.257137
1305032202.342328 -0.172635 -1.053778 1.991538 -0.072988 0.960280 0.060094 -0.262535
1305032202.374470 -0.170514 -1.037361 1.972841 -0.054988 0.962215 0.070758 -0.257123
1305032202.406548 -0.168562 -1.004384 1.952661 -0.043211 0.965357 0.083457 -0.243420
1305032202.442339 -0.169815 -0.989051 1.931524 -0.033055 0.969004 0.099357 -0.223757
1305032202.474544 -0.127168 -0.998223 1.961454 -0.031704 0.970338 0.117229 -0.209036
1305032202.506394 -0.092345 -0.998879 1.978875 -0.025861 0.968006 0.142675 -0.204792
1305032202.542344 -0.090886 -0.995305 1.975582 -0.010554 0.964695 0.167353 -0.203088
1305032202.574399 -0.095065 -0.990200 1.977902 -0.000379 0.961115 0.186231 -0.203900
1305032202.606477 -0.109090 -0.977604 1.968054 0.008798 0.957221 0.199218 -0.209675
1305032202.642355 -0.117126 -1.016341 1.967397 0.015234 0.953069 0.210735 -0.216837
1305032202.674325 -0.121665 -1.015338 1.959105 0.001776 0.951993 0.207047 -0.225471
1305032202.706403 -0.115916 -1.027778 1.941351 -0.014849 0.950129 0.209285 -0.230726
1305032202.742369 -0.115948 -1.026176 1.919869 -0.033280 0.951071 0.198797 -0.234171
1305032202.774356 -0.122645 -0.984274 1.944297 -0.048106 0.954638 0.182723 -0.230141
1305032202.806488 -0.125674 -0.966708 1.953656 -0.064830 0.950943 0.204051 -0.223313
1305032202.842361 -0.122617 -0.984593 1.955574 -0.076621 0.944342 0.233586 -0.218596
1305032202.874364 -0.124614 -1.005203 1.953205 -0.087776 0.939022 0.250333 -0.218782
1305032202.906348 -0.133703 -0.998068 1.940973 -0.092095 0.935422 0.255685 -0.226116
1305032202.942358 -0.123701 -1.016654 1.914220 -0.093232 0.934993 0.251778 -0.231740
1305032202.974381 -0.121338 -1.016077 1.927571 -0.090340 0.939018 0.233970 -0.235249
1305032203.006447 -0.136955 -0.998177 1.954514 -0.079487 0.940898 0.224816 -0.240521
1305032203.042402 -0.147382 -1.007704 1.945768 -0.078369 0.938073 0.231246 -0.245771
1305032203.074360 -0.138886 -1.006879 1.944873 -0.080912 0.936285 0.229138 -0.253613
1305032203.106441 -0.131768 -1.003913 1.942552 -0.078191 0.934027 0.233716 -0.258566
1305032203.142339 -0.135627 -1.014697 1.932506 -0.076696 0.933034 0.235798 -0.260701
1305032203.174403 -0.129246 -1.019879 1.915710 -0.077899 0.931707 0.234852 -0.265892
1305032203.206514 -0.118140 -1.003790 1.913710 -0.076615 0.932558 0.233542 -0.264430
1305032203.242388 -0.117496 -1.027007 1.898773 -0.071726 0.934444 0.232033 -0.260443
1305032203.274534 -0.110919 -1.020360 1.898313 -0.068233 0.938182 0.221674 -0.256942
1305032203.306523 -0.104725 -1.021751 1.899240 -0.062015 0.942152 0.212364 -0.251802
1305032203.342336 -0.108978 -1.006650 1.914715 -0.056839 0.944726 0.207600 -0.247315
1305032203.374412 -0.107435 -1.017715 1.922596 -0.050613 0.943669 0.212894 -0.248200
1305032203.406466 -0.107064 -1.018908 1.924728 -0.047024 0.941839 0.215515 -0.253538
1305032203.442338 -0.102898 -1.017723 1.913473 -0.045506 0.938593 0.219989 -0.261874
1305032203.474371 -0.089116 -1.021632 1.890342 -0.046894 0.935610 0.222537 -0.270023
1305032203.506370 -0.074123 -1.024598 1.868573 -0.045039 0.936617 0.214779 -0.273112
1305032203.542305 -0.057248 -0.994689 1.860105 -0.042400 0.941361 0.201081 -0.267597
1305032203.574450 -0.042443 -0.992504 1.875107 -0.031572 0.944174 0.197437 -0.261835
1305032203.606426 -0.051551 -0.989189 1.890802 -0.021666 0.945018 0.198602 -0.258900
1305032203.642369 -0.050851 -0.995469 1.880605 -0.021423 0.943230 0.199652 -0.264569
1305032203.674297 -0.027808 -0.968221 1.873567 -0.025392 0.941837 0.198919 -0.269685
1305032203.706370 -0.016805 -0.965188 1.863621 -0.025303 0.940812 0.208603 -0.265927
1305032203.742339 -0.003496 -0.972285 1.860365 -0.023314 0.941045 0.210025 -0.264161
1305032203.774574 0.002834 -0.960711 1.863193 -0.016638 0.942525 0.204183 -0.263968
1305032203.806707 0.009611 -0.953490 1.865265 -0.012138 0.941692 0.206682 -0.265240
1305032203.842335 0.017583 -0.941219 1.865213 -0.008101 0.939859 0.209910 -0.269327
1305032203.874336 0.023094 -0.938631 1.861374 -0.001110 0.937677 0.214650 -0.273288
1305032203.906574 0.025598 -0.926512 1.864382 0.001215 0.935938 0.218238 -0.276388
1305032203.942559 0.027742 -0.921215 1.869511 0.001670 0.932007 0.226156 -0.283220
1305032203.974325 0.032722 -0.914854 1.869763 0.001899 0.926802 0.233002 -0.294523
1305032204.006392 0.037278 -0.907077 1.856911 0.003727 0.922183 0.235604 -0.306685
1305032204.042323 0.044067 -0.894834 1.850212 0.001404 0.921239 0.233654 -0.311003
1305032204.074466 0.047381 -0.872757 1.854678 -0.000948 0.920534 0.237644 -0.310066
1305032204.106451 0.051877 -0.866751 1.853361 0.000165 0.916431 0.251876 -0.310985
1305032204.142314 0.053125 -0.865664 1.850273 0.001446 0.913804 0.259430 -0.312499
1305032204.174363 0.060345 -0.851876 1.850861 0.000944 0.912755 0.261305 -0.314002
1305032204.206451 0.067713 -0.841543 1.849664 0.002746 0.910904 0.269218 -0.312679
1305032204.242389 0.068576 -0.840535 1.848643 0.003198 0.911013 0.272516 -0.309482
1305032204.274422 0.074952 -0.833287 1.853728 -0.001027 0.912725 0.269933 -0.306704
1305032204.306370 0.081211 -0.828070 1.861329 -0.002643 0.913057 0.271682 -0.304154
1305032204.342289 0.086475 -0.822361 1.868337 -0.001377 0.912035 0.275771 -0.303546
1305032204.374424 0.085675 -0.822575 1.871335 0.000447 0.911281 0.278928 -0.302928
1305032204.406379 0.088843 -0.820049 1.880383 -0.000831 0.911402 0.277759 -0.303638
1305032204.442349 0.090459 -0.815123 1.886738 0.001877 0.910112 0.278543 -0.306768
1305032204.474386 0.086517 -0.817351 1.891876 0.005144 0.909072 0.277332 -0.310884
1305032204.506452 0.089574 -0.810076 1.897019 0.004201 0.907362 0.275657 -0.317315
1305032204.542377 0.094763 -0.807230 1.900048 0.007640 0.905476 0.274311 -0.323740
1305032204.574436 0.099235 -0.804367 1.904675 0.012806 0.904968 0.271752 -0.327137
1305032204.606480 0.105228 -0.796105 1.907655 0.016120 0.904063 0.272028 -0.329257
1305032204.642347 0.107548 -0.790842 1.907719 0.020717 0.902903 0.276167 -0.328739
1305032204.674378 0.103926 -0.784792 1.909525 0.023955 0.901100 0.282564 -0.328028
1305032204.706407 0.104455 -0.780130 1.910260 0.024224 0.896814 0.291570 -0.331852
1305032204.742285 0.105860 -0.779240 1.907274 0.020790 0.892115 0.302188 -0.335233
1305032204.774342 0.107404 -0.778033 1.906207 0.014839 0.888445 0.310235 -0.337934
1305032204.806540 0.109212 -0.779851 1.906377 0.010285 0.884630 0.316534 -0.342243
1305032204.842435 0.115129 -0.780523 1.903249 0.009318 0.881369 0.318804 -0.348520
1305032204.874517 0.123237 -0.783743 1.900409 0.010802 0.880147 0.317853 -0.352412
1305032204.906369 0.128356 -0.789932 1.898034 0.015965 0.880891 0.313599 -0.354165
1305032204.942477 0.137242 -0.785304 1.897428 0.020734 0.882344 0.305660 -0.357227
1305032204.974512 0.150326 -0.785620 1.897466 0.026277 0.883363 0.300623 -0.358617
1305032205.010354 0.161910 -0.784104 1.896813 0.029959 0.884474 0.299353 -0.356644
1305032205.042392 0.167725 -0.780297 1.893519 0.034572 0.885476 0.298810 -0.354189
1305032205.074466 0.177538 -0.776511 1.890774 0.040772 0.886056 0.296934 -0.353656
1305032205.110394 0.190603 -0.771603 1.886631 0.046489 0.886716 0.297102 -0.351148
1305032205.142261 0.196091 -0.765530 1.881055 0.050371 0.888516 0.299838 -0.343655
1305032205.174439 0.197986 -0.762993 1.878454 0.050298 0.889386 0.303961 -0.337744
1305032205.210348 0.202351 -0.766973 1.881153 0.047375 0.888263 0.309890 -0.335728
1305032205.242330 0.205489 -0.750228 1.863763 0.037995 0.883994 0.318961 -0.339668
1305032205.274318 0.211626 -0.747896 1.858109 0.029071 0.880798 0.326683 -0.341508
1305032205.310423 0.224080 -0.744132 1.852507 0.020180 0.877974 0.335309 -0.341059
1305032205.342337 0.229491 -0.741328 1.844753 0.013770 0.874769 0.347199 -0.337702
1305032205.374469 0.229678 -0.736861 1.836203 0.004461 0.872070 0.357289 -0.334393
1305032205.410416 0.224292 -0.732964 1.827235 -0.004636 0.868424 0.364133 -0.336488
1305032205.442399 0.225718 -0.733661 1.821318 -0.013829 0.864789 0.364692 -0.344889
1305032205.474767 0.232535 -0.735246 1.815900 -0.020128 0.861704 0.361892 -0.355098
1305032205.510362 0.242626 -0.739600 1.813723 -0.022205 0.860377 0.356419 -0.363627
1305032205.542335 0.251810 -0.751292 1.811176 -0.018853 0.861560 0.350625 -0.366635
1305032205.574456 0.262200 -0.756235 1.809134 -0.013849 0.865578 0.340479 -0.366955
1305032205.610359 0.275324 -0.761469 1.812486 -0.008814 0.870344 0.334080 -0.361683
1305032205.642362 0.281124 -0.763174 1.809078 -0.007259 0.874790 0.332304 -0.352511
1305032205.674312 0.285271 -0.762898 1.804036 -0.007843 0.879266 0.331644 -0.341823
1305032205.710343 0.285815 -0.762099 1.789879 -0.010947 0.883355 0.330403 -0.332260
1305032205.742441 0.297127 -0.765441 1.787960 -0.016786 0.888511 0.326780 -0.321685
1305032205.774364 0.305073 -0.770244 1.776859 -0.022076 0.892115 0.326305 -0.311720
1305032205.810362 0.318012 -0.774084 1.764357 -0.027430 0.898323 0.319405 -0.300407
1305032205.842403 0.322270 -0.772626 1.764085 -0.030727 0.906016 0.310643 -0.285819
1305032205.874378 0.328345 -0.779320 1.764439 -0.031147 0.911388 0.302779 -0.276996
1305032205.910377 0.335045 -0.776980 1.752957 -0.037616 0.915931 0.296288 -0.268083
1305032205.942307 0.337269 -0.780275 1.746879 -0.047661 0.920770 0.290022 -0.256511
1305032205.974372 0.345805 -0.785460 1.745160 -0.062127 0.923941 0.284822 -0.247688
1305032206.010355 0.348864 -0.790824 1.738276 -0.078990 0.925394 0.280751 -0.242043
1305032206.042482 0.363215 -0.800637 1.738480 -0.097830 0.925856 0.275259 -0.239690
1305032206.074538 0.374200 -0.805324 1.733715 -0.113658 0.927435 0.265146 -0.237999
1305032206.110351 0.384486 -0.811382 1.727618 -0.127529 0.929067 0.256753 -0.233770
1305032206.142369 0.392749 -0.820541 1.718991 -0.142497 0.931834 0.243029 -0.228727
1305032206.174445 0.399503 -0.817693 1.718797 -0.153335 0.936363 0.223973 -0.222596
1305032206.210221 0.419623 -0.810811 1.719050 -0.157076 0.939531 0.215313 -0.215055
1305032206.242342 0.441833 -0.814214 1.710254 -0.154540 0.943787 0.210893 -0.202257
1305032206.274351 0.453751 -0.811640 1.687928 -0.151306 0.950950 0.198503 -0.182749
1305032206.310399 0.462624 -0.817818 1.691626 -0.142730 0.958746 0.185256 -0.161602
1305032206.342369 0.459589 -0.815884 1.688029 -0.131087 0.965380 0.174199 -0.143223
1305032206.374395 0.458533 -0.823929 1.713043 -0.120745 0.969102 0.174542 -0.125688
1305032206.410393 0.478068 -0.817316 1.671520 -0.118431 0.969875 0.177304 -0.117809
1305032206.442397 0.472293 -0.817573 1.672924 -0.109510 0.972384 0.174297 -0.109990
1305032206.474369 0.470906 -0.815075 1.665898 -0.094368 0.973456 0.179991 -0.105265
1305032206.510385 0.471152 -0.798528 1.633700 -0.081501 0.974755 0.181679 -0.101008
1305032206.542369 0.461190 -0.804897 1.623138 -0.072804 0.976373 0.178435 -0.097753
1305032206.574335 0.443732 -0.806857 1.637704 -0.062473 0.976575 0.179367 -0.101122
1305032206.610483 0.429484 -0.810331 1.629115 -0.059757 0.974061 0.186594 -0.113213
1305032206.642370 0.415292 -0.806887 1.628219 -0.058209 0.970871 0.193509 -0.128749
1305032206.674271 0.394121 -0.801322 1.622882 -0.055582 0.965980 0.201914 -0.151734
1305032206.710221 0.379404 -0.797292 1.611594 -0.056387 0.959883 0.208330 -0.179008
1305032206.742357 0.366185 -0.789041 1.610477 -0.055663 0.953647 0.211489 -0.206714
1305032206.774340 0.361653 -0.782799 1.605709 -0.051735 0.947303 0.214666 -0.232074
1305032206.810331 0.341432 -0.776825 1.595230 -0.047398 0.941348 0.217006 -0.254019
1305032206.842381 0.332374 -0.772253 1.606003 -0.044616 0.934623 0.217026 -0.278190
1305032206.874390 0.334170 -0.773694 1.618146 -0.038226 0.924906 0.222163 -0.306156
1305032206.910446 0.331687 -0.770768 1.619102 -0.028929 0.913761 0.229678 -0.333843
1305032206.942625 0.322429 -0.768159 1.631603 -0.023378 0.904678 0.232352 -0.356405
1305032206.974424 0.323671 -0.768304 1.636957 -0.013380 0.894158 0.235364 -0.380667
1305032207.010651 0.308422 -0.763494 1.635407 -0.002455 0.883621 0.236558 -0.404041
1305032207.042380 0.278969 -0.758827 1.642443 0.005257 0.875281 0.231736 -0.424446
1305032207.074435 0.283262 -0.762040 1.654964 0.009649 0.865788 0.226554 -0.446083
1305032207.110333 0.295234 -0.769668 1.666050 0.013287 0.854536 0.226399 -0.467263
1305032207.142378 0.291134 -0.771287 1.675420 0.014586 0.843219 0.226388 -0.487357
1305032207.174394 0.285078 -0.772107 1.682571 -0.014626 -0.832617 -0.225009 0.505872
1305032207.210368 0.296045 -0.776936 1.694271 -0.014989 -0.822121 -0.223398 0.523437
1305032207.242442 0.305964 -0.782601 1.706515 -0.017292 -0.812718 -0.226151 0.536699
1305032207.274357 0.290083 -0.786673 1.717043 -0.016607 -0.803463 -0.230348 0.548736
1305032207.310358 0.293826 -0.792191 1.725122 -0.014948 -0.792242 -0.231509 0.564387
1305032207.342384 0.291126 -0.792298 1.730404 -0.013610 -0.781798 -0.232529 0.578392
1305032207.374367 0.294809 -0.798401 1.740532 -0.015320 -0.773740 -0.234069 0.588476
1305032207.410282 0.292459 -0.799308 1.744824 -0.020694 -0.766081 -0.234975 0.597895
1305032207.442368 0.265134 -0.802306 1.741310 -0.024816 -0.759947 -0.232169 0.606599
1305032207.474381 0.278388 -0.813258 1.756684 -0.029664 -0.756841 -0.222263 0.613931
1305032207.510302 0.296562 -0.804641 1.764527 -0.044231 -0.747838 -0.217918 0.625535
1305032207.542370 0.285021 -0.801679 1.762984 -0.060009 -0.738454 -0.224989 0.632823
1305032207.574388 0.268633 -0.799408 1.752360 -0.066018 -0.733773 -0.229653 0.635987
1305032207.610340 0.255667 -0.804138 1.762771 -0.073716 -0.730018 -0.227315 0.640287
1305032207.642344 0.253566 -0.801941 1.764317 -0.083491 -0.725919 -0.220251 0.646188
1305032207.674387 0.252768 -0.798606 1.765661 -0.091714 -0.724694 -0.217066 0.647526
1305032207.710339 0.243298 -0.799140 1.763351 -0.096073 -0.724714 -0.217499 0.646725
1305032207.742509 0.244210 -0.806627 1.765080 -0.094169 -0.724198 -0.213859 0.648794
1305032207.774385 0.251490 -0.813841 1.771674 -0.089932 -0.721201 -0.204850 0.655605
1305032207.810539 0.255027 -0.818575 1.775444 -0.083614 -0.716169 -0.196713 0.664391
1305032207.842406 0.262097 -0.823229 1.778401 -0.082509 -0.709487 -0.190346 0.673489
1305032207.874404 0.254601 -0.826997 1.776204 -0.084955 -0.702454 -0.181381 0.682966
1305032207.910447 0.251985 -0.825827 1.772273 -0.089036 -0.696858 -0.167024 0.691783
1305032207.942475 0.253309 -0.829623 1.769893 -0.092566 -0.693422 -0.152692 0.698056
1305032207.974391 0.253351 -0.830596 1.772942 -0.094918 -0.691257 -0.138423 0.702847
1305032208.010470 0.249876 -0.835453 1.766878 -0.095931 -0.687029 -0.125034 0.709334
1305032208.042348 0.258243 -0.836542 1.767030 -0.094220 -0.682763 -0.110805 0.716016
1305032208.074425 0.267283 -0.842212 1.767765 -0.092114 -0.676995 -0.100025 0.723318
1305032208.110392 0.278575 -0.842413 1.772078 -0.090462 -0.669863 -0.087682 0.731718
1305032208.142445 0.342591 -0.849264 1.802854 -0.098802 -0.662598 -0.083428 0.737727
1305032208.174376 0.345092 -0.851683 1.796629 -0.110989 -0.651921 -0.083462 0.745463
1305032208.210359 0.337854 -0.863955 1.790559 -0.117973 -0.644440 -0.078599 0.751400
1305032208.242408 0.346291 -0.856271 1.782815 -0.119096 -0.639017 -0.068227 0.756848
1305032208.274375 0.364636 -0.844743 1.777494 -0.124547 -0.634233 -0.062092 0.760514
1305032208.310294 0.371175 -0.842525 1.771958 -0.132482 -0.630290 -0.060989 0.762538
1305032208.342359 0.370796 -0.850992 1.770221 -0.134420 -0.627523 -0.061991 0.764398
1305032208.374712 0.380512 -0.849986 1.772428 -0.133056 -0.622995 -0.059641 0.768515
1305032208.410540 0.387913 -0.846473 1.768653 -0.133416 -0.615461 -0.058498 0.774588
1305032208.442395 0.394706 -0.841955 1.764413 -0.133863 -0.608960 -0.061407 0.779409
1305032208.474626 0.390757 -0.842849 1.760742 -0.135206 -0.603249 -0.062894 0.783489
1305032208.510370 0.387327 -0.849927 1.758671 -0.136590 -0.598914 -0.059927 0.786800
1305032208.542387 0.397560 -0.848987 1.757737 -0.135809 -0.596917 -0.054726 0.788829
1305032208.574904 0.397905 -0.847601 1.752839 -0.135872 -0.594574 -0.050603 0.790860
1305032208.610377 0.411348 -0.842389 1.757845 -0.136650 -0.593655 -0.046884 0.791645
1305032208.642368 0.421786 -0.838475 1.753964 -0.140001 -0.591937 -0.047626 0.792302
1305032208.674464 0.422848 -0.835465 1.751056 -0.145444 -0.590130 -0.049507 0.792554
1305032208.710490 0.423035 -0.830755 1.751551 -0.150927 -0.589262 -0.051292 0.792061
1305032208.742309 0.421284 -0.827586 1.751730 -0.155526 -0.588893 -0.052579 0.791361
1305032208.774758 0.423505 -0.819652 1.748980 -0.160488 -0.589374 -0.052639 0.790007
1305032208.810360 0.419884 -0.820463 1.750583 -0.168352 -0.590771 -0.054692 0.787182
1305032208.842361 0.406532 -0.822989 1.764220 -0.169739 -0.593924 -0.053468 0.784592
1305032208.874449 0.410531 -0.821063 1.760970 -0.162966 -0.596241 -0.053722 0.784253
1305032208.910362 0.411332 -0.809116 1.754902 -0.151947 -0.599169 -0.054642 0.784170
1305032208.942446 0.434923 -0.802098 1.739168 -0.143654 -0.602994 -0.067084 0.781832
1305032208.974317 0.436870 -0.801669 1.735674 -0.148213 -0.608441 -0.092543 0.774124
1305032209.010349 0.424066 -0.806655 1.729033 -0.146166 -0.617099 -0.112550 0.764955
1305032209.042354 0.446198 -0.798733 1.718337 -0.138597 -0.630379 -0.129377 0.752778
1305032209.074325 0.464328 -0.812527 1.667574 -0.143080 -0.641822 -0.140315 0.740205
1305032209.110344 0.454091 -0.821277 1.657842 -0.144553 -0.660288 -0.137404 0.724047
1305032209.142303 0.473497 -0.828279 1.652862 -0.144975 -0.683318 -0.127248 0.704179
1305032209.174364 0.477248 -0.825609 1.644732 -0.148556 -0.700660 -0.115551 0.688226
1305032209.210335 0.505260 -0.831268 1.676050 -0.153947 -0.714802 -0.105255 0.674002
1305032209.242357 0.513911 -0.835885 1.675136 -0.158574 -0.720749 -0.097338 0.667758
1305032209.274316 0.533752 -0.837018 1.672664 -0.158779 -0.725844 -0.092915 0.662801
1305032209.310324 0.554577 -0.838165 1.669133 -0.158688 -0.731076 -0.096263 0.656567
1305032209.342354 0.561797 -0.841311 1.661316 -0.160692 -0.735903 -0.103960 0.649474
1305032209.374327 0.560915 -0.852494 1.653180 -0.161859 -0.741697 -0.109864 0.641574
1305032209.410376 0.564125 -0.881445 1.649057 -0.162779 -0.748521 -0.111233 0.633125
1305032209.442343 0.570311 -0.892540 1.644101 -0.160044 -0.755323 -0.104335 0.626887
1305032209.474385 0.577943 -0.905629 1.638340 -0.156468 -0.762154 -0.096495 0.620748
1305032209.510364 0.589202 -0.916247 1.634418 -0.148512 -0.769575 -0.089674 0.614538
1305032209.542394 0.605074 -0.924327 1.636787 -0.143284 -0.773866 -0.088129 0.610601
1305032209.574442 0.617646 -0.928110 1.638929 -0.138968 -0.775274 -0.093349 0.609036
1305032209.610345 0.623325 -0.943208 1.637275 -0.135284 -0.774447 -0.103586 0.609262
1305032209.642347 0.627341 -0.968725 1.635278 -0.132521 -0.772251 -0.109097 0.611689
1305032209.674721 0.642207 -0.978367 1.632189 -0.130376 -0.769772 -0.110462 0.615021
1305032209.710597 0.648779 -0.986471 1.624482 -0.132050 -0.767649 -0.113942 0.616681
1305032209.742374 0.646889 -1.012742 1.622062 -0.132685 -0.768606 -0.115834 0.614997
1305032209.774767 0.657116 -1.022018 1.621585 -0.129711 -0.769711 -0.112651 0.614841
1305032209.810332 0.669067 -1.022417 1.620058 -0.128256 -0.770502 -0.113495 0.613999
1305032209.842351 0.673033 -1.034774 1.617716 -0.127451 -0.771388 -0.117810 0.612240
1305032209.874326 0.677844 -1.044164 1.614908 -0.126690 -0.772899 -0.119461 0.610168
1305032209.910360 0.685280 -1.047759 1.610888 -0.126929 -0.774939 -0.120710 0.607279
1305032209.942364 0.687728 -1.055633 1.606234 -0.128154 -0.777903 -0.122143 0.602930
1305032209.974383 0.685969 -1.063375 1.602019 -0.130286 -0.782184 -0.121367 0.597062
1305032210.010313 0.692163 -1.066997 1.600635 -0.129670 -0.787316 -0.119769 0.590741
1305032210.042386 0.697299 -1.068981 1.598654 -0.128386 -0.792884 -0.121234 0.583228
1305032210.074363 0.696921 -1.074036 1.597619 -0.125987 -0.798436 -0.123862 0.575574
1305032210.110389 0.704141 -1.076293 1.597792 -0.124466 -0.803007 -0.126275 0.568984
1305032210.142266 0.696963 -1.082870 1.591462 -0.124178 -0.806630 -0.129122 0.563255
1305032210.174380 0.697349 -1.092787 1.590820 -0.121109 -0.809916 -0.129043 0.559211
1305032210.210412 0.703067 -1.093311 1.589121 -0.117879 -0.812478 -0.128708 0.556254
1305032210.242346 0.705866 -1.094259 1.586373 -0.116658 -0.814621 -0.131856 0.552628
1305032210.274358 0.702939 -1.099079 1.584838 -0.114634 -0.816587 -0.138063 0.548620
1305032210.310544 0.701891 -1.098974 1.583936 -0.110624 -0.818465 -0.144596 0.544949
1305032210.342506 0.704136 -1.093969 1.581120 -0.107884 -0.819022 -0.154861 0.541831
1305032210.374472 0.699456 -1.109725 1.580769 -0.109364 -0.818202 -0.167536 0.538997
1305032210.410424 0.695083 -1.135344 1.576971 -0.109285 -0.816671 -0.175127 0.538920
1305032210.442396 0.695777 -1.147913 1.569848 -0.107493 -0.816518 -0.175388 0.539429
1305032210.474511 0.697353 -1.158763 1.564883 -0.104450 -0.818607 -0.175018 0.536975
1305032210.510395 0.700143 -1.170937 1.556916 -0.099583 -0.821470 -0.174297 0.533752
1305032210.542370 0.701540 -1.175939 1.552913 -0.093241 -0.826233 -0.173907 0.527637
1305032210.574404 0.704105 -1.178691 1.552873 -0.086209 -0.831270 -0.173693 0.520949
1305032210.610379 0.708383 -1.176773 1.558294 -0.080477 -0.834371 -0.175405 0.516316
1305032210.642390 0.706598 -1.179253 1.559355 -0.077907 -0.834747 -0.178836 0.514923
1305032210.674550 0.705726 -1.186618 1.558201 -0.076636 -0.834228 -0.179950 0.515567
1305032210.710365 0.703252 -1.190481 1.558402 -0.075516 -0.833928 -0.177164 0.517179
1305032210.742415 0.703171 -1.185147 1.559147 -0.074763 -0.833861 -0.171447 0.519319
1305032210.774629 0.702431 -1.171887 1.562757 -0.076557 -0.833857 -0.166327 0.520726
1305032210.810392 0.700374 -1.161634 1.569671 -0.079883 -0.833062 -0.165082 0.521895
1305032210.842380 0.699780 -1.146380 1.578984 -0.083011 -0.830817 -0.166901 0.524401
1305032210.874505 0.694520 -1.137068 1.583855 -0.087991 -0.826203 -0.172617 0.529009
1305032210.910405 0.694136 -1.128892 1.584295 -0.094472 -0.820963 -0.177378 0.534446
1305032210.942466 0.689139 -1.118726 1.583165 -0.102595 -0.817121 -0.183609 0.536726
1305032210.974653 0.685387 -1.111119 1.580624 -0.110786 -0.814349 -0.190134 0.537039
1305032211.010371 0.680974 -1.100270 1.579726 -0.119594 -0.812839 -0.195269 0.535594
1305032211.042413 0.674434 -1.088311 1.580192 -0.128865 -0.811846 -0.199784 0.533278
1305032211.074255 0.668417 -1.080041 1.580517 -0.137037 -0.810807 -0.203120 0.531559
1305032211.110341 0.666962 -1.060406 1.580729 -0.145308 -0.809216 -0.207990 0.529901
1305032211.142597 0.659238 -1.050541 1.580172 -0.157108 -0.806406 -0.218842 0.526435
1305032211.174834 0.647315 -1.043023 1.578985 -0.165587 -0.804745 -0.225809 0.523427
1305032211.210385 0.642281 -1.040778 1.574816 -0.168046 -0.804444 -0.228847 0.521785
1305032211.242660 0.628944 -1.051141 1.578769 -0.172480 -0.805841 -0.224124 0.520230
1305032211.274512 0.620082 -1.048672 1.578080 -0.171183 -0.807900 -0.213188 0.522058
1305032211.310449 0.617926 -1.040420 1.579081 -0.167193 -0.810476 -0.194087 0.526787
1305032211.342375 0.616379 -1.037500 1.583399 -0.164205 -0.811246 -0.177148 0.532480
1305032211.374496 0.624458 -1.025975 1.585481 -0.159012 -0.809065 -0.162908 0.541839
1305032211.410472 0.623485 -1.022329 1.587163 -0.156550 -0.803835 -0.156517 0.552127
1305032211.442689 0.613448 -1.019208 1.589344 -0.154028 -0.798090 -0.147578 0.563514
1305032211.474663 0.630920 -1.016697 1.585953 -0.151041 -0.790030 -0.139285 0.577615
1305032211.510382 0.639118 -1.012426 1.583838 -0.153394 -0.783711 -0.139952 0.585389
1305032211.542531 0.620413 -1.007216 1.579452 -0.156603 -0.779912 -0.140238 0.589531
1305032211.574430 0.618220 -1.004819 1.577285 -0.156957 -0.777773 -0.139485 0.592434
1305032211.610365 0.601763 -0.999712 1.570692 -0.159116 -0.777274 -0.137002 0.593092
1305032211.642418 0.593245 -0.996757 1.568620 -0.158908 -0.777672 -0.133152 0.593503
1305032211.674547 0.587332 -0.989602 1.565627 -0.158086 -0.777366 -0.132192 0.594337
1305032211.710338 0.582470 -0.989418 1.564880 -0.158932 -0.776155 -0.134888 0.595088
1305032211.742374 0.580700 -0.998694 1.569594 -0.161124 -0.771446 -0.135826 0.600384
1305032211.774512 0.574407 -1.004048 1.572491 -0.162042 -0.762843 -0.136096 0.610975
1305032211.810377 0.562643 -1.008085 1.568843 -0.160670 -0.753604 -0.137798 0.622316
1305032211.842378 0.550000 -1.013127 1.568135 -0.154784 -0.745505 -0.143108 0.632285
1305032211.874630 0.538179 -1.016703 1.555470 -0.147383 -0.738602 -0.151548 0.640139
1305032211.910470 0.523683 -1.023299 1.546928 -0.141131 -0.737753 -0.160538 0.640336
1305032211.942539 0.512363 -1.031380 1.542661 -0.136120 -0.740120 -0.168812 0.636551
1305032211.974469 0.500674 -1.040620 1.539580 -0.133510 -0.740992 -0.176492 0.634001
1305032212.010338 0.486919 -1.053686 1.535454 -0.131665 -0.741385 -0.182314 0.632277
1305032212.042458 0.478715 -1.065514 1.536415 -0.129852 -0.741450 -0.186247 0.631429
1305032212.074506 0.468685 -1.080285 1.538843 -0.129679 -0.738164 -0.190759 0.633962
1305032212.110367 0.462996 -1.097320 1.541381 -0.128189 -0.731624 -0.193587 0.640951
1305032212.142475 0.456379 -1.112761 1.541175 -0.129334 -0.721302 -0.195924 0.651621
1305032212.174505 0.446442 -1.129573 1.542309 -0.129927 -0.710129 -0.195390 0.663821
1305032212.210480 0.460097 -1.144325 1.538849 -0.133499 -0.695600 -0.194786 0.678511
1305032212.242463 0.442157 -1.166732 1.532045 -0.141490 -0.681707 -0.196547 0.690380
1305032212.274564 0.444226 -1.176961 1.526344 -0.140825 -0.670178 -0.191931 0.702988
1305032212.310394 0.457451 -1.184757 1.521911 -0.145187 -0.659563 -0.190776 0.712392
1305032212.342472 0.432200 -1.190201 1.507746 -0.146928 -0.649925 -0.195267 0.719639
1305032212.374842 0.422974 -1.208251 1.492806 -0.142525 -0.644475 -0.193356 0.725914
1305032212.410380 0.417878 -1.213370 1.482327 -0.132229 -0.643097 -0.184468 0.731377
1305032212.442501 0.423006 -1.197413 1.474775 -0.123923 -0.641635 -0.175477 0.736312
1305032212.474527 0.418934 -1.193396 1.466361 -0.123351 -0.638244 -0.172712 0.740000
1305032212.510341 0.414885 -1.188104 1.456237 -0.122194 -0.634203 -0.170637 0.744136
1305032212.542508 0.414232 -1.173399 1.446235 -0.122131 -0.629765 -0.171069 0.747807
1305032212.574325 0.404441 -1.167066 1.433392 -0.126167 -0.624429 -0.178143 0.749957
1305032212.610254 0.392252 -1.164378 1.420584 -0.132106 -0.619343 -0.182750 0.752040
1305032212.642521 0.380421 -1.164256 1.407561 -0.134390 -0.616642 -0.182653 0.753876
1305032212.674498 0.369419 -1.161137 1.397105 -0.132436 -0.615303 -0.180908 0.755735
1305032212.710336 0.361376 -1.155605 1.387210 -0.127591 -0.613022 -0.177961 0.759114
1305032212.742847 0.363623 -1.154380 1.387549 -0.124067 -0.609655 -0.177131 0.762596
1305032212.774575 0.361368 -1.149541 1.381333 -0.124018 -0.600854 -0.178603 0.769217
1305032212.810368 0.344259 -1.143328 1.368194 -0.124354 -0.591791 -0.180746 0.775661
1305032212.842568 0.332137 -1.137697 1.354654 -0.123302 -0.584592 -0.179102 0.781647
1305032212.874508 0.321711 -1.122992 1.338980 -0.124482 -0.579181 -0.178218 0.785679
1305032212.910395 0.304607 -1.119263 1.324956 -0.126200 -0.576622 -0.181057 0.786637
1305032212.942477 0.290674 -1.123544 1.314155 -0.124125 -0.574305 -0.182822 0.788253
1305032212.974407 0.281863 -1.117497 1.299561 -0.117263 -0.570782 -0.182410 0.791949
1305032213.010380 0.273575 -1.117788 1.288230 -0.115270 -0.565933 -0.184703 0.795184
1305032213.042304 0.270482 -1.119840 1.274215 -0.116571 -0.556752 -0.184692 0.801453
1305032213.074503 0.253153 -1.118671 1.258582 -0.126435 -0.545476 -0.184749 0.807674
1305032213.110372 0.233096 -1.138252 1.244755 -0.133664 -0.539163 -0.184310 0.810843
1305032213.142510 0.230834 -1.148016 1.234761 -0.132854 -0.533997 -0.177471 0.815905
1305032213.174336 0.229776 -1.155545 1.226348 -0.138008 -0.526011 -0.169637 0.821881
1305032213.210443 0.227932 -1.155785 1.215118 -0.147878 -0.514890 -0.158754 0.829348
1305032213.242392 0.222295 -1.163341 1.208547 -0.163905 -0.503681 -0.152227 0.834427
1305032213.274444 0.223948 -1.173534 1.200405 -0.172030 -0.494523 -0.148293 0.838965
1305032213.310366 0.223789 -1.178058 1.192687 -0.179824 -0.485950 -0.146037 0.842727
1305032213.342441 0.222750 -1.183458 1.184981 -0.187063 -0.477397 -0.145872 0.846062
1305032213.374690 0.217625 -1.189728 1.176796 -0.191231 -0.470823 -0.147550 0.848519
1305032213.410420 0.215478 -1.200197 1.172733 -0.193126 -0.465371 -0.145317 0.851478
1305032213.442605 0.219077 -1.203464 1.164759 -0.191372 -0.455944 -0.138833 0.858031
1305032213.474640 0.222705 -1.202743 1.153871 -0.191510 -0.444786 -0.133788 0.864633
1305032213.510422 0.213685 -1.199053 1.143795 -0.191266 -0.437284 -0.132009 0.868777
1305032213.542388 0.211075 -1.199886 1.132141 -0.189533 -0.434806 -0.126605 0.871201
1305032213.574442 0.217369 -1.198964 1.113176 -0.189650 -0.435029 -0.119466 0.872072
1305032213.610404 0.217799 -1.196944 1.104156 -0.195927 -0.439619 -0.116506 0.868778
1305032213.642569 0.202016 -1.190876 1.103918 -0.197830 -0.446434 -0.114160 0.865175
1305032213.674418 0.204933 -1.191487 1.097467 -0.196421 -0.449991 -0.108802 0.864343
1305032213.710549 0.213403 -1.191011 1.091346 -0.197991 -0.449576 -0.106803 0.864450
1305032213.742482 0.227078 -1.185122 1.086988 -0.201891 -0.448082 -0.108025 0.864172
1305032213.774474 0.220771 -1.181663 1.082979 -0.207891 -0.443836 -0.110522 0.864625
1305032213.810376 0.218719 -1.179639 1.078594 -0.214136 -0.435824 -0.112183 0.866959
1305032213.842487 0.213760 -1.178479 1.071165 -0.221413 -0.422887 -0.113869 0.871307
1305032213.874647 0.196220 -1.172568 1.065332 -0.228457 -0.407665 -0.114667 0.876623
1305032213.910381 0.186907 -1.176036 1.058829 -0.229425 -0.395618 -0.114500 0.881896
1305032213.942423 0.182875 -1.174116 1.043436 -0.225919 -0.383392 -0.112215 0.888470
1305032213.974522 0.174304 -1.171645 1.031450 -0.226964 -0.371733 -0.109935 0.893430
1305032214.010370 0.168564 -1.172638 1.016338 -0.226215 -0.360479 -0.106086 0.898681
1305032214.042545 0.162674 -1.173303 1.001193 -0.225742 -0.351606 -0.101196 0.902869
1305032214.074286 0.160031 -1.173937 0.983994 -0.224030 -0.344013 -0.094541 0.906933
1305032214.110291 0.160780 -1.173243 0.965468 -0.224956 -0.334796 -0.087945 0.910809
1305032214.142521 0.161776 -1.172742 0.945045 -0.231346 -0.325106 -0.083897 0.913097
1305032214.174516 0.156767 -1.173188 0.930461 -0.240331 -0.318278 -0.083705 0.913200
1305032214.210391 0.152890 -1.176243 0.919302 -0.247328 -0.313621 -0.080616 0.913221
1305032214.242519 0.151453 -1.179525 0.910694 -0.250834 -0.308737 -0.073177 0.914554
1305032214.278351 0.155460 -1.183018 0.901182 -0.250251 -0.301281 -0.065932 0.917746
1305032214.310321 0.162057 -1.188242 0.888293 -0.249555 -0.288489 -0.060332 0.922419
1305032214.342473 0.166438 -1.191354 0.875858 -0.249158 -0.275452 -0.058711 0.926606
1305032214.378584 0.168177 -1.192523 0.865645 -0.250168 -0.263666 -0.058684 0.929759
1305032214.410541 0.170336 -1.194695 0.856703 -0.250805 -0.256119 -0.060320 0.931591
1305032214.442484 0.165546 -1.195328 0.855347 -0.248740 -0.255319 -0.061127 0.932311
1305032214.478559 0.176320 -1.214101 0.839519 -0.242809 -0.264649 -0.056169 0.931584
1305032214.510403 0.174603 -1.213142 0.840387 -0.229343 -0.286387 -0.049476 0.928944
1305032214.542564 0.182291 -1.210504 0.841495 -0.205175 -0.312867 -0.035400 0.926695
1305032214.578435 0.188331 -1.209216 0.840148 -0.184152 -0.335584 -0.026723 0.923448
1305032214.610410 0.194147 -1.200587 0.846526 -0.167892 -0.357704 -0.022682 0.918339
1305032214.642495 0.199758 -1.202598 0.844614 -0.153007 -0.372612 -0.020112 0.915066
1305032214.678469 0.197706 -1.179800 0.867442 -0.132675 -0.385459 -0.012729 0.913048
1305032214.710581 0.199921 -1.163643 0.878635 -0.116313 -0.393708 -0.002954 0.911842
1305032214.742491 0.236041 -1.139276 0.899362 -0.106156 -0.396343 0.013845 0.911839
1305032214.778394 0.274807 -1.141576 0.907083 -0.103959 -0.388615 0.025089 0.915173
1305032214.810517 0.296565 -1.151748 0.930012 -0.101449 -0.377365 0.034349 0.919850
1305032214.842490 0.322538 -1.166519 0.967267 -0.092341 -0.369857 0.046148 0.923336
1305032214.878427 0.338543 -1.176774 0.932522 -0.084635 -0.360096 0.053411 0.927532
1305032214.910391 0.367292 -1.158833 0.902326 -0.080510 -0.349133 0.058941 0.931746
1305032214.942427 0.461673 -1.123035 0.894856 -0.083320 -0.340220 0.062397 0.934567
1305032214.978577 0.507524 -1.042571 1.015193 -0.083539 -0.339367 0.064952 0.934683
1305032215.010342 0.492565 -1.015602 1.042038 -0.081460 -0.323429 0.066803 0.940370
1305032215.042496 0.432110 -0.980724 1.067230 -0.071563 -0.301664 0.073899 0.947848
1305032215.078529 0.401802 -0.921920 1.106917 -0.044097 -0.287286 0.088654 0.952713
1305032215.110401 0.384706 -0.884852 1.043545 -0.026126 -0.262530 0.095372 0.959843
1305032215.143205 0.369777 -0.880790 1.011566 -0.019621 -0.240732 0.102448 0.964970
1305032215.178530 0.404255 -0.902691 1.046786 -0.014777 -0.236343 0.105921 0.965766
1305032215.210486 0.409261 -0.833182 0.978841 0.004561 -0.223678 0.104708 0.969012
1305032215.242371 0.445976 -0.808060 0.955654 0.000341 -0.222173 0.099866 0.969879
1305032215.278366 0.445179 -0.778620 0.962616 -0.005434 -0.219480 0.093169 0.971143
1305032215.310363 0.445999 -0.801844 0.952304 -0.022335 -0.212885 0.091715 0.972507
1305032215.342417 0.445876 -0.771774 0.938769 -0.037723 -0.213069 0.095957 0.971582
1305032215.378375 0.441654 -0.765845 0.931770 -0.047048 -0.216947 0.095358 0.970375
1305032215.410425 0.440445 -0.759097 0.937328 -0.053032 -0.219317 0.100416 0.969022
1305032215.442589 0.440148 -0.741587 0.934191 -0.055690 -0.220395 0.115685 0.966924
1305032215.478270 0.472061 -0.730248 0.932026 -0.065821 -0.229788 0.119712 0.963605
1305032215.510404 0.456808 -0.749307 0.920298 -0.091773 -0.229529 0.113734 0.962267
1305032215.542417 0.460014 -0.645776 0.895087 -0.098341 -0.232239 0.111731 0.961202
1305032215.578513 0.466904 -0.589210 0.901897 -0.102877 -0.238034 0.120392 0.958260
1305032215.610382 0.485033 -0.535199 0.929353 -0.096156 -0.248140 0.138675 0.953913
1305032215.642412 0.484925 -0.540701 0.929795 -0.083273 -0.249775 0.154859 0.952206
1305032215.678572 0.488883 -0.539039 0.922419 -0.068526 -0.250133 0.172052 0.950334
1305032215.710476 0.487387 -0.541134 0.925779 -0.054405 -0.247665 0.184497 0.949559
1305032215.742411 0.488656 -0.541413 0.917391 -0.048811 -0.241760 0.195184 0.949248
1305032215.778523 0.498406 -0.536708 0.919105 -0.052767 -0.238798 0.199741 0.948838
1305032215.810503 0.495429 -0.535487 0.923296 -0.053771 -0.232598 0.199007 0.950475
1305032215.843262 0.478944 -0.536024 0.892329 -0.053014 -0.217729 0.200458 0.953730
1305032215.878582 0.478141 -0.534620 0.891914 -0.055396 -0.210692 0.203938 0.954437
1305032215.910455 0.495387 -0.539927 0.871839 -0.058837 -0.212029 0.205310 0.953640
1305032215.942442 0.504175 -0.551153 0.855306 -0.061132 -0.214817 0.211541 0.951508
1305032215.978375 0.497640 -0.553779 0.854392 -0.051129 -0.218663 0.214376 0.950587
1305032216.010466 0.494237 -0.557120 0.852203 -0.042923 -0.218992 0.216570 0.950420
1305032216.042826 0.488849 -0.565363 0.849912 -0.034543 -0.214940 0.217009 0.951585
1305032216.078460 0.487774 -0.558978 0.820665 -0.023179 -0.209295 0.223645 0.951652
1305032216.111346 0.495094 -0.566684 0.811607 -0.008286 -0.209086 0.229921 0.950448
1305032216.142501 0.517908 -0.573487 0.822562 0.006819 -0.214039 0.233896 0.948385
1305032216.178247 0.514001 -0.583928 0.806634 0.019336 -0.211124 0.237324 0.948014
1305032216.210278 0.526038 -0.599402 0.795743 0.028758 -0.211308 0.239599 0.947161
1305032216.242408 0.515485 -0.567558 0.770904 0.040435 -0.207956 0.239275 0.947558
1305032216.278313 0.507713 -0.572451 0.734618 0.034386 -0.205641 0.237278 0.948804
1305032216.310546 0.516991 -0.556773 0.744213 0.023552 -0.209565 0.226146 0.950992
1305032216.342396 0.510922 -0.561477 0.740718 0.017216 -0.206781 0.216958 0.953873
1305032216.378409 0.510220 -0.535450 0.746568 0.016130 -0.205547 0.214971 0.954609
1305032216.410545 0.518985 -0.527587 0.741905 0.014284 -0.205047 0.217324 0.954213
1305032216.442517 0.520209 -0.535721 0.748041 0.008190 -0.205936 0.218082 0.953920
1305032216.478345 0.524172 -0.596552 0.785554 0.010255 -0.205549 0.222749 0.952905
1305032216.510397 0.486218 -0.589434 0.776722 0.034713 -0.193042 0.233828 0.952289
1305032216.542470 0.485609 -0.592165 0.764724 0.063463 -0.174872 0.238898 0.953058
1305032216.578509 0.522797 -0.659482 0.766396 0.103259 -0.152830 0.255060 0.949171
1305032216.610539 0.104016 -0.319382 0.704841 0.190481 -0.101927 0.262514 0.940433
1305032216.642490 -0.163652 0.038822 0.866927 0.258319 -0.095738 0.229094 0.933607
1305032216.678828 -0.410817 0.411015 1.130618 0.317559 -0.085631 0.187214 0.925621
1305032216.710538 -0.408007 0.442889 1.272596 0.322764 -0.095624 0.162417 0.927524
1305032216.742550 -0.436726 0.405184 1.293332 0.323776 -0.103315 0.162338 0.926359
1305032216.778433 -0.444929 0.420121 1.252185 0.316882 -0.121933 0.167938 0.925481
1305032216.810335 -0.453514 0.447562 1.284746 0.314343 -0.146871 0.174122 0.921574
1305032216.842459 -0.413675 0.416202 1.363243 0.316583 -0.177983 0.176836 0.914782
1305032216.878386 -0.385119 0.475052 1.333167 0.321595 -0.192193 0.178877 0.909748
1305032216.910308 -0.387177 0.507534 1.358342 0.319957 -0.208043 0.173501 0.907878
1305032216.942363 -0.346399 0.475957 1.366393 0.315104 -0.226236 0.165523 0.906713
1305032216.978332 -0.293191 0.467311 1.269335 0.297384 -0.237556 0.152136 0.912132
1305032217.010429 -0.260665 0.466160 1.298726 0.292154 -0.253152 0.125298 0.913707
1305032217.042675 -0.253759 0.469180 1.282613 0.286970 -0.260344 0.102925 0.916120
1305032217.078598 -0.246703 0.494243 1.275946 0.281574 -0.268703 0.081210 0.917562
1305032217.110427 -0.230439 0.508624 1.272757 0.270545 -0.274684 0.057801 0.920876
1305032217.142525 -0.154465 0.485076 1.244720 0.247016 -0.284751 0.037978 0.925450
1305032217.178531 -0.161669 0.488428 1.256037 0.234135 -0.293209 0.020733 0.926703
1305032217.210388 -0.132321 0.502576 1.252069 0.225894 -0.298644 -0.002956 0.927241
1305032217.242451 -0.143388 0.534191 1.282557 0.220904 -0.298642 -0.020660 0.928217
1305032217.278580 -0.134913 0.541848 1.295054 0.213934 -0.297110 -0.034323 0.929936
1305032217.310416 -0.127889 0.545629 1.293795 0.207530 -0.290533 -0.045764 0.932967
1305032217.342449 -0.114904 0.538591 1.295813 0.195269 -0.290988 -0.046804 0.935417
1305032217.378872 -0.108629 0.545132 1.302091 0.192793 -0.295470 -0.052951 0.934197
1305032217.410445 -0.107011 0.548828 1.309031 0.191847 -0.299619 -0.058451 0.932741
1305032217.442444 -0.100857 0.560261 1.311644 0.194915 -0.308097 -0.064031 0.928970
1305032217.478307 -0.077452 0.583209 1.304857 0.189209 -0.319125 -0.070966 0.925917
1305032217.511108 -0.079871 0.578341 1.312304 0.177844 -0.330379 -0.076168 0.923807
1305032217.542486 -0.058720 0.590743 1.301613 0.173718 -0.340338 -0.078812 0.920750
1305032217.578482 -0.059271 0.583806 1.303381 0.167482 -0.353110 -0.080693 0.916925
1305032217.610504 -0.038207 0.588271 1.291896 0.165896 -0.364084 -0.078138 0.913135
1305032217.642631 -0.033393 0.591394 1.294029 0.161007 -0.373043 -0.075087 0.910647
1305032217.678636 -0.029248 0.594975 1.296324 0.158395 -0.383180 -0.072588 0.907091
1305032217.711920 -0.028049 0.596042 1.301471 0.154159 -0.394021 -0.068731 0.903470
1305032217.742473 -0.024986 0.596127 1.307943 0.155699 -0.404291 -0.061064 0.899210
1305032217.778308 -0.003725 0.601644 1.311289 0.156212 -0.409687 -0.060178 0.896735
1305032217.810752 -0.001372 0.601184 1.320180 0.155069 -0.408349 -0.059606 0.897581
1305032217.842519 0.006933 0.609242 1.329283 0.156434 -0.405370 -0.059885 0.898675
1305032217.878392 0.012819 0.607215 1.344573 0.156752 -0.396197 -0.062080 0.902554
1305032217.910504 0.016652 0.614149 1.337766 0.160874 -0.384153 -0.057347 0.907335
1305032217.942483 0.014572 0.615742 1.347713 0.162415 -0.378008 -0.053474 0.909875
1305032217.978398 0.014702 0.617986 1.346954 0.172375 -0.370919 -0.051829 0.911054
1305032218.010409 0.010644 0.627838 1.356708 0.182651 -0.364499 -0.049062 0.911796
1305032218.042478 0.020867 0.637753 1.346928 0.189653 -0.357116 -0.048052 0.913340
1305032218.078436 0.016923 0.648641 1.344593 0.191504 -0.355322 -0.047219 0.913697
1305032218.110471 0.012801 0.655840 1.346795 0.191872 -0.355639 -0.047113 0.913502
1305032218.142431 0.005127 0.669170 1.345956 0.189968 -0.355266 -0.048743 0.913960
1305032218.178513 -0.005390 0.673809 1.345224 0.182799 -0.359211 -0.050702 0.913773
1305032218.210431 -0.009408 0.682428 1.343903 0.178581 -0.363787 -0.050522 0.912807
1305032218.242520 -0.009724 0.690210 1.340224 0.174245 -0.364320 -0.050799 0.913416
1305032218.278440 -0.015895 0.701060 1.337422 0.168243 -0.362229 -0.048812 0.915479
1305032218.310449 -0.021682 0.708266 1.334813 0.159131 -0.358747 -0.045839 0.918628
1305032218.342464 -0.029535 0.719739 1.331145 0.150983 -0.352441 -0.042336 0.922603
1305032218.378872 -0.036702 0.727733 1.323880 0.141623 -0.347431 -0.043124 0.925945
1305032218.410504 -0.044879 0.732537 1.316418 0.132280 -0.342546 -0.046725 0.928968
1305032218.442406 -0.050919 0.732811 1.307102 0.124336 -0.339417 -0.049389 0.931073
1305032218.478547 -0.058168 0.738303 1.302152 0.121183 -0.335428 -0.051153 0.932838
1305032218.510330 -0.066771 0.738969 1.296075 0.119113 -0.328186 -0.050271 0.935724
1305032218.542483 -0.071747 0.742409 1.286812 0.117436 -0.321651 -0.046805 0.938381
1305032218.578999 -0.077137 0.743752 1.277865 0.117258 -0.314426 -0.044738 0.940949
1305032218.610422 -0.083402 0.746702 1.267231 0.117551 -0.305964 -0.043384 0.943762
1305032218.642438 -0.089615 0.752650 1.251183 0.117461 -0.298981 -0.042994 0.946026
1305032218.678435 -0.095129 0.756164 1.240087 0.114018 -0.294345 -0.045949 0.947760
1305032218.710921 -0.099650 0.756327 1.235630 0.110764 -0.285558 -0.046975 0.950779
1305032218.742555 -0.104155 0.757056 1.226191 0.108409 -0.273668 -0.048817 0.954448
1305032218.778405 -0.110420 0.758583 1.218838 0.107431 -0.261372 -0.051338 0.957866
1305032218.810436 -0.119599 0.761315 1.209343 0.105314 -0.248457 -0.051001 0.961549
1305032218.842439 -0.132498 0.762643 1.205199 0.104369 -0.236167 -0.049880 0.964803
1305032218.878434 -0.143732 0.765423 1.191003 0.105947 -0.217946 -0.049946 0.968907
1305032218.911133 -0.153290 0.770482 1.178443 0.106262 -0.200691 -0.050152 0.972582
1305032218.942410 -0.171212 0.772574 1.173089 0.107243 -0.186062 -0.050534 0.975360
1305032218.978382 -0.186711 0.777181 1.163562 0.109698 -0.176887 -0.051136 0.976761
1305032219.010408 -0.217892 0.783291 1.147915 0.111734 -0.171525 -0.054063 0.977329
1305032219.043456 -0.241424 0.787443 1.142083 0.113574 -0.174706 -0.056302 0.976426
1305032219.078513 -0.263310 0.795886 1.124540 0.114260 -0.181325 -0.057185 0.975088
1305032219.110323 -0.279593 0.801494 1.114304 0.109855 -0.190380 -0.058512 0.973788
1305032219.142368 -0.296388 0.807003 1.107251 0.104309 -0.195713 -0.059799 0.973263
1305032219.178801 -0.319325 0.807395 1.108923 0.099549 -0.197076 -0.060754 0.973427
1305032219.210238 -0.343843 0.809971 1.106823 0.098995 -0.195561 -0.060152 0.973826
1305032219.242363 -0.366504 0.807170 1.111145 0.101237 -0.194605 -0.058638 0.973880
1305032219.278308 -0.384919 0.811281 1.107209 0.108042 -0.195250 -0.050611 0.973470
1305032219.310357 -0.402381 0.811486 1.107007 0.111815 -0.198200 -0.046604 0.972647
1305032219.342295 -0.420360 0.811854 1.105500 0.116198 -0.197778 -0.043192 0.972377
1305032219.378342 -0.436479 0.813239 1.103077 0.117921 -0.199437 -0.040803 0.971933
1305032219.410198 -0.460894 0.810396 1.113632 0.121308 -0.205227 -0.039291 0.970372
1305032219.442144 -0.478520 0.809177 1.120125 0.127576 -0.212969 -0.035942 0.968027
1305032219.478154 -0.495541 0.806963 1.127656 0.137325 -0.217958 -0.031210 0.965744
1305032219.510229 -0.512649 0.808017 1.136341 0.150247 -0.217729 -0.022316 0.964117
1305032219.542113 -0.526899 0.806131 1.136100 0.159315 -0.214805 -0.008507 0.963538
1305032219.578114 -0.543928 0.804163 1.142985 0.170839 -0.211704 0.001586 0.962285
1305032219.610102 -0.560845 0.803673 1.147548 0.186238 -0.204912 0.010137 0.960845
1305032219.642551 -0.578446 0.803314 1.152573 0.199282 -0.198271 0.021572 0.959432
1305032219.678015 -0.593221 0.802876 1.155274 0.210175 -0.197037 0.032244 0.957060
1305032219.710138 -0.609217 0.804348 1.156123 0.215506 -0.195028 0.040705 0.955963
1305032219.741999 -0.626221 0.800477 1.160462 0.218082 -0.192828 0.047550 0.955509
1305032219.778021 -0.641274 0.798127 1.159984 0.225983 -0.192518 0.053870 0.953397
1305032219.809962 -0.652764 0.794358 1.146704 0.218972 -0.193497 0.057128 0.954645
1305032219.842237 -0.667074 0.787517 1.149098 0.210117 -0.194736 0.055525 0.956476
1305032219.878005 -0.680500 0.777589 1.152784 0.210957 -0.191337 0.052660 0.957138
1305032219.910172 -0.688425 0.769220 1.132221 0.204225 -0.188496 0.051614 0.959217
1305032219.941819 -0.699643 0.752616 1.130119 0.191779 -0.190739 0.041234 0.961842
1305032219.977852 -0.710034 0.736763 1.132774 0.194622 -0.186020 0.032979 0.962513
1305032220.009782 -0.715805 0.721666 1.118350 0.201985 -0.178140 0.033979 0.962452
1305032220.041842 -0.719595 0.706151 1.101979 0.199828 -0.175032 0.030094 0.963601
1305032220.077875 -0.722625 0.688766 1.085740 0.199366 -0.172228 0.027925 0.964267
1305032220.109992 -0.725081 0.670432 1.066815 0.187852 -0.172115 0.027445 0.966610
1305032220.141888 -0.727769 0.657977 1.051055 0.175586 -0.171720 0.024826 0.969054
1305032220.177768 -0.729122 0.639880 1.033358 0.169490 -0.168969 0.027862 0.970539
1305032220.209781 -0.730735 0.623821 1.012850 0.167833 -0.165343 0.031498 0.971340
1305032220.242708 -0.733272 0.612283 0.989541 0.160680 -0.160448 0.027979 0.973476
1305032220.277784 -0.734512 0.599343 0.968360 0.152566 -0.155216 0.025067 0.975707
1305032220.309825 -0.736016 0.590925 0.945153 0.142218 -0.149201 0.025277 0.978199
1305032220.341657 -0.737271 0.580836 0.926311 0.124756 -0.145221 0.029544 0.981058
1305032220.377717 -0.737642 0.567296 0.907678 0.109734 -0.145388 0.043029 0.982328
1305032220.409781 -0.738813 0.558946 0.887523 0.096100 -0.147431 0.053663 0.982929
1305032220.441627 -0.736580 0.545605 0.871269 0.083327 -0.151318 0.063994 0.982886
1305032220.477671 -0.734884 0.539464 0.851740 0.079513 -0.152810 0.071695 0.982439
1305032220.509642 -0.728233 0.537388 0.837237 0.073853 -0.148680 0.073591 0.983374
1305032220.541561 -0.720649 0.530520 0.815300 0.065198 -0.137491 0.074967 0.985508
1305032220.577583 -0.715486 0.523208 0.806998 0.059326 -0.123368 0.072223 0.987950
1305032220.609511 -0.708277 0.506985 0.797834 0.059213 -0.105510 0.068659 0.990276
1305032220.641500 -0.704487 0.504467 0.776877 0.069459 -0.085499 0.060829 0.992051
1305032220.677658 -0.702249 0.498504 0.761934 0.079405 -0.065340 0.052803 0.993296
1305032220.709566 -0.699287 0.498163 0.739448 0.094599 -0.044970 0.043554 0.993545
1305032220.741431 -0.696191 0.500209 0.710326 0.103999 -0.027324 0.034837 0.993591
1305032220.777513 -0.696211 0.500375 0.695445 0.109327 -0.013977 0.029124 0.993481
1305032220.809530 -0.697558 0.500994 0.682327 0.115584 -0.003482 0.026796 0.992930
1305032220.841419 -0.703877 0.504738 0.666156 0.119708 0.003869 0.027031 0.992434
1305032220.877435 -0.708431 0.506384 0.658667 0.123947 0.006479 0.028901 0.991847
1305032220.909410 -0.713814 0.512199 0.642318 0.131894 0.004943 0.032485 0.990719
1305032220.941362 -0.717796 0.520429 0.633374 0.135520 -0.003087 0.033859 0.990191
1305032220.977417 -0.722576 0.525592 0.631916 0.135914 -0.010796 0.037507 0.989952
1305032221.009393 -0.726016 0.536536 0.619349 0.138041 -0.018705 0.044450 0.989252
1305032221.041393 -0.730450 0.551277 0.607645 0.134917 -0.027183 0.050167 0.989213
1305032221.077609 -0.734696 0.559242 0.607773 0.128905 -0.035269 0.052507 0.989638
1305032221.109239 -0.740811 0.570697 0.607847 0.125406 -0.042476 0.050474 0.989910
1305032221.141672 -0.748533 0.583361 0.610368 0.121142 -0.050294 0.044297 0.990370
1305032221.177441 -0.752226 0.587968 0.621010 0.116125 -0.059668 0.036293 0.990776
1305032221.209191 -0.754991 0.591070 0.630069 0.117480 -0.069217 0.033535 0.990092
1305032221.241213 -0.766368 0.614343 0.628109 0.122358 -0.076245 0.025127 0.989234
1305032221.277377 -0.763348 0.612374 0.642572 0.121686 -0.081856 0.024825 0.988876
1305032221.309217 -0.773491 0.632692 0.642439 0.131749 -0.079835 0.024424 0.987761
1305032221.341226 -0.776104 0.653410 0.639797 0.131250 -0.080618 0.024606 0.987759
1305032221.377292 -0.780859 0.652007 0.650035 0.128698 -0.079108 0.026974 0.988155
1305032221.409359 -0.787032 0.667873 0.655857 0.135352 -0.079909 0.031032 0.987082
1305032221.441142 -0.791391 0.684316 0.663347 0.136081 -0.082110 0.034821 0.986675
1305032221.477098 -0.794379 0.688170 0.672857 0.136462 -0.082513 0.045071 0.986174
1305032221.509051 -0.797165 0.710019 0.677352 0.139474 -0.085669 0.059914 0.984692
1305032221.541070 -0.795863 0.722621 0.687910 0.135041 -0.088698 0.070970 0.984307
1305032221.577234 -0.797188 0.739687 0.694005 0.133263 -0.088841 0.084425 0.983474
1305032221.609021 -0.796389 0.761539 0.707165 0.120351 -0.092612 0.097536 0.983578
1305032221.641007 -0.793489 0.761239 0.721178 0.106474 -0.090421 0.104355 0.984681
1305032221.677259 -0.795277 0.791591 0.722168 0.096652 -0.086677 0.113994 0.984962
1305032221.708958 -0.791830 0.796737 0.731980 0.073620 -0.083395 0.120970 0.986403
1305032221.740991 -0.790136 0.795927 0.741926 0.061166 -0.076993 0.126751 0.987049
1305032221.776969 -0.787086 0.796880 0.738403 0.053918 -0.074550 0.134998 0.986565
1305032221.808938 -0.783746 0.781786 0.733872 0.048947 -0.072709 0.139078 0.986395
1305032221.840977 -0.784413 0.784988 0.731841 0.061713 -0.075133 0.136795 0.985816
1305032221.876866 -0.778747 0.787752 0.734384 0.069873 -0.080358 0.133178 0.985355
1305032221.908984 -0.775145 0.789380 0.752509 0.077965 -0.078211 0.125904 0.985877
1305032221.940777 -0.773948 0.791540 0.748455 0.082922 -0.070866 0.118454 0.986950
1305032221.976852 -0.773648 0.793710 0.748732 0.088045 -0.061169 0.107664 0.988390
1305032222.008934 -0.773303 0.796722 0.742681 0.091621 -0.051896 0.098985 0.989502
1305032222.040837 -0.774588 0.796922 0.737667 0.088696 -0.048355 0.093512 0.990480
1305032222.076807 -0.773441 0.799474 0.743456 0.088783 -0.049792 0.084434 0.991216
1305032222.108887 -0.774508 0.806963 0.736534 0.089308 -0.052393 0.077697 0.991586
1305032222.140791 -0.778106 0.801525 0.742072 0.083432 -0.054883 0.074985 0.992171
1305032222.176831 -0.779854 0.805330 0.749026 0.083740 -0.054574 0.070501 0.992491
1305032222.208761 -0.780311 0.806515 0.750374 0.084118 -0.053642 0.068336 0.992662
1305032222.240669 -0.780049 0.805698 0.752767 0.085034 -0.054830 0.065244 0.992727
1305032222.276922 -0.780919 0.806149 0.753920 0.087948 -0.057273 0.060497 0.992635
1305032222.308680 -0.781761 0.806871 0.756486 0.091184 -0.058910 0.056740 0.992469
1305032222.340691 -0.780961 0.805947 0.761800 0.095036 -0.059047 0.054236 0.992240
1305032222.376652 -0.780512 0.807185 0.762383 0.099947 -0.058471 0.051596 0.991932
1305032222.408633 -0.780027 0.807846 0.764378 0.103556 -0.058324 0.048793 0.991713
1305032222.440657 -0.779767 0.806689 0.769177 0.107544 -0.058616 0.048187 0.991300
1305032222.476618 -0.780174 0.809822 0.770953 0.112707 -0.059269 0.045347 0.990822
1305032222.508598 -0.781098 0.813405 0.770225 0.115941 -0.061578 0.041918 0.990459
1305032222.540555 -0.782064 0.815332 0.777086 0.118231 -0.064229 0.037465 0.990198
1305032222.576489 -0.783813 0.816230 0.787408 0.124601 -0.066047 0.033487 0.989440
1305032222.608590 -0.784860 0.822135 0.788011 0.132552 -0.069384 0.032547 0.988209
1305032222.640491 -0.785808 0.825982 0.793617 0.135956 -0.073127 0.029788 0.987563
1305032222.676463 -0.786727 0.827813 0.803105 0.143514 -0.075045 0.027417 0.986418
1305032222.708468 -0.787014 0.834581 0.802667 0.149577 -0.074490 0.026370 0.985587
1305032222.740571 -0.787575 0.839031 0.804305 0.148381 -0.073581 0.026111 0.985843
1305032222.776432 -0.787428 0.845250 0.815699 0.150411 -0.074009 0.025665 0.985515
1305032222.808763 -0.789194 0.850206 0.825507 0.149535 -0.073759 0.023694 0.985717
1305032222.840672 -0.789372 0.852584 0.833530 0.150482 -0.074039 0.025644 0.985503
1305032222.876359 -0.789152 0.858710 0.835148 0.149635 -0.074563 0.028474 0.985515
1305032222.908362 -0.789630 0.861254 0.842720 0.146802 -0.074483 0.031912 0.985841
1305032222.940478 -0.790156 0.862817 0.848890 0.143746 -0.073616 0.037137 0.986174
1305032222.976682 -0.790823 0.864446 0.853697 0.141112 -0.072699 0.041505 0.986448
1305032223.008336 -0.791485 0.864212 0.859083 0.138082 -0.071742 0.045395 0.986775
1305032223.040855 -0.792180 0.865357 0.859395 0.133846 -0.071005 0.048770 0.987251
1305032223.076292 -0.793494 0.862576 0.865880 0.128002 -0.070301 0.048811 0.988074
1305032223.108252 -0.795587 0.857472 0.871005 0.128377 -0.067982 0.048315 0.988212
1305032223.140804 -0.798275 0.855018 0.871496 0.131356 -0.065686 0.047538 0.988014
1305032223.176229 -0.801409 0.848482 0.873565 0.135857 -0.063322 0.045512 0.987655
1305032223.208389 -0.806123 0.843939 0.871383 0.144866 -0.059239 0.043971 0.986697
1305032223.240556 -0.811832 0.838664 0.871107 0.152532 -0.055552 0.044232 0.985744
1305032223.276184 -0.818347 0.832174 0.872429 0.163316 -0.051954 0.045118 0.984171
1305032223.308214 -0.824942 0.826085 0.870016 0.177343 -0.046381 0.049232 0.981822
1305032223.341213 -0.830896 0.825942 0.868538 0.185934 -0.037116 0.056726 0.980221
1305032223.376162 -0.838429 0.822753 0.863778 0.179119 -0.026621 0.070909 0.980908
1305032223.408069 -0.847002 0.806677 0.880638 0.176391 -0.013320 0.096641 0.979474
1305032223.441503 -0.858071 0.801705 0.875790 0.184551 0.002690 0.126843 0.974600
1305032223.476139 -0.867890 0.796159 0.868630 0.181031 0.008655 0.151117 0.971759
1305032223.508047 -0.882194 0.783866 0.873170 0.172005 0.007400 0.172889 0.969778
1305032223.541151 -0.894869 0.769634 0.882997 0.168961 0.002785 0.193221 0.966494
1305032223.576028 -0.906703 0.761584 0.878359 0.170146 -0.000677 0.212980 0.962128
1305032223.608003 -0.918142 0.749857 0.876719 0.170281 -0.005189 0.225681 0.959190
1305032223.643962 -0.929069 0.734606 0.879413 0.172489 -0.010099 0.228675 0.958047
1305032223.675961 -0.940641 0.720165 0.883068 0.175660 -0.012197 0.228103 0.957582
1305032223.708230 -0.952650 0.706187 0.881557 0.179274 -0.010246 0.225551 0.957540
1305032223.743870 -0.963524 0.692554 0.879318 0.181482 -0.007208 0.222804 0.957795
1305032223.775998 -0.972900 0.678573 0.875419 0.183671 -0.004428 0.218835 0.958309
1305032223.807964 -0.980180 0.664779 0.870715 0.186341 -0.003143 0.211397 0.959468
1305032223.843920 -0.985595 0.649407 0.867119 0.189310 -0.002804 0.204277 0.960430
1305032223.875890 -0.990918 0.635936 0.858424 0.191557 -0.003130 0.198557 0.961182
1305032223.907878 -0.994348 0.620169 0.858585 0.184074 -0.002670 0.192217 0.963931
1305032223.943696 -0.994640 0.603639 0.860401 0.173491 0.002548 0.185961 0.967116
1305032223.975814 -0.998256 0.588701 0.853576 0.166837 0.008504 0.180947 0.969201
1305032224.007829 -0.999491 0.572392 0.850982 0.164213 0.010304 0.167701 0.972010
1305032224.043682 -0.999614 0.556439 0.850245 0.164543 0.013749 0.151228 0.974611
1305032224.075839 -0.992199 0.547544 0.844592 0.162133 0.022827 0.138611 0.976718
1305032224.107823 -0.997274 0.534047 0.832429 0.150039 0.044255 0.133711 0.978596
1305032224.143813 -0.996871 0.510236 0.854639 0.147961 0.058782 0.128295 0.978873
1305032224.175843 -1.002875 0.495848 0.847656 0.157387 0.059013 0.129784 0.977191
1305032224.207959 -0.997150 0.480007 0.849230 0.171191 0.047362 0.126869 0.975887
1305032224.243786 -0.994354 0.465842 0.852004 0.176274 0.038591 0.133445 0.974490
1305032224.275737 -0.992209 0.445871 0.853373 0.187438 0.031908 0.141402 0.971522
1305032224.308911 -0.989608 0.430076 0.846902 0.206034 0.024678 0.149119 0.966801
1305032224.343803 -0.987713 0.412571 0.842060 0.222589 0.016684 0.155222 0.962332
1305032224.375822 -0.988400 0.404383 0.845146 0.230491 0.012977 0.158909 0.959924
1305032224.408378 -0.985760 0.394712 0.851295 0.228119 0.012566 0.167972 0.958952
1305032224.443748 -0.979879 0.397926 0.852341 0.221885 0.016121 0.176763 0.958782
1305032224.475794 -0.974124 0.396758 0.812452 0.203717 0.025408 0.181201 0.961780
1305032224.509196 -0.954976 0.376062 0.796456 0.185658 0.038802 0.185850 0.964098
1305032224.543818 -0.934706 0.363706 0.808711 0.179525 0.060755 0.185607 0.964173
1305032224.575784 -0.939071 0.341911 0.804348 0.177747 0.094657 0.181351 0.962579
1305032224.609280 -0.948090 0.324511 0.808323 0.186766 0.119082 0.175991 0.959148
1305032224.643591 -0.953500 0.335928 0.773348 0.208979 0.131629 0.169961 0.953999
1305032224.675770 -0.954851 0.322912 0.768195 0.220133 0.141432 0.157449 0.952233
1305032224.708117 -0.957741 0.303977 0.758367 0.231344 0.152120 0.145456 0.949833
1305032224.743670 -0.968333 0.273607 0.743791 0.246131 0.168084 0.134900 0.944971
1305032224.775834 -1.019998 0.271796 0.712150 0.257076 0.189845 0.129339 0.938692
1305032224.809208 -1.021115 0.231493 0.694856 0.261574 0.210132 0.130639 0.932929
1305032224.843828 -1.071745 0.223317 0.691975 0.273131 0.238621 0.134160 0.922204
1305032224.875739 -1.115626 0.218717 0.728187 0.282626 0.263003 0.144964 0.911009
1305032224.909028 -1.129260 0.222992 0.766509 0.302948 0.275876 0.152423 0.899379
1305032224.943738 -1.148164 0.240204 0.791956 0.320126 0.283900 0.160161 0.889533
1305032224.975735 -1.155533 0.246552 0.798509 0.325557 0.282911 0.174017 0.885264
1305032225.009043 -1.180049 0.283666 0.835473 0.327231 0.287056 0.182628 0.881570
1305032225.043737 -1.210073 0.196056 0.848559 0.317558 0.298104 0.198205 0.878069
1305032225.076137 -1.224231 0.184894 0.851752 0.320666 0.299997 0.207244 0.874200
1305032225.109016 -1.235472 0.213342 0.867310 0.318255 0.300029 0.212732 0.873751
1305032225.143748 -1.234019 0.195860 0.856869 0.310021 0.295683 0.218530 0.876757
1305032225.175773 -1.243005 0.180552 0.864316 0.303184 0.296225 0.214892 0.879859
1305032225.209266 -1.251716 0.179088 0.867930 0.293054 0.298218 0.216654 0.882183
1305032225.243773 -1.258786 0.184105 0.873686 0.277399 0.295733 0.228603 0.885061
1305032225.275774 -1.268033 0.216067 0.889844 0.271492 0.288085 0.238731 0.886739
1305032225.307935 -1.272882 0.232873 0.895525 0.258732 0.275568 0.248742 0.891767
1305032225.343745 -1.263908 0.243435 0.878834 0.237682 0.259542 0.257331 0.899959
1305032225.377337 -1.245682 0.260004 0.874926 0.213175 0.247598 0.259245 0.908869
1305032225.408534 -1.254553 0.283384 0.894996 0.192821 0.243009 0.261240 0.914068
1305032225.443728 -1.262413 0.304175 0.917250 0.168259 0.243050 0.260609 0.919075
1305032225.475734 -1.268137 0.309799 0.930007 0.139254 0.248422 0.259272 0.922861
1305032225.508251 -1.277307 0.325996 0.942901 0.118138 0.252783 0.261086 0.924109
1305032225.543854 -1.285865 0.344740 0.956900 0.096280 0.253004 0.259626 0.926992
1305032225.575700 -1.294336 0.366100 0.971076 0.076540 0.250828 0.256717 0.930228
1305032225.608266 -1.300112 0.383456 0.988077 0.052020 0.245824 0.251001 0.934806
1305032225.643795 -1.299596 0.392804 1.001347 0.025117 0.241137 0.245221 0.938663
1305032225.675786 -1.299539 0.404810 1.016463 0.001194 0.239684 0.240774 0.940520
1305032225.708999 -1.300916 0.418609 1.029926 -0.017950 0.239667 0.243134 0.939746
1305032225.743720 -1.299254 0.427621 1.040226 -0.036859 0.238968 0.246259 0.938558
1305032225.776307 -1.298778 0.440902 1.048749 -0.054537 0.239236 0.247688 0.937253
1305032225.808841 -1.300498 0.456527 1.056993 -0.067652 0.238419 0.254132 0.934878
1305032225.843676 -1.299281 0.466969 1.068096 -0.073588 0.234637 0.260496 0.933634
1305032225.875686 -1.291927 0.463685 1.070787 -0.076819 0.231989 0.260236 0.934108
1305032225.908879 -1.283210 0.462723 1.075347 -0.076645 0.230711 0.264218 0.933320
1305032225.943708 -1.273940 0.471191 1.087509 -0.072318 0.232961 0.270888 0.931192
1305032225.976297 -1.266699 0.471828 1.090911 -0.069986 0.235921 0.279100 0.928195
1305032226.008103 -1.260681 0.472046 1.088723 -0.065142 0.236563 0.284750 0.926667
1305032226.043698 -1.252486 0.472937 1.084940 -0.062347 0.236509 0.287374 0.926063
1305032226.076757 -1.245001 0.472036 1.085792 -0.059594 0.240244 0.290493 0.924308
1305032226.108986 -1.238051 0.472153 1.082629 -0.055775 0.244163 0.290602 0.923485
1305032226.143714 -1.231572 0.472624 1.084941 -0.048170 0.250049 0.293024 0.921570
1305032226.175645 -1.224765 0.472609 1.084643 -0.036070 0.254454 0.297836 0.919373
1305032226.208429 -1.217380 0.470066 1.087977 -0.023255 0.258583 0.297954 0.918595
1305032226.243687 -1.222287 0.474748 1.087763 -0.004118 0.266517 0.300807 0.915678
1305032226.276693 -1.202590 0.469795 1.084025 0.008076 0.264401 0.292113 0.919074
1305032226.308666 -1.190723 0.468002 1.081152 0.024103 0.270523 0.292092 0.917016
1305032226.343669 -1.179655 0.469613 1.076819 0.038988 0.276803 0.293901 0.914047
1305032226.376429 -1.171189 0.471009 1.081366 0.048426 0.278719 0.296434 0.912194
1305032226.409019 -1.158322 0.468749 1.082685 0.062257 0.277717 0.296633 0.911596
1305032226.443656 -1.146234 0.474280 1.082544 0.079863 0.277771 0.291306 0.911924
1305032226.476691 -1.136896 0.481187 1.081750 0.092610 0.280603 0.278700 0.913790
1305032226.508787 -1.127739 0.486841 1.082997 0.095350 0.278512 0.278253 0.914284
1305032226.543646 -1.116806 0.486344 1.089612 0.099055 0.277793 0.283738 0.912421
1305032226.576406 -1.112743 0.497213 1.088681 0.107990 0.273757 0.294576 0.909187
1305032226.607823 -1.103121 0.504263 1.095876 0.102190 0.265784 0.308138 0.907726
1305032226.643805 -1.084264 0.503536 1.090726 0.097521 0.271779 0.317223 0.903325
1305032226.676733 -1.077241 0.507982 1.096449 0.110847 0.295287 0.317349 0.894320
1305032226.707954 -1.086084 0.525295 1.092450 0.111696 0.312524 0.312771 0.889959
1305032226.743773 -1.079355 0.515056 1.089589 0.099711 0.325085 0.296817 0.892344
1305032226.775629 -1.079642 0.524981 1.088071 0.107624 0.337963 0.276341 0.893215
1305032226.808383 -1.081518 0.524694 1.089422 0.108030 0.345275 0.262586 0.894518
1305032226.843947 -1.081435 0.526283 1.088923 0.114926 0.344582 0.251880 0.897002
1305032226.875707 -1.084556 0.532617 1.090456 0.118632 0.338198 0.253850 0.898392
1305032226.908144 -1.107174 0.522584 1.092402 0.114534 0.330895 0.266592 0.897953
1305032226.943730 -1.110794 0.524423 1.085955 0.119335 0.313257 0.286067 0.897661
1305032226.975611 -1.108450 0.509897 1.088192 0.124894 0.292587 0.309160 0.896222
1305032227.007936 -1.107496 0.521379 1.076002 0.149838 0.268719 0.328345 0.893044
1305032227.044594 -1.098432 0.521924 1.043401 0.164272 0.253397 0.335341 0.892385
1305032227.075600 -1.091549 0.522323 1.032581 0.180972 0.262075 0.320843 0.891978
1305032227.107680 -1.096958 0.526904 1.030172 0.185656 0.281153 0.306874 0.890120
1305032227.143906 -1.106763 0.527267 1.022319 0.179066 0.302801 0.293183 0.888983
1305032227.175834 -1.119219 0.519177 1.022570 0.176822 0.316049 0.286399 0.887031
1305032227.207793 -1.123373 0.510492 1.015759 0.183593 0.319565 0.280077 0.886413
1305032227.243619 -1.133797 0.512088 1.014423 0.194298 0.320785 0.283515 0.882590
1305032227.275640 -1.136008 0.509959 1.005398 0.200779 0.317638 0.294825 0.878562
1305032227.307649 -1.138638 0.513585 0.996888 0.205016 0.320461 0.300111 0.874761
1305032227.343627 -1.143675 0.517378 0.981655 0.204899 0.328383 0.299551 0.872038
1305032227.375648 -1.153779 0.519676 0.973125 0.198157 0.339215 0.293193 0.871610
1305032227.407676 -1.161950 0.519518 0.972120 0.193576 0.350148 0.282687 0.871787
1305032227.444493 -1.172613 0.524514 0.961126 0.189958 0.358123 0.268343 0.873874
1305032227.475540 -1.211034 0.538030 0.953937 0.184738 0.367555 0.257761 0.874262
1305032227.507685 -1.216452 0.539943 0.952557 0.169683 0.378055 0.266799 0.870115
1305032227.543608 -1.217585 0.542460 0.957561 0.167142 0.391862 0.277742 0.861027
1305032227.576260 -1.244148 0.559317 0.957065 0.168512 0.400617 0.297832 0.849945
1305032227.608422 -1.231170 0.566746 0.972222 0.162345 0.406169 0.318732 0.840881
1305032227.643986 -1.261532 0.560294 0.971123 0.163742 0.420837 0.333224 0.827676
1305032227.675702 -1.289125 0.565664 0.957319 0.158201 0.422996 0.346787 0.822062
