# timestamp tx ty tz qx qy qz qw
1305032180.416768 0.000000 0.000000 0.000000 0.000000 0.000000 0.000000 1.000000
1305032180.449191 0.001676 0.027388 -0.005988 0.014921 -0.001942 -0.005350 0.999872
1305032180.480837 0.005568 0.058757 -0.008556 0.024871 -0.002391 -0.013202 0.999601
1305032180.516840 0.005462 0.084863 -0.010949 0.027130 -0.001219 -0.018976 0.999451
1305032180.548937 0.004555 0.115301 -0.010752 0.026163 -0.001606 -0.022426 0.999405
1305032180.581332 0.006602 0.137720 -0.010349 0.020298 -0.002465 -0.026205 0.999447
1305032180.616763 0.009547 0.155031 -0.008296 0.017314 -0.000866 -0.025627 0.999521
1305032180.648962 0.010475 0.168266 -0.003621 0.021231 0.002455 -0.022685 0.999514
1305032180.680825 0.009574 0.183101 -0.003413 0.031635 0.004013 -0.020302 0.999285
1305032180.717342 0.011695 0.216549 -0.003108 0.046504 0.004400 -0.020619 0.998696
1305032180.748819 0.014899 0.239053 -0.007951 0.051584 0.005810 -0.021481 0.998421
1305032180.780850 0.020518 0.263830 -0.012372 0.054762 0.008405 -0.021485 0.998233
1305032180.816787 0.021700 0.284197 -0.013828 0.055286 0.013423 -0.020626 0.998167
1305032180.848954 0.023492 0.302093 -0.012182 0.056526 0.017707 -0.020903 0.998025
1305032180.880917 0.021759 0.317084 -0.009482 0.061166 0.020673 -0.019743 0.997718
1305032180.916865 0.019667 0.335363 -0.008875 0.071481 0.020861 -0.020332 0.997016
1305032180.948907 0.022086 0.356321 -0.013495 0.080487 0.020454 -0.022633 0.996289
1305032180.980907 0.023291 0.373314 -0.013879 0.090399 0.021828 -0.027454 0.995288
1305032181.016753 0.023442 0.392642 -0.016523 0.100961 0.022570 -0.033432 0.994072
1305032181.048957 0.020975 0.409010 -0.017398 0.109971 0.021427 -0.040361 0.992884
1305032181.080911 0.019019 0.426803 -0.019162 0.121087 0.016081 -0.047668 0.991366
1305032181.116902 0.021090 0.445449 -0.021606 0.129349 0.010141 -0.060974 0.989671
1305032181.148803 0.021090 0.461012 -0.021588 0.136553 0.007425 -0.071429 0.988026
1305032181.181078 0.018476 0.487036 -0.022817 0.140322 0.002968 -0.075100 0.987249
1305032181.216791 0.020215 0.504538 -0.025314 0.133643 -0.003235 -0.078120 0.987940
1305032181.248831 0.022920 0.524521 -0.022050 0.125956 -0.005861 -0.076528 0.989062
1305032181.280978 0.023880 0.535770 -0.020366 0.114814 -0.006230 -0.072303 0.990733
1305032181.316657 0.029380 0.543673 -0.015032 0.105890 -0.003367 -0.065922 0.992185
1305032181.348799 0.028063 0.552649 -0.012219 0.099804 0.003821 -0.057575 0.993333
1305032181.380787 0.028350 0.567834 -0.013179 0.094219 0.007532 -0.052013 0.994163
1305032181.416712 0.028166 0.575081 -0.012149 0.085206 0.011859 -0.052097 0.994930
1305032181.448767 0.027517 0.581285 -0.007790 0.081851 0.015960 -0.052558 0.995130
1305032181.480888 0.028513 0.595078 -0.011019 0.076898 0.018866 -0.055318 0.995324
1305032181.517110 0.027414 0.602165 -0.008855 0.068899 0.021704 -0.056777 0.995770
1305032181.549041 0.027359 0.611190 -0.008279 0.062476 0.023054 -0.057064 0.996147
1305032181.580857 0.028033 0.618814 -0.009132 0.054291 0.025204 -0.059239 0.996448
1305032181.616881 0.029918 0.628724 -0.009498 0.044813 0.028082 -0.061380 0.996712
1305032181.648916 0.032488 0.636117 -0.010081 0.031813 0.032550 -0.062175 0.997027
1305032181.681016 0.034418 0.640947 -0.008222 0.019916 0.040605 -0.060019 0.997172
1305032181.716843 0.033611 0.645841 -0.008638 0.011049 0.047954 -0.056561 0.997186
1305032181.748990 0.033611 0.645841 -0.008638 0.011049 0.047954 -0.056561 0.997186
1305032181.780875 0.032638 0.648943 -0.006367 0.006072 0.048809 -0.052826 0.997392
1305032181.816836 0.032672 0.651765 -0.006058 0.003649 0.047076 -0.051756 0.997543
1305032181.848912 0.030672 0.653994 -0.006484 0.000408 0.043518 -0.053458 0.997621
1305032181.880877 0.026928 0.654325 -0.000376 -0.001044 0.041085 -0.053689 0.997712
1305032181.916917 0.025060 0.657078 -0.000019 0.002785 0.037777 -0.049055 0.998078
1305032181.950114 0.029910 0.654408 -0.013702 -0.001033 0.030695 -0.044063 0.998557
1305032181.980850 0.027653 0.651822 -0.009736 -0.007612 0.028500 -0.039542 0.998782
1305032182.016837 0.024410 0.650302 -0.003488 -0.006567 0.029183 -0.037901 0.998834
1305032182.049261 0.022181 0.645160 -0.003378 -0.002146 0.028294 -0.039378 0.998821
1305032182.081072 0.020098 0.639650 -0.004177 -0.000094 0.026417 -0.043710 0.998695
1305032182.116839 0.014709 0.628348 -0.003702 0.004795 0.025920 -0.046339 0.998578
1305032182.148903 0.011157 0.618390 -0.003820 0.009241 0.023893 -0.045255 0.998647
1305032182.180809 0.007234 0.605879 -0.003289 0.011385 0.021435 -0.045308 0.998678
1305032182.216846 0.004087 0.593291 -0.001412 0.018856 0.019178 -0.045772 0.998590
1305032182.248838 0.000269 0.578133 -0.003424 0.024865 0.017348 -0.046541 0.998456
1305032182.280886 -0.003360 0.561943 -0.006250 0.028376 0.015983 -0.048959 0.998270
1305032182.316854 -0.007136 0.546241 -0.006766 0.031504 0.014792 -0.050532 0.998116
1305032182.348809 -0.011555 0.527728 -0.006270 0.035516 0.013638 -0.052570 0.997892
1305032182.380837 -0.014822 0.509706 -0.006290 0.040936 0.013132 -0.053775 0.997627
1305032182.417061 -0.019151 0.490445 -0.007795 0.047119 0.012370 -0.054290 0.997336
1305032182.449002 -0.022779 0.471277 -0.013903 0.049239 0.012306 -0.054538 0.997221
1305032182.480855 -0.025689 0.452448 -0.016373 0.048542 0.012956 -0.051756 0.997395
1305032182.516842 -0.030993 0.431461 -0.017392 0.050149 0.013643 -0.049922 0.997400
1305032182.548795 -0.035185 0.410455 -0.023303 0.051295 0.015160 -0.048506 0.997390
1305032182.580911 -0.037436 0.392176 -0.033027 0.047194 0.017801 -0.047535 0.997595
1305032182.616769 -0.041670 0.371837 -0.036902 0.039083 0.021383 -0.047644 0.997870
1305032182.648743 -0.047645 0.349771 -0.040769 0.032277 0.022985 -0.048875 0.998019
1305032182.680940 -0.052555 0.326439 -0.044192 0.025184 0.023104 -0.054828 0.997911
1305032182.716969 -0.057237 0.301100 -0.044361 0.019127 0.024571 -0.059691 0.997731
1305032182.749019 -0.064001 0.276455 -0.045924 0.014580 0.024781 -0.062896 0.997606
1305032182.781052 -0.068999 0.248505 -0.047164 0.008863 0.022502 -0.067329 0.997438
1305032182.816828 -0.074272 0.220501 -0.046622 0.006704 0.021917 -0.069248 0.997336
1305032182.848783 -0.080317 0.189474 -0.044157 0.010034 0.019196 -0.068552 0.997412
1305032182.881107 -0.083257 0.165874 -0.051313 0.004123 0.017782 -0.069932 0.997385
1305032182.916860 -0.075773 0.148805 -0.051775 0.000149 0.017053 -0.072278 0.997239
1305032182.948825 -0.079978 0.124417 -0.054754 -0.011434 0.022620 -0.081594 0.996343
1305032182.981101 -0.085522 0.108206 -0.054994 -0.029934 0.026077 -0.091496 0.995014
1305032183.016793 -0.092575 0.083453 -0.049632 -0.054520 0.026216 -0.105156 0.992614
1305032183.048822 -0.099986 0.041581 -0.039590 -0.074689 0.026259 -0.121482 0.989431
1305032183.080929 -0.107337 -0.009566 -0.030528 -0.082295 0.027723 -0.133874 0.987186
1305032183.118077 -0.112500 -0.033762 -0.030124 -0.061043 0.031693 -0.145759 0.986926
1305032183.148943 -0.117775 -0.056917 -0.032539 -0.048373 0.042329 -0.146821 0.987072
1305032183.180752 -0.122128 -0.074250 -0.038289 -0.042619 0.053906 -0.142327 0.987431
1305032183.217065 -0.113607 -0.067996 -0.045919 -0.050285 0.065091 -0.130403 0.988043
1305032183.249343 -0.123518 -0.055701 -0.053811 -0.060865 0.082119 -0.117712 0.987773
1305032183.280841 -0.176171 -0.080733 -0.047471 -0.078599 0.100662 -0.114883 0.985135
1305032183.317034 -0.182953 -0.078941 -0.050522 -0.101963 0.113868 -0.090700 0.984079
1305032183.348643 -0.226627 -0.098463 -0.036832 -0.120319 0.130161 -0.093379 0.979725
1305032183.380784 -0.235994 -0.114337 -0.028443 -0.122481 0.133563 -0.084295 0.979823
1305032183.417050 -0.249326 -0.144474 -0.018589 -0.127819 0.138588 -0.076951 0.979048
1305032183.448870 -0.259222 -0.157291 -0.012118 -0.107024 0.141287 -0.084612 0.980523
1305032183.480747 -0.255622 -0.174368 -0.005137 -0.094155 0.150910 -0.090564 0.979877
1305032183.516841 -0.264507 -0.190086 0.006859 -0.076685 0.170738 -0.095448 0.977680
1305032183.548800 -0.263327 -0.229547 0.013087 -0.083139 0.180695 -0.060526 0.978148
1305032183.581352 -0.282929 -0.237082 0.021204 -0.068612 0.187157 -0.064202 0.977826
1305032183.617016 -0.318580 -0.234453 0.026907 -0.054705 0.194853 -0.064288 0.977193
1305032183.649047 -0.328721 -0.239908 0.032377 -0.049519 0.194664 -0.060378 0.977757
1305032183.680786 -0.341233 -0.248964 0.040620 -0.041680 0.199401 -0.054396 0.977519
1305032183.716899 -0.351837 -0.252918 0.042889 -0.026068 0.206241 -0.046272 0.977059
1305032183.748924 -0.365431 -0.246101 0.047086 -0.015481 0.217184 -0.033702 0.975426
1305032183.780796 -0.378630 -0.239046 0.051897 -0.012363 0.226141 -0.018666 0.973837
1305032183.816827 -0.390917 -0.230556 0.054541 -0.015191 0.230916 -0.004012 0.972847
1305032183.848835 -0.404513 -0.229411 0.061666 -0.024787 0.233354 0.006005 0.972057
1305032183.880829 -0.417897 -0.230109 0.071377 -0.030696 0.233319 0.009981 0.971864
1305032183.916910 -0.431825 -0.226906 0.080570 -0.032949 0.232184 0.011454 0.972046
1305032183.948890 -0.442238 -0.225332 0.091070 -0.032891 0.229236 0.009283 0.972771
1305032183.980795 -0.451311 -0.220730 0.100566 -0.028288 0.228461 0.004032 0.973134
1305032184.016821 -0.461263 -0.215860 0.109160 -0.025220 0.232752 0.004559 0.972198
1305032184.049024 -0.470173 -0.214149 0.123211 -0.018707 0.239164 0.002662 0.970795
1305032184.080840 -0.479122 -0.205189 0.127775 -0.012780 0.246750 0.002538 0.968992
1305032184.116837 -0.484574 -0.198928 0.137137 -0.016072 0.258299 0.007080 0.965905
1305032184.148987 -0.497662 -0.188532 0.148422 -0.020233 0.272590 0.010817 0.961857
1305032184.180725 -0.511470 -0.184887 0.159783 -0.029595 0.282079 0.013597 0.958838
1305032184.216990 -0.520368 -0.184850 0.171902 -0.034806 0.284991 0.008883 0.957857
1305032184.248806 -0.528075 -0.178301 0.178840 -0.041585 0.289572 0.006731 0.956229
1305032184.280893 -0.540664 -0.174204 0.192356 -0.048041 0.297094 0.011669 0.953567
1305032184.316771 -0.552664 -0.170714 0.206246 -0.056005 0.300411 0.018177 0.951991
1305032184.348790 -0.567768 -0.171759 0.225197 -0.064484 0.299523 0.017766 0.951742
1305032184.380890 -0.574260 -0.170444 0.235966 -0.068257 0.294248 0.015864 0.953156
1305032184.416859 -0.582194 -0.169379 0.248365 -0.071079 0.290677 0.016375 0.954037
1305032184.448922 -0.590241 -0.167406 0.262518 -0.073330 0.286768 0.014600 0.955078
1305032184.480939 -0.597910 -0.167712 0.271728 -0.076553 0.282820 0.011032 0.956050
1305032184.517404 -0.601566 -0.168587 0.280869 -0.080587 0.280998 0.005809 0.956301
1305032184.548890 -0.609644 -0.170378 0.287694 -0.086482 0.283478 -0.002227 0.955069
1305032184.580889 -0.621941 -0.173636 0.299064 -0.094126 0.286506 -0.008519 0.953406
1305032184.616917 -0.635857 -0.176202 0.306272 -0.103007 0.283955 -0.016081 0.953153
1305032184.648802 -0.646234 -0.181312 0.309269 -0.119497 0.277137 -0.020762 0.953144
1305032184.680796 -0.654554 -0.192993 0.320015 -0.141524 0.272593 -0.028243 0.951245
1305032184.716820 -0.663975 -0.205923 0.332565 -0.158313 0.272041 -0.036641 0.948466
1305032184.749228 -0.676899 -0.221820 0.348136 -0.167663 0.271506 -0.045497 0.946627
1305032184.780723 -0.687576 -0.242262 0.358647 -0.169844 0.266859 -0.054040 0.947111
1305032184.816841 -0.697634 -0.257936 0.370600 -0.161105 0.266121 -0.062391 0.948331
1305032184.848695 -0.708381 -0.264223 0.369641 -0.144490 0.267854 -0.065476 0.950310
1305032184.880788 -0.720263 -0.271543 0.373581 -0.133488 0.267325 -0.070442 0.951712
1305032184.918061 -0.734308 -0.279097 0.375137 -0.123837 0.259253 -0.078589 0.954608
1305032184.948747 -0.745225 -0.285145 0.375794 -0.112093 0.244614 -0.082949 0.959541
1305032184.980871 -0.756578 -0.287823 0.378728 -0.105251 0.229377 -0.082759 0.964085
1305032185.016830 -0.778894 -0.287385 0.399863 -0.100386 0.220606 -0.076981 0.967124
1305032185.048753 -0.785451 -0.289514 0.401808 -0.090460 0.197185 -0.067068 0.973877
1305032185.080761 -0.790464 -0.286757 0.404334 -0.085969 0.175014 -0.051904 0.979431
1305032185.116901 -0.790464 -0.286757 0.404334 -0.085969 0.175014 -0.051904 0.979431
1305032185.148855 -0.795235 -0.282591 0.411120 -0.090066 0.154484 -0.052856 0.982461
1305032185.180921 -0.782064 -0.275709 0.418854 -0.104526 0.137122 -0.062526 0.983037
1305032185.216821 -0.784459 -0.281815 0.430354 -0.122584 0.128942 -0.077761 0.980969
1305032185.248744 -0.796845 -0.284272 0.437662 -0.121829 0.131544 -0.082557 0.980326
1305032185.280816 -0.783501 -0.277755 0.436190 -0.123961 0.132548 -0.085459 0.979674
1305032185.316975 -0.754228 -0.294768 0.441166 -0.138108 0.139588 -0.089367 0.976450
1305032185.348836 -0.744695 -0.295472 0.445676 -0.141522 0.171779 -0.095875 0.970191
1305032185.380713 -0.756134 -0.277000 0.430374 -0.137522 0.193776 -0.096352 0.966569
1305032185.416853 -0.804341 -0.286653 0.405480 -0.132101 0.168990 -0.094712 0.972122
1305032185.448824 -0.818222 -0.286778 0.406627 -0.126023 0.201622 -0.098787 0.966286
1305032185.480750 -0.827092 -0.288984 0.406556 -0.126059 0.228273 -0.098013 0.960414
1305032185.517917 -0.712534 -0.318430 0.375292 -0.135625 0.189584 -0.091994 0.968091
1305032185.548794 -0.732748 -0.321642 0.381733 -0.138626 0.205985 -0.083226 0.965104
1305032185.580817 -0.744968 -0.327065 0.391171 -0.145047 0.209644 -0.074748 0.964066
1305032185.616813 -0.757067 -0.336528 0.399934 -0.144327 0.210782 -0.072834 0.964072
1305032185.649137 -0.767901 -0.341316 0.405754 -0.143064 0.212718 -0.066056 0.964324
1305032185.681076 -0.779207 -0.351248 0.414050 -0.138599 0.215944 -0.059429 0.964690
1305032185.717989 -0.789364 -0.353323 0.414720 -0.134131 0.220596 -0.049958 0.964806
1305032185.748780 -0.801355 -0.358897 0.420326 -0.139792 0.226422 -0.038925 0.963159
1305032185.780788 -0.815278 -0.367516 0.429797 -0.142002 0.229909 -0.028568 0.962373
1305032185.816914 -0.831031 -0.369008 0.436718 -0.142451 0.227852 -0.019431 0.963023
1305032185.848739 -0.841183 -0.373034 0.440406 -0.155984 0.222113 -0.015142 0.962344
1305032185.880792 -0.848742 -0.380573 0.447419 -0.165504 0.218874 -0.012824 0.961529
1305032185.916774 -0.857215 -0.387898 0.454396 -0.167750 0.218235 -0.011322 0.961304
1305032185.948832 -0.866788 -0.394487 0.456175 -0.161179 0.220621 -0.010939 0.961888
1305032185.980891 -0.876904 -0.398406 0.458089 -0.155665 0.225868 -0.012859 0.961554
1305032186.016729 -0.890537 -0.399869 0.457413 -0.152535 0.231568 -0.014429 0.960677
1305032186.048853 -0.903789 -0.398906 0.458513 -0.154771 0.234668 -0.014191 0.959570
1305032186.080866 -0.912627 -0.402239 0.462966 -0.157396 0.233529 -0.016224 0.959389
1305032186.116745 -0.919148 -0.403528 0.463171 -0.157730 0.231803 -0.020188 0.959677
1305032186.149175 -0.925596 -0.403026 0.462864 -0.160700 0.232511 -0.023615 0.958935
1305032186.180852 -0.929393 -0.405780 0.468148 -0.164805 0.235243 -0.026116 0.957506
1305032186.206345 -0.935764 -0.407264 0.472348 -0.167929 0.238732 -0.028016 0.956045
1305032186.238254 -0.940324 -0.410555 0.477246 -0.171707 0.241386 -0.028475 0.954693
1305032186.274478 -0.941385 -0.416319 0.483754 -0.176082 0.245504 -0.029589 0.952810
1305032186.306444 -0.944977 -0.420343 0.491700 -0.178548 0.252133 -0.029693 0.950614
1305032186.338305 -0.949085 -0.426017 0.502139 -0.179708 0.255794 -0.028805 0.949444
1305032186.374424 -0.949947 -0.433106 0.512065 -0.175667 0.256049 -0.026383 0.950202
1305032186.406432 -0.949538 -0.435634 0.513671 -0.171932 0.257858 -0.025282 0.950426
1305032186.438324 -0.947934 -0.444226 0.524594 -0.172007 0.262132 -0.021743 0.949330
1305032186.474472 -0.946574 -0.445772 0.527901 -0.168275 0.266504 -0.017815 0.948863
1305032186.506702 -0.944029 -0.450343 0.538243 -0.171966 0.271679 -0.014304 0.946791
1305032186.538288 -0.937368 -0.456639 0.547673 -0.167595 0.274830 -0.010687 0.946713
1305032186.574586 -0.933052 -0.456268 0.546384 -0.164628 0.280563 -0.008347 0.945575
1305032186.606308 -0.930028 -0.459791 0.559342 -0.167283 0.287967 -0.005887 0.942898
1305032186.638328 -0.928725 -0.459727 0.562301 -0.167148 0.290121 -0.004740 0.942268
1305032186.674491 -0.924888 -0.458621 0.567364 -0.174305 0.291326 -0.001948 0.940608
1305032186.706281 -0.926625 -0.459613 0.574173 -0.182222 0.289681 0.000244 0.939617
1305032186.738284 -0.930682 -0.458764 0.579638 -0.190104 0.286691 0.005221 0.938958
1305032186.774426 -0.933177 -0.461686 0.586574 -0.197673 0.280122 0.010621 0.939332
1305032186.806294 -0.946595 -0.461652 0.601726 -0.199551 0.276387 0.017299 0.939942
1305032186.838316 -0.951424 -0.459779 0.602466 -0.204488 0.261422 0.021005 0.943081
1305032186.874420 -0.957303 -0.458293 0.605633 -0.211583 0.242258 0.025417 0.946519
1305032186.906311 -0.957303 -0.458293 0.605633 -0.211583 0.242258 0.025417 0.946519
1305032186.938335 -0.961341 -0.457082 0.604696 -0.207746 0.223102 0.022772 0.952128
1305032186.974466 -0.961683 -0.455378 0.605968 -0.206850 0.207885 0.021232 0.955796
1305032187.006347 -1.027279 -0.461521 0.670724 -0.202657 0.247840 0.036369 0.946669
1305032187.038369 -1.028444 -0.458841 0.672180 -0.204520 0.248027 0.035803 0.946241
1305032187.074485 -1.028904 -0.460977 0.678619 -0.204562 0.250806 0.034979 0.945530
1305032187.106300 -1.036074 -0.460149 0.673080 -0.204078 0.251512 0.031641 0.945565
1305032187.138388 -1.034549 -0.460863 0.672007 -0.207373 0.252138 0.030383 0.944722
1305032187.174344 -1.041035 -0.466066 0.685281 -0.207233 0.262413 0.033369 0.941849
1305032187.206315 -1.047524 -0.468906 0.688419 -0.206398 0.271026 0.031403 0.939659
1305032187.238306 -1.052950 -0.472435 0.695446 -0.207234 0.280344 0.029944 0.936784
1305032187.274410 -1.063484 -0.476006 0.698592 -0.207088 0.287919 0.030554 0.934496
1305032187.306310 -1.067677 -0.481679 0.706712 -0.209657 0.293542 0.034223 0.932044
1305032187.338238 -1.072906 -0.486750 0.713376 -0.207476 0.298212 0.040815 0.930783
1305032187.374465 -1.076476 -0.491520 0.717583 -0.206468 0.302091 0.048349 0.929395
1305032187.406431 -1.075867 -0.497141 0.724701 -0.205104 0.308221 0.057557 0.927157
1305032187.438345 -1.081476 -0.499724 0.730165 -0.204429 0.315233 0.063972 0.924524
1305032187.474252 -1.081058 -0.505822 0.739627 -0.207211 0.320369 0.071133 0.921612
1305032187.506288 -1.079906 -0.511263 0.749074 -0.206097 0.323848 0.077430 0.920137
1305032187.538394 -1.076614 -0.517652 0.756387 -0.201666 0.327594 0.080660 0.919515
1305032187.574353 -1.068821 -0.518234 0.762660 -0.191122 0.337229 0.082780 0.918094
1305032187.606376 -1.071244 -0.515668 0.770797 -0.185174 0.351921 0.086568 0.913438
1305032187.638551 -1.068889 -0.516902 0.780948 -0.182901 0.364939 0.094940 0.907939
1305032187.674515 -1.070924 -0.517720 0.789563 -0.181162 0.376637 0.101278 0.902811
1305032187.706690 -1.065720 -0.518895 0.802080 -0.181087 0.385653 0.110226 0.897959
1305032187.738344 -1.058746 -0.519730 0.812557 -0.175665 0.392098 0.114772 0.895672
1305032187.774385 -1.051909 -0.520803 0.822768 -0.172349 0.397952 0.116202 0.893548
1305032187.806253 -1.046474 -0.522245 0.833244 -0.164718 0.402582 0.118034 0.892672
1305032187.838326 -1.043006 -0.519329 0.840576 -0.159025 0.405813 0.118574 0.892170
1305032187.874314 -1.038490 -0.514696 0.848499 -0.156813 0.409225 0.118958 0.890951
1305032187.906341 -1.031478 -0.512515 0.858685 -0.156895 0.411291 0.120800 0.889736
1305032187.938404 -1.025528 -0.508848 0.867454 -0.158420 0.412076 0.120682 0.889119
1305032187.974333 -1.018415 -0.505546 0.878015 -0.161483 0.412245 0.121851 0.888330
1305032188.006755 -1.004413 -0.501629 0.888571 -0.164605 0.410775 0.121572 0.888476
1305032188.038347 -0.992611 -0.496075 0.895711 -0.167236 0.412071 0.118716 0.887770
1305032188.074366 -0.976636 -0.494311 0.905121 -0.169559 0.416599 0.118058 0.885301
1305032188.106358 -0.961509 -0.491566 0.914218 -0.163251 0.424363 0.116716 0.882974
1305032188.138393 -0.949444 -0.487235 0.922520 -0.157820 0.433808 0.114595 0.879643
1305032188.174531 -0.943750 -0.478622 0.930208 -0.155396 0.444040 0.112448 0.875235
1305032188.206385 -0.933490 -0.476883 0.943608 -0.160896 0.452558 0.114752 0.869561
1305032188.238300 -0.921794 -0.475728 0.954639 -0.159742 0.457931 0.115011 0.866922
1305032188.274246 -0.916499 -0.460194 0.957822 -0.164583 0.462844 0.112568 0.863722
1305032188.306298 -0.901075 -0.471083 0.971665 -0.181352 0.471274 0.114184 0.855555
1305032188.338463 -0.892596 -0.470346 0.977806 -0.180448 0.481257 0.111174 0.850571
1305032188.374255 -0.889256 -0.471042 0.985523 -0.185613 0.495186 0.112135 0.841287
1305032188.406411 -0.882492 -0.479936 1.004384 -0.185526 0.507987 0.115127 0.833232
1305032188.438404 -0.881648 -0.484489 1.015080 -0.178035 0.512136 0.112991 0.832618
1305032188.474384 -0.882241 -0.487695 1.023679 -0.175731 0.513344 0.113121 0.832346
1305032188.506372 -0.880119 -0.490928 1.031282 -0.174684 0.514038 0.116890 0.831617
1305032188.538361 -0.878986 -0.493535 1.041332 -0.176552 0.516902 0.122065 0.828699
1305032188.574421 -0.872271 -0.497988 1.050621 -0.183062 0.516768 0.127517 0.826546
1305032188.606360 -0.864626 -0.500697 1.058150 -0.187508 0.518243 0.131950 0.823926
1305032188.638700 -0.856713 -0.504741 1.066144 -0.193118 0.521882 0.133774 0.820030
1305032188.674410 -0.851094 -0.507566 1.078595 -0.197417 0.526606 0.132905 0.816118
1305032188.706357 -0.849064 -0.507437 1.088313 -0.197825 0.528740 0.133356 0.814565
1305032188.739249 -0.840295 -0.507583 1.094431 -0.200333 0.530787 0.134865 0.812369
1305032188.774344 -0.832696 -0.507138 1.101087 -0.201889 0.537333 0.132375 0.808079
1305032188.806323 -0.831018 -0.506056 1.109326 -0.206163 0.545635 0.127947 0.802127
1305032188.839225 -0.824807 -0.506739 1.124732 -0.208033 0.553030 0.124943 0.797038
1305032188.874344 -0.821243 -0.507379 1.137283 -0.200057 0.556475 0.125121 0.796654
1305032188.906314 -0.819456 -0.504241 1.143449 -0.191847 0.556536 0.124395 0.798742
1305032188.939488 -0.815690 -0.502388 1.150788 -0.183867 0.558790 0.123585 0.799171
1305032188.974616 -0.816922 -0.497176 1.158592 -0.178702 0.562752 0.122404 0.797743
1305032189.006344 -0.815184 -0.495819 1.171082 -0.175534 0.566340 0.126058 0.795334
1305032189.039201 -0.806279 -0.496547 1.180627 -0.165835 0.567554 0.129323 0.796026
1305032189.074311 -0.804251 -0.488613 1.185949 -0.154941 0.572984 0.125425 0.794953
1305032189.106462 -0.803886 -0.485980 1.197172 -0.150292 0.580862 0.125246 0.790142
1305032189.139020 -0.798929 -0.483364 1.207996 -0.140935 0.587747 0.125804 0.786679
1305032189.174337 -0.800717 -0.478422 1.218187 -0.134626 0.593679 0.120924 0.784091
1305032189.206328 -0.800653 -0.475722 1.229333 -0.132759 0.596993 0.115517 0.782707
1305032189.239113 -0.797513 -0.473915 1.240633 -0.130477 0.597334 0.107465 0.783976
1305032189.274280 -0.798305 -0.467176 1.248531 -0.126324 0.594752 0.098009 0.787850
1305032189.306419 -0.792744 -0.465408 1.253013 -0.123539 0.591922 0.091894 0.791152
1305032189.339043 -0.789509 -0.458274 1.254346 -0.114243 0.592640 0.080822 0.793218
1305032189.374296 -0.790973 -0.450256 1.252863 -0.112468 0.594528 0.070531 0.793040
1305032189.406454 -0.784578 -0.445905 1.258692 -0.116013 0.595111 0.062042 0.792802
1305032189.439203 -0.783133 -0.433000 1.261400 -0.117169 0.592196 0.055921 0.795266
1305032189.474381 -0.776639 -0.427983 1.261727 -0.125200 0.586043 0.053027 0.798791
1305032189.506417 -0.771266 -0.420095 1.258529 -0.132211 0.581568 0.050122 0.801116
1305032189.539204 -0.756067 -0.427543 1.256921 -0.141138 0.579039 0.048340 0.801535
1305032189.574311 -0.751840 -0.426232 1.251083 -0.138090 0.580510 0.040034 0.801459
1305032189.607261 -0.751179 -0.422466 1.250245 -0.137891 0.586011 0.036976 0.797628
1305032189.639158 -0.745326 -0.421375 1.251909 -0.134110 0.590258 0.036610 0.795154
1305032189.674631 -0.745288 -0.414645 1.250414 -0.133125 0.593142 0.034914 0.793247
1305032189.707346 -0.741382 -0.417045 1.251763 -0.139582 0.596159 0.032860 0.789957
1305032189.738256 -0.738030 -0.417355 1.256389 -0.142802 0.598965 0.031658 0.787304
1305032189.774494 -0.735007 -0.418036 1.258654 -0.144692 0.599688 0.032812 0.786360
1305032189.807118 -0.730702 -0.422413 1.259720 -0.146010 0.600167 0.031802 0.785792
1305032189.839133 -0.730687 -0.421432 1.261680 -0.145560 0.602473 0.030474 0.784162
1305032189.874440 -0.727865 -0.422793 1.266290 -0.145274 0.605260 0.032792 0.781972
1305032189.907291 -0.724138 -0.426628 1.270663 -0.143532 0.606303 0.033503 0.781456
1305032189.939176 -0.726851 -0.415868 1.270969 -0.143163 0.608454 0.033266 0.779860
1305032189.974388 -0.724493 -0.419557 1.282215 -0.150634 0.614029 0.040656 0.773709
1305032190.007331 -0.721558 -0.423415 1.290010 -0.155013 0.617726 0.049676 0.769362
1305032190.039183 -0.716138 -0.429054 1.298610 -0.161988 0.618343 0.059673 0.766714
1305032190.074353 -0.713865 -0.436106 1.306074 -0.167575 0.619822 0.066394 0.763761
1305032190.106919 -0.708862 -0.442163 1.312975 -0.171809 0.623092 0.070659 0.759767
1305032190.139118 -0.703787 -0.455366 1.318678 -0.173915 0.630353 0.074574 0.752893
1305032190.174382 -0.704840 -0.459094 1.324379 -0.166703 0.645054 0.078388 0.741600
1305032190.206527 -0.700530 -0.469586 1.328475 -0.161762 0.661893 0.085075 0.726975
1305032190.238598 -0.709800 -0.469107 1.330229 -0.149464 0.683716 0.084311 0.709285
1305032190.274436 -0.726359 -0.441354 1.340770 -0.135740 0.682476 0.068364 0.714932
1305032190.306776 -0.738451 -0.450927 1.351862 -0.123290 0.705067 0.065036 0.695306
1305032190.338705 -0.743868 -0.477611 1.367671 -0.126434 0.722115 0.065177 0.676991
1305032190.374553 -0.760659 -0.481471 1.370427 -0.126966 0.735465 0.066216 0.662258
1305032190.406774 -0.766737 -0.495094 1.376747 -0.136845 0.745236 0.067955 0.649060
1305032190.438393 -0.775283 -0.502275 1.388987 -0.141458 0.753883 0.068928 0.637887
1305032190.474512 -0.786400 -0.509276 1.393426 -0.138798 0.759022 0.079570 0.631102
1305032190.507021 -0.798468 -0.512627 1.397366 -0.138555 0.763578 0.092031 0.623924
1305032190.539574 -0.809983 -0.512589 1.400778 -0.141939 0.769650 0.105837 0.613425
1305032190.574522 -0.816307 -0.518962 1.404636 -0.147891 0.774721 0.126453 0.601619
1305032190.606628 -0.820789 -0.526971 1.407021 -0.154885 0.778423 0.147041 0.590294
1305032190.638351 -0.820789 -0.526971 1.407021 -0.154885 0.778423 0.147041 0.590294
1305032190.674511 -0.819988 -0.537823 1.409539 -0.153582 0.782412 0.159045 0.582193
1305032190.707805 -0.828091 -0.540753 1.407912 -0.146314 0.788862 0.162875 0.574248
1305032190.739542 -0.841797 -0.540327 1.403740 -0.139160 0.797376 0.163326 0.564049
1305032190.774406 -0.852023 -0.539291 1.405807 -0.129118 0.807578 0.158736 0.553127
1305032190.807353 -0.864672 -0.539904 1.411230 -0.120274 0.816624 0.158531 0.541781
1305032190.839295 -0.873334 -0.544121 1.414280 -0.119877 0.825352 0.164423 0.526677
1305032190.874702 -0.881762 -0.546090 1.417418 -0.123534 0.835095 0.170788 0.508122
1305032190.906872 -0.882705 -0.550984 1.425912 -0.128009 0.845123 0.180606 0.486582
1305032190.938298 -0.875341 -0.555823 1.435616 -0.123436 0.854086 0.190508 0.467983
1305032190.974293 -0.877993 -0.557274 1.438380 -0.116019 0.857653 0.194957 0.461479
1305032191.007388 -0.882105 -0.563187 1.431701 -0.114879 0.855030 0.198513 0.465101
1305032191.039147 -0.878254 -0.574002 1.396891 -0.121869 0.840929 0.195052 0.489839
1305032191.075542 -0.874832 -0.571986 1.411849 -0.100635 0.849374 0.179585 0.485990
1305032191.107369 -0.885327 -0.583234 1.421517 -0.081005 0.854449 0.172902 0.483177
1305032191.139264 -0.896140 -0.579141 1.435820 -0.066585 0.858771 0.176403 0.476405
1305032191.175154 -0.908382 -0.575462 1.444365 -0.053004 0.863212 0.187802 0.465603
1305032191.206338 -0.916925 -0.575104 1.454201 -0.045833 0.866464 0.207800 0.451618
1305032191.239480 -0.917514 -0.581591 1.466965 -0.035787 0.865418 0.238547 0.439166
1305032191.275365 -0.916778 -0.584937 1.480854 -0.028246 0.862446 0.256457 0.435452
1305032191.307300 -0.914739 -0.586618 1.497920 -0.032294 0.857319 0.266111 0.439484
1305032191.338387 -0.909574 -0.587269 1.515349 -0.036021 0.847962 0.276413 0.450842
1305032191.375372 -0.908879 -0.591694 1.525115 -0.041238 0.836282 0.285442 0.466320
1305032191.407222 -0.911014 -0.596737 1.538226 -0.051513 0.828950 0.290534 0.475161
1305032191.439234 -0.908459 -0.599603 1.548521 -0.060480 0.824888 0.293627 0.479255
1305032191.475122 -0.908490 -0.602412 1.560053 -0.064381 0.823955 0.292201 0.481220
1305032191.507078 -0.913234 -0.604604 1.574034 -0.066743 0.825119 0.287116 0.481963
1305032191.539261 -0.923646 -0.604300 1.590235 -0.071757 0.826593 0.280955 0.482348
1305032191.574951 -0.929943 -0.606505 1.604002 -0.079053 0.827675 0.278969 0.480501
1305032191.607207 -0.934404 -0.605886 1.616352 -0.082007 0.829738 0.275038 0.478711
1305032191.638816 -0.947238 -0.603936 1.630261 -0.084126 0.832172 0.269131 0.477473
1305032191.675288 -0.960464 -0.602292 1.643882 -0.089397 0.834391 0.267917 0.473308
1305032191.707052 -0.963659 -0.600388 1.654827 -0.094023 0.836202 0.268142 0.469069
1305032191.738602 -0.975627 -0.595213 1.664320 -0.091796 0.838505 0.263194 0.468201
1305032191.775242 -0.993833 -0.590749 1.677307 -0.091288 0.840863 0.263732 0.463747
1305032191.807049 -1.005589 -0.588628 1.682079 -0.089383 0.843474 0.270542 0.455378
1305032191.839534 -1.016748 -0.582461 1.685734 -0.087588 0.848892 0.270798 0.445398
1305032191.874538 -1.028368 -0.580434 1.693606 -0.088073 0.855085 0.267735 0.435191
1305032191.906632 -1.037309 -0.576805 1.700167 -0.085738 0.861024 0.260538 0.428261
1305032191.938746 -1.051269 -0.568621 1.710763 -0.078828 0.865938 0.252417 0.424528
1305032191.974172 -1.062894 -0.562347 1.718737 -0.071395 0.868312 0.248375 0.423375
1305032192.006899 -1.082449 -0.550498 1.725767 -0.062741 0.870061 0.243919 0.423746
1305032192.040329 -1.091318 -0.541460 1.734491 -0.064575 0.870192 0.241656 0.424499
1305032192.074296 -1.102838 -0.532413 1.739506 -0.067342 0.868894 0.234706 0.430583
1305032192.107207 -1.120971 -0.519947 1.744168 -0.074740 0.867456 0.230562 0.434483
1305032192.143527 -1.122895 -0.517909 1.743489 -0.083370 0.866812 0.226229 0.436471
1305032192.175138 -1.142442 -0.501792 1.747799 -0.086002 0.870006 0.214607 0.435474
1305032192.207462 -1.153572 -0.494007 1.753238 -0.098684 0.872285 0.215904 0.427511
1305032192.242995 -1.152327 -0.487903 1.753466 -0.104097 0.874524 0.209253 0.424953
1305032192.275322 -1.168523 -0.470079 1.756715 -0.106876 0.876744 0.197554 0.425287
1305032192.307137 -1.169812 -0.458500 1.760650 -0.116657 0.875503 0.195502 0.426222
1305032192.343429 -1.169469 -0.452815 1.756553 -0.127541 0.872206 0.188563 0.432936
1305032192.375351 -1.175427 -0.440059 1.752472 -0.135041 0.870764 0.172991 0.440009
1305032192.406988 -1.178635 -0.429277 1.747227 -0.138820 0.868780 0.162715 0.446626
1305032192.443064 -1.182392 -0.418098 1.742360 -0.137751 0.866671 0.151888 0.454793
1305032192.475136 -1.188505 -0.403699 1.736383 -0.134878 0.862468 0.144164 0.466019
1305032192.507282 -1.197641 -0.392053 1.726274 -0.135077 0.855367 0.142322 0.479422
1305032192.543270 -1.204410 -0.383755 1.714631 -0.136264 0.849372 0.141564 0.489856
1305032192.575287 -1.203757 -0.375379 1.704217 -0.137110 0.844472 0.139421 0.498629
1305032192.607043 -1.212576 -0.365792 1.693157 -0.134654 0.839486 0.134736 0.508899
1305032192.642682 -1.219237 -0.356126 1.683178 -0.135903 0.833120 0.135816 0.518648
1305032192.675331 -1.223851 -0.346871 1.669022 -0.140418 0.823950 0.140110 0.530810
1305032192.706798 -1.222209 -0.340582 1.657776 -0.147448 0.813434 0.145311 0.543571
1305032192.743017 -1.221624 -0.335877 1.642592 -0.152610 0.801456 0.143424 0.560186
1305032192.775674 -1.220835 -0.332979 1.630478 -0.152665 0.788447 0.136251 0.580069
1305032192.807088 -1.229055 -0.326008 1.610711 -0.153170 0.774101 0.128213 0.600723
1305032192.843319 -1.232609 -0.319730 1.594330 -0.156396 0.764988 0.123886 0.612360
1305032192.874268 -1.238387 -0.312168 1.572731 -0.164135 0.757107 0.120340 0.620779
1305032192.906650 -1.242977 -0.303370 1.550288 -0.173970 0.751572 0.119900 0.624898
1305032192.942718 -1.239930 -0.300242 1.534204 -0.184922 0.746429 0.121070 0.627686
1305032192.974691 -1.232684 -0.299679 1.520265 -0.192039 0.736730 0.117831 0.637547
1305032193.006760 -1.229580 -0.296667 1.502407 -0.192631 0.722252 0.109451 0.655184
1305032193.042601 -1.228319 -0.296392 1.479979 -0.186189 0.702891 0.094766 0.679925
1305032193.074613 -1.231128 -0.292569 1.452171 -0.176147 0.682614 0.076660 0.705077
1305032193.106695 -1.237594 -0.282510 1.431450 -0.166048 0.671648 0.063791 0.719199
1305032193.142723 -1.244288 -0.271497 1.404176 -0.165814 0.661409 0.062914 0.728756
1305032193.174586 -1.245589 -0.266221 1.378137 -0.166824 0.652878 0.068547 0.735677
1305032193.206838 -1.245980 -0.262269 1.351586 -0.165386 0.648086 0.079720 0.739106
1305032193.242456 -1.243634 -0.261796 1.334151 -0.162178 0.644415 0.090209 0.741816
1305032193.274520 -1.243937 -0.259043 1.313787 -0.158923 0.633587 0.095340 0.751146
1305032193.310778 -1.241837 -0.258136 1.294679 -0.159279 0.620902 0.098338 0.761210
1305032193.339276 -1.237180 -0.260252 1.277507 -0.157504 0.607324 0.094995 0.772869
1305032193.374757 -1.239928 -0.256075 1.259137 -0.153025 0.592252 0.083279 0.786693
1305032193.410937 -1.239189 -0.255542 1.242390 -0.153349 0.576806 0.072781 0.799051
1305032193.440809 -1.237426 -0.252549 1.224640 -0.148253 0.563152 0.060761 0.810672
1305032193.474361 -1.239222 -0.247127 1.206178 -0.142432 0.552970 0.053244 0.819209
1305032193.508533 -1.240235 -0.243313 1.193011 -0.138309 0.544808 0.051491 0.825472
1305032193.542415 -1.238392 -0.240135 1.182860 -0.133384 0.532662 0.050683 0.834213
1305032193.574902 -1.234813 -0.240299 1.172890 -0.126575 0.515654 0.046852 0.846100
1305032193.610969 -1.231896 -0.233203 1.158201 -0.118497 0.500467 0.038130 0.856760
1305032193.642823 -1.228860 -0.220571 1.140995 -0.116859 0.490041 0.032064 0.863236
1305032193.675595 -1.221518 -0.217413 1.126651 -0.117549 0.483626 0.029200 0.866854
1305032193.709022 -1.219083 -0.208472 1.110589 -0.109200 0.481846 0.026508 0.869021
1305032193.742409 -1.219409 -0.198009 1.097743 -0.102875 0.482280 0.027586 0.869518
1305032193.775435 -1.217255 -0.188067 1.084589 -0.102358 0.482244 0.029560 0.869534
1305032193.811474 -1.216763 -0.176117 1.071857 -0.103118 0.483894 0.031802 0.868448
1305032193.843364 -1.213679 -0.169401 1.059977 -0.105756 0.485934 0.033242 0.866937
1305032193.875019 -1.210078 -0.159677 1.046814 -0.106832 0.489606 0.032829 0.864752
1305032193.911168 -1.208675 -0.153704 1.037164 -0.106690 0.496270 0.033984 0.860917
1305032193.942448 -1.209474 -0.143006 1.028223 -0.102942 0.502311 0.032128 0.857936
1305032193.974516 -1.212448 -0.128842 1.017969 -0.101723 0.507325 0.033962 0.855056
1305032194.011117 -1.212457 -0.119773 1.010632 -0.106857 0.512069 0.039780 0.851343
1305032194.042688 -1.212676 -0.108510 1.004462 -0.116756 0.515646 0.043147 0.847712
1305032194.074383 -1.211850 -0.102723 1.001930 -0.123378 0.518782 0.046083 0.844701
1305032194.110517 -1.212689 -0.092017 1.001123 -0.126509 0.518088 0.049063 0.844495
1305032194.142532 -1.213078 -0.084129 0.999364 -0.128629 0.513808 0.053871 0.846495
1305032194.174640 -1.212214 -0.078670 0.997417 -0.124802 0.509478 0.057192 0.849462
1305032194.210736 -1.215990 -0.066702 0.994687 -0.122114 0.505860 0.056404 0.852064
1305032194.242426 -1.212155 -0.063388 0.992151 -0.119525 0.505566 0.057475 0.852534
1305032194.274526 -1.214267 -0.058049 0.992119 -0.109703 0.509614 0.052254 0.851780
1305032194.310941 -1.218317 -0.050115 0.989475 -0.098369 0.514389 0.048736 0.850501
1305032194.342858 -1.220020 -0.047583 0.990400 -0.084801 0.521447 0.049678 0.847605
1305032194.374876 -1.229736 -0.038654 0.992334 -0.069824 0.527621 0.047520 0.845271
1305032194.407399 -1.236001 -0.032372 0.993661 -0.064233 0.531127 0.049933 0.843377
1305032194.442440 -1.241173 -0.029652 0.994544 -0.062732 0.534703 0.050664 0.841184
1305032194.474539 -1.247461 -0.029087 0.996061 -0.062969 0.539625 0.050704 0.838015
1305032194.510998 -1.255094 -0.027899 0.999003 -0.063117 0.544396 0.052812 0.834781
1305032194.542821 -1.258073 -0.032245 1.000103 -0.068057 0.548091 0.054613 0.831855
1305032194.578566 -1.261533 -0.041393 1.001022 -0.067536 0.556037 0.054831 0.826593
1305032194.610523 -1.269714 -0.049592 1.006493 -0.065319 0.563197 0.052280 0.822076
1305032194.642469 -1.276358 -0.059493 1.007715 -0.062528 0.567907 0.047147 0.819359
1305032194.678559 -1.284819 -0.067813 1.008401 -0.058157 0.575455 0.038092 0.814873
1305032194.710510 -1.292535 -0.078497 1.011369 -0.055572 0.584886 0.032433 0.808559
1305032194.742543 -1.302644 -0.087420 1.017106 -0.055368 0.593802 0.027313 0.802239
1305032194.778702 -1.305898 -0.102623 1.022134 -0.058576 0.601744 0.021406 0.796250
1305032194.811382 -1.312037 -0.113700 1.026891 -0.060443 0.612084 0.012730 0.788377
1305032194.841434 -1.316934 -0.125403 1.035898 -0.065361 0.624194 0.009480 0.778473
1305032194.879189 -1.316065 -0.145223 1.050283 -0.066493 0.636899 0.005409 0.768055
1305032194.910028 -1.320459 -0.155180 1.068843 -0.067259 0.645922 -0.002752 0.760429
1305032194.940467 -1.318727 -0.174652 1.085777 -0.070700 0.651352 -0.009431 0.755416
1305032194.978559 -1.320084 -0.183697 1.100985 -0.072570 0.657548 -0.016804 0.749721
1305032195.010576 -1.315542 -0.206774 1.126590 -0.075462 0.664798 -0.023191 0.742840
1305032195.043344 -1.314701 -0.219191 1.145559 -0.074645 0.669530 -0.033462 0.738267
1305032195.079395 -1.313261 -0.230063 1.165947 -0.071625 0.679587 -0.035937 0.729205
1305032195.111678 -1.310300 -0.243888 1.194130 -0.066800 0.689565 -0.035757 0.720249
1305032195.143499 -1.310154 -0.249829 1.215726 -0.062752 0.695811 -0.035932 0.714576
1305032195.179526 -1.310390 -0.260490 1.232921 -0.059654 0.704820 -0.032919 0.706106
1305032195.209729 -1.310937 -0.266840 1.255196 -0.055750 0.717851 -0.031505 0.693246
1305032195.243386 -1.307286 -0.276488 1.283218 -0.059085 0.730345 -0.032160 0.679758
1305032195.279501 -1.304667 -0.280148 1.313801 -0.057069 0.740481 -0.031948 0.668888
1305032195.311768 -1.303648 -0.283823 1.339059 -0.056755 0.747827 -0.028246 0.660860
1305032195.342873 -1.299014 -0.287998 1.366383 -0.058758 0.755177 -0.028076 0.652279
1305032195.376382 -1.293150 -0.290975 1.395885 -0.057183 0.762801 -0.024210 0.643645
1305032195.411534 -1.289783 -0.290139 1.423659 -0.056944 0.768272 -0.016869 0.637363
1305032195.439548 -1.279624 -0.298845 1.451573 -0.060994 0.772490 -0.016471 0.631876
1305032195.479227 -1.275679 -0.299989 1.473747 -0.058181 0.776893 -0.016226 0.626729
1305032195.511111 -1.268573 -0.304652 1.493017 -0.053547 0.786116 -0.014194 0.615592
1305032195.542959 -1.261438 -0.305901 1.520819 -0.049988 0.798000 -0.014955 0.600395
1305032195.578829 -1.258249 -0.307686 1.542640 -0.048887 0.807245 -0.017554 0.587926
1305032195.611234 -1.251963 -0.309882 1.566432 -0.045723 0.819497 -0.017464 0.570989
1305032195.642283 -1.242921 -0.304544 1.598176 -0.035771 0.830383 -0.014579 0.555853
1305032195.678973 -1.236221 -0.300423 1.622035 -0.027813 0.835109 -0.008231 0.549319
1305032195.710912 -1.232339 -0.289893 1.642402 -0.017349 0.838954 0.001551 0.543924
1305032195.742851 -1.223448 -0.282008 1.664341 -0.010558 0.840695 0.021657 0.540973
1305032195.778533 -1.212958 -0.282626 1.685575 -0.009342 0.839182 0.034602 0.542668
1305032195.810945 -1.204336 -0.282835 1.704698 -0.011370 0.837396 0.038187 0.545143
1305032195.846713 -1.197232 -0.277194 1.722094 -0.011265 0.836580 0.042011 0.546115
1305032195.878300 -1.192262 -0.273528 1.737351 -0.012421 0.836589 0.050032 0.545401
1305032195.911195 -1.182844 -0.272814 1.752195 -0.015603 0.839543 0.063345 0.539362
1305032195.946009 -1.174335 -0.274302 1.765158 -0.017787 0.843410 0.078401 0.531222
1305032195.978947 -1.165662 -0.275515 1.779000 -0.018685 0.848678 0.090658 0.520747
1305032196.011259 -1.154748 -0.276613 1.796080 -0.022688 0.853062 0.103373 0.510964
1305032196.047221 -1.145938 -0.279401 1.807175 -0.029651 0.854216 0.114955 0.506183
1305032196.078769 -1.138057 -0.282184 1.815667 -0.034658 0.856976 0.125204 0.498713
1305032196.111022 -1.128764 -0.285746 1.827300 -0.039432 0.860959 0.136083 0.488546
1305032196.146773 -1.120804 -0.290740 1.836646 -0.042359 0.864528 0.144807 0.479403
1305032196.178846 -1.113562 -0.293093 1.844514 -0.044923 0.869222 0.149436 0.469152
1305032196.211277 -1.104427 -0.296418 1.856863 -0.046840 0.874397 0.153321 0.457962
1305032196.247190 -1.095592 -0.300104 1.867476 -0.052240 0.877360 0.154870 0.451138
1305032196.275382 -1.084709 -0.304451 1.876458 -0.057480 0.880091 0.152887 0.445826
1305032196.311206 -1.073707 -0.305613 1.889367 -0.059357 0.881447 0.149878 0.443919
1305032196.347188 -1.064885 -0.308315 1.897598 -0.063267 0.878980 0.149262 0.448456
1305032196.377562 -1.053922 -0.312713 1.906490 -0.063798 0.877413 0.147468 0.452028
1305032196.407470 -1.043065 -0.316450 1.913935 -0.062493 0.874919 0.146841 0.457219
1305032196.446880 -1.033371 -0.321972 1.919568 -0.058864 0.873012 0.142505 0.462686
1305032196.479245 -1.023198 -0.326869 1.928175 -0.057084 0.871018 0.135751 0.468658
1305032196.510749 -1.012745 -0.332632 1.934921 -0.054962 0.867513 0.131001 0.476696
1305032196.547134 -1.003580 -0.339774 1.942717 -0.050841 0.863364 0.126973 0.485691
1305032196.579032 -0.994385 -0.347852 1.945086 -0.046081 0.858715 0.124742 0.494898
1305032196.611361 -0.984317 -0.357112 1.947300 -0.040682 0.856517 0.120493 0.500204
1305032196.647203 -0.976112 -0.367300 1.949198 -0.038511 0.855607 0.114818 0.503259
1305032196.675332 -0.966375 -0.379030 1.950079 -0.037582 0.856327 0.106552 0.503923
1305032196.710860 -0.957152 -0.390279 1.951274 -0.033592 0.858594 0.096023 0.502462
1305032196.747006 -0.949691 -0.399730 1.953070 -0.026652 0.861500 0.085630 0.499775
1305032196.778981 -0.942743 -0.404092 1.957437 -0.018506 0.863096 0.079231 0.498442
1305032196.810902 -0.934176 -0.410354 1.959535 -0.011139 0.862372 0.078522 0.500025
1305032196.846851 -0.927931 -0.414764 1.961084 -0.003753 0.860437 0.081262 0.503021
1305032196.879306 -0.919973 -0.420069 1.957913 0.001697 0.857110 0.088419 0.507486
1305032196.911073 -0.911568 -0.420742 1.951405 0.007282 0.855706 0.093696 0.508857
1305032196.947124 -0.903633 -0.421987 1.947744 0.009935 0.856171 0.101671 0.506493
1305032196.979144 -0.895203 -0.424880 1.942491 0.013048 0.857399 0.110715 0.502433
1305032197.006299 -0.888585 -0.425265 1.944279 0.018764 0.859167 0.119479 0.497197
1305032197.046852 -0.882030 -0.428488 1.942632 0.024314 0.859350 0.129655 0.494080
1305032197.079241 -0.877665 -0.427378 1.946373 0.027464 0.859778 0.137970 0.490910
1305032197.106310 -0.871515 -0.428899 1.947116 0.022905 0.858566 0.149789 0.489800
1305032197.146291 -0.865620 -0.429082 1.944012 0.018133 0.858708 0.157327 0.487380
1305032197.178597 -0.859720 -0.430027 1.949010 0.011239 0.861023 0.167633 0.480013
1305032197.206353 -0.855180 -0.431397 1.951173 0.001455 0.862431 0.185535 0.470942
1305032197.246436 -0.855604 -0.433159 1.949055 -0.006940 0.865134 0.200746 0.459560
1305032197.278617 -0.908168 -0.381453 1.934602 0.035951 0.859575 0.181275 0.476422
1305032197.306480 -0.900612 -0.389517 1.936914 0.029738 0.863721 0.189757 0.465934
1305032197.346213 -0.893467 -0.400126 1.938069 0.027638 0.865404 0.188280 0.463532
1305032197.378307 -0.890520 -0.404086 1.942616 0.023100 0.865846 0.181406 0.465691
1305032197.406504 -0.885493 -0.418850 1.941939 0.018858 0.865787 0.174876 0.468483
1305032197.446193 -0.885677 -0.422228 1.943504 0.016516 0.868893 0.160176 0.468077
1305032197.480164 -0.888947 -0.422421 1.946807 0.016600 0.873926 0.152153 0.461332
1305032197.506467 -0.888201 -0.429780 1.950554 0.018358 0.881343 0.152049 0.446965
1305032197.546138 -0.885392 -0.438004 1.953354 0.020519 0.889113 0.152498 0.431047
1305032197.578451 -0.884196 -0.447658 1.954210 0.024226 0.895587 0.152223 0.417331
1305032197.606397 -0.878373 -0.456415 1.956691 0.030100 0.902362 0.149072 0.403255
1305032197.646676 -0.872768 -0.463815 1.965425 0.036478 0.907943 0.147907 0.390426
1305032197.675596 -0.868500 -0.467412 1.971204 0.046645 0.911349 0.149636 0.380626
1305032197.706445 -0.862073 -0.470657 1.977478 0.058622 0.913465 0.157178 0.370730
1305032197.746396 -0.848452 -0.476338 1.983818 0.072751 0.913504 0.165765 0.364335
1305032197.778560 -0.838122 -0.476400 1.988928 0.090583 0.910275 0.171578 0.365726
1305032197.806228 -0.827778 -0.478009 1.987723 0.113818 0.905231 0.177201 0.369056
1305032197.846558 -0.820127 -0.475267 1.988155 0.142539 0.900836 0.174031 0.371337
1305032197.878068 -0.812616 -0.467420 1.990538 0.166324 0.897492 0.168482 0.372100
1305032197.906350 -0.774225 -0.469668 2.018723 0.153008 0.904768 0.161225 0.363303
1305032197.943551 -0.770549 -0.454791 2.022636 0.167462 0.902738 0.157751 0.363503
1305032197.979315 -0.766096 -0.439592 2.022776 0.169790 0.903154 0.154981 0.362582
1305032198.006447 -0.766183 -0.421620 2.022227 0.162532 0.907846 0.148416 0.356891
1305032198.047542 -0.751301 -0.408636 2.030793 0.153042 0.915104 0.142951 0.344568
1305032198.078764 -0.742055 -0.399969 2.033266 0.147030 0.919087 0.135181 0.339687
1305032198.106301 -0.735593 -0.385596 2.040071 0.141223 0.923518 0.118891 0.336206
1305032198.146848 -0.724528 -0.368396 2.051989 0.132940 0.926851 0.104016 0.335342
1305032198.178825 -0.717628 -0.355414 2.059700 0.126052 0.927595 0.095961 0.338335
1305032198.206626 -0.707555 -0.333427 2.068411 0.118254 0.927567 0.091155 0.342528
1305032198.247050 -0.700512 -0.323045 2.072303 0.106333 0.925106 0.099244 0.350745
1305032198.274375 -0.698738 -0.315401 2.070247 0.093186 0.924046 0.104816 0.355625
1305032198.306375 -0.703290 -0.315334 2.064066 0.076343 0.925930 0.108229 0.353711
1305032198.347079 -0.704491 -0.309102 2.065871 0.058919 0.930932 0.107623 0.343964
1305032198.374330 -0.690191 -0.297204 2.081392 0.035445 0.935828 0.113466 0.331805
1305032198.406407 -0.683875 -0.299350 2.084726 0.017937 0.936887 0.124201 0.326337
1305032198.447116 -0.679834 -0.299693 2.090242 0.008287 0.937396 0.128079 0.323752
1305032198.474360 -0.675967 -0.298796 2.094391 -0.003244 0.936857 0.135035 0.322573
1305032198.506363 -0.670760 -0.313730 2.097049 -0.006436 0.935755 0.140922 0.323205
1305032198.547035 -0.675808 -0.314544 2.096143 -0.003974 0.935398 0.134499 0.326993
1305032198.574383 -0.677430 -0.309603 2.097812 -0.004274 0.936937 0.127635 0.325331
1305032198.606414 -0.677824 -0.311293 2.098476 -0.000642 0.938363 0.129094 0.320640
1305032198.647253 -0.679187 -0.313356 2.099010 0.009076 0.940715 0.131291 0.312627
1305032198.674298 -0.678098 -0.314393 2.101422 0.016537 0.941512 0.134318 0.308610
1305032198.706335 -0.679336 -0.318632 2.102495 0.024762 0.941214 0.135487 0.308457
1305032198.746296 -0.677642 -0.318649 2.107113 0.029269 0.941153 0.132903 0.309373
1305032198.774419 -0.677650 -0.319615 2.110312 0.031355 0.939587 0.129813 0.315186
1305032198.806374 -0.680005 -0.316904 2.114142 0.031178 0.938705 0.123531 0.320314
1305032198.846976 -0.681299 -0.313900 2.115762 0.033022 0.938656 0.118490 0.322171
1305032198.874396 -0.683712 -0.303667 2.122342 0.034318 0.939689 0.110894 0.321729
1305032198.906402 -0.682859 -0.287886 2.124259 0.025915 0.937393 0.120916 0.325581
1305032198.947082 -0.681596 -0.286326 2.127239 0.023328 0.933091 0.133880 0.332975
1305032198.974432 -0.685158 -0.274183 2.130067 0.024263 0.930585 0.137510 0.338398
1305032199.006411 -0.689847 -0.263705 2.132321 0.024966 0.929227 0.144873 0.339008
1305032199.047109 -0.692750 -0.248320 2.140602 0.027812 0.933412 0.142901 0.327944
1305032199.074372 -0.694030 -0.233602 2.149164 0.032793 0.935463 0.145238 0.320531
1305032199.106454 -0.698301 -0.222089 2.153769 0.035734 0.935881 0.148295 0.317582
1305032199.147137 -0.702507 -0.204797 2.159610 0.037053 0.935741 0.149025 0.317502
1305032199.174544 -0.707222 -0.189819 2.165436 0.043976 0.933313 0.153457 0.321625
1305032199.206387 -0.712586 -0.172759 2.171175 0.049381 0.931694 0.155387 0.324595
1305032199.245876 -0.716730 -0.157685 2.177131 0.056030 0.929524 0.155054 0.329853
1305032199.274259 -0.727171 -0.135640 2.181683 0.053620 0.928903 0.150314 0.334169
1305032199.306811 -0.731647 -0.115701 2.185562 0.051546 0.928902 0.152672 0.333429
1305032199.346717 -0.737153 -0.100632 2.187354 0.050051 0.928150 0.161188 0.331739
1305032199.374310 -0.736976 -0.083547 2.190967 0.042442 0.927402 0.173106 0.328875
1305032199.406488 -0.738235 -0.065894 2.196867 0.037993 0.926863 0.171011 0.332020
1305032199.446779 -0.740812 -0.045072 2.199929 0.032325 0.927351 0.164601 0.334486
1305032199.474468 -0.741593 -0.025224 2.203853 0.031284 0.927514 0.156229 0.338129
1305032199.506558 -0.748906 -0.004050 2.205127 0.027901 0.927162 0.150327 0.342044
1305032199.542376 -0.752714 0.013180 2.206074 0.030629 0.929138 0.146629 0.338030
1305032199.574347 -0.755569 0.028890 2.208037 0.037267 0.931016 0.144383 0.333127
1305032199.606465 -0.758891 0.046834 2.207567 0.034261 0.932651 0.147536 0.327447
1305032199.642310 -0.761256 0.059645 2.206216 0.035362 0.935741 0.150147 0.317165
1305032199.674469 -0.762059 0.066961 2.206562 0.042061 0.938859 0.150958 0.306573
1305032199.706362 -0.759226 0.078983 2.209598 0.049621 0.941190 0.141467 0.302797
1305032199.742362 -0.759840 0.090096 2.208148 0.052396 0.942129 0.131658 0.303831
1305032199.774332 -0.758562 0.102473 2.207337 0.058416 0.943660 0.115390 0.304597
1305032199.806416 -0.759082 0.112115 2.204682 0.064366 0.943918 0.106265 0.305915
1305032199.842378 -0.757584 0.124193 2.201353 0.069078 0.943298 0.111985 0.304756
1305032199.874335 -0.753205 0.136000 2.197808 0.073753 0.941181 0.124010 0.305548
1305032199.906541 -0.752010 0.139289 2.196324 0.073380 0.939038 0.137829 0.306312
1305032199.942318 -0.748074 0.143637 2.196206 0.080818 0.939335 0.141119 0.301999
1305032199.974288 -0.742800 0.148658 2.198208 0.084554 0.938368 0.143930 0.302654
1305032200.006886 -0.740397 0.155362 2.197785 0.078471 0.937451 0.149603 0.304379
1305032200.042357 -0.739618 0.156431 2.198937 0.070952 0.939616 0.158222 0.295049
1305032200.074337 -0.736695 0.154952 2.202131 0.061193 0.944847 0.161081 0.278517
1305032200.106425 -0.723641 0.153755 2.210287 0.050618 0.950044 0.159664 0.263365
1305032200.142323 -0.714747 0.151647 2.215924 0.039551 0.952444 0.159821 0.256406
1305032200.174399 -0.704421 0.150223 2.221182 0.035719 0.954244 0.159856 0.250176
1305032200.206389 -0.691844 0.147823 2.227841 0.033209 0.955651 0.162287 0.243500
1305032200.242385 -0.675924 0.143828 2.233037 0.031833 0.957027 0.163392 0.237462
1305032200.274315 -0.661004 0.139752 2.238960 0.031588 0.958051 0.163469 0.233277
1305032200.306461 -0.644349 0.134465 2.244846 0.030550 0.958936 0.164125 0.229285
1305032200.342598 -0.628540 0.128700 2.249121 0.027276 0.959319 0.168567 0.224828
1305032200.374494 -0.610012 0.119132 2.252764 0.021248 0.960774 0.171024 0.217284
1305032200.406515 -0.590456 0.105508 2.256679 0.013804 0.963086 0.168640 0.209367
1305032200.442373 -0.571617 0.089665 2.259855 0.006611 0.964587 0.168136 0.203121
1305032200.474331 -0.554396 0.071684 2.262096 0.003929 0.966911 0.161927 0.197099
1305032200.506358 -0.539241 0.050426 2.262601 -0.000955 0.969449 0.156008 0.189286
1305032200.542325 -0.525899 0.027135 2.261997 0.000904 0.972574 0.148506 0.179013
1305032200.574372 -0.512913 0.003460 2.260454 0.005534 0.975831 0.140653 0.167154
1305032200.606298 -0.502047 -0.019391 2.257938 0.007952 0.978375 0.136665 0.155052
1305032200.642354 -0.490948 -0.045711 2.255794 0.011189 0.980958 0.130359 0.143537
1305032200.674352 -0.482183 -0.069729 2.253802 0.012450 0.983288 0.122660 0.133953
1305032200.706398 -0.474144 -0.093378 2.251923 0.012285 0.985706 0.113927 0.123503
1305032200.742419 -0.462616 -0.113201 2.251668 0.008654 0.987810 0.105110 0.114494
1305032200.774354 -0.453289 -0.146870 2.250456 0.002525 0.989150 0.096771 0.110505
1305032200.806569 -0.446631 -0.171638 2.249445 -0.001331 0.991045 0.077006 0.109082
1305032200.842550 -0.437620 -0.180255 2.250283 -0.000773 0.992337 0.059048 0.108533
1305032200.874337 -0.429441 -0.195452 2.249757 -0.000097 0.992662 0.047612 0.111150
1305032200.906300 -0.423283 -0.214109 2.249349 0.000032 0.992509 0.039428 0.115635
1305032200.942311 -0.417860 -0.224592 2.248918 0.003261 0.992412 0.031083 0.118917
1305032200.974212 -0.411328 -0.244373 2.246477 0.005488 0.992227 0.026997 0.121354
1305032201.006361 -0.405869 -0.251381 2.245777 0.007628 0.992073 0.019407 0.123918
1305032201.042341 -0.400788 -0.262667 2.243533 0.008249 0.991637 0.020570 0.127140
1305032201.074271 -0.402430 -0.280092 2.240966 0.004807 0.991237 0.019830 0.130508
1305032201.106580 -0.408910 -0.294638 2.238402 -0.002980 0.991768 0.012950 0.127360
1305032201.142300 -0.408983 -0.299276 2.239520 -0.006614 0.993098 0.006823 0.116899
1305032201.174405 -0.407580 -0.310069 2.241057 -0.007853 0.994307 0.005645 0.106114
1305032201.206383 -0.404368 -0.320708 2.240507 -0.004600 0.995026 0.001180 0.099503
1305032201.242450 -0.411307 -0.313195 2.246717 0.000165 0.995236 -0.001694 0.097485
1305032201.274420 -0.414474 -0.338186 2.237808 0.001043 0.995731 0.000996 0.092295
1305032201.306423 -0.429740 -0.351755 2.241612 0.000239 0.996491 -0.002668 0.083659
1305032201.342449 -0.435275 -0.370045 2.238078 -0.002631 0.997750 -0.009031 0.066386
1305032201.374376 -0.431543 -0.367271 2.252115 -0.001896 0.998644 -0.017631 0.048955
1305032201.406413 -0.398347 -0.346701 2.275138 0.047184 0.997870 0.003008 0.044936
1305032201.442428 -0.399571 -0.363874 2.270183 0.051875 0.998095 0.005185 0.032996
1305032201.474406 -0.401826 -0.370717 2.273423 0.054973 0.998266 0.004620 0.020536
1305032201.506426 -0.399942 -0.383809 2.277105 0.057931 0.998277 0.006291 0.006941
1305032201.542328 -0.400293 -0.394269 2.275645 0.059718 0.998178 0.006326 -0.005798
1305032201.574494 -0.387332 -0.400086 2.283416 0.062866 0.997845 0.006008 -0.017818
1305032201.606463 -0.379961 -0.397765 2.295103 0.070210 0.997135 0.007507 -0.027133
1305032201.642348 -0.375818 -0.402848 2.298577 0.077047 0.996360 0.013971 -0.033683
1305032201.674666 -0.373161 -0.418972 2.300761 0.079240 0.995953 0.021413 -0.036605
1305032201.706398 -0.368970 -0.458738 2.296616 0.079755 0.995624 0.027405 -0.040261
1305032201.742373 -0.369745 -0.482601 2.298698 0.083917 0.995279 0.019096 -0.044860
1305032201.774362 -0.363429 -0.472818 2.312018 0.083496 0.995114 0.007959 -0.052090
1305032201.806424 -0.324651 -0.437315 2.318574 0.087109 0.994108 0.006008 -0.064221
1305032201.842339 -0.305398 -0.473205 2.321975 0.080887 0.993556 0.004297 -0.079286
1305032201.874355 -0.290992 -0.471256 2.330412 0.074739 0.992348 -0.005828 -0.098110
1305032201.906415 -0.269499 -0.490414 2.341581 0.086877 0.989735 -0.003675 -0.113415
1305032201.942338 -0.254265 -0.477243 2.362803 0.088786 0.987655 -0.002109 -0.129040
1305032201.974380 -0.255400 -0.478029 2.369610 0.089727 0.985166 0.012343 -0.145756
1305032202.006425 -0.248934 -0.511951 2.365383 0.088492 0.982030 0.027522 -0.164407
1305032202.042357 -0.235026 -0.527407 2.355734 0.087518 0.978944 0.031619 -0.181687
1305032202.074375 -0.243714 -0.504306 2.382582 0.092756 0.977756 0.031961 -0.185386
1305032202.106424 -0.232760 -0.520093 2.383860 0.092156 0.977567 0.040742 -0.184958
1305032202.142204 -0.218828 -0.531807 2.383018 0.089561 0.978280 0.046141 -0.181157
1305032202.174439 -0.198091 -0.557328 2.367343 0.086638 0.979993 0.051739 -0.171551
1305032202.206557 -0.189622 -0.596423 2.353866 0.078651 0.983245 0.047503 -0.157440
1305032202.242288 -0.173293 -0.614295 2.352247 0.072359 0.985894 0.028156 -0.148270
1305032202.274589 -0.133986 -0.595894 2.353077 0.059880 0.986760 0.016703 -0.149801
1305032202.306415 -0.123673 -0.576002 2.363209 0.064454 0.985005 0.021255 -0.158617
1305032202.342328 -0.124436 -0.557464 2.361684 0.076140 0.983832 0.035432 -0.158184
1305032202.374470 -0.124577 -0.550484 2.352241 0.091053 0.983490 0.047799 -0.148901
1305032202.406548 -0.154572 -0.546188 2.354098 0.105378 0.984593 0.063504 -0.124253
1305032202.442339 -0.154102 -0.548987 2.343065 0.112392 0.985429 0.079279 -0.100064
1305032202.474544 -0.220291 -0.485584 2.324336 0.088689 0.990361 0.074982 -0.075482
1305032202.506394 -0.212481 -0.474158 2.321752 0.096188 0.988352 0.097939 -0.065698
1305032202.542344 -0.219504 -0.473799 2.311938 0.108905 0.984432 0.124991 -0.058409
1305032202.574399 -0.219504 -0.473799 2.311938 0.108905 0.984432 0.124991 -0.058409
1305032202.606477 -0.223951 -0.479887 2.305082 0.117884 0.981009 0.140713 -0.062644
1305032202.642355 -0.237677 -0.490428 2.297387 0.119469 0.979009 0.149788 -0.069514
1305032202.674325 -0.230984 -0.489960 2.293654 0.107699 0.980136 0.145112 -0.081706
1305032202.706403 -0.237411 -0.505582 2.286190 0.092785 0.981264 0.145334 -0.085961
1305032202.742369 -0.240565 -0.520184 2.280290 0.080249 0.983748 0.133416 -0.089448
1305032202.774356 -0.219053 -0.491590 2.290092 0.061749 0.986629 0.119885 -0.091531
1305032202.806488 -0.211952 -0.476504 2.288837 0.041152 0.985545 0.140541 -0.085181
1305032202.842361 -0.217706 -0.488407 2.284986 0.024228 0.982324 0.168054 -0.078811
1305032202.874364 -0.234457 -0.499465 2.285730 0.014231 0.980396 0.180517 -0.077678
1305032202.906348 -0.232984 -0.509487 2.280837 0.011209 0.978481 0.187819 -0.084698
1305032202.942358 -0.242215 -0.530490 2.273107 0.015493 0.979087 0.182855 -0.087823
1305032202.974381 -0.244290 -0.525350 2.282199 0.023185 0.981666 0.164801 -0.092920
1305032203.006447 -0.237649 -0.515079 2.288212 0.031040 0.980896 0.162931 -0.101650
1305032203.042402 -0.245635 -0.525135 2.286271 0.031776 0.979282 0.169602 -0.105986
1305032203.074360 -0.242128 -0.524510 2.287705 0.030047 0.978685 0.168296 -0.113790
1305032203.106441 -0.235171 -0.527136 2.283409 0.031605 0.976895 0.175336 -0.118048
1305032203.142339 -0.239404 -0.535771 2.282532 0.033262 0.976455 0.176473 -0.119529
1305032203.174403 -0.232748 -0.541738 2.275288 0.032907 0.976049 0.175225 -0.124669
1305032203.206514 -0.219231 -0.537992 2.275908 0.035199 0.976222 0.175279 -0.122589
1305032203.242388 -0.223433 -0.553214 2.269284 0.040101 0.977304 0.171367 -0.117909
1305032203.274534 -0.215689 -0.552937 2.268620 0.045586 0.979081 0.161587 -0.114940
1305032203.306523 -0.211011 -0.552115 2.267776 0.052204 0.980804 0.152128 -0.110252
1305032203.342336 -0.209007 -0.541980 2.273334 0.058134 0.981348 0.148988 -0.106672
1305032203.374412 -0.209624 -0.544109 2.271543 0.061995 0.980127 0.154826 -0.107409
1305032203.406466 -0.205090 -0.543874 2.268844 0.064707 0.978657 0.158718 -0.113368
1305032203.442338 -0.199467 -0.547019 2.265054 0.066628 0.976742 0.164189 -0.120736
1305032203.474371 -0.192435 -0.554918 2.257777 0.066356 0.975576 0.166531 -0.126951
1305032203.506370 -0.171720 -0.563692 2.242746 0.067858 0.976133 0.159490 -0.130854
1305032203.542305 -0.153645 -0.549970 2.243071 0.075038 0.978431 0.146213 -0.125151
1305032203.574450 -0.146164 -0.537757 2.242430 0.085304 0.978954 0.142445 -0.118669
1305032203.606426 -0.142900 -0.535308 2.242418 0.093720 0.977806 0.145801 -0.117699
1305032203.642369 -0.138104 -0.538963 2.234653 0.094083 0.976856 0.146694 -0.124019
1305032203.674297 -0.109800 -0.526409 2.230207 0.089333 0.976414 0.148182 -0.129143
1305032203.706370 -0.097286 -0.528325 2.223481 0.088466 0.975692 0.157371 -0.124233
1305032203.742339 -0.092763 -0.531066 2.221316 0.091807 0.975796 0.156977 -0.121461
1305032203.774574 -0.075799 -0.521551 2.221284 0.095791 0.975853 0.153187 -0.122753
1305032203.806707 -0.068268 -0.515180 2.221923 0.100092 0.974814 0.156416 -0.123506
1305032203.842335 -0.057792 -0.505613 2.221030 0.104134 0.973204 0.160894 -0.127053
1305032203.874336 -0.051077 -0.502110 2.217216 0.109794 0.971216 0.166568 -0.130150
1305032203.906574 -0.045708 -0.492057 2.218782 0.112046 0.969822 0.170971 -0.132894
1305032203.942559 -0.042063 -0.484811 2.217150 0.111796 0.967273 0.179817 -0.139821
1305032203.974325 -0.036348 -0.476887 2.215076 0.111622 0.964086 0.187828 -0.150992
1305032204.006392 -0.073674 -0.460345 2.175281 0.120265 0.968359 0.168435 -0.139449
1305032204.042323 -0.061391 -0.452457 2.172234 0.118460 0.968178 0.166876 -0.144052
1305032204.074466 -0.048057 -0.432252 2.174525 0.114099 0.968009 0.170950 -0.143930
1305032204.106451 -0.043863 -0.426081 2.172264 0.113980 0.965496 0.185226 -0.143236
1305032204.142314 -0.042090 -0.422554 2.170053 0.113922 0.964079 0.191819 -0.144148
1305032204.174363 -0.028722 -0.412733 2.171036 0.111874 0.963494 0.194551 -0.145988
1305032204.206451 -0.022595 -0.406207 2.171311 0.113216 0.962012 0.203220 -0.142887
1305032204.242389 -0.022237 -0.406645 2.170223 0.112194 0.961999 0.206468 -0.139075
1305032204.274422 -0.014247 -0.399068 2.175383 0.107988 0.963540 0.202786 -0.137135
1305032204.306370 -0.009420 -0.392482 2.182086 0.106359 0.963911 0.203582 -0.134605
1305032204.342289 -0.006439 -0.386670 2.187922 0.107891 0.963061 0.207580 -0.133358
1305032204.374424 -0.007772 -0.386150 2.190826 0.108829 0.962375 0.211017 -0.132148
1305032204.406379 -0.007886 -0.381228 2.198329 0.108164 0.962633 0.209656 -0.132977
1305032204.442349 -0.006760 -0.377378 2.205410 0.111271 0.961510 0.211412 -0.135727
1305032204.474386 -0.010349 -0.376058 2.210234 0.114213 0.960635 0.211056 -0.139968
1305032204.506452 -0.008728 -0.371268 2.215635 0.114734 0.959697 0.210651 -0.146436
1305032204.542377 -0.004833 -0.367969 2.218853 0.118900 0.958230 0.210642 -0.152603
1305032204.574436 -0.001983 -0.363041 2.221297 0.124416 0.957377 0.209169 -0.155558
1305032204.606480 0.004437 -0.359481 2.225908 0.128321 0.956244 0.210752 -0.157211
1305032204.642347 0.008513 -0.348795 2.223836 0.131485 0.955179 0.214780 -0.155610
1305032204.674378 0.006894 -0.343316 2.225234 0.133454 0.953553 0.221537 -0.154431
1305032204.706407 0.008147 -0.340055 2.225210 0.132512 0.950757 0.231650 -0.157604
1305032204.742285 0.010909 -0.338399 2.223503 0.127281 0.948464 0.241754 -0.160529
1305032204.774342 0.012885 -0.339128 2.223553 0.119981 0.946852 0.249874 -0.163213
1305032204.806540 0.014528 -0.341778 2.223331 0.115139 0.944852 0.256515 -0.167924
1305032204.842435 0.019190 -0.346050 2.221754 0.114198 0.942829 0.260149 -0.174226
1305032204.874517 0.025593 -0.349996 2.220639 0.116244 0.941999 0.259682 -0.178017
1305032204.906369 0.030712 -0.353772 2.220546 0.121468 0.942089 0.255624 -0.179916
1305032204.942477 0.037893 -0.354153 2.221076 0.128179 0.942276 0.249576 -0.182752
1305032204.974512 0.049082 -0.354965 2.221993 0.134202 0.942256 0.245473 -0.184080
1305032205.010354 0.060074 -0.353881 2.222237 0.137634 0.942526 0.244288 -0.181726
1305032205.042392 0.067932 -0.353621 2.221254 0.142369 0.942402 0.244105 -0.178947
1305032205.074466 0.078562 -0.351780 2.219824 0.148640 0.941908 0.242959 -0.178005
1305032205.110394 0.093155 -0.348600 2.215956 0.153845 0.941537 0.243382 -0.174946
1305032205.142261 0.100082 -0.346367 2.212819 0.156498 0.942102 0.245585 -0.166254
1305032205.174439 0.105668 -0.343886 2.209228 0.154501 0.942643 0.248662 -0.160378
1305032205.210348 0.112669 -0.340551 2.205708 0.149714 0.942358 0.253193 -0.159502
1305032205.242330 0.119465 -0.339498 2.200933 0.140292 0.940906 0.262265 -0.161957
1305032205.274318 0.129371 -0.338743 2.194212 0.128434 0.940021 0.269581 -0.164896
1305032205.310423 0.141555 -0.337770 2.189371 0.118555 0.939170 0.277115 -0.164657
1305032205.342337 0.149411 -0.337414 2.183483 0.109748 0.937742 0.287520 -0.161018
1305032205.374469 0.154279 -0.337380 2.177320 0.098302 0.936907 0.295996 -0.157890
1305032205.410416 0.153637 -0.341567 2.173537 0.087681 0.935478 0.302539 -0.160199
1305032205.442399 0.158173 -0.348782 2.169941 0.078695 0.934089 0.303783 -0.170298
1305032205.474767 0.163119 -0.354309 2.168470 0.073905 0.933068 0.301966 -0.180940
1305032205.510362 0.172820 -0.356692 2.166264 0.074319 0.932628 0.297111 -0.190804
1305032205.542335 0.179329 -0.363742 2.164665 0.077941 0.933376 0.291405 -0.194467
1305032205.574456 0.187364 -0.367866 2.163771 0.084323 0.935662 0.281737 -0.195068
1305032205.610359 0.196630 -0.367442 2.162783 0.088699 0.938256 0.275091 -0.190089
1305032205.642362 0.203991 -0.370585 2.158337 0.089885 0.940888 0.271939 -0.180828
1305032205.674312 0.208526 -0.373113 2.157372 0.088371 0.943899 0.269636 -0.168944
1305032205.710343 0.212880 -0.378303 2.147903 0.085721 0.946955 0.265903 -0.158818
1305032205.742441 0.221054 -0.380706 2.146882 0.079647 0.950901 0.259532 -0.148614
1305032205.774364 0.226737 -0.390478 2.139416 0.075647 0.953689 0.256374 -0.137940
1305032205.810362 0.238506 -0.397786 2.131889 0.071842 0.958127 0.246347 -0.127062
1305032205.842403 0.244355 -0.398458 2.131341 0.069818 0.962892 0.234643 -0.113607
1305032205.874378 0.262205 -0.448189 2.215105 0.068362 0.956681 0.247604 -0.137039
1305032205.910377 0.270999 -0.452709 2.210114 0.062743 0.960286 0.239388 -0.128869
1305032205.942307 0.274314 -0.458921 2.206201 0.053127 0.964428 0.230256 -0.118485
1305032205.974372 0.279931 -0.462979 2.205631 0.038618 0.967815 0.222274 -0.111525
1305032206.010355 0.333747 -0.476907 2.207360 0.033551 0.964556 0.220097 -0.141648
1305032206.042482 0.340480 -0.486767 2.205707 0.015596 0.966806 0.212529 -0.140976
1305032206.074538 0.350983 -0.495164 2.203270 0.000232 0.969223 0.201194 -0.141870
1305032206.110351 0.360210 -0.506696 2.200938 -0.012692 0.971369 0.191701 -0.139754
1305032206.142369 0.368983 -0.519969 2.197370 -0.026752 0.974315 0.176311 -0.137513
1305032206.174445 0.370518 -0.524683 2.194239 -0.029703 0.974333 0.176365 -0.136709
1305032206.210221 0.384694 -0.580881 2.140325 -0.022854 0.974833 0.175288 -0.135838
1305032206.242342 0.392567 -0.588679 2.128641 -0.022571 0.977686 0.169843 -0.121550
1305032206.274351 0.401794 -0.595494 2.119518 -0.017940 0.982634 0.154131 -0.101741
1305032206.310399 0.406795 -0.599709 2.109432 -0.009091 0.986979 0.138267 -0.081685
1305032206.342369 0.496349 -0.628027 2.100559 0.005557 0.985259 0.138636 -0.100071
1305032206.374395 0.496349 -0.628027 2.100559 0.005557 0.985259 0.138636 -0.100071
1305032206.410393 0.497752 -0.626881 2.072856 0.017491 0.987823 0.137080 -0.071477
1305032206.442397 0.494736 -0.615966 2.058757 0.028292 0.988767 0.132120 -0.063910
1305032206.474369 0.495936 -0.607091 2.045348 0.043612 0.987995 0.136349 -0.058082
1305032206.510385 0.498690 -0.605002 2.025135 0.054667 0.987416 0.138957 -0.052071
1305032206.542369 0.492173 -0.604983 2.008555 0.063425 0.987641 0.134454 -0.049648
1305032206.574335 0.475373 -0.585765 1.999645 0.076589 0.986458 0.134931 -0.053179
1305032206.610483 0.464804 -0.577541 1.988046 0.081516 0.984448 0.141746 -0.064222
1305032206.642370 0.452304 -0.564910 1.981293 0.082864 0.981988 0.150258 -0.079097
1305032206.674271 0.438925 -0.557095 1.971338 0.084497 0.977763 0.162896 -0.101508
1305032206.710221 0.427985 -0.552048 1.965106 0.084141 0.972858 0.173262 -0.128248
1305032206.742357 0.421141 -0.543505 1.964050 0.085465 0.967429 0.180798 -0.155203
1305032206.774340 0.413391 -0.536009 1.961673 0.090024 0.961517 0.187924 -0.179067
1305032206.810331 0.413391 -0.536009 1.961673 0.090024 0.961517 0.187924 -0.179067
1305032206.842381 0.403764 -0.524800 1.965412 0.093364 0.955630 0.191625 -0.203309
1305032206.874390 0.401571 -0.525276 1.964346 0.092574 0.955115 0.193454 -0.204357
1305032206.910446 0.401571 -0.525276 1.964346 0.092574 0.955115 0.193454 -0.204357
1305032206.942625 0.401571 -0.525276 1.964346 0.092574 0.955115 0.193454 -0.204357
1305032206.974424 0.401106 -0.521982 1.960617 0.107199 0.944300 0.202399 -0.236307
1305032207.010651 0.296469 -0.496964 2.023138 0.109169 0.948006 0.207728 -0.214977
1305032207.042380 0.296469 -0.496964 2.023138 0.109169 0.948006 0.207728 -0.214977
1305032207.074435 0.289064 -0.498586 2.034704 0.121557 0.934496 0.209167 -0.261133
1305032207.110333 0.236662 -0.479810 2.073187 0.119524 0.937265 0.207519 -0.253346
1305032207.142378 0.230028 -0.481313 2.084380 0.121424 0.930076 0.211557 -0.274698
1305032207.174394 0.223318 -0.481050 2.090526 0.122290 0.923149 0.213735 -0.295227
1305032207.210368 0.203905 -0.471595 2.110962 0.121284 0.921553 0.212198 -0.301666
1305032207.242442 0.199908 -0.470352 2.121136 0.122394 0.915255 0.217676 -0.316142
1305032207.274357 0.187363 -0.471980 2.126874 0.121039 0.908845 0.224070 -0.330367
1305032207.310358 0.183695 -0.475224 2.138045 0.118504 0.902148 0.227792 -0.346694
1305032207.342384 0.180380 -0.476197 2.145184 0.117338 0.895493 0.231226 -0.361743
1305032207.374367 0.177405 -0.478688 2.153065 0.118543 0.889695 0.234988 -0.373056
1305032207.410282 0.170106 -0.479944 2.158580 0.123891 0.883770 0.239172 -0.382620
1305032207.442368 0.156526 -0.488820 2.162056 0.128527 0.880007 0.238941 -0.389841
1305032207.474381 0.153819 -0.489441 2.172292 0.136062 0.876539 0.230817 -0.399862
1305032207.510302 0.146934 -0.474452 2.183748 0.151374 0.869017 0.232293 -0.409799
1305032207.542370 0.137137 -0.488008 2.177599 0.163731 0.859463 0.249107 -0.415283
1305032207.574388 0.136156 -0.489814 2.179423 0.168179 0.856042 0.253599 -0.417846
1305032207.610340 0.130171 -0.458612 2.180556 0.156482 0.867239 0.244950 -0.404240
1305032207.642344 0.128495 -0.455456 2.181446 0.167612 0.863129 0.241438 -0.410636
1305032207.674387 0.127822 -0.458076 2.181988 0.169421 0.862250 0.242888 -0.410886
1305032207.710339 0.123435 -0.456540 2.183060 0.179102 0.861187 0.242771 -0.409074
1305032207.742509 0.118684 -0.465796 2.183957 0.178625 0.860666 0.239175 -0.412483
1305032207.774385 0.121009 -0.466766 2.183764 0.179322 0.859002 0.236945 -0.416913
1305032207.810539 0.119215 -0.472132 2.193382 0.173366 0.856005 0.222661 -0.433154
1305032207.842406 0.119953 -0.475328 2.197331 0.174338 0.851226 0.217728 -0.444539
1305032207.874404 0.118397 -0.471088 2.190043 0.178667 0.845650 0.209592 -0.457193
1305032207.910447 0.118397 -0.471088 2.190043 0.178667 0.845650 0.209592 -0.457193
1305032207.942475 0.116683 -0.475518 2.189044 0.185408 0.842589 0.198277 -0.465138
1305032207.974391 0.121622 -0.472290 2.188880 0.185369 0.841816 0.194540 -0.468123
1305032208.010470 0.121039 -0.482335 2.193096 0.196745 0.836960 0.172906 -0.480514
1305032208.042348 0.128113 -0.483245 2.196467 0.199156 0.833491 0.159562 -0.490070
1305032208.074425 0.131906 -0.482055 2.195921 0.198304 0.832885 0.157500 -0.492109
1305032208.110392 0.125582 -0.537355 2.179842 0.199365 0.836052 0.214118 -0.464138
1305032208.142445 0.136683 -0.533733 2.184288 0.206245 0.827364 0.214505 -0.476361
1305032208.174376 0.145626 -0.537088 2.182741 0.215623 0.817678 0.219375 -0.486605
1305032208.210359 0.148801 -0.541936 2.176036 0.221088 0.811422 0.216259 -0.495929
1305032208.242408 0.161365 -0.539654 2.176062 -0.224547 -0.807738 -0.208672 0.503580
1305032208.274375 0.171741 -0.541610 2.179013 -0.232039 -0.802862 -0.206908 0.508684
1305032208.310294 0.179220 -0.543130 2.177445 -0.238760 -0.798515 -0.209301 0.511430
1305032208.342359 0.182806 -0.543509 2.173035 -0.238739 -0.796238 -0.209571 0.514867
1305032208.374712 0.189104 -0.546807 2.177962 -0.237633 -0.793021 -0.208261 0.520842
1305032208.410540 0.196357 -0.551234 2.181164 -0.237062 -0.787613 -0.209646 0.528693
1305032208.442395 0.196357 -0.551234 2.181164 -0.237062 -0.787613 -0.209646 0.528693
1305032208.474626 0.206700 -0.554840 2.180991 -0.235842 -0.779189 -0.216288 0.538945
1305032208.510370 0.205485 -0.561590 2.183916 -0.238045 -0.775741 -0.213874 0.543892
1305032208.542387 0.213056 -0.557799 2.183527 -0.237560 -0.774693 -0.209023 0.547472
1305032208.574904 0.215472 -0.558066 2.185100 -0.239120 -0.773222 -0.205325 0.550264
1305032208.610377 0.219688 -0.558861 2.190974 -0.241139 -0.771911 -0.203373 0.551947
1305032208.642368 0.223367 -0.559056 2.197479 -0.244287 -0.770473 -0.205819 0.551665
1305032208.674464 0.223679 -0.557522 2.199584 -0.249076 -0.768294 -0.209375 0.551225
1305032208.710490 0.225291 -0.550668 2.198794 -0.253198 -0.766495 -0.212333 0.550719
1305032208.742309 0.225546 -0.547401 2.199151 -0.256931 -0.765259 -0.214732 0.549777
1305032208.774758 0.227330 -0.545470 2.201254 -0.261897 -0.764625 -0.216950 0.547441
1305032208.810360 0.227363 -0.538460 2.195293 -0.268357 -0.763459 -0.219575 0.544887
1305032208.842361 0.214329 -0.530597 2.198719 -0.269801 -0.765428 -0.217300 0.542318
1305032208.874449 0.232024 -0.529273 2.191700 -0.262777 -0.768089 -0.214370 0.543169
1305032208.910362 0.238080 -0.527196 2.190773 -0.253248 -0.772566 -0.213055 0.541862
1305032208.942446 0.222643 -0.544093 2.190815 -0.252392 -0.774766 -0.217271 0.537429
1305032208.974317 0.242295 -0.514537 2.184365 -0.241665 -0.778068 -0.223255 0.535131
1305032209.010349 0.256048 -0.526688 2.187887 -0.230684 -0.788591 -0.262651 0.505889
1305032209.042354 0.237404 -0.530553 2.189244 -0.229145 -0.791226 -0.264352 0.501570
1305032209.074325 0.246619 -0.521060 2.191188 0.225582 0.801279 0.271935 -0.482820
1305032209.110344 0.208437 -0.503037 2.119207 -0.233442 -0.768075 -0.263405 0.534961
1305032209.142303 0.208437 -0.503037 2.119207 -0.233442 -0.768075 -0.263405 0.534961
1305032209.174364 0.216404 -0.509374 2.112549 -0.243246 -0.784716 -0.247810 0.513462
1305032209.210335 0.307086 -0.526722 2.026477 -0.259415 -0.772154 -0.220401 0.536569
1305032209.242357 0.311261 -0.528170 2.021782 -0.265184 -0.775861 -0.212142 0.531708
1305032209.274316 0.321142 -0.529559 2.020597 -0.266527 -0.779945 -0.207524 0.526861
1305032209.310324 0.338496 -0.539462 2.023989 -0.266939 -0.784398 -0.210572 0.518771
1305032209.342354 0.344045 -0.545206 2.016979 -0.268418 -0.787827 -0.217405 0.509917
1305032209.374327 0.344170 -0.552391 2.008115 -0.269166 -0.792447 -0.221090 0.500695
1305032209.410376 0.348247 -0.556447 2.004421 0.269931 0.798393 0.216029 -0.492987
1305032209.442343 0.357243 -0.565564 2.008110 0.272512 0.803975 0.204727 -0.487287
1305032209.474385 0.361269 -0.579033 2.004209 0.270953 0.810106 0.195583 -0.481725
1305032209.510364 0.367271 -0.592755 2.003454 0.265210 0.817510 0.187161 -0.475723
1305032209.542394 0.374243 -0.610308 2.003341 0.261093 0.821458 0.185328 -0.471901
1305032209.574442 0.378607 -0.627766 2.002515 0.257335 0.822919 0.189061 -0.469935
1305032209.610345 0.382977 -0.644538 1.999321 0.252662 0.823866 0.195047 -0.468362
1305032209.642347 0.385703 -0.661340 1.997050 0.247648 0.822809 0.199450 -0.471037
1305032209.674721 0.390652 -0.677780 1.997425 0.246771 0.820824 0.200977 -0.474299
1305032209.710597 0.397927 -0.697555 1.996426 0.248266 0.818899 0.205844 -0.474760
1305032209.742374 0.390054 -0.706012 1.989859 0.246291 0.820091 0.206246 -0.473555
1305032209.774767 0.398555 -0.719936 1.992089 0.244173 0.821246 0.203031 -0.474040
1305032209.810332 0.407577 -0.737599 1.994172 0.243718 0.821654 0.205476 -0.472511
1305032209.842351 0.405365 -0.745398 1.992665 0.242299 0.822846 0.207275 -0.470375
1305032209.874326 0.409580 -0.753854 1.992070 0.241000 0.824281 0.209564 -0.467506
1305032209.910360 0.416305 -0.764396 1.992288 0.241611 0.825904 0.210772 -0.463769
1305032209.942364 0.415049 -0.769352 1.989472 0.243189 0.828217 0.211164 -0.458613
1305032209.974383 0.414103 -0.775441 1.986508 0.245424 0.831474 0.209520 -0.452238
1305032210.010313 0.418027 -0.778887 1.985267 0.245657 0.835667 0.206692 -0.445635
1305032210.042386 0.421441 -0.783216 1.984595 0.244854 0.840312 0.206821 -0.437204
1305032210.074363 0.421288 -0.787389 1.983326 0.242639 0.845111 0.207512 -0.428780
1305032210.110389 0.424692 -0.789847 1.982450 0.241367 0.848899 0.208670 -0.421389
1305032210.142266 0.418877 -0.794956 1.977756 0.241269 0.851942 0.210131 -0.414522
1305032210.174380 0.416293 -0.797649 1.974081 0.238382 0.855200 0.208120 -0.410479
1305032210.210412 0.422155 -0.804932 1.973331 0.236176 0.857292 0.207336 -0.407778
1305032210.242346 0.420783 -0.808023 1.973329 0.235109 0.859364 0.209959 -0.402659
1305032210.274358 0.417629 -0.815451 1.970162 0.232478 0.860975 0.215591 -0.397740
1305032210.310544 0.417914 -0.820169 1.968323 0.227753 0.862803 0.221806 -0.393067
1305032210.342506 0.418733 -0.823600 1.965670 0.223503 0.863372 0.233014 -0.387738
1305032210.374472 0.411993 -0.834290 1.965451 0.224182 0.862187 0.243050 -0.383801
1305032210.410424 0.402967 -0.844308 1.959990 0.222343 0.861362 0.248515 -0.383223
1305032210.442396 0.399085 -0.852092 1.952525 0.220045 0.861837 0.248509 -0.383485
1305032210.474511 0.395838 -0.858462 1.943860 0.215933 0.864083 0.248297 -0.380896
1305032210.510395 0.391747 -0.870666 1.932590 0.212110 0.865856 0.249438 -0.378264
1305032210.542370 0.392287 -0.875522 1.929185 0.206547 0.870704 0.246996 -0.371760
1305032210.574404 0.393348 -0.880144 1.929537 0.200445 0.875677 0.244927 -0.364722
1305032210.610379 0.395792 -0.884379 1.933488 0.195444 0.878603 0.245718 -0.359835
1305032210.642390 0.395760 -0.889122 1.935453 0.192863 0.879089 0.248482 -0.358138
1305032210.674550 0.393610 -0.892442 1.932417 0.191134 0.878820 0.249146 -0.359264
1305032210.710365 0.391559 -0.891905 1.929310 0.190209 0.878740 0.246118 -0.362026
1305032210.742415 0.393818 -0.889850 1.929851 0.190018 0.878981 0.241372 -0.364726
1305032210.774629 0.397710 -0.882156 1.937024 0.192773 0.878779 0.237125 -0.366548
1305032210.810392 0.400997 -0.874492 1.944179 0.196680 0.877333 0.236526 -0.368320
1305032210.842380 0.384996 -0.888279 1.929313 0.199318 0.875179 0.239998 -0.369778
1305032210.874505 0.391729 -0.867719 1.948629 0.210678 0.868469 0.243540 -0.376914
1305032210.910405 0.391461 -0.860165 1.938915 0.201632 0.869982 0.248917 -0.374854
1305032210.942466 0.394947 -0.846327 1.943049 0.204737 0.866057 0.254810 -0.378286
1305032210.974653 0.391569 -0.839844 1.940024 0.212332 0.861032 0.263411 -0.379675
1305032211.010371 0.391713 -0.826939 1.938310 0.219607 0.858312 0.269393 -0.377492
1305032211.042413 0.389173 -0.815580 1.936549 0.227811 0.855668 0.274903 -0.374649
1305032211.074255 0.385117 -0.804696 1.934976 0.235051 0.853324 0.279151 -0.372376
1305032211.110341 0.388080 -0.792307 1.936130 0.242768 0.850336 0.284755 -0.370009
1305032211.142597 0.387908 -0.778018 1.936546 0.252751 0.845865 0.295077 -0.365458
1305032211.174834 0.378055 -0.769336 1.929711 0.259151 0.842348 0.304775 -0.361113
1305032211.210385 0.367007 -0.760501 1.921625 0.262510 0.840967 0.309464 -0.357904
1305032211.242660 0.355603 -0.761507 1.907280 0.266654 0.838808 0.311103 -0.358484
1305032211.274512 0.349500 -0.753485 1.902116 0.266018 0.841249 0.301207 -0.361677
1305032211.310449 0.343111 -0.752216 1.898891 0.265179 0.843770 0.288550 -0.366702
1305032211.342375 0.346823 -0.742525 1.902531 0.263354 0.846436 0.269613 -0.376165
1305032211.374496 0.340734 -0.736795 1.913152 0.264076 0.846684 0.256556 -0.384146
1305032211.410472 0.308799 -0.719946 1.961515 0.261085 0.857109 0.249351 -0.367454
1305032211.442689 0.302541 -0.714971 1.960248 0.258982 0.853735 0.242280 -0.381269
1305032211.474663 0.311391 -0.707382 1.959052 0.256633 0.849081 0.235568 -0.397126
1305032211.510382 0.312205 -0.698677 1.954435 0.255390 0.845146 0.234745 -0.406693
1305032211.542531 0.304695 -0.694677 1.948902 0.261557 0.840773 0.239198 -0.409234
1305032211.574430 0.300788 -0.689878 1.943896 0.262218 0.839108 0.238966 -0.412351
1305032211.610365 0.293812 -0.684241 1.935432 0.264344 0.838383 0.237110 -0.413540
1305032211.642418 0.287974 -0.677912 1.930456 0.264935 0.838821 0.233163 -0.414515
1305032211.674547 0.286372 -0.673159 1.926943 0.264293 0.838697 0.232855 -0.415349
1305032211.710338 0.279567 -0.670179 1.922985 0.264633 0.837437 0.235666 -0.416089
1305032211.742374 0.268937 -0.669368 1.921023 0.265268 0.833514 0.237537 -0.422450
1305032211.774512 0.260419 -0.670272 1.915830 0.265239 0.826365 0.239595 -0.435159
1305032211.810377 0.251108 -0.671907 1.909914 0.262564 0.819460 0.242911 -0.447818
1305032211.842378 0.242146 -0.673667 1.903224 0.254638 0.814080 0.248652 -0.458918
1305032211.874630 0.234022 -0.675973 1.891931 0.245887 0.810219 0.256476 -0.466160
1305032211.910470 0.219446 -0.678339 1.878729 0.237852 0.811225 0.264524 -0.464078
1305032211.942539 0.207231 -0.683038 1.870017 0.231848 0.813741 0.271228 -0.458811
1305032211.974469 0.194459 -0.688571 1.862127 0.228150 0.814610 0.277860 -0.455139
1305032212.010338 0.179958 -0.695384 1.852921 0.225118 0.815189 0.282701 -0.452624
1305032212.042458 0.167528 -0.701853 1.848738 0.222824 0.815282 0.285960 -0.451544
1305032212.074506 0.153624 -0.711139 1.845632 0.220883 0.812511 0.290834 -0.454371
1305032212.110367 0.140635 -0.721413 1.843224 0.217985 0.807401 0.294321 -0.462560
1305032212.142475 0.131237 -0.733205 1.840190 0.217094 0.799161 0.298494 -0.474462
1305032212.174505 0.117215 -0.747662 1.836609 0.216100 0.789973 0.300530 -0.488799
1305032212.210480 0.119839 -0.758329 1.833580 -0.217419 -0.778134 -0.302941 0.505434
1305032212.242463 0.103249 -0.773300 1.823409 -0.222976 -0.765418 -0.307435 0.519520
1305032212.274564 0.099533 -0.782555 1.818292 -0.222559 -0.756459 -0.304933 0.534090
1305032212.310394 0.103600 -0.790826 1.810525 -0.224417 -0.746170 -0.307294 0.546294
1305032212.342472 0.091096 -0.801624 1.797839 -0.225358 -0.738563 -0.313248 0.552824
1305032212.374842 0.071027 -0.820800 1.778681 -0.227222 -0.731201 -0.316357 0.560029
1305032212.410380 0.069081 -0.823204 1.767046 -0.218457 -0.732292 -0.306457 0.567547
1305032212.442501 0.072263 -0.825299 1.756033 -0.212681 -0.731715 -0.300854 0.573451
1305032212.474527 0.075292 -0.820408 1.744448 -0.211203 -0.729147 -0.298224 0.578619
1305032212.510341 0.076256 -0.815359 1.733341 -0.209989 -0.726031 -0.296874 0.583652
1305032212.542508 0.081303 -0.804764 1.722199 -0.209452 -0.722099 -0.298829 0.587711
1305032212.574325 0.078180 -0.799695 1.706597 -0.209962 -0.717874 -0.301918 0.591115
1305032212.610254 0.071266 -0.786767 1.687577 -0.213634 -0.712226 -0.307125 0.593943
1305032212.642521 0.067941 -0.782600 1.672464 -0.215222 -0.709711 -0.306945 0.596468
1305032212.674498 0.062900 -0.775095 1.657984 -0.213300 -0.708893 -0.304816 0.599217
1305032212.710336 0.060989 -0.767463 1.645919 -0.208548 -0.708009 -0.301707 0.603493
1305032212.742847 0.063126 -0.760611 1.639235 -0.203844 -0.705355 -0.300591 0.608742
1305032212.774575 0.058122 -0.750692 1.626127 -0.198298 -0.702278 -0.302656 0.613093
1305032212.810368 0.054608 -0.742767 1.610223 -0.196886 -0.692700 -0.307510 0.621965
1305032212.842568 0.050180 -0.732565 1.594603 -0.195073 -0.687137 -0.306313 0.629255
1305032212.874508 0.050499 -0.719777 1.577345 -0.195878 -0.682342 -0.306931 0.633904
1305032212.910395 0.041462 -0.711289 1.558384 -0.196636 -0.679803 -0.309769 0.635016
1305032212.942477 0.031035 -0.709245 1.541242 -0.194530 -0.677631 -0.310831 0.637463
1305032212.974407 0.028340 -0.703089 1.525197 -0.188092 -0.675847 -0.310038 0.641661
1305032213.010380 0.023972 -0.700367 1.511053 -0.184512 -0.672162 -0.312492 0.645370
1305032213.042304 0.022195 -0.699219 1.496321 -0.183992 -0.664198 -0.314088 0.652945
1305032213.074503 0.016542 -0.699016 1.475543 -0.191486 -0.653137 -0.317165 0.660417
1305032213.110372 -0.000668 -0.706150 1.459067 -0.198919 -0.646159 -0.316681 0.665300
1305032213.142510 -0.015596 -0.720379 1.446130 -0.204714 -0.638624 -0.317735 0.670296
1305032213.174336 -0.017902 -0.729255 1.436288 -0.210299 -0.630499 -0.312501 0.678666
1305032213.210443 -0.011648 -0.730733 1.420058 -0.213039 -0.621279 -0.307623 0.688472
1305032213.242392 -0.009430 -0.732499 1.413327 -0.223348 -0.611836 -0.301900 0.696153
1305032213.274444 -0.010943 -0.738605 1.404903 -0.230211 -0.602351 -0.300156 0.702910
1305032213.310366 -0.009644 -0.745376 1.396691 -0.236679 -0.593329 -0.300513 0.708262
1305032213.342441 -0.009574 -0.751989 1.388223 -0.242388 -0.584340 -0.302450 0.712965
1305032213.374690 -0.013677 -0.755961 1.378304 -0.245026 -0.577550 -0.305186 0.716422
1305032213.410420 -0.015714 -0.762141 1.372329 -0.245076 -0.572609 -0.303461 0.721088
1305032213.442605 -0.012660 -0.775161 1.370062 -0.248137 -0.564534 -0.299196 0.728156
1305032213.474640 -0.005499 -0.764085 1.354609 -0.240780 -0.555395 -0.295097 0.739242
1305032213.510422 -0.007542 -0.760674 1.342475 -0.239843 -0.548794 -0.293941 0.744916
1305032213.542388 -0.011160 -0.752871 1.329465 -0.238063 -0.546444 -0.288618 0.749282
1305032213.574442 -0.001025 -0.752707 1.314205 -0.239498 -0.546715 -0.282012 0.751141
1305032213.610404 -0.001660 -0.746399 1.304744 -0.245629 -0.548285 -0.279008 0.749136
1305032213.642569 -0.007865 -0.741886 1.299998 -0.250325 -0.554490 -0.276151 0.744056
1305032213.674418 -0.005073 -0.739756 1.292892 -0.249652 -0.557924 -0.270994 0.743611
1305032213.710549 0.000724 -0.739536 1.285248 -0.250978 -0.556562 -0.270169 0.744485
1305032213.742482 0.001794 -0.735949 1.276217 -0.254613 -0.552676 -0.273238 0.745025
1305032213.774474 -0.000229 -0.732929 1.269659 -0.259661 -0.547429 -0.276515 0.745947
1305032213.810376 0.000498 -0.733129 1.264442 -0.264403 -0.539105 -0.279758 0.749127
1305032213.842487 0.002511 -0.730617 1.262719 -0.268202 -0.531517 -0.283717 0.751706
1305032213.874647 -0.002402 -0.728402 1.256408 -0.272971 -0.519952 -0.286605 0.756964
1305032213.910381 -0.008688 -0.729442 1.246007 -0.272155 -0.508344 -0.287187 0.764880
1305032213.942423 -0.006036 -0.728595 1.230295 -0.267213 -0.498524 -0.285708 0.773591
1305032213.974522 -0.007962 -0.727605 1.216437 -0.267318 -0.487749 -0.284828 0.780715
1305032214.010370 -0.008517 -0.726390 1.200684 -0.265475 -0.477834 -0.281699 0.788570
1305032214.042545 -0.009484 -0.724520 1.183823 -0.264276 -0.469709 -0.277586 0.795285
1305032214.074286 -0.006776 -0.724081 1.167258 -0.262656 -0.463262 -0.271460 0.801692
1305032214.110291 -0.000846 -0.724087 1.150142 -0.262861 -0.455120 -0.266640 0.807882
1305032214.142521 0.005447 -0.721824 1.132089 -0.267984 -0.444994 -0.264138 0.812647
1305032214.174516 0.006544 -0.719474 1.115628 -0.274989 -0.436639 -0.264917 0.814584
1305032214.210391 0.005406 -0.721593 1.103055 -0.281772 -0.430683 -0.263562 0.815875
1305032214.242519 0.007069 -0.727710 1.092800 -0.285637 -0.425600 -0.257900 0.819002
1305032214.278351 0.014305 -0.732287 1.084372 -0.284547 -0.419006 -0.250853 0.824948
1305032214.310321 0.022841 -0.738622 1.075168 -0.282760 -0.407895 -0.246050 0.832543
1305032214.342473 0.029838 -0.743248 1.064516 -0.280587 -0.395822 -0.245022 0.839381
1305032214.378584 0.034654 -0.746183 1.055904 -0.279960 -0.384930 -0.245757 0.844426
1305032214.410541 0.038080 -0.748536 1.047865 -0.279057 -0.377336 -0.247759 0.847561
1305032214.442484 0.034587 -0.750994 1.042756 -0.278142 -0.374838 -0.246765 0.849259
1305032214.478559 0.027195 -0.755794 1.026526 -0.272888 -0.377839 -0.243386 0.850608
1305032214.510403 0.022493 -0.755541 1.024849 -0.265307 -0.399089 -0.234209 0.845864
1305032214.542564 0.030343 -0.762353 1.030808 -0.253464 -0.424872 -0.213182 0.842492
1305032214.578435 0.054948 -0.705806 0.995916 -0.213758 -0.419125 -0.272501 0.839276
1305032214.610410 0.053578 -0.703645 1.000248 -0.205100 -0.441061 -0.266801 0.831995
1305032214.642495 0.044906 -0.702754 1.005158 -0.194788 -0.459083 -0.264383 0.825471
1305032214.678469 -0.024157 -0.699494 0.969375 -0.169783 -0.450987 -0.356006 0.800652
1305032214.710581 -0.013776 -0.696863 0.984827 -0.160381 -0.464569 -0.343678 0.800211
1305032214.742491 0.002406 -0.710781 1.011622 -0.155296 -0.473940 -0.333938 0.799843
1305032214.778394 0.027233 -0.728977 1.034714 -0.151420 -0.469745 -0.322068 0.807888
1305032214.810517 0.036170 -0.737158 1.041017 -0.143359 -0.459815 -0.312844 0.818625
1305032214.842490 0.045518 -0.748918 1.038707 -0.127386 -0.453738 -0.301363 0.828900
1305032214.878427 0.051641 -0.743477 1.055682 -0.117862 -0.451900 -0.292929 0.834318
1305032214.910391 0.082091 -0.728978 1.064275 -0.110814 -0.448048 -0.286578 0.839551
1305032214.942427 0.130202 -0.698787 1.085963 -0.107348 -0.439344 -0.282807 0.845856
1305032214.978577 0.148441 -0.690992 1.088323 -0.104635 -0.420185 -0.286180 0.854750
1305032215.010342 0.154769 -0.708061 1.092728 -0.102233 -0.401031 -0.285445 0.864432
1305032215.042496 0.155613 -0.631142 1.076752 -0.105126 -0.388396 -0.248154 0.881202
1305032215.078529 0.128596 -0.677754 1.053126 -0.085579 -0.375273 -0.240282 0.891129
1305032215.110401 0.161108 -0.642110 1.065519 -0.059638 -0.367862 -0.231864 0.898532
1305032215.143205 0.181133 -0.626181 1.071286 -0.045970 -0.356637 -0.223859 0.905861
1305032215.178530 0.170190 -0.617218 1.060923 -0.032565 -0.345286 -0.217645 0.912331
1305032215.210486 0.203058 -0.579459 1.072928 -0.017412 -0.341859 -0.209282 0.915986
1305032215.242371 0.233868 -0.513248 1.083301 -0.012864 -0.336521 -0.207773 0.918378
1305032215.278366 0.237712 -0.494740 1.079484 -0.018531 -0.328919 -0.214835 0.919410
1305032215.310363 0.247049 -0.490123 1.080016 -0.027130 -0.321756 -0.216242 0.921399
1305032215.342417 0.252038 -0.453084 1.077292 -0.036844 -0.315836 -0.217103 0.922906
1305032215.378375 0.242422 -0.449593 1.070606 -0.049452 -0.314452 -0.218347 0.922496
1305032215.410425 0.242450 -0.463480 1.071024 -0.061176 -0.314431 -0.214648 0.922668
1305032215.442589 0.250955 -0.471445 1.077023 -0.069838 -0.316354 -0.201699 0.924316
1305032215.478270 0.270597 -0.434114 1.085066 -0.076210 -0.319732 -0.195221 0.924041
1305032215.510404 0.291769 -0.410393 1.094340 -0.092010 -0.320222 -0.201658 0.921046
1305032215.542417 0.309027 -0.398475 1.096886 -0.113720 -0.315914 -0.208206 0.918649
1305032215.578513 0.303165 -0.415831 1.090281 -0.134221 -0.311946 -0.203833 0.918219
1305032215.610382 0.258789 -0.527251 1.069725 -0.152426 -0.311177 -0.198410 0.916825
1305032215.642412 0.258851 -0.537877 1.068315 -0.152212 -0.314689 -0.176523 0.920132
1305032215.678572 0.265294 -0.537365 1.059181 -0.133345 -0.322200 -0.160078 0.923462
1305032215.710476 0.275492 -0.543192 1.061429 -0.122477 -0.326697 -0.143413 0.926122
1305032215.742411 0.287618 -0.515838 1.056113 -0.108041 -0.326302 -0.147640 0.927392
1305032215.778523 0.297846 -0.515989 1.057203 -0.110320 -0.322156 -0.143558 0.929213
1305032215.810503 0.297336 -0.521080 1.049728 -0.109723 -0.315276 -0.145903 0.931276
1305032215.843262 0.303573 -0.527403 1.043414 -0.108098 -0.307222 -0.145298 0.934247
1305032215.878582 0.305254 -0.523601 1.040611 -0.107605 -0.298852 -0.140853 0.937694
1305032215.910455 0.305913 -0.516466 1.031995 -0.107515 -0.297102 -0.138086 0.938671
1305032215.942442 0.290189 -0.513905 1.018752 -0.108484 -0.298426 -0.136216 0.938413
1305032215.978375 0.290866 -0.524477 1.011201 -0.106198 -0.304510 -0.129245 0.937705
1305032216.010466 0.293800 -0.530704 1.007599 -0.095939 -0.310839 -0.129472 0.936703
1305032216.042826 0.298262 -0.535802 1.003787 -0.086287 -0.312412 -0.124776 0.937755
1305032216.078460 0.302541 -0.538541 0.997096 -0.076892 -0.312359 -0.119641 0.939258
1305032216.111346 0.297217 -0.555665 0.985064 -0.066553 -0.314991 -0.112465 0.940055
1305032216.142501 0.296577 -0.568885 0.977117 -0.052693 -0.321135 -0.104978 0.939721
1305032216.178247 0.308150 -0.556867 0.969893 -0.036794 -0.326160 -0.098593 0.939439
1305032216.210278 0.333051 -0.522773 0.975116 -0.024052 -0.330187 -0.093725 0.938943
1305032216.242408 0.342219 -0.522736 0.969068 -0.016175 -0.332428 -0.094406 0.938253
1305032216.278313 0.356661 -0.482707 0.967694 -0.013907 -0.332597 -0.096296 0.938037
1305032216.310546 0.369784 -0.462331 0.967270 -0.021413 -0.330752 -0.108214 0.937248
1305032216.342396 0.361497 -0.505245 0.956573 -0.033708 -0.326128 -0.118594 0.937251
1305032216.378409 0.369435 -0.506990 0.953899 -0.038236 -0.323527 -0.121577 0.937596
1305032216.410545 0.374343 -0.511851 0.953580 -0.040802 -0.321759 -0.119965 0.938304
1305032216.442517 0.369597 -0.511603 0.949624 -0.046282 -0.319306 -0.119554 0.938940
1305032216.478345 0.358852 -0.534800 0.943196 -0.042216 -0.319843 -0.115971 0.939398
1305032216.510397 0.360964 -0.540580 0.949645 -0.024710 -0.323176 -0.101039 0.940605
1305032216.542470 0.374746 -0.576092 0.960525 -0.000722 -0.323495 -0.088970 0.942037
1305032216.578509 0.372885 -0.577755 0.961971 0.052923 -0.316064 -0.065026 0.945026
1305032216.610539 0.372885 -0.577755 0.961971 0.052923 -0.316064 -0.065026 0.945026
1305032216.642490 0.372885 -0.577755 0.961971 0.052923 -0.316064 -0.065026 0.945026
1305032216.678828 0.405330 -0.540043 0.980882 0.033122 -0.335498 -0.107727 0.935275
1305032216.710538 0.402382 -0.620446 0.997270 0.004354 -0.345950 -0.135398 0.928422
1305032216.742550 0.374680 -0.666043 1.006092 -0.005205 -0.353860 -0.134156 0.925612
1305032216.778433 0.372583 -0.634492 1.013640 -0.009844 -0.368297 -0.125108 0.921200
1305032216.810335 0.382859 -0.617214 1.029175 -0.025323 -0.386393 -0.114282 0.914876
1305032216.842459 0.393612 -0.661002 1.057759 -0.041459 -0.405238 -0.104394 0.907285
1305032216.878386 0.405301 -0.658906 1.073368 -0.043275 -0.419946 -0.093337 0.901699
1305032216.910308 0.425593 -0.618705 1.089950 -0.051009 -0.434543 -0.091483 0.894540
1305032216.942363 0.428183 -0.660429 1.109812 -0.060282 -0.447653 -0.095240 0.887075
1305032216.978332 0.438928 -0.646081 1.125199 -0.061697 -0.462286 -0.108411 0.877914
1305032217.010429 0.457268 -0.640483 1.140639 -0.068786 -0.477250 -0.127993 0.866671
1305032217.042675 0.472141 -0.643885 1.154522 -0.070945 -0.490156 -0.147447 0.856139
1305032217.078598 0.481359 -0.639631 1.169172 -0.075869 -0.502727 -0.166407 0.844877
1305032217.110427 0.504548 -0.623979 1.182230 -0.084334 -0.511488 -0.185737 0.834727
1305032217.142525 0.514282 -0.627291 1.193509 -0.100039 -0.516101 -0.203178 0.826045
1305032217.178531 0.514439 -0.631843 1.206859 -0.111336 -0.524178 -0.221248 0.814795
1305032217.210388 0.512409 -0.644145 1.212066 -0.122864 -0.531987 -0.229143 0.805846
1305032217.242451 0.527736 -0.641933 1.221175 -0.129297 -0.533947 -0.246486 0.798390
1305032217.278580 0.551259 -0.630581 1.234191 -0.132990 -0.535719 -0.257001 0.793265
1305032217.310416 0.562246 -0.629204 1.243371 -0.139810 -0.531584 -0.266922 0.791596
1305032217.342449 0.571675 -0.620604 1.249371 -0.145412 -0.529119 -0.269698 0.791297
1305032217.378872 0.570700 -0.616101 1.253755 -0.148668 -0.531935 -0.273306 0.787557
1305032217.410445 0.575181 -0.613689 1.259485 -0.149418 -0.536523 -0.277147 0.782948
1305032217.442444 0.581644 -0.604998 1.261410 -0.147827 -0.544018 -0.277477 0.777945
1305032217.478307 0.576298 -0.615193 1.264377 -0.155512 -0.549496 -0.287553 0.768885
1305032217.511108 0.592796 -0.600401 1.271238 -0.166480 -0.559686 -0.286923 0.759415
1305032217.542486 0.600658 -0.597045 1.273860 -0.175062 -0.566493 -0.285990 0.752761
1305032217.578482 0.601273 -0.595034 1.277728 -0.184215 -0.575292 -0.281734 0.745473
1305032217.610504 0.610164 -0.593877 1.283925 -0.189860 -0.584458 -0.273102 0.740120
1305032217.642631 0.616035 -0.594600 1.288671 -0.197584 -0.589750 -0.268664 0.735510
1305032217.678636 0.621110 -0.591056 1.290637 -0.202920 -0.596141 -0.262734 0.731034
1305032217.711920 0.622822 -0.591499 1.296432 -0.210614 -0.602590 -0.256509 0.725762
1305032217.742473 0.626295 -0.588415 1.303863 -0.213158 -0.609653 -0.244725 0.723185
1305032217.778308 0.636231 -0.587000 1.308819 -0.213850 -0.613210 -0.242347 0.720770
1305032217.810752 0.643033 -0.583182 1.318397 -0.215703 -0.616409 -0.242064 0.717577
1305032217.842519 0.650257 -0.578708 1.325949 -0.214011 -0.614082 -0.243488 0.719594
1305032217.878392 0.653817 -0.576093 1.341998 -0.210146 -0.608754 -0.249798 0.723089
1305032217.910504 0.657641 -0.568017 1.336540 -0.203761 -0.597874 -0.248054 0.734505
1305032217.942483 0.657871 -0.562865 1.340816 -0.201306 -0.592331 -0.247200 0.739941
1305032217.978398 0.659444 -0.556166 1.343100 -0.191024 -0.589757 -0.244176 0.745704
1305032218.010409 0.663168 -0.549813 1.344644 -0.181331 -0.587040 -0.242626 0.750756
1305032218.042478 0.666761 -0.542191 1.341570 -0.172759 -0.583471 -0.241952 0.755761
1305032218.078436 0.670435 -0.534012 1.336314 -0.170223 -0.582612 -0.242105 0.756949
1305032218.110471 0.672755 -0.526091 1.333709 -0.170229 -0.582728 -0.241612 0.757017
1305032218.142431 0.676906 -0.515751 1.325493 -0.171318 -0.582473 -0.244255 0.756118
1305032218.178513 0.675360 -0.508288 1.318052 -0.179123 -0.583887 -0.246395 0.752516
1305032218.210431 0.676461 -0.500845 1.312821 -0.184387 -0.585974 -0.245784 0.749818
1305032218.242520 0.680819 -0.493516 1.307360 -0.188582 -0.585179 -0.246155 0.749273
1305032218.278440 0.685680 -0.485037 1.298433 -0.193866 -0.581484 -0.246815 0.750583
1305032218.310449 0.687921 -0.479540 1.291216 -0.202191 -0.575109 -0.248083 0.752877
1305032218.342464 0.693033 -0.471813 1.280642 -0.208442 -0.566758 -0.249885 0.756898
1305032218.378872 0.694202 -0.466030 1.269036 -0.215210 -0.560009 -0.255195 0.758254
1305032218.410504 0.693684 -0.461977 1.257265 -0.221343 -0.553899 -0.262778 0.758387
1305032218.442406 0.690364 -0.458379 1.245083 -0.226508 -0.548927 -0.268584 0.758443
1305032218.478547 0.690108 -0.456570 1.235255 -0.228600 -0.544621 -0.272167 0.759642
1305032218.510330 0.686059 -0.454521 1.224889 -0.228815 -0.537633 -0.274438 0.763727
1305032218.542483 0.686706 -0.455149 1.212462 -0.229108 -0.530490 -0.274531 0.768585
1305032218.578999 0.685046 -0.454920 1.200445 -0.227696 -0.523443 -0.275120 0.773609
1305032218.610422 0.684798 -0.455784 1.187856 -0.225471 -0.516319 -0.276982 0.778369
1305032218.642438 0.686336 -0.456204 1.171904 -0.223740 -0.510541 -0.278972 0.781961
1305032218.678435 0.688081 -0.459005 1.159593 -0.225537 -0.506385 -0.283789 0.782413
1305032218.710921 0.685269 -0.459339 1.150339 -0.225137 -0.497785 -0.289475 0.785957
1305032218.742555 0.682690 -0.458503 1.135678 -0.222717 -0.485999 -0.295772 0.791657
1305032218.778405 0.680096 -0.458002 1.120952 -0.218745 -0.474180 -0.302706 0.797291
1305032218.810436 0.677356 -0.456331 1.105723 -0.216785 -0.461809 -0.307200 0.803346
1305032218.842439 0.671357 -0.453834 1.091841 -0.214177 -0.449991 -0.310879 0.809315
1305032218.878434 0.669623 -0.452795 1.077469 -0.207322 -0.437031 -0.316082 0.816158
1305032218.911133 0.667314 -0.450194 1.059179 -0.201341 -0.421418 -0.322071 0.823492
1305032218.942410 0.660758 -0.442764 1.043956 -0.195641 -0.408899 -0.325496 0.829807
1305032218.978382 0.654346 -0.432748 1.023318 -0.189562 -0.399949 -0.327552 0.834755
1305032219.010408 0.645210 -0.422495 1.001424 -0.186203 -0.397603 -0.329406 0.835902
1305032219.043456 0.636100 -0.414249 0.985418 -0.185455 -0.403536 -0.329941 0.833009
1305032219.078513 0.631818 -0.405980 0.967582 -0.186716 -0.410993 -0.328060 0.829818
1305032219.110323 0.624833 -0.397148 0.949373 -0.191798 -0.417720 -0.328176 0.825242
1305032219.142368 0.618535 -0.389703 0.935034 -0.198560 -0.421321 -0.329063 0.821450
1305032219.178801 0.605836 -0.378266 0.922410 -0.203532 -0.421361 -0.330269 0.819727
1305032219.210238 0.591673 -0.365850 0.909414 -0.204155 -0.420036 -0.330159 0.820296
1305032219.242363 0.579434 -0.357208 0.897714 -0.203886 -0.418929 -0.326354 0.822449
1305032219.278308 0.568196 -0.346606 0.885462 -0.200180 -0.419887 -0.318698 0.825866
1305032219.310357 0.556911 -0.338657 0.875247 -0.198224 -0.422708 -0.313796 0.826775
1305032219.342295 0.546687 -0.329575 0.865596 -0.194827 -0.423354 -0.309528 0.828858
1305032219.378342 0.534909 -0.319672 0.856412 -0.194168 -0.424938 -0.306432 0.829353
1305032219.410198 0.519335 -0.306621 0.852298 -0.193537 -0.431037 -0.301723 0.828079
1305032219.442144 0.506756 -0.296077 0.846915 -0.191231 -0.438338 -0.295029 0.827193
1305032219.478154 0.492639 -0.283484 0.845143 -0.184384 -0.444951 -0.286724 0.828137
1305032219.510229 0.479946 -0.274182 0.842177 -0.177379 -0.446337 -0.273760 0.833292
1305032219.542113 0.467255 -0.262727 0.838188 -0.169419 -0.444630 -0.261049 0.839914
1305032219.578114 0.453191 -0.251113 0.834962 -0.160036 -0.443160 -0.249829 0.845921
1305032219.610102 0.439988 -0.239786 0.831763 -0.146882 -0.440329 -0.239669 0.852699
1305032219.642551 0.426543 -0.229690 0.825203 -0.134753 -0.435826 -0.228614 0.860019
1305032219.678015 0.413189 -0.220352 0.819001 -0.126015 -0.434542 -0.215898 0.865264
1305032219.710138 0.401704 -0.209807 0.811568 -0.121505 -0.432371 -0.207849 0.868959
1305032219.741999 0.387733 -0.200918 0.806365 -0.120038 -0.429501 -0.201160 0.872155
1305032219.778021 0.373359 -0.194548 0.799995 -0.113620 -0.429851 -0.193893 0.874485
1305032219.809962 0.364313 -0.187161 0.787961 -0.115434 -0.429079 -0.193081 0.874806
1305032219.842237 0.349552 -0.184699 0.784056 -0.124717 -0.427773 -0.196610 0.873385
1305032219.878005 0.334960 -0.185444 0.779953 -0.123615 -0.425510 -0.199477 0.873996
1305032219.910172 0.321674 -0.190329 0.768997 -0.127773 -0.422067 -0.202927 0.874273
1305032219.941819 0.306406 -0.198174 0.763492 -0.137533 -0.422060 -0.214199 0.870097
1305032219.977852 0.291204 -0.210762 0.759949 -0.137297 -0.420075 -0.220517 0.869516
1305032220.009782 0.277131 -0.228706 0.751071 -0.129763 -0.415353 -0.221300 0.872737
1305032220.041842 0.262879 -0.246941 0.741186 -0.129371 -0.412542 -0.226960 0.872675
1305032220.077875 0.251531 -0.265112 0.732919 -0.128965 -0.410648 -0.229408 0.872988
1305032220.109992 0.241584 -0.283788 0.719949 -0.135998 -0.407400 -0.234041 0.872212
1305032220.141888 0.232353 -0.301274 0.711056 -0.147817 -0.403739 -0.238905 0.870672
1305032220.177768 0.221819 -0.324455 0.701459 -0.156386 -0.398545 -0.238422 0.871699
1305032220.209781 0.213151 -0.343498 0.686802 -0.155704 -0.393891 -0.238435 0.873931
1305032220.242708 0.206257 -0.362199 0.672611 -0.159810 -0.388582 -0.244103 0.874001
1305032220.277784 0.200060 -0.382010 0.659672 -0.165491 -0.382334 -0.250031 0.874024
1305032220.309825 0.196311 -0.399613 0.642807 -0.172670 -0.373828 -0.255439 0.874751
1305032220.341657 0.191609 -0.416437 0.629025 -0.187983 -0.363702 -0.256592 0.875525
1305032220.377717 0.184913 -0.435586 0.617895 -0.204376 -0.355266 -0.249077 0.877484
1305032220.409781 0.183139 -0.449911 0.603004 -0.218315 -0.350067 -0.242304 0.878112
1305032220.441627 0.176061 -0.470592 0.597460 -0.234329 -0.346189 -0.234413 0.877664
1305032220.477671 0.175176 -0.486721 0.586614 -0.240175 -0.344151 -0.228336 0.878487
1305032220.509642 0.184062 -0.502676 0.577514 -0.244871 -0.338872 -0.228420 0.879220
1305032220.541561 0.185369 -0.518796 0.569294 -0.248265 -0.325400 -0.232741 0.882219
1305032220.577583 0.186506 -0.534764 0.562939 -0.248770 -0.311446 -0.240672 0.884981
1305032220.609511 0.181532 -0.552877 0.562642 -0.241632 -0.297229 -0.249860 0.889291
1305032220.641500 0.185663 -0.565020 0.547209 -0.222891 -0.284945 -0.260482 0.895140
1305032220.677658 0.186949 -0.578994 0.536912 -0.205255 -0.273012 -0.271108 0.899909
1305032220.709566 0.190470 -0.590569 0.523000 -0.182714 -0.262213 -0.280976 0.904938
1305032220.741431 0.196011 -0.601561 0.506568 -0.166734 -0.251779 -0.290051 0.908117
1305032220.777513 0.197798 -0.610552 0.495199 -0.156196 -0.242838 -0.297278 0.910087
1305032220.809530 0.199785 -0.616494 0.483478 -0.146382 -0.235926 -0.300494 0.912477
1305032220.841419 0.201125 -0.620399 0.466933 -0.139724 -0.230720 -0.301461 0.914531
1305032220.877435 0.200689 -0.622779 0.456647 -0.135471 -0.229216 -0.300031 0.916018
1305032220.909410 0.200983 -0.621600 0.441913 -0.128681 -0.232092 -0.295078 0.917880
1305032220.941362 0.206125 -0.619037 0.424586 -0.128058 -0.239241 -0.290647 0.917545
1305032220.977417 0.208316 -0.616309 0.417429 -0.131298 -0.245542 -0.285407 0.917068
1305032221.009393 0.213637 -0.611294 0.406683 -0.133319 -0.251183 -0.276614 0.917942
1305032221.041393 0.219802 -0.603489 0.397795 -0.140614 -0.256023 -0.270094 0.917458
1305032221.077609 0.222415 -0.596669 0.393498 -0.149418 -0.260526 -0.267456 0.915570
1305032221.109239 0.226485 -0.585621 0.386364 -0.154667 -0.265889 -0.267957 0.913006
1305032221.141672 0.229545 -0.571731 0.382919 -0.160184 -0.273193 -0.272327 0.908595
1305032221.177441 0.227965 -0.561888 0.383627 -0.166231 -0.281063 -0.278646 0.903176
1305032221.209191 0.225618 -0.549755 0.381524 -0.165310 -0.289803 -0.281129 0.899807
1305032221.241213 0.236052 -0.532463 0.377530 -0.163901 -0.300727 -0.282447 0.896060
1305032221.277377 0.234747 -0.529034 0.384819 -0.165773 -0.305255 -0.282657 0.894116
1305032221.309217 0.242679 -0.509261 0.380634 -0.156597 -0.307664 -0.279829 0.895832
1305032221.341226 0.254669 -0.493003 0.378074 -0.156823 -0.308647 -0.279413 0.895585
1305032221.377292 0.253052 -0.485015 0.380178 -0.158369 -0.306303 -0.278708 0.896337
1305032221.409359 0.256382 -0.467093 0.379716 -0.153087 -0.307928 -0.272770 0.898522
1305032221.441142 0.262772 -0.452193 0.378485 -0.154612 -0.308886 -0.268880 0.899104
1305032221.477098 0.263321 -0.442680 0.381744 -0.156022 -0.306997 -0.259440 0.902275
1305032221.509051 0.274188 -0.424832 0.379708 -0.157419 -0.306771 -0.244644 0.906234
1305032221.541070 0.283023 -0.412278 0.384525 -0.164509 -0.305247 -0.234977 0.908046
1305032221.577234 0.293511 -0.396557 0.384469 -0.168442 -0.301543 -0.223068 0.911559
1305032221.609021 0.307266 -0.374845 0.386858 -0.181934 -0.297391 -0.214592 0.912364
1305032221.641007 0.311072 -0.370084 0.397904 -0.196551 -0.289727 -0.211276 0.912573
1305032221.677259 0.327756 -0.346286 0.394211 -0.204279 -0.280740 -0.205750 0.914944
1305032221.708958 0.333136 -0.338855 0.402091 -0.224782 -0.268601 -0.204978 0.913953
1305032221.740991 0.335224 -0.335648 0.407373 -0.237328 -0.256768 -0.201420 0.914973
1305032221.776969 0.336442 -0.332611 0.411469 -0.243632 -0.249881 -0.197747 0.916024
1305032221.808938 0.343596 -0.323204 0.412937 -0.240711 -0.248807 -0.194562 0.917769
1305032221.840977 0.344093 -0.325269 0.415292 -0.232689 -0.255330 -0.192100 0.918564
1305032221.876866 0.348488 -0.325073 0.412283 -0.223935 -0.263267 -0.196803 0.917503
1305032221.908984 0.352146 -0.325259 0.413069 -0.215817 -0.264961 -0.202154 0.917798
1305032221.940777 0.354866 -0.326108 0.412862 -0.207988 -0.262547 -0.209041 0.918756
1305032221.976852 0.357354 -0.326094 0.411657 -0.198484 -0.258692 -0.219936 0.919408
1305032222.008934 0.359342 -0.325299 0.408588 -0.189943 -0.253924 -0.229886 0.920107
1305032222.040837 0.359346 -0.322509 0.405069 -0.188257 -0.251905 -0.237333 0.919117
1305032222.076807 0.358621 -0.321203 0.404424 -0.188616 -0.254075 -0.244395 0.916592
1305032222.108887 0.360107 -0.317864 0.401004 -0.188283 -0.257870 -0.249322 0.914271
1305032222.140791 0.361627 -0.316107 0.400117 -0.191461 -0.260346 -0.254188 0.911565
1305032222.176831 0.360083 -0.312795 0.404356 -0.192175 -0.260637 -0.257667 0.910354
1305032222.208761 0.359554 -0.310762 0.404912 -0.191359 -0.260341 -0.259415 0.910114
1305032222.240669 0.358852 -0.308949 0.405550 -0.189791 -0.262469 -0.262172 0.909041
1305032222.276922 0.358209 -0.307560 0.406400 -0.187072 -0.266703 -0.265455 0.907418
1305032222.308680 0.359028 -0.306226 0.407694 -0.184097 -0.270227 -0.267673 0.906331
1305032222.340691 0.358960 -0.304498 0.410478 -0.179639 -0.272247 -0.269659 0.906033
1305032222.376652 0.359029 -0.303981 0.411878 -0.174953 -0.273904 -0.270778 0.906117
1305032222.408633 0.359678 -0.302116 0.413308 -0.170895 -0.275655 -0.272390 0.905877
1305032222.440657 0.358878 -0.299558 0.416176 -0.166347 -0.277447 -0.272764 0.906064
1305032222.476618 0.358805 -0.296929 0.417080 -0.162120 -0.280186 -0.273188 0.905859
1305032222.508598 0.359668 -0.293694 0.417009 -0.159317 -0.284192 -0.274979 0.904566
1305032222.540555 0.359316 -0.288104 0.421091 -0.157168 -0.288343 -0.277626 0.902818
1305032222.576489 0.356705 -0.282818 0.427345 -0.151943 -0.292700 -0.278458 0.902054
1305032222.608590 0.360194 -0.276809 0.426246 -0.145141 -0.298575 -0.277164 0.901647
1305032222.640491 0.361428 -0.270199 0.429687 -0.142523 -0.303750 -0.277800 0.900139
1305032222.676463 0.359343 -0.264050 0.437409 -0.136593 -0.308217 -0.276810 0.899845
1305032222.708468 0.366057 -0.257130 0.437815 -0.129478 -0.310893 -0.274785 0.900597
1305032222.740571 0.366766 -0.251353 0.440111 -0.130114 -0.309831 -0.278044 0.899870
1305032222.776432 0.368673 -0.242756 0.444640 -0.128360 -0.310461 -0.278866 0.899651
1305032222.808763 0.371332 -0.235901 0.448287 -0.128688 -0.310789 -0.278627 0.899565
1305032222.840672 0.371807 -0.230147 0.453087 -0.128314 -0.310854 -0.276489 0.900255
1305032222.876359 0.376092 -0.224716 0.453646 -0.129486 -0.310476 -0.274248 0.900903
1305032222.908362 0.375632 -0.219446 0.459320 -0.133190 -0.308661 -0.271818 0.901723
1305032222.940478 0.375655 -0.214970 0.463107 -0.136681 -0.305734 -0.268082 0.903315
1305032222.976682 0.375377 -0.210751 0.466471 -0.139633 -0.303036 -0.265064 0.904662
1305032223.008336 0.373843 -0.207386 0.470442 -0.142730 -0.300280 -0.262634 0.905805
1305032223.040855 0.374090 -0.205668 0.470343 -0.146889 -0.297483 -0.260768 0.906602
1305032223.076292 0.370097 -0.202960 0.474933 -0.151867 -0.294854 -0.262410 0.906167
1305032223.108252 0.364046 -0.201890 0.481151 -0.151092 -0.293177 -0.262814 0.906723
1305032223.140804 0.360149 -0.201222 0.481216 -0.147466 -0.292315 -0.263261 0.907469
1305032223.176229 0.353678 -0.202400 0.482179 -0.142382 -0.292100 -0.263556 0.908264
1305032223.208389 0.347740 -0.202417 0.481570 -0.132684 -0.291950 -0.262456 0.910097
1305032223.240556 0.339816 -0.203068 0.479580 -0.124282 -0.291031 -0.261472 0.911859
1305032223.276184 0.329810 -0.203364 0.479540 -0.113926 -0.290956 -0.259209 0.913880
1305032223.308214 0.321884 -0.203753 0.476611 -0.099489 -0.289698 -0.252583 0.917812
1305032223.341213 0.319978 -0.201245 0.469692 -0.088573 -0.282841 -0.246679 0.922662
1305032223.376162 0.312941 -0.200397 0.466105 -0.094013 -0.267941 -0.238014 0.928826
1305032223.408069 0.300699 -0.201023 0.470221 -0.096297 -0.251176 -0.220185 0.937633
1305032223.441503 0.283049 -0.199183 0.466759 -0.088721 -0.229582 -0.192830 0.949862
1305032223.476139 0.268342 -0.190992 0.456020 -0.089888 -0.213194 -0.170996 0.957721
1305032223.508047 0.248985 -0.183813 0.449770 -0.100783 -0.204824 -0.149697 0.962019
1305032223.541151 0.230696 -0.185730 0.450320 -0.108944 -0.202571 -0.130514 0.964397
1305032223.576028 0.214886 -0.185140 0.446706 -0.111663 -0.200366 -0.110319 0.967065
1305032223.608003 0.196931 -0.187827 0.443919 -0.115095 -0.200489 -0.096669 0.968097
1305032223.643962 0.179109 -0.190200 0.442116 -0.114807 -0.204643 -0.092253 0.967693
1305032223.675961 0.161943 -0.193290 0.440530 -0.112883 -0.207671 -0.091430 0.967353
1305032223.708230 0.145044 -0.197793 0.438291 -0.108889 -0.208138 -0.093190 0.967542
1305032223.743870 0.128635 -0.202643 0.434833 -0.105635 -0.206893 -0.095849 0.967910
1305032223.775998 0.112218 -0.208979 0.431694 -0.102053 -0.206194 -0.099845 0.968039
1305032223.807964 0.096841 -0.217130 0.429398 -0.098242 -0.207613 -0.106548 0.967416
1305032223.843920 0.083055 -0.226327 0.427903 -0.094300 -0.210255 -0.112772 0.966531
1305032223.875890 0.069840 -0.236138 0.424512 -0.091469 -0.212552 -0.117684 0.965715
1305032223.907878 0.061869 -0.242180 0.422507 -0.096550 -0.212082 -0.125955 0.964279
1305032223.943696 0.054150 -0.252168 0.424736 -0.103444 -0.206527 -0.135106 0.963531
1305032223.975814 0.040824 -0.263798 0.425659 -0.107111 -0.200544 -0.143437 0.963190
1305032224.007829 0.027270 -0.277442 0.426367 -0.107667 -0.200902 -0.156539 0.961011
1305032224.043682 0.018085 -0.288786 0.427842 -0.103758 -0.202605 -0.172412 0.958363
1305032224.075839 0.018286 -0.302616 0.436359 -0.101408 -0.198332 -0.186357 0.956897
1305032224.107823 0.011601 -0.314592 0.440515 -0.103633 -0.180581 -0.200683 0.957276
1305032224.143813 -0.008818 -0.326336 0.443334 -0.101440 -0.164858 -0.207778 0.958833
1305032224.175843 -0.026927 -0.338403 0.440183 -0.092597 -0.165326 -0.207189 0.959774
1305032224.207959 -0.036836 -0.349706 0.443551 -0.084534 -0.178142 -0.201333 0.959471
1305032224.243786 -0.045596 -0.357933 0.449404 -0.082473 -0.186504 -0.193790 0.959614
1305032224.275737 -0.057838 -0.374111 0.457279 -0.077859 -0.193253 -0.181068 0.961148
1305032224.308911 -0.067204 -0.389282 0.460185 -0.064696 -0.203112 -0.166998 0.962638
1305032224.343803 -0.078291 -0.405514 0.462497 -0.053529 -0.213435 -0.154700 0.963145
1305032224.375822 -0.080295 -0.406174 0.466359 -0.046244 -0.219561 -0.146566 0.963417
1305032224.408378 -0.079807 -0.408049 0.475186 -0.049745 -0.218141 -0.136609 0.965027
1305032224.443748 -0.078036 -0.411867 0.483640 -0.057492 -0.210445 -0.129946 0.967224
1305032224.475794 -0.072626 -0.418318 0.490526 -0.071870 -0.195867 -0.129801 0.969341
1305032224.509196 -0.070372 -0.445186 0.498104 -0.085074 -0.176865 -0.132508 0.971557
1305032224.543818 -0.064116 -0.472772 0.503527 -0.085932 -0.153974 -0.139031 0.974463
1305032224.575784 -0.072434 -0.489129 0.502116 -0.075566 -0.126806 -0.149472 0.977685
1305032224.609280 -0.096807 -0.492299 0.481121 -0.061013 -0.104465 -0.151231 0.981068
1305032224.643591 -0.105857 -0.506738 0.475163 -0.042418 -0.098307 -0.159582 0.981361
1305032224.675770 -0.117968 -0.516296 0.467581 -0.025196 -0.095205 -0.172108 0.980143
1305032224.708117 -0.129593 -0.533624 0.465917 -0.009756 -0.092258 -0.182410 0.978836
1305032224.743670 -0.145366 -0.553787 0.461397 0.013054 -0.086575 -0.191002 0.977677
1305032224.775834 -0.165580 -0.539690 0.456339 0.035270 -0.074062 -0.197581 0.976848
1305032224.809208 -0.195721 -0.552677 0.451639 0.051759 -0.054795 -0.199671 0.976960
1305032224.843828 -0.223034 -0.536602 0.442989 0.074472 -0.032848 -0.197692 0.976879
1305032224.875739 -0.245533 -0.531591 0.440993 0.086744 -0.013325 -0.188118 0.978218
1305032224.909028 -0.239560 -0.563662 0.441316 0.099795 -0.007489 -0.178446 0.978847
1305032224.943738 -0.252490 -0.558944 0.443585 0.115128 -0.002072 -0.166734 0.979255
1305032224.975735 -0.263479 -0.556638 0.448200 0.118283 0.000937 -0.152170 0.981250
1305032225.009043 -0.287661 -0.553823 0.451050 0.109730 0.009605 -0.144094 0.983414
1305032225.043737 -0.309624 -0.565998 0.456211 0.105393 0.017834 -0.132851 0.985355
1305032225.076137 -0.326767 -0.572726 0.457492 0.106628 0.021448 -0.122904 0.986441
1305032225.109016 -0.339944 -0.565751 0.459490 0.100361 0.026512 -0.119606 0.987380
1305032225.143748 -0.348742 -0.576625 0.460076 0.087371 0.027795 -0.118168 0.988752
1305032225.175773 -0.363722 -0.576576 0.459353 0.083069 0.027634 -0.122022 0.988659
1305032225.209266 -0.389731 -0.564552 0.459858 0.076873 0.035405 -0.124312 0.988627
1305032225.243773 -0.396138 -0.548101 0.461581 0.057205 0.042602 -0.116686 0.990604
1305032225.275774 -0.394280 -0.541674 0.460622 0.041502 0.041863 -0.106993 0.992511
1305032225.307935 -0.388985 -0.532675 0.459638 0.021996 0.037192 -0.099616 0.994087
1305032225.343745 -0.416636 -0.590805 0.442457 0.003334 0.033394 -0.099115 0.994510
1305032225.377337 -0.420620 -0.566517 0.447062 -0.020392 0.034804 -0.101300 0.994038
1305032225.408534 -0.422549 -0.541985 0.452886 -0.043332 0.038563 -0.103930 0.992892
1305032225.443728 -0.417088 -0.506566 0.456745 -0.064025 0.045106 -0.110647 0.990769
1305032225.475734 -0.417008 -0.488148 0.464416 -0.087281 0.057987 -0.120186 0.987206
1305032225.508251 -0.416082 -0.463268 0.465856 -0.104235 0.069685 -0.125316 0.984162
1305032225.543854 -0.413166 -0.438811 0.468344 -0.124497 0.077016 -0.133358 0.980196
1305032225.575700 -0.412468 -0.416641 0.473504 -0.146322 0.082316 -0.143152 0.975357
1305032225.608266 -0.406650 -0.394355 0.477978 -0.169684 0.083754 -0.153087 0.969926
1305032225.643795 -0.402382 -0.379052 0.486070 -0.193395 0.086641 -0.163203 0.963565
1305032225.675786 -0.395225 -0.362895 0.492183 -0.213834 0.091432 -0.171047 0.957423
1305032225.708999 -0.390051 -0.348853 0.499014 -0.232877 0.099061 -0.173274 0.951804
1305032225.743720 -0.384025 -0.337014 0.504428 -0.249516 0.105881 -0.173188 0.946856
1305032225.776307 -0.376490 -0.325807 0.507957 -0.266302 0.113005 -0.174733 0.941160
1305032225.808841 -0.372082 -0.317345 0.513534 -0.283197 0.120251 -0.172050 0.935809
1305032225.843676 -0.370565 -0.316303 0.526566 -0.296954 0.121921 -0.168703 0.931930
1305032225.875686 -0.364738 -0.318305 0.536628 -0.301229 0.119654 -0.165994 0.931338
1305032225.908879 -0.357637 -0.321339 0.542265 -0.301464 0.118866 -0.160309 0.932358
1305032225.943708 -0.350397 -0.323995 0.543879 -0.299183 0.120975 -0.153562 0.933956
1305032225.976297 -0.345371 -0.326025 0.548567 -0.296912 0.125481 -0.145408 0.935390
1305032226.008103 -0.340386 -0.329989 0.550884 -0.293374 0.126228 -0.139366 0.937323
1305032226.043698 -0.334053 -0.335465 0.552550 -0.291308 0.126424 -0.136395 0.938378
1305032226.076757 -0.328206 -0.340949 0.556817 -0.288245 0.129287 -0.133494 0.939350
1305032226.108986 -0.322780 -0.346792 0.559202 -0.283749 0.131663 -0.133781 0.940348
1305032226.143714 -0.317779 -0.351682 0.563670 -0.276385 0.134781 -0.131827 0.942373
1305032226.175645 -0.312836 -0.359046 0.567430 -0.266241 0.136045 -0.126171 0.945880
1305032226.208429 -0.308574 -0.370069 0.571987 -0.256852 0.134683 -0.123916 0.948964
1305032226.243687 -0.303139 -0.375838 0.576041 -0.243617 0.130873 -0.126030 0.952701
1305032226.276693 -0.296618 -0.385097 0.582203 -0.229609 0.125619 -0.127368 0.956701
1305032226.308666 -0.289085 -0.391667 0.585558 -0.211941 0.126002 -0.123685 0.961201
1305032226.343669 -0.281039 -0.395401 0.588575 -0.195763 0.128209 -0.119862 0.964817
1305032226.376429 -0.272802 -0.397592 0.593700 -0.187072 0.127260 -0.115353 0.967214
1305032226.409019 -0.264656 -0.403175 0.602100 -0.174796 0.121762 -0.111275 0.970690
1305032226.443656 -0.254513 -0.407530 0.608476 -0.159496 0.114933 -0.114542 0.973772
1305032226.476691 -0.243122 -0.407775 0.613197 -0.145217 0.109231 -0.123073 0.975620
1305032226.508787 -0.234259 -0.407011 0.617723 -0.143199 0.106769 -0.124150 0.976054
1305032226.543646 -0.225520 -0.410601 0.624645 -0.141166 0.105943 -0.116545 0.977377
1305032226.576406 -0.218161 -0.405482 0.625318 -0.136494 0.104249 -0.104505 0.979582
1305032226.607823 -0.205539 -0.402866 0.629404 -0.146837 0.102758 -0.090479 0.979639
1305032226.643805 -0.188128 -0.416999 0.644396 -0.151480 0.110214 -0.085029 0.978610
1305032226.676733 -0.179849 -0.425865 0.651800 -0.137255 0.127786 -0.085531 0.978528
1305032226.707954 -0.177152 -0.411963 0.639959 -0.126539 0.143018 -0.092941 0.977188
1305032226.743773 -0.175236 -0.420175 0.646124 -0.128875 0.151824 -0.112318 0.973512
1305032226.775629 -0.173274 -0.423049 0.643826 -0.117511 0.154305 -0.134944 0.971685
1305032226.808383 -0.232865 -0.528769 0.655307 -0.139747 0.152059 -0.106687 0.972608
1305032226.843947 -0.235064 -0.527226 0.652459 -0.131714 0.146692 -0.115071 0.973597
1305032226.875707 -0.235385 -0.523540 0.647021 -0.132108 0.140327 -0.112700 0.974759
1305032226.908144 -0.239073 -0.527473 0.646073 -0.141699 0.135123 -0.094472 0.976083
1305032226.943730 -0.244945 -0.527893 0.638834 -0.146431 0.126095 -0.071534 0.978540
1305032226.975611 -0.246813 -0.537689 0.637979 -0.150769 0.112242 -0.040016 0.981361
1305032227.007936 -0.285470 -0.529321 0.636147 -0.136482 0.127866 -0.012049 0.982282
1305032227.044594 -0.276259 -0.540071 0.632328 -0.126875 0.112771 0.003822 0.985480
1305032227.075600 -0.257682 -0.546315 0.630919 -0.105268 0.106071 -0.001798 0.988769
1305032227.107680 -0.260231 -0.544268 0.621508 -0.094096 0.118300 -0.020920 0.988288
1305032227.143906 -0.264807 -0.550937 0.614684 -0.093749 0.134631 -0.040269 0.985629
1305032227.175834 -0.256651 -0.556272 0.614604 -0.098278 0.140507 -0.028993 0.984763
1305032227.207793 -0.214293 -0.569511 0.600814 -0.094674 0.118565 -0.014083 0.988322
1305032227.243619 -0.220640 -0.569466 0.592049 -0.085314 0.118843 -0.008518 0.989204
1305032227.275640 -0.221733 -0.575358 0.584712 -0.080740 0.118813 0.004394 0.989619
1305032227.307649 -0.217391 -0.574527 0.572525 -0.073814 0.121397 0.010835 0.989796
1305032227.343627 -0.213907 -0.576332 0.559216 -0.070621 0.128917 0.009975 0.989087
1305032227.375648 -0.217243 -0.575198 0.546807 -0.071599 0.138274 0.000411 0.987802
1305032227.407676 -0.221833 -0.576564 0.537511 -0.071472 0.145515 -0.013268 0.986682
1305032227.444493 -0.227412 -0.572897 0.527105 -0.069159 0.150418 -0.029182 0.985769
1305032227.475540 -0.229738 -0.566340 0.517054 -0.070733 0.154874 -0.043567 0.984435
1305032227.507685 -0.225701 -0.566429 0.507271 -0.083074 0.167931 -0.041135 0.981430
1305032227.543608 -0.241185 -0.561547 0.502689 -0.082207 0.191326 -0.031839 0.977560
1305032227.576260 -0.250868 -0.539077 0.487262 -0.079612 0.207910 -0.013644 0.974807
1305032227.608422 -0.254701 -0.540559 0.479907 -0.088107 0.223684 0.005432 0.970656
1305032227.643986 -0.265378 -0.529445 0.470027 -0.082072 0.241279 0.018051 0.966811
1305032227.675702 -0.286111 -0.520710 0.470105 -0.087092 0.254704 0.026845 0.962715
