# timestamp tx ty tz qx qy qz qw
1305032180.416768 0.000000 0.000000 0.000000 0.000000 0.000000 0.000000 1.000000
1305032180.449191 -0.000065 0.022795 -0.006168 0.012770 -0.001346 -0.005984 0.999900
1305032180.480837 -0.000919 0.044552 -0.009426 0.019573 -0.000461 -0.016558 0.999671
1305032180.516840 0.000261 0.069689 -0.013905 0.021427 0.000381 -0.021615 0.999537
1305032180.548937 -0.000069 0.095981 -0.014850 0.019260 -0.000191 -0.024815 0.999506
1305032180.581332 0.001993 0.122098 -0.014303 0.014158 -0.001005 -0.029164 0.999474
1305032180.616763 0.003033 0.139228 -0.008984 0.011686 0.001158 -0.029994 0.999481
1305032180.648962 0.003259 0.156567 -0.003706 0.017173 0.004653 -0.027259 0.999470
1305032180.680825 0.004702 0.177076 -0.005034 0.030487 0.005388 -0.024683 0.999216
1305032180.717342 0.007201 0.198061 -0.011215 0.040120 0.005766 -0.023461 0.998903
1305032180.748819 0.009354 0.223874 -0.013818 0.047086 0.007497 -0.025758 0.998531
1305032180.780850 0.015986 0.248199 -0.024096 0.049752 0.009884 -0.024924 0.998402
1305032180.816787 0.018338 0.268850 -0.026028 0.050319 0.014740 -0.023900 0.998338
1305032180.848954 0.018569 0.287675 -0.019831 0.051923 0.019336 -0.024541 0.998162
1305032180.880917 0.012065 0.305161 0.001451 0.057933 0.024505 -0.024307 0.997724
1305032180.916865 0.012855 0.324053 0.000264 0.068556 0.023728 -0.023640 0.997085
1305032180.948907 0.014481 0.343711 -0.002528 0.077243 0.023490 -0.026158 0.996392
1305032180.980907 0.015405 0.360850 -0.003174 0.087083 0.024953 -0.030896 0.995409
1305032181.016753 0.016259 0.378955 -0.007737 0.096949 0.025476 -0.036539 0.994292
1305032181.048957 0.015946 0.394417 -0.010360 0.105400 0.023438 -0.041543 0.993285
1305032181.080911 0.016319 0.411273 -0.019141 0.115798 0.017465 -0.049164 0.991902
1305032181.116902 0.017929 0.428944 -0.021841 0.123740 0.011652 -0.062958 0.990247
1305032181.148803 0.018430 0.444658 -0.023385 0.130842 0.008588 -0.072955 0.988678
1305032181.181078 0.024352 0.470507 -0.054797 0.132855 0.003025 -0.077012 0.988134
1305032181.216791 0.025778 0.488376 -0.057990 0.126225 -0.003156 -0.079988 0.988767
1305032181.248831 0.027214 0.505917 -0.053691 0.118252 -0.005484 -0.078805 0.989836
1305032181.280978 0.028014 0.516265 -0.052125 0.106949 -0.005703 -0.075001 0.991415
1305032181.316657 0.030677 0.527613 -0.050434 0.099264 -0.001451 -0.072471 0.992417
1305032181.348799 0.029666 0.534304 -0.046482 0.092237 0.005307 -0.061656 0.993812
1305032181.380787 0.030111 0.550249 -0.047955 0.086990 0.008995 -0.056126 0.994586
1305032181.416712 0.030450 0.559608 -0.045494 0.078571 0.013348 -0.055876 0.995252
1305032181.448767 0.029159 0.566737 -0.041654 0.075220 0.017558 -0.056206 0.995427
1305032181.480888 0.029618 0.578411 -0.045527 0.069758 0.020546 -0.058445 0.995638
1305032181.517110 0.030051 0.589093 -0.041628 0.062136 0.023166 -0.059417 0.996028
1305032181.549041 0.029900 0.597925 -0.041705 0.055543 0.024472 -0.059609 0.996375
1305032181.580857 0.030296 0.605782 -0.041134 0.047433 0.026800 -0.061871 0.996596
1305032181.616881 0.031077 0.613498 -0.041903 0.037627 0.029897 -0.064452 0.996763
1305032181.648916 0.033668 0.623938 -0.042105 0.025798 0.034556 -0.066275 0.996869
1305032181.681016 0.034123 0.625844 -0.039224 0.013303 0.042991 -0.066045 0.996801
1305032181.716843 0.034247 0.629396 -0.042048 0.003752 0.050047 -0.061068 0.996871
1305032181.748990 0.035609 0.637164 -0.043188 -0.003388 0.053088 -0.054802 0.997079
1305032181.780875 0.037580 0.645073 -0.046316 -0.006967 0.053013 -0.049921 0.997321
1305032181.816836 0.036515 0.648111 -0.048222 -0.009200 0.051589 -0.047369 0.997502
1305032181.848912 0.036121 0.647550 -0.047258 -0.013760 0.047697 -0.045934 0.997710
1305032181.880877 0.036918 0.654553 -0.047876 -0.012946 0.043930 -0.048273 0.997784
1305032181.916917 0.035993 0.655458 -0.049936 -0.009634 0.040406 -0.044242 0.998157
1305032181.950114 0.037402 0.655372 -0.063929 -0.012283 0.034735 -0.038871 0.998565
1305032181.980850 0.035709 0.652343 -0.058404 -0.019178 0.032010 -0.033931 0.998727
1305032182.016837 0.032212 0.650987 -0.048814 -0.018051 0.032693 -0.032115 0.998786
1305032182.049261 0.031471 0.646735 -0.051486 -0.013502 0.031527 -0.033588 0.998847
1305032182.081072 0.028821 0.640225 -0.051554 -0.011653 0.029750 -0.037384 0.998790
1305032182.116839 0.026376 0.633018 -0.051915 -0.005773 0.028582 -0.039824 0.998781
1305032182.148903 0.022995 0.620955 -0.053798 -0.001701 0.026499 -0.039745 0.998857
1305032182.180809 0.019614 0.609197 -0.052922 0.000702 0.023881 -0.039813 0.998922
1305032182.216846 0.016208 0.595067 -0.052214 0.007999 0.021852 -0.040738 0.998899
1305032182.248838 0.012196 0.577599 -0.053689 0.013371 0.020143 -0.041653 0.998840
1305032182.280886 0.008830 0.561703 -0.054835 0.016945 0.018792 -0.044292 0.998698
1305032182.316854 0.005185 0.544695 -0.055704 0.019708 0.017536 -0.045739 0.998605
1305032182.348809 0.001532 0.526363 -0.055528 0.023759 0.016223 -0.048230 0.998422
1305032182.380837 -0.001988 0.507767 -0.056356 0.029198 0.015957 -0.049631 0.998213
1305032182.417061 -0.005875 0.488557 -0.058885 0.035369 0.015142 -0.050065 0.998005
1305032182.449002 -0.009056 0.468812 -0.063349 0.036819 0.014995 -0.049794 0.997968
1305032182.480855 -0.012659 0.449667 -0.064945 0.036069 0.015870 -0.046919 0.998121
1305032182.516842 -0.016573 0.428311 -0.066236 0.037664 0.016367 -0.045086 0.998139
1305032182.548795 -0.020685 0.405698 -0.073834 0.038121 0.017947 -0.044078 0.998139
1305032182.580911 -0.024374 0.388124 -0.079156 0.034177 0.021243 -0.043689 0.998234
1305032182.616769 -0.028965 0.367568 -0.081848 0.025956 0.024924 -0.043680 0.998397
1305032182.648743 -0.034656 0.346590 -0.085146 0.019534 0.026400 -0.044360 0.998476
1305032182.680940 -0.039790 0.323169 -0.087685 0.012364 0.026525 -0.050640 0.998288
1305032182.716969 -0.043760 0.298160 -0.087863 0.006356 0.027783 -0.055478 0.998053
1305032182.749019 -0.048794 0.273636 -0.090442 0.001935 0.027295 -0.058365 0.997920
1305032182.781052 -0.053744 0.246036 -0.090656 -0.003703 0.025111 -0.062920 0.997696
1305032182.816828 -0.058867 0.217601 -0.087512 -0.005409 0.024511 -0.064585 0.997596
1305032182.848783 -0.063940 0.188037 -0.089794 -0.001983 0.021579 -0.063888 0.997722
1305032182.881107 -0.067107 0.156704 -0.094482 -0.010914 0.020269 -0.063974 0.997686
1305032182.916860 -0.071142 0.127265 -0.090238 -0.021297 0.023667 -0.070915 0.996974
1305032182.948825 -0.075063 0.102471 -0.093858 -0.033011 0.028879 -0.079911 0.995837
1305032182.981101 -0.081053 0.085122 -0.090659 -0.051772 0.032304 -0.090398 0.994034
1305032183.016793 -0.087052 0.061474 -0.084495 -0.075981 0.031829 -0.103396 0.991223
1305032183.048822 -0.093097 0.033617 -0.082240 -0.087779 0.031603 -0.121401 0.988209
1305032183.080929 -0.099456 0.000417 -0.074629 -0.079949 0.033847 -0.135561 0.986958
1305032183.118077 -0.106026 -0.025299 -0.079052 -0.057965 0.038167 -0.149307 0.986352
1305032183.148943 -0.108061 -0.038542 -0.087479 -0.042687 0.047003 -0.153897 0.986045
1305032183.180752 -0.111262 -0.061720 -0.096368 -0.038608 0.057723 -0.148192 0.986517
1305032183.217065 -0.103129 -0.077119 -0.152824 -0.049988 0.066220 -0.133758 0.987535
1305032183.249343 -0.111674 -0.096011 -0.145634 -0.075887 0.083528 -0.111801 0.987302
1305032183.280841 -0.117434 -0.112428 -0.146846 -0.095530 0.098650 -0.087766 0.986630
1305032183.317034 -0.122408 -0.116051 -0.151023 -0.120711 0.110305 -0.064926 0.984402
1305032183.348643 -0.133513 -0.139849 -0.134069 -0.143558 0.118037 -0.049468 0.981331
1305032183.380784 -0.141767 -0.156367 -0.123209 -0.144805 0.121252 -0.042964 0.981062
1305032183.417050 -0.150839 -0.182797 -0.113686 -0.136700 0.124782 -0.037904 0.981991
1305032183.448870 -0.160463 -0.196839 -0.112430 -0.116138 0.128250 -0.046164 0.983836
1305032183.480747 -0.160903 -0.219644 -0.122802 -0.105101 0.140155 -0.053301 0.983092
1305032183.516841 -0.177459 -0.226382 -0.108578 -0.085595 0.163542 -0.059456 0.981016
1305032183.548800 -0.186267 -0.233423 -0.104005 -0.067416 0.178627 -0.062946 0.979584
1305032183.581352 -0.194448 -0.234772 -0.095797 -0.049050 0.182560 -0.061744 0.980027
1305032183.617016 -0.208793 -0.235519 -0.085641 -0.036836 0.181409 -0.063848 0.980641
1305032183.649047 -0.222270 -0.248093 -0.084831 -0.034935 0.181468 -0.060377 0.980920
1305032183.680786 -0.233614 -0.259278 -0.078992 -0.026783 0.185536 -0.053648 0.980806
1305032183.716899 -0.246222 -0.259873 -0.079435 -0.010058 0.192747 -0.043946 0.980212
1305032183.748924 -0.250196 -0.261921 -0.096488 -0.002139 0.199821 -0.029622 0.979382
1305032183.780796 -0.262838 -0.260564 -0.095672 -0.000674 0.207592 -0.016000 0.978084
1305032183.816827 -0.274283 -0.245992 -0.093082 -0.002047 0.211979 -0.000064 0.977272
1305032183.848835 -0.287612 -0.244441 -0.083688 -0.011207 0.214338 0.010141 0.976643
1305032183.880829 -0.297615 -0.246060 -0.077482 -0.016680 0.213497 0.016779 0.976657
1305032183.916910 -0.311463 -0.242426 -0.066512 -0.018813 0.212468 0.017873 0.976823
1305032183.948890 -0.325187 -0.241567 -0.057761 -0.018751 0.209747 0.014328 0.977471
1305032183.980795 -0.333905 -0.236381 -0.050989 -0.013702 0.208710 0.009563 0.977835
1305032184.016821 -0.342937 -0.230636 -0.046337 -0.010679 0.212467 0.009765 0.977061
1305032184.049024 -0.353278 -0.229756 -0.039716 -0.003758 0.218331 0.008640 0.975829
1305032184.080840 -0.361718 -0.222917 -0.036279 0.001253 0.225806 0.009965 0.974120
1305032184.116837 -0.368412 -0.217496 -0.028751 -0.001921 0.237513 0.015024 0.971266
1305032184.148987 -0.380678 -0.207806 -0.021659 -0.006299 0.251048 0.018670 0.967774
1305032184.180725 -0.395960 -0.206702 -0.009224 -0.016451 0.260502 0.021367 0.965097
1305032184.216990 -0.409449 -0.211336 0.012341 -0.022965 0.265621 0.015652 0.963677
1305032184.248806 -0.417249 -0.203919 0.016947 -0.029406 0.270154 0.013400 0.962275
1305032184.280893 -0.428903 -0.200550 0.028410 -0.035898 0.277170 0.018672 0.959968
1305032184.316771 -0.442231 -0.194640 0.047304 -0.043602 0.280614 0.025821 0.958482
1305032184.348790 -0.449619 -0.192621 0.065611 -0.049618 0.276386 0.025784 0.959419
1305032184.380890 -0.457869 -0.192454 0.076643 -0.053608 0.271342 0.023472 0.960702
1305032184.416859 -0.466585 -0.191083 0.089170 -0.056297 0.267877 0.023820 0.961512
1305032184.448922 -0.473514 -0.191209 0.100834 -0.058739 0.263240 0.022010 0.962689
1305032184.480939 -0.483609 -0.191717 0.108987 -0.061669 0.259711 0.018413 0.963539
1305032184.517404 -0.488780 -0.194970 0.115069 -0.065847 0.258048 0.013255 0.963794
1305032184.548890 -0.498049 -0.197595 0.120122 -0.071781 0.260712 0.005071 0.962731
1305032184.580889 -0.511984 -0.203142 0.132250 -0.080260 0.264226 -0.002052 0.961113
1305032184.616917 -0.526943 -0.206209 0.136227 -0.088742 0.261351 -0.009807 0.961106
1305032184.648802 -0.538032 -0.211119 0.136555 -0.104658 0.254311 -0.014307 0.961336
1305032184.680796 -0.547403 -0.223087 0.143843 -0.125969 0.249751 -0.021875 0.959832
1305032184.716820 -0.557136 -0.238420 0.154301 -0.142854 0.249394 -0.030893 0.957309
1305032184.749228 -0.569541 -0.259810 0.169162 -0.152061 0.248279 -0.038778 0.955893
1305032184.780723 -0.579436 -0.272430 0.178922 -0.150306 0.243629 -0.050166 0.956837
1305032184.816841 -0.590934 -0.287508 0.187418 -0.140467 0.243035 -0.057518 0.958068
1305032184.848695 -0.602025 -0.297619 0.187519 -0.126175 0.244555 -0.061572 0.959417
1305032184.880788 -0.612003 -0.305528 0.190128 -0.113552 0.243661 -0.064924 0.961000
1305032184.918061 -0.627145 -0.314200 0.177274 -0.102730 0.234147 -0.071657 0.964099
1305032184.948747 -0.637865 -0.322230 0.173722 -0.090827 0.218655 -0.075868 0.968599
1305032184.980871 -0.659475 -0.336070 0.142385 -0.084027 0.201410 -0.073440 0.973129
1305032185.016830 -0.665451 -0.339498 0.145611 -0.079628 0.180701 -0.067829 0.977960
1305032185.048753 -0.673764 -0.343942 0.136866 -0.069385 0.156633 -0.057279 0.983550
1305032185.080761 -0.698478 -0.352878 0.110923 -0.066427 0.136033 -0.042073 0.987579
1305032185.116901 -0.700009 -0.359622 0.104774 -0.067283 0.111148 -0.031015 0.991038
1305032185.148855 -0.727525 -0.365160 0.086170 -0.071447 0.092137 -0.032279 0.992655
1305032185.180921 -0.735197 -0.363933 0.088082 -0.087241 0.080163 -0.044932 0.991940
1305032185.216821 -0.729230 -0.364504 0.105123 -0.100967 0.070560 -0.058627 0.990651
1305032185.248744 -0.725006 -0.363529 0.122409 -0.100372 0.067461 -0.065086 0.990524
1305032185.280816 -0.723930 -0.357889 0.123116 -0.104860 0.073092 -0.068147 0.989453
1305032185.316975 -0.708295 -0.364373 0.125048 -0.115620 0.086455 -0.072320 0.986878
1305032185.348836 -0.702252 -0.369584 0.116957 -0.119942 0.118946 -0.078225 0.982521
1305032185.380713 -0.705373 -0.376683 0.134878 -0.120489 0.156238 -0.075737 0.977413
1305032185.416853 -0.722133 -0.379913 0.140593 -0.106608 0.195646 -0.074588 0.972005
1305032185.448824 -0.726500 -0.370178 0.157489 -0.099455 0.226933 -0.081526 0.965383
1305032185.480750 -0.743216 -0.383906 0.129156 -0.102041 0.249542 -0.080847 0.959573
1305032185.517917 -0.751044 -0.387263 0.140488 -0.106895 0.271456 -0.077977 0.953313
1305032185.548794 -0.777707 -0.397835 0.133064 -0.109744 0.287556 -0.067713 0.949043
1305032185.580817 -0.785943 -0.401196 0.147344 -0.114595 0.290938 -0.057640 0.948104
1305032185.616813 -0.793815 -0.408057 0.160204 -0.112569 0.291977 -0.055433 0.948159
1305032185.649137 -0.805125 -0.414363 0.165346 -0.110893 0.293699 -0.048630 0.948198
1305032185.681076 -0.815232 -0.423347 0.173752 -0.105366 0.296751 -0.042113 0.948190
1305032185.717989 -0.827850 -0.429518 0.176702 -0.101767 0.301687 -0.033311 0.947375
1305032185.748780 -0.838676 -0.435210 0.182353 -0.106213 0.306658 -0.021552 0.945630
1305032185.780788 -0.844893 -0.440599 0.201304 -0.106647 0.309453 -0.010785 0.944854
1305032185.816914 -0.860078 -0.441976 0.207065 -0.105741 0.306171 -0.001407 0.946085
1305032185.848739 -0.869103 -0.445693 0.210722 -0.118274 0.299714 0.004749 0.946657
1305032185.880792 -0.878698 -0.457166 0.214349 -0.129494 0.296495 0.006197 0.946194
1305032185.916774 -0.886794 -0.466772 0.221824 -0.131715 0.296369 0.008426 0.945910
1305032185.948832 -0.899390 -0.478266 0.222603 -0.127064 0.298922 0.007266 0.945752
1305032185.980891 -0.911323 -0.484189 0.223686 -0.122159 0.304155 0.004504 0.944747
1305032186.016729 -0.924140 -0.486787 0.224124 -0.119437 0.309421 0.003167 0.943389
1305032186.048853 -0.935557 -0.484314 0.226633 -0.120683 0.312104 0.005329 0.942336
1305032186.080866 -0.940570 -0.485780 0.233822 -0.122609 0.310717 0.003725 0.942554
1305032186.116745 -0.948405 -0.488113 0.234743 -0.123507 0.309438 -0.000199 0.942865
1305032186.149175 -0.956596 -0.488764 0.234969 -0.127610 0.310347 -0.004154 0.942010
1305032186.180852 -0.958894 -0.491316 0.241046 -0.131763 0.313061 -0.006183 0.940528
1305032186.206345 -0.964975 -0.493420 0.245250 -0.135106 0.316392 -0.007573 0.938927
1305032186.238254 -0.968728 -0.497392 0.250723 -0.139018 0.318973 -0.007567 0.937482
1305032186.274478 -0.966833 -0.501356 0.258759 -0.143123 0.323146 -0.008143 0.935428
1305032186.306444 -0.969956 -0.507349 0.265122 -0.145861 0.329335 -0.007911 0.932845
1305032186.338305 -0.973128 -0.514368 0.274972 -0.146911 0.332858 -0.006649 0.931439
1305032186.374424 -0.972527 -0.522308 0.283401 -0.142737 0.332861 -0.004917 0.932097
1305032186.406432 -0.972036 -0.525511 0.286291 -0.139255 0.334887 -0.004016 0.931903
1305032186.438324 -0.968542 -0.533128 0.296550 -0.138553 0.339162 -0.000093 0.930469
1305032186.474472 -0.966698 -0.534926 0.299630 -0.134072 0.343497 0.004344 0.929524
1305032186.506702 -0.961010 -0.539081 0.310212 -0.137515 0.348261 0.008011 0.927221
1305032186.538288 -0.952123 -0.544856 0.321418 -0.132833 0.351728 0.010991 0.926565
1305032186.574586 -0.948514 -0.545825 0.317824 -0.129859 0.357247 0.013893 0.924834
1305032186.606308 -0.943204 -0.550289 0.329084 -0.132085 0.363939 0.017056 0.921852
1305032186.638328 -0.941200 -0.548410 0.330766 -0.131311 0.365741 0.018469 0.921222
1305032186.674491 -0.937011 -0.549070 0.334954 -0.138487 0.366705 0.021759 0.919715
1305032186.706281 -0.933030 -0.547669 0.341365 -0.144037 0.364356 0.026997 0.919657
1305032186.738284 -0.930057 -0.546015 0.344786 -0.151052 0.358434 0.032738 0.920672
1305032186.774426 -0.951809 -0.564349 0.337341 -0.162449 0.351059 0.034734 0.921500
1305032186.806294 -0.950154 -0.561557 0.348862 -0.164490 0.339321 0.038118 0.925393
1305032186.838316 -0.998148 -0.575261 0.310088 -0.168135 0.325976 0.043775 0.929276
1305032186.874420 -1.000485 -0.572654 0.315062 -0.174732 0.306571 0.047787 0.934451
1305032186.906311 -0.996732 -0.570084 0.326762 -0.175801 0.285672 0.050465 0.940712
1305032186.938335 -1.002193 -0.569267 0.326976 -0.171637 0.267156 0.047759 0.947042
1305032186.974466 -1.011521 -0.573806 0.322293 -0.171308 0.252846 0.045480 0.951133
1305032187.006347 -1.021575 -0.576282 0.316398 -0.170374 0.245625 0.043976 0.953261
1305032187.038369 -1.024104 -0.578806 0.313934 -0.172932 0.245323 0.043941 0.952880
1305032187.074485 -1.017539 -0.575936 0.323739 -0.172153 0.247592 0.043264 0.952465
1305032187.106300 -1.031200 -0.580359 0.320100 -0.172532 0.251379 0.041010 0.951504
1305032187.138388 -1.033892 -0.580808 0.325116 -0.175722 0.255846 0.041149 0.949722
1305032187.174344 -1.031891 -0.582278 0.333271 -0.174802 0.261376 0.042774 0.948313
1305032187.206315 -1.036587 -0.585998 0.336128 -0.174310 0.269054 0.040952 0.946334
1305032187.238306 -1.042036 -0.590332 0.341876 -0.175406 0.278085 0.039640 0.943573
1305032187.274410 -1.053664 -0.595685 0.343228 -0.175512 0.285497 0.040577 0.941297
1305032187.306310 -1.056550 -0.600063 0.351195 -0.178061 0.290749 0.043966 0.939056
1305032187.338238 -1.063166 -0.607155 0.356120 -0.176053 0.295150 0.050772 0.937717
1305032187.374465 -1.065778 -0.611823 0.361139 -0.175046 0.298780 0.058793 0.936287
1305032187.406431 -1.064932 -0.617201 0.368262 -0.173577 0.304665 0.068117 0.934029
1305032187.438345 -1.072198 -0.623012 0.371173 -0.173171 0.311271 0.075233 0.931376
1305032187.474252 -1.070880 -0.628007 0.380628 -0.176051 0.315858 0.081906 0.928726
1305032187.506288 -1.067592 -0.632185 0.391242 -0.174765 0.319010 0.088339 0.927301
1305032187.538394 -1.061568 -0.639855 0.399848 -0.170038 0.322806 0.092868 0.926423
1305032187.574353 -1.059051 -0.643451 0.405167 -0.160552 0.333047 0.094570 0.924315
1305032187.606376 -1.063919 -0.644136 0.409559 -0.155066 0.347094 0.098988 0.919610
1305032187.638551 -1.063150 -0.646977 0.417363 -0.153516 0.359234 0.107074 0.914286
1305032187.674515 -1.059080 -0.644750 0.431218 -0.152064 0.370689 0.112916 0.909240
1305032187.706690 -1.051365 -0.644603 0.445251 -0.152287 0.378952 0.121438 0.904686
1305032187.738344 -1.044148 -0.646396 0.454493 -0.146636 0.385072 0.126864 0.902288
1305032187.774385 -1.038200 -0.647414 0.465999 -0.143331 0.391221 0.128236 0.899977
1305032187.806253 -1.032662 -0.648393 0.476641 -0.135580 0.395746 0.129795 0.898975
1305032187.838326 -1.029616 -0.646371 0.484238 -0.130472 0.398791 0.129933 0.898365
1305032187.874314 -1.026417 -0.643719 0.492443 -0.128873 0.402302 0.129948 0.897027
1305032187.906341 -1.020278 -0.642800 0.502269 -0.129339 0.404174 0.131426 0.895903
1305032187.938404 -1.013714 -0.639632 0.511721 -0.130971 0.404902 0.131368 0.895346
1305032187.974333 -1.006833 -0.637085 0.522430 -0.133995 0.405088 0.132657 0.894624
1305032188.006755 -0.992763 -0.634050 0.533155 -0.137062 0.403618 0.132409 0.894860
1305032188.038347 -0.980929 -0.628740 0.541482 -0.139662 0.405190 0.129564 0.894164
1305032188.074366 -0.963371 -0.626035 0.552169 -0.141558 0.410080 0.129405 0.891656
1305032188.106358 -0.946902 -0.624108 0.561959 -0.135309 0.417930 0.128839 0.889059
1305032188.138393 -0.935325 -0.619124 0.571224 -0.129676 0.427643 0.126618 0.885592
1305032188.174531 -0.938207 -0.620004 0.572911 -0.128715 0.437381 0.125288 0.881154
1305032188.206385 -0.924286 -0.616237 0.587981 -0.134378 0.445326 0.127274 0.876030
1305032188.238300 -0.911193 -0.612847 0.601852 -0.132886 0.451176 0.127443 0.873235
1305032188.274246 -0.908457 -0.600953 0.605380 -0.139452 0.456283 0.125095 0.869891
1305032188.306298 -0.892642 -0.609150 0.619839 -0.154681 0.465213 0.127376 0.862222
1305032188.338463 -0.883715 -0.609994 0.626899 -0.154204 0.475443 0.124335 0.857155
1305032188.374255 -0.881843 -0.613145 0.631669 -0.159443 0.488789 0.126624 0.848310
1305032188.406411 -0.870427 -0.618648 0.656033 -0.159365 0.502108 0.128940 0.840158
1305032188.438404 -0.870526 -0.624227 0.665300 -0.151467 0.506140 0.127373 0.839438
1305032188.474384 -0.872116 -0.627396 0.673911 -0.149759 0.507137 0.126746 0.839237
1305032188.506372 -0.869407 -0.630909 0.681122 -0.149073 0.507420 0.130483 0.838616
1305032188.538361 -0.864941 -0.631333 0.687592 -0.150285 0.507778 0.136402 0.837240
1305032188.574421 -0.858346 -0.637074 0.696228 -0.156999 0.507412 0.142011 0.835294
1305032188.606360 -0.850770 -0.640143 0.703959 -0.161711 0.508798 0.146165 0.832832
1305032188.638700 -0.841827 -0.643391 0.712159 -0.167151 0.512400 0.148356 0.829155
1305032188.674410 -0.835590 -0.647304 0.724700 -0.171621 0.517103 0.147557 0.825456
1305032188.706357 -0.834828 -0.648176 0.734576 -0.172026 0.519314 0.148072 0.823890
1305032188.739249 -0.825412 -0.648338 0.740509 -0.174628 0.521251 0.149825 0.821800
1305032188.774344 -0.816667 -0.648526 0.747885 -0.176306 0.528043 0.147554 0.817505
1305032188.806323 -0.816817 -0.648330 0.755160 -0.180565 0.536244 0.143580 0.811925
1305032188.839225 -0.809217 -0.649444 0.771795 -0.182778 0.543977 0.140603 0.806791
1305032188.874344 -0.803235 -0.656561 0.779364 -0.174735 0.546456 0.142719 0.806526
1305032188.906314 -0.804375 -0.651937 0.789558 -0.166985 0.547203 0.140968 0.807968
1305032188.939488 -0.796469 -0.650743 0.794041 -0.158941 0.548815 0.140582 0.808564
1305032188.974616 -0.804969 -0.642610 0.808940 -0.153397 0.554165 0.138385 0.806362
1305032189.006344 -0.803672 -0.642897 0.821488 -0.150459 0.557635 0.142419 0.803817
1305032189.039201 -0.793568 -0.647761 0.830270 -0.139850 0.558608 0.146742 0.804280
1305032189.074311 -0.791605 -0.635232 0.836798 -0.129427 0.564315 0.142029 0.802886
1305032189.106462 -0.792267 -0.633050 0.848207 -0.125037 0.572206 0.142055 0.797977
1305032189.139020 -0.785749 -0.629938 0.859388 -0.115098 0.579282 0.143172 0.794158
1305032189.174337 -0.788310 -0.626864 0.869521 -0.109422 0.585102 0.138396 0.791536
1305032189.206328 -0.788267 -0.625409 0.880666 -0.107592 0.588524 0.133356 0.790114
1305032189.239113 -0.790323 -0.629384 0.890605 -0.105111 0.588952 0.126556 0.791247
1305032189.274280 -0.793102 -0.624650 0.898254 -0.101616 0.586102 0.116262 0.795388
1305032189.306419 -0.785073 -0.620003 0.900263 -0.096165 0.583839 0.111981 0.798339
1305032189.339043 -0.780961 -0.606510 0.900882 -0.086877 0.584831 0.099497 0.800328
1305032189.374296 -0.778868 -0.594461 0.903414 -0.084188 0.587466 0.088322 0.799997
1305032189.406454 -0.775562 -0.599941 0.908521 -0.088288 0.588114 0.082016 0.799750
1305032189.439203 -0.777826 -0.574046 0.914683 -0.087249 0.586237 0.073312 0.802084
1305032189.474381 -0.772081 -0.568797 0.915405 -0.095234 0.580164 0.069951 0.805883
1305032189.506417 -0.770384 -0.559894 0.913128 -0.102221 0.576116 0.066365 0.808231
1305032189.539204 -0.751174 -0.575546 0.903913 -0.112185 0.572420 0.065879 0.809574
1305032189.574311 -0.742018 -0.566129 0.900260 -0.106937 0.575127 0.057690 0.808990
1305032189.607261 -0.748130 -0.562591 0.902704 -0.106959 0.581463 0.054646 0.804658
1305032189.639158 -0.735463 -0.560518 0.903265 -0.103125 0.585262 0.054655 0.802400
1305032189.674631 -0.745636 -0.556276 0.904740 -0.103137 0.588676 0.052512 0.800041
1305032189.707346 -0.740978 -0.559839 0.904917 -0.109587 0.591780 0.050785 0.796999
1305032189.738256 -0.739069 -0.559740 0.910838 -0.112817 0.594853 0.049483 0.794338
1305032189.774494 -0.733220 -0.560097 0.911349 -0.114626 0.595068 0.050906 0.793828
1305032189.807118 -0.722950 -0.561366 0.913587 -0.115350 0.595765 0.049832 0.793269
1305032189.839133 -0.727214 -0.561205 0.915764 -0.114950 0.598229 0.048573 0.791549
1305032189.874440 -0.720727 -0.563207 0.922094 -0.115060 0.601132 0.050983 0.789178
1305032189.907291 -0.715289 -0.566918 0.925804 -0.113085 0.602009 0.052097 0.788722
1305032189.939176 -0.722653 -0.557384 0.933174 -0.113542 0.605262 0.051723 0.786188
1305032189.974388 -0.718816 -0.559819 0.940141 -0.120546 0.610004 0.058880 0.780959
1305032190.007331 -0.717355 -0.563052 0.946844 -0.124727 0.613398 0.067999 0.776892
1305032190.039183 -0.715508 -0.566667 0.957056 -0.131225 0.614241 0.076977 0.774315
1305032190.074353 -0.709610 -0.572873 0.965591 -0.137168 0.615604 0.083181 0.771555
1305032190.106919 -0.704461 -0.578503 0.973201 -0.141867 0.618952 0.087242 0.767568
1305032190.139118 -0.698003 -0.599687 0.974354 -0.143814 0.625866 0.093684 0.760810
1305032190.174382 -0.711539 -0.609938 0.978924 -0.137818 0.639978 0.098489 0.749490
1305032190.206527 -0.691987 -0.610408 0.984414 -0.132378 0.657159 0.104768 0.734603
1305032190.238598 -0.697180 -0.624594 0.981995 -0.121143 0.677917 0.109486 0.716774
1305032190.274436 -0.698538 -0.645808 0.970832 -0.108550 0.699268 0.112594 0.697541
1305032190.306776 -0.718154 -0.664894 0.969410 -0.098893 0.718479 0.110616 0.679538
1305032190.338705 -0.747917 -0.688894 0.989817 -0.097650 0.737034 0.109721 0.659702
1305032190.374553 -0.773279 -0.696123 0.979837 -0.099105 0.747634 0.111636 0.647116
1305032190.406774 -0.770541 -0.705460 1.001311 -0.109767 0.759209 0.112755 0.631537
1305032190.438393 -0.774560 -0.718506 1.025409 -0.115573 0.768503 0.114821 0.618759
1305032190.474512 -0.792216 -0.722002 1.019623 -0.112390 0.771556 0.124393 0.613674
1305032190.507021 -0.806601 -0.724106 1.018189 -0.111775 0.774689 0.136499 0.607233
1305032190.539574 -0.820166 -0.724396 1.017877 -0.114967 0.779095 0.150514 0.597611
1305032190.574522 -0.829622 -0.713531 1.023601 -0.119436 0.783790 0.167451 0.585976
1305032190.606628 -0.834353 -0.719271 1.027521 -0.125601 0.786519 0.188213 0.574620
1305032190.638351 -0.839362 -0.728838 1.032064 -0.131019 0.788523 0.206036 0.564460
1305032190.674511 -0.836976 -0.738940 1.033673 -0.129829 0.791734 0.216189 0.556384
1305032190.707805 -0.860463 -0.767728 1.028263 -0.126411 0.795536 0.223614 0.548761
1305032190.739542 -0.857697 -0.771212 1.029016 -0.119006 0.804973 0.225310 0.535809
1305032190.774406 -0.869617 -0.785183 1.035047 -0.109713 0.814752 0.223313 0.523711
1305032190.807353 -0.878147 -0.782433 1.043005 -0.101468 0.824333 0.222693 0.510477
1305032190.839295 -0.897284 -0.783734 1.044461 -0.100275 0.831329 0.227396 0.497119
1305032190.874702 -0.907212 -0.789542 1.046739 -0.105027 0.839546 0.234743 0.478568
1305032190.906872 -0.905203 -0.793630 1.054946 -0.110905 0.848153 0.244433 0.456715
1305032190.938298 -0.891762 -0.790553 1.061973 -0.106043 0.856519 0.253411 0.436936
1305032190.974293 -0.894807 -0.797428 1.071380 -0.096784 0.861971 0.259419 0.424665
1305032191.007388 -0.894967 -0.802625 1.080484 -0.089843 0.865950 0.265712 0.414073
1305032191.039147 -0.875113 -0.789625 1.085101 -0.083809 0.871017 0.263377 0.406126
1305032191.075542 -0.898277 -0.833528 1.085832 -0.064548 0.874973 0.259186 0.403830
1305032191.107369 -0.908240 -0.840600 1.097709 -0.046107 0.881498 0.247186 0.399667
1305032191.139264 -0.914800 -0.826817 1.122635 -0.032800 0.886198 0.246634 0.390830
1305032191.175154 -0.924496 -0.828334 1.137483 -0.019681 0.889230 0.257052 0.377899
1305032191.206338 -0.922402 -0.822509 1.161275 -0.010753 0.891107 0.275772 0.360225
1305032191.239480 -0.930355 -0.814983 1.177075 0.004859 0.887354 0.301184 0.349096
1305032191.275365 -0.924689 -0.855277 1.190117 0.010744 0.882287 0.323221 0.342027
1305032191.307300 -0.918382 -0.860081 1.214611 0.008561 0.877782 0.332468 0.344806
1305032191.338387 -0.914714 -0.867699 1.231955 0.006588 0.868590 0.343206 0.357377
1305032191.375372 -0.912701 -0.871950 1.237986 0.004345 0.857845 0.352468 0.373965
1305032191.407222 -0.917035 -0.886237 1.253537 -0.005356 0.850373 0.358944 0.384702
1305032191.439234 -0.909423 -0.877353 1.261139 -0.011513 0.847057 0.361239 0.389702
1305032191.475122 -0.907653 -0.881255 1.272230 -0.015298 0.846454 0.359891 0.392122
1305032191.507078 -0.910258 -0.888619 1.285974 -0.018459 0.847753 0.355736 0.392972
1305032191.539261 -0.917797 -0.893518 1.302999 -0.024923 0.849360 0.350416 0.393924
1305032191.574951 -0.920726 -0.895100 1.316701 -0.032028 0.850293 0.349007 0.392645
1305032191.607207 -0.923666 -0.900864 1.330422 -0.035991 0.852158 0.346187 0.390751
1305032191.638816 -0.931640 -0.897444 1.345834 -0.038526 0.855000 0.340042 0.389696
1305032191.675288 -0.941137 -0.898412 1.361604 -0.044346 0.856743 0.339554 0.385653
1305032191.707052 -0.943863 -0.897568 1.373512 -0.048829 0.858009 0.340262 0.381651
1305032191.738602 -0.954165 -0.896828 1.386485 -0.047747 0.860525 0.335341 0.380478
1305032191.775242 -0.967444 -0.893771 1.400817 -0.047212 0.862228 0.336296 0.375817
1305032191.807049 -0.976991 -0.888190 1.406277 -0.044783 0.863561 0.342253 0.367585
1305032191.839534 -0.991620 -0.889268 1.412875 -0.044575 0.867246 0.343175 0.357949
1305032191.874538 -0.997155 -0.880066 1.423427 -0.046239 0.873510 0.338342 0.346941
1305032191.906632 -1.001219 -0.875318 1.433010 -0.045023 0.879557 0.330435 0.339360
1305032191.938746 -1.011168 -0.868062 1.447322 -0.040138 0.884793 0.321644 0.334776
1305032191.974172 -1.020883 -0.862840 1.457300 -0.032461 0.887274 0.317465 0.333028
1305032192.006899 -1.039221 -0.856203 1.470664 -0.025472 0.889417 0.312564 0.332554
1305032192.040329 -1.050422 -0.851789 1.484552 -0.027655 0.889663 0.310819 0.333357
1305032192.074296 -1.055791 -0.839523 1.489622 -0.030623 0.889437 0.303770 0.340129
1305032192.107207 -1.070959 -0.826073 1.498147 -0.037893 0.888588 0.300396 0.344583
1305032192.143527 -1.071103 -0.825761 1.499793 -0.048773 0.888668 0.295913 0.346881
1305032192.175138 -1.100465 -0.810416 1.511168 -0.049737 0.891994 0.285139 0.347230
1305032192.207462 -1.110763 -0.800365 1.518677 -0.061758 0.893123 0.287468 0.340412
1305032192.242995 -1.100122 -0.783697 1.514316 -0.069380 0.895993 0.279504 0.338024
1305032192.275322 -1.127215 -0.781259 1.529232 -0.073499 0.898310 0.270538 0.338300
1305032192.307137 -1.127186 -0.763082 1.532231 -0.080854 0.897509 0.268888 0.340058
1305032192.343429 -1.124739 -0.756062 1.527369 -0.093867 0.895299 0.261970 0.347850
1305032192.375351 -1.132670 -0.745968 1.527233 -0.101158 0.895329 0.248663 0.355416
1305032192.406988 -1.135551 -0.734223 1.524144 -0.105999 0.894732 0.238436 0.362445
1305032192.443064 -1.141062 -0.723490 1.521898 -0.105308 0.894153 0.227735 0.370860
1305032192.475136 -1.145444 -0.708503 1.522676 -0.104293 0.892046 0.218544 0.381596
1305032192.507282 -1.160793 -0.700131 1.521378 -0.103826 0.886566 0.216698 0.395301
1305032192.543270 -1.171647 -0.692219 1.513472 -0.104598 0.881676 0.215900 0.406317
1305032192.575287 -1.171058 -0.682290 1.502755 -0.105130 0.877832 0.213769 0.415525
1305032192.607043 -1.184486 -0.673665 1.496639 -0.102418 0.874270 0.208909 0.426050
1305032192.642682 -1.197628 -0.669840 1.492834 -0.103638 0.868631 0.210523 0.436371
1305032192.675331 -1.207802 -0.659298 1.488066 -0.107239 0.860661 0.214545 0.449147
1305032192.706798 -1.219994 -0.656556 1.475227 -0.112551 0.850575 0.220496 0.463935
1305032192.743017 -1.221613 -0.660373 1.478199 -0.118608 0.841977 0.218480 0.478825
1305032192.775674 -1.227096 -0.662756 1.482183 -0.119449 0.832425 0.210201 0.498615
1305032192.807088 -1.226183 -0.640605 1.446207 -0.118609 0.819855 0.200593 0.523002
1305032192.843319 -1.251035 -0.636154 1.427569 -0.121617 0.810459 0.196166 0.538409
1305032192.874268 -1.272501 -0.633822 1.409205 -0.129157 0.802993 0.194150 0.548476
1305032192.906650 -1.274802 -0.613677 1.387791 -0.138170 0.797981 0.193012 0.553970
1305032192.942718 -1.278746 -0.610418 1.372532 -0.148430 0.792802 0.195091 0.558008
1305032192.974691 -1.293838 -0.625288 1.358472 -0.156607 0.783040 0.193745 0.569899
1305032193.006760 -1.292490 -0.618468 1.339698 -0.156377 0.770701 0.184619 0.589476
1305032193.042601 -1.297264 -0.617166 1.319769 -0.148390 0.755622 0.169382 0.615081
1305032193.074613 -1.301518 -0.614363 1.299448 -0.138841 0.739413 0.150025 0.641471
1305032193.106695 -1.328138 -0.594072 1.277502 -0.128997 0.729682 0.134510 0.657899
1305032193.142723 -1.344917 -0.587275 1.254088 -0.128310 0.720083 0.135203 0.668384
1305032193.174586 -1.354734 -0.580404 1.231462 -0.128472 0.712235 0.139977 0.675739
1305032193.206838 -1.355383 -0.571627 1.208307 -0.125788 0.707474 0.150039 0.679077
1305032193.242456 -1.361394 -0.572383 1.192078 -0.121320 0.703462 0.160870 0.681574
1305032193.274520 -1.368156 -0.569441 1.175764 -0.117033 0.694129 0.165247 0.690784
1305032193.310778 -1.370228 -0.565493 1.156479 -0.116111 0.682176 0.167704 0.702161
1305032193.339276 -1.366859 -0.575134 1.140787 -0.114744 0.670251 0.164497 0.714519
1305032193.374757 -1.374451 -0.557987 1.122010 -0.108504 0.657602 0.150277 0.730208
1305032193.410937 -1.370652 -0.552877 1.108351 -0.108669 0.644262 0.138967 0.744181
1305032193.440809 -1.360560 -0.553281 1.090493 -0.104509 0.632108 0.127104 0.757207
1305032193.474361 -1.370455 -0.547957 1.076023 -0.099192 0.624250 0.118404 0.765803
1305032193.508533 -1.375748 -0.552517 1.070539 -0.095984 0.617918 0.117569 0.771455
1305032193.542415 -1.386619 -0.556336 1.066731 -0.091558 0.607427 0.115316 0.780610
1305032193.574902 -1.379606 -0.552661 1.054951 -0.083790 0.591845 0.109901 0.794116
1305032193.610969 -1.388841 -0.545026 1.040561 -0.074512 0.578939 0.100518 0.805713
1305032193.642823 -1.417063 -0.540970 1.028296 -0.072614 0.571410 0.096599 0.811718
1305032193.675595 -1.399485 -0.535876 1.033089 -0.073179 0.567798 0.093887 0.814516
1305032193.709022 -1.394724 -0.529073 1.002788 -0.064560 0.565134 0.091742 0.817337
1305032193.742409 -1.410758 -0.513972 0.990121 -0.058842 0.565975 0.090255 0.817351
1305032193.775435 -1.412835 -0.501489 0.980512 -0.058451 0.566269 0.091550 0.817032
1305032193.811474 -1.416828 -0.486064 0.967800 -0.058784 0.567532 0.093658 0.815892
1305032193.843364 -1.413919 -0.472939 0.957827 -0.060930 0.569283 0.094782 0.814383
1305032193.875019 -1.408279 -0.459655 0.951265 -0.062233 0.573243 0.094257 0.811563
1305032193.911168 -1.403982 -0.455309 0.951744 -0.062776 0.580266 0.095872 0.806325
1305032193.942448 -1.404356 -0.447134 0.940469 -0.060220 0.585504 0.094521 0.802885
1305032193.974516 -1.425218 -0.433535 0.930874 -0.060201 0.590623 0.094840 0.799091
1305032194.011117 -1.439522 -0.410893 0.932023 -0.064444 0.595703 0.098384 0.794547
1305032194.042688 -1.442133 -0.403355 0.928438 -0.074610 0.598579 0.103695 0.790812
1305032194.074383 -1.444688 -0.396154 0.925505 -0.081318 0.601051 0.107326 0.787786
1305032194.110517 -1.460434 -0.406895 0.928487 -0.085331 0.600667 0.114302 0.786672
1305032194.142532 -1.467615 -0.401017 0.937407 -0.087788 0.597776 0.117940 0.788065
1305032194.174640 -1.465367 -0.395987 0.935869 -0.083562 0.593821 0.120689 0.791093
1305032194.210736 -1.472093 -0.384633 0.934990 -0.080716 0.590585 0.119643 0.793965
1305032194.242426 -1.467179 -0.383970 0.927351 -0.078807 0.589638 0.121147 0.794632
1305032194.274526 -1.470807 -0.377534 0.932441 -0.070979 0.594915 0.113726 0.792531
1305032194.310941 -1.471999 -0.362782 0.928945 -0.058105 0.599759 0.109147 0.790569
1305032194.342858 -1.466446 -0.359906 0.931146 -0.044587 0.606398 0.109293 0.786351
1305032194.374876 -1.493787 -0.346456 0.943225 -0.029874 0.614304 0.104671 0.781526
1305032194.407399 -1.501594 -0.343664 0.946799 -0.025286 0.617463 0.106567 0.778938
1305032194.442440 -1.507054 -0.341670 0.949485 -0.023930 0.620960 0.107306 0.776094
1305032194.474539 -1.513223 -0.341753 0.953223 -0.024396 0.625692 0.107619 0.772226
1305032194.510998 -1.524262 -0.345126 0.957267 -0.025053 0.629690 0.110605 0.768524
1305032194.542821 -1.517166 -0.345463 0.960205 -0.029198 0.632686 0.112612 0.765620
1305032194.578566 -1.500236 -0.349793 0.968348 -0.028619 0.640043 0.112747 0.759483
1305032194.610523 -1.519627 -0.367407 0.971065 -0.027777 0.646765 0.111905 0.753924
1305032194.642469 -1.522511 -0.379140 0.976557 -0.025742 0.651937 0.106827 0.750269
1305032194.678559 -1.528064 -0.385148 0.979032 -0.023168 0.659638 0.096698 0.744977
1305032194.710510 -1.537680 -0.393023 0.982382 -0.021590 0.668709 0.090139 0.737724
1305032194.742543 -1.549830 -0.395969 0.988206 -0.021904 0.677215 0.084352 0.730606
1305032194.778702 -1.540242 -0.408099 0.990395 -0.025463 0.684345 0.079307 0.724385
1305032194.811382 -1.550470 -0.422081 0.995650 -0.029178 0.693844 0.071523 0.715970
1305032194.841434 -1.553750 -0.435076 1.004019 -0.035305 0.704942 0.069251 0.704993
1305032194.879189 -1.558207 -0.479332 1.022574 -0.039680 0.716177 0.070054 0.693259
1305032194.910028 -1.557178 -0.488142 1.041532 -0.042296 0.724356 0.061577 0.685367
1305032194.940467 -1.549911 -0.510779 1.054529 -0.046716 0.729531 0.055832 0.680062
1305032194.978559 -1.551605 -0.510790 1.071589 -0.049082 0.735728 0.047203 0.673845
1305032195.010576 -1.536266 -0.548497 1.088209 -0.054098 0.741944 0.043635 0.666850
1305032195.043344 -1.530861 -0.560827 1.106145 -0.054953 0.746896 0.032636 0.661862
1305032195.079395 -1.527574 -0.569069 1.119605 -0.051982 0.755442 0.030457 0.652440
1305032195.111678 -1.512347 -0.585328 1.148004 -0.048096 0.764613 0.030201 0.641983
1305032195.143499 -1.508624 -0.589254 1.174243 -0.044544 0.770881 0.028858 0.634764
1305032195.179526 -1.501551 -0.596117 1.187296 -0.040771 0.778898 0.031199 0.625045
1305032195.209729 -1.501251 -0.606364 1.209052 -0.038189 0.790193 0.032471 0.610805
1305032195.243386 -1.483828 -0.615831 1.232301 -0.042809 0.800973 0.032069 0.596306
1305032195.279501 -1.470824 -0.621922 1.277156 -0.041964 0.811317 0.031762 0.582233
1305032195.311768 -1.464582 -0.628569 1.301131 -0.042274 0.817406 0.035503 0.573411
1305032195.342873 -1.454521 -0.635612 1.325658 -0.044885 0.823510 0.036070 0.564372
1305032195.376382 -1.440815 -0.640418 1.353592 -0.043171 0.830074 0.039970 0.554541
1305032195.411534 -1.432068 -0.642634 1.380838 -0.043257 0.834212 0.047029 0.547730
1305032195.439548 -1.410616 -0.660714 1.400861 -0.047824 0.837522 0.049528 0.542049
1305032195.479227 -1.404317 -0.660194 1.423210 -0.044946 0.841545 0.049007 0.536078
1305032195.511111 -1.407411 -0.676226 1.437141 -0.041553 0.848375 0.052101 0.525184
1305032195.542959 -1.393992 -0.680364 1.461191 -0.039629 0.858312 0.051087 0.509039
1305032195.578829 -1.390436 -0.686820 1.483442 -0.040046 0.866053 0.048802 0.495950
1305032195.611234 -1.381636 -0.692686 1.505161 -0.038135 0.876191 0.048983 0.477950
1305032195.642283 -1.381885 -0.699246 1.542620 -0.029833 0.884770 0.051605 0.462200
1305032195.678973 -1.369295 -0.696593 1.563907 -0.022138 0.888435 0.056738 0.454943
1305032195.710912 -1.362968 -0.692934 1.598005 -0.012985 0.892396 0.064305 0.446459
1305032195.742851 -1.348634 -0.686053 1.616736 -0.003344 0.892768 0.084435 0.442520
1305032195.778533 -1.335861 -0.690748 1.641699 -0.001051 0.891304 0.096732 0.442967
1305032195.810945 -1.324996 -0.693331 1.656136 -0.002545 0.889395 0.100359 0.445979
1305032195.846713 -1.316505 -0.690915 1.675880 -0.002164 0.888560 0.104497 0.446696
1305032195.878300 -1.308211 -0.689660 1.689709 -0.003190 0.888087 0.112316 0.445731
1305032195.911195 -1.296365 -0.680413 1.696215 -0.005040 0.889236 0.124510 0.440149
1305032195.946009 -1.284488 -0.683346 1.705974 -0.006429 0.891261 0.139680 0.431395
1305032195.978947 -1.276226 -0.687068 1.718148 -0.005815 0.894352 0.152567 0.420504
1305032196.011259 -1.266125 -0.700391 1.739210 -0.009526 0.896635 0.167258 0.409854
1305032196.047221 -1.254566 -0.701348 1.746748 -0.014483 0.896523 0.179256 0.404850
1305032196.078769 -1.243691 -0.707699 1.749197 -0.019180 0.897509 0.190509 0.397260
1305032196.111022 -1.235918 -0.710345 1.759269 -0.022684 0.899370 0.201667 0.387232
1305032196.146773 -1.230857 -0.729444 1.768026 -0.027089 0.900984 0.211872 0.377630
1305032196.178846 -1.221949 -0.730902 1.770595 -0.029549 0.904035 0.216737 0.367250
1305032196.211277 -1.218264 -0.733238 1.780013 -0.031443 0.907278 0.220296 0.356830
1305032196.247190 -1.204645 -0.739875 1.792118 -0.036959 0.909423 0.223046 0.349048
1305032196.275382 -1.190300 -0.744267 1.797316 -0.042607 0.911513 0.221819 0.343694
1305032196.311206 -1.189582 -0.753944 1.811845 -0.045441 0.912258 0.219928 0.342566
1305032196.347188 -1.169233 -0.749407 1.815606 -0.048934 0.910534 0.218683 0.347436
1305032196.377562 -1.155592 -0.752663 1.820494 -0.049030 0.909484 0.216832 0.351310
1305032196.407470 -1.144030 -0.756584 1.824655 -0.047781 0.907596 0.216114 0.356765
1305032196.446880 -1.134531 -0.763931 1.828057 -0.043944 0.906502 0.212097 0.362407
1305032196.479245 -1.123768 -0.772151 1.837229 -0.042620 0.905740 0.205617 0.368157
1305032196.510749 -1.112189 -0.779648 1.843676 -0.040783 0.903588 0.200744 0.376254
1305032196.547134 -1.102473 -0.788190 1.849797 -0.036203 0.900827 0.196648 0.385395
1305032196.579032 -1.093259 -0.794745 1.848783 -0.031145 0.897483 0.193657 0.395033
1305032196.611361 -1.085540 -0.804770 1.849127 -0.025514 0.896324 0.188985 0.400296
1305032196.647203 -1.075170 -0.813677 1.847961 -0.024203 0.896225 0.182819 0.403451
1305032196.675332 -1.065022 -0.821818 1.844863 -0.024477 0.897689 0.173626 0.404240
1305032196.710860 -1.057481 -0.837805 1.845219 -0.022258 0.900459 0.163368 0.402479
1305032196.747006 -1.049570 -0.845943 1.843877 -0.016648 0.903856 0.152208 0.399499
1305032196.778981 -1.042439 -0.846330 1.844155 -0.008295 0.905725 0.145202 0.398133
1305032196.810902 -1.034123 -0.848895 1.843471 -0.000422 0.905396 0.143252 0.399670
1305032196.846851 -1.027719 -0.849997 1.845448 0.007576 0.903954 0.144525 0.402396
1305032196.879306 -1.021808 -0.854051 1.840589 0.014213 0.900934 0.150750 0.406682
1305032196.911073 -1.017259 -0.853714 1.829874 0.021543 0.899289 0.156136 0.407966
1305032196.947124 -1.008729 -0.847682 1.821252 0.025187 0.899097 0.162430 0.405718
1305032196.979144 -1.000542 -0.848679 1.812277 0.029268 0.899418 0.171035 0.401171
1305032197.006299 -0.994991 -0.850280 1.813610 0.035381 0.900209 0.179288 0.395257
1305032197.046852 -0.988900 -0.852641 1.810221 0.041897 0.899622 0.188684 0.391564
1305032197.079241 -0.984422 -0.851364 1.814765 0.045605 0.899429 0.196328 0.387819
1305032197.106310 -0.979019 -0.855149 1.816325 0.042911 0.897373 0.208937 0.386299
1305032197.146291 -0.972706 -0.850703 1.809199 0.038427 0.896725 0.215969 0.384402
1305032197.178597 -0.966910 -0.849664 1.812415 0.032197 0.897412 0.226348 0.377335
1305032197.206353 -0.967199 -0.846027 1.810979 0.025509 0.896259 0.243947 0.369538
1305032197.246436 -0.964850 -0.839444 1.802875 0.017249 0.896822 0.258201 0.358810
1305032197.278617 -0.959614 -0.844525 1.799631 0.011712 0.899566 0.270718 0.342571
1305032197.306480 -0.945317 -0.864052 1.808858 0.003310 0.901639 0.281127 0.328640
1305032197.346213 -0.935736 -0.878599 1.806562 0.000869 0.902700 0.281124 0.325733
1305032197.378307 -0.935812 -0.885353 1.816736 -0.004657 0.903675 0.274867 0.328327
1305032197.406504 -0.928407 -0.894507 1.800541 -0.007998 0.902849 0.271017 0.333691
1305032197.446193 -0.923697 -0.899875 1.801150 -0.014241 0.906767 0.256751 0.334139
1305032197.480164 -0.928708 -0.895360 1.802186 -0.015261 0.911402 0.247699 0.328266
1305032197.506467 -0.931350 -0.899981 1.802986 -0.014455 0.916404 0.246355 0.315125
1305032197.546138 -0.925958 -0.899204 1.795802 -0.012142 0.922038 0.244990 0.299464
1305032197.578451 -0.913596 -0.920519 1.803084 -0.013098 0.927838 0.245182 0.280769
1305032197.606397 -0.905681 -0.926510 1.800700 -0.008861 0.933375 0.240464 0.266288
1305032197.646676 -0.897558 -0.938052 1.810316 -0.004987 0.937917 0.237978 0.252296
1305032197.675596 -0.891580 -0.948352 1.819047 0.003469 0.940869 0.238485 0.240580
1305032197.706445 -0.883780 -0.953106 1.825087 0.014921 0.942303 0.243730 0.228993
1305032197.746396 -0.864317 -0.956385 1.827003 0.029081 0.942448 0.249725 0.220417
1305032197.778560 -0.850329 -0.959034 1.833312 0.047396 0.940971 0.253512 0.219224
1305032197.806228 -0.841526 -0.955554 1.827961 0.071562 0.938340 0.255697 0.221396
1305032197.846558 -0.834098 -0.945520 1.825067 0.099260 0.937651 0.247481 0.222959
1305032197.878068 -0.821756 -0.936406 1.828360 0.123527 0.937390 0.238120 0.222126
1305032197.906350 -0.817777 -0.925503 1.836182 0.148958 0.936196 0.227672 0.222518
1305032197.943551 -0.812531 -0.908862 1.840054 0.164248 0.935208 0.221476 0.222163
1305032197.979315 -0.811792 -0.886016 1.841600 0.167187 0.935793 0.217112 0.221814
1305032198.006447 -0.828026 -0.867221 1.835868 0.160032 0.938853 0.212204 0.218891
1305032198.047542 -0.814862 -0.858391 1.846494 0.148152 0.944257 0.208510 0.207251
1305032198.078764 -0.793902 -0.849111 1.846131 0.140558 0.948080 0.202237 0.201218
1305032198.106301 -0.787810 -0.837328 1.852241 0.132352 0.952754 0.187871 0.198611
1305032198.146848 -0.780073 -0.829994 1.874954 0.122195 0.956620 0.175489 0.197864
1305032198.178825 -0.773438 -0.817212 1.882945 0.114533 0.957987 0.168527 0.201844
1305032198.206626 -0.766824 -0.797961 1.914494 0.105441 0.958933 0.163473 0.206413
1305032198.247050 -0.760023 -0.787967 1.923346 0.095023 0.956503 0.172704 0.215050
1305032198.274375 -0.756218 -0.785725 1.927767 0.082391 0.954969 0.181237 0.219998
1305032198.306375 -0.761113 -0.771544 1.916794 0.067901 0.955448 0.184776 0.219923
1305032198.347079 -0.759546 -0.761073 1.909888 0.049249 0.958415 0.185513 0.211186
1305032198.374330 -0.757234 -0.742255 1.926990 0.029777 0.959754 0.191931 0.202850
1305032198.406407 -0.749784 -0.736724 1.928181 0.013005 0.958667 0.203729 0.198202
1305032198.447116 -0.746652 -0.732349 1.933472 0.004952 0.958264 0.207549 0.196541
1305032198.474360 -0.742676 -0.727956 1.937148 -0.004668 0.956624 0.215341 0.196154
1305032198.506363 -0.737668 -0.739074 1.937486 -0.007495 0.955108 0.221025 0.197129
1305032198.547035 -0.736421 -0.762197 1.931504 -0.008486 0.954841 0.219539 0.200022
1305032198.574383 -0.738166 -0.748152 1.934340 -0.010753 0.957204 0.210276 0.198566
1305032198.606414 -0.741459 -0.754953 1.926030 -0.006724 0.957593 0.212267 0.194715
1305032198.647253 -0.740189 -0.759391 1.926675 0.002346 0.959266 0.213415 0.185089
1305032198.674298 -0.739994 -0.752180 1.936757 0.010752 0.960112 0.213540 0.180192
1305032198.706335 -0.741870 -0.772096 1.935852 0.016593 0.959507 0.216563 0.179363
1305032198.746296 -0.739526 -0.767528 1.946916 0.022121 0.960262 0.212360 0.179753
1305032198.774419 -0.738076 -0.767180 1.950730 0.024790 0.959871 0.209109 0.185222
1305032198.806374 -0.747557 -0.766045 1.953781 0.024873 0.959738 0.203405 0.192124
1305032198.846976 -0.740718 -0.769481 1.949422 0.024140 0.960294 0.199476 0.193552
1305032198.874396 -0.747367 -0.761795 1.961454 0.024710 0.961868 0.191472 0.193746
1305032198.906402 -0.741274 -0.708385 1.985684 0.024591 0.961210 0.192736 0.195765
1305032198.947082 -0.737809 -0.705145 1.993388 0.023729 0.957068 0.205811 0.202733
1305032198.974432 -0.747087 -0.721888 1.995791 0.023891 0.954062 0.213453 0.208885
1305032199.006411 -0.742030 -0.736333 1.995049 0.018077 0.951646 0.225109 0.208254
1305032199.047109 -0.788973 -0.763216 1.998220 0.014877 0.951253 0.230413 0.204464
1305032199.074372 -0.783054 -0.755716 2.023521 0.018451 0.953120 0.231877 0.193531
1305032199.106454 -0.789570 -0.745624 2.026637 0.021862 0.952797 0.234964 0.191029
1305032199.147137 -0.785884 -0.727699 2.036636 0.023414 0.953218 0.234990 0.188699
1305032199.174544 -0.789419 -0.714631 2.047225 0.030574 0.951600 0.238143 0.191863
1305032199.206387 -0.794307 -0.701743 2.055361 0.036026 0.950435 0.239991 0.194369
1305032199.245876 -0.797224 -0.689425 2.062853 0.042457 0.949378 0.239102 0.199269
1305032199.274259 -0.815154 -0.666915 2.075202 0.042144 0.949268 0.234475 0.205271
1305032199.306811 -0.819905 -0.648485 2.084251 0.039793 0.948979 0.236742 0.204470
1305032199.346717 -0.825539 -0.632001 2.092888 0.039293 0.947430 0.244983 0.202032
1305032199.374310 -0.826689 -0.625510 2.097681 0.034328 0.944216 0.260200 0.198930
1305032199.406488 -0.829266 -0.622581 2.094709 0.030907 0.942053 0.264988 0.203377
1305032199.446779 -0.834728 -0.580409 2.113319 0.023828 0.945464 0.250490 0.206847
1305032199.474468 -0.836641 -0.562317 2.118505 0.022419 0.946417 0.243320 0.211160
1305032199.506558 -0.840906 -0.548222 2.136587 0.015940 0.947574 0.237228 0.213478
1305032199.542376 -0.847552 -0.529419 2.130262 0.018232 0.948873 0.234001 0.211073
1305032199.574347 -0.848334 -0.517161 2.152961 0.022863 0.951755 0.229006 0.202969
1305032199.606465 -0.853332 -0.502090 2.152861 0.019857 0.952129 0.232615 0.197348
1305032199.642310 -0.858461 -0.489306 2.151950 0.020821 0.953711 0.235183 0.186254
1305032199.674469 -0.861955 -0.471664 2.136448 0.026819 0.955330 0.234474 0.177894
1305032199.706362 -0.862189 -0.462124 2.132242 0.033835 0.957554 0.226178 0.175467
1305032199.742362 -0.863638 -0.450837 2.132789 0.034522 0.959585 0.216375 0.176595
1305032199.774332 -0.864381 -0.445390 2.137151 0.039454 0.962613 0.200827 0.177451
1305032199.806416 -0.863933 -0.427266 2.147402 0.042340 0.965142 0.187567 0.177557
1305032199.842378 -0.864344 -0.416562 2.148313 0.047500 0.964312 0.192384 0.175598
1305032199.874335 -0.864106 -0.407000 2.144377 0.054996 0.961145 0.205382 0.176051
1305032199.906541 -0.861723 -0.399169 2.145380 0.055053 0.958741 0.216540 0.175770
1305032199.942318 -0.859224 -0.395258 2.142106 0.062464 0.958400 0.219829 0.171005
1305032199.974288 -0.854999 -0.390161 2.145048 0.066718 0.957592 0.221819 0.171356
1305032200.006886 -0.852456 -0.382057 2.146884 0.062715 0.956245 0.227528 0.172896
1305032200.042357 -0.846005 -0.385801 2.151613 0.054420 0.956207 0.237683 0.161906
1305032200.074337 -0.853008 -0.387371 2.155022 0.041821 0.958381 0.239878 0.149048
1305032200.106425 -0.833798 -0.385736 2.153213 0.032623 0.960908 0.240646 0.132970
1305032200.142323 -0.823448 -0.385904 2.152670 0.021261 0.961678 0.242288 0.126566
1305032200.174399 -0.812570 -0.386710 2.154392 0.016611 0.962416 0.242727 0.120676
1305032200.206389 -0.799678 -0.388529 2.158499 0.014090 0.962673 0.244954 0.114277
1305032200.242385 -0.783098 -0.389969 2.156344 0.011808 0.963060 0.246214 0.108416
1305032200.274315 -0.766760 -0.392827 2.158369 0.010816 0.963572 0.246045 0.104279
1305032200.306461 -0.749463 -0.397080 2.161410 0.009335 0.963896 0.246382 0.100562
1305032200.342598 -0.734403 -0.402379 2.163080 0.006231 0.963176 0.250864 0.096546
1305032200.374494 -0.717568 -0.406585 2.152053 0.001649 0.962830 0.254597 0.090201
1305032200.406515 -0.696865 -0.417925 2.147622 -0.006418 0.963818 0.253242 0.082959
1305032200.442373 -0.675136 -0.430589 2.142934 -0.014352 0.964262 0.253114 0.076977
1305032200.474331 -0.655677 -0.451656 2.132854 -0.018421 0.965539 0.249638 0.071247
1305032200.506358 -0.640814 -0.465319 2.133150 -0.024634 0.967963 0.241460 0.064329
1305032200.542325 -0.623770 -0.492221 2.119973 -0.026922 0.969807 0.236328 0.053845
1305032200.574372 -0.609986 -0.512585 2.116148 -0.025296 0.972717 0.226685 0.042387
1305032200.606298 -0.597307 -0.531489 2.107060 -0.024788 0.974534 0.220811 0.030188
1305032200.642354 -0.585834 -0.554405 2.097207 -0.021909 0.976329 0.214317 0.019225
1305032200.674352 -0.573809 -0.577574 2.087041 -0.024140 0.978271 0.205712 0.009224
1305032200.706398 -0.565173 -0.601446 2.077888 -0.026363 0.979959 0.197448 -0.000350
1305032200.742419 -0.550533 -0.617725 2.072051 -0.032166 0.981526 0.188384 -0.009193
1305032200.774354 -0.540769 -0.648796 2.062171 -0.036831 0.982723 0.181022 -0.011385
1305032200.806569 -0.532391 -0.671019 2.057341 -0.042338 0.985886 0.161564 -0.011519
1305032200.842550 -0.522548 -0.679744 2.052705 -0.046296 0.988438 0.143950 -0.011215
1305032200.874337 -0.516053 -0.690130 2.046953 -0.046624 0.990131 0.131953 -0.007464
1305032200.906300 -0.510855 -0.705383 2.042087 -0.046407 0.991253 0.123531 -0.002033
1305032200.942311 -0.507148 -0.713256 2.039005 -0.044062 0.992409 0.114800 0.001907
1305032200.974212 -0.497200 -0.733047 2.032120 -0.042225 0.992923 0.110926 0.004118
1305032201.006361 -0.491550 -0.735832 2.029980 -0.040418 0.993880 0.102560 0.007100
1305032201.042341 -0.485544 -0.736030 2.029892 -0.039095 0.994010 0.101559 0.010027
1305032201.074271 -0.482255 -0.765340 2.020337 -0.043000 0.993548 0.104106 0.013245
1305032201.106580 -0.486400 -0.784756 2.022237 -0.052835 0.993635 0.098885 0.010978
1305032201.142300 -0.483216 -0.788641 2.033156 -0.057704 0.994075 0.092111 0.000954
1305032201.174405 -0.481046 -0.798286 2.028647 -0.060325 0.994052 0.090227 -0.008961
1305032201.206383 -0.481456 -0.808871 2.016033 -0.057678 0.994555 0.085523 -0.014802
1305032201.242450 -0.481387 -0.798082 2.032980 -0.053617 0.995128 0.080729 -0.018116
1305032201.274420 -0.486298 -0.825349 2.020651 -0.053097 0.994799 0.083806 -0.023078
1305032201.306423 -0.506004 -0.842428 2.023105 -0.054293 0.994858 0.080024 -0.030107
1305032201.342449 -0.511850 -0.858068 2.016266 -0.058286 0.994561 0.073001 -0.046073
1305032201.374376 -0.499750 -0.851811 2.030557 -0.060895 0.994131 0.062107 -0.064328
1305032201.406413 -0.490760 -0.845488 2.029678 -0.058382 0.993265 0.060164 -0.079977
1305032201.442428 -0.490111 -0.868409 2.023712 -0.054666 0.992324 0.061650 -0.092218
1305032201.474406 -0.494590 -0.877459 2.028652 -0.052087 0.991466 0.059523 -0.103631
1305032201.506426 -0.490536 -0.884613 2.025697 -0.049566 0.990106 0.058329 -0.117603
1305032201.542328 -0.486799 -0.893322 2.020710 -0.048615 0.988614 0.056661 -0.130645
1305032201.574494 -0.467426 -0.897483 2.024821 -0.046368 0.987075 0.054713 -0.143317
1305032201.606463 -0.456999 -0.896500 2.037642 -0.039576 0.985922 0.054565 -0.153017
1305032201.642348 -0.446205 -0.901036 2.035725 -0.031975 0.984607 0.059226 -0.161304
1305032201.674666 -0.446525 -0.906434 2.026688 -0.029053 0.983861 0.064217 -0.164468
1305032201.706398 -0.433630 -0.931081 1.999886 -0.028490 0.982612 0.068008 -0.170401
1305032201.742373 -0.429503 -0.952747 2.001074 -0.025394 0.982661 0.058326 -0.174158
1305032201.774362 -0.425115 -0.952355 2.017432 -0.027957 0.982222 0.048257 -0.179249
1305032201.806424 -0.421808 -0.935561 2.026612 -0.029074 0.981012 0.040557 -0.187420
1305032201.842339 -0.407138 -0.999655 2.025829 -0.036687 0.978191 0.042771 -0.199916
1305032201.874355 -0.391974 -0.986926 2.034341 -0.044904 0.974773 0.030159 -0.216545
1305032201.906415 -0.396454 -0.991321 2.054838 -0.049792 0.971944 0.023968 -0.228630
1305032201.942338 -0.408479 -0.973057 2.118171 -0.049771 0.969695 0.022498 -0.238136
1305032201.974380 -0.389568 -0.978259 2.124623 -0.048184 0.964460 0.033943 -0.257573
1305032202.006425 -0.371881 -0.998957 2.092545 -0.047983 0.957633 0.045349 -0.280322
1305032202.042357 -0.357685 -1.000275 2.068002 -0.048884 0.952007 0.045909 -0.298639
1305032202.074375 -0.302369 -1.007212 2.092001 -0.044270 0.948088 0.048675 -0.311126
1305032202.106424 -0.285773 -1.019252 2.071841 -0.040499 0.947133 0.057196 -0.313093
1305032202.142204 -0.264757 -1.013162 2.050142 -0.044205 0.947388 0.061487 -0.310999
1305032202.174439 -0.252519 -1.010003 2.014005 -0.046432 0.949855 0.065733 -0.302157
1305032202.206557 -0.253233 -1.034999 1.968444 -0.053425 0.953798 0.064626 -0.288511
1305032202.242288 -0.234157 -1.050846 1.977371 -0.062038 0.957824 0.048812 -0.276302
1305032202.274589 -0.227523 -1.056083 2.035310 -0.070327 0.960191 0.038569 -0.267580
1305032202.306415 -0.233106 -1.019416 2.089181 -0.067562 0.959231 0.036786 -0.271951
1305032202.342328 -0.223088 -0.981285 2.066306 -0.047956 0.958641 0.045600 -0.276817
1305032202.374470 -0.214647 -0.968520 2.045536 -0.029029 0.960311 0.056360 -0.271630
1305032202.406548 -0.221687 -0.943102 2.028271 -0.018234 0.963961 0.069344 -0.256199
1305032202.442339 -0.219086 -0.933617 2.008529 -0.008140 0.967911 0.085495 -0.236163
1305032202.474544 -0.191167 -0.936303 2.039173 -0.004625 0.970264 0.101636 -0.219630
1305032202.506394 -0.171999 -0.944311 2.048900 0.005263 0.968493 0.127849 -0.213654
1305032202.542344 -0.173192 -0.909057 2.059825 0.022591 0.966802 0.143986 -0.209886
1305032202.574399 -0.175992 -0.895058 2.059057 0.031386 0.963571 0.162095 -0.210407
1305032202.606477 -0.180451 -0.899382 2.073776 0.043031 0.960435 0.171538 -0.215145
1305032202.642355 -0.209395 -0.929645 2.067386 0.046254 0.956600 0.185814 -0.219661
1305032202.674325 -0.212992 -0.928531 2.059941 0.032765 0.955672 0.182377 -0.228816
1305032202.706403 -0.208809 -0.942151 2.042391 0.016414 0.954225 0.184929 -0.234494
1305032202.742369 -0.210121 -0.939764 2.024222 -0.002187 0.955444 0.174131 -0.238328
1305032202.774356 -0.215581 -0.904122 2.043984 -0.016107 0.958684 0.159276 -0.235152
1305032202.806488 -0.218214 -0.886238 2.052288 -0.032684 0.956127 0.180722 -0.228238
1305032202.842361 -0.215477 -0.905633 2.056062 -0.044103 0.950801 0.210365 -0.223111
1305032202.874364 -0.219338 -0.923770 2.053814 -0.055522 0.946286 0.227108 -0.223345
1305032202.906348 -0.228731 -0.916994 2.040509 -0.059690 0.942861 0.232918 -0.230652
1305032202.942358 -0.218019 -0.935122 2.027307 -0.057642 0.943621 0.224569 -0.236275
1305032202.974381 -0.215769 -0.934573 2.040294 -0.054382 0.946878 0.206821 -0.240185
1305032203.006447 -0.229879 -0.912133 2.066613 -0.043576 0.948157 0.197259 -0.245335
1305032203.042402 -0.239229 -0.921085 2.059516 -0.042561 0.945501 0.203673 -0.250465
1305032203.074360 -0.231517 -0.920690 2.058402 -0.044769 0.943656 0.201869 -0.258375
1305032203.106441 -0.225387 -0.919186 2.055055 -0.041765 0.941436 0.206941 -0.262923
1305032203.142339 -0.225159 -0.935365 2.045610 -0.039951 0.940194 0.209763 -0.265404
1305032203.174403 -0.215346 -0.940477 2.029509 -0.041408 0.938712 0.208571 -0.271301
1305032203.206514 -0.205540 -0.922408 2.024542 -0.040827 0.939397 0.207381 -0.269927
1305032203.242388 -0.202316 -0.943878 2.014066 -0.037023 0.941219 0.204805 -0.266065
1305032203.274534 -0.195832 -0.937943 2.011668 -0.033416 0.944529 0.194173 -0.262764
1305032203.306523 -0.191988 -0.936442 2.013488 -0.027583 0.948232 0.183934 -0.257416
1305032203.342336 -0.194517 -0.924986 2.022485 -0.022381 0.950071 0.180887 -0.253266
1305032203.374412 -0.198450 -0.929053 2.030319 -0.016636 0.949342 0.185145 -0.253365
1305032203.406466 -0.199280 -0.928001 2.030174 -0.013648 0.947395 0.188080 -0.258616
1305032203.442338 -0.196003 -0.929533 2.025269 -0.011099 0.944528 0.192312 -0.266009
1305032203.474371 -0.176193 -0.942329 2.002389 -0.011944 0.941188 0.196138 -0.274866
1305032203.506370 -0.161214 -0.946473 1.980370 -0.010279 0.941841 0.188219 -0.278216
1305032203.542305 -0.146016 -0.917831 1.969565 -0.007798 0.946210 0.174347 -0.272450
1305032203.574450 -0.133700 -0.914155 1.979501 0.003411 0.948641 0.170313 -0.266573
1305032203.606426 -0.144755 -0.903540 1.997950 0.012702 0.949581 0.170117 -0.263049
1305032203.642369 -0.142977 -0.908622 1.988737 0.012709 0.947802 0.170960 -0.268854
1305032203.674297 -0.120263 -0.884513 1.977710 0.008942 0.946363 0.171001 -0.273999
1305032203.706370 -0.108402 -0.882891 1.967467 0.008695 0.945700 0.180709 -0.270037
1305032203.742339 -0.095623 -0.891766 1.963888 0.010700 0.945881 0.182371 -0.268208
1305032203.774574 -0.088751 -0.878989 1.967734 0.017537 0.947176 0.175668 -0.267751
1305032203.806707 -0.082041 -0.872141 1.969164 0.022197 0.946324 0.178209 -0.268738
1305032203.842335 -0.073565 -0.860298 1.967844 0.026347 0.944472 0.181623 -0.272566
1305032203.874336 -0.068072 -0.857969 1.963710 0.033423 0.942280 0.186375 -0.276143
1305032203.906574 -0.063593 -0.845226 1.964652 0.035818 0.940559 0.189957 -0.279252
1305032203.942559 -0.061392 -0.840200 1.973487 0.036715 0.936955 0.198037 -0.285567
1305032203.974325 -0.048594 -0.841350 1.971235 0.037417 0.931289 0.206683 -0.297628
1305032204.006392 -0.050640 -0.838702 1.965041 0.040322 0.927284 0.209874 -0.307361
1305032204.042323 -0.038433 -0.825527 1.945389 0.039116 0.925485 0.207622 -0.314390
1305032204.074466 -0.033360 -0.802408 1.950483 0.035871 0.925064 0.211770 -0.313247
1305032204.106451 -0.031026 -0.795480 1.950374 0.038067 0.921502 0.226577 -0.313127
1305032204.142314 -0.025740 -0.788478 1.948657 0.036601 0.919431 0.232611 -0.314960
1305032204.174363 -0.022389 -0.779024 1.947187 0.037204 0.918290 0.235872 -0.315790
1305032204.206451 -0.016120 -0.773721 1.942932 0.039029 0.916345 0.245406 -0.313950
1305032204.242389 -0.007776 -0.784464 1.942205 0.039491 0.916049 0.250223 -0.310939
1305032204.274422 -0.006793 -0.783519 1.946280 0.037851 0.917814 0.248017 -0.307688
1305032204.306370 -0.001771 -0.776469 1.951870 0.035783 0.918211 0.249868 -0.305246
1305032204.342289 0.002621 -0.769443 1.958963 0.037372 0.917445 0.253570 -0.304301
1305032204.374424 0.004033 -0.774600 1.961906 0.039344 0.916472 0.257688 -0.303526
1305032204.406379 0.007901 -0.773452 1.970903 0.038680 0.916540 0.256640 -0.304292
1305032204.442349 0.007827 -0.765805 1.977219 0.041395 0.915370 0.256959 -0.307175
1305032204.474386 0.006489 -0.769239 1.983466 0.044705 0.914068 0.256187 -0.311207
1305032204.506452 0.010176 -0.765085 1.990067 0.044455 0.912234 0.254993 -0.317539
1305032204.542377 0.015492 -0.761914 1.993088 0.047897 0.910196 0.253751 -0.323820
1305032204.574436 0.019300 -0.757338 1.995561 0.052906 0.909456 0.251133 -0.327144
1305032204.606480 0.027052 -0.752317 2.000930 0.056334 0.908387 0.251833 -0.328997
1305032204.642347 0.030081 -0.744504 2.001003 0.060498 0.907342 0.255620 -0.328221
1305032204.674378 0.028315 -0.740873 2.006583 0.063949 0.905634 0.262065 -0.327200
1305032204.706407 0.026845 -0.734797 2.005337 0.062436 0.901232 0.272967 -0.330714
1305032204.742285 0.027788 -0.738036 2.003703 0.061320 0.897230 0.282749 -0.333574
1305032204.774342 0.026216 -0.741833 2.005943 0.056869 0.894273 0.290996 -0.335206
1305032204.806540 0.028448 -0.735412 2.002849 0.050266 0.890795 0.296976 -0.340241
1305032204.842435 0.033544 -0.745287 1.998614 0.050581 0.887121 0.301048 -0.346162
1305032204.874517 0.040598 -0.752282 1.994031 0.053332 0.885681 0.300384 -0.349991
1305032204.906369 0.045696 -0.756959 1.991629 0.057918 0.886158 0.296011 -0.351776
1305032204.942477 0.056970 -0.751390 1.989910 0.062541 0.887117 0.287796 -0.355366
1305032204.974512 0.070007 -0.752521 1.989738 0.068106 0.887787 0.282720 -0.356742
1305032205.010354 0.081646 -0.751777 1.988784 0.071743 0.888762 0.281319 -0.354703
1305032205.042392 0.087611 -0.748558 1.985149 0.076297 0.889627 0.280622 -0.352128
1305032205.074466 0.097575 -0.745576 1.981991 0.082473 0.889959 0.278652 -0.351460
1305032205.110394 0.110824 -0.741769 1.977309 0.088126 0.890470 0.278666 -0.348772
1305032205.142261 0.116552 -0.736418 1.971256 0.091845 0.892311 0.281071 -0.341094
1305032205.174439 0.118542 -0.734175 1.968462 0.091649 0.893372 0.284979 -0.335073
1305032205.210348 0.122713 -0.738241 1.971337 0.088688 0.892552 0.290904 -0.332958
1305032205.242330 0.126495 -0.722867 1.952844 0.079401 0.888831 0.300317 -0.336874
1305032205.274318 0.132639 -0.721288 1.946944 0.070522 0.886146 0.308278 -0.338729
1305032205.310423 0.145177 -0.718674 1.940890 0.061623 0.883882 0.317059 -0.338272
1305032205.342337 0.150581 -0.716714 1.932876 0.055129 0.881295 0.328999 -0.334724
1305032205.374469 0.150857 -0.712820 1.924052 0.045738 0.879244 0.339154 -0.331380
1305032205.410416 0.145936 -0.709104 1.914932 0.036603 0.876066 0.346204 -0.333634
1305032205.442399 0.147267 -0.710244 1.909273 0.027470 0.872671 0.347254 -0.342208
1305032205.474767 0.153286 -0.712828 1.903645 0.021671 0.869587 0.344967 -0.352629
1305032205.510362 0.163739 -0.717498 1.901507 0.019423 0.868040 0.339724 -0.361548
1305032205.542335 0.172109 -0.730897 1.899525 0.022949 0.868888 0.334142 -0.364494
1305032205.574456 0.182131 -0.736598 1.897625 0.027982 0.872420 0.323839 -0.365006
1305032205.610359 0.194981 -0.742415 1.901076 0.032928 0.876872 0.317081 -0.359822
1305032205.642362 0.200592 -0.744691 1.897683 0.034307 0.881298 0.314866 -0.350708
1305032205.674312 0.204638 -0.744993 1.892562 0.033512 0.885871 0.313739 -0.340114
1305032205.710343 0.204923 -0.745131 1.878375 0.030219 0.890106 0.312104 -0.330739
1305032205.742441 0.215966 -0.749285 1.876477 0.024171 0.895424 0.308050 -0.320525
1305032205.774364 0.223363 -0.755269 1.865572 0.018673 0.899270 0.307204 -0.310789
1305032205.810362 0.235770 -0.760693 1.853118 0.013086 0.905527 0.299816 -0.299934
1305032205.842403 0.240103 -0.759523 1.852677 0.009476 0.913176 0.290399 -0.285812
1305032205.874378 0.245764 -0.766547 1.853356 0.008862 0.918390 0.282102 -0.277307
1305032205.910377 0.252345 -0.765362 1.841631 0.002191 0.923007 0.275261 -0.268857
1305032205.942307 0.259496 -0.766867 1.843297 -0.006321 0.928383 0.267327 -0.258071
1305032205.974372 0.265419 -0.778412 1.842268 -0.021901 0.931814 0.262948 -0.249201
1305032206.010355 0.269672 -0.776591 1.838022 -0.037926 0.934245 0.256955 -0.244380
1305032206.042482 0.282594 -0.785959 1.829139 -0.056843 0.934834 0.251876 -0.243746
1305032206.074538 0.293145 -0.791662 1.824503 -0.072767 0.936590 0.241833 -0.242942
1305032206.110351 0.302880 -0.798774 1.818646 -0.086804 0.938422 0.233405 -0.239481
1305032206.142369 0.310342 -0.809014 1.810519 -0.101984 0.941249 0.219599 -0.235428
1305032206.174445 0.317257 -0.806630 1.810000 -0.113077 0.945530 0.200328 -0.230336
1305032206.210221 0.337773 -0.801066 1.809394 -0.117063 0.948598 0.191366 -0.223244
1305032206.242342 0.359510 -0.806493 1.800434 -0.114880 0.952751 0.186368 -0.210561
1305032206.274351 0.371679 -0.806411 1.776611 -0.112206 0.959536 0.173171 -0.191606
1305032206.310399 0.379244 -0.811334 1.787563 -0.105046 0.966903 0.158781 -0.169863
1305032206.342369 0.376624 -0.817092 1.817866 -0.094327 0.973145 0.147465 -0.149482
1305032206.374395 0.386198 -0.820069 1.844321 -0.085668 0.976553 0.146300 -0.132669
1305032206.410393 0.384837 -0.816867 1.815096 -0.082100 0.978181 0.147691 -0.120870
1305032206.442397 0.383046 -0.816345 1.826460 -0.072294 0.980494 0.144271 -0.112214
1305032206.474369 0.392100 -0.809107 1.843285 -0.057140 0.981582 0.147378 -0.107288
1305032206.510385 0.393880 -0.804328 1.792074 -0.047308 0.981686 0.152480 -0.103943
1305032206.542369 0.382151 -0.809933 1.785898 -0.038560 0.983036 0.148807 -0.100048
1305032206.574335 0.366322 -0.810561 1.797247 -0.028107 0.982852 0.150032 -0.103449
1305032206.610483 0.355728 -0.810250 1.802315 -0.023960 0.980698 0.156412 -0.114856
1305032206.642370 0.343366 -0.805321 1.800032 -0.022090 0.977591 0.163829 -0.130334
1305032206.674271 0.322226 -0.799479 1.795008 -0.018653 0.972790 0.173167 -0.152794
1305032206.710221 0.296359 -0.792010 1.782639 -0.018178 0.967161 0.179995 -0.178524
1305032206.742357 0.293837 -0.785942 1.780547 -0.016965 0.960502 0.184804 -0.207352
1305032206.774340 0.289639 -0.779771 1.775396 -0.012338 0.954003 0.188979 -0.232408
1305032206.810331 0.269688 -0.773263 1.764718 -0.007415 0.947870 0.192192 -0.254068
1305032206.842381 0.261086 -0.767388 1.775230 -0.004004 0.940922 0.193195 -0.278074
1305032206.874390 0.262957 -0.768094 1.787426 0.003079 0.931029 0.199512 -0.305565
1305032206.910446 0.260677 -0.764957 1.788198 0.013025 0.919702 0.208230 -0.332593
1305032206.942625 0.251779 -0.760905 1.800577 0.019087 0.910414 0.211899 -0.354797
1305032206.974424 0.253084 -0.760757 1.805916 0.029606 0.899552 0.215983 -0.378525
1305032207.010651 0.238147 -0.755106 1.804178 0.041009 0.888585 0.218220 -0.401391
1305032207.042380 0.209146 -0.748097 1.811150 0.049133 0.879722 0.214294 -0.421607
1305032207.074435 0.213405 -0.750700 1.823822 0.053945 0.869793 0.210109 -0.443176
1305032207.110333 0.225027 -0.758287 1.835303 0.057962 0.858308 0.210995 -0.464143
1305032207.142378 0.220965 -0.758987 1.844802 0.059603 0.846844 0.212007 -0.484102
1305032207.174394 0.214970 -0.758922 1.852050 -0.059946 -0.836095 -0.211586 0.502576
1305032207.210368 0.225775 -0.763615 1.863955 -0.060580 -0.825440 -0.210897 0.520098
1305032207.242442 0.235497 -0.769039 1.876471 -0.063063 -0.815994 -0.214382 0.533120
1305032207.274357 0.212835 -0.771354 1.899905 -0.062504 -0.807856 -0.219324 0.543469
1305032207.310358 0.212813 -0.772708 1.904648 -0.060799 -0.796530 -0.221075 0.559436
1305032207.342384 0.214130 -0.774116 1.900926 -0.059978 -0.785006 -0.223156 0.574778
1305032207.374367 0.216330 -0.777432 1.913671 -0.061406 -0.776755 -0.225157 0.584967
1305032207.410282 0.227455 -0.781599 1.882353 -0.066100 -0.765800 -0.228343 0.597529
1305032207.442368 0.176409 -0.778718 1.902235 -0.070152 -0.761688 -0.226373 0.603047
1305032207.474381 0.193186 -0.782242 1.908770 -0.074546 -0.756816 -0.215429 0.612586
1305032207.510302 0.217727 -0.769685 1.938832 -0.087955 -0.749779 -0.210979 0.620954
1305032207.542370 0.213658 -0.770892 1.940456 -0.104171 -0.740458 -0.218082 0.627145
1305032207.574388 0.186964 -0.781889 1.917939 -0.113154 -0.732876 -0.225326 0.631915
1305032207.610340 0.180017 -0.783165 1.918990 -0.120298 -0.728318 -0.223029 0.636663
1305032207.642344 0.178888 -0.781332 1.920921 -0.129917 -0.723643 -0.216465 0.642343
1305032207.674387 0.176648 -0.775579 1.920666 -0.138164 -0.721750 -0.212998 0.643910
1305032207.710339 0.170043 -0.777519 1.919716 -0.142299 -0.721816 -0.213579 0.642741
1305032207.742509 0.168373 -0.779627 1.920706 -0.139635 -0.721264 -0.208913 0.645473
1305032207.774385 0.176290 -0.793583 1.930699 -0.135765 -0.718363 -0.201668 0.651807
1305032207.810539 0.184390 -0.798514 1.936507 -0.130222 -0.713217 -0.193615 0.660966
1305032207.842406 0.186580 -0.801976 1.937350 -0.129102 -0.706000 -0.187734 0.670561
1305032207.874404 0.182141 -0.802661 1.936054 -0.131007 -0.698828 -0.178614 0.680128
1305032207.910447 0.179213 -0.798216 1.931506 -0.134884 -0.692377 -0.163578 0.689683
1305032207.942475 0.184954 -0.795769 1.926676 -0.137125 -0.688134 -0.148621 0.696836
1305032207.974391 0.185814 -0.801105 1.930673 -0.140623 -0.685267 -0.134466 0.701821
1305032208.010470 0.184556 -0.808410 1.929690 -0.141648 -0.681170 -0.121732 0.707901
1305032208.042348 0.186748 -0.812319 1.929728 -0.140254 -0.676336 -0.109069 0.714845
1305032208.074425 0.193926 -0.816436 1.929544 -0.137852 -0.670078 -0.098532 0.722692
1305032208.110392 0.213171 -0.816988 1.934201 -0.135174 -0.662536 -0.087961 0.731462
1305032208.142445 0.238765 -0.810896 1.940493 -0.141713 -0.652631 -0.083329 0.739626
1305032208.174376 0.240959 -0.813832 1.934374 -0.153814 -0.641515 -0.083767 0.746849
1305032208.210359 0.232870 -0.826001 1.929243 -0.160696 -0.633616 -0.079227 0.752616
1305032208.242408 0.241531 -0.819312 1.920849 -0.161701 -0.627781 -0.069177 0.758260
1305032208.274375 0.260363 -0.809232 1.914410 -0.167045 -0.622609 -0.063235 0.761876
1305032208.310294 0.266872 -0.807744 1.908601 -0.174906 -0.618379 -0.062217 0.763639
1305032208.342359 0.265960 -0.816263 1.907402 -0.176830 -0.615567 -0.063333 0.765374
1305032208.374712 0.275772 -0.815700 1.909322 -0.175433 -0.610961 -0.061261 0.769543
1305032208.410540 0.283262 -0.812867 1.905170 -0.175746 -0.603314 -0.060523 0.775540
1305032208.442395 0.290191 -0.809023 1.900505 -0.176186 -0.596837 -0.063765 0.780179
1305032208.474626 0.286102 -0.809903 1.896986 -0.177504 -0.591088 -0.065529 0.784100
1305032208.510370 0.282217 -0.816878 1.895436 -0.178826 -0.586585 -0.062777 0.787400
1305032208.542387 0.292459 -0.816603 1.894215 -0.177986 -0.584429 -0.057711 0.789578
1305032208.574904 0.292756 -0.815540 1.889235 -0.177993 -0.581935 -0.053722 0.791697
1305032208.610377 0.306602 -0.810839 1.893598 -0.178722 -0.580870 -0.050049 0.792555
1305032208.642368 0.317143 -0.807789 1.889251 -0.182048 -0.579071 -0.050821 0.793065
1305032208.674464 0.318300 -0.805028 1.886139 -0.187464 -0.577161 -0.052696 0.793073
1305032208.710490 0.318772 -0.800316 1.886336 -0.192924 -0.576195 -0.054425 0.792349
1305032208.742309 0.317211 -0.797045 1.886358 -0.197502 -0.575740 -0.055646 0.791467
1305032208.774758 0.319813 -0.789437 1.883071 -0.202432 -0.576094 -0.055590 0.789966
1305032208.810360 0.316194 -0.789936 1.884805 -0.210267 -0.577358 -0.057421 0.786860
1305032208.842361 0.303080 -0.790835 1.898868 -0.211650 -0.580461 -0.056009 0.784304
1305032208.874449 0.307097 -0.789350 1.895416 -0.204945 -0.582986 -0.056264 0.784193
1305032208.910362 0.308425 -0.777861 1.888601 -0.194030 -0.586262 -0.057225 0.784458
1305032208.942446 0.331961 -0.773215 1.871934 -0.185937 -0.590736 -0.069571 0.782060
1305032208.974317 0.333838 -0.773115 1.868377 -0.190724 -0.596920 -0.094556 0.773544
1305032209.010349 0.320599 -0.777730 1.862348 -0.188894 -0.606356 -0.114036 0.763968
1305032209.042354 0.342863 -0.771799 1.850689 -0.181553 -0.620509 -0.130177 0.751705
1305032209.074325 0.358834 -0.789686 1.800482 -0.186112 -0.632300 -0.140330 0.738828
1305032209.110344 0.347860 -0.798390 1.791546 -0.187591 -0.650812 -0.136365 0.722951
1305032209.142303 0.366693 -0.806815 1.786572 -0.187951 -0.673738 -0.124927 0.703666
1305032209.174364 0.370378 -0.804869 1.778210 -0.191401 -0.690794 -0.112200 0.688172
1305032209.210335 0.398832 -0.810267 1.809195 -0.196639 -0.704625 -0.100999 0.674267
1305032209.242357 0.406176 -0.814484 1.816995 -0.201251 -0.711116 -0.092596 0.667262
1305032209.274316 0.425205 -0.817653 1.811292 -0.201613 -0.715870 -0.087709 0.662713
1305032209.310324 0.448613 -0.819228 1.801822 -0.201194 -0.720699 -0.090587 0.657197
1305032209.342354 0.455303 -0.823154 1.794723 -0.203244 -0.725816 -0.097800 0.649860
1305032209.374327 0.452643 -0.838376 1.790014 -0.204733 -0.732003 -0.103821 0.641465
1305032209.410376 0.454239 -0.869778 1.784439 -0.205663 -0.738612 -0.105006 0.633347
1305032209.442343 0.457547 -0.881861 1.781292 -0.202947 -0.745425 -0.098036 0.627330
1305032209.474385 0.458685 -0.898055 1.781913 -0.199962 -0.752604 -0.090156 0.620866
1305032209.510364 0.474239 -0.909801 1.780641 -0.192117 -0.760234 -0.082521 0.615081
1305032209.542394 0.495199 -0.913415 1.780619 -0.185922 -0.764721 -0.079740 0.611781
1305032209.574442 0.511735 -0.917606 1.790773 -0.182164 -0.766899 -0.084603 0.609528
1305032209.610345 0.516599 -0.933165 1.794027 -0.178689 -0.766804 -0.094821 0.609172
1305032209.642347 0.517207 -0.963386 1.795526 -0.176359 -0.764926 -0.101093 0.611200
1305032209.674721 0.531836 -0.971139 1.792111 -0.174094 -0.762544 -0.102270 0.614621
1305032209.710597 0.538276 -0.980320 1.778617 -0.175547 -0.759962 -0.105999 0.616770
1305032209.742374 0.532951 -1.017233 1.778203 -0.176203 -0.760820 -0.109749 0.614867
1305032209.774767 0.543973 -1.022477 1.778409 -0.172806 -0.762040 -0.106035 0.614971
1305032209.810332 0.559967 -1.017725 1.776196 -0.171082 -0.762892 -0.105881 0.614423
1305032209.842351 0.561645 -1.033369 1.773242 -0.170317 -0.763830 -0.110650 0.612627
1305032209.874326 0.565944 -1.043984 1.769669 -0.169544 -0.765325 -0.112347 0.610664
1305032209.910360 0.574362 -1.046156 1.762151 -0.169552 -0.767182 -0.113195 0.608170
1305032209.942364 0.576920 -1.055690 1.755111 -0.170730 -0.769936 -0.114595 0.604085
1305032209.974383 0.574167 -1.065476 1.750180 -0.172835 -0.774035 -0.113824 0.598366
1305032210.010313 0.579203 -1.067733 1.751082 -0.172023 -0.779465 -0.111713 0.591914
1305032210.042386 0.584760 -1.069170 1.748598 -0.170680 -0.785118 -0.112632 0.584612
1305032210.074363 0.585996 -1.077524 1.748160 -0.168432 -0.790829 -0.115191 0.577019
1305032210.110389 0.593407 -1.077852 1.745052 -0.166588 -0.795353 -0.117082 0.570924
1305032210.142266 0.587840 -1.090339 1.742001 -0.166807 -0.799178 -0.120228 0.564832
1305032210.174380 0.581632 -1.098131 1.741234 -0.163813 -0.802734 -0.119810 0.560739
1305032210.210412 0.590210 -1.096835 1.739901 -0.160287 -0.805524 -0.118998 0.557924
1305032210.242346 0.594120 -1.099471 1.735540 -0.159122 -0.807702 -0.122228 0.554399
1305032210.274358 0.590470 -1.107401 1.736054 -0.157261 -0.809990 -0.128791 0.550090
1305032210.310544 0.589959 -1.108416 1.733502 -0.153277 -0.812047 -0.135476 0.546564
1305032210.342506 0.600963 -1.101092 1.734301 -0.151002 -0.813158 -0.144446 0.543238
1305032210.374472 0.590409 -1.120928 1.727980 -0.152417 -0.812135 -0.158268 0.540516
1305032210.410424 0.582597 -1.135941 1.726783 -0.152038 -0.811261 -0.163749 0.540303
1305032210.442396 0.585071 -1.148431 1.721513 -0.150142 -0.811268 -0.163739 0.540824
1305032210.474511 0.586410 -1.158124 1.715776 -0.146682 -0.813366 -0.163230 0.538772
1305032210.510395 0.586724 -1.167857 1.710626 -0.141778 -0.816631 -0.162029 0.535499
1305032210.542370 0.588229 -1.174191 1.706165 -0.135349 -0.821582 -0.161532 0.529708
1305032210.574404 0.590517 -1.176867 1.706226 -0.128087 -0.826899 -0.161219 0.523297
1305032210.610379 0.593495 -1.173684 1.709213 -0.122011 -0.830208 -0.162969 0.518951
1305032210.642390 0.592195 -1.176797 1.709732 -0.119592 -0.830612 -0.166455 0.517759
1305032210.674550 0.588856 -1.182000 1.709735 -0.118426 -0.830233 -0.167183 0.518400
1305032210.710365 0.587886 -1.185539 1.710504 -0.117325 -0.829828 -0.164389 0.520189
1305032210.742415 0.587370 -1.179392 1.711517 -0.116363 -0.829744 -0.158720 0.522296
1305032210.774629 0.589426 -1.169601 1.714757 -0.118492 -0.829402 -0.154002 0.523770
1305032210.810392 0.588740 -1.158528 1.720888 -0.122101 -0.828389 -0.152507 0.524981
1305032210.842380 0.587362 -1.145564 1.727804 -0.125554 -0.825898 -0.154876 0.527392
1305032210.874505 0.580609 -1.139301 1.728135 -0.131163 -0.820704 -0.161515 0.532122
1305032210.910405 0.581513 -1.130292 1.728274 -0.136573 -0.815636 -0.166793 0.536904
1305032210.942466 0.580738 -1.121040 1.727071 -0.144827 -0.811717 -0.172875 0.538754
1305032210.974653 0.576096 -1.115397 1.724860 -0.153519 -0.808922 -0.179663 0.538330
1305032211.010371 0.573763 -1.105682 1.722975 -0.161947 -0.807213 -0.185081 0.536586
1305032211.042413 0.567955 -1.089591 1.723784 -0.170456 -0.806384 -0.189119 0.533782
1305032211.074255 0.562494 -1.080564 1.723428 -0.178532 -0.805206 -0.192303 0.531780
1305032211.110341 0.561365 -1.062484 1.723163 -0.186988 -0.803568 -0.197250 0.529534
1305032211.142597 0.563580 -1.034969 1.722471 -0.196115 -0.801590 -0.204669 0.526406
1305032211.174834 0.551289 -1.027113 1.721092 -0.204649 -0.799964 -0.211515 0.522913
1305032211.210385 0.546178 -1.024579 1.716744 -0.207068 -0.799710 -0.214428 0.521160
1305032211.242660 0.532381 -1.034644 1.721890 -0.211563 -0.800851 -0.209686 0.519529
1305032211.274512 0.523406 -1.032354 1.721341 -0.210334 -0.802559 -0.198834 0.521654
1305032211.310449 0.520628 -1.024734 1.722095 -0.206705 -0.804539 -0.180094 0.526836
1305032211.342375 0.519195 -1.020669 1.725659 -0.203212 -0.804795 -0.163417 0.533202
1305032211.374496 0.525738 -1.010842 1.726790 -0.198117 -0.802191 -0.150305 0.542815
1305032211.410472 0.531083 -1.004904 1.726933 -0.195511 -0.796592 -0.143208 0.553812
1305032211.442689 0.521274 -1.001153 1.729171 -0.193079 -0.790486 -0.134771 0.565411
1305032211.474663 0.538746 -0.999739 1.725186 -0.190217 -0.782060 -0.127124 0.579689
1305032211.510382 0.547079 -0.996024 1.722601 -0.192659 -0.775604 -0.128146 0.587282
1305032211.542531 0.528533 -0.990153 1.718377 -0.195902 -0.771681 -0.128608 0.591262
1305032211.574430 0.526398 -0.987785 1.716122 -0.196282 -0.769472 -0.127989 0.594142
1305032211.610365 0.510027 -0.982264 1.709645 -0.198413 -0.768835 -0.125512 0.594787
1305032211.642418 0.501487 -0.979318 1.707426 -0.198090 -0.769104 -0.121880 0.595302
1305032211.674547 0.496763 -0.972936 1.704878 -0.197468 -0.768829 -0.120858 0.596072
1305032211.710338 0.495448 -0.975152 1.705194 -0.198568 -0.767685 -0.123721 0.596594
1305032211.742374 0.489870 -0.981478 1.709948 -0.200471 -0.763007 -0.124928 0.601684
1305032211.774512 0.481947 -0.984889 1.710340 -0.201360 -0.753864 -0.125641 0.612664
1305032211.810377 0.469575 -0.989098 1.705595 -0.200012 -0.744278 -0.128230 0.624181
1305032211.842378 0.456685 -0.993526 1.705535 -0.194304 -0.736351 -0.134111 0.634072
1305032211.874630 0.444331 -0.997245 1.693432 -0.187094 -0.729782 -0.143053 0.641834
1305032211.910470 0.429281 -1.003594 1.685699 -0.180959 -0.729357 -0.152154 0.641982
1305032211.942539 0.417457 -1.011330 1.682237 -0.176015 -0.732149 -0.160326 0.638178
1305032211.974469 0.405240 -1.020129 1.680038 -0.173461 -0.733353 -0.167947 0.635530
1305032212.010338 0.390747 -1.032707 1.677086 -0.171658 -0.733992 -0.173735 0.633724
1305032212.042458 0.382241 -1.044149 1.679183 -0.169920 -0.734249 -0.177633 0.632813
1305032212.074506 0.371106 -1.057904 1.682402 -0.169763 -0.731032 -0.182319 0.635242
1305032212.110367 0.364669 -1.074449 1.686124 -0.168362 -0.724520 -0.185538 0.642106
1305032212.142475 0.357301 -1.089520 1.687037 -0.169604 -0.714098 -0.188433 0.652527
1305032212.174505 0.346591 -1.105709 1.689459 -0.170278 -0.702730 -0.188532 0.664553
1305032212.210480 0.359398 -1.121313 1.686537 -0.173918 -0.687897 -0.188681 0.678932
1305032212.242463 0.340188 -1.143148 1.681595 -0.181939 -0.673702 -0.191041 0.690309
1305032212.274564 0.341582 -1.153789 1.676474 -0.181301 -0.661881 -0.187100 0.702877
1305032212.310394 0.354271 -1.162495 1.672171 -0.185661 -0.650998 -0.186437 0.712020
1305032212.342472 0.328372 -1.167485 1.659046 -0.187443 -0.641357 -0.191370 0.718960
1305032212.374842 0.317835 -1.185902 1.645487 -0.183071 -0.635875 -0.189845 0.725332
1305032212.410380 0.312184 -1.191371 1.635479 -0.172788 -0.634410 -0.181288 0.731303
1305032212.442501 0.317858 -1.176172 1.626835 -0.164473 -0.632815 -0.172590 0.736687
1305032212.474527 0.313738 -1.172461 1.618304 -0.163889 -0.629305 -0.170029 0.740409
1305032212.510341 0.309652 -1.167582 1.607989 -0.162727 -0.625175 -0.168197 0.744571
1305032212.542508 0.309421 -1.153484 1.597132 -0.162670 -0.620704 -0.168855 0.748167
1305032212.574325 0.299572 -1.147439 1.584195 -0.166735 -0.615454 -0.176080 0.749941
1305032212.610254 0.287152 -1.144902 1.571579 -0.172671 -0.610334 -0.180804 0.751657
1305032212.642521 0.274957 -1.144956 1.558896 -0.174938 -0.607549 -0.180802 0.753386
1305032212.674498 0.263813 -1.141912 1.548569 -0.172984 -0.606181 -0.179172 0.755327
1305032212.710336 0.255759 -1.136578 1.538576 -0.168147 -0.603886 -0.176449 0.758890
1305032212.742847 0.258071 -1.135449 1.538778 -0.164635 -0.600535 -0.175858 0.762448
1305032212.774575 0.255869 -1.130873 1.532344 -0.164586 -0.591693 -0.177759 0.768904
1305032212.810368 0.238700 -1.124594 1.519316 -0.164921 -0.582602 -0.180329 0.775150
1305032212.842568 0.226469 -1.119171 1.505789 -0.163847 -0.575301 -0.179067 0.781101
1305032212.874508 0.216311 -1.104916 1.489535 -0.165000 -0.569781 -0.178431 0.785039
1305032212.910395 0.198999 -1.101166 1.475775 -0.166722 -0.567254 -0.181344 0.785838
1305032212.942477 0.184556 -1.105370 1.465634 -0.164665 -0.565020 -0.183247 0.787438
1305032212.974407 0.175619 -1.099763 1.450940 -0.157826 -0.561607 -0.183131 0.791298
1305032213.010380 0.166991 -1.100307 1.439875 -0.155845 -0.556835 -0.185677 0.794463
1305032213.042304 0.163385 -1.103030 1.426099 -0.157104 -0.547540 -0.186080 0.800558
1305032213.074503 0.145674 -1.101917 1.410896 -0.166867 -0.535941 -0.186492 0.806315
1305032213.110372 0.124278 -1.121244 1.398831 -0.174022 -0.529395 -0.186219 0.809185
1305032213.142510 0.121243 -1.131458 1.389515 -0.173139 -0.523976 -0.179679 0.814363
1305032213.174336 0.119567 -1.139411 1.381607 -0.178158 -0.515548 -0.172168 0.820261
1305032213.210443 0.117379 -1.140225 1.370466 -0.187812 -0.503756 -0.161676 0.827537
1305032213.242392 0.111184 -1.147863 1.364521 -0.203606 -0.491889 -0.155391 0.832132
1305032213.274444 0.112092 -1.158592 1.356973 -0.211577 -0.482353 -0.151733 0.836390
1305032213.310366 0.111482 -1.163554 1.349552 -0.219232 -0.473473 -0.149721 0.839848
1305032213.342441 0.109950 -1.169343 1.342220 -0.226349 -0.464694 -0.149794 0.842845
1305032213.374690 0.104282 -1.175821 1.334573 -0.230448 -0.458038 -0.151670 0.845039
1305032213.410420 0.101505 -1.186390 1.331215 -0.232263 -0.452434 -0.149649 0.847917
1305032213.442605 0.104700 -1.190304 1.323360 -0.230381 -0.442770 -0.143643 0.854544
1305032213.474640 0.108030 -1.190416 1.312355 -0.230368 -0.431373 -0.139101 0.861103
1305032213.510422 0.098906 -1.186881 1.302319 -0.230037 -0.423770 -0.137657 0.865189
1305032213.542388 0.095911 -1.188272 1.290812 -0.228239 -0.421141 -0.132417 0.867763
1305032213.574442 0.101672 -1.188798 1.271663 -0.228287 -0.421133 -0.125298 0.868811
1305032213.610404 0.101931 -1.187343 1.262529 -0.234531 -0.425520 -0.122030 0.865469
1305032213.642569 0.086464 -1.180509 1.262346 -0.236461 -0.432263 -0.119364 0.861967
1305032213.674418 0.089153 -1.181649 1.255868 -0.235040 -0.435702 -0.113903 0.861363
1305032213.710549 0.097450 -1.181968 1.249504 -0.236573 -0.435187 -0.111899 0.861466
1305032213.742482 0.111260 -1.177048 1.244430 -0.240442 -0.433638 -0.113102 0.861019
1305032213.774474 0.105013 -1.173519 1.240389 -0.246380 -0.429314 -0.115651 0.861168
1305032213.810376 0.102933 -1.171658 1.235945 -0.252514 -0.421171 -0.117521 0.863157
1305032213.842487 0.097817 -1.170692 1.228595 -0.259617 -0.408053 -0.119601 0.867057
1305032213.874647 0.080420 -1.164258 1.222887 -0.266446 -0.392617 -0.120889 0.871920
1305032213.910381 0.070758 -1.167630 1.216860 -0.267270 -0.380476 -0.121203 0.876992
1305032213.942423 0.066366 -1.166427 1.201493 -0.263629 -0.368186 -0.119501 0.883549
1305032213.974522 0.057572 -1.164243 1.189614 -0.264499 -0.356371 -0.117683 0.888364
1305032214.010370 0.051341 -1.165840 1.174749 -0.263573 -0.344956 -0.114318 0.893569
1305032214.042545 0.044976 -1.167106 1.159837 -0.262937 -0.335895 -0.109810 0.897764
1305032214.074286 0.041792 -1.168627 1.142786 -0.261065 -0.328093 -0.103515 0.901934
1305032214.110291 0.042019 -1.169075 1.124239 -0.261783 -0.318607 -0.097286 0.905812
1305032214.142521 0.042429 -1.169841 1.103803 -0.267937 -0.308612 -0.093499 0.907869
1305032214.174516 0.036969 -1.170899 1.089414 -0.276745 -0.301559 -0.093388 0.907608
1305032214.210391 0.032616 -1.174411 1.078570 -0.283577 -0.296638 -0.090343 0.907429
1305032214.242519 0.030764 -1.178123 1.070220 -0.286892 -0.291428 -0.083041 0.908772
1305032214.278351 0.034309 -1.182373 1.060833 -0.286117 -0.283730 -0.076115 0.912053
1305032214.310321 0.040254 -1.188683 1.048113 -0.285164 -0.270731 -0.071031 0.916701
1305032214.342473 0.044103 -1.192746 1.035778 -0.284546 -0.257607 -0.069914 0.920752
1305032214.378584 0.045478 -1.194607 1.025612 -0.285355 -0.245760 -0.070306 0.923705
1305032214.410541 0.047259 -1.197414 1.016765 -0.285882 -0.238227 -0.072204 0.925368
1305032214.442484 0.042406 -1.197883 1.015578 -0.283832 -0.237494 -0.073082 0.926118
1305032214.478559 0.051769 -1.218085 1.000639 -0.278047 -0.246824 -0.067914 0.925827
1305032214.510403 0.050128 -1.216991 1.001494 -0.264959 -0.268715 -0.060697 0.924070
1305032214.542564 0.057966 -1.214684 1.002231 -0.241204 -0.295383 -0.046123 0.923278
1305032214.578435 0.064017 -1.213788 1.000645 -0.220545 -0.318388 -0.036989 0.921206
1305032214.610410 0.070438 -1.205099 1.006328 -0.204638 -0.340845 -0.032388 0.917005
1305032214.642495 0.075885 -1.207502 1.004392 -0.190003 -0.356080 -0.029501 0.914459
1305032214.678469 0.075634 -1.183312 1.025837 -0.169843 -0.369229 -0.021977 0.913422
1305032214.710581 0.078971 -1.166650 1.035962 -0.153525 -0.377602 -0.012163 0.913071
1305032214.742491 0.116843 -1.142955 1.054188 -0.143204 -0.379982 0.004556 0.913830
1305032214.778394 0.155663 -1.146752 1.060989 -0.140757 -0.371929 0.015443 0.917397
1305032214.810517 0.177574 -1.156631 1.083901 -0.137978 -0.360406 0.024204 0.922217
1305032214.842490 0.203894 -1.170457 1.121274 -0.128629 -0.352727 0.035551 0.926161
1305032214.878427 0.218329 -1.183560 1.086789 -0.120709 -0.342886 0.042299 0.930628
1305032214.910391 0.247006 -1.168926 1.054794 -0.116362 -0.331808 0.047331 0.934945
1305032214.942427 0.342760 -1.138462 1.042622 -0.118983 -0.322689 0.050485 0.937638
1305032214.978577 0.396072 -1.053408 1.156561 -0.119148 -0.321753 0.053012 0.937800
1305032215.010342 0.383260 -1.024167 1.182107 -0.116818 -0.305744 0.054211 0.943364
1305032215.042496 0.325364 -0.984836 1.206745 -0.106512 -0.283924 0.060318 0.951002
1305032215.078529 0.299155 -0.922313 1.243588 -0.078647 -0.269731 0.074115 0.956853
1305032215.110401 0.282006 -0.888261 1.178560 -0.060195 -0.245141 0.079648 0.964333
1305032215.143205 0.288678 -0.900991 1.165972 -0.057419 -0.227422 0.086947 0.968206
1305032215.178530 0.274901 -0.930930 1.159347 -0.049441 -0.213243 0.085033 0.972035
1305032215.210486 0.280306 -0.870970 1.086063 -0.030725 -0.200723 0.082844 0.975655
1305032215.242371 0.317539 -0.849764 1.060084 -0.035054 -0.199259 0.078020 0.976207
1305032215.278366 0.318745 -0.819952 1.065154 -0.040916 -0.196585 0.071324 0.977033
1305032215.310363 0.317782 -0.843778 1.056341 -0.057674 -0.189515 0.069961 0.977683
1305032215.342417 0.318840 -0.814634 1.040909 -0.072931 -0.189128 0.074542 0.976399
1305032215.378375 0.314676 -0.808932 1.033705 -0.082338 -0.192767 0.074289 0.974958
1305032215.410425 0.314095 -0.801790 1.038858 -0.088241 -0.194823 0.079577 0.973614
1305032215.442589 0.314680 -0.784521 1.034613 -0.090555 -0.195377 0.094979 0.971909
1305032215.478270 0.347083 -0.775296 1.030493 -0.100767 -0.204399 0.099600 0.968580
1305032215.510404 0.330275 -0.794081 1.020617 -0.126757 -0.203587 0.094183 0.966237
1305032215.542417 0.349966 -0.690309 0.999568 -0.133206 -0.208907 0.092275 0.964417
1305032215.578513 0.347869 -0.693545 1.001254 -0.148206 -0.210458 0.099340 0.961184
1305032215.610382 0.326791 -0.733740 0.994502 -0.156785 -0.208308 0.115868 0.958437
1305032215.642412 0.326281 -0.739127 0.995605 -0.143450 -0.209592 0.131806 0.958186
1305032215.678572 0.329892 -0.738646 0.987872 -0.128160 -0.209626 0.148622 0.957885
1305032215.710476 0.328444 -0.740216 0.991526 -0.113580 -0.207057 0.160518 0.958364
1305032215.742411 0.329168 -0.741540 0.983173 -0.107436 -0.200797 0.170690 0.958646
1305032215.778523 0.339346 -0.737524 0.983816 -0.111105 -0.197431 0.175194 0.958115
1305032215.810503 0.336739 -0.735591 0.987986 -0.111965 -0.191203 0.174068 0.959482
1305032215.843262 0.318387 -0.738176 0.958195 -0.110741 -0.176232 0.174508 0.962406
1305032215.878582 0.317673 -0.736765 0.957661 -0.112767 -0.168898 0.177614 0.962918
1305032215.910455 0.333176 -0.745739 0.937470 -0.116168 -0.170033 0.179188 0.962021
1305032215.942442 0.340017 -0.759444 0.921931 -0.118270 -0.172424 0.185715 0.960100
1305032215.978375 0.333252 -0.761587 0.921671 -0.108322 -0.176535 0.188514 0.959981
1305032216.010466 0.329467 -0.764849 0.920067 -0.100081 -0.177081 0.190494 0.960384
1305032216.042826 0.323313 -0.772805 0.919036 -0.091613 -0.173328 0.190412 0.961929
1305032216.078460 0.320946 -0.769665 0.889337 -0.079864 -0.167786 0.196379 0.962759
1305032216.111346 0.327061 -0.778934 0.880871 -0.064757 -0.167867 0.202249 0.962664
1305032216.142501 0.349898 -0.786395 0.891339 -0.049669 -0.173261 0.206151 0.961777
1305032216.178247 0.344205 -0.798179 0.876962 -0.036948 -0.170685 0.209061 0.962183
1305032216.210278 0.354287 -0.815747 0.867336 -0.027448 -0.171151 0.211106 0.961971
1305032216.242408 0.344774 -0.786095 0.839539 -0.015698 -0.168297 0.210241 0.962927
1305032216.278313 0.334419 -0.794333 0.804525 -0.021763 -0.165818 0.208239 0.963674
1305032216.310546 0.345481 -0.778531 0.811730 -0.033170 -0.169859 0.197582 0.964888
1305032216.342396 0.338855 -0.783060 0.809129 -0.039800 -0.167265 0.188323 0.966940
1305032216.378409 0.340574 -0.756578 0.811935 -0.040931 -0.166083 0.186272 0.967494
1305032216.410545 0.349629 -0.750064 0.805936 -0.042661 -0.165385 0.188659 0.967076
1305032216.442517 0.350581 -0.757536 0.812906 -0.048735 -0.165985 0.189651 0.966492
1305032216.478345 0.352028 -0.813905 0.856995 -0.046469 -0.165446 0.194265 0.965779
1305032216.510397 0.314283 -0.804598 0.849385 -0.021215 -0.153367 0.203924 0.966666
1305032216.542470 0.312722 -0.808592 0.837835 0.008302 -0.136124 0.207087 0.968771
1305032216.578509 0.344508 -0.878232 0.845400 0.049575 -0.114973 0.220966 0.967211
1305032216.610539 -0.049086 -0.512581 0.766548 0.139358 -0.067640 0.223357 0.962349
1305032216.642490 -0.277123 -0.116921 0.899517 0.206692 -0.066375 0.188027 0.957872
1305032216.678828 -0.477396 0.302198 1.130561 0.265440 -0.061367 0.144330 0.951286
1305032216.710538 -0.463337 0.349392 1.267515 0.269402 -0.072912 0.119949 0.952743
1305032216.742550 -0.493613 0.316838 1.293974 0.270158 -0.080660 0.120331 0.951856
1305032216.778433 -0.503127 0.327726 1.251850 0.262726 -0.098645 0.127213 0.951347
1305032216.810335 -0.507495 0.359269 1.281394 0.259565 -0.123163 0.135041 0.948272
1305032216.842459 -0.465500 0.333593 1.360827 0.260982 -0.154315 0.139745 0.942628
1305032216.878386 -0.434290 0.386048 1.322656 0.265739 -0.168716 0.142657 0.938385
1305032216.910308 -0.432219 0.421194 1.343951 0.263406 -0.184814 0.138329 0.936657
1305032216.942363 -0.393646 0.387344 1.353490 0.257655 -0.203244 0.131602 0.935407
1305032216.978332 -0.347367 0.363377 1.255460 0.238828 -0.214412 0.119184 0.939566
1305032217.010429 -0.313285 0.362743 1.283048 0.232114 -0.231238 0.093402 0.940174
1305032217.042675 -0.307168 0.363339 1.266355 0.225872 -0.239408 0.071553 0.941566
1305032217.078598 -0.298589 0.386807 1.256458 0.219446 -0.248722 0.050475 0.942037
1305032217.110427 -0.281467 0.399297 1.250771 0.207345 -0.255477 0.027655 0.943915
1305032217.142525 -0.209463 0.366350 1.221746 0.182642 -0.265549 0.008947 0.946597
1305032217.178531 -0.215608 0.371549 1.232864 0.168897 -0.274391 -0.007464 0.946640
1305032217.210388 -0.185595 0.382602 1.225841 0.159737 -0.280823 -0.030544 0.945880
1305032217.242451 -0.192228 0.418259 1.252972 0.154201 -0.281601 -0.048095 0.945838
1305032217.278580 -0.182422 0.426513 1.264032 0.146826 -0.280519 -0.061678 0.946545
1305032217.310416 -0.175209 0.429511 1.261975 0.140212 -0.274266 -0.073405 0.948541
1305032217.342449 -0.162724 0.421661 1.264122 0.127798 -0.274203 -0.074167 0.950252
1305032217.378872 -0.155577 0.428303 1.269258 0.125039 -0.278957 -0.079919 0.948768
1305032217.410445 -0.153247 0.432599 1.275626 0.123851 -0.283411 -0.085077 0.947154
1305032217.442444 -0.146060 0.443684 1.276565 0.126617 -0.292418 -0.090088 0.943580
1305032217.478307 -0.121379 0.463643 1.265940 0.120450 -0.303663 -0.096083 0.940239
1305032217.511108 -0.123712 0.459863 1.274019 0.108626 -0.314774 -0.100214 0.937590
1305032217.542486 -0.102347 0.469136 1.260867 0.104201 -0.324772 -0.102036 0.934481
1305032217.578482 -0.103334 0.462513 1.263458 0.097622 -0.337466 -0.102845 0.930596
1305032217.610504 -0.082730 0.463847 1.250448 0.095878 -0.348305 -0.099467 0.927145
1305032217.642631 -0.077563 0.466766 1.251948 0.090863 -0.356932 -0.095670 0.924765
1305032217.678636 -0.073014 0.470213 1.253592 0.088115 -0.366891 -0.092377 0.921463
1305032217.711920 -0.071420 0.471743 1.258509 0.083761 -0.377408 -0.087640 0.918078
1305032217.742473 -0.067967 0.472289 1.264759 0.085335 -0.387394 -0.079275 0.914527
1305032217.778308 -0.046171 0.476307 1.266325 0.085791 -0.392815 -0.077995 0.912279
1305032217.810752 -0.043319 0.476644 1.275075 0.084675 -0.391377 -0.077504 0.913043
1305032217.842519 -0.033857 0.484929 1.282731 0.086088 -0.388448 -0.078036 0.914116
1305032217.878392 -0.027220 0.484129 1.297825 0.086499 -0.379329 -0.080920 0.917649
1305032217.910504 -0.023277 0.489905 1.290065 0.090967 -0.367084 -0.077204 0.922504
1305032217.942483 -0.024609 0.492772 1.299855 0.092722 -0.360726 -0.073843 0.925109
1305032217.978398 -0.024361 0.494930 1.298890 0.102934 -0.353954 -0.072941 0.926715
1305032218.010409 -0.027007 0.506090 1.307571 0.113472 -0.347783 -0.070874 0.927980
1305032218.042478 -0.016654 0.513938 1.296182 0.120699 -0.340609 -0.070554 0.929752
1305032218.078436 -0.019863 0.524794 1.292803 0.122622 -0.338839 -0.069893 0.930197
1305032218.110471 -0.023259 0.532520 1.294362 0.122990 -0.339169 -0.069772 0.930038
1305032218.142431 -0.029893 0.546279 1.292377 0.121035 -0.338798 -0.071383 0.930307
1305032218.178513 -0.040035 0.551690 1.291659 0.113678 -0.342554 -0.072898 0.929742
1305032218.210431 -0.043434 0.560419 1.289554 0.109344 -0.346960 -0.072297 0.928674
1305032218.242520 -0.043360 0.567739 1.285015 0.104956 -0.347311 -0.072444 0.929038
1305032218.278440 -0.048815 0.578696 1.281293 0.098996 -0.344806 -0.070496 0.930773
1305032218.310449 -0.054165 0.586033 1.278167 0.089959 -0.340698 -0.067601 0.933414
1305032218.342464 -0.061297 0.597653 1.273601 0.081967 -0.333760 -0.064401 0.936877
1305032218.378872 -0.068244 0.605368 1.265838 0.072627 -0.328328 -0.065344 0.939498
1305032218.410504 -0.076460 0.609989 1.258304 0.063236 -0.323193 -0.069073 0.941688
1305032218.442406 -0.083022 0.609735 1.249347 0.055249 -0.319837 -0.071768 0.943134
1305032218.478547 -0.090106 0.615239 1.244175 0.052118 -0.315780 -0.073740 0.944526
1305032218.510330 -0.098987 0.615954 1.238520 0.050212 -0.308341 -0.073334 0.947115
1305032218.542483 -0.104237 0.618750 1.229191 0.048757 -0.301482 -0.070315 0.949625
1305032218.578999 -0.110045 0.619541 1.220441 0.048789 -0.294079 -0.068768 0.952055
1305032218.610422 -0.116700 0.621808 1.209877 0.049308 -0.285495 -0.068027 0.954690
1305032218.642438 -0.123400 0.626432 1.193591 0.049388 -0.278442 -0.068129 0.956760
1305032218.678435 -0.129292 0.629143 1.182464 0.045963 -0.273797 -0.071314 0.958038
1305032218.710921 -0.134053 0.629192 1.178260 0.042878 -0.264874 -0.072872 0.960569
1305032218.742555 -0.138987 0.629196 1.169001 0.040747 -0.252930 -0.075479 0.963675
1305032218.778405 -0.145624 0.630468 1.161905 0.040023 -0.240668 -0.078805 0.966575
1305032218.810436 -0.155127 0.632897 1.152648 0.038243 -0.227579 -0.079299 0.969772
1305032218.842439 -0.168111 0.634851 1.149055 0.037654 -0.215129 -0.078993 0.972657
1305032218.878434 -0.179942 0.636977 1.135237 0.039742 -0.196913 -0.080316 0.976317
1305032218.911133 -0.189826 0.641398 1.122689 0.040551 -0.179628 -0.081671 0.979499
1305032218.942410 -0.207823 0.644404 1.118070 0.041963 -0.165024 -0.083032 0.981892
1305032218.978382 -0.223467 0.649226 1.108892 0.044693 -0.155972 -0.084285 0.983144
1305032219.010408 -0.254972 0.656192 1.094285 0.046827 -0.150861 -0.087593 0.983553
1305032219.043456 -0.278417 0.661663 1.089244 0.048519 -0.154263 -0.089658 0.982756
1305032219.078513 -0.300606 0.669932 1.072002 0.048981 -0.160979 -0.090124 0.981613
1305032219.110323 -0.316995 0.675732 1.062045 0.044252 -0.169939 -0.090750 0.980269
1305032219.142368 -0.333705 0.681834 1.055283 0.038495 -0.175117 -0.091547 0.979526
1305032219.178801 -0.356392 0.684371 1.058092 0.033656 -0.176329 -0.092292 0.979417
1305032219.210238 -0.380712 0.688784 1.056988 0.033160 -0.174750 -0.091779 0.979765
1305032219.242363 -0.403215 0.688433 1.062783 0.035476 -0.173802 -0.090391 0.979982
1305032219.278308 -0.421455 0.693638 1.059360 0.042487 -0.174277 -0.082527 0.980312
1305032219.310357 -0.438825 0.695311 1.060046 0.046288 -0.177169 -0.078437 0.979957
1305032219.342295 -0.456778 0.697045 1.059446 0.050789 -0.176741 -0.075173 0.980068
1305032219.378342 -0.472855 0.699524 1.057722 0.052532 -0.178342 -0.072726 0.979870
1305032219.410198 -0.496722 0.699978 1.069795 0.055803 -0.184213 -0.070920 0.978735
1305032219.442144 -0.513956 0.701006 1.077297 0.061963 -0.192066 -0.067219 0.977115
1305032219.478154 -0.530602 0.701112 1.085911 0.071744 -0.197237 -0.062399 0.975734
1305032219.510229 -0.547006 0.704590 1.095295 0.084984 -0.197079 -0.053845 0.975212
1305032219.542113 -0.561348 0.703915 1.096019 0.094574 -0.193763 -0.040479 0.975640
1305032219.578114 -0.578023 0.704193 1.103965 0.106552 -0.190605 -0.030870 0.975379
1305032219.610102 -0.594613 0.705666 1.109430 0.122512 -0.184019 -0.023111 0.974984
1305032219.642551 -0.611844 0.707378 1.115373 0.136200 -0.177321 -0.012404 0.974604
1305032219.678015 -0.626412 0.708510 1.118874 0.147552 -0.175997 -0.002046 0.973267
1305032219.710138 -0.642160 0.711430 1.120378 0.153254 -0.173760 0.006169 0.972771
1305032219.741999 -0.659116 0.709538 1.126019 0.156135 -0.171293 0.012812 0.972685
1305032219.778021 -0.674309 0.708445 1.126604 0.164327 -0.171009 0.018959 0.971284
1305032219.809962 -0.686857 0.704212 1.114472 0.157317 -0.171473 0.022412 0.972289
1305032219.842237 -0.701487 0.698931 1.118390 0.148287 -0.172383 0.021061 0.973577
1305032219.878005 -0.715403 0.690663 1.123902 0.149145 -0.169174 0.017959 0.974071
1305032219.910172 -0.725216 0.680755 1.104896 0.142401 -0.166064 0.016859 0.975633
1305032219.941819 -0.737819 0.665041 1.105331 0.129451 -0.168306 0.006884 0.977174
1305032219.977852 -0.749247 0.650532 1.110354 0.132208 -0.164172 -0.001726 0.977530
1305032220.009782 -0.757070 0.634466 1.098111 0.139906 -0.156563 -0.001388 0.977708
1305032220.041842 -0.763076 0.617599 1.083879 0.137707 -0.153565 -0.005425 0.978481
1305032220.077875 -0.768464 0.598830 1.069957 0.137262 -0.150855 -0.007762 0.978949
1305032220.109992 -0.773523 0.578772 1.053452 0.125639 -0.150228 -0.008016 0.980603
1305032220.141888 -0.778152 0.564908 1.039413 0.113210 -0.149408 -0.010401 0.982218
1305032220.177768 -0.782017 0.545128 1.024040 0.107246 -0.146197 -0.007418 0.983397
1305032220.209781 -0.786155 0.527074 1.005656 0.105802 -0.142283 -0.003987 0.984147
1305032220.242708 -0.791027 0.513260 0.984015 0.098648 -0.137248 -0.007659 0.985583
1305032220.277784 -0.794588 0.498186 0.964580 0.090563 -0.131799 -0.010724 0.987073
1305032220.309825 -0.798178 0.487385 0.942622 0.080356 -0.125292 -0.010666 0.988803
1305032220.341657 -0.801384 0.475397 0.925176 0.063068 -0.120277 -0.006260 0.990715
1305032220.377717 -0.803971 0.459940 0.908292 0.048394 -0.119015 0.007572 0.991683
1305032220.409781 -0.807038 0.449519 0.889337 0.034985 -0.119863 0.018656 0.991998
1305032220.441627 -0.806871 0.434303 0.874654 0.022386 -0.122622 0.029545 0.991761
1305032220.477671 -0.806871 0.425893 0.855912 0.018766 -0.123524 0.037437 0.991458
1305032220.509642 -0.801311 0.421647 0.841423 0.013293 -0.119037 0.039214 0.992026
1305032220.541561 -0.795660 0.411746 0.820071 0.005042 -0.107384 0.040104 0.993396
1305032220.577583 -0.791612 0.403136 0.812420 -0.000448 -0.093147 0.036626 0.994978
1305032220.609511 -0.786286 0.385433 0.804845 -0.000059 -0.075474 0.031957 0.996636
1305032220.641500 -0.784004 0.380272 0.784156 0.010658 -0.056342 0.022639 0.998098
1305032220.677658 -0.783169 0.372506 0.769914 0.021106 -0.037076 0.013147 0.999003
1305032220.709566 -0.781633 0.369399 0.747498 0.036819 -0.017914 0.002314 0.999159
1305032220.741431 -0.780185 0.367904 0.718214 0.046668 -0.001205 -0.007658 0.998880
1305032220.777513 -0.781109 0.366406 0.703436 0.052375 0.011553 -0.014266 0.998459
1305032220.809530 -0.783210 0.365667 0.690421 0.059012 0.021610 -0.017344 0.997873
1305032220.841419 -0.790196 0.368105 0.674278 0.063462 0.028770 -0.017628 0.997414
1305032220.877435 -0.795059 0.369287 0.666896 0.067883 0.031287 -0.016009 0.997074
1305032220.909410 -0.800962 0.373676 0.650283 0.075911 0.029601 -0.012528 0.996596
1305032220.941362 -0.804824 0.381165 0.640661 0.079264 0.021509 -0.010779 0.996563
1305032220.977417 -0.809262 0.386521 0.638862 0.079457 0.014008 -0.006702 0.996717
1305032221.009393 -0.812595 0.396245 0.625302 0.081490 0.006412 0.000641 0.996653
1305032221.041393 -0.816562 0.409910 0.612206 0.078190 -0.001587 0.006918 0.996913
1305032221.077609 -0.820149 0.418173 0.611627 0.071904 -0.009256 0.009868 0.997320
1305032221.109239 -0.825324 0.430046 0.610684 0.068044 -0.016405 0.008343 0.997513
1305032221.141672 -0.831852 0.443527 0.612111 0.063268 -0.024365 0.002734 0.997695
1305032221.177441 -0.834506 0.449593 0.622322 0.057627 -0.033952 -0.004583 0.997750
1305032221.209191 -0.836455 0.453914 0.631089 0.058545 -0.043707 -0.006797 0.997304
1305032221.241213 -0.846057 0.477709 0.627026 0.062928 -0.051421 -0.014882 0.996581
1305032221.277377 -0.842316 0.477119 0.641443 0.062038 -0.057016 -0.014828 0.996334
1305032221.309217 -0.850811 0.498088 0.639472 0.072209 -0.055471 -0.015585 0.995724
1305032221.341226 -0.851937 0.518527 0.634573 0.071684 -0.056221 -0.015345 0.995723
1305032221.377292 -0.856148 0.518690 0.645138 0.069246 -0.054463 -0.013012 0.996027
1305032221.409359 -0.860678 0.535577 0.649386 0.076025 -0.055334 -0.009066 0.995528
1305032221.441142 -0.863255 0.553068 0.655124 0.076792 -0.057353 -0.005167 0.995383
1305032221.477098 -0.865337 0.558203 0.664262 0.077477 -0.057198 0.005086 0.995339
1305032221.509051 -0.866106 0.580575 0.666319 0.080857 -0.059662 0.020043 0.994737
1305032221.541070 -0.863164 0.594121 0.675254 0.076650 -0.061877 0.031382 0.994641
1305032221.577234 -0.862759 0.611812 0.679380 0.075303 -0.061199 0.044891 0.994268
1305032221.609021 -0.859427 0.634850 0.689844 0.062640 -0.063674 0.058544 0.994281
1305032221.641007 -0.855702 0.635872 0.703626 0.049026 -0.060494 0.065568 0.994805
1305032221.677259 -0.855017 0.666184 0.701165 0.039644 -0.055797 0.075235 0.994814
1305032221.708958 -0.850576 0.672082 0.710117 0.016931 -0.051134 0.082600 0.995126
1305032221.740991 -0.848342 0.672247 0.719989 0.004905 -0.043888 0.088326 0.995112
1305032221.776969 -0.845450 0.672536 0.716224 -0.001958 -0.040695 0.096636 0.994486
1305032221.808938 -0.843598 0.656800 0.713316 -0.006713 -0.038425 0.100747 0.994147
1305032221.840977 -0.844133 0.659799 0.710962 0.005884 -0.041515 0.098270 0.994276
1305032221.876866 -0.838121 0.662336 0.712867 0.013728 -0.047282 0.094749 0.994283
1305032221.908984 -0.833301 0.665672 0.730463 0.021650 -0.045875 0.087118 0.994906
1305032221.940777 -0.832189 0.667254 0.726128 0.026622 -0.039152 0.079083 0.995743
1305032221.976852 -0.831701 0.669408 0.726134 0.031740 -0.030270 0.067563 0.996750
1305032222.008934 -0.831494 0.671684 0.719764 0.035377 -0.021637 0.058231 0.997441
1305032222.040837 -0.833065 0.671430 0.714834 0.032394 -0.018272 0.052614 0.997922
1305032222.076807 -0.831365 0.674507 0.720219 0.032120 -0.020207 0.043611 0.998328
1305032222.108887 -0.832262 0.681238 0.712536 0.032324 -0.023197 0.037013 0.998522
1305032222.140791 -0.835930 0.676782 0.718850 0.026251 -0.025576 0.034595 0.998729
1305032222.176831 -0.836940 0.681476 0.725395 0.026425 -0.025528 0.030084 0.998872
1305032222.208761 -0.837219 0.682838 0.726618 0.026768 -0.024734 0.027854 0.998947
1305032222.240669 -0.836875 0.682275 0.729073 0.027540 -0.026131 0.024810 0.998971
1305032222.276922 -0.837634 0.682925 0.730209 0.030215 -0.028961 0.020137 0.998921
1305032222.308680 -0.838257 0.683999 0.732714 0.033277 -0.030947 0.016400 0.998832
1305032222.340691 -0.837206 0.683610 0.738050 0.037053 -0.031393 0.013810 0.998725
1305032222.376652 -0.836626 0.684862 0.738461 0.041916 -0.031181 0.011018 0.998574
1305032222.408633 -0.835968 0.685699 0.740337 0.045453 -0.031350 0.008120 0.998441
1305032222.440657 -0.835504 0.685066 0.745220 0.049424 -0.031852 0.007435 0.998242
1305032222.476618 -0.835553 0.688403 0.746635 0.054492 -0.032893 0.004515 0.997962
1305032222.508598 -0.836234 0.691948 0.745545 0.057544 -0.035535 0.001151 0.997710
1305032222.540555 -0.836621 0.694705 0.752175 0.059606 -0.038535 -0.003193 0.997473
1305032222.576489 -0.837654 0.696899 0.762399 0.065813 -0.040860 -0.007205 0.996969
1305032222.608590 -0.838192 0.702901 0.762364 0.073646 -0.044605 -0.008127 0.996253
1305032222.640491 -0.838486 0.707419 0.767525 0.076845 -0.048653 -0.010735 0.995797
1305032222.676463 -0.838672 0.710371 0.776770 0.084299 -0.051046 -0.013157 0.995045
1305032222.708468 -0.838449 0.717047 0.775562 0.090385 -0.050826 -0.014371 0.994505
1305032222.740571 -0.838555 0.721684 0.776697 0.089208 -0.049878 -0.014658 0.994655
1305032222.776432 -0.837215 0.729102 0.787265 0.091221 -0.050424 -0.015123 0.994438
1305032222.808763 -0.837976 0.735257 0.796508 0.090290 -0.050245 -0.017085 0.994500
1305032222.840672 -0.837472 0.738525 0.804197 0.091291 -0.050459 -0.015143 0.994430
1305032222.876359 -0.836669 0.744751 0.805077 0.090504 -0.050784 -0.012267 0.994525
1305032222.908362 -0.836477 0.748158 0.812315 0.087763 -0.050381 -0.008777 0.994828
1305032222.940478 -0.836496 0.750440 0.818280 0.084881 -0.049082 -0.003543 0.995175
1305032222.976682 -0.836736 0.752647 0.822892 0.082402 -0.047800 0.000823 0.995452
1305032223.008336 -0.837081 0.753075 0.828297 0.079512 -0.046490 0.004720 0.995738
1305032223.040855 -0.837663 0.754301 0.828509 0.075387 -0.045373 0.008144 0.996088
1305032223.076292 -0.838791 0.752387 0.835333 0.069543 -0.044404 0.008278 0.996556
1305032223.108252 -0.840961 0.748086 0.841120 0.069991 -0.042132 0.007633 0.996628
1305032223.140804 -0.843798 0.745942 0.842033 0.073045 -0.040015 0.006651 0.996503
1305032223.176229 -0.847306 0.739970 0.845010 0.077593 -0.037970 0.004381 0.996252
1305032223.208389 -0.852490 0.735631 0.843622 0.086756 -0.034386 0.002394 0.995633
1305032223.240556 -0.858603 0.730866 0.844261 0.094614 -0.031038 0.002264 0.995027
1305032223.276184 -0.865517 0.725146 0.846667 0.105631 -0.027890 0.002698 0.994011
1305032223.308214 -0.872709 0.719412 0.845328 0.120098 -0.022743 0.006178 0.992482
1305032223.341213 -0.878735 0.719615 0.844189 0.129352 -0.013476 0.012941 0.991423
1305032223.376162 -0.886776 0.716570 0.840233 0.123355 -0.001898 0.026648 0.992003
1305032223.408069 -0.895537 0.703273 0.859275 0.121999 0.012909 0.051681 0.991100
1305032223.441503 -0.907242 0.698755 0.855624 0.131937 0.030127 0.080846 0.987496
1305032223.476139 -0.917891 0.693304 0.849681 0.129529 0.037528 0.104927 0.985294
1305032223.508047 -0.932812 0.682864 0.856361 0.121211 0.037839 0.127046 0.983735
1305032223.541151 -0.945942 0.670958 0.868428 0.118753 0.034433 0.147806 0.981257
1305032223.576028 -0.958638 0.663481 0.865383 0.120605 0.031939 0.167852 0.977885
1305032223.608003 -0.971047 0.652666 0.865720 0.121085 0.028078 0.180892 0.975617
1305032223.643962 -0.982959 0.638804 0.870739 0.123234 0.023230 0.184142 0.974867
1305032223.675961 -0.995388 0.625905 0.876650 0.126320 0.020962 0.183621 0.974622
1305032223.708230 -1.008533 0.612924 0.877408 0.129933 0.022610 0.180863 0.974625
1305032223.743870 -1.020567 0.600108 0.877343 0.132167 0.025398 0.177877 0.974806
1305032223.775998 -1.031241 0.586632 0.875594 0.134323 0.027867 0.173676 0.975201
1305032223.807964 -1.039864 0.573072 0.872915 0.136759 0.028645 0.166062 0.976166
1305032223.843920 -1.046688 0.557915 0.871422 0.139475 0.028481 0.158819 0.976991
1305032223.875890 -1.053585 0.544061 0.864646 0.141496 0.027757 0.153039 0.977644
1305032223.907878 -1.058233 0.528762 0.866822 0.133715 0.028240 0.146792 0.979681
1305032223.943696 -1.059718 0.512625 0.870565 0.123018 0.033612 0.140425 0.981844
1305032223.975814 -1.064916 0.497381 0.865725 0.116366 0.039597 0.135188 0.983166
1305032224.007829 -1.067594 0.481051 0.865118 0.113286 0.040822 0.121837 0.985219
1305032224.043682 -1.069022 0.465184 0.866253 0.113138 0.043374 0.105098 0.987053
1305032224.075839 -1.062695 0.455112 0.861296 0.110629 0.051863 0.091979 0.988236
1305032224.107823 -1.069560 0.440823 0.851070 0.099207 0.073501 0.086134 0.988603
1305032224.143813 -1.069673 0.419699 0.875852 0.097564 0.087769 0.079949 0.988122
1305032224.175843 -1.077213 0.405187 0.870916 0.107111 0.087648 0.081221 0.987040
1305032224.207959 -1.072672 0.389189 0.874025 0.120386 0.075257 0.078642 0.986742
1305032224.243786 -1.070838 0.375237 0.878282 0.125359 0.066638 0.085614 0.986162
1305032224.275737 -1.070197 0.355434 0.881857 0.136613 0.059885 0.093734 0.984360
1305032224.308911 -1.069256 0.338850 0.877144 0.155347 0.052216 0.101508 0.981243
1305032224.343803 -1.069051 0.320814 0.874284 0.171954 0.043784 0.107763 0.978214
1305032224.375822 -1.070192 0.313112 0.878334 0.179923 0.039904 0.111526 0.976523
1305032224.408378 -1.067951 0.304000 0.885422 0.177855 0.040084 0.120693 0.975804
1305032224.443748 -1.061781 0.306795 0.885779 0.172046 0.044384 0.129440 0.975539
1305032224.475794 -1.058605 0.300686 0.846053 0.154269 0.054733 0.133728 0.977406
1305032224.509196 -1.042173 0.276769 0.831601 0.136815 0.069166 0.138016 0.978493
1305032224.543818 -1.022227 0.264172 0.844138 0.131594 0.091296 0.136688 0.977581
1305032224.575784 -1.028560 0.242480 0.842579 0.131190 0.124884 0.130620 0.974747
1305032224.609280 -1.038664 0.226469 0.849020 0.141234 0.148461 0.123762 0.970925
1305032224.643591 -1.045299 0.234324 0.813282 0.164023 0.159563 0.116609 0.966457
1305032224.675770 -1.047989 0.220976 0.809758 0.175294 0.168111 0.103328 0.964538
1305032224.708117 -1.052966 0.201378 0.802369 0.186709 0.177550 0.090536 0.961987
1305032224.743670 -1.066802 0.170586 0.792004 0.202088 0.192114 0.078875 0.957095
1305032224.775834 -1.120300 0.169674 0.763527 0.214101 0.212864 0.072032 0.950611
1305032224.809208 -1.125660 0.127935 0.751130 0.219790 0.232817 0.072276 0.944598
1305032224.843828 -1.176860 0.123850 0.751866 0.233203 0.260642 0.074268 0.933898
1305032224.875739 -1.218653 0.127099 0.790606 0.244626 0.284860 0.083836 0.923030
1305032224.909028 -1.229520 0.136783 0.828827 0.266298 0.296953 0.090436 0.912538
1305032224.943738 -1.245402 0.158287 0.853045 0.284542 0.304407 0.097608 0.903795
1305032224.975735 -1.251828 0.165935 0.859189 0.290556 0.303869 0.111503 0.900449
1305032225.009043 -1.271012 0.208910 0.892803 0.292854 0.308320 0.119956 0.897099
1305032225.043737 -1.307001 0.126204 0.917558 0.284310 0.320527 0.135275 0.893382
1305032225.076137 -1.321774 0.116722 0.922764 0.287966 0.322694 0.144250 0.890020
1305032225.109016 -1.329752 0.147588 0.935465 0.285745 0.323127 0.149808 0.889661
1305032225.143748 -1.330330 0.128988 0.927072 0.277349 0.319551 0.155949 0.892550
1305032225.175773 -1.340022 0.115434 0.936710 0.270272 0.320254 0.152358 0.895085
1305032225.209266 -1.348582 0.115130 0.940916 0.260171 0.322826 0.154193 0.896838
1305032225.243773 -1.354866 0.121350 0.946412 0.244636 0.321760 0.166578 0.899375
1305032225.275774 -1.360545 0.155593 0.959196 0.238622 0.315006 0.177213 0.901347
1305032225.307935 -1.363692 0.173281 0.963125 0.225381 0.303768 0.188069 0.906399
1305032225.343745 -1.354957 0.181103 0.944872 0.203506 0.289383 0.197812 0.914173
1305032225.377337 -1.335754 0.195511 0.938113 0.178122 0.278848 0.200736 0.922074
1305032225.408534 -1.341497 0.221661 0.955757 0.157397 0.275376 0.203354 0.926305
1305032225.443728 -1.346305 0.245409 0.975818 0.132604 0.276536 0.203216 0.929864
1305032225.475734 -1.350771 0.252894 0.988120 0.103648 0.283122 0.202244 0.931770
1305032225.508251 -1.357819 0.271156 0.999492 0.082755 0.288480 0.204356 0.931756
1305032225.543854 -1.363991 0.292011 1.011639 0.060763 0.289601 0.203392 0.933312
1305032225.575700 -1.369859 0.315468 1.023651 0.040722 0.288171 0.201045 0.935350
1305032225.608266 -1.373187 0.335047 1.038792 0.015642 0.283996 0.196143 0.938418
1305032225.643795 -1.371117 0.345741 1.050836 -0.011762 0.280212 0.191256 0.940619
1305032225.675786 -1.369181 0.359313 1.064427 -0.035909 0.279549 0.187511 0.940958
1305032225.708999 -1.368632 0.374598 1.076244 -0.054886 0.280435 0.190443 0.939188
1305032225.743720 -1.365631 0.384530 1.085322 -0.073612 0.280663 0.194188 0.937070
1305032225.776307 -1.363584 0.398591 1.092203 -0.091112 0.281704 0.196155 0.934807
1305032225.808841 -1.363552 0.415129 1.098648 -0.103903 0.281732 0.203099 0.931977
1305032225.843676 -1.360833 0.426606 1.108379 -0.109725 0.278535 0.209882 0.930768
1305032225.875686 -1.353609 0.423026 1.111048 -0.113091 0.276027 0.209846 0.931120
1305032225.908879 -1.344731 0.421838 1.115228 -0.112811 0.274951 0.213917 0.930546
1305032225.943708 -1.334089 0.430789 1.125820 -0.108092 0.277337 0.220404 0.928882
1305032225.976297 -1.326625 0.431181 1.128743 -0.105239 0.280577 0.228480 0.926282
1305032226.008103 -1.320755 0.430636 1.126233 -0.100134 0.281297 0.234002 0.925250
1305032226.043698 -1.312754 0.430391 1.121959 -0.097243 0.281264 0.236569 0.924916
1305032226.076757 -1.305335 0.428957 1.122510 -0.094151 0.285000 0.239456 0.923348
1305032226.108986 -1.298605 0.428126 1.118996 -0.090131 0.288733 0.239265 0.922639
1305032226.143714 -1.291980 0.428296 1.120897 -0.082127 0.294372 0.241206 0.921097
1305032226.175645 -1.285227 0.427665 1.120248 -0.069617 0.298478 0.245497 0.919671
1305032226.208429 -1.277875 0.424889 1.123466 -0.056621 0.302051 0.245045 0.919517
1305032226.243687 -1.282402 0.429917 1.122965 -0.036965 0.309254 0.247010 0.917595
1305032226.276693 -1.263424 0.422913 1.118807 -0.025335 0.306238 0.237974 0.921382
1305032226.308666 -1.264653 0.419189 1.111476 -0.009147 0.312374 0.236650 0.919965
1305032226.343669 -1.253599 0.426076 1.110184 0.009414 0.318198 0.238858 0.917392
1305032226.376429 -1.236353 0.419338 1.118322 0.014085 0.320217 0.238654 0.916682
1305032226.409019 -1.240789 0.425373 1.135162 0.028365 0.323569 0.233776 0.916432
1305032226.443656 -1.215026 0.429421 1.134096 0.045023 0.321002 0.226772 0.918425
1305032226.476691 -1.208476 0.423226 1.135011 0.056245 0.323133 0.216246 0.919597
1305032226.508787 -1.206998 0.426565 1.141503 0.058527 0.323070 0.214622 0.919857
1305032226.543646 -1.199876 0.429505 1.142928 0.062956 0.321923 0.220195 0.918649
1305032226.576406 -1.186379 0.446541 1.149314 0.073706 0.317985 0.230593 0.916668
1305032226.607823 -1.175154 0.453899 1.153686 0.067957 0.310999 0.244315 0.915954
1305032226.643805 -1.156098 0.446877 1.140375 0.061405 0.317407 0.251301 0.912321
1305032226.676733 -1.148915 0.452256 1.135909 0.075450 0.338554 0.250913 0.903732
1305032226.707954 -1.166811 0.464668 1.124018 0.074300 0.356319 0.242533 0.899274
1305032226.743773 -1.142571 0.460498 1.130932 0.066970 0.365814 0.230437 0.899219
1305032226.775629 -1.162495 0.451422 1.121470 0.070226 0.379606 0.208366 0.898638
1305032226.808383 -1.153412 0.452733 1.117388 0.070042 0.384153 0.193933 0.899950
1305032226.843947 -1.154299 0.449862 1.125532 0.076065 0.383838 0.182786 0.901927
1305032226.875707 -1.163183 0.468690 1.128089 0.079592 0.379409 0.180906 0.903874
1305032226.908144 -1.162146 0.467196 1.123819 0.077745 0.367863 0.197268 0.905383
1305032226.943730 -1.159305 0.467634 1.117332 0.081467 0.350910 0.216633 0.907356
1305032226.975611 -1.158192 0.453369 1.121428 0.086745 0.331571 0.240949 0.908008
1305032227.007936 -1.156938 0.462985 1.107741 0.111185 0.307789 0.261126 0.908139
1305032227.044594 -1.149931 0.458303 1.074963 0.125058 0.292276 0.268757 0.909233
1305032227.075600 -1.143734 0.456574 1.063863 0.141736 0.299114 0.253276 0.909007
1305032227.107680 -1.148833 0.461319 1.061117 0.147062 0.316893 0.238029 0.906253
1305032227.143906 -1.159035 0.461629 1.053786 0.141244 0.337819 0.223168 0.903396
1305032227.175834 -1.172150 0.454942 1.055765 0.139595 0.350610 0.215671 0.900595
1305032227.207793 -1.177517 0.445898 1.050428 0.146374 0.353338 0.208976 0.900031
1305032227.243619 -1.187809 0.448347 1.049403 0.157453 0.354156 0.212202 0.897080
1305032227.275640 -1.190771 0.445279 1.040878 0.164347 0.351357 0.223694 0.894147
1305032227.307649 -1.193581 0.447996 1.032091 0.169112 0.354212 0.228834 0.890825
1305032227.343627 -1.199186 0.450231 1.016753 0.169550 0.361995 0.227877 0.887854
1305032227.375648 -1.209548 0.452390 1.008500 0.163211 0.372671 0.221022 0.886356
1305032227.407676 -1.217745 0.452927 1.007932 0.158872 0.383079 0.209937 0.885402
1305032227.444493 -1.228565 0.457477 0.996898 0.155112 0.390288 0.195110 0.886311
1305032227.475540 -1.265933 0.473734 0.989834 0.150047 0.399233 0.184059 0.885563
1305032227.507685 -1.271224 0.475985 0.988474 0.136097 0.410920 0.192978 0.880557
1305032227.543608 -1.271801 0.479242 0.993134 0.135164 0.425281 0.203459 0.871476
1305032227.576260 -1.296671 0.498479 0.991633 0.138272 0.434982 0.223381 0.861262
1305032227.608422 -1.282130 0.506500 1.004956 0.133605 0.441970 0.244441 0.852679
1305032227.643986 -1.312971 0.503053 1.006268 0.137012 0.457122 0.258486 0.839912
1305032227.675702 -1.340755 0.509310 0.993242 0.132361 0.460302 0.272281 0.834545
