# timestamp tx ty tz qx qy qz qw
1311868164.363181 0.000000 0.000000 0.000000 0.000000 0.000000 0.000000 1.000000
1311868164.399026 -0.001135 0.001856 -0.002124 -0.001731 -0.000795 -0.001334 0.999997
1311868164.430940 0.000318 0.003229 -0.004822 -0.003862 -0.003531 -0.002813 0.999982
1311868164.463055 0.004790 0.004710 -0.008061 -0.005981 -0.005024 -0.005387 0.999955
1311868164.499130 0.008406 0.004420 -0.010194 -0.008065 -0.003758 -0.008273 0.999926
1311868164.531025 0.011381 0.003911 -0.012631 -0.008737 -0.000925 -0.010391 0.999907
1311868164.563004 0.012546 0.003366 -0.015282 -0.008491 0.001689 -0.011975 0.999891
1311868164.599061 0.014965 0.002303 -0.018345 -0.007496 0.002576 -0.013798 0.999873
1311868164.631140 0.018241 0.002597 -0.021807 -0.005561 0.003182 -0.014758 0.999871
1311868164.663105 0.020489 0.004990 -0.025004 -0.003921 0.002530 -0.015262 0.999873
1311868164.698987 0.025377 0.005600 -0.028813 -0.003898 0.000205 -0.014995 0.999880
1311868164.731046 0.031250 0.001724 -0.030628 -0.004706 -0.002012 -0.014018 0.999889
1311868164.763098 0.038228 0.000785 -0.033611 -0.002610 -0.004274 -0.013362 0.999898
1311868164.799138 0.045465 -0.002049 -0.036133 -0.000938 -0.005505 -0.013444 0.999894
1311868164.831006 0.053180 -0.002950 -0.037733 0.002936 -0.006052 -0.013936 0.999880
1311868164.863058 0.062043 -0.002806 -0.039993 0.006191 -0.005688 -0.014955 0.999853
1311868164.899132 0.070039 -0.003664 -0.041563 0.009543 -0.004557 -0.015509 0.999824
1311868164.930933 0.077097 0.001033 -0.044459 0.013534 -0.003751 -0.017317 0.999751
1311868164.963119 0.084280 0.007255 -0.046714 0.014695 -0.003902 -0.019613 0.999692
1311868164.999037 0.091694 0.005244 -0.046535 0.012113 -0.006223 -0.019859 0.999710
1311868165.031122 0.101403 0.003830 -0.047998 0.011688 -0.010458 -0.019238 0.999692
1311868165.063108 0.112756 0.005082 -0.050604 0.011882 -0.015246 -0.020754 0.999598
1311868165.099162 0.126307 0.002679 -0.052399 0.010772 -0.019791 -0.023676 0.999466
1311868165.131014 0.137592 0.000198 -0.054792 0.012213 -0.022870 -0.025445 0.999340
1311868165.163146 0.150133 0.003417 -0.057603 0.015226 -0.026078 -0.028074 0.999150
1311868165.199145 0.162682 0.007688 -0.060570 0.017181 -0.028817 -0.030892 0.998960
1311868165.231193 0.174692 0.012069 -0.062719 0.017492 -0.030646 -0.032484 0.998849
1311868165.263005 0.185244 0.016407 -0.063403 0.016853 -0.033573 -0.033595 0.998729
1311868165.299103 0.197128 0.022850 -0.063953 0.015578 -0.038511 -0.034934 0.998526
1311868165.331226 0.209529 0.024547 -0.064705 0.012090 -0.043991 -0.036137 0.998305
1311868165.363060 0.222667 0.022602 -0.065360 0.009757 -0.048433 -0.036664 0.998106
1311868165.399160 0.234475 0.027280 -0.067007 0.010427 -0.050976 -0.037906 0.997926
1311868165.430962 0.245204 0.034595 -0.067847 0.010168 -0.052521 -0.038506 0.997825
1311868165.463114 0.255284 0.041175 -0.067248 0.006785 -0.054036 -0.036543 0.997847
1311868165.499179 0.263426 0.041854 -0.067607 0.001553 -0.056374 -0.033927 0.997832
1311868165.531124 0.273108 0.042000 -0.068484 -0.003290 -0.058687 -0.032366 0.997746
1311868165.563054 0.282034 0.040896 -0.069831 -0.006750 -0.059580 -0.031168 0.997714
1311868165.599188 0.289225 0.037185 -0.072125 -0.008664 -0.059703 -0.031884 0.997669
1311868165.631159 0.296426 0.039738 -0.074567 -0.006814 -0.059386 -0.033820 0.997639
1311868165.663251 0.303683 0.040754 -0.077086 -0.005808 -0.057893 -0.034946 0.997694
1311868165.699187 0.307660 0.042167 -0.081041 -0.003993 -0.055292 -0.035604 0.997827
1311868165.731234 0.311080 0.045437 -0.086114 -0.002198 -0.053365 -0.036735 0.997897
1311868165.763100 0.315185 0.049850 -0.091404 -0.001934 -0.050957 -0.036612 0.998028
1311868165.799107 0.317619 0.051987 -0.096090 -0.003677 -0.047665 -0.035193 0.998236
1311868165.831186 0.319402 0.054494 -0.101485 -0.005525 -0.045214 -0.034538 0.998365
1311868165.863220 0.322291 0.056709 -0.106875 -0.008026 -0.042690 -0.035260 0.998434
1311868165.899162 0.324068 0.055821 -0.111882 -0.010472 -0.039185 -0.035642 0.998541
1311868165.931154 0.325133 0.056145 -0.117354 -0.010595 -0.035419 -0.034700 0.998714
1311868165.963154 0.324336 0.060619 -0.123607 -0.009251 -0.031544 -0.033980 0.998882
1311868165.999133 0.324215 0.066799 -0.129987 -0.009377 -0.028643 -0.033075 0.998998
1311868166.031204 0.324745 0.070691 -0.135724 -0.010943 -0.025320 -0.029920 0.999172
1311868166.063111 0.323580 0.079026 -0.141656 -0.012638 -0.021912 -0.025921 0.999344
1311868166.099206 0.321123 0.082947 -0.147209 -0.017101 -0.019413 -0.025273 0.999346
1311868166.131254 0.318477 0.085407 -0.153538 -0.019786 -0.017846 -0.025992 0.999307
1311868166.163189 0.318343 0.092699 -0.160547 -0.021637 -0.017271 -0.026595 0.999263
1311868166.199211 0.318579 0.098728 -0.166404 -0.025318 -0.015546 -0.027368 0.999184
1311868166.231050 0.318182 0.105200 -0.171415 -0.028264 -0.013387 -0.026574 0.999158
1311868166.263177 0.319390 0.112544 -0.176938 -0.031530 -0.011151 -0.025081 0.999126
1311868166.299209 0.320523 0.119937 -0.181371 -0.035673 -0.008198 -0.021665 0.999095
1311868166.331189 0.320662 0.128191 -0.184881 -0.040155 -0.005959 -0.019264 0.998990
1311868166.363122 0.320709 0.133611 -0.188060 -0.044743 -0.005557 -0.019738 0.998788
1311868166.399232 0.323450 0.134475 -0.194104 -0.049187 -0.005554 -0.020803 0.998557
1311868166.431171 0.326701 0.138973 -0.198976 -0.050737 -0.004523 -0.022223 0.998455
1311868166.463018 0.330926 0.140742 -0.204048 -0.052830 -0.002018 -0.023375 0.998328
1311868166.499195 0.334130 0.143284 -0.207920 -0.053321 0.001498 -0.023195 0.998307
1311868166.531252 0.336970 0.145985 -0.210982 -0.053758 0.003505 -0.023573 0.998270
1311868166.563132 0.340773 0.146154 -0.214520 -0.053641 0.004087 -0.024683 0.998247
1311868166.599207 0.345337 0.149062 -0.218165 -0.052514 0.003922 -0.024635 0.998309
1311868166.631287 0.349836 0.149831 -0.221508 -0.052228 0.003256 -0.024573 0.998327
1311868166.663284 0.355353 0.150151 -0.224923 -0.051825 0.002499 -0.023713 0.998371
1311868166.699270 0.361204 0.150331 -0.227912 -0.051062 0.001958 -0.022148 0.998448
1311868166.731105 0.367101 0.150357 -0.230393 -0.050096 0.001293 -0.021021 0.998522
1311868166.763333 0.373370 0.150970 -0.232289 -0.048539 -0.000084 -0.020537 0.998610
1311868166.799225 0.381159 0.151163 -0.234743 -0.047257 -0.002190 -0.020829 0.998663
1311868166.831229 0.389512 0.151425 -0.236534 -0.045730 -0.004563 -0.021240 0.998718
1311868166.863222 0.398917 0.152294 -0.238093 -0.044327 -0.007570 -0.022787 0.998728
1311868166.899308 0.409455 0.150719 -0.239808 -0.043508 -0.010887 -0.024924 0.998683
1311868166.931160 0.420656 0.150469 -0.241040 -0.041841 -0.013342 -0.027236 0.998664
1311868166.963312 0.432279 0.150434 -0.240991 -0.040047 -0.015859 -0.029984 0.998622
1311868166.999289 0.443939 0.152253 -0.240605 -0.037940 -0.018969 -0.032946 0.998557
1311868167.031127 0.455505 0.153931 -0.240484 -0.037210 -0.023192 -0.036458 0.998373
1311868167.063209 0.468503 0.153153 -0.240321 -0.037460 -0.028078 -0.039756 0.998112
1311868167.099303 0.481657 0.152558 -0.240443 -0.037537 -0.032682 -0.041876 0.997882
1311868167.131299 0.494384 0.151736 -0.239785 -0.037788 -0.037131 -0.044118 0.997621
1311868167.163230 0.506791 0.150624 -0.238616 -0.037536 -0.041782 -0.046972 0.997316
1311868167.199258 0.518803 0.148658 -0.238206 -0.036268 -0.046624 -0.049788 0.997012
1311868167.231267 0.530768 0.149024 -0.238767 -0.034255 -0.052178 -0.052798 0.996653
1311868167.263251 0.542738 0.147979 -0.239422 -0.033346 -0.057459 -0.056067 0.996214
1311868167.299141 0.555601 0.146174 -0.239721 -0.032361 -0.061605 -0.058856 0.995838
1311868167.331145 0.566797 0.147454 -0.239505 -0.031295 -0.064247 -0.060816 0.995587
1311868167.363275 0.576862 0.146812 -0.239206 -0.031536 -0.066306 -0.062844 0.995319
1311868167.399226 0.586415 0.146876 -0.238392 -0.031761 -0.067970 -0.063687 0.995146
1311868167.431237 0.595077 0.146942 -0.236875 -0.032391 -0.070346 -0.063358 0.994981
1311868167.463303 0.603129 0.146760 -0.236110 -0.032707 -0.073169 -0.062807 0.994802
1311868167.499121 0.610879 0.145497 -0.235114 -0.033014 -0.076064 -0.063326 0.994542
1311868167.531321 0.619161 0.143626 -0.235831 -0.032377 -0.078373 -0.064875 0.994284
1311868167.563160 0.626769 0.142954 -0.236180 -0.031830 -0.079339 -0.065433 0.994188
1311868167.599230 0.632741 0.143434 -0.235222 -0.031589 -0.080053 -0.065314 0.994147
1311868167.631495 0.638367 0.142865 -0.233433 -0.031786 -0.081283 -0.065348 0.994038
1311868167.663360 0.643352 0.142891 -0.232592 -0.031896 -0.082691 -0.065567 0.993904
1311868167.699226 0.648100 0.143812 -0.231344 -0.032640 -0.083888 -0.065949 0.993755
1311868167.731241 0.652834 0.143926 -0.229403 -0.034537 -0.085139 -0.066631 0.993539
1311868167.763281 0.657425 0.141781 -0.227437 -0.036440 -0.085889 -0.067346 0.993358
1311868167.799224 0.661266 0.141551 -0.225486 -0.037929 -0.086431 -0.067023 0.993277
1311868167.831218 0.665498 0.138379 -0.223581 -0.039533 -0.086655 -0.067329 0.993174
1311868167.863098 0.670274 0.135434 -0.221195 -0.040274 -0.086295 -0.067205 0.993184
1311868167.899376 0.673122 0.131901 -0.217506 -0.039613 -0.085578 -0.064721 0.993438
1311868167.931184 0.675267 0.131087 -0.213759 -0.037306 -0.086139 -0.061852 0.993661
1311868167.963366 0.678962 0.129191 -0.212911 -0.036317 -0.087340 -0.059793 0.993719
1311868167.999325 0.682732 0.126970 -0.210590 -0.036590 -0.087926 -0.057472 0.993794
1311868168.031266 0.684863 0.124635 -0.206719 -0.037058 -0.088238 -0.055536 0.993859
1311868168.063183 0.687754 0.121226 -0.203467 -0.037674 -0.088485 -0.055043 0.993842
1311868168.099296 0.689295 0.117718 -0.198829 -0.037117 -0.088114 -0.054975 0.993899
1311868168.131162 0.690437 0.115591 -0.194504 -0.035797 -0.088084 -0.055814 0.993904
1311868168.163282 0.691524 0.113747 -0.189844 -0.034296 -0.088191 -0.057044 0.993877
1311868168.199247 0.692337 0.112021 -0.185340 -0.033592 -0.088513 -0.058750 0.993773
1311868168.231293 0.693401 0.110634 -0.180343 -0.033271 -0.088620 -0.061002 0.993639
1311868168.263256 0.692664 0.109159 -0.174217 -0.034389 -0.088738 -0.062408 0.993503
1311868168.299606 0.691762 0.105568 -0.167909 -0.036272 -0.089617 -0.062916 0.993325
1311868168.331222 0.690974 0.102076 -0.161388 -0.038194 -0.091009 -0.063719 0.993075
1311868168.363180 0.690579 0.093606 -0.154321 -0.040381 -0.092577 -0.064722 0.992779
1311868168.399360 0.689011 0.085805 -0.147779 -0.039771 -0.093722 -0.065543 0.992642
1311868168.431214 0.688062 0.077504 -0.142714 -0.037885 -0.094946 -0.068084 0.992429
1311868168.463333 0.687655 0.068332 -0.137551 -0.035080 -0.095440 -0.070057 0.992347
1311868168.499268 0.685499 0.062182 -0.130760 -0.030979 -0.095684 -0.069943 0.992468
1311868168.531406 0.684080 0.056925 -0.124953 -0.027156 -0.097097 -0.069702 0.992460
1311868168.563319 0.683384 0.054427 -0.119461 -0.024795 -0.098891 -0.069536 0.992356
1311868168.599366 0.682682 0.051021 -0.112733 -0.024886 -0.100842 -0.068510 0.992229
1311868168.631188 0.682680 0.045078 -0.105972 -0.025058 -0.102847 -0.067749 0.992071
1311868168.663320 0.683064 0.041188 -0.100525 -0.024047 -0.104018 -0.068716 0.991907
1311868168.699557 0.684880 0.037759 -0.095559 -0.023402 -0.104236 -0.069465 0.991848
1311868168.731207 0.684139 0.036294 -0.089153 -0.022809 -0.103809 -0.068633 0.991964
1311868168.763305 0.682918 0.036495 -0.083863 -0.022738 -0.104718 -0.067986 0.991915
1311868168.799362 0.683170 0.034018 -0.078212 -0.024109 -0.106868 -0.067272 0.991702
1311868168.831176 0.683435 0.030058 -0.072359 -0.025483 -0.109456 -0.066527 0.991435
1311868168.863325 0.684763 0.025102 -0.067021 -0.025501 -0.112394 -0.067492 0.991041
1311868168.899300 0.686370 0.020349 -0.062643 -0.024736 -0.114785 -0.070036 0.990610
1311868168.931215 0.687367 0.015088 -0.057067 -0.023073 -0.116739 -0.072375 0.990253
1311868168.963348 0.687588 0.011575 -0.051716 -0.020591 -0.119105 -0.074942 0.989835
1311868168.999373 0.688737 0.006814 -0.047238 -0.018345 -0.122539 -0.077585 0.989256
1311868169.031214 0.690977 0.000902 -0.041635 -0.016651 -0.126657 -0.079391 0.988624
1311868169.063354 0.693454 -0.005004 -0.035864 -0.014900 -0.130879 -0.080032 0.988050
1311868169.099339 0.695476 -0.010827 -0.029805 -0.012338 -0.135065 -0.081286 0.987420
1311868169.131247 0.697607 -0.016348 -0.024442 -0.009600 -0.139416 -0.083326 0.986675
1311868169.163498 0.699883 -0.021320 -0.018239 -0.007103 -0.144609 -0.086248 0.985697
1311868169.199452 0.702682 -0.027170 -0.011505 -0.005049 -0.150953 -0.089560 0.984463
1311868169.231354 0.705939 -0.034009 -0.005131 -0.003127 -0.157425 -0.092819 0.983154
1311868169.263274 0.709954 -0.040138 0.001530 -0.001347 -0.163859 -0.095361 0.981863
1311868169.299529 0.713683 -0.047868 0.009090 -0.000005 -0.170200 -0.098940 0.980430
1311868169.331297 0.718085 -0.057088 0.016766 0.002569 -0.176813 -0.103521 0.978782
1311868169.363470 0.721473 -0.065415 0.023552 0.006020 -0.182819 -0.108354 0.977139
1311868169.399437 0.724783 -0.071539 0.030380 0.010183 -0.189408 -0.113264 0.975291
1311868169.431440 0.728241 -0.079783 0.036959 0.012868 -0.196651 -0.117033 0.973379
1311868169.463229 0.732802 -0.088513 0.043576 0.015428 -0.203968 -0.120358 0.971428
1311868169.499263 0.738986 -0.098440 0.049737 0.017526 -0.210550 -0.124802 0.969426
1311868169.531434 0.744606 -0.109377 0.055330 0.019838 -0.215149 -0.129368 0.967771
1311868169.563501 0.749466 -0.117926 0.061122 0.023523 -0.218281 -0.133635 0.966407
1311868169.599378 0.753170 -0.124349 0.066715 0.028196 -0.220570 -0.137264 0.965253
1311868169.631327 0.754942 -0.126370 0.071766 0.032478 -0.223965 -0.140317 0.963896
1311868169.663240 0.758658 -0.131092 0.074829 0.035188 -0.229751 -0.143076 0.962032
1311868169.699466 0.763896 -0.136774 0.078983 0.036297 -0.236338 -0.145078 0.960093
1311868169.731279 0.773214 -0.143819 0.083735 0.037100 -0.242101 -0.146917 0.958346
1311868169.763417 0.779751 -0.150521 0.088364 0.037456 -0.244537 -0.147076 0.957689
1311868169.799368 0.783782 -0.154689 0.092844 0.039481 -0.246064 -0.145856 0.957403
1311868169.831415 0.788366 -0.156929 0.095923 0.040880 -0.248198 -0.145739 0.956811
1311868169.863396 0.793832 -0.160685 0.099398 0.040749 -0.250378 -0.146385 0.956149
1311868169.899390 0.799192 -0.165070 0.102173 0.040675 -0.252210 -0.145451 0.955814
1311868169.931272 0.806451 -0.168936 0.104845 0.039747 -0.253066 -0.144657 0.955747
1311868169.963415 0.811339 -0.176179 0.108141 0.038999 -0.252607 -0.142966 0.956154
1311868169.999399 0.815941 -0.180726 0.109938 0.040826 -0.251839 -0.138576 0.956926
1311868170.031274 0.820788 -0.178839 0.109801 0.042446 -0.251904 -0.133452 0.957567
1311868170.063469 0.825005 -0.182573 0.110163 0.041129 -0.253594 -0.131011 0.957515
1311868170.099394 0.829240 -0.188980 0.110177 0.041497 -0.256431 -0.128091 0.957138
1311868170.131345 0.839115 -0.191854 0.107997 0.043561 -0.259460 -0.125616 0.956558
1311868170.163416 0.847602 -0.192373 0.106265 0.045415 -0.260434 -0.124839 0.956309
1311868170.199317 0.854255 -0.192859 0.104412 0.045698 -0.260514 -0.122748 0.956544
1311868170.231467 0.860650 -0.192198 0.102176 0.045431 -0.260515 -0.119179 0.957008
1311868170.263521 0.866910 -0.189796 0.098594 0.044343 -0.260884 -0.117114 0.957213
1311868170.299432 0.873072 -0.192419 0.095542 0.042737 -0.261564 -0.119079 0.956858
1311868170.331325 0.880703 -0.189331 0.091689 0.043485 -0.261367 -0.121229 0.956608
1311868170.363400 0.887187 -0.185264 0.086772 0.043440 -0.260560 -0.123264 0.956571
1311868170.399421 0.892295 -0.180763 0.082961 0.042849 -0.260050 -0.126389 0.956328
1311868170.431288 0.896188 -0.176560 0.079227 0.042434 -0.260751 -0.129348 0.955760
1311868170.463383 0.903469 -0.172224 0.074469 0.041735 -0.262544 -0.132587 0.954856
1311868170.499476 0.910479 -0.169610 0.070707 0.040757 -0.263331 -0.134796 0.954372
1311868170.531505 0.916504 -0.166000 0.066878 0.039646 -0.263755 -0.135096 0.954259
1311868170.563345 0.922532 -0.165721 0.062973 0.038561 -0.264375 -0.134765 0.954179
1311868170.599324 0.929870 -0.160149 0.058100 0.038753 -0.264926 -0.135334 0.953938
1311868170.631485 0.937879 -0.159020 0.055134 0.036782 -0.265233 -0.136524 0.953761
1311868170.663430 0.944924 -0.156750 0.052471 0.035407 -0.264326 -0.135666 0.954187
1311868170.699432 0.950926 -0.153357 0.049438 0.033218 -0.263498 -0.134436 0.954669
1311868170.731397 0.956126 -0.151401 0.046467 0.030787 -0.264035 -0.133917 0.954675
1311868170.763453 0.962769 -0.151321 0.044472 0.027609 -0.265586 -0.133421 0.954411
1311868170.799446 0.969366 -0.153380 0.042821 0.025630 -0.266968 -0.132894 0.954154
1311868170.831309 0.975759 -0.153249 0.040785 0.025010 -0.267693 -0.133108 0.953938
1311868170.863446 0.982576 -0.152356 0.038644 0.024363 -0.268729 -0.133143 0.953658
1311868170.899435 0.990358 -0.155121 0.037225 0.022946 -0.269092 -0.132496 0.953681
1311868170.931374 0.997663 -0.155977 0.036344 0.023460 -0.268811 -0.132680 0.953722
1311868170.963440 1.004274 -0.159153 0.037055 0.025335 -0.267332 -0.135526 0.953690
1311868170.999483 1.006819 -0.154185 0.035142 0.029603 -0.265930 -0.135961 0.953897
1311868171.031493 1.010890 -0.148762 0.031368 0.030059 -0.267848 -0.136423 0.953280
1311868171.063438 1.017874 -0.148675 0.031384 0.027842 -0.271702 -0.137775 0.952061
1311868171.099448 1.025890 -0.149565 0.032797 0.026181 -0.275144 -0.137852 0.951108
1311868171.131477 1.033788 -0.150474 0.032887 0.025254 -0.277301 -0.138513 0.950411
1311868171.163447 1.041315 -0.150672 0.033548 0.024583 -0.278354 -0.139392 0.949992
1311868171.199444 1.046850 -0.150959 0.035517 0.024612 -0.278957 -0.140078 0.949713
1311868171.231391 1.053207 -0.148680 0.035560 0.025401 -0.280042 -0.141180 0.949210
1311868171.263404 1.059663 -0.147171 0.037126 0.025169 -0.281773 -0.143416 0.948368
1311868171.299368 1.065500 -0.146382 0.038994 0.025365 -0.283963 -0.145608 0.947375
1311868171.331406 1.072634 -0.144480 0.040149 0.025225 -0.286689 -0.147426 0.946276
1311868171.363479 1.079961 -0.144613 0.042722 0.024857 -0.289571 -0.150786 0.944878
1311868171.399409 1.088067 -0.144661 0.044224 0.025225 -0.292167 -0.154798 0.943419
1311868171.431618 1.095834 -0.144997 0.047375 0.025454 -0.294544 -0.157825 0.942172
1311868171.463459 1.104088 -0.142206 0.048224 0.025627 -0.297024 -0.158988 0.941192
1311868171.499514 1.111916 -0.143041 0.051761 0.024222 -0.300344 -0.162169 0.939632
1311868171.531471 1.122829 -0.145734 0.053545 0.023748 -0.303381 -0.165829 0.938028
1311868171.563381 1.132951 -0.147127 0.056255 0.023696 -0.304893 -0.168061 0.937142
1311868171.599490 1.142173 -0.146389 0.058835 0.023704 -0.305870 -0.169781 0.936513
1311868171.631528 1.150159 -0.145667 0.062386 0.023292 -0.307259 -0.171123 0.935824
1311868171.663411 1.159604 -0.143822 0.065310 0.022894 -0.309585 -0.173193 0.934686
1311868171.699419 1.168997 -0.143693 0.069752 0.021647 -0.312185 -0.176234 0.933281
1311868171.731499 1.178980 -0.143705 0.073610 0.020496 -0.314022 -0.178543 0.932251
1311868171.763455 1.187779 -0.143372 0.077899 0.019586 -0.315340 -0.180657 0.931418
1311868171.799464 1.197948 -0.141474 0.082163 0.018466 -0.316609 -0.183188 0.930516
1311868171.831419 1.207879 -0.141739 0.086783 0.016280 -0.316981 -0.185431 0.929986
1311868171.863363 1.215717 -0.138815 0.091993 0.014303 -0.316770 -0.186855 0.929805
1311868171.899575 1.223306 -0.136530 0.097254 0.011738 -0.317511 -0.188574 0.929241
1311868171.931516 1.230384 -0.136598 0.102921 0.009013 -0.319002 -0.190098 0.928450
1311868171.963415 1.239303 -0.136630 0.107813 0.006855 -0.320526 -0.191217 0.927713
1311868171.999580 1.247626 -0.137503 0.113059 0.004872 -0.321077 -0.193036 0.927159
1311868172.031533 1.254800 -0.137298 0.117782 0.003500 -0.320840 -0.194394 0.926963
1311868172.063426 1.260823 -0.135156 0.122283 0.002176 -0.321100 -0.194460 0.926863
1311868172.099529 1.268470 -0.134035 0.126007 -0.000593 -0.322480 -0.194732 0.926329
1311868172.131546 1.275819 -0.134538 0.130824 -0.003727 -0.323596 -0.194885 0.925901
1311868172.163558 1.283091 -0.133667 0.135485 -0.006484 -0.324178 -0.195132 0.925629
1311868172.199781 1.289823 -0.134194 0.140167 -0.009305 -0.324158 -0.195563 0.925522
1311868172.231590 1.295836 -0.133651 0.144163 -0.010722 -0.323913 -0.196949 0.925298
1311868172.263475 1.302575 -0.132867 0.148046 -0.012189 -0.323800 -0.198574 0.924972
1311868172.299544 1.308144 -0.130727 0.152077 -0.013862 -0.323406 -0.199735 0.924836
1311868172.331546 1.313625 -0.127707 0.156308 -0.015827 -0.323430 -0.201412 0.924433
1311868172.363479 1.318839 -0.126654 0.161206 -0.018814 -0.323662 -0.203589 0.923818
1311868172.399483 1.325103 -0.126952 0.166072 -0.021628 -0.323260 -0.205684 0.923433
1311868172.431393 1.329712 -0.126412 0.171819 -0.024252 -0.321416 -0.207306 0.923649
1311868172.463477 1.333928 -0.124780 0.177220 -0.026414 -0.319072 -0.209936 0.923808
1311868172.499467 1.337742 -0.123363 0.182873 -0.028469 -0.317021 -0.212929 0.923768
1311868172.531606 1.342537 -0.122568 0.188578 -0.030775 -0.315383 -0.214504 0.923891
1311868172.563601 1.346053 -0.120559 0.194344 -0.033283 -0.313703 -0.214376 0.924406
1311868172.599590 1.349828 -0.118284 0.200408 -0.036155 -0.312718 -0.214819 0.924529
1311868172.631587 1.354231 -0.117839 0.207274 -0.039370 -0.311879 -0.215878 0.924434
1311868172.663612 1.358334 -0.117129 0.213923 -0.042767 -0.310358 -0.215974 0.924773
1311868172.699619 1.361932 -0.115540 0.221458 -0.047055 -0.308282 -0.215611 0.925343
1311868172.731555 1.364463 -0.113850 0.229470 -0.051985 -0.306185 -0.215180 0.925876
1311868172.763469 1.367240 -0.113739 0.238322 -0.057729 -0.303975 -0.215328 0.926229
1311868172.799623 1.370291 -0.113046 0.248065 -0.062427 -0.302145 -0.216094 0.926345
1311868172.831632 1.372375 -0.113201 0.258191 -0.066399 -0.300849 -0.218208 0.925995
1311868172.863483 1.373867 -0.113398 0.267691 -0.069871 -0.299816 -0.219101 0.925863
1311868172.899539 1.374320 -0.113913 0.276451 -0.073059 -0.299697 -0.220053 0.925430
1311868172.931607 1.375403 -0.116062 0.286024 -0.075708 -0.300468 -0.221527 0.924615
1311868172.963571 1.375556 -0.118894 0.296068 -0.077991 -0.300773 -0.222488 0.924095
1311868172.999602 1.375763 -0.122802 0.305408 -0.078488 -0.300934 -0.224060 0.923621
1311868173.031458 1.378235 -0.126340 0.314393 -0.078573 -0.300626 -0.225779 0.923295
1311868173.067546 1.379356 -0.130450 0.322694 -0.079234 -0.299074 -0.227105 0.923417
1311868173.099605 1.378864 -0.133777 0.331222 -0.079835 -0.297660 -0.227600 0.923701
1311868173.131499 1.379716 -0.136106 0.338713 -0.081023 -0.297412 -0.228613 0.923427
1311868173.167457 1.377466 -0.140546 0.347615 -0.082507 -0.297462 -0.230885 0.922714
1311868173.199628 1.375411 -0.146910 0.354694 -0.081850 -0.297608 -0.233757 0.922002
1311868173.231487 1.376818 -0.152452 0.360771 -0.079075 -0.298544 -0.236857 0.921150
1311868173.267665 1.377726 -0.159127 0.367152 -0.076922 -0.298290 -0.238471 0.920998
1311868173.299659 1.379703 -0.163858 0.372624 -0.075062 -0.297537 -0.236349 0.921942
1311868173.331533 1.380325 -0.164849 0.377476 -0.074534 -0.297756 -0.233435 0.922656
1311868173.367650 1.379993 -0.167973 0.382811 -0.075292 -0.299208 -0.232159 0.922447
1311868173.399596 1.380994 -0.173239 0.389110 -0.075610 -0.301445 -0.231702 0.921807
1311868173.431624 1.384199 -0.179057 0.395069 -0.075003 -0.303212 -0.231972 0.921209
1311868173.467604 1.386776 -0.184050 0.401193 -0.074263 -0.303778 -0.231614 0.921172
1311868173.499703 1.388760 -0.186858 0.406774 -0.073099 -0.304203 -0.229785 0.921583
1311868173.531628 1.391212 -0.187451 0.412781 -0.072927 -0.305524 -0.228293 0.921531
1311868173.567616 1.393531 -0.190109 0.419459 -0.074172 -0.307097 -0.227643 0.921069
1311868173.599612 1.395960 -0.193805 0.426035 -0.075475 -0.308412 -0.227023 0.920677
1311868173.631603 1.398037 -0.196458 0.432738 -0.076158 -0.309624 -0.227470 0.920103
1311868173.667986 1.398772 -0.199915 0.439773 -0.076200 -0.310952 -0.228104 0.919495
1311868173.699670 1.399990 -0.202102 0.445899 -0.075892 -0.313105 -0.227788 0.918868
1311868173.731607 1.401224 -0.205682 0.451104 -0.075534 -0.316430 -0.228747 0.917519
1311868173.767623 1.404268 -0.210976 0.456627 -0.074971 -0.320678 -0.230772 0.915581
1311868173.799549 1.405898 -0.219310 0.462049 -0.074058 -0.324439 -0.232350 0.913930
1311868173.831620 1.407579 -0.223135 0.465877 -0.071629 -0.328740 -0.232988 0.912423
1311868173.867507 1.410138 -0.227159 0.470296 -0.069224 -0.334471 -0.235720 0.909821
1311868173.899575 1.414534 -0.234992 0.476669 -0.067049 -0.340729 -0.240388 0.906434
1311868173.931642 1.419456 -0.241827 0.482667 -0.063633 -0.346050 -0.245109 0.903395
1311868173.967631 1.423082 -0.247281 0.487602 -0.059182 -0.350642 -0.249911 0.900607
1311868173.999745 1.427819 -0.252782 0.492589 -0.054711 -0.355783 -0.255238 0.897374
1311868174.031740 1.433557 -0.259577 0.498479 -0.051722 -0.361204 -0.259554 0.894141
1311868174.067656 1.438982 -0.266053 0.505133 -0.050204 -0.366181 -0.261390 0.891665
1311868174.099508 1.445664 -0.271808 0.512093 -0.049244 -0.371057 -0.262367 0.889413
1311868174.131747 1.452198 -0.278547 0.520060 -0.049009 -0.375302 -0.264501 0.887009
1311868174.167874 1.456253 -0.287897 0.527967 -0.048093 -0.378195 -0.266762 0.885152
1311868174.199805 1.463065 -0.293164 0.534702 -0.045561 -0.380630 -0.267807 0.883926
1311868174.231617 1.467850 -0.298018 0.541315 -0.043545 -0.382791 -0.269373 0.882617
1311868174.267791 1.473596 -0.302712 0.547401 -0.041569 -0.385360 -0.271041 0.881083
1311868174.299749 1.479503 -0.307119 0.553926 -0.039948 -0.387894 -0.272625 0.879556
1311868174.331790 1.484831 -0.309955 0.559199 -0.039125 -0.390345 -0.273713 0.878169
1311868174.367988 1.489463 -0.313807 0.565196 -0.039270 -0.393056 -0.274913 0.876577
1311868174.399743 1.493790 -0.317913 0.571161 -0.039029 -0.395618 -0.276482 0.874940
1311868174.431786 1.497960 -0.321222 0.576417 -0.038903 -0.397838 -0.277329 0.873671
1311868174.467566 1.500019 -0.322957 0.581628 -0.038809 -0.400233 -0.277559 0.872507
1311868174.499672 1.502687 -0.324503 0.585901 -0.038273 -0.403759 -0.278402 0.870635
1311868174.531708 1.505885 -0.327789 0.590659 -0.038326 -0.407505 -0.279394 0.868568
1311868174.567585 1.508561 -0.331337 0.595310 -0.038627 -0.410470 -0.279113 0.867247
1311868174.599662 1.510376 -0.334501 0.600337 -0.039011 -0.412990 -0.278230 0.866317
1311868174.631772 1.512028 -0.338671 0.605522 -0.039561 -0.415004 -0.276468 0.865894
1311868174.667800 1.511932 -0.342713 0.610801 -0.039929 -0.416489 -0.273903 0.865979
1311868174.699578 1.511943 -0.346577 0.615423 -0.039907 -0.418313 -0.271636 0.865815
1311868174.731625 1.510705 -0.354040 0.619885 -0.039423 -0.420226 -0.270701 0.865203
1311868174.767680 1.509813 -0.360714 0.623957 -0.036961 -0.421971 -0.270158 0.864633
1311868174.799810 1.509088 -0.365562 0.627924 -0.034134 -0.423438 -0.268718 0.864480
1311868174.831815 1.507793 -0.370498 0.631757 -0.031779 -0.424906 -0.266970 0.864391
1311868174.867798 1.506207 -0.377380 0.635301 -0.029384 -0.426323 -0.266049 0.864062
1311868174.899678 1.504713 -0.384269 0.638426 -0.026589 -0.426952 -0.265435 0.864031
1311868174.931819 1.502467 -0.390978 0.642311 -0.023682 -0.426426 -0.264180 0.864759
1311868174.967694 1.499222 -0.394727 0.646279 -0.020023 -0.425603 -0.261621 0.866034
1311868174.999803 1.494982 -0.397443 0.650006 -0.016965 -0.425329 -0.259721 0.866806
1311868175.031665 1.490311 -0.405012 0.653487 -0.014162 -0.425729 -0.260189 0.866519
1311868175.067713 1.486978 -0.411517 0.656809 -0.010545 -0.425992 -0.260644 0.866305
1311868175.099631 1.482218 -0.416797 0.660044 -0.007574 -0.425883 -0.260663 0.866384
1311868175.131719 1.475281 -0.423832 0.663642 -0.004596 -0.426663 -0.259674 0.866318
1311868175.167807 1.467392 -0.436623 0.665775 -0.000205 -0.428182 -0.259901 0.865513
1311868175.199578 1.463087 -0.449427 0.667848 0.008990 -0.430005 -0.260004 0.864530
1311868175.231818 1.460095 -0.454396 0.671233 0.021995 -0.431113 -0.257600 0.864465
1311868175.267750 1.454874 -0.459838 0.674355 0.031815 -0.431907 -0.253670 0.864925
1311868175.299978 1.455849 -0.455598 0.679868 0.038632 -0.435112 -0.245375 0.865434
1311868175.331887 1.449393 -0.459593 0.683787 0.038796 -0.438944 -0.239186 0.865224
1311868175.367738 1.446003 -0.460145 0.690151 0.038414 -0.443760 -0.233505 0.864336
1311868175.400048 1.441297 -0.467250 0.696598 0.038185 -0.447592 -0.229510 0.863440
1311868175.431994 1.437485 -0.473529 0.702833 0.039809 -0.450352 -0.225767 0.862918
1311868175.467702 1.433809 -0.481084 0.708456 0.042850 -0.451892 -0.222051 0.862932
1311868175.499770 1.431501 -0.484329 0.714541 0.048085 -0.453103 -0.218040 0.863044
1311868175.531778 1.429043 -0.486318 0.720234 0.051456 -0.454503 -0.213841 0.863163
1311868175.567800 1.427682 -0.486616 0.725663 0.052756 -0.457231 -0.209177 0.862787
1311868175.599867 1.425209 -0.490351 0.731200 0.052716 -0.461121 -0.206761 0.861300
1311868175.631778 1.424404 -0.497467 0.739224 0.053569 -0.465019 -0.206364 0.859245
1311868175.667696 1.424141 -0.504564 0.746349 0.056622 -0.467186 -0.206129 0.857929
1311868175.699784 1.423658 -0.510369 0.752411 0.060361 -0.468344 -0.204955 0.857324
1311868175.731708 1.423793 -0.512884 0.757786 0.063722 -0.469670 -0.203664 0.856662
1311868175.767584 1.423573 -0.517990 0.763299 0.065969 -0.472142 -0.203615 0.855144
1311868175.799815 1.424793 -0.522547 0.769199 0.068126 -0.475515 -0.203007 0.853248
1311868175.831761 1.426414 -0.526798 0.776006 0.069086 -0.479286 -0.202718 0.851127
1311868175.867687 1.427769 -0.533066 0.782957 0.070267 -0.483346 -0.203011 0.848661
1311868175.899663 1.430044 -0.539410 0.790572 0.071681 -0.487389 -0.203453 0.846121
1311868175.931644 1.433766 -0.543764 0.797968 0.073344 -0.491249 -0.204000 0.843611
1311868175.967871 1.436329 -0.549183 0.804788 0.074282 -0.495310 -0.205476 0.840791
1311868175.999870 1.440847 -0.553390 0.812068 0.074805 -0.500202 -0.206938 0.837484
1311868176.032043 1.445424 -0.558323 0.821100 0.075118 -0.505559 -0.210196 0.833418
1311868176.067949 1.449685 -0.563590 0.829340 0.076387 -0.510166 -0.215101 0.829233
1311868176.099801 1.454890 -0.569084 0.837429 0.077556 -0.514399 -0.220015 0.825210
1311868176.131691 1.458649 -0.575641 0.845920 0.078478 -0.518277 -0.224875 0.821378
1311868176.167963 1.464441 -0.580606 0.854793 0.079763 -0.522183 -0.229065 0.817614
1311868176.199892 1.470602 -0.585828 0.864653 0.079684 -0.525596 -0.232427 0.814480
1311868176.231937 1.476967 -0.588848 0.874513 0.078358 -0.528567 -0.234702 0.812029
1311868176.267779 1.482602 -0.593418 0.884504 0.075671 -0.531256 -0.237156 0.809813
1311868176.299834 1.487698 -0.598747 0.894868 0.073716 -0.533484 -0.240347 0.807585
1311868176.331871 1.493999 -0.602647 0.906626 0.072485 -0.535032 -0.243912 0.805601
1311868176.367752 1.499708 -0.605723 0.917729 0.071069 -0.535835 -0.246907 0.804281
1311868176.399921 1.505618 -0.606142 0.929332 0.068545 -0.536803 -0.248645 0.803318
1311868176.431678 1.510847 -0.606169 0.940646 0.064903 -0.537868 -0.250502 0.802331
1311868176.467865 1.515589 -0.608802 0.951952 0.060321 -0.538645 -0.252933 0.801404
1311868176.499760 1.519076 -0.613365 0.962536 0.056065 -0.539170 -0.254147 0.800975
1311868176.531915 1.523114 -0.613999 0.972232 0.053355 -0.539468 -0.255536 0.800518
1311868176.567758 1.525867 -0.615918 0.980818 0.051774 -0.539888 -0.258364 0.799430
1311868176.602124 1.529159 -0.617692 0.988704 0.050703 -0.540641 -0.260372 0.798338
1311868176.631719 1.533102 -0.616960 0.998093 0.048278 -0.542002 -0.260514 0.797518
1311868176.667782 1.533849 -0.619883 1.005304 0.044670 -0.543001 -0.260349 0.797103
1311868176.699787 1.536578 -0.621305 1.012417 0.041837 -0.544203 -0.259814 0.796611
1311868176.731819 1.537005 -0.625463 1.018963 0.039284 -0.544705 -0.260511 0.796170
1311868176.767814 1.536570 -0.631183 1.023670 0.039032 -0.544950 -0.261409 0.795720
1311868176.799720 1.538870 -0.632104 1.029454 0.040747 -0.545707 -0.261499 0.795086
1311868176.831887 1.540279 -0.634289 1.035744 0.040661 -0.546252 -0.261629 0.794673
1311868176.867790 1.541859 -0.635334 1.042011 0.039509 -0.546775 -0.260952 0.794594
1311868176.899837 1.541851 -0.639383 1.049025 0.037545 -0.546703 -0.261074 0.794699
1311868176.931762 1.541725 -0.642697 1.055496 0.036551 -0.545664 -0.261011 0.795480
1311868176.967856 1.539543 -0.644493 1.059757 0.036980 -0.544263 -0.261980 0.796101
1311868176.999907 1.539235 -0.645005 1.065273 0.037942 -0.543996 -0.263340 0.795790
1311868177.031966 1.538250 -0.646296 1.071445 0.037171 -0.543920 -0.264546 0.795478
1311868177.067892 1.535907 -0.647287 1.077373 0.035727 -0.544046 -0.265989 0.794977
1311868177.099730 1.532522 -0.652142 1.084745 0.034244 -0.544320 -0.268443 0.794029
1311868177.131895 1.528915 -0.657951 1.093017 0.033963 -0.543505 -0.270696 0.793834
1311868177.168091 1.524298 -0.662244 1.099846 0.035713 -0.541590 -0.272748 0.794363
1311868177.199869 1.520040 -0.665459 1.106643 0.038073 -0.539685 -0.274616 0.794907
1311868177.231903 1.516543 -0.667918 1.113544 0.039820 -0.538268 -0.275922 0.795330
1311868177.267807 1.512376 -0.669425 1.119644 0.039872 -0.537351 -0.276500 0.795746
1311868177.299871 1.507489 -0.670569 1.125677 0.038005 -0.537486 -0.277025 0.795564
1311868177.331730 1.502095 -0.675680 1.132077 0.036074 -0.538463 -0.278426 0.794503
1311868177.367900 1.497248 -0.682113 1.139911 0.034863 -0.539433 -0.279464 0.793534
1311868177.399987 1.493326 -0.688955 1.147146 0.036617 -0.539249 -0.280693 0.793146
1311868177.431827 1.491400 -0.692585 1.154539 0.039942 -0.538318 -0.281447 0.793351
1311868177.467848 1.490601 -0.695178 1.161690 0.040654 -0.537075 -0.280621 0.794449
1311868177.499762 1.489591 -0.692401 1.169048 0.038945 -0.536068 -0.278363 0.796008
1311868177.531751 1.488170 -0.687306 1.177484 0.034878 -0.536298 -0.277804 0.796237
1311868177.567851 1.485072 -0.689367 1.184853 0.029291 -0.536526 -0.280706 0.795290
1311868177.599732 1.482981 -0.692341 1.193171 0.025642 -0.536782 -0.283358 0.794302
1311868177.632083 1.480513 -0.695093 1.201140 0.024498 -0.536328 -0.286727 0.793436
1311868177.667866 1.479558 -0.698013 1.209164 0.024646 -0.535522 -0.290098 0.792750
1311868177.699913 1.478037 -0.699258 1.215684 0.024701 -0.534602 -0.291721 0.792773
1311868177.731996 1.478172 -0.696991 1.221780 0.023508 -0.535047 -0.292138 0.792356
1311868177.767937 1.477301 -0.697941 1.227774 0.020434 -0.536820 -0.292895 0.790961
1311868177.799899 1.475924 -0.699639 1.231906 0.018109 -0.539619 -0.293693 0.788814
1311868177.832005 1.478027 -0.699760 1.240887 0.017361 -0.544588 -0.294826 0.784984
1311868177.867810 1.479558 -0.703621 1.248556 0.016644 -0.548820 -0.297513 0.781029
1311868177.899856 1.482824 -0.705527 1.257515 0.016424 -0.552503 -0.299170 0.777797
1311868177.931937 1.485753 -0.706800 1.264546 0.016962 -0.555716 -0.302003 0.774394
1311868177.967919 1.488274 -0.708567 1.272590 0.017182 -0.559357 -0.305878 0.770236
1311868178.000124 1.491984 -0.710796 1.279574 0.017447 -0.563205 -0.308978 0.766178
1311868178.031988 1.495726 -0.710179 1.286445 0.016461 -0.567699 -0.311721 0.761759
1311868178.068015 1.500059 -0.712827 1.294291 0.014037 -0.572966 -0.315188 0.756419
1311868178.100039 1.504041 -0.715928 1.302858 0.012435 -0.578200 -0.319440 0.750658
1311868178.131987 1.507620 -0.721145 1.311548 0.012469 -0.582768 -0.324462 0.744950
1311868178.167955 1.512783 -0.725429 1.320295 0.013559 -0.586255 -0.327736 0.740750
1311868178.199855 1.517529 -0.730579 1.330564 0.014464 -0.588632 -0.330411 0.737653
1311868178.231966 1.521893 -0.735812 1.339479 0.017115 -0.589232 -0.333094 0.735908
1311868178.267968 1.527204 -0.738309 1.347753 0.020700 -0.588891 -0.335059 0.735197
1311868178.299815 1.532764 -0.738236 1.354332 0.023427 -0.588905 -0.336631 0.734385
1311868178.332180 1.537363 -0.736662 1.359827 0.023907 -0.590447 -0.337644 0.732664
1311868178.367989 1.542796 -0.734872 1.365628 0.022256 -0.593322 -0.339209 0.729665
1311868178.400074 1.547036 -0.735977 1.371783 0.018094 -0.596631 -0.341030 0.726225
1311868178.432167 1.550417 -0.739137 1.376373 0.013534 -0.599827 -0.341418 0.723504
1311868178.467895 1.555899 -0.738680 1.382337 0.010317 -0.603572 -0.341020 0.720625
1311868178.500102 1.560347 -0.740801 1.387214 0.006225 -0.606408 -0.341602 0.718011
1311868178.531933 1.564702 -0.742977 1.390553 0.003178 -0.608678 -0.340684 0.716544
1311868178.567928 1.570599 -0.743252 1.393523 0.001729 -0.610718 -0.340198 0.715042
1311868178.600064 1.576585 -0.744271 1.396682 0.000854 -0.612396 -0.340218 0.713598
1311868178.632030 1.582171 -0.744268 1.397879 0.000049 -0.613464 -0.339704 0.712926
1311868178.668047 1.589275 -0.742079 1.398709 -0.000574 -0.615032 -0.339194 0.711817
1311868178.699917 1.596120 -0.742038 1.399763 -0.002602 -0.616661 -0.339701 0.710159
1311868178.731905 1.602992 -0.743573 1.400757 -0.004140 -0.617713 -0.340187 0.709004
1311868178.767938 1.610487 -0.743776 1.400337 -0.004781 -0.618138 -0.340160 0.708642
1311868178.799974 1.619012 -0.743474 1.400224 -0.004627 -0.618888 -0.339988 0.708070
1311868178.831967 1.628183 -0.742290 1.400095 -0.005441 -0.619361 -0.339535 0.707868
1311868178.867919 1.637910 -0.741250 1.399658 -0.007664 -0.619573 -0.338689 0.708068
1311868178.900038 1.646764 -0.742135 1.398160 -0.009560 -0.619385 -0.338739 0.708185
1311868178.932267 1.656464 -0.742364 1.396326 -0.009778 -0.619325 -0.339121 0.708052
1311868178.967934 1.667054 -0.742971 1.395269 -0.009264 -0.619476 -0.339565 0.707714
1311868179.000009 1.678025 -0.744371 1.395340 -0.008985 -0.618610 -0.339529 0.708492
1311868179.032182 1.690128 -0.743050 1.393362 -0.008770 -0.616866 -0.338491 0.710510
1311868179.067847 1.702424 -0.740197 1.390690 -0.010315 -0.615249 -0.337782 0.712226
1311868179.100093 1.713243 -0.737913 1.388021 -0.013553 -0.614845 -0.337193 0.712799
1311868179.132026 1.724366 -0.738043 1.385312 -0.016572 -0.615606 -0.338375 0.711517
1311868179.167985 1.735192 -0.741419 1.383940 -0.016513 -0.616529 -0.341546 0.709201
1311868179.200163 1.747706 -0.743012 1.383895 -0.013239 -0.616562 -0.343846 0.708128
1311868179.232011 1.761684 -0.740971 1.384423 -0.010231 -0.615086 -0.345856 0.708483
1311868179.268108 1.772717 -0.739543 1.386583 -0.011752 -0.612130 -0.346588 0.710659
1311868179.300467 1.783031 -0.737317 1.385191 -0.017047 -0.608633 -0.345062 0.714288
1311868179.333050 1.793458 -0.735008 1.382834 -0.022787 -0.606882 -0.344453 0.715910
1311868179.368133 1.802771 -0.735049 1.381962 -0.026843 -0.606854 -0.346505 0.714802
1311868179.400093 1.813045 -0.737240 1.382843 -0.029743 -0.607059 -0.348890 0.713352
1311868179.432203 1.823386 -0.742043 1.385331 -0.031855 -0.606050 -0.351016 0.713075
1311868179.467999 1.831794 -0.743457 1.390000 -0.031785 -0.603622 -0.351621 0.714838
1311868179.500080 1.840294 -0.743433 1.390568 -0.031149 -0.599959 -0.352036 0.717739
1311868179.532184 1.849636 -0.740893 1.391282 -0.031294 -0.597102 -0.351910 0.720173
1311868179.567958 1.857626 -0.738499 1.392326 -0.033034 -0.595207 -0.352693 0.721280
1311868179.600201 1.865442 -0.738297 1.395827 -0.035662 -0.594222 -0.353763 0.721444
1311868179.632001 1.872496 -0.740136 1.398874 -0.037354 -0.592787 -0.355221 0.721821
1311868179.668182 1.880358 -0.742244 1.402660 -0.037977 -0.591065 -0.356161 0.722737
1311868179.700151 1.888850 -0.743308 1.406142 -0.037832 -0.589249 -0.356380 0.724119
1311868179.732177 1.896472 -0.744183 1.409590 -0.037840 -0.587702 -0.357036 0.725052
1311868179.768285 1.903986 -0.744926 1.412027 -0.038473 -0.586642 -0.357180 0.725805
1311868179.800056 1.911363 -0.746084 1.414151 -0.039160 -0.586465 -0.357390 0.725808
1311868179.832089 1.918819 -0.747786 1.418182 -0.039831 -0.587267 -0.358691 0.724480
1311868179.867839 1.924845 -0.751002 1.422965 -0.040180 -0.588330 -0.360191 0.722853
1311868179.899932 1.931951 -0.753035 1.427327 -0.039720 -0.589483 -0.361881 0.721092
1311868179.932050 1.938365 -0.756800 1.432559 -0.039603 -0.590851 -0.363431 0.719197
1311868179.968012 1.943835 -0.758901 1.436426 -0.039190 -0.592301 -0.364292 0.717590
1311868179.999962 1.951153 -0.760294 1.440661 -0.038728 -0.594949 -0.365385 0.714863
1311868180.031945 1.957663 -0.764170 1.446933 -0.038868 -0.598088 -0.367558 0.711113
1311868180.068076 1.965455 -0.769572 1.454402 -0.039599 -0.600711 -0.369298 0.707953
1311868180.100092 1.972358 -0.774382 1.462278 -0.041254 -0.602102 -0.370215 0.706196
1311868180.131924 1.978627 -0.776888 1.468067 -0.043184 -0.602716 -0.370743 0.705279
1311868180.168096 1.983570 -0.779852 1.475273 -0.045469 -0.603827 -0.371726 0.703665
1311868180.200023 1.989427 -0.783421 1.481572 -0.047385 -0.605263 -0.371850 0.702239
1311868180.232155 1.995925 -0.785738 1.487500 -0.048959 -0.606714 -0.372256 0.700662
1311868180.268004 2.002119 -0.788736 1.494550 -0.050638 -0.608257 -0.373221 0.698688
1311868180.299978 2.008930 -0.789505 1.500317 -0.052172 -0.609691 -0.373465 0.697194
1311868180.331912 2.014164 -0.790495 1.506447 -0.053882 -0.611277 -0.374794 0.694958
1311868180.368101 2.020229 -0.792521 1.512690 -0.055093 -0.613087 -0.376346 0.692425
1311868180.400081 2.025199 -0.793821 1.518474 -0.056787 -0.614604 -0.377364 0.690387
1311868180.432000 2.031326 -0.794535 1.523536 -0.058332 -0.616145 -0.378404 0.688311
1311868180.468133 2.035722 -0.796195 1.529077 -0.060854 -0.617416 -0.380128 0.686001
1311868180.500082 2.039903 -0.797520 1.533997 -0.063269 -0.618484 -0.380974 0.684349
1311868180.531936 2.043841 -0.798046 1.540163 -0.065027 -0.619654 -0.382313 0.682376
1311868180.568027 2.046326 -0.800359 1.545631 -0.065900 -0.620438 -0.383992 0.680634
1311868180.600047 2.049458 -0.802834 1.549917 -0.066230 -0.620611 -0.385099 0.679820
1311868180.632105 2.054508 -0.803811 1.553685 -0.066546 -0.620650 -0.385658 0.679436
1311868180.668185 2.056986 -0.805386 1.558820 -0.067809 -0.620692 -0.386069 0.679039
1311868180.700174 2.059521 -0.807418 1.562585 -0.068921 -0.620767 -0.385753 0.679038
1311868180.732090 2.062567 -0.810405 1.567046 -0.069632 -0.620977 -0.385928 0.678674
1311868180.768172 2.063965 -0.813716 1.571160 -0.069668 -0.620953 -0.385666 0.678841
1311868180.800199 2.066895 -0.816434 1.575425 -0.068975 -0.620952 -0.385250 0.679149
1311868180.832010 2.068513 -0.820252 1.580328 -0.068395 -0.620712 -0.384878 0.679638
1311868180.867980 2.070452 -0.822561 1.583411 -0.067283 -0.620036 -0.383892 0.680922
1311868180.899974 2.072776 -0.825800 1.587567 -0.066782 -0.619389 -0.383152 0.681977
1311868180.932135 2.072811 -0.828567 1.591764 -0.066601 -0.618387 -0.381971 0.683564
1311868180.968026 2.073370 -0.830108 1.594284 -0.066451 -0.617434 -0.380044 0.685512
1311868181.000013 2.073891 -0.833025 1.597411 -0.066209 -0.617097 -0.378816 0.686517
1311868181.032168 2.073473 -0.836373 1.602684 -0.065765 -0.616789 -0.378445 0.687041
1311868181.068183 2.073021 -0.839920 1.607128 -0.065058 -0.615831 -0.377419 0.688531
1311868181.100120 2.073627 -0.841231 1.609588 -0.064547 -0.614357 -0.376278 0.690518
1311868181.132035 2.072397 -0.842762 1.612702 -0.064168 -0.613217 -0.376121 0.691651
1311868181.168020 2.072018 -0.843497 1.615172 -0.063638 -0.612383 -0.375643 0.692697
1311868181.200040 2.071165 -0.844000 1.617809 -0.063688 -0.611762 -0.375780 0.693167
1311868181.232080 2.069783 -0.845665 1.620708 -0.063880 -0.611234 -0.376220 0.693377
1311868181.268006 2.068141 -0.845823 1.623524 -0.064244 -0.610491 -0.376895 0.693631
1311868181.300111 2.064459 -0.846620 1.626595 -0.064447 -0.609683 -0.378049 0.693695
1311868181.332051 2.061255 -0.847458 1.630254 -0.063994 -0.609052 -0.379314 0.693600
1311868181.367997 2.057219 -0.848887 1.633265 -0.062914 -0.608105 -0.380861 0.693683
1311868181.400094 2.053550 -0.850292 1.636176 -0.062107 -0.607038 -0.381773 0.694188
1311868181.432419 2.049682 -0.851226 1.637218 -0.062358 -0.605930 -0.381421 0.695326
1311868181.468024 2.046778 -0.851028 1.638487 -0.063501 -0.605448 -0.380718 0.696028
1311868181.500288 2.042235 -0.852171 1.641011 -0.064949 -0.605379 -0.380915 0.695846
1311868181.532183 2.036143 -0.853315 1.645499 -0.065948 -0.605133 -0.381887 0.695433
1311868181.568153 2.028966 -0.854541 1.648381 -0.065557 -0.604362 -0.382827 0.695623
1311868181.600115 2.022662 -0.856062 1.650974 -0.064401 -0.603870 -0.383793 0.695627
1311868181.632435 2.015167 -0.856848 1.653697 -0.063740 -0.603298 -0.383980 0.696080
1311868181.668011 2.007770 -0.856726 1.655177 -0.064083 -0.602658 -0.383169 0.697050
1311868181.700024 1.998723 -0.857551 1.657204 -0.065671 -0.602407 -0.381747 0.697899
1311868181.732563 1.989795 -0.858386 1.658854 -0.066669 -0.602609 -0.380365 0.698383
1311868181.768063 1.980326 -0.860397 1.662066 -0.067229 -0.603212 -0.380184 0.697909
1311868181.800057 1.969009 -0.864560 1.665472 -0.066692 -0.603295 -0.380306 0.697822
1311868181.832157 1.958689 -0.866881 1.666716 -0.065113 -0.602784 -0.379897 0.698634
1311868181.868146 1.950616 -0.868628 1.668683 -0.063543 -0.602539 -0.379738 0.699077
1311868181.900215 1.939758 -0.870750 1.670421 -0.062714 -0.601536 -0.380621 0.699535
1311868181.932068 1.928302 -0.873645 1.671769 -0.062327 -0.600425 -0.380680 0.700491
1311868181.968208 1.916491 -0.874892 1.672544 -0.061856 -0.599537 -0.380569 0.701353
1311868182.000232 1.903497 -0.876413 1.672619 -0.060311 -0.599369 -0.380496 0.701671
1311868182.032194 1.892113 -0.878683 1.672753 -0.058883 -0.599978 -0.379922 0.701583
1311868182.068176 1.880894 -0.881029 1.674287 -0.058190 -0.601021 -0.379049 0.701220
1311868182.100226 1.869384 -0.883058 1.675771 -0.058128 -0.601590 -0.377973 0.701318
1311868182.136196 1.858422 -0.886033 1.678677 -0.058737 -0.601861 -0.376760 0.701687
1311868182.168077 1.846992 -0.888102 1.680686 -0.059361 -0.601318 -0.375252 0.702907
1311868182.200278 1.837375 -0.887024 1.683213 -0.059380 -0.601004 -0.373966 0.703859
1311868182.236167 1.825429 -0.889673 1.685691 -0.059391 -0.600723 -0.373622 0.704281
1311868182.268066 1.817288 -0.890516 1.688694 -0.058479 -0.600940 -0.372938 0.704534
1311868182.300234 1.808770 -0.891908 1.693172 -0.058608 -0.600725 -0.372708 0.704829
1311868182.336153 1.799534 -0.892859 1.696735 -0.059746 -0.599646 -0.371628 0.706221
1311868182.368183 1.790713 -0.893220 1.700210 -0.061108 -0.598827 -0.370634 0.707321
1311868182.400284 1.779720 -0.894499 1.703938 -0.061811 -0.598441 -0.370613 0.707597
1311868182.436053 1.768919 -0.896354 1.707181 -0.061137 -0.598768 -0.370996 0.707179
1311868182.468090 1.757981 -0.901898 1.710748 -0.060338 -0.599521 -0.370928 0.706645
1311868182.500921 1.746421 -0.909427 1.712386 -0.059813 -0.600008 -0.369667 0.706936
1311868182.536127 1.736964 -0.911565 1.714673 -0.057418 -0.602021 -0.367084 0.706769
1311868182.568033 1.725383 -0.916892 1.717979 -0.055485 -0.604721 -0.365958 0.705202
1311868182.600295 1.713512 -0.923895 1.721025 -0.053806 -0.607600 -0.363980 0.703879
1311868182.636312 1.702281 -0.928415 1.723958 -0.051014 -0.611115 -0.361446 0.702348
1311868182.668039 1.690907 -0.934221 1.727875 -0.047557 -0.615299 -0.360017 0.699667
1311868182.700341 1.678597 -0.940576 1.731037 -0.044241 -0.619164 -0.358552 0.697223
1311868182.736220 1.668394 -0.942552 1.734862 -0.040407 -0.623562 -0.356157 0.694759
1311868182.768253 1.659618 -0.941181 1.741382 -0.036068 -0.629078 -0.354980 0.690615
1311868182.800181 1.645528 -0.950587 1.746149 -0.035034 -0.633621 -0.356888 0.685513
1311868182.836155 1.633171 -0.955257 1.751597 -0.033366 -0.637977 -0.356541 0.681727
1311868182.868215 1.622797 -0.957814 1.757969 -0.031514 -0.642708 -0.356914 0.677160
1311868182.900229 1.609844 -0.964637 1.764614 -0.030228 -0.647658 -0.359193 0.671271
1311868182.936274 1.596425 -0.971508 1.770537 -0.027774 -0.652633 -0.361461 0.665316
1311868182.968092 1.582108 -0.980197 1.777770 -0.024905 -0.657431 -0.364284 0.659137
1311868183.000259 1.567511 -0.989083 1.784732 -0.021846 -0.661179 -0.366661 0.654160
1311868183.036254 1.551874 -0.999154 1.789707 -0.019938 -0.663985 -0.368473 0.650349
1311868183.068333 1.537902 -1.006878 1.794761 -0.017912 -0.667285 -0.368824 0.646822
1311868183.100611 1.525276 -1.014354 1.799821 -0.015205 -0.671338 -0.370149 0.641922
1311868183.136176 1.511905 -1.022652 1.805177 -0.011200 -0.675628 -0.373670 0.635430
1311868183.168211 1.496191 -1.033218 1.808683 -0.007059 -0.679320 -0.377390 0.629326
1311868183.200276 1.484736 -1.038301 1.813758 -0.002467 -0.682854 -0.379600 0.624186
1311868183.236295 1.472585 -1.043676 1.819280 0.000806 -0.685791 -0.383104 0.618806
1311868183.268380 1.458982 -1.049936 1.822615 0.002570 -0.687790 -0.386638 0.614369
1311868183.300363 1.446465 -1.054572 1.823153 0.004350 -0.690094 -0.388743 0.610435
1311868183.336308 1.437120 -1.057694 1.826230 0.007192 -0.694062 -0.390755 0.604596
1311868183.368469 1.424247 -1.062922 1.827585 0.009750 -0.697613 -0.394188 0.598211
1311868183.400232 1.412710 -1.067362 1.829433 0.012067 -0.700966 -0.395492 0.593370
1311868183.436153 1.405704 -1.066803 1.832926 0.011713 -0.704210 -0.394079 0.590468
1311868183.468217 1.397922 -1.066598 1.831714 0.007193 -0.706639 -0.393226 0.588203
1311868183.500255 1.390973 -1.069237 1.827204 0.001250 -0.710090 -0.392571 0.584516
1311868183.536275 1.385001 -1.070027 1.830042 -0.006194 -0.715274 -0.391677 0.578735
1311868183.568369 1.370209 -1.075019 1.832143 -0.014901 -0.719276 -0.392663 0.572919
1311868183.600217 1.357646 -1.078897 1.834379 -0.020698 -0.722982 -0.391392 0.568930
1311868183.636216 1.346810 -1.080264 1.840292 -0.025373 -0.725838 -0.389520 0.566383
1311868183.668587 1.331738 -1.085731 1.843870 -0.030263 -0.726577 -0.388674 0.565776
1311868183.700230 1.320270 -1.089579 1.847564 -0.032609 -0.726941 -0.386667 0.566553
1311868183.736414 1.308775 -1.091878 1.850204 -0.032453 -0.726190 -0.386902 0.567364
1311868183.768221 1.298690 -1.094534 1.849731 -0.031112 -0.725017 -0.387693 0.568399
1311868183.800370 1.291966 -1.094427 1.849721 -0.029957 -0.724240 -0.388916 0.568615
1311868183.836230 1.281584 -1.096885 1.847400 -0.031014 -0.723614 -0.391077 0.567873
1311868183.868506 1.271730 -1.099106 1.848152 -0.032785 -0.724069 -0.391998 0.566557
1311868183.900249 1.259469 -1.103039 1.848783 -0.034291 -0.724051 -0.393747 0.565277
1311868183.936316 1.246023 -1.108305 1.848985 -0.035000 -0.723602 -0.395485 0.564595
1311868183.968498 1.230134 -1.114577 1.848794 -0.032570 -0.723353 -0.396278 0.564503
1311868184.000440 1.217983 -1.121445 1.848356 -0.027030 -0.722942 -0.396089 0.565453
1311868184.036316 1.205461 -1.126571 1.845734 -0.022544 -0.721832 -0.393746 0.568696
1311868184.070267 1.196709 -1.127514 1.842890 -0.019504 -0.721111 -0.389444 0.572671
1311868184.100684 1.187039 -1.128527 1.841036 -0.018886 -0.721313 -0.385880 0.574846
1311868184.136827 1.176275 -1.131436 1.840726 -0.019119 -0.722275 -0.383382 0.575301
1311868184.169015 1.165193 -1.135218 1.841031 -0.018805 -0.723561 -0.380707 0.575472
1311868184.200464 1.157149 -1.137079 1.844734 -0.017658 -0.724974 -0.377831 0.575626
1311868184.236434 1.147806 -1.139552 1.848798 -0.017544 -0.724859 -0.376197 0.576843
1311868184.268504 1.138596 -1.141274 1.851375 -0.016801 -0.723858 -0.374828 0.579009
1311868184.300643 1.132346 -1.140382 1.852610 -0.015160 -0.722692 -0.375056 0.580361
1311868184.336293 1.123049 -1.140816 1.852540 -0.014168 -0.722017 -0.376998 0.579968
1311868184.368210 1.113814 -1.142113 1.853227 -0.013655 -0.722730 -0.378226 0.578290
1311868184.400303 1.104195 -1.144028 1.855430 -0.014515 -0.724039 -0.378526 0.576433
1311868184.436272 1.092467 -1.147718 1.858308 -0.015826 -0.725644 -0.377921 0.574775
1311868184.468412 1.080548 -1.151509 1.860702 -0.015635 -0.727228 -0.376628 0.573625
1311868184.500438 1.070251 -1.154032 1.863503 -0.013985 -0.729369 -0.374178 0.572552
1311868184.536326 1.062261 -1.154180 1.867886 -0.012695 -0.731756 -0.371626 0.571197
1311868184.568437 1.054399 -1.154358 1.871217 -0.012885 -0.734015 -0.370066 0.569304
1311868184.600381 1.045319 -1.155327 1.873970 -0.014237 -0.736867 -0.369375 0.566027
1311868184.636350 1.035882 -1.158303 1.877709 -0.015923 -0.740756 -0.369334 0.560909
1311868184.668352 1.023449 -1.163544 1.882717 -0.017121 -0.745361 -0.369749 0.554463
1311868184.700710 1.012182 -1.167774 1.886466 -0.015584 -0.750014 -0.370039 0.548003
1311868184.736501 1.000232 -1.172176 1.890944 -0.012956 -0.754063 -0.371066 0.541785
1311868184.768456 0.986291 -1.179977 1.893514 -0.010387 -0.757275 -0.371639 0.536946
1311868184.800366 0.975193 -1.186841 1.896103 -0.006719 -0.760668 -0.370982 0.532646
1311868184.836324 0.964824 -1.193878 1.899351 -0.003417 -0.764364 -0.370164 0.527935
1311868184.868735 0.954938 -1.200435 1.902644 -0.001471 -0.767712 -0.369475 0.523550
1311868184.900445 0.945688 -1.205934 1.906303 0.000398 -0.770788 -0.369500 0.518995
1311868184.936308 0.934388 -1.212222 1.909870 0.001286 -0.773211 -0.370463 0.514685
1311868184.968436 0.924133 -1.218158 1.912488 0.003375 -0.775206 -0.371243 0.511100
1311868185.000422 0.916094 -1.221902 1.916090 0.006453 -0.777075 -0.372403 0.507375
1311868185.036432 0.905810 -1.226333 1.918708 0.008691 -0.778302 -0.374292 0.504060
1311868185.068440 0.897654 -1.228949 1.920538 0.012519 -0.779973 -0.375229 0.500687
1311868185.100898 0.891864 -1.229797 1.923997 -0.014960 0.781645 0.376827 -0.496798
1311868185.136538 0.881334 -1.232513 1.926755 -0.013537 0.783035 0.377764 -0.493930
1311868185.168559 0.872279 -1.234755 1.928129 -0.011479 0.784862 0.376487 -0.492054
1311868185.200754 0.863881 -1.236587 1.929418 -0.010741 0.786758 0.376101 -0.489330
1311868185.236390 0.853502 -1.240700 1.931592 -0.010801 0.788508 0.376072 -0.486526
1311868185.268543 0.842510 -1.245048 1.932966 -0.011354 0.790111 0.374230 -0.485333
1311868185.300484 0.833182 -1.247977 1.933186 -0.013616 0.791932 0.370841 -0.484908
1311868185.337903 0.826549 -1.248190 1.936178 -0.016388 0.793880 0.367559 -0.484134
1311868185.368510 0.818490 -1.249950 1.939648 -0.017185 0.795048 0.365258 -0.483931
1311868185.401199 0.810606 -1.251439 1.943298 -0.016520 0.795543 0.362282 -0.485377
1311868185.436438 0.802817 -1.252685 1.945446 -0.016204 0.795134 0.359696 -0.487973
1311868185.468575 0.794357 -1.253737 1.947721 -0.017874 0.794221 0.358479 -0.490293
1311868185.500443 0.785630 -1.255729 1.948341 -0.022481 0.793490 0.356948 -0.492398
1311868185.536414 0.781367 -1.256554 1.951166 -0.027438 0.792648 0.355115 -0.494823
1311868185.568460 0.773809 -1.255408 1.949759 -0.030451 0.791840 0.352893 -0.497522
1311868185.600364 0.767704 -1.255328 1.948140 -0.034781 0.792477 0.350336 -0.498030
1311868185.636409 0.762847 -1.257977 1.950791 -0.038647 0.793616 0.348899 -0.496940
1311868185.668624 0.754625 -1.262194 1.952993 -0.040335 0.794349 0.346313 -0.497444
1311868185.701972 0.748712 -1.263897 1.954531 -0.040780 0.794681 0.341961 -0.499881
1311868185.736700 0.742979 -1.265004 1.955796 0.040634 -0.795047 -0.338063 0.501959
1311868185.768630 0.736198 -1.266091 1.956556 0.040360 -0.795666 -0.334206 0.503580
1311868185.800441 0.733624 -1.264265 1.958975 0.039519 -0.796734 -0.330428 0.504451
1311868185.836824 0.729133 -1.262603 1.961424 0.036332 -0.797927 -0.327832 0.504499
1311868185.868447 0.725053 -1.259078 1.963147 0.033306 -0.799321 -0.327041 0.503012
1311868185.900384 0.719082 -1.258465 1.965396 -0.030988 0.800574 0.329266 -0.499706
1311868185.936471 0.711676 -1.259150 1.967464 -0.029745 0.801627 0.331471 -0.496624
1311868185.968391 0.705893 -1.258652 1.969639 -0.029657 0.802742 0.333020 -0.493785
1311868186.000413 0.699795 -1.258587 1.971855 -0.029888 0.804050 0.334917 -0.490347
1311868186.036453 0.694068 -1.258596 1.974865 -0.030445 0.805512 0.336736 -0.486654
1311868186.068672 0.688921 -1.258119 1.978258 -0.031142 0.806823 0.339587 -0.482440
1311868186.103248 0.682628 -1.259462 1.982379 -0.031775 0.808443 0.342444 -0.477643
1311868186.136633 0.677423 -1.259788 1.987698 -0.031506 0.810333 0.344420 -0.473014
1311868186.168524 0.673502 -1.259093 1.992437 -0.029666 0.812404 0.345871 -0.468500
1311868186.200391 0.668482 -1.258896 1.996937 -0.027080 0.814775 0.348607 -0.462473
1311868186.237659 0.663137 -1.258823 2.000612 -0.025645 0.817250 0.352751 -0.454984
1311868186.268650 0.658353 -1.259567 2.005311 -0.024779 0.820273 0.356051 -0.446951
1311868186.300401 0.653652 -1.260242 2.010890 -0.023590 0.823329 0.358650 -0.439253
1311868186.336402 0.650186 -1.259714 2.016137 -0.022761 0.826432 0.361321 -0.431206
1311868186.368410 0.647811 -1.259608 2.021668 -0.021733 0.829163 0.364865 -0.422953
1311868186.400544 0.644272 -1.260363 2.027369 -0.020517 0.831406 0.368107 -0.415740
1311868186.436523 0.640698 -1.261024 2.034605 -0.019120 0.833042 0.370838 -0.410067
1311868186.468526 0.637288 -1.261768 2.041607 -0.016832 0.834136 0.372757 -0.406184
1311868186.500490 0.636616 -1.260615 2.045388 -0.014351 0.834735 0.374452 -0.403480
1311868186.537052 0.635496 -1.260557 2.050026 -0.010399 0.835953 0.375964 -0.399658
1311868186.568549 0.634950 -1.260725 2.054773 -0.005761 0.837048 0.377833 -0.395676
1311868186.600576 0.634111 -1.262522 2.058402 -0.003198 0.837997 0.379690 -0.391901
1311868186.636497 0.634610 -1.264920 2.063737 -0.002890 0.838779 0.381328 -0.388626
1311868186.668623 0.635411 -1.267721 2.069449 -0.003191 0.839143 0.381999 -0.387178
1311868186.702517 0.638969 -1.267889 2.073523 -0.004217 0.839382 0.381885 -0.386760
1311868186.736720 0.643863 -1.267619 2.078295 -0.005215 0.839694 0.382570 -0.385392
1311868186.768504 0.649114 -1.267473 2.082131 -0.005238 0.840000 0.383937 -0.383361
1311868186.800524 0.654727 -1.267802 2.086095 -0.003647 0.840500 0.385290 -0.380917
1311868186.836721 0.660216 -1.267468 2.091321 -0.001364 0.840957 0.386832 -0.378351
1311868186.869317 0.663797 -1.269690 2.095358 0.001737 0.840916 0.389083 -0.376128
1311868186.900515 0.668369 -1.271462 2.099114 0.003187 0.841002 0.390069 -0.374902
1311868186.936400 0.672967 -1.273618 2.103335 0.003229 0.840838 0.391143 -0.374150
1311868186.968636 0.677967 -1.276500 2.107468 0.002815 0.840444 0.391549 -0.374613
1311868187.000505 0.684036 -1.279037 2.110682 0.002363 0.839828 0.391546 -0.375999
1311868187.036707 0.691080 -1.281178 2.114548 0.002619 0.839312 0.390980 -0.377734
1311868187.068458 0.699328 -1.282483 2.119164 0.004356 0.838525 0.390843 -0.379604
1311868187.101696 0.705726 -1.284979 2.122557 0.006826 0.837224 0.391967 -0.381276
1311868187.136587 0.712235 -1.287516 2.125689 0.008246 0.835846 0.392994 -0.383209
1311868187.169000 0.719540 -1.289245 2.129520 0.008380 0.834748 0.393662 -0.384909
1311868187.201269 0.728858 -1.289361 2.135824 0.007825 0.833433 0.394990 -0.386408
1311868187.236433 0.737367 -1.289609 2.141400 0.008574 0.831197 0.398083 -0.388031
1311868187.268822 0.745571 -1.290379 2.145069 0.010497 0.828529 0.402199 -0.389444
1311868187.300515 0.752741 -1.291670 2.146042 0.012155 0.825984 0.408061 -0.388702
1311868187.336611 0.759719 -1.292312 2.152736 0.012328 0.824845 0.412549 -0.386370
1311868187.368415 0.761095 -1.296229 2.158771 0.013327 0.823342 0.415730 -0.386133
1311868187.400493 0.762533 -1.299049 2.165695 0.013122 0.821297 0.417437 -0.388646
1311868187.436706 0.765755 -1.302833 2.171568 0.011743 0.818774 0.418568 -0.392774
1311868187.468568 0.773509 -1.304886 2.176785 0.010235 0.816451 0.418620 -0.397568
1311868187.500548 0.779278 -1.307137 2.181958 0.010154 0.814441 0.419563 -0.400687
1311868187.537564 0.783758 -1.309804 2.186774 0.010376 0.813204 0.420566 -0.402138
1311868187.568523 0.786349 -1.311971 2.192898 0.010276 0.812633 0.421558 -0.402256
1311868187.600502 0.787702 -1.314662 2.199794 0.010059 0.812052 0.422207 -0.402754
1311868187.636477 0.790104 -1.317001 2.205960 0.010726 0.811417 0.422171 -0.404053
1311868187.668730 0.792308 -1.319064 2.210878 0.011846 0.810972 0.422084 -0.405005
1311868187.700555 0.795358 -1.320351 2.216337 0.012680 0.811072 0.422116 -0.404746
1311868187.736522 0.796610 -1.321649 2.224298 0.014963 0.811666 0.422337 -0.403244
1311868187.768746 0.795325 -1.324653 2.230510 0.017078 0.811872 0.422979 -0.402070
1311868187.800538 0.796022 -1.326916 2.237426 0.017724 0.812446 0.423000 -0.400860
1311868187.837466 0.795547 -1.329873 2.243464 0.017107 0.813124 0.423919 -0.398534
1311868187.868577 0.795602 -1.332734 2.250889 0.014679 0.814424 0.424774 -0.395051
1311868187.900542 0.795329 -1.335018 2.260678 0.012691 0.816043 0.425197 -0.391306
1311868187.936595 0.794587 -1.337440 2.269920 0.011477 0.817380 0.425702 -0.387990
1311868187.968459 0.794456 -1.339961 2.278058 0.010287 0.819081 0.425953 -0.384142
1311868188.000735 0.794018 -1.341876 2.289684 0.009453 0.821486 0.426325 -0.378573
1311868188.036686 0.791186 -1.344173 2.302201 0.010104 0.823351 0.427226 -0.373457
1311868188.068520 0.788836 -1.346684 2.312464 0.011475 0.824448 0.428445 -0.369578
1311868188.100428 0.786963 -1.348114 2.324800 0.013676 0.826058 0.429200 -0.365004
1311868188.136705 0.783618 -1.349883 2.337165 0.016872 0.827312 0.430715 -0.360214
1311868188.169752 0.781178 -1.351347 2.349494 0.020116 0.828321 0.432792 -0.355205
1311868188.200610 0.775949 -1.352631 2.363017 0.022876 0.828931 0.435982 -0.349672
1311868188.236529 0.770868 -1.353373 2.374819 0.023034 0.828870 0.439623 -0.345218
1311868188.268577 0.767701 -1.352208 2.388057 0.020639 0.828342 0.444179 -0.340776
1311868188.300900 0.764217 -1.350724 2.401825 0.018087 0.827430 0.449155 -0.336589
1311868188.336811 0.761407 -1.347562 2.416436 0.016063 0.826138 0.454142 -0.333156
1311868188.368537 0.758939 -1.345143 2.427812 0.015034 0.824181 0.459302 -0.330969
1311868188.400512 0.756943 -1.344266 2.436023 0.015089 0.822220 0.463795 -0.329577
1311868188.437067 0.756796 -1.342949 2.445692 0.016903 0.821338 0.466235 -0.328243
1311868188.468574 0.758858 -1.339947 2.453982 0.020313 0.821229 0.467397 -0.326666
1311868188.502489 0.760531 -1.340160 2.457472 0.024888 0.821446 0.468827 -0.323739
1311868188.537539 0.762777 -1.342551 2.463162 0.029388 0.822616 0.469462 -0.319444
1311868188.568686 0.765537 -1.345337 2.470976 0.033758 0.823859 0.469679 -0.315466
1311868188.601444 0.768064 -1.350314 2.476407 0.037495 0.824049 0.470665 -0.313068
1311868188.637504 0.771986 -1.352617 2.483593 0.039575 0.823974 0.471290 -0.312067
1311868188.668666 0.777666 -1.354300 2.489651 0.041134 0.823360 0.472412 -0.311789
1311868188.703460 0.783582 -1.355685 2.495740 0.042598 0.822583 0.474043 -0.311167
1311868188.736639 0.790542 -1.356793 2.503312 0.044348 0.821854 0.475536 -0.310573
1311868188.768663 0.796689 -1.358861 2.509853 0.046689 0.820576 0.477553 -0.310511
1311868188.800670 0.804503 -1.360865 2.516625 0.047565 0.819265 0.479756 -0.310446
1311868188.836521 0.812086 -1.362292 2.523589 0.048208 0.817768 0.482250 -0.310429
1311868188.868469 0.821290 -1.363271 2.529868 0.050154 0.816289 0.483707 -0.311743
1311868188.900697 0.832028 -1.364052 2.534837 0.053426 0.815253 0.484818 -0.312186
1311868188.936521 0.841730 -1.365674 2.541750 0.058529 0.814333 0.486707 -0.310728
1311868188.968696 0.851154 -1.369121 2.547621 0.066221 0.812600 0.489017 -0.310095
1311868189.000574 0.859761 -1.372212 2.552958 0.074313 0.810823 0.491409 -0.309129
1311868189.036870 0.867901 -1.377118 2.559224 0.080104 0.809003 0.494355 -0.307750
1311868189.068620 0.873415 -1.382171 2.565371 0.083462 0.806644 0.497608 -0.307808
1311868189.100649 0.877427 -1.386066 2.570332 0.082100 0.804838 0.499667 -0.309561
1311868189.136620 0.888134 -1.389676 2.575306 0.076858 0.803681 0.500549 -0.312474
1311868189.168589 0.900386 -1.390631 2.581773 0.072061 0.802292 0.501976 -0.314890
1311868189.201174 0.911561 -1.392586 2.586904 0.070760 0.800118 0.503790 -0.317805
1311868189.238292 0.922325 -1.393363 2.594137 0.071517 0.797849 0.505871 -0.320026
1311868189.268669 0.931114 -1.395746 2.599226 0.072865 0.794807 0.509630 -0.321325
1311868189.302276 0.938205 -1.400076 2.602452 0.073482 0.792547 0.512799 -0.321725
1311868189.337870 0.945888 -1.403315 2.608072 0.072208 0.791373 0.515018 -0.321357
1311868189.368446 0.952499 -1.406252 2.614034 0.071321 0.789815 0.517159 -0.321951
1311868189.400547 0.959142 -1.409410 2.618898 0.070965 0.787954 0.518972 -0.323666
1311868189.436651 0.965756 -1.411806 2.624501 0.070578 0.786130 0.520800 -0.325248
1311868189.468797 0.971938 -1.414370 2.629512 0.071701 0.784328 0.522161 -0.327165
1311868189.500573 0.977804 -1.416825 2.633803 0.073025 0.782709 0.523566 -0.328501
1311868189.536633 0.983136 -1.419529 2.637770 0.072459 0.781608 0.525753 -0.327753
1311868189.568724 0.986545 -1.423010 2.642977 0.071390 0.781070 0.527811 -0.325957
1311868189.601920 0.990123 -1.426436 2.648719 0.071505 0.780660 0.528577 -0.325672
1311868189.636729 0.995413 -1.429161 2.654214 0.072964 0.780421 0.528519 -0.326017
1311868189.668663 0.999297 -1.431050 2.661407 0.075309 0.780110 0.529202 -0.325120
1311868189.704376 1.000115 -1.434781 2.667877 0.077366 0.779602 0.530322 -0.324027
1311868189.736593 1.000150 -1.438639 2.676332 0.078984 0.779106 0.530725 -0.324170
1311868189.768868 0.999897 -1.442643 2.685135 0.079760 0.778264 0.530941 -0.325645
1311868189.802939 0.998242 -1.446842 2.693809 0.079603 0.776999 0.531750 -0.327379
1311868189.836562 0.998025 -1.450224 2.701817 0.078627 0.776002 0.531621 -0.330179
1311868189.868685 0.998815 -1.453620 2.710176 0.078252 0.775101 0.531294 -0.332900
1311868189.902037 0.999180 -1.457278 2.718593 0.078459 0.774442 0.531148 -0.334613
1311868189.936714 0.998121 -1.461637 2.727461 0.079271 0.773968 0.531331 -0.335226
1311868189.968616 0.996049 -1.465738 2.736914 0.079715 0.773624 0.531685 -0.335356
1311868190.002005 0.991957 -1.471037 2.746468 0.079671 0.773236 0.532192 -0.335456
1311868190.036745 0.989402 -1.476018 2.755206 0.078772 0.773055 0.531879 -0.336580
1311868190.068604 0.988902 -1.481092 2.763471 0.077749 0.772884 0.531460 -0.337870
1311868190.104099 0.989043 -1.486121 2.771315 0.077575 0.772817 0.531119 -0.338599
1311868190.136685 0.988873 -1.491083 2.779835 0.078522 0.773007 0.530840 -0.338384
1311868190.168751 0.985771 -1.496634 2.789315 0.080252 0.773412 0.530513 -0.337563
1311868190.202446 0.982264 -1.502452 2.798257 0.080778 0.773748 0.530352 -0.336921
1311868190.236836 0.978435 -1.508055 2.807784 0.079916 0.774174 0.529933 -0.336807
1311868190.268616 0.977631 -1.513128 2.817759 0.078705 0.774364 0.528944 -0.338207
1311868190.302512 0.975877 -1.517737 2.826463 0.078161 0.773930 0.528496 -0.340022
1311868190.336668 0.975166 -1.522500 2.833878 0.077294 0.773593 0.528162 -0.341503
1311868190.369230 0.975164 -1.526937 2.841038 0.076695 0.773546 0.527829 -0.342258
1311868190.401976 0.974676 -1.531076 2.848168 0.077158 0.773676 0.527280 -0.342706
1311868190.436649 0.973301 -1.535332 2.855990 0.078348 0.774067 0.526564 -0.342653
1311868190.468862 0.969191 -1.539651 2.864433 0.079168 0.774426 0.526108 -0.342355
1311868190.503067 0.966013 -1.544034 2.872950 0.079207 0.774654 0.525226 -0.343183
1311868190.536577 0.964206 -1.547938 2.881444 0.078643 0.774383 0.524728 -0.344684
1311868190.568647 0.962678 -1.551000 2.888679 0.078049 0.773340 0.525299 -0.346286
1311868190.604416 0.959467 -1.554256 2.893093 0.077131 0.772446 0.525904 -0.347568
1311868190.636584 0.959214 -1.557935 2.897125 0.075977 0.772347 0.525445 -0.348734
1311868190.668720 0.959107 -1.560800 2.901503 0.075168 0.772639 0.525147 -0.348712
1311868190.708899 0.957741 -1.563937 2.905285 0.074546 0.773328 0.524617 -0.348114
1311868190.736730 0.956556 -1.567088 2.909561 0.074788 0.774114 0.523564 -0.347902
1311868190.771375 0.956639 -1.570145 2.912939 0.075640 0.775093 0.521762 -0.348245
1311868190.802394 0.956817 -1.572291 2.917072 0.076734 0.776014 0.520446 -0.347922
1311868190.836629 0.956831 -1.573952 2.921197 0.078124 0.776740 0.519353 -0.347626
1311868190.870368 0.956513 -1.574900 2.925826 0.079325 0.777223 0.518820 -0.347071
1311868190.902257 0.955149 -1.575465 2.930630 0.079529 0.777344 0.519040 -0.346422
1311868190.936594 0.954469 -1.576019 2.935368 0.079525 0.777098 0.519368 -0.346486
1311868190.970309 0.954291 -1.575502 2.939931 0.079939 0.776261 0.520232 -0.346970
1311868191.004252 0.953738 -1.575892 2.943058 0.081095 0.774958 0.521584 -0.347583
1311868191.036646 0.952018 -1.576228 2.946195 0.082353 0.773819 0.523057 -0.347611
1311868191.074967 0.950280 -1.577085 2.948865 0.083017 0.772937 0.524428 -0.347350
1311868191.102905 0.948183 -1.577747 2.951505 0.082953 0.772426 0.525495 -0.346888
1311868191.136667 0.946880 -1.579258 2.953008 0.082933 0.772076 0.525942 -0.346996
1311868191.170379 0.946115 -1.580007 2.955147 0.082880 0.772038 0.526161 -0.346761
1311868191.204730 0.943765 -1.582122 2.955842 0.082305 0.772053 0.526683 -0.346070
1311868191.236855 0.942693 -1.583425 2.957534 0.081812 0.772512 0.526221 -0.345865
1311868191.270521 0.941114 -1.585208 2.958709 0.081679 0.772910 0.525659 -0.345864
1311868191.305138 0.939840 -1.587362 2.959269 0.081137 0.773348 0.525166 -0.345760
1311868191.336788 0.938600 -1.588834 2.960929 0.079992 0.774060 0.524547 -0.345373
1311868191.370175 0.937221 -1.590279 2.962758 0.079278 0.774523 0.523874 -0.345523
1311868191.408020 0.935939 -1.592244 2.964101 0.079293 0.774687 0.523258 -0.346084
1311868191.436687 0.934468 -1.593784 2.964890 0.078539 0.774985 0.522967 -0.346027
1311868191.470045 0.932655 -1.595904 2.966673 0.077241 0.775467 0.522803 -0.345488
1311868191.505579 0.931058 -1.597913 2.968132 0.076724 0.775573 0.522533 -0.345774
1311868191.536752 0.929314 -1.599741 2.969760 0.076227 0.775787 0.522297 -0.345759
1311868191.570203 0.927838 -1.601642 2.971815 0.075301 0.775818 0.522462 -0.345644
1311868191.604658 0.924049 -1.603493 2.973484 0.073985 0.775513 0.523396 -0.345199
1311868191.636913 0.919695 -1.604969 2.973861 0.072250 0.775373 0.523641 -0.345509
1311868191.670782 0.919819 -1.606664 2.974982 0.070899 0.775530 0.522828 -0.346666
1311868191.705077 0.918067 -1.607280 2.976251 0.071788 0.775017 0.522875 -0.347559
1311868191.736754 0.914717 -1.608032 2.976066 0.073727 0.774419 0.522869 -0.348494
1311868191.771559 0.910192 -1.608389 2.975778 0.075072 0.774013 0.522979 -0.348943
1311868191.804765 0.907379 -1.609127 2.975426 0.075050 0.773914 0.522760 -0.349495
1311868191.836740 0.904455 -1.609434 2.975283 0.075060 0.773698 0.522796 -0.349916
1311868191.872176 0.900812 -1.609730 2.974290 0.074581 0.773670 0.522849 -0.350002
1311868191.904702 0.898479 -1.609438 2.974572 0.074330 0.773625 0.522688 -0.350395
1311868191.936673 0.894283 -1.609300 2.973912 0.075589 0.773024 0.522642 -0.351518
1311868191.970293 0.890210 -1.608748 2.973535 0.076347 0.772349 0.522778 -0.352634
1311868192.005218 0.885843 -1.607822 2.971730 0.075892 0.771682 0.523224 -0.353532
1311868192.038266 0.882758 -1.606699 2.970523 0.074914 0.771143 0.523621 -0.354326
1311868192.070578 0.878911 -1.605409 2.968236 0.074303 0.770485 0.524134 -0.355126
1311868192.105561 0.875318 -1.603973 2.966021 0.073869 0.770158 0.524365 -0.355586
1311868192.139401 0.870686 -1.602744 2.963445 0.073696 0.769828 0.524631 -0.355943
1311868192.173682 0.866928 -1.601476 2.960998 0.073463 0.769516 0.524615 -0.356690
1311868192.204710 0.863162 -1.600610 2.958694 0.074032 0.768952 0.524736 -0.357608
1311868192.240525 0.857305 -1.599462 2.956379 0.074644 0.768065 0.525222 -0.358674
1311868192.271675 0.851980 -1.598567 2.953183 0.074613 0.766980 0.525392 -0.360746
1311868192.304674 0.846715 -1.597325 2.948068 0.074346 0.766059 0.525372 -0.362782
1311868192.342496 0.842475 -1.596900 2.943004 0.072892 0.766151 0.525072 -0.363316
1311868192.370163 0.837495 -1.596845 2.938317 0.070373 0.766720 0.525174 -0.362464
1311868192.404725 0.832914 -1.596555 2.934072 0.068446 0.767225 0.524844 -0.362243
1311868192.438459 0.827895 -1.596137 2.928991 0.068170 0.767378 0.523801 -0.363478
1311868192.471387 0.822542 -1.595278 2.924173 0.068675 0.767456 0.522440 -0.365173
1311868192.504708 0.816442 -1.594731 2.918719 0.068409 0.767451 0.521511 -0.366560
1311868192.540878 0.811671 -1.593398 2.912572 0.067505 0.767607 0.520329 -0.368076
1311868192.571208 0.809241 -1.591820 2.905679 0.066782 0.767994 0.519249 -0.368925
1311868192.604784 0.807445 -1.589013 2.899622 0.066158 0.768881 0.518450 -0.368313
1311868192.641130 0.803544 -1.587618 2.892649 0.066559 0.769657 0.518517 -0.366522
1311868192.670331 0.797708 -1.586733 2.887289 0.066617 0.770813 0.518395 -0.364247
1311868192.704764 0.793035 -1.584878 2.882500 0.066336 0.771715 0.517825 -0.363198
1311868192.739392 0.789764 -1.582856 2.877516 0.066752 0.772148 0.517256 -0.363011
1311868192.770014 0.785080 -1.581508 2.871731 0.067067 0.772576 0.516926 -0.362513
1311868192.804785 0.782656 -1.580432 2.865749 0.066833 0.773398 0.516210 -0.361824
1311868192.838042 0.778071 -1.579752 2.861214 0.066580 0.774699 0.515366 -0.360286
1311868192.870604 0.774941 -1.579099 2.857662 0.065931 0.775884 0.514149 -0.359594
1311868192.904715 0.771534 -1.578878 2.852635 0.065286 0.776882 0.513141 -0.358997
1311868192.940507 0.769760 -1.578783 2.848880 0.064259 0.778219 0.511831 -0.358156
1311868192.970299 0.767836 -1.578797 2.845173 0.064307 0.779193 0.511182 -0.356953
1311868193.004778 0.765087 -1.579309 2.841824 0.065014 0.780132 0.510822 -0.355287
1311868193.038080 0.761608 -1.580633 2.837676 0.065050 0.781055 0.510929 -0.353090
1311868193.070262 0.757782 -1.582344 2.834680 0.064070 0.782274 0.511115 -0.350292
1311868193.105256 0.754097 -1.584092 2.830566 0.062191 0.783659 0.511017 -0.347668
1311868193.140696 0.751522 -1.584879 2.828804 0.060836 0.785198 0.510653 -0.344958
1311868193.172573 0.748670 -1.585919 2.825376 0.060237 0.786326 0.510465 -0.342766
1311868193.205121 0.750222 -1.585315 2.821346 0.062042 0.787487 0.509724 -0.340875
1311868193.238476 0.749282 -1.583509 2.820223 0.065855 0.789357 0.510273 -0.334965
1311868193.270506 0.744010 -1.585383 2.819209 0.070551 0.790204 0.512927 -0.327881
1311868193.309034 0.735055 -1.589620 2.815583 0.073810 0.790483 0.515613 -0.322230
1311868193.340807 0.730046 -1.591139 2.812991 0.074475 0.791523 0.516269 -0.318451
1311868193.370907 0.725803 -1.592358 2.812748 0.074129 0.792500 0.517556 -0.313980
1311868193.409261 0.717754 -1.595603 2.807711 0.073579 0.792729 0.519711 -0.309947
1311868193.438985 0.715312 -1.597647 2.805553 0.071670 0.794231 0.519540 -0.306821
1311868193.473196 0.709681 -1.600730 2.803587 0.069784 0.795220 0.520837 -0.302465
1311868193.507782 0.704150 -1.605645 2.798019 0.066396 0.796058 0.522132 -0.298766
1311868193.541208 0.699735 -1.609772 2.795017 0.061917 0.798187 0.521528 -0.295081
1311868193.573764 0.695838 -1.613533 2.793648 0.056868 0.800290 0.520742 -0.291770
1311868193.605992 0.693742 -1.617129 2.791212 0.053190 0.801654 0.520163 -0.289745
1311868193.640297 0.690048 -1.620813 2.787666 0.050819 0.802851 0.519964 -0.287200
1311868193.670172 0.686609 -1.624477 2.784318 0.048776 0.804299 0.519192 -0.284891
1311868193.710143 0.683782 -1.627311 2.782265 0.047493 0.805882 0.517944 -0.282899
1311868193.738312 0.679252 -1.630413 2.779472 0.046557 0.807425 0.516720 -0.280888
1311868193.771597 0.675753 -1.633170 2.777738 0.044764 0.809190 0.515017 -0.279223
1311868193.809392 0.671849 -1.635777 2.776699 0.042870 0.810580 0.513789 -0.277748
1311868193.838095 0.666156 -1.640318 2.773868 0.041226 0.811655 0.512433 -0.277360
1311868193.873184 0.662761 -1.643521 2.772391 0.039422 0.812663 0.510330 -0.278548
1311868193.909419 0.660311 -1.645944 2.769550 0.038464 0.813315 0.508498 -0.280123
1311868193.938105 0.659625 -1.648178 2.765985 0.038078 0.814376 0.506340 -0.281002
1311868193.972816 0.659388 -1.650272 2.765983 0.038236 0.815770 0.504637 -0.279997
1311868194.009150 0.656592 -1.653098 2.764806 0.038770 0.816606 0.504106 -0.278441
1311868194.038215 0.655385 -1.655131 2.764613 0.039478 0.817194 0.503535 -0.277647
1311868194.071381 0.653063 -1.657612 2.763222 0.040074 0.817347 0.503876 -0.276491
1311868194.108743 0.650640 -1.659489 2.765429 0.040139 0.817702 0.503951 -0.275292
1311868194.140638 0.650417 -1.659530 2.767096 0.039709 0.816725 0.505524 -0.275369
1311868194.172673 0.648393 -1.662101 2.761565 0.040541 0.814398 0.509150 -0.275459
1311868194.209517 0.647079 -1.664925 2.754583 0.041084 0.813785 0.510506 -0.274680
1311868194.243018 0.646015 -1.666585 2.755085 0.041149 0.814755 0.510374 -0.272029
1311868194.270035 0.641457 -1.670048 2.752494 0.041483 0.814524 0.511888 -0.269816
1311868194.309378 0.637189 -1.673455 2.747444 0.041785 0.814879 0.511480 -0.269469
1311868194.339184 0.635422 -1.675942 2.746662 0.041901 0.816001 0.509498 -0.269813
1311868194.370242 0.631369 -1.679649 2.744313 0.041937 0.816693 0.508125 -0.270303
1311868194.408223 0.629575 -1.682388 2.741948 0.041828 0.817384 0.506165 -0.271902
1311868194.439940 0.628362 -1.685006 2.739781 0.042132 0.818142 0.504201 -0.273220
1311868194.468912 0.625234 -1.688270 2.737997 0.041441 0.818862 0.502980 -0.273421
1311868194.508854 0.622020 -1.691715 2.735475 0.040060 0.819490 0.501668 -0.274153
1311868194.538360 0.620612 -1.694190 2.734299 0.038561 0.820384 0.499510 -0.275631
1311868194.568867 0.619939 -1.696176 2.732961 0.037090 0.820976 0.497936 -0.276914
1311868194.609529 0.618371 -1.698615 2.730890 0.036132 0.821500 0.496618 -0.277852
1311868194.645036 0.616950 -1.700435 2.728710 0.035522 0.822084 0.495211 -0.278715
1311868194.669010 0.617346 -1.702249 2.728026 0.034850 0.823009 0.493498 -0.279109
1311868194.710055 0.616580 -1.703595 2.726965 0.035466 0.823651 0.492328 -0.279205
1311868194.740970 0.616573 -1.705222 2.725220 0.037107 0.824330 0.490978 -0.279363
1311868194.768994 0.617158 -1.706754 2.723281 0.039350 0.825164 0.489911 -0.278464
1311868194.806949 0.618361 -1.708693 2.723603 0.041673 0.826333 0.489133 -0.276017
1311868194.842311 0.613846 -1.711907 2.722128 0.044614 0.827021 0.489270 -0.273242
1311868194.868966 0.608749 -1.714900 2.723848 0.045856 0.828509 0.487691 -0.271344
1311868194.909237 0.605690 -1.717312 2.727569 0.045608 0.829568 0.486199 -0.270825
1311868194.942724 0.601491 -1.720355 2.728116 0.044856 0.829836 0.485472 -0.271433
1311868194.968884 0.600097 -1.723166 2.729055 0.044131 0.830368 0.483513 -0.273416
1311868195.009219 0.600879 -1.724789 2.732376 0.043646 0.831080 0.481546 -0.274798
1311868195.038705 0.598866 -1.727009 2.735352 0.043768 0.831447 0.480867 -0.274858
1311868195.068954 0.595878 -1.730160 2.738004 0.043853 0.831812 0.480057 -0.275155
1311868195.109504 0.594286 -1.732698 2.743296 0.043337 0.832165 0.479271 -0.275540
1311868195.139745 0.590397 -1.735942 2.746914 0.042390 0.831936 0.479493 -0.275994
1311868195.168943 0.587257 -1.738486 2.750516 0.040167 0.831886 0.479221 -0.276947
1311868195.208719 0.586143 -1.741858 2.755071 0.038206 0.831884 0.478575 -0.278343
1311868195.238370 0.583987 -1.744422 2.759521 0.037444 0.831605 0.478165 -0.279982
1311868195.269090 0.581681 -1.747101 2.762829 0.036619 0.831585 0.477500 -0.281282
1311868195.314009 0.581615 -1.749721 2.769974 0.035838 0.832026 0.476389 -0.281959
1311868195.340715 0.578980 -1.752769 2.775445 0.036319 0.831841 0.476384 -0.282452
1311868195.368984 0.576210 -1.755836 2.781177 0.036812 0.831721 0.476029 -0.283339
1311868195.409401 0.573967 -1.758789 2.788078 0.036802 0.831644 0.475685 -0.284142
1311868195.441781 0.570677 -1.762337 2.795266 0.035620 0.831263 0.476111 -0.284694
1311868195.469182 0.567576 -1.765229 2.802623 0.033433 0.830703 0.476522 -0.285905
1311868195.508972 0.565590 -1.767666 2.810606 0.031381 0.829861 0.476780 -0.288145
1311868195.540776 0.565914 -1.769230 2.816461 0.029666 0.828584 0.477241 -0.291222
1311868195.569178 0.568560 -1.769781 2.823689 0.029678 0.827625 0.477437 -0.293614
1311868195.607032 0.568717 -1.770712 2.830992 0.030997 0.826426 0.479019 -0.294279
1311868195.641375 0.567280 -1.771157 2.838513 0.031919 0.825324 0.480954 -0.294117
1311868195.669012 0.566267 -1.771268 2.847036 0.032645 0.823766 0.483767 -0.293790
1311868195.710126 0.564232 -1.771672 2.853455 0.032535 0.822107 0.486682 -0.293636
1311868195.737290 0.562764 -1.771550 2.861160 0.032192 0.820698 0.489044 -0.293692
1311868195.769034 0.559711 -1.772848 2.867607 0.031544 0.819144 0.491304 -0.294328
1311868195.808835 0.557745 -1.772836 2.874559 0.030748 0.817912 0.492006 -0.296655
1311868195.837123 0.555661 -1.773216 2.881576 0.029387 0.816647 0.492180 -0.299972
1311868195.869116 0.556289 -1.774135 2.887747 0.027868 0.815446 0.491360 -0.304692
1311868195.906456 0.560154 -1.774954 2.894160 0.027031 0.814234 0.490250 -0.309754
1311868195.936986 0.565829 -1.776082 2.900111 0.027174 0.813028 0.489643 -0.313843
1311868195.969019 0.572422 -1.776604 2.905276 0.029370 0.811978 0.489883 -0.315982
1311868196.009280 0.577644 -1.776723 2.913646 0.032765 0.811344 0.490826 -0.315810
1311868196.036924 0.578482 -1.777787 2.919853 0.036202 0.809894 0.493558 -0.314900
1311868196.068988 0.580509 -1.778426 2.926101 0.038311 0.808552 0.495241 -0.315456
1311868196.107842 0.582619 -1.779233 2.931657 0.039900 0.806823 0.496867 -0.317124
1311868196.137076 0.586067 -1.780227 2.937128 0.040777 0.804995 0.498040 -0.319808
1311868196.168888 0.588708 -1.781128 2.942219 0.041725 0.802904 0.499377 -0.322842
1311868196.208314 0.591989 -1.782683 2.945844 0.041853 0.800755 0.500413 -0.326537
1311868196.236975 0.598518 -1.782962 2.950602 0.041414 0.799384 0.500215 -0.330234
1311868196.269144 0.603463 -1.783722 2.955255 0.042256 0.797849 0.500754 -0.333011
1311868196.307425 0.608575 -1.784986 2.959316 0.044579 0.796418 0.500435 -0.336595
1311868196.337126 0.613914 -1.785867 2.963747 0.047968 0.794875 0.500047 -0.340332
1311868196.369056 0.619072 -1.786403 2.968830 0.051371 0.793507 0.499721 -0.343491
1311868196.410126 0.624540 -1.787711 2.972420 0.054124 0.791855 0.500124 -0.346284
1311868196.437163 0.629444 -1.787878 2.978993 0.056474 0.790727 0.500260 -0.348283
1311868196.468966 0.634554 -1.788181 2.983748 0.058612 0.788757 0.501426 -0.350712
1311868196.507765 0.639984 -1.788217 2.988642 0.061421 0.786870 0.502432 -0.353022
1311868196.537088 0.643157 -1.788214 2.993189 0.064997 0.784944 0.503299 -0.355428
1311868196.569054 0.648934 -1.787788 2.999322 0.068947 0.783102 0.503638 -0.358253
1311868196.610073 0.650822 -1.787609 3.004449 0.072782 0.780914 0.505421 -0.359758
1311868196.637007 0.653204 -1.787958 3.010346 0.076277 0.778893 0.506251 -0.362240
1311868196.668957 0.655637 -1.788539 3.015455 0.079747 0.776764 0.507290 -0.364602
1311868196.709665 0.654353 -1.790101 3.021787 0.081755 0.775199 0.508419 -0.365912
1311868196.737079 0.652330 -1.792569 3.027857 0.082721 0.773802 0.508645 -0.368331
1311868196.769084 0.654637 -1.794408 3.035531 0.082542 0.772478 0.508057 -0.371944
1311868196.807613 0.656455 -1.796762 3.042573 0.082900 0.770589 0.508552 -0.375094
1311868196.837005 0.655283 -1.798766 3.047925 0.082619 0.769098 0.509423 -0.377030
1311868196.869030 0.653993 -1.801369 3.054602 0.081570 0.768312 0.509709 -0.378471
1311868196.909608 0.653487 -1.804701 3.061396 0.081435 0.767577 0.509215 -0.380649
1311868196.936988 0.653778 -1.807702 3.066424 0.081568 0.767004 0.508533 -0.382683
1311868196.969198 0.654819 -1.811080 3.074244 0.080842 0.767446 0.507850 -0.382857
1311868197.005107 0.652830 -1.814023 3.080376 0.079539 0.768003 0.508313 -0.381396
1311868197.036991 0.652291 -1.817129 3.088173 0.078293 0.769215 0.507928 -0.379721
1311868197.069116 0.650850 -1.820244 3.096631 0.077997 0.770002 0.508229 -0.377779
1311868197.105017 0.649673 -1.822520 3.105926 0.077053 0.770611 0.509478 -0.375039
1311868197.136991 0.644832 -1.824807 3.114460 0.076095 0.770668 0.511988 -0.371682
1311868197.169013 0.642067 -1.826283 3.123076 0.075320 0.770356 0.514214 -0.369407
1311868197.205086 0.639479 -1.828654 3.129234 0.074242 0.769923 0.517247 -0.366282
1311868197.237163 0.636013 -1.831261 3.136224 0.073023 0.770104 0.520244 -0.361876
1311868197.269183 0.632227 -1.833138 3.143083 0.072887 0.770450 0.522668 -0.357649
1311868197.305116 0.629492 -1.835637 3.150639 0.072187 0.771186 0.525072 -0.352647
1311868197.337258 0.624689 -1.838778 3.158643 0.070639 0.771980 0.528088 -0.346670
1311868197.369073 0.619468 -1.841375 3.167012 0.068910 0.772549 0.530499 -0.342039
1311868197.405204 0.615072 -1.843603 3.175378 0.067439 0.772691 0.532451 -0.338963
1311868197.437047 0.611131 -1.845597 3.183733 0.066710 0.772742 0.534192 -0.336241
1311868197.469173 0.607444 -1.847474 3.191847 0.066230 0.772781 0.536235 -0.332979
1311868197.505155 0.602910 -1.849327 3.200122 0.066387 0.772964 0.538195 -0.329342
1311868197.536977 0.596660 -1.850674 3.208366 0.068091 0.772692 0.539911 -0.326814
1311868197.569185 0.591521 -1.852136 3.217115 0.070345 0.772276 0.540985 -0.325541
1311868197.605169 0.586710 -1.853696 3.224545 0.072548 0.771493 0.542419 -0.324527
1311868197.637079 0.583936 -1.854849 3.231962 0.073984 0.771060 0.543640 -0.323186
1311868197.669130 0.580049 -1.856036 3.239441 0.075010 0.770614 0.545436 -0.320979
1311868197.705186 0.575775 -1.856877 3.247020 0.075784 0.770137 0.547159 -0.319001
1311868197.737277 0.572217 -1.857346 3.253747 0.075952 0.769470 0.548948 -0.317497
1311868197.769193 0.568761 -1.857996 3.259560 0.075263 0.769111 0.550580 -0.315697
1311868197.805395 0.564175 -1.858087 3.266438 0.076533 0.768638 0.551396 -0.315120
1311868197.837217 0.562539 -1.858955 3.271659 0.079234 0.767907 0.551417 -0.316196
1311868197.869114 0.560361 -1.858887 3.278097 0.082275 0.767408 0.551932 -0.315733
1311868197.905203 0.556768 -1.858750 3.283655 0.085623 0.766640 0.552741 -0.315293
1311868197.937196 0.553637 -1.857820 3.290070 0.088542 0.765622 0.553718 -0.315244
1311868197.969193 0.546880 -1.857064 3.294684 0.090066 0.764313 0.555399 -0.315033
1311868198.005244 0.541679 -1.856967 3.298861 0.089178 0.763477 0.556435 -0.315484
1311868198.037139 0.537966 -1.857786 3.302745 0.087685 0.762541 0.557352 -0.316545
1311868198.069220 0.533974 -1.857303 3.304491 0.087115 0.761661 0.557511 -0.318536
1311868198.105370 0.533123 -1.858249 3.307499 0.087303 0.761196 0.557126 -0.320265
1311868198.137212 0.530077 -1.858844 3.310400 0.088176 0.760942 0.557194 -0.320511
1311868198.169159 0.525212 -1.858964 3.312930 0.088606 0.760863 0.557433 -0.320164
1311868198.205266 0.520801 -1.859095 3.316175 0.088947 0.760996 0.557116 -0.320305
1311868198.237167 0.515088 -1.858534 3.319112 0.088951 0.760759 0.556772 -0.321462
1311868198.269205 0.510350 -1.858158 3.322312 0.089316 0.760186 0.555977 -0.324083
1311868198.305141 0.508300 -1.857339 3.324869 0.090098 0.759237 0.555332 -0.327183
1311868198.337248 0.507831 -1.855976 3.326710 0.091495 0.758413 0.555177 -0.328963
1311868198.369167 0.503243 -1.854213 3.328599 0.093688 0.757780 0.556108 -0.328233
1311868198.405114 0.495236 -1.852922 3.330568 0.095106 0.757496 0.557326 -0.326407
1311868198.437155 0.486089 -1.851820 3.330813 0.095788 0.757322 0.557874 -0.325676
1311868198.469161 0.480624 -1.851440 3.333227 0.095546 0.757346 0.557769 -0.325870
1311868198.505259 0.473859 -1.850105 3.333391 0.094469 0.757207 0.558210 -0.325752
1311868198.537261 0.468881 -1.849562 3.333960 0.092590 0.757280 0.558683 -0.325311
1311868198.569178 0.463516 -1.848866 3.334704 0.091149 0.757239 0.559654 -0.324143
1311868198.605102 0.457057 -1.847103 3.333164 0.089856 0.757176 0.560546 -0.323106
1311868198.637155 0.452959 -1.846591 3.333319 0.088571 0.757425 0.561298 -0.321571
1311868198.669124 0.447755 -1.845982 3.332712 0.087830 0.757471 0.562397 -0.319739
1311868198.705029 0.442722 -1.844934 3.331459 0.088288 0.757129 0.563593 -0.318316
1311868198.737178 0.437796 -1.844232 3.330505 0.089246 0.757016 0.564454 -0.316786
1311868198.769148 0.433608 -1.843704 3.330293 0.090377 0.756870 0.565661 -0.314654
1311868198.805122 0.426154 -1.841527 3.328351 0.090162 0.757097 0.567216 -0.311353
1311868198.837189 0.421153 -1.841765 3.328233 0.088253 0.757718 0.568439 -0.308142
1311868198.869154 0.413094 -1.839665 3.326257 0.086202 0.758378 0.569706 -0.304740
1311868198.905110 0.408231 -1.839584 3.325669 0.084684 0.759462 0.569539 -0.302775
1311868198.937129 0.402505 -1.838925 3.324987 0.084581 0.760523 0.569243 -0.300688
1311868198.969249 0.396988 -1.839313 3.325251 0.085072 0.761455 0.568874 -0.298883
1311868199.005125 0.390313 -1.838229 3.324855 0.085055 0.761973 0.568996 -0.297332
1311868199.037153 0.384853 -1.837896 3.325461 0.084343 0.762442 0.569125 -0.296083
1311868199.069162 0.378458 -1.836984 3.325419 0.083082 0.762477 0.569993 -0.294676
1311868199.105139 0.371942 -1.834364 3.324137 0.082432 0.762460 0.570233 -0.294438
1311868199.137202 0.368522 -1.833357 3.323570 0.082645 0.762771 0.569622 -0.294757
1311868199.169310 0.364491 -1.832691 3.322837 0.083807 0.763325 0.569253 -0.293704
1311868199.205167 0.360817 -1.832494 3.324179 0.085422 0.763899 0.569120 -0.291999
1311868199.237228 0.355051 -1.831170 3.323891 0.087442 0.764085 0.569190 -0.290775
1311868199.269349 0.350632 -1.830503 3.324673 0.089086 0.764121 0.569176 -0.290208
1311868199.305204 0.345671 -1.828830 3.324276 0.089238 0.764173 0.569633 -0.289127
1311868199.337251 0.340986 -1.827613 3.323682 0.088173 0.764545 0.569984 -0.287776
1311868199.369357 0.336723 -1.826483 3.323204 0.088034 0.764943 0.569636 -0.287450
1311868199.405159 0.334360 -1.825823 3.323003 0.089252 0.765210 0.569049 -0.287527
1311868199.437214 0.330891 -1.825100 3.322708 0.091515 0.765399 0.568997 -0.286413
1311868199.469396 0.326184 -1.823688 3.321859 0.093699 0.765953 0.568593 -0.285023
1311868199.505308 0.322480 -1.823427 3.321912 0.094628 0.766845 0.568210 -0.283077
1311868199.537263 0.318151 -1.822733 3.321412 0.094567 0.767728 0.568247 -0.280616
1311868199.569325 0.316554 -1.821960 3.321564 0.093995 0.768948 0.567835 -0.278294
1311868199.605264 0.314424 -1.821632 3.322042 0.094121 0.770025 0.568029 -0.274854
1311868199.637203 0.311508 -1.820376 3.321842 0.094133 0.771205 0.568575 -0.270378
1311868199.669160 0.307558 -1.820150 3.322814 0.094110 0.772625 0.569221 -0.264918
1311868199.705305 0.301483 -1.819385 3.323203 0.093964 0.773840 0.570051 -0.259585
1311868199.737153 0.296174 -1.819724 3.324511 0.093658 0.774900 0.570504 -0.255506
1311868199.769136 0.290766 -1.819982 3.325956 0.093876 0.775474 0.571183 -0.252145
1311868199.805309 0.285353 -1.820057 3.326820 0.093958 0.776044 0.571890 -0.248734
1311868199.837168 0.279790 -1.820416 3.328230 0.093583 0.776853 0.572737 -0.244363
1311868199.869232 0.273100 -1.820119 3.328371 0.092266 0.777964 0.573569 -0.239327
1311868199.905169 0.266457 -1.821759 3.330262 0.089689 0.779630 0.574069 -0.233619
1311868199.937209 0.258584 -1.822819 3.331726 0.087296 0.781172 0.574241 -0.228902
1311868199.969272 0.252179 -1.825030 3.333545 0.086005 0.782747 0.573530 -0.225772
1311868200.005247 0.247469 -1.828512 3.336849 0.085815 0.784171 0.572950 -0.222353
1311868200.037557 0.242417 -1.831316 3.340767 0.086494 0.785101 0.573271 -0.217932
1311868200.069418 0.233437 -1.833137 3.343684 0.087942 0.785478 0.574487 -0.212734
1311868200.105179 0.224394 -1.835056 3.347151 0.087126 0.786292 0.575413 -0.207494
1311868200.137281 0.215602 -1.836896 3.350644 0.083400 0.787208 0.576512 -0.202441
1311868200.169388 0.206661 -1.839085 3.354760 0.079345 0.787985 0.577262 -0.198881
1311868200.205451 0.199926 -1.842265 3.358837 0.077138 0.788405 0.577533 -0.197287
1311868200.237169 0.193775 -1.845732 3.363385 0.077071 0.788561 0.578074 -0.195096
1311868200.273397 0.186566 -1.847986 3.367988 0.077357 0.788820 0.578949 -0.191303
1311868200.305197 0.178802 -1.850515 3.373009 0.077239 0.789010 0.580121 -0.186967
1311868200.337233 0.170064 -1.851972 3.377164 0.076999 0.789149 0.581048 -0.183572
1311868200.373427 0.162968 -1.854386 3.382689 0.075993 0.789353 0.581676 -0.181108
1311868200.405205 0.156647 -1.856638 3.387680 0.074885 0.789261 0.582670 -0.178762
1311868200.437327 0.151143 -1.859025 3.392950 0.074879 0.788916 0.583815 -0.176533
1311868200.473305 0.145333 -1.860480 3.397875 0.076111 0.788287 0.585373 -0.173636
1311868200.505347 0.138244 -1.862123 3.402506 0.077046 0.787973 0.586742 -0.169989
1311868200.537240 0.130508 -1.863400 3.407497 0.076459 0.787996 0.587842 -0.166308
1311868200.573293 0.122902 -1.865792 3.412413 0.074721 0.788082 0.588625 -0.163904
1311868200.605204 0.116175 -1.867329 3.417479 0.073343 0.788158 0.588890 -0.163204
1311868200.637423 0.111328 -1.868914 3.422413 0.073894 0.788156 0.588648 -0.163840
1311868200.673455 0.106922 -1.871028 3.427537 0.075217 0.788368 0.588414 -0.163053
1311868200.705281 0.101132 -1.872673 3.432155 0.076510 0.788366 0.588757 -0.161212
1311868200.737553 0.095358 -1.873876 3.436404 0.077613 0.788550 0.588700 -0.159993
1311868200.773365 0.090487 -1.875766 3.440862 0.078019 0.788704 0.588687 -0.159079
1311868200.805217 0.085828 -1.876964 3.445063 0.078017 0.788860 0.588716 -0.158197
1311868200.837445 0.081648 -1.878356 3.448828 0.078530 0.788871 0.588799 -0.157578
1311868200.873224 0.078009 -1.879304 3.452132 0.079171 0.789044 0.588676 -0.156850
1311868200.905248 0.074345 -1.880410 3.455161 0.079279 0.789517 0.588435 -0.155311
1311868200.937356 0.070652 -1.881729 3.458217 0.079930 0.790172 0.587826 -0.153949
1311868200.973447 0.067413 -1.882922 3.461097 0.080901 0.790722 0.587255 -0.152792
1311868201.005304 0.063940 -1.883750 3.463970 0.081863 0.791233 0.586848 -0.151191
1311868201.037420 0.059726 -1.883796 3.465862 0.082555 0.791614 0.586583 -0.149839
1311868201.073245 0.055781 -1.884841 3.467923 0.082936 0.791875 0.586229 -0.149633
1311868201.105420 0.052311 -1.884652 3.469454 0.083893 0.791737 0.585977 -0.150817
1311868201.137460 0.049499 -1.885086 3.470371 0.084467 0.791855 0.585491 -0.151760
1311868201.173508 0.046631 -1.885049 3.471047 0.083972 0.792437 0.585022 -0.150801
1311868201.205336 0.044101 -1.886209 3.472225 0.083680 0.793282 0.584252 -0.149501
1311868201.237377 0.040751 -1.886779 3.473552 0.084160 0.793597 0.583975 -0.148638
1311868201.273379 0.036554 -1.886256 3.474087 0.084556 0.793527 0.584012 -0.148645
1311868201.305293 0.033309 -1.886433 3.474760 0.084641 0.793323 0.584144 -0.149165
1311868201.337491 0.029804 -1.885188 3.475036 0.085353 0.792835 0.584464 -0.150097
1311868201.373318 0.026621 -1.884656 3.474993 0.085811 0.792422 0.584708 -0.151063
1311868201.405299 0.023324 -1.883364 3.474542 0.085549 0.792294 0.584885 -0.151197
1311868201.437414 0.020484 -1.882633 3.474465 0.084918 0.792331 0.584912 -0.151256
1311868201.473238 0.017703 -1.882039 3.474146 0.084467 0.792508 0.584632 -0.151666
1311868201.505318 0.015650 -1.882138 3.474550 0.084846 0.792408 0.584566 -0.152230
1311868201.537450 0.013655 -1.881596 3.474159 0.085373 0.792296 0.584652 -0.152188
1311868201.573409 0.010786 -1.880458 3.473652 0.085235 0.792377 0.584895 -0.150902
1311868201.605366 0.007606 -1.879470 3.473245 0.084263 0.792666 0.584932 -0.149784
1311868201.637398 0.004288 -1.877680 3.472023 0.082753 0.793164 0.584677 -0.148983
1311868201.673519 0.001773 -1.877641 3.471674 0.081604 0.793819 0.584057 -0.148555
1311868201.705356 -0.001092 -1.876960 3.471369 0.081732 0.794213 0.583615 -0.148121
1311868201.737412 -0.003708 -1.876551 3.471228 0.082547 0.794299 0.583492 -0.147690
1311868201.773466 -0.006975 -1.876041 3.471679 0.083172 0.794168 0.583813 -0.146769
1311868201.805263 -0.010665 -1.874682 3.470843 0.083340 0.793656 0.584699 -0.145916
1311868201.837447 -0.013242 -1.873733 3.471553 0.083464 0.793327 0.585319 -0.145148
1311868201.873269 -0.016442 -1.872450 3.471218 0.082508 0.792822 0.586602 -0.143257
1311868201.905252 -0.020416 -1.871625 3.471654 0.080628 0.792355 0.588016 -0.141106
1311868201.937456 -0.024260 -1.870459 3.471298 0.079143 0.791700 0.589389 -0.139890
1311868201.973324 -0.028284 -1.869130 3.471098 0.077852 0.791176 0.590495 -0.138909
1311868202.005324 -0.032811 -1.868466 3.471799 0.076656 0.790754 0.591474 -0.137805
1311868202.037477 -0.037472 -1.867113 3.471846 0.075935 0.790177 0.592521 -0.137016
1311868202.073300 -0.041530 -1.867073 3.473013 0.075864 0.789798 0.593133 -0.136593
1311868202.105342 -0.045472 -1.866845 3.474246 0.076457 0.789227 0.594034 -0.135643
1311868202.137626 -0.049631 -1.866671 3.475586 0.076994 0.788421 0.595462 -0.133753
1311868202.173321 -0.054226 -1.865732 3.476844 0.076379 0.787826 0.596900 -0.131173
1311868202.205344 -0.058653 -1.864798 3.477516 0.074687 0.787351 0.598324 -0.128486
1311868202.237472 -0.062833 -1.865152 3.480537 0.073635 0.786929 0.599678 -0.125329
1311868202.273322 -0.068247 -1.863537 3.480938 0.072691 0.785706 0.602160 -0.121597
1311868202.305308 -0.074116 -1.862500 3.481728 0.072053 0.784810 0.603958 -0.118813
1311868202.337417 -0.080502 -1.862068 3.482382 0.072271 0.784028 0.605321 -0.116891
1311868202.373252 -0.087517 -1.861930 3.482792 0.073132 0.783212 0.606405 -0.116207
1311868202.405338 -0.093351 -1.860553 3.483352 0.073755 0.783192 0.606352 -0.116226
1311868202.437436 -0.099499 -1.860790 3.484708 0.073385 0.783350 0.606413 -0.115068
1311868202.473421 -0.106035 -1.861980 3.486084 0.072176 0.783665 0.606491 -0.113263
1311868202.505419 -0.113132 -1.863151 3.487964 0.070825 0.783566 0.607089 -0.111582
1311868202.537451 -0.121129 -1.863033 3.488758 0.068061 0.783307 0.607913 -0.110631
1311868202.573395 -0.129164 -1.863504 3.489258 0.065106 0.783267 0.608163 -0.111316
1311868202.605428 -0.135542 -1.863677 3.489890 0.063612 0.783304 0.607903 -0.113322
1311868202.637392 -0.141832 -1.865643 3.491394 0.063569 0.783510 0.607491 -0.114132
1311868202.673740 -0.148445 -1.866050 3.491914 0.063875 0.783779 0.607320 -0.113019
1311868202.705520 -0.156023 -1.867291 3.491786 0.063389 0.784334 0.606959 -0.111369
1311868202.737342 -0.164028 -1.867657 3.490652 0.061313 0.785036 0.606513 -0.110003
1311868202.773447 -0.171406 -1.868325 3.489583 0.058230 0.786279 0.605177 -0.110158
1311868202.805444 -0.177538 -1.868999 3.488894 0.055448 0.787746 0.603341 -0.111179
1311868202.837625 -0.183838 -1.871531 3.489017 0.054366 0.789390 0.601158 -0.111877
1311868202.873426 -0.188616 -1.873045 3.488779 0.055128 0.790410 0.599708 -0.112084
1311868202.905418 -0.193191 -1.874356 3.487719 0.056155 0.791607 0.598291 -0.110693
1311868202.937647 -0.196634 -1.874697 3.485367 0.055402 0.793379 0.596534 -0.107834
1311868202.973443 -0.200093 -1.875536 3.483150 0.053743 0.795342 0.594660 -0.104507
1311868203.005588 -0.203519 -1.876297 3.479847 0.052285 0.797034 0.592972 -0.101921
1311868203.037557 -0.206488 -1.877252 3.476378 0.051721 0.798534 0.591157 -0.101007
1311868203.073357 -0.208154 -1.879240 3.475570 0.052578 0.800296 0.588850 -0.100084
1311868203.105553 -0.209022 -1.879522 3.473408 0.054830 0.800921 0.588164 -0.097886
1311868203.137538 -0.207262 -1.880929 3.467466 0.058615 0.801638 0.587273 -0.095140
1311868203.173538 -0.207951 -1.884799 3.464133 0.064395 0.802452 0.586610 -0.088393
1311868203.205413 -0.212219 -1.883263 3.456389 0.069612 0.803573 0.585446 -0.081709
1311868203.237522 -0.216500 -1.884322 3.451141 0.071695 0.805634 0.582937 -0.077449
1311868203.273471 -0.219563 -1.887255 3.444850 0.071868 0.807366 0.580843 -0.074941
1311868203.305495 -0.222011 -1.890718 3.437765 0.070658 0.809408 0.578367 -0.073197
1311868203.337532 -0.224376 -1.895075 3.432336 0.068234 0.811809 0.575556 -0.071032
1311868203.373566 -0.226746 -1.898585 3.425904 0.064620 0.814464 0.572526 -0.068466
1311868203.405460 -0.227953 -1.902843 3.419807 0.061565 0.817028 0.569422 -0.066583
1311868203.437674 -0.227796 -1.907377 3.416023 0.059204 0.818998 0.567190 -0.063506
1311868203.473498 -0.227059 -1.909290 3.410601 0.056946 0.819891 0.566680 -0.058399
1311868203.505522 -0.226692 -1.911548 3.402848 0.056381 0.819816 0.567374 -0.053001
1311868203.537432 -0.229079 -1.915455 3.396085 0.059428 0.819945 0.567381 -0.047289
1311868203.573541 -0.235513 -1.917571 3.390973 0.060247 0.820765 0.566622 -0.040680
1311868203.605369 -0.241199 -1.919514 3.385721 0.058876 0.821319 0.566300 -0.035693
1311868203.637527 -0.247878 -1.921520 3.377717 0.058873 0.821315 0.566434 -0.033605
1311868203.673562 -0.251179 -1.924226 3.371746 0.059373 0.822510 0.564626 -0.033908
1311868203.705515 -0.253804 -1.925763 3.369340 0.058312 0.823654 0.563197 -0.031671
1311868203.737597 -0.258555 -1.926908 3.364664 0.056527 0.823634 0.563606 -0.027935
1311868203.773697 -0.262044 -1.929279 3.358025 0.056624 0.823163 0.564393 -0.025616
1311868203.805515 -0.263988 -1.930866 3.354897 0.057769 0.822975 0.564707 -0.021940
1311868203.837454 -0.268997 -1.930177 3.353867 0.058270 0.821072 0.567642 -0.015105
1311868203.873636 -0.277582 -1.932806 3.347104 0.056196 0.816705 0.574275 -0.006607
1311868203.905612 -0.286895 -1.937675 3.331673 0.054058 0.813458 0.579106 -0.001121
1311868203.937698 -0.295416 -1.943404 3.322853 0.054020 0.813633 0.578863 0.001184
1311868203.973618 -0.304588 -1.946033 3.316361 0.053018 0.814428 0.577833 0.002439
1311868204.005472 -0.311366 -1.950431 3.306507 0.051665 0.815649 0.576233 0.001506
1311868204.037612 -0.315655 -1.955256 3.302514 0.050732 0.818090 0.572844 0.002132
1311868204.073619 -0.323428 -1.959106 3.297317 0.049231 0.818786 0.571958 0.005522
1311868204.105511 -0.329375 -1.964013 3.287809 0.047882 0.819166 0.571498 0.008023
1311868204.137666 -0.335200 -1.968884 3.283386 0.048514 0.820156 0.569971 0.011127
1311868204.173662 -0.343590 -1.973070 3.274109 0.049791 0.820033 0.569960 0.014580
1311868204.205500 -0.352667 -1.977282 3.267686 0.051316 0.820758 0.568729 0.016429
1311868204.237660 -0.360364 -1.980425 3.262526 0.052025 0.821519 0.567535 0.017441
1311868204.273553 -0.366204 -1.983887 3.258433 0.051327 0.821752 0.567223 0.018619
1311868204.305523 -0.370551 -1.986157 3.254423 0.051107 0.821323 0.567786 0.020899
1311868204.337676 -0.376707 -1.988054 3.250325 0.050039 0.820325 0.569168 0.024711
1311868204.373570 -0.381123 -1.990083 3.245630 0.049592 0.819017 0.570933 0.028047
1311868204.405677 -0.386294 -1.992773 3.239229 0.050394 0.817449 0.572925 0.031535
1311868204.437659 -0.392141 -1.995385 3.237927 0.051354 0.816577 0.573838 0.035697
1311868204.473547 -0.399358 -1.996037 3.232800 0.050894 0.814291 0.576820 0.040236
1311868204.505479 -0.406455 -1.998874 3.223483 0.049426 0.813031 0.578464 0.043785
1311868204.537824 -0.415969 -2.001068 3.220382 0.047767 0.813152 0.578254 0.046097
1311868204.573698 -0.423489 -2.002854 3.213606 0.046097 0.813380 0.578134 0.045276
1311868204.605660 -0.428430 -2.007209 3.209897 0.044414 0.814754 0.576517 0.042805
1311868204.637637 -0.433923 -2.011425 3.206541 0.042443 0.815579 0.575626 0.041047
1311868204.673697 -0.438122 -2.016364 3.204021 0.039186 0.816513 0.574598 0.040110
1311868204.705514 -0.441518 -2.020697 3.202526 0.036153 0.816851 0.574294 0.040420
1311868204.737693 -0.445330 -2.025209 3.197941 0.034399 0.816500 0.574826 0.041473
1311868204.773695 -0.449503 -2.029095 3.194878 0.034830 0.816168 0.575199 0.042456
1311868204.805687 -0.450858 -2.033744 3.191558 0.036352 0.815707 0.575719 0.042999
1311868204.837551 -0.445973 -2.035995 3.193629 0.038773 0.815161 0.576160 0.045263
1311868204.873553 -0.449979 -2.042023 3.186008 0.042721 0.812643 0.578884 0.051765
1311868204.905660 -0.457222 -2.045599 3.181179 0.046257 0.811814 0.579132 0.058510
1311868204.937718 -0.472068 -2.047623 3.175110 0.049090 0.811155 0.579205 0.064339
1311868204.973649 -0.490595 -2.053056 3.165037 0.049426 0.811220 0.578955 0.065503
1311868205.006015 -0.498035 -2.057238 3.160525 0.047301 0.813226 0.576807 0.060992
1311868205.037739 -0.501669 -2.062583 3.158322 0.045171 0.815032 0.575029 0.054989
1311868205.073567 -0.503900 -2.067256 3.153080 0.043651 0.816085 0.574130 0.049743
1311868205.105654 -0.503566 -2.073505 3.149956 0.042745 0.817746 0.572141 0.046042
1311868205.137610 -0.504457 -2.077203 3.148759 0.042449 0.819057 0.570374 0.044903
1311868205.173557 -0.507331 -2.080691 3.143910 0.042067 0.819768 0.569361 0.045158
1311868205.205555 -0.512252 -2.084799 3.140543 0.042331 0.820966 0.567594 0.045387
1311868205.237795 -0.516738 -2.088697 3.137880 0.041607 0.822023 0.566147 0.044987
1311868205.273577 -0.519776 -2.092450 3.135266 0.040117 0.823022 0.564817 0.044807
1311868205.305573 -0.523541 -2.096103 3.130018 0.038132 0.824034 0.563485 0.044706
1311868205.337790 -0.523818 -2.099625 3.129130 0.036702 0.826042 0.560753 0.043176
1311868205.373547 -0.523416 -2.102651 3.127368 0.036420 0.827408 0.558764 0.043048
1311868205.405669 -0.522478 -2.106725 3.126074 0.036726 0.829222 0.555952 0.044273
1311868205.437684 -0.524328 -2.110202 3.122767 0.038769 0.830293 0.554016 0.046646
1311868205.473609 -0.529165 -2.114111 3.116896 0.041694 0.831939 0.551153 0.048681
1311868205.505684 -0.530935 -2.117017 3.113854 0.043925 0.834843 0.546454 0.049960
1311868205.537722 -0.533881 -2.120953 3.109681 0.047156 0.838012 0.541205 0.051079
1311868205.573643 -0.537267 -2.124473 3.107570 0.049814 0.841708 0.535148 0.051595
1311868205.605542 -0.539387 -2.126592 3.110634 0.051829 0.845176 0.529472 0.051486
1311868205.637725 -0.542169 -2.128219 3.111491 0.052575 0.847197 0.526106 0.052014
1311868205.673672 -0.547959 -2.130309 3.109529 0.051667 0.848553 0.523954 0.052541
1311868205.705594 -0.550508 -2.133514 3.107427 0.050271 0.850266 0.521514 0.050433
1311868205.737847 -0.546778 -2.135418 3.107093 0.049692 0.851445 0.520014 0.046459
1311868205.773626 -0.546308 -2.136403 3.104646 0.049293 0.851871 0.519507 0.044706
1311868205.805674 -0.547205 -2.137919 3.101528 0.048649 0.852317 0.518924 0.043657
1311868205.837631 -0.548019 -2.139982 3.097368 0.047813 0.852390 0.519009 0.042135
1311868205.873744 -0.547495 -2.141132 3.094761 0.047863 0.853474 0.517400 0.039861
1311868205.905586 -0.546661 -2.141796 3.092360 0.048488 0.854468 0.515839 0.037980
1311868205.937758 -0.549232 -2.143820 3.088828 0.048718 0.855492 0.514167 0.037314
1311868205.973702 -0.549717 -2.144717 3.087966 0.047624 0.856691 0.512309 0.036780
1311868206.005629 -0.550018 -2.146419 3.083030 0.046485 0.857517 0.511050 0.036501
1311868206.037992 -0.552522 -2.148589 3.078833 0.045594 0.858749 0.509094 0.035983
1311868206.073801 -0.552639 -2.151190 3.073600 0.045012 0.859556 0.507909 0.034137
1311868206.105664 -0.552446 -2.154836 3.068603 0.046421 0.860790 0.505816 0.032177
1311868206.137732 -0.553086 -2.157766 3.064696 0.049070 0.862180 0.503262 0.031056
1311868206.173808 -0.558238 -2.160249 3.059372 0.050468 0.863555 0.500744 0.031316
1311868206.205696 -0.566297 -2.162620 3.054898 0.050331 0.865332 0.497778 0.029745
1311868206.237864 -0.565983 -2.163074 3.055296 0.048944 0.867074 0.495124 0.025285
1311868206.273560 -0.567932 -2.164441 3.054001 0.046262 0.868165 0.493621 0.022058
1311868206.305562 -0.563957 -2.163604 3.050247 0.043735 0.868823 0.492845 0.018374
1311868206.337745 -0.561146 -2.162442 3.050827 0.042988 0.869696 0.491434 0.016510
1311868206.373776 -0.559710 -2.160139 3.052780 0.042777 0.869841 0.491206 0.016224
1311868206.405629 -0.562518 -2.157554 3.051163 0.042428 0.869311 0.492159 0.016679
1311868206.437725 -0.561898 -2.155418 3.050738 0.041151 0.868993 0.492853 0.015928
1311868206.473742 -0.559053 -2.152745 3.052763 0.041045 0.868527 0.493705 0.015245
1311868206.505757 -0.554430 -2.147653 3.055706 0.042231 0.867670 0.495101 0.015525
1311868206.537710 -0.553327 -2.141261 3.058745 0.042421 0.866818 0.496479 0.018296
1311868206.573663 -0.554506 -2.135259 3.061379 0.040483 0.865662 0.498534 0.021325
1311868206.605908 -0.557550 -2.129551 3.061187 0.037609 0.864548 0.500572 0.023870
1311868206.637808 -0.558057 -2.125013 3.063585 0.033078 0.863668 0.502341 0.025221
1311868206.673806 -0.558344 -2.120224 3.062733 0.028265 0.862524 0.504573 0.025665
1311868206.705664 -0.556683 -2.117148 3.064574 0.024008 0.862108 0.505505 0.025661
1311868206.737742 -0.553951 -2.114245 3.067718 0.022180 0.861401 0.506741 0.026633
1311868206.773721 -0.553635 -2.110712 3.068638 0.022496 0.859972 0.509025 0.028927
1311868206.805720 -0.554663 -2.107239 3.070381 0.023020 0.858941 0.510533 0.032357
1311868206.837709 -0.558953 -2.102417 3.070779 0.022781 0.857912 0.512004 0.036344
1311868206.873715 -0.563013 -2.099109 3.072895 0.021752 0.857481 0.512575 0.038996
1311868206.906005 -0.566901 -2.095288 3.074732 0.020630 0.856788 0.513649 0.040676
1311868206.938074 -0.568244 -2.092247 3.077482 0.019898 0.856809 0.513580 0.041450
1311868206.973664 -0.569449 -2.087624 3.085597 0.019713 0.856500 0.513897 0.043931
1311868207.005651 -0.574532 -2.082997 3.088960 0.019761 0.855513 0.515186 0.047857
1311868207.037758 -0.581339 -2.079802 3.089786 0.018644 0.854486 0.516597 0.051320
1311868207.073774 -0.586779 -2.078346 3.090037 0.016423 0.854207 0.517019 0.052452
1311868207.105726 -0.588852 -2.076954 3.095744 0.014214 0.854413 0.516633 0.053553
1311868207.137747 -0.592322 -2.074596 3.100432 0.012935 0.854069 0.516930 0.056408
1311868207.173797 -0.596227 -2.071867 3.104494 0.012224 0.853583 0.517374 0.059756
1311868207.205787 -0.602135 -2.069326 3.108215 0.011619 0.853063 0.517809 0.063424
1311868207.237785 -0.606429 -2.066687 3.113095 0.011393 0.852715 0.518002 0.066491
1311868207.273845 -0.611599 -2.064374 3.116503 0.012039 0.851877 0.518939 0.069726
1311868207.305734 -0.616891 -2.062097 3.118765 0.013105 0.851047 0.519898 0.072485
1311868207.337883 -0.623273 -2.059256 3.122877 0.015143 0.850263 0.520749 0.075119
1311868207.373739 -0.629299 -2.057202 3.125440 0.017301 0.849340 0.521823 0.077607
1311868207.405766 -0.636826 -2.054237 3.129687 0.020148 0.848485 0.522691 0.080378
1311868207.437999 -0.645300 -2.050480 3.132163 0.023137 0.847152 0.524436 0.082249
1311868207.473631 -0.654068 -2.046802 3.133125 0.025171 0.846233 0.525749 0.082728
1311868207.505671 -0.661982 -2.042849 3.137419 0.025199 0.846288 0.525689 0.082541
1311868207.537787 -0.668883 -2.039014 3.140451 0.023959 0.845889 0.526450 0.082151
1311868207.573858 -0.673002 -2.036582 3.144174 0.023038 0.845801 0.526843 0.080782
1311868207.605696 -0.677093 -2.033190 3.148528 0.022849 0.845388 0.527659 0.079832
1311868207.637684 -0.681091 -2.029072 3.154008 0.022894 0.845081 0.528175 0.079660
1311868207.673813 -0.688495 -2.022600 3.159775 0.023517 0.844486 0.528948 0.080651
1311868207.705850 -0.693420 -2.018903 3.162039 0.022564 0.843734 0.530149 0.080911
1311868207.737830 -0.698647 -2.014698 3.166017 0.021124 0.843104 0.531189 0.081040
1311868207.773705 -0.703803 -2.011467 3.168114 0.019697 0.842264 0.532636 0.080637
1311868207.805764 -0.707795 -2.008626 3.171139 0.019387 0.841457 0.534055 0.079754
1311868207.837900 -0.715702 -2.003171 3.176244 0.020368 0.841103 0.534637 0.079337
1311868207.873905 -0.720025 -2.000649 3.178877 0.018753 0.840441 0.535957 0.077837
1311868207.905716 -0.723486 -1.997982 3.182240 0.017134 0.839903 0.537063 0.076370
1311868207.937792 -0.726959 -1.995817 3.185912 0.015389 0.839429 0.538050 0.074995
1311868207.973830 -0.728916 -1.994827 3.188321 0.014200 0.838667 0.539453 0.073665
1311868208.005771 -0.733161 -1.992101 3.193015 0.014179 0.838260 0.540129 0.073347
1311868208.037660 -0.739703 -1.986099 3.201357 0.014618 0.838420 0.539863 0.073390
1311868208.073670 -0.742674 -1.983944 3.206625 0.013264 0.837844 0.540759 0.073628
1311868208.105716 -0.745998 -1.981437 3.210546 0.011328 0.836983 0.542059 0.074175
1311868208.137703 -0.749320 -1.978723 3.216285 0.008895 0.836412 0.542917 0.074680
1311868208.173832 -0.753214 -1.974635 3.221647 0.006202 0.835560 0.544226 0.074958
1311868208.205778 -0.757621 -1.971553 3.227737 0.004089 0.835137 0.544947 0.074583
1311868208.237842 -0.760926 -1.968875 3.234153 0.002541 0.834579 0.545895 0.073965
1311868208.273904 -0.763262 -1.966393 3.240060 0.001117 0.833830 0.547117 0.073407
1311868208.305987 -0.765688 -1.965137 3.245138 0.000603 0.833001 0.548367 0.073506
1311868208.337811 -0.768643 -1.962797 3.251450 0.001240 0.832281 0.549385 0.074050
1311868208.373775 -0.773053 -1.959990 3.257865 0.002705 0.831579 0.550259 0.075389
1311868208.405751 -0.778012 -1.957730 3.262487 0.003876 0.830609 0.551547 0.076610
1311868208.437928 -0.783191 -1.955124 3.268032 0.005193 0.829791 0.552689 0.077169
1311868208.473867 -0.788736 -1.952328 3.272224 0.006286 0.828760 0.554168 0.077555
1311868208.505780 -0.794342 -1.950074 3.275175 0.007108 0.827923 0.555446 0.077284
1311868208.537898 -0.798889 -1.948006 3.279266 0.007885 0.827782 0.555691 0.076948
1311868208.573867 -0.803401 -1.945864 3.281738 0.007821 0.827838 0.555550 0.077374
1311868208.605746 -0.808421 -1.943457 3.288363 0.009108 0.828190 0.554974 0.077605
1311868208.637812 -0.813368 -1.939359 3.295077 0.010650 0.827609 0.555680 0.078554
1311868208.673890 -0.819401 -1.934631 3.299612 0.012584 0.825973 0.558003 0.079009
1311868208.705751 -0.823714 -1.930942 3.303316 0.014641 0.824285 0.560483 0.078732
1311868208.737756 -0.827771 -1.926639 3.307068 0.015590 0.822718 0.562716 0.079015
1311868208.773982 -0.833344 -1.921764 3.311416 0.015155 0.821180 0.564881 0.079644
1311868208.805683 -0.837209 -1.917948 3.312284 0.014618 0.819208 0.567857 0.078883
1311868208.837756 -0.840318 -1.914255 3.316291 0.015773 0.817999 0.569748 0.077569
1311868208.873831 -0.843169 -1.909570 3.321112 0.016180 0.816402 0.572048 0.077374
1311868208.905749 -0.845148 -1.905614 3.320955 0.015911 0.814450 0.574800 0.077609
1311868208.937746 -0.847768 -1.901129 3.323980 0.017607 0.813503 0.576219 0.076647
1311868208.973765 -0.850228 -1.896432 3.326245 0.019298 0.812502 0.577679 0.075863
1311868209.005773 -0.852719 -1.890057 3.330274 0.019071 0.811833 0.578684 0.075423
1311868209.037800 -0.855156 -1.884943 3.331307 0.017441 0.811265 0.579642 0.074565
1311868209.073793 -0.857608 -1.879425 3.335013 0.016350 0.810749 0.580598 0.072976
1311868209.105762 -0.860194 -1.874099 3.337848 0.016513 0.809701 0.582245 0.071426
1311868209.137783 -0.861263 -1.868432 3.339361 0.016852 0.808376 0.584276 0.069757
1311868209.173775 -0.862096 -1.862023 3.343638 0.016877 0.807516 0.585496 0.069473
1311868209.205770 -0.863000 -1.855586 3.344313 0.016161 0.805788 0.587756 0.070621
1311868209.237811 -0.863324 -1.849540 3.343107 0.015619 0.804285 0.589694 0.071709
1311868209.273776 -0.864824 -1.843689 3.341941 0.015471 0.803338 0.590865 0.072715
1311868209.305793 -0.867490 -1.837778 3.341684 0.015530 0.802551 0.591829 0.073543
1311868209.341866 -0.869463 -1.831538 3.339013 0.016212 0.801502 0.593341 0.072644
1311868209.373893 -0.872656 -1.825625 3.339194 0.018680 0.800998 0.594219 0.070408
1311868209.405777 -0.876888 -1.819195 3.339716 0.021447 0.800147 0.595463 0.068763
1311868209.441953 -0.879441 -1.811916 3.339583 0.023668 0.799170 0.596796 0.067834
1311868209.473809 -0.880722 -1.804786 3.336264 0.025114 0.798479 0.597712 0.067392
1311868209.505812 -0.883459 -1.798819 3.334483 0.026840 0.798809 0.597240 0.066994
1311868209.541800 -0.887887 -1.793765 3.333966 0.027471 0.799116 0.596594 0.068817
1311868209.573944 -0.889765 -1.787014 3.330436 0.026700 0.798985 0.596581 0.070721
1311868209.606012 -0.892572 -1.781694 3.328548 0.028358 0.799038 0.596354 0.071390
1311868209.642092 -0.894829 -1.776209 3.326782 0.031182 0.798412 0.596970 0.072064
1311868209.674036 -0.896108 -1.772021 3.323988 0.032828 0.797716 0.597526 0.074395
1311868209.705861 -0.899095 -1.767519 3.320020 0.033699 0.796718 0.598403 0.077577
1311868209.741975 -0.900706 -1.762984 3.315145 0.033505 0.796222 0.598909 0.078842
1311868209.773937 -0.903465 -1.758967 3.312648 0.032715 0.796530 0.598426 0.079725
1311868209.805796 -0.906479 -1.755317 3.310152 0.030349 0.797028 0.597853 0.079977
1311868209.841897 -0.907551 -1.751596 3.308349 0.027030 0.797578 0.597442 0.078753
1311868209.873884 -0.909259 -1.746854 3.307802 0.024431 0.798286 0.596752 0.077647
1311868209.905787 -0.908556 -1.741502 3.306412 0.022242 0.799189 0.595838 0.076030
1311868209.942127 -0.909556 -1.738849 3.307149 0.021613 0.800601 0.593958 0.076057
1311868209.974102 -0.909894 -1.734858 3.306268 0.021914 0.801160 0.593039 0.077247
1311868210.005883 -0.909980 -1.731748 3.305060 0.023291 0.801636 0.592258 0.077898
1311868210.042009 -0.910808 -1.728917 3.304469 0.024864 0.802266 0.591178 0.079125
1311868210.073822 -0.911465 -1.725803 3.303861 0.025266 0.802617 0.590503 0.080460
1311868210.105867 -0.912972 -1.722115 3.304096 0.024763 0.803407 0.589226 0.082081
1311868210.141864 -0.914654 -1.718947 3.303206 0.023203 0.803624 0.588882 0.082879
1311868210.173922 -0.913886 -1.715236 3.302534 0.021369 0.804033 0.588441 0.082535
1311868210.205786 -0.914868 -1.712219 3.303513 0.020787 0.804674 0.587508 0.083085
1311868210.241903 -0.915102 -1.709104 3.303847 0.020431 0.804481 0.587702 0.083660
1311868210.273969 -0.915267 -1.705398 3.304489 0.021063 0.804248 0.587897 0.084369
1311868210.305977 -0.915545 -1.702340 3.305241 0.021992 0.803711 0.588400 0.085729
1311868210.341851 -0.916904 -1.699411 3.305604 0.022518 0.802574 0.589623 0.087820
1311868210.373834 -0.917106 -1.696963 3.304733 0.022920 0.801239 0.591204 0.089265
1311868210.405885 -0.917813 -1.694366 3.304678 0.022965 0.800315 0.592337 0.090032
1311868210.441961 -0.919440 -1.692011 3.305077 0.022616 0.799274 0.593620 0.090909
1311868210.473857 -0.919905 -1.690390 3.303256 0.022176 0.798377 0.594816 0.091081
1311868210.505879 -0.919467 -1.687626 3.303551 0.022516 0.798568 0.594619 0.090612
1311868210.541924 -0.919563 -1.685837 3.303702 0.023951 0.798829 0.594125 0.091175
1311868210.573923 -0.921165 -1.684523 3.303738 0.026183 0.798612 0.594145 0.092330
1311868210.605964 -0.922426 -1.683343 3.302808 0.028614 0.798122 0.594519 0.093433
1311868210.642018 -0.924808 -1.682654 3.302574 0.030253 0.797649 0.594814 0.095057
1311868210.673897 -0.925463 -1.680905 3.301346 0.030224 0.797401 0.594905 0.096573
1311868210.705897 -0.927520 -1.680134 3.300330 0.029192 0.797674 0.594303 0.098329
1311868210.742133 -0.928598 -1.679053 3.299882 0.027783 0.798295 0.593327 0.099580
1311868210.774018 -0.930089 -1.678705 3.299731 0.026197 0.799149 0.591945 0.101371
1311868210.805942 -0.932887 -1.678740 3.299220 0.024801 0.799847 0.590567 0.104212
1311868210.841882 -0.934688 -1.678193 3.298572 0.023972 0.800530 0.589244 0.106625
1311868210.873988 -0.938790 -1.678492 3.298016 0.023794 0.801328 0.587664 0.109354
1311868210.905826 -0.944718 -1.679052 3.298614 0.023991 0.801540 0.586628 0.113252
1311868210.942021 -0.947390 -1.677343 3.297134 0.024009 0.801364 0.586246 0.116427
1311868210.974235 -0.952800 -1.677255 3.295907 0.024622 0.801291 0.585834 0.118849
1311868211.005839 -0.958908 -1.676816 3.294651 0.024349 0.800691 0.586159 0.121316
1311868211.041878 -0.963504 -1.674849 3.293241 0.022369 0.800459 0.586246 0.122806
1311868211.074009 -0.969154 -1.673338 3.292637 0.020642 0.800513 0.586031 0.123776
1311868211.106006 -0.975116 -1.671230 3.291816 0.019077 0.800564 0.585740 0.125070
1311868211.142002 -0.982557 -1.670347 3.291413 0.018179 0.800532 0.585458 0.126712
1311868211.174051 -0.988415 -1.668229 3.290957 0.018725 0.800193 0.585676 0.127767
1311868211.205845 -0.995825 -1.667133 3.290711 0.020209 0.800056 0.585564 0.128909
1311868211.241987 -1.004908 -1.666195 3.291681 0.021248 0.799391 0.585856 0.131511
1311868211.274088 -1.012837 -1.665213 3.290949 0.020728 0.798549 0.586345 0.134493
1311868211.306090 -1.021897 -1.664171 3.290622 0.019046 0.797894 0.586612 0.137439
1311868211.342241 -1.030211 -1.663279 3.289474 0.016360 0.797590 0.586665 0.139308
1311868211.374052 -1.039525 -1.661987 3.288873 0.014605 0.797465 0.586747 0.139874
1311868211.406119 -1.049524 -1.661321 3.289726 0.014585 0.797393 0.586779 0.140154
1311868211.442216 -1.058665 -1.660002 3.290580 0.014243 0.796973 0.587011 0.141594
1311868211.473939 -1.067779 -1.658933 3.290477 0.013564 0.796599 0.587059 0.143554
1311868211.505937 -1.077076 -1.658396 3.290221 0.012575 0.796496 0.586731 0.145541
1311868211.541927 -1.086936 -1.657763 3.290026 0.011283 0.796466 0.586257 0.147708
1311868211.573950 -1.095469 -1.656927 3.290141 0.010237 0.796583 0.585843 0.148793
1311868211.606012 -1.104723 -1.656254 3.291275 0.009637 0.796843 0.585212 0.149917
1311868211.642009 -1.114088 -1.655488 3.292509 0.009720 0.796551 0.585198 0.151509
1311868211.674030 -1.122736 -1.654536 3.293202 0.009714 0.795985 0.585516 0.153250
1311868211.706002 -1.131638 -1.653679 3.293982 0.009491 0.795233 0.586086 0.154978
1311868211.742056 -1.139676 -1.652718 3.294391 0.008496 0.794482 0.586830 0.156064
1311868211.773982 -1.148087 -1.651956 3.295473 0.007373 0.794029 0.587389 0.156325
1311868211.806164 -1.154644 -1.650450 3.296419 0.006884 0.793709 0.588044 0.155508
1311868211.842132 -1.162063 -1.649459 3.297997 0.007391 0.793677 0.588269 0.154796
1311868211.873907 -1.170406 -1.648760 3.300400 0.008201 0.793390 0.588495 0.155365
1311868211.906024 -1.178660 -1.648076 3.301405 0.008867 0.792525 0.589391 0.156344
1311868211.942293 -1.186821 -1.647241 3.302410 0.009513 0.792083 0.589940 0.156477
1311868211.974041 -1.194751 -1.646850 3.303751 0.009313 0.791794 0.590332 0.156471
1311868212.005902 -1.201947 -1.646021 3.304536 0.008107 0.791371 0.591010 0.156116
1311868212.042182 -1.208372 -1.645111 3.305959 0.007185 0.791372 0.591383 0.154743
1311868212.074044 -1.216264 -1.644461 3.307110 0.007600 0.791171 0.591921 0.153692
1311868212.105906 -1.224324 -1.643917 3.309013 0.007997 0.790659 0.592558 0.153852
1311868212.142105 -1.230672 -1.643116 3.309109 0.007156 0.789798 0.593515 0.154620
1311868212.174023 -1.235140 -1.642236 3.309778 0.006618 0.789895 0.593657 0.153598
1311868212.206126 -1.241773 -1.641817 3.310854 0.007037 0.790064 0.593704 0.152528
1311868212.242313 -1.248854 -1.641383 3.311687 0.007248 0.790014 0.593710 0.152752
1311868212.274255 -1.253914 -1.641297 3.312368 0.007259 0.790130 0.593481 0.153044
1311868212.306028 -1.259705 -1.641075 3.312259 0.007291 0.790293 0.593163 0.153433
1311868212.342124 -1.265729 -1.641676 3.311472 0.006446 0.790400 0.592901 0.153928
1311868212.374157 -1.269147 -1.640845 3.311812 0.005972 0.790950 0.592538 0.152514
1311868212.406130 -1.272892 -1.639878 3.311415 0.007280 0.791274 0.592814 0.149680
1311868212.442138 -1.279180 -1.639668 3.310115 0.008500 0.791380 0.593083 0.147979
1311868212.474044 -1.282527 -1.638135 3.309404 0.009317 0.791681 0.593152 0.146032
1311868212.506032 -1.287277 -1.637819 3.307783 0.010303 0.792304 0.592652 0.144607
1311868212.542167 -1.291874 -1.637225 3.306543 0.010327 0.792833 0.592020 0.144295
1311868212.574023 -1.294489 -1.636288 3.305074 0.009840 0.793375 0.591495 0.143500
1311868212.606112 -1.297186 -1.635782 3.303502 0.010360 0.794082 0.591039 0.141419
1311868212.642096 -1.301551 -1.635620 3.301901 0.011215 0.794492 0.590985 0.139258
1311868212.674200 -1.304832 -1.634110 3.299932 0.011314 0.794819 0.590883 0.137812
1311868212.706878 -1.307630 -1.632865 3.298430 0.011393 0.795531 0.590186 0.136680
1311868212.742196 -1.311783 -1.632088 3.296607 0.011484 0.796137 0.589492 0.136139
1311868212.773943 -1.315185 -1.631909 3.293842 0.010861 0.796274 0.589396 0.135803
1311868212.806006 -1.317734 -1.630818 3.291982 0.010627 0.796743 0.588936 0.135065
1311868212.842064 -1.321492 -1.630123 3.289893 0.010286 0.796854 0.588857 0.134781
1311868212.874075 -1.324301 -1.629093 3.287177 0.009188 0.797100 0.588601 0.134520
1311868212.906161 -1.327845 -1.628507 3.283887 0.007878 0.797232 0.588497 0.134276
1311868212.942123 -1.329750 -1.626489 3.281510 0.006570 0.797605 0.588211 0.133378
1311868212.974154 -1.332987 -1.624995 3.279413 0.006383 0.798447 0.587255 0.132567
1311868213.006193 -1.336374 -1.623016 3.277314 0.007302 0.798426 0.587267 0.132589
1311868213.042223 -1.338658 -1.620371 3.275022 0.008847 0.798413 0.587135 0.133156
1311868213.073951 -1.342444 -1.619369 3.269799 0.009873 0.797721 0.587666 0.134879
1311868213.106053 -1.345416 -1.617862 3.264544 0.009447 0.797424 0.587628 0.136817
1311868213.142119 -1.348017 -1.615928 3.260535 0.008416 0.797632 0.586904 0.138767
1311868213.174219 -1.349284 -1.613888 3.256752 0.007037 0.798241 0.585659 0.140587
1311868213.206347 -1.350932 -1.611741 3.253017 0.006384 0.799202 0.583850 0.142670
1311868213.242209 -1.352664 -1.610168 3.247656 0.006407 0.799713 0.582551 0.145093
1311868213.274014 -1.354135 -1.609211 3.241588 0.006721 0.800219 0.581314 0.147238
1311868213.306151 -1.358407 -1.608059 3.235938 0.006510 0.801005 0.579470 0.150210
1311868213.342368 -1.360830 -1.606614 3.230089 0.005459 0.801541 0.578156 0.152443
1311868213.374390 -1.364473 -1.604891 3.224295 0.005030 0.801578 0.577648 0.154178
1311868213.406010 -1.366752 -1.602529 3.219083 0.005362 0.801055 0.578085 0.155240
1311868213.442300 -1.369380 -1.599748 3.214170 0.006116 0.800365 0.578636 0.156715
1311868213.474546 -1.373009 -1.597687 3.208852 0.005454 0.799536 0.579058 0.159388
1311868213.506347 -1.376118 -1.595768 3.204039 0.003472 0.798819 0.579305 0.162117
1311868213.542189 -1.378479 -1.593682 3.199855 0.001374 0.798419 0.579322 0.164044
1311868213.574297 -1.381574 -1.591063 3.196063 -0.000250 0.798143 0.579143 0.166013
1311868213.608357 -1.384541 -1.588852 3.191889 -0.002013 0.797776 0.578923 0.168514
1311868213.642086 -1.386617 -1.586771 3.187413 -0.004078 0.797538 0.578648 0.170537
1311868213.674238 -1.388186 -1.583985 3.183425 -0.005499 0.798112 0.577562 0.171491
1311868213.706267 -1.390492 -1.581791 3.180194 -0.005827 0.798783 0.576464 0.172049
1311868213.742210 -1.392282 -1.578509 3.177368 -0.004934 0.799409 0.575532 0.172288
1311868213.774084 -1.394886 -1.576284 3.172967 -0.002457 0.799410 0.575453 0.172602
1311868213.806247 -1.397561 -1.573941 3.168870 0.000741 0.799306 0.575561 0.172741
1311868213.842211 -1.400349 -1.572719 3.164434 0.002819 0.799224 0.575487 0.173343
1311868213.874145 -1.403315 -1.571888 3.159714 0.003396 0.799293 0.575070 0.174395
1311868213.906335 -1.405753 -1.570912 3.155657 0.003470 0.799667 0.574422 0.174812
1311868213.942213 -1.408230 -1.570110 3.152243 0.003544 0.800137 0.573593 0.175382
1311868213.974085 -1.409384 -1.568332 3.150344 0.002917 0.801365 0.571605 0.176279
1311868214.006317 -1.409615 -1.566563 3.148507 0.003215 0.802806 0.569076 0.177892
1311868214.042178 -1.411841 -1.566271 3.145260 0.004289 0.803307 0.567363 0.181052
1311868214.074100 -1.412707 -1.566128 3.141790 0.006319 0.803339 0.566756 0.182741
1311868214.106187 -1.414863 -1.565293 3.139245 0.010608 0.802953 0.566963 0.183595
1311868214.142287 -1.416937 -1.563755 3.138140 0.014970 0.802213 0.567625 0.184476
1311868214.174039 -1.417801 -1.561824 3.136424 0.019181 0.801256 0.568383 0.185908
1311868214.206335 -1.420072 -1.560774 3.134636 0.022290 0.800200 0.568612 0.189379
1311868214.242159 -1.420559 -1.560219 3.131777 0.022422 0.799737 0.568129 0.192738
1311868214.274221 -1.421301 -1.559880 3.128120 0.021730 0.799771 0.567559 0.194348
1311868214.306406 -1.422388 -1.559130 3.124602 0.021165 0.800252 0.567086 0.193810
1311868214.342288 -1.425235 -1.557574 3.122943 0.021111 0.800798 0.566428 0.193484
1311868214.374244 -1.428109 -1.556422 3.120740 0.021111 0.800756 0.566158 0.194445
1311868214.406227 -1.430193 -1.554636 3.118186 0.022669 0.800241 0.566334 0.195876
1311868214.442184 -1.432976 -1.553605 3.115771 0.024540 0.799837 0.566052 0.198101
1311868214.474262 -1.435831 -1.552895 3.113885 0.024370 0.799786 0.564990 0.201335
1311868214.506579 -1.438145 -1.552009 3.111368 0.022632 0.799670 0.564063 0.204570
1311868214.542302 -1.439188 -1.550990 3.108298 0.020786 0.799807 0.563394 0.206069
1311868214.574356 -1.442473 -1.549502 3.106091 0.020096 0.800167 0.562293 0.207739
1311868214.606407 -1.445236 -1.548148 3.103407 0.019751 0.799851 0.561508 0.211087
1311868214.642280 -1.447971 -1.546925 3.101043 0.019598 0.799531 0.560284 0.215518
1311868214.674410 -1.451084 -1.545279 3.097214 0.019846 0.798957 0.559342 0.220026
1311868214.706198 -1.454237 -1.544119 3.093430 0.019980 0.798657 0.558250 0.223841
1311868214.742333 -1.457281 -1.543148 3.089215 0.019919 0.798444 0.557009 0.227667
1311868214.774481 -1.460986 -1.541621 3.086058 0.019072 0.798471 0.555081 0.232305
1311868214.806468 -1.463602 -1.541110 3.081687 0.017156 0.798383 0.553024 0.237602
1311868214.842297 -1.465832 -1.539880 3.077435 0.015231 0.798599 0.550487 0.242840
1311868214.874290 -1.469168 -1.539191 3.073821 0.014943 0.798672 0.548309 0.247504
1311868214.906326 -1.473439 -1.537940 3.070698 0.015852 0.797625 0.547609 0.252324
1311868214.942194 -1.477478 -1.536360 3.067017 0.016072 0.796203 0.547259 0.257508
1311868214.974404 -1.480880 -1.534816 3.063962 0.014232 0.795122 0.546365 0.262800
1311868215.006391 -1.484820 -1.533899 3.059234 0.010242 0.794658 0.544773 0.267648
1311868215.042220 -1.489091 -1.533318 3.054492 0.006047 0.794795 0.543037 0.270880
1311868215.074234 -1.492062 -1.533087 3.050238 0.003378 0.794861 0.541994 0.272814
1311868215.106202 -1.494254 -1.532945 3.045585 0.002440 0.794859 0.540904 0.274985
1311868215.142266 -1.498373 -1.532634 3.041518 0.002175 0.794725 0.539143 0.278804
1311868215.174343 -1.501787 -1.532840 3.037056 0.000961 0.794296 0.537368 0.283424
1311868215.206366 -1.504507 -1.533447 3.032911 -0.000591 0.794012 0.535849 0.287071
1311868215.242259 -1.506941 -1.533358 3.027539 -0.001888 0.793741 0.534693 0.289957
1311868215.274353 -1.509287 -1.533773 3.024099 -0.003723 0.793734 0.533460 0.292219
1311868215.306401 -1.510738 -1.534034 3.017832 -0.005391 0.793205 0.533171 0.294153
1311868215.342475 -1.513306 -1.534993 3.013301 -0.005938 0.792908 0.532396 0.296339
1311868215.374240 -1.514155 -1.535258 3.009344 -0.006969 0.791787 0.532521 0.299076
1311868215.406376 -1.514962 -1.536208 3.001982 -0.007483 0.790737 0.532495 0.301875
1311868215.442338 -1.515635 -1.537768 2.996655 -0.007074 0.790169 0.532052 0.304145
1311868215.474499 -1.515621 -1.539747 2.990607 -0.008048 0.789829 0.531201 0.306483
1311868215.506308 -1.515408 -1.542120 2.984310 -0.009909 0.790089 0.529418 0.308833
1311868215.542336 -1.515359 -1.544549 2.978944 -0.010514 0.790356 0.528090 0.310400
1311868215.574139 -1.515098 -1.547040 2.972341 -0.009501 0.789986 0.528227 0.311140
1311868215.606249 -1.515135 -1.548338 2.966144 -0.007796 0.789990 0.527653 0.312149
1311868215.642404 -1.513888 -1.552204 2.961134 -0.006677 0.790664 0.525132 0.314710
1311868215.674534 -1.512286 -1.555539 2.956791 -0.007197 0.790344 0.522623 0.319639
1311868215.706473 -1.511403 -1.557456 2.952877 -0.007555 0.789938 0.520227 0.324508
1311868215.742205 -1.511119 -1.557812 2.947985 -0.007487 0.789424 0.518591 0.328357
1311868215.774735 -1.510207 -1.559682 2.943085 -0.008146 0.789075 0.517302 0.331199
1311868215.806559 -1.508814 -1.562047 2.938175 -0.009316 0.788954 0.515363 0.334464
1311868215.842289 -1.508150 -1.563808 2.930920 -0.009737 0.788585 0.514542 0.336579
1311868215.874205 -1.506808 -1.566350 2.926365 -0.008208 0.788710 0.513931 0.337260
1311868215.906403 -1.505171 -1.568318 2.921351 -0.007081 0.788062 0.513726 0.339106
1311868215.942381 -1.503778 -1.571627 2.914696 -0.006098 0.787592 0.512994 0.341320
1311868215.974271 -1.503014 -1.574209 2.909237 -0.005389 0.787121 0.512524 0.343119
1311868216.006524 -1.502316 -1.577206 2.902761 -0.004785 0.786547 0.512797 0.344035
1311868216.042488 -1.501211 -1.580757 2.895329 -0.003679 0.785884 0.513333 0.344764
1311868216.074212 -1.500928 -1.583048 2.889491 -0.003261 0.785871 0.512742 0.345675
1311868216.106321 -1.500421 -1.585848 2.882048 -0.002624 0.785970 0.512947 0.345151
1311868216.142434 -1.499324 -1.589960 2.874688 -0.001051 0.786898 0.512855 0.343176
1311868216.174227 -1.498697 -1.593957 2.869313 0.000316 0.787752 0.511806 0.342786
1311868216.206326 -1.499229 -1.596329 2.864529 0.000660 0.787477 0.511277 0.344204
1311868216.242946 -1.498449 -1.599597 2.856985 0.002111 0.787263 0.511344 0.344587
1311868216.275879 -1.499093 -1.602557 2.853143 0.004169 0.788097 0.509994 0.344661
1311868216.306682 -1.499978 -1.604676 2.849843 0.004575 0.787998 0.508900 0.346496
1311868216.342596 -1.500602 -1.606970 2.845243 0.004358 0.787135 0.508035 0.349714
1311868216.374273 -1.501598 -1.607915 2.840233 0.004900 0.786033 0.507738 0.352604
1311868216.406671 -1.502720 -1.608672 2.834046 0.005666 0.785309 0.508254 0.353461
1311868216.442339 -1.503973 -1.608860 2.828831 0.005934 0.785740 0.508360 0.352346
1311868216.474357 -1.505410 -1.609191 2.823856 0.005128 0.787039 0.507631 0.350505
1311868216.506418 -1.506464 -1.610752 2.818226 0.004304 0.788000 0.507436 0.348635
1311868216.542390 -1.507518 -1.612809 2.812702 0.004046 0.788827 0.507401 0.346813
1311868216.574328 -1.508180 -1.615111 2.806472 0.005218 0.789175 0.508031 0.345079
1311868216.606527 -1.509426 -1.618051 2.801225 0.007762 0.789302 0.508152 0.344563
1311868216.642461 -1.510671 -1.620407 2.796565 0.009514 0.789078 0.507996 0.345262
1311868216.674349 -1.512444 -1.623984 2.791272 0.011878 0.789012 0.506808 0.347081
1311868216.706576 -1.514815 -1.625843 2.786217 0.014569 0.788643 0.505654 0.349491
1311868216.742454 -1.517224 -1.627949 2.778499 0.016860 0.788875 0.504408 0.350664
1311868216.774257 -1.519790 -1.630156 2.773992 0.019331 0.790576 0.502022 0.350127
1311868216.806393 -1.521306 -1.632444 2.770417 0.020543 0.792105 0.499753 0.349850
1311868216.842459 -1.522573 -1.634622 2.767248 0.021004 0.793382 0.497329 0.350383
1311868216.874405 -1.524433 -1.635994 2.765198 0.020618 0.794271 0.495407 0.351113
1311868216.906366 -1.525783 -1.638164 2.759668 0.019355 0.794874 0.494433 0.351194
1311868216.942380 -1.527213 -1.639953 2.756270 0.018725 0.796297 0.492986 0.350035
1311868216.974559 -1.527354 -1.641924 2.752529 0.018981 0.797062 0.493040 0.348200
1311868217.006426 -1.527963 -1.643295 2.752683 0.018623 0.797993 0.492132 0.347370
1311868217.042435 -1.529669 -1.643447 2.751442 0.016659 0.797853 0.492384 0.347434
1311868217.074615 -1.530745 -1.644611 2.747601 0.015158 0.796879 0.494693 0.346459
1311868217.106679 -1.530745 -1.645722 2.739936 0.014838 0.796602 0.496354 0.344729
1311868217.143747 -1.531348 -1.648209 2.735732 0.014974 0.797986 0.495288 0.343052
1311868217.174613 -1.532713 -1.650898 2.731465 0.015199 0.799287 0.494085 0.341744
1311868217.206576 -1.532795 -1.656840 2.722977 0.016862 0.800989 0.492577 0.339854
1311868217.242361 -1.533118 -1.660859 2.723376 0.017369 0.803636 0.488784 0.339054
1311868217.274712 -1.534148 -1.664028 2.721443 0.017896 0.805096 0.486487 0.338867
1311868217.307288 -1.535790 -1.666073 2.718869 0.019244 0.806429 0.484874 0.337935
1311868217.342453 -1.536559 -1.668888 2.717032 0.020592 0.808043 0.482963 0.336734
1311868217.374311 -1.537257 -1.670507 2.717880 0.020890 0.809370 0.480931 0.336437
1311868217.406701 -1.537744 -1.672250 2.716220 0.020182 0.810168 0.479168 0.337072
1311868217.442485 -1.538842 -1.672759 2.716892 0.018565 0.811300 0.476716 0.337919
1311868217.475102 -1.539548 -1.672571 2.715276 0.016836 0.811770 0.475760 0.338229
1311868217.506647 -1.539474 -1.672582 2.714248 0.017366 0.812085 0.475780 0.337418
1311868217.542334 -1.538707 -1.671664 2.714955 0.018862 0.811665 0.476785 0.336926
1311868217.574294 -1.538060 -1.670227 2.716198 0.019268 0.810974 0.477469 0.337599
1311868217.606343 -1.537887 -1.667907 2.714425 0.018808 0.810030 0.478667 0.338195
1311868217.642399 -1.537155 -1.665982 2.713364 0.018725 0.809577 0.479936 0.337486
1311868217.674402 -1.535379 -1.664425 2.712164 0.018427 0.809083 0.481309 0.336729
1311868217.706372 -1.533126 -1.663410 2.710190 0.017927 0.808787 0.481935 0.336572
1311868217.742436 -1.531580 -1.661782 2.710564 0.017889 0.808879 0.481846 0.336480
1311868217.775482 -1.529678 -1.660113 2.710994 0.017376 0.808533 0.482388 0.336562
1311868217.806772 -1.528403 -1.658367 2.709991 0.016924 0.808335 0.482702 0.336611
1311868217.842462 -1.526622 -1.657228 2.708454 0.015716 0.808688 0.482413 0.336237
1311868217.874273 -1.525245 -1.655893 2.708011 0.014462 0.809725 0.481220 0.335504
1311868217.906458 -1.523697 -1.655263 2.707694 0.013417 0.811054 0.479801 0.334368
1311868217.942466 -1.522206 -1.654948 2.708187 0.012936 0.812388 0.478376 0.333189
1311868217.975110 -1.520223 -1.654901 2.708571 0.013804 0.813305 0.477430 0.332272
1311868218.006398 -1.517543 -1.655809 2.710658 0.015717 0.814105 0.476289 0.331867
1311868218.042374 -1.515958 -1.654228 2.714006 0.016805 0.814404 0.474554 0.333560
1311868218.074687 -1.514247 -1.653325 2.713385 0.017229 0.814303 0.473432 0.335374
1311868218.106528 -1.513131 -1.651357 2.714917 0.018048 0.815081 0.471446 0.336239
1311868218.142452 -1.511709 -1.649128 2.717744 0.018598 0.815963 0.469717 0.336487
1311868218.174634 -1.510769 -1.645838 2.721418 0.018679 0.816506 0.468434 0.336956
1311868218.206493 -1.509351 -1.642994 2.723771 0.018697 0.816438 0.468530 0.336986
1311868218.242489 -1.507484 -1.641070 2.726579 0.019786 0.815689 0.469570 0.337289
1311868218.274613 -1.506718 -1.638897 2.728044 0.021441 0.814131 0.471196 0.338682
1311868218.306510 -1.507255 -1.634526 2.729482 0.023115 0.812802 0.472234 0.340315
1311868218.342575 -1.508702 -1.629673 2.731091 0.023848 0.811919 0.473134 0.341120
1311868218.374760 -1.509614 -1.626262 2.730881 0.024011 0.811591 0.473589 0.341258
1311868218.410500 -1.511618 -1.621968 2.732299 0.023830 0.811727 0.473369 0.341253
1311868218.442486 -1.513459 -1.618622 2.731567 0.024407 0.811697 0.474059 0.340324
1311868218.474491 -1.516759 -1.614541 2.733768 0.026716 0.811820 0.474524 0.339206
1311868218.510448 -1.519080 -1.610764 2.735274 0.028036 0.811111 0.475791 0.339022
1311868218.542375 -1.522509 -1.606319 2.735444 0.028693 0.810323 0.476697 0.339579
1311868218.574422 -1.525598 -1.602497 2.731441 0.030300 0.809762 0.478064 0.338855
1311868218.610383 -1.528383 -1.601130 2.733143 0.031921 0.811070 0.476490 0.337791
1311868218.642508 -1.531236 -1.599022 2.737339 0.031736 0.812080 0.474091 0.338758
1311868218.674491 -1.533222 -1.599106 2.740392 0.032086 0.811945 0.472631 0.341080
1311868218.710423 -1.535379 -1.597349 2.743250 0.034243 0.810959 0.471435 0.344850
1311868218.742485 -1.539365 -1.594603 2.742986 0.036823 0.809686 0.470414 0.348947
1311868218.774455 -1.543865 -1.591621 2.743466 0.038187 0.809076 0.468592 0.352646
1311868218.810331 -1.549124 -1.587069 2.743084 0.037546 0.809069 0.466499 0.355496
1311868218.842407 -1.553779 -1.583003 2.744298 0.036331 0.809585 0.464699 0.356801
1311868218.874697 -1.558305 -1.577731 2.746251 0.034133 0.809857 0.463709 0.357687
1311868218.910344 -1.561867 -1.573333 2.748668 0.030336 0.809878 0.463273 0.358547
1311868218.942390 -1.565734 -1.568462 2.750095 0.026577 0.808809 0.464723 0.359380
1311868218.974531 -1.568448 -1.564372 2.749591 0.023164 0.807985 0.465708 0.360193
1311868219.010718 -1.571976 -1.559355 2.750763 0.019099 0.807979 0.464711 0.361731
1311868219.042799 -1.576400 -1.553030 2.751818 0.015985 0.808270 0.463176 0.363197
1311868219.074699 -1.580582 -1.546826 2.753237 0.015147 0.808414 0.462388 0.363915
1311868219.110710 -1.583132 -1.541737 2.755514 0.016000 0.808421 0.462184 0.364123
1311868219.142449 -1.586284 -1.534196 2.758974 0.017928 0.808005 0.462084 0.365082
1311868219.174460 -1.590162 -1.525875 2.761767 0.019624 0.807711 0.461567 0.366297
1311868219.210391 -1.594594 -1.516613 2.765447 0.020447 0.807859 0.460906 0.366757
1311868219.242632 -1.597555 -1.508405 2.767379 0.022067 0.807628 0.461791 0.366059
1311868219.274458 -1.600906 -1.499902 2.771709 0.024231 0.807663 0.462419 0.365052
1311868219.310567 -1.603898 -1.490588 2.776921 0.025479 0.807271 0.463258 0.364769
1311868219.342858 -1.607178 -1.481699 2.781395 0.026209 0.806538 0.464082 0.365291
1311868219.374565 -1.609429 -1.474186 2.785607 0.025767 0.805137 0.465643 0.366424
1311868219.410427 -1.611606 -1.465295 2.788779 0.026253 0.803220 0.467588 0.368116
1311868219.442491 -1.612675 -1.460285 2.792993 0.027977 0.800891 0.470168 0.369773
1311868219.474442 -1.615835 -1.452563 2.797566 0.029922 0.798161 0.471832 0.373387
1311868219.510471 -1.618280 -1.444598 2.801424 0.030775 0.794530 0.474583 0.377553
1311868219.543330 -1.621104 -1.436472 2.802069 0.032491 0.791041 0.477775 0.380697
1311868219.574798 -1.623946 -1.427392 2.805885 0.034065 0.789181 0.479343 0.382445
1311868219.610673 -1.626004 -1.419628 2.809663 0.034785 0.787303 0.481437 0.383618
1311868219.642931 -1.627371 -1.413628 2.810623 0.035944 0.785406 0.483792 0.384435
1311868219.674450 -1.628757 -1.408808 2.813079 0.039252 0.783229 0.486568 0.385049
1311868219.710785 -1.630038 -1.403584 2.816438 0.042719 0.780971 0.488505 0.386811
1311868219.742593 -1.632071 -1.396904 2.821334 0.044227 0.779437 0.488298 0.389983
1311868219.774534 -1.633054 -1.391872 2.825645 0.043736 0.778362 0.487753 0.392858
1311868219.810409 -1.633728 -1.387917 2.828174 0.043821 0.777754 0.486930 0.395068
1311868219.842777 -1.634601 -1.383241 2.831870 0.045068 0.777471 0.485803 0.396866
1311868219.874478 -1.635739 -1.378840 2.836263 0.045971 0.777424 0.484602 0.398320
1311868219.910641 -1.636716 -1.374818 2.840811 0.046922 0.776760 0.484419 0.399725
1311868219.942611 -1.637177 -1.370767 2.843708 0.048692 0.775657 0.484747 0.401255
1311868219.974873 -1.638598 -1.366678 2.848531 0.050472 0.774536 0.484615 0.403355
1311868220.010555 -1.639448 -1.362133 2.852092 0.052298 0.772914 0.485420 0.405261
1311868220.042788 -1.641196 -1.357380 2.858085 0.053344 0.771435 0.486202 0.407001
1311868220.074683 -1.642231 -1.351277 2.863897 0.053740 0.769214 0.488079 0.408902
1311868220.110558 -1.642987 -1.346791 2.868249 0.052786 0.766695 0.490711 0.410603
1311868220.142630 -1.644025 -1.341580 2.871563 0.052519 0.764675 0.492717 0.412000
1311868220.174706 -1.645214 -1.337468 2.875250 0.052182 0.762967 0.494460 0.413119
1311868220.210459 -1.647246 -1.332017 2.880496 0.052037 0.761149 0.496313 0.414266
1311868220.242513 -1.647835 -1.327664 2.883975 0.052849 0.758872 0.499192 0.414883
1311868220.274890 -1.650152 -1.323056 2.888782 0.052924 0.757526 0.499846 0.416542
1311868220.310675 -1.652354 -1.318173 2.894247 0.051267 0.755836 0.500673 0.418820
1311868220.342794 -1.653720 -1.314492 2.896619 0.048777 0.754816 0.500933 0.420642
1311868220.374967 -1.656011 -1.310500 2.901851 0.046884 0.754591 0.500115 0.422231
1311868220.410461 -1.658753 -1.306454 2.906852 0.044458 0.753518 0.500164 0.424347
1311868220.442609 -1.661235 -1.302532 2.910950 0.041912 0.751938 0.500957 0.426468
1311868220.474751 -1.663992 -1.298319 2.914805 0.039818 0.750483 0.501721 0.428328
1311868220.510865 -1.667010 -1.295192 2.918413 0.038119 0.748511 0.503222 0.430169
1311868220.542610 -1.669767 -1.291324 2.921689 0.036468 0.746138 0.505335 0.431955
1311868220.574495 -1.672910 -1.287107 2.925408 0.034412 0.743772 0.507950 0.433136
1311868220.611343 -1.675534 -1.285198 2.927888 0.032433 0.741958 0.510763 0.433090
1311868220.642648 -1.678463 -1.281120 2.930958 0.030288 0.740277 0.513234 0.433202
1311868220.674598 -1.681826 -1.277636 2.933116 0.028037 0.738984 0.515144 0.433294
1311868220.710604 -1.685147 -1.275410 2.934483 0.027027 0.738108 0.516844 0.432826
1311868220.742672 -1.689292 -1.273779 2.933302 0.027211 0.735824 0.519453 0.433580
1311868220.774530 -1.692960 -1.270962 2.936475 0.027063 0.733782 0.521329 0.434796
1311868220.810775 -1.695982 -1.268444 2.939360 0.027606 0.732317 0.523040 0.435177
1311868220.842747 -1.699781 -1.266954 2.940533 0.028670 0.730956 0.524883 0.435178
1311868220.874779 -1.704056 -1.263959 2.942579 0.028260 0.729534 0.526367 0.435798
1311868220.910650 -1.707346 -1.261549 2.944574 0.027368 0.728988 0.527142 0.435832
1311868220.942980 -1.710778 -1.259542 2.945618 0.026602 0.729371 0.526931 0.435493
1311868220.974895 -1.714584 -1.258538 2.945851 0.025456 0.729373 0.526755 0.435770
1311868221.010492 -1.718009 -1.257559 2.946390 0.024190 0.728878 0.526864 0.436539
1311868221.042575 -1.721283 -1.255132 2.947950 0.023274 0.728535 0.526506 0.437592
1311868221.074778 -1.723587 -1.255202 2.948431 0.022875 0.728188 0.526412 0.438303
1311868221.110563 -1.726571 -1.254071 2.949461 0.022536 0.727535 0.526750 0.438997
1311868221.142677 -1.729168 -1.251576 2.952279 0.022331 0.727407 0.526997 0.438924
1311868221.174633 -1.731706 -1.249925 2.953052 0.022702 0.727636 0.527041 0.438472
1311868221.210618 -1.734234 -1.249414 2.953697 0.022410 0.727472 0.527239 0.438521
1311868221.242676 -1.736285 -1.247312 2.955645 0.021974 0.727869 0.526662 0.438578
1311868221.274959 -1.738448 -1.246585 2.956933 0.021546 0.728590 0.525446 0.438860
1311868221.311415 -1.740710 -1.246896 2.957553 0.020874 0.729013 0.524586 0.439221
1311868221.342835 -1.742715 -1.246698 2.958460 0.019772 0.728835 0.524504 0.439663
1311868221.374902 -1.744845 -1.245495 2.960361 0.019156 0.729332 0.523698 0.439826
1311868221.410723 -1.747266 -1.244738 2.961569 0.018738 0.730412 0.522329 0.439681
1311868221.442831 -1.749885 -1.245595 2.961161 0.018434 0.730973 0.521552 0.439685
1311868221.474658 -1.752435 -1.246578 2.960670 0.017439 0.730476 0.521715 0.440356
1311868221.510999 -1.754677 -1.244758 2.962645 0.016818 0.730743 0.521284 0.440449
1311868221.543040 -1.756815 -1.245324 2.963659 0.016704 0.731165 0.521301 0.439732
1311868221.574743 -1.758482 -1.244911 2.963940 0.016634 0.730892 0.522049 0.439301
1311868221.610738 -1.760160 -1.244598 2.964842 0.017530 0.730982 0.522626 0.438430
1311868221.642622 -1.761877 -1.243979 2.965765 0.018555 0.731176 0.523122 0.437470
1311868221.674631 -1.764148 -1.243685 2.965598 0.019646 0.731649 0.522994 0.436786
1311868221.711507 -1.765134 -1.245109 2.965658 0.019728 0.731762 0.523494 0.435993
1311868221.742786 -1.766644 -1.243688 2.966165 0.020910 0.732416 0.523797 0.434473
1311868221.775854 -1.768726 -1.244252 2.964840 0.021496 0.732965 0.523837 0.433469
1311868221.810774 -1.769393 -1.244948 2.965619 0.020694 0.733569 0.524163 0.432090
1311868221.842668 -1.770176 -1.245339 2.966015 0.020665 0.734365 0.525216 0.429452
1311868221.874613 -1.771779 -1.245773 2.964156 0.021495 0.734193 0.527437 0.426977
1311868221.910793 -1.773729 -1.244619 2.962258 0.023032 0.733403 0.529823 0.425297
1311868221.942672 -1.776391 -1.242599 2.960591 0.024380 0.733325 0.530009 0.425124
1311868221.975288 -1.778065 -1.242731 2.959607 0.024504 0.733705 0.529191 0.425482
1311868222.010658 -1.779118 -1.242603 2.959703 0.024387 0.734814 0.528378 0.424582
1311868222.042799 -1.781418 -1.242906 2.956791 0.023855 0.735487 0.527921 0.424015
1311868222.077068 -1.782963 -1.243161 2.955222 0.023157 0.735052 0.528759 0.423764
1311868222.110687 -1.784626 -1.240520 2.953845 0.023861 0.735024 0.529146 0.423291
1311868222.142853 -1.786297 -1.239972 2.951543 0.024386 0.735208 0.529178 0.422901
1311868222.174994 -1.787840 -1.238846 2.949944 0.023637 0.735481 0.529356 0.422244
1311868222.210798 -1.789577 -1.236774 2.948333 0.023124 0.736627 0.528981 0.420743
1311868222.242692 -1.792228 -1.236083 2.943973 0.023196 0.736798 0.529568 0.419700
1311868222.275699 -1.794397 -1.233856 2.940318 0.022903 0.736032 0.530557 0.419812
1311868222.310861 -1.796351 -1.231661 2.938118 0.022627 0.735832 0.530922 0.419716
1311868222.343002 -1.798237 -1.230510 2.934859 0.022888 0.735074 0.532298 0.419286
1311868222.375332 -1.800725 -1.227297 2.931290 0.023701 0.734212 0.533665 0.419014
1311868222.410818 -1.803101 -1.224425 2.927512 0.024694 0.733593 0.534573 0.418884
1311868222.442701 -1.805676 -1.222115 2.923012 0.025737 0.733208 0.534853 0.419138
1311868222.474746 -1.808271 -1.219504 2.918720 0.025363 0.732643 0.534684 0.420362
1311868222.510786 -1.810527 -1.217395 2.913588 0.024359 0.731977 0.533805 0.422692
1311868222.542796 -1.812436 -1.215012 2.908985 0.022966 0.731078 0.532653 0.425769
1311868222.574664 -1.813896 -1.212937 2.905075 0.021401 0.730400 0.531017 0.429044
1311868222.610667 -1.815496 -1.211175 2.899760 0.020126 0.729343 0.529605 0.432634
1311868222.643013 -1.816494 -1.209389 2.896646 0.017999 0.728022 0.528778 0.435951
1311868222.674911 -1.817519 -1.208490 2.893979 0.016321 0.727220 0.528476 0.437719
1311868222.710764 -1.818883 -1.207495 2.889264 0.015851 0.725032 0.530448 0.438979
1311868222.742784 -1.820514 -1.203783 2.885642 0.016294 0.722748 0.531963 0.440891
1311868222.774863 -1.822671 -1.200106 2.880934 0.016383 0.720882 0.531944 0.443956
1311868222.810880 -1.824165 -1.198275 2.877546 0.015460 0.719644 0.530997 0.447120
1311868222.842888 -1.825512 -1.197383 2.875492 0.014174 0.719028 0.530277 0.449003
1311868222.875581 -1.827075 -1.197558 2.874360 0.012532 0.718624 0.530713 0.449183
1311868222.910730 -1.829043 -1.194539 2.871090 0.011464 0.718097 0.531458 0.449174
1311868222.943172 -1.831146 -1.192123 2.866040 0.011300 0.717226 0.532072 0.449844
1311868222.974842 -1.833968 -1.189372 2.861486 0.011781 0.716470 0.531102 0.452175
1311868223.012381 -1.835799 -1.188186 2.855929 0.011183 0.714981 0.529853 0.455996
1311868223.043777 -1.837219 -1.186553 2.853585 0.010339 0.714389 0.528598 0.458395
1311868223.076517 -1.838884 -1.185526 2.851285 0.010817 0.715208 0.527196 0.458721
1311868223.110921 -1.840484 -1.185461 2.845156 0.010727 0.714557 0.527199 0.459732
1311868223.143721 -1.841886 -1.183137 2.841570 0.010524 0.714005 0.526703 0.461161
1311868223.174769 -1.844083 -1.181334 2.836441 0.011094 0.713479 0.525658 0.463150
1311868223.210868 -1.845379 -1.180680 2.832422 0.010698 0.711986 0.525513 0.465615
1311868223.242696 -1.846757 -1.177979 2.830184 0.010634 0.710811 0.525370 0.467570
1311868223.275316 -1.848558 -1.175762 2.827427 0.010927 0.710092 0.525295 0.468738
1311868223.310697 -1.849813 -1.173607 2.825025 0.010471 0.709594 0.525344 0.469447
1311868223.343366 -1.851545 -1.169992 2.821752 0.009946 0.709378 0.524988 0.470182
1311868223.375535 -1.853016 -1.167301 2.818459 0.009697 0.709566 0.524030 0.470972
1311868223.410819 -1.854274 -1.165366 2.815385 0.009957 0.709377 0.523117 0.472266
1311868223.444149 -1.855891 -1.163236 2.812715 0.010851 0.709044 0.522211 0.473746
1311868223.479074 -1.857028 -1.162354 2.810273 0.011582 0.708701 0.521884 0.474600
1311868223.511227 -1.858072 -1.162404 2.809417 0.011831 0.709004 0.521791 0.474244
1311868223.542757 -1.859316 -1.162499 2.809023 0.011747 0.709532 0.522876 0.472257
1311868223.576261 -1.861252 -1.159612 2.806531 0.012590 0.710893 0.522501 0.470602
1311868223.610846 -1.862773 -1.159838 2.801237 0.013709 0.711426 0.521556 0.470812
1311868223.642738 -1.863711 -1.159531 2.798013 0.014517 0.710744 0.521121 0.472298
1311868223.674789 -1.865006 -1.159614 2.796890 0.015597 0.710713 0.520395 0.473110
1311868223.710948 -1.865982 -1.160155 2.795779 0.017217 0.710577 0.520691 0.472932
1311868223.742872 -1.867347 -1.159471 2.794135 0.018719 0.710068 0.521547 0.472696
1311868223.774925 -1.868847 -1.158771 2.792744 0.019760 0.709699 0.522227 0.472457
1311868223.810993 -1.870853 -1.156753 2.791232 0.020248 0.709333 0.522362 0.472836
1311868223.842828 -1.872916 -1.155203 2.789051 0.020747 0.709159 0.521844 0.473648
1311868223.874841 -1.874719 -1.155074 2.786744 0.021907 0.708309 0.522358 0.474301
1311868223.910906 -1.876692 -1.154197 2.784907 0.023608 0.706837 0.523350 0.475320
1311868223.943036 -1.879477 -1.152107 2.784814 0.024979 0.706012 0.523791 0.475990
1311868223.975101 -1.882260 -1.150016 2.785115 0.026711 0.706439 0.523805 0.475246
1311868224.010808 -1.885619 -1.148025 2.783064 0.028947 0.706867 0.524140 0.474108
1311868224.043743 -1.889163 -1.145959 2.778183 0.030657 0.706495 0.524398 0.474270
1311868224.075595 -1.892673 -1.143994 2.774892 0.032106 0.706056 0.523929 0.475343
1311868224.110830 -1.896122 -1.142928 2.771499 0.033209 0.705389 0.523337 0.476909
1311868224.145344 -1.899944 -1.140791 2.768759 0.033301 0.704707 0.522650 0.478660
1311868224.174788 -1.903614 -1.138831 2.766322 0.032352 0.704661 0.521434 0.480117
1311868224.211401 -1.907288 -1.137839 2.763455 0.030654 0.704798 0.520291 0.481266
1311868224.242911 -1.911515 -1.134537 2.758687 0.029360 0.704537 0.519372 0.482720
1311868224.277363 -1.915453 -1.131987 2.753109 0.028947 0.704311 0.517519 0.485059
1311868224.311516 -1.919690 -1.130146 2.747630 0.028232 0.703784 0.514630 0.488924
1311868224.342895 -1.924028 -1.128028 2.745057 0.027909 0.704072 0.511478 0.491826
1311868224.374897 -1.928128 -1.126568 2.740264 0.028657 0.704482 0.509392 0.493359
1311868224.410879 -1.932191 -1.127250 2.735439 0.028856 0.703906 0.509098 0.494472
1311868224.442907 -1.936722 -1.125174 2.730955 0.028837 0.702654 0.509519 0.495819
1311868224.474953 -1.941581 -1.122300 2.725325 0.029132 0.701465 0.509566 0.497434
1311868224.511812 -1.947260 -1.119552 2.720474 0.027986 0.700325 0.508489 0.500201
1311868224.545292 -1.952226 -1.117057 2.715853 0.025405 0.699617 0.506587 0.503250
1311868224.574703 -1.958331 -1.114432 2.712451 0.022939 0.699954 0.504496 0.504997
1311868224.611208 -1.963996 -1.112946 2.708115 0.021621 0.700445 0.503622 0.505247
1311868224.643090 -1.969543 -1.110478 2.702286 0.021429 0.700149 0.503635 0.505652
1311868224.674856 -1.975139 -1.107270 2.695703 0.022353 0.699297 0.503693 0.506732
1311868224.710776 -1.981262 -1.105466 2.690879 0.022607 0.698336 0.503381 0.508353
1311868224.742798 -1.987153 -1.103498 2.688200 0.021783 0.697816 0.503155 0.509327
1311868224.775598 -1.992492 -1.100490 2.684729 0.020977 0.697808 0.503509 0.509021
1311868224.812285 -1.997431 -1.097131 2.678574 0.019918 0.697758 0.503592 0.509050
1311868224.842708 -2.002375 -1.094448 2.674120 0.018129 0.697058 0.503923 0.509748
1311868224.874851 -2.006592 -1.089182 2.668237 0.016868 0.696595 0.503132 0.511204
1311868224.912106 -2.011122 -1.087604 2.663987 0.015881 0.696798 0.501707 0.512357
1311868224.943076 -2.015615 -1.085524 2.659630 0.014993 0.696674 0.500451 0.513780
1311868224.978324 -2.019949 -1.083515 2.655771 0.014530 0.696981 0.499022 0.514766
1311868225.012002 -2.024093 -1.081900 2.652049 0.014516 0.697420 0.497889 0.515268
1311868225.045354 -2.028270 -1.079911 2.647210 0.015312 0.697701 0.496922 0.515798
1311868225.076066 -2.032098 -1.078946 2.642922 0.015882 0.697561 0.496176 0.516687
1311868225.111236 -2.036098 -1.077154 2.639300 0.016447 0.697513 0.494977 0.517884
1311868225.143930 -2.040384 -1.076763 2.636528 0.016875 0.697620 0.494065 0.518596
1311868225.176049 -2.044931 -1.075856 2.633999 0.017214 0.697531 0.493766 0.518989
1311868225.211565 -2.049362 -1.074686 2.630939 0.017189 0.697056 0.493805 0.519590
1311868225.242896 -2.053578 -1.073366 2.628354 0.016753 0.696374 0.493885 0.520442
1311868225.275007 -2.057842 -1.071390 2.625884 0.016153 0.695790 0.493550 0.521559
1311868225.310787 -2.062214 -1.070086 2.623954 0.014999 0.695298 0.493020 0.522750
1311868225.342940 -2.066749 -1.067420 2.622253 0.014208 0.695001 0.492308 0.523837
1311868225.379392 -2.071159 -1.066380 2.620665 0.013794 0.694613 0.492208 0.524456
1311868225.410917 -2.075123 -1.064077 2.618183 0.013814 0.693656 0.492625 0.525330
1311868225.443381 -2.079230 -1.061513 2.616276 0.014241 0.693031 0.492730 0.526044
1311868225.479273 -2.083225 -1.059865 2.614417 0.014419 0.692390 0.492791 0.526826
1311868225.510884 -2.086877 -1.058013 2.612422 0.014587 0.692000 0.492346 0.527749
1311868225.542923 -2.091076 -1.055989 2.610469 0.014449 0.691715 0.491607 0.528815
1311868225.576439 -2.094539 -1.054407 2.607813 0.014525 0.691560 0.490789 0.529774
1311868225.612078 -2.098159 -1.053617 2.605916 0.014883 0.691126 0.490361 0.530725
1311868225.644151 -2.101650 -1.052566 2.603640 0.015745 0.690149 0.490336 0.531993
1311868225.678868 -2.104676 -1.051450 2.601754 0.016858 0.688744 0.490679 0.533462
1311868225.711259 -2.108094 -1.050842 2.600845 0.017600 0.687086 0.491166 0.535126
1311868225.746296 -2.111078 -1.048698 2.599967 0.017794 0.685530 0.491553 0.536756
1311868225.776898 -2.113586 -1.045893 2.598404 0.018282 0.684824 0.491122 0.538034
1311868225.810874 -2.116989 -1.044691 2.596886 0.018499 0.683879 0.490765 0.539552
1311868225.842939 -2.119408 -1.042243 2.594670 0.018807 0.682750 0.490094 0.541578
1311868225.880247 -2.122826 -1.041709 2.593615 0.018679 0.681946 0.489602 0.543038
1311868225.910765 -2.125714 -1.040960 2.592818 0.018660 0.681446 0.489655 0.543618
1311868225.943096 -2.128990 -1.039116 2.591567 0.018511 0.681240 0.489569 0.543959
1311868225.977018 -2.131413 -1.036822 2.589223 0.018763 0.681081 0.489462 0.544246
1311868226.010899 -2.133734 -1.035880 2.586525 0.018906 0.680603 0.489448 0.544852
1311868226.043782 -2.135987 -1.033684 2.583637 0.018613 0.679560 0.488659 0.546867
1311868226.079850 -2.138117 -1.033019 2.582363 0.017805 0.679002 0.487162 0.548919
1311868226.115058 -2.140973 -1.033416 2.582665 0.016561 0.679140 0.486386 0.549476
1311868226.144537 -2.143421 -1.033540 2.582263 0.014869 0.679687 0.486476 0.548768
1311868226.178896 -2.145295 -1.031201 2.580336 0.014025 0.680705 0.487021 0.547042
1311868226.210939 -2.146517 -1.028785 2.575105 0.014119 0.681013 0.487737 0.546017
1311868226.247306 -2.148356 -1.025486 2.570577 0.014247 0.681002 0.486983 0.546699
1311868226.277609 -2.150879 -1.023975 2.568700 0.014193 0.682386 0.484698 0.547007
1311868226.310950 -2.154468 -1.025485 2.567969 0.013515 0.684310 0.483500 0.545679
1311868226.345151 -2.156706 -1.025291 2.566129 0.013038 0.685750 0.484071 0.543371
1311868226.381607 -2.158208 -1.023394 2.561470 0.013868 0.686618 0.485487 0.540986
1311868226.411020 -2.159827 -1.021492 2.555555 0.015133 0.686277 0.487565 0.539514
1311868226.444052 -2.161252 -1.018285 2.550828 0.016595 0.686275 0.488974 0.538196
1311868226.481112 -2.163345 -1.016781 2.545711 0.017521 0.686624 0.489997 0.536790
1311868226.511027 -2.164163 -1.012293 2.538116 0.017985 0.686298 0.490813 0.536446
1311868226.543455 -2.165128 -1.010014 2.531863 0.018367 0.686693 0.490902 0.535846
1311868226.576612 -2.165847 -1.007779 2.525026 0.018816 0.686159 0.491185 0.536255
1311868226.610909 -2.167202 -1.005119 2.519276 0.018476 0.685942 0.490684 0.537002
1311868226.644260 -2.168618 -1.003090 2.513778 0.017226 0.686905 0.489639 0.536767
1311868226.676348 -2.168636 -1.000218 2.505185 0.016438 0.687394 0.489789 0.536029
1311868226.711126 -2.168801 -0.998522 2.497397 0.016173 0.687491 0.490096 0.535631
1311868226.745829 -2.168477 -0.995458 2.489895 0.015998 0.685952 0.491323 0.536484
1311868226.778492 -2.168537 -0.991004 2.481492 0.017548 0.684021 0.492543 0.537782
1311868226.810784 -2.167491 -0.987350 2.471141 0.019087 0.681813 0.493298 0.539836
1311868226.844284 -2.167409 -0.984303 2.462968 0.019302 0.680360 0.491874 0.542953
1311868226.879222 -2.168040 -0.981177 2.455799 0.019279 0.680329 0.488645 0.545900
1311868226.910863 -2.168765 -0.980214 2.448123 0.019069 0.680927 0.485768 0.547727
1311868226.944204 -2.169081 -0.978756 2.440409 0.019132 0.681638 0.484131 0.548288
1311868226.976309 -2.169194 -0.976370 2.432945 0.019918 0.682381 0.483573 0.547829
1311868227.010946 -2.169219 -0.973516 2.423678 0.020680 0.682626 0.483472 0.547585
1311868227.047092 -2.168841 -0.970406 2.414378 0.020993 0.682553 0.483258 0.547852
1311868227.077103 -2.168527 -0.966685 2.404425 0.020521 0.682901 0.481952 0.548587
1311868227.110902 -2.169081 -0.964282 2.396065 0.018575 0.684025 0.479216 0.549652
1311868227.144535 -2.168583 -0.960577 2.387863 0.016505 0.685548 0.475863 0.550733
1311868227.179137 -2.167308 -0.958808 2.378071 0.016202 0.686317 0.473929 0.551450
1311868227.210865 -2.165586 -0.956674 2.368199 0.017663 0.684982 0.474391 0.552667
1311868227.247413 -2.163754 -0.953063 2.360058 0.021360 0.683364 0.475062 0.553961
1311868227.276556 -2.164118 -0.951677 2.353181 0.024496 0.681601 0.475441 0.555677
1311868227.311677 -2.164054 -0.949093 2.348190 0.025820 0.680586 0.475232 0.557038
1311868227.347893 -2.163598 -0.945934 2.342669 0.027367 0.681001 0.474777 0.556844
1311868227.377762 -2.162733 -0.943337 2.334815 0.028543 0.681336 0.473999 0.557037
1311868227.411422 -2.161547 -0.941546 2.328647 0.028617 0.681360 0.472728 0.558084
1311868227.446682 -2.160311 -0.939258 2.322693 0.029255 0.680748 0.471718 0.559650
1311868227.479018 -2.160345 -0.937437 2.317128 0.030536 0.679386 0.471177 0.561690
1311868227.510861 -2.160354 -0.935197 2.312395 0.031431 0.677897 0.470936 0.563637
1311868227.547438 -2.159772 -0.931933 2.306485 0.032521 0.676615 0.470136 0.565779
1311868227.579073 -2.159971 -0.930344 2.301666 0.032936 0.675663 0.468550 0.568204
1311868227.610890 -2.160805 -0.928950 2.297734 0.032711 0.674416 0.467189 0.570813
1311868227.644341 -2.160256 -0.925467 2.292094 0.033109 0.672712 0.466371 0.573463
1311868227.679026 -2.160283 -0.923190 2.286799 0.033078 0.671032 0.464774 0.576721
1311868227.711001 -2.160938 -0.920834 2.282139 0.032238 0.669022 0.462582 0.580852
1311868227.744281 -2.161520 -0.918071 2.277154 0.032063 0.666900 0.461098 0.584470
1311868227.779154 -2.161998 -0.915607 2.272094 0.032560 0.664833 0.459838 0.587781
1311868227.813722 -2.163529 -0.914374 2.267299 0.032469 0.662112 0.458742 0.591701
1311868227.844330 -2.164725 -0.911155 2.262749 0.031791 0.659143 0.457389 0.596083
1311868227.879151 -2.165803 -0.907747 2.257016 0.031616 0.656724 0.455418 0.600257
1311868227.912471 -2.167521 -0.904675 2.251449 0.030290 0.654489 0.452564 0.604907
1311868227.946163 -2.169354 -0.901557 2.245759 0.028691 0.652499 0.449077 0.609715
1311868227.979289 -2.171748 -0.899678 2.240575 0.027663 0.650450 0.446529 0.613809
1311868228.014729 -2.175322 -0.898453 2.235279 0.027194 0.647727 0.445067 0.617758
1311868228.044938 -2.177846 -0.895436 2.229323 0.026860 0.643985 0.444681 0.621949
1311868228.079022 -2.180094 -0.891586 2.222785 0.026863 0.640599 0.443706 0.626128
1311868228.112684 -2.183663 -0.889144 2.216837 0.026113 0.637994 0.441867 0.630108
1311868228.146187 -2.186564 -0.885622 2.211239 0.025256 0.636254 0.439695 0.633412
1311868228.178968 -2.189914 -0.883161 2.204891 0.024968 0.634856 0.437696 0.636205
1311868228.214746 -2.192501 -0.880299 2.197820 0.024729 0.633263 0.435322 0.639423
1311868228.246147 -2.197206 -0.879107 2.191487 0.024100 0.631382 0.432970 0.642894
1311868228.279971 -2.200770 -0.876110 2.185659 0.023877 0.629379 0.431053 0.646146
1311868228.312417 -2.205368 -0.874190 2.179871 0.024316 0.627713 0.429435 0.648823
1311868228.344381 -2.209905 -0.871995 2.174404 0.024304 0.626042 0.427969 0.651401
1311868228.378967 -2.216714 -0.871097 2.170353 0.023666 0.625294 0.426864 0.652866
1311868228.412437 -2.221069 -0.867938 2.164916 0.023634 0.624801 0.426920 0.653302
1311868228.444527 -2.224280 -0.865637 2.158396 0.024174 0.624015 0.427717 0.653513
1311868228.479553 -2.228066 -0.863308 2.152100 0.024131 0.622589 0.427562 0.654974
1311868228.515154 -2.232436 -0.860051 2.146580 0.022496 0.621345 0.425508 0.657547
1311868228.545801 -2.237046 -0.857550 2.141191 0.020562 0.621137 0.422672 0.659632
1311868228.579592 -2.244064 -0.857250 2.137663 0.018090 0.621769 0.420390 0.660566
1311868228.612450 -2.249074 -0.854714 2.132385 0.015516 0.622294 0.419203 0.660892
1311868228.645315 -2.251629 -0.851512 2.124972 0.013694 0.622259 0.418583 0.661358
1311868228.679035 -2.254812 -0.848802 2.117809 0.011920 0.621293 0.417265 0.663131
1311868228.714922 -2.258610 -0.847461 2.112044 0.010329 0.619723 0.416456 0.665133
1311868228.746541 -2.262025 -0.844485 2.106123 0.010143 0.618115 0.415443 0.667261
1311868228.779112 -2.267931 -0.843143 2.101305 0.009805 0.617192 0.414149 0.668924
1311868228.815012 -2.273987 -0.841991 2.097111 0.008666 0.616548 0.413486 0.669942
1311868228.844666 -2.277614 -0.837962 2.091842 0.008160 0.616229 0.412660 0.670751
1311868228.879273 -2.281838 -0.835563 2.086877 0.007250 0.616095 0.411769 0.671432
1311868228.912667 -2.286152 -0.832937 2.082721 0.005879 0.616514 0.410653 0.671744
1311868228.944678 -2.288613 -0.829667 2.077526 0.005670 0.616980 0.410816 0.671218
1311868228.979108 -2.291225 -0.827267 2.072114 0.006815 0.617119 0.412232 0.670211
1311868229.012685 -2.292890 -0.824321 2.067062 0.007858 0.616845 0.413723 0.669532
1311868229.044504 -2.293780 -0.821176 2.062479 0.009186 0.617371 0.415069 0.668196
1311868229.080635 -2.294510 -0.818990 2.057285 0.011584 0.618784 0.416449 0.665989
1311868229.115479 -2.293213 -0.816231 2.051676 0.014433 0.620022 0.417758 0.663960
1311868229.148295 -2.291087 -0.815066 2.044638 0.017182 0.620461 0.418348 0.663112
1311868229.184081 -2.290644 -0.815884 2.039545 0.017848 0.620650 0.416995 0.663769
1311868229.216477 -2.289245 -0.814306 2.035215 0.017037 0.621374 0.413920 0.665037
1311868229.249047 -2.288212 -0.815183 2.030674 0.017412 0.623398 0.411471 0.664653
1311868229.281198 -2.287874 -0.819005 2.025310 0.017007 0.624199 0.412279 0.663409
1311868229.315238 -2.288586 -0.824058 2.021425 0.015032 0.623434 0.415601 0.662103
1311868229.350313 -2.281340 -0.820365 2.015837 0.011392 0.620583 0.419612 0.662324
1311868229.381047 -2.274682 -0.820802 2.008984 0.010736 0.617884 0.424128 0.661981
1311868229.413148 -2.269400 -0.823718 2.002411 0.010565 0.612165 0.430583 0.663130
1311868229.444833 -2.260731 -0.819867 1.997709 0.009783 0.606542 0.433795 0.666208
1311868229.482439 -2.256131 -0.820448 1.993701 0.009984 0.604578 0.434286 0.667669
1311868229.512638 -2.250899 -0.820568 1.989471 0.009699 0.604761 0.433685 0.667898
1311868229.547820 -2.247587 -0.822601 1.985601 0.008079 0.607448 0.431360 0.666986
1311868229.580641 -2.241341 -0.825234 1.979874 0.005486 0.610328 0.430014 0.665250
1311868229.613429 -2.232030 -0.827541 1.972444 0.004213 0.611559 0.431174 0.663375
1311868229.647479 -2.221849 -0.829374 1.964905 0.003965 0.610928 0.432923 0.662819
1311868229.681523 -2.214646 -0.831892 1.958956 0.002614 0.610207 0.432534 0.663743
1311868229.712459 -2.206621 -0.834410 1.952888 0.000882 0.609526 0.432374 0.664477
1311868229.748721 -2.197381 -0.836946 1.946310 0.001289 0.608757 0.433216 0.664633
1311868229.782489 -2.191262 -0.840396 1.941030 0.001351 0.608982 0.432894 0.664637
1311868229.812669 -2.180969 -0.842825 1.934157 0.002156 0.608774 0.434221 0.663959
1311868229.844489 -2.172416 -0.847421 1.927461 0.004059 0.608050 0.435578 0.663725
1311868229.883361 -2.163616 -0.849455 1.922097 0.005976 0.608110 0.435445 0.663743
1311868229.914462 -2.156035 -0.855722 1.915483 0.007845 0.607776 0.436475 0.663352
1311868229.944417 -2.149738 -0.858728 1.910882 0.006764 0.607795 0.435858 0.663752
1311868229.982424 -2.139665 -0.860868 1.904909 0.006778 0.608511 0.434623 0.663907
1311868230.012490 -2.134243 -0.866923 1.898712 0.006955 0.608117 0.435183 0.663898
1311868230.047030 -2.126595 -0.869199 1.893819 0.005285 0.607486 0.436182 0.663836
1311868230.083190 -2.117635 -0.871842 1.887850 0.006141 0.607273 0.437658 0.663052
1311868230.113585 -2.113305 -0.877152 1.882326 0.005179 0.606972 0.439086 0.662391
1311868230.147393 -2.103503 -0.876873 1.876741 0.003222 0.607784 0.439960 0.661077
1311868230.180570 -2.094069 -0.877394 1.871153 0.004206 0.611550 0.438233 0.658742
1311868230.214879 -2.089888 -0.882230 1.865534 0.004970 0.616048 0.435549 0.656321
1311868230.245363 -2.083069 -0.885780 1.859549 0.003733 0.618501 0.434907 0.654445
1311868230.283031 -2.072906 -0.890550 1.852496 0.003409 0.619572 0.434614 0.653628
1311868230.312518 -2.069540 -0.894355 1.847504 0.002622 0.619587 0.433422 0.654408
1311868230.343265 -2.061060 -0.897538 1.841117 0.002386 0.617651 0.436178 0.654409
1311868230.382061 -2.056052 -0.902230 1.834894 0.004225 0.614860 0.438946 0.655176
1311868230.414198 -2.051550 -0.902321 1.830453 0.003235 0.611764 0.440578 0.656981
1311868230.443234 -2.044891 -0.903265 1.824639 0.002779 0.607263 0.447114 0.656745
1311868230.484314 -2.036319 -0.903672 1.818091 0.006106 0.602702 0.454904 0.655573
1311868230.512705 -2.028490 -0.903743 1.809638 0.010425 0.600155 0.461152 0.653486
1311868230.543330 -2.020720 -0.903067 1.801051 0.013900 0.601136 0.464549 0.650105
1311868230.582035 -2.018586 -0.906911 1.793253 0.015752 0.605554 0.465397 0.645339
1311868230.613609 -2.009945 -0.903908 1.786508 0.014178 0.608646 0.466226 0.641859
1311868230.643420 -2.000384 -0.904076 1.780305 0.017941 0.611948 0.465045 0.639477
1311868230.682847 -1.996428 -0.904499 1.776063 0.021876 0.614399 0.461255 0.639750
1311868230.713079 -1.989534 -0.906402 1.768972 0.026485 0.615370 0.458842 0.640377
1311868230.743239 -1.986853 -0.909190 1.762923 0.030245 0.616494 0.453938 0.642620
1311868230.783163 -1.982818 -0.909767 1.755908 0.029966 0.617463 0.449757 0.644639
1311868230.812536 -1.979154 -0.910472 1.750906 0.028402 0.619242 0.446594 0.645203
1311868230.843194 -1.975556 -0.911101 1.745484 0.026190 0.620451 0.444885 0.645315
1311868230.884514 -1.973539 -0.911529 1.741455 0.022625 0.620643 0.444927 0.645237
1311868230.912835 -1.966895 -0.912956 1.733528 0.016444 0.619102 0.445569 0.646461
1311868230.943429 -1.959396 -0.914339 1.724960 0.012368 0.618771 0.443929 0.647995
1311868230.983928 -1.953816 -0.914571 1.718153 0.010393 0.619360 0.441881 0.648865
1311868231.012678 -1.948831 -0.915773 1.710747 0.009050 0.620804 0.439233 0.649304
1311868231.043362 -1.943748 -0.917207 1.703409 0.006737 0.622805 0.435453 0.649961
1311868231.083967 -1.937596 -0.917938 1.695316 0.005770 0.625204 0.431427 0.650351
1311868231.115505 -1.935214 -0.919500 1.690068 0.006493 0.628248 0.428135 0.649587
1311868231.143191 -1.934224 -0.920279 1.687922 0.004158 0.629507 0.425470 0.650138
1311868231.180564 -1.930274 -0.920616 1.682869 -0.003400 0.627740 0.424165 0.652697
1311868231.215427 -1.923844 -0.922194 1.673989 -0.010685 0.625646 0.424688 0.654289
1311868231.243144 -1.919586 -0.923753 1.667927 -0.015586 0.624693 0.427248 0.653433
1311868231.284432 -1.914339 -0.925059 1.663908 -0.020608 0.623700 0.429649 0.652668
1311868231.313322 -1.909202 -0.926176 1.659818 -0.026730 0.621984 0.430431 0.653567
1311868231.343237 -1.903496 -0.927760 1.655304 -0.033273 0.619714 0.430779 0.655193
1311868231.380706 -1.898149 -0.929049 1.650740 -0.039288 0.617112 0.431727 0.656689
1311868231.412886 -1.890496 -0.931381 1.644520 -0.044480 0.614838 0.433608 0.657252
1311868231.443247 -1.882045 -0.933102 1.639588 -0.045908 0.614978 0.435273 0.655921
1311868231.481615 -1.877292 -0.935746 1.636310 -0.045489 0.615964 0.436054 0.654504
1311868231.514222 -1.871271 -0.939307 1.632303 -0.046833 0.615561 0.436744 0.654328
1311868231.543183 -1.864771 -0.944400 1.628292 -0.047744 0.615185 0.436593 0.654717
1311868231.582970 -1.858450 -0.948297 1.626031 -0.047807 0.614692 0.435459 0.655930
1311868231.611182 -1.851309 -0.952703 1.622618 -0.048220 0.614326 0.433418 0.657592
1311868231.643249 -1.845903 -0.956768 1.619524 -0.048756 0.614657 0.430940 0.658871
1311868231.683851 -1.840350 -0.959713 1.616641 -0.051068 0.615358 0.429368 0.659067
1311868231.711268 -1.832856 -0.963854 1.615000 -0.053287 0.616913 0.429453 0.657381
1311868231.743341 -1.825667 -0.969237 1.613045 -0.054234 0.618216 0.429648 0.655950
1311868231.782700 -1.821395 -0.973551 1.611615 -0.055868 0.618993 0.429344 0.655279
1311868231.811225 -1.815511 -0.978566 1.609794 -0.056876 0.618821 0.431686 0.653814
1311868231.843239 -1.809542 -0.983465 1.609625 -0.056160 0.617790 0.435235 0.652497
1311868231.883453 -1.802966 -0.988575 1.608643 -0.055762 0.615523 0.438130 0.652735
1311868231.911236 -1.795908 -0.994653 1.605612 -0.056496 0.613539 0.438482 0.654302
1311868231.943245 -1.790901 -0.999606 1.603695 -0.057250 0.612745 0.437762 0.655462
1311868231.981369 -1.785732 -1.004266 1.601764 -0.059030 0.612533 0.436925 0.656061
1311868232.011255 -1.779042 -1.010448 1.600636 -0.061907 0.612665 0.435706 0.656483
1311868232.043334 -1.773836 -1.016261 1.599487 -0.064023 0.612356 0.434055 0.657661
1311868232.084470 -1.768571 -1.021968 1.598953 -0.065926 0.611707 0.433290 0.658580
1311868232.111198 -1.762616 -1.026972 1.598167 -0.067731 0.610236 0.432777 0.660097
1311868232.143235 -1.755690 -1.032146 1.596214 -0.069307 0.609126 0.432237 0.661311
1311868232.180728 -1.750515 -1.037033 1.595364 -0.069444 0.608923 0.432523 0.661297
1311868232.211380 -1.744888 -1.041474 1.595006 -0.069614 0.608154 0.433890 0.661092
1311868232.243208 -1.737507 -1.046098 1.593637 -0.069675 0.607196 0.435010 0.661229
1311868232.280974 -1.732476 -1.050327 1.592361 -0.069632 0.607099 0.435300 0.661132
1311868232.311279 -1.727101 -1.054951 1.592874 -0.069820 0.606644 0.436753 0.660571
1311868232.343193 -1.720299 -1.058671 1.590811 -0.070231 0.605407 0.438287 0.660647
1311868232.380596 -1.714193 -1.062410 1.588799 -0.070096 0.606291 0.438943 0.659414
1311868232.411402 -1.708555 -1.066485 1.587874 -0.068336 0.607975 0.441040 0.656643
1311868232.443259 -1.702944 -1.070848 1.586308 -0.066908 0.609947 0.442433 0.654018
1311868232.482622 -1.698105 -1.075117 1.585947 -0.066257 0.612344 0.442980 0.651471
1311868232.511307 -1.692972 -1.080070 1.585135 -0.066414 0.614552 0.442971 0.649378
1311868232.543326 -1.688945 -1.084135 1.586031 -0.066234 0.616947 0.442951 0.647135
1311868232.583131 -1.683958 -1.089291 1.586342 -0.065989 0.618100 0.443705 0.645542
1311868232.611461 -1.678748 -1.095573 1.585207 -0.065828 0.618793 0.443308 0.645166
1311868232.643442 -1.676420 -1.099870 1.586394 -0.064687 0.619451 0.442888 0.644939
1311868232.683408 -1.670761 -1.105482 1.585037 -0.063581 0.618971 0.443799 0.644884
1311868232.711301 -1.667781 -1.109658 1.585040 -0.060718 0.619214 0.443904 0.644854
1311868232.744002 -1.664582 -1.113795 1.584595 -0.058391 0.619139 0.443720 0.645267
1311868232.779268 -1.662289 -1.116085 1.584746 -0.057706 0.619723 0.441781 0.646099
1311868232.811594 -1.658969 -1.119901 1.584861 -0.058752 0.621043 0.438962 0.646657
1311868232.843289 -1.657160 -1.123287 1.586257 -0.059214 0.623014 0.435803 0.646856
1311868232.879421 -1.655278 -1.127152 1.587851 -0.059349 0.624455 0.433619 0.646922
1311868232.911483 -1.653220 -1.131339 1.589263 -0.058419 0.625285 0.431959 0.647316
1311868232.943301 -1.652246 -1.134096 1.590931 -0.056235 0.625567 0.430319 0.648328
1311868232.979469 -1.652330 -1.135427 1.592519 -0.054220 0.625301 0.429070 0.649583
1311868233.011303 -1.650690 -1.137853 1.594380 -0.053401 0.624471 0.428583 0.650769
1311868233.043607 -1.649511 -1.140885 1.595392 -0.052162 0.623232 0.427228 0.652945
1311868233.079646 -1.650414 -1.141155 1.596851 -0.051044 0.621958 0.425337 0.655478
1311868233.111321 -1.649491 -1.141727 1.596526 -0.051224 0.620682 0.423840 0.657639
1311868233.143478 -1.648629 -1.143390 1.594763 -0.051110 0.621094 0.421842 0.658543
1311868233.179701 -1.650262 -1.144398 1.595561 -0.048775 0.622819 0.420340 0.658051
1311868233.211366 -1.652251 -1.144045 1.597076 -0.047156 0.623430 0.419673 0.658016
1311868233.243606 -1.651514 -1.145176 1.596769 -0.046006 0.623022 0.418982 0.658925
1311868233.279654 -1.653328 -1.144015 1.596027 -0.043757 0.622688 0.418094 0.659957
1311868233.311396 -1.655401 -1.143231 1.596620 -0.040422 0.622532 0.418842 0.659842
1311868233.343465 -1.658011 -1.141718 1.598343 -0.036932 0.621175 0.419977 0.660604
1311868233.379449 -1.660216 -1.139630 1.598849 -0.034625 0.618732 0.419179 0.663522
1311868233.411418 -1.664491 -1.135370 1.598649 -0.032909 0.615855 0.416727 0.667816
1311868233.443336 -1.667397 -1.130319 1.597136 -0.032911 0.613711 0.415171 0.670752
1311868233.479382 -1.670337 -1.127200 1.594885 -0.032573 0.613447 0.413864 0.671817
1311868233.511408 -1.675546 -1.121078 1.594609 -0.032251 0.614191 0.411881 0.672372
1311868233.543443 -1.679470 -1.116041 1.593429 -0.032903 0.614649 0.411546 0.672127
1311868233.579545 -1.682821 -1.112476 1.591625 -0.033463 0.614448 0.412126 0.671927
1311868233.611453 -1.687502 -1.107788 1.589846 -0.033496 0.614167 0.411929 0.672304
1311868233.643320 -1.691777 -1.103045 1.587493 -0.033932 0.613515 0.411403 0.673198
1311868233.679470 -1.697403 -1.098588 1.585397 -0.033881 0.612750 0.410061 0.674714
1311868233.711536 -1.702850 -1.091337 1.582842 -0.033911 0.611485 0.408341 0.676901
1311868233.743366 -1.708484 -1.086393 1.579880 -0.033450 0.610542 0.407152 0.678488
1311868233.779597 -1.715848 -1.077987 1.577250 -0.033119 0.609040 0.405866 0.680622
1311868233.811509 -1.720320 -1.072674 1.572780 -0.033387 0.607263 0.406165 0.682016
1311868233.843614 -1.726756 -1.065544 1.569404 -0.031639 0.605623 0.406558 0.683324
1311868233.879475 -1.730633 -1.060063 1.563634 -0.031492 0.603858 0.406326 0.685028
1311868233.911537 -1.737646 -1.053056 1.557607 -0.031126 0.603387 0.405183 0.686135
1311868233.943472 -1.742818 -1.047505 1.551899 -0.031057 0.603560 0.405800 0.685622
1311868233.979347 -1.749068 -1.042365 1.547289 -0.030807 0.603671 0.406751 0.684971
1311868234.011459 -1.754173 -1.038728 1.542282 -0.031091 0.603107 0.407219 0.685177
1311868234.043413 -1.759384 -1.035096 1.536656 -0.031465 0.602289 0.406632 0.686228
1311868234.079556 -1.765977 -1.031399 1.530372 -0.031757 0.601894 0.404432 0.687859
1311868234.111633 -1.771692 -1.027808 1.523634 -0.032388 0.602056 0.401965 0.689132
1311868234.143456 -1.778704 -1.025045 1.518479 -0.032489 0.603741 0.397711 0.690121
1311868234.179448 -1.787215 -1.021303 1.515441 -0.032206 0.605176 0.393614 0.691225
1311868234.211483 -1.794925 -1.018268 1.512214 -0.032042 0.605257 0.390462 0.692948
1311868234.243581 -1.803322 -1.015920 1.508774 -0.031221 0.604498 0.387459 0.695330
1311868234.279402 -1.811662 -1.011909 1.505548 -0.031117 0.603143 0.383991 0.698428
1311868234.311515 -1.818365 -1.008870 1.501031 -0.031745 0.602419 0.379870 0.701272
1311868234.343505 -1.827698 -1.004619 1.497819 -0.031522 0.602846 0.374908 0.703581
1311868234.379573 -1.837429 -1.000129 1.495723 -0.031708 0.603231 0.370864 0.705384
1311868234.411591 -1.846486 -0.996139 1.493351 -0.031687 0.602864 0.368124 0.707132
1311868234.443480 -1.855040 -0.991202 1.490756 -0.032280 0.602071 0.365972 0.708895
1311868234.479529 -1.863329 -0.986334 1.487698 -0.032479 0.601190 0.364012 0.710641
1311868234.511642 -1.871565 -0.981665 1.484319 -0.032980 0.600158 0.362809 0.712104
1311868234.543567 -1.879279 -0.976814 1.480591 -0.033298 0.599444 0.361672 0.713268
1311868234.579412 -1.887378 -0.971451 1.476924 -0.033671 0.599100 0.360460 0.714153
1311868234.611718 -1.895112 -0.966871 1.473449 -0.034713 0.598976 0.359918 0.714480
1311868234.643547 -1.903194 -0.961824 1.470166 -0.034971 0.598906 0.359649 0.714661
1311868234.679531 -1.910648 -0.956221 1.467041 -0.035416 0.598613 0.359776 0.714821
1311868234.711442 -1.918397 -0.949567 1.465073 -0.035313 0.598220 0.359726 0.715180
1311868234.743637 -1.924785 -0.945052 1.461410 -0.036041 0.597238 0.360307 0.715672
1311868234.779522 -1.932448 -0.939200 1.458411 -0.035915 0.596883 0.360053 0.716102
1311868234.811711 -1.938830 -0.934247 1.454550 -0.036366 0.596323 0.360266 0.716439
1311868234.843512 -1.946275 -0.928158 1.451881 -0.035701 0.596182 0.359725 0.716862
1311868234.879399 -1.953023 -0.923513 1.448811 -0.035494 0.595805 0.359387 0.717355
1311868234.911468 -1.961071 -0.916610 1.446687 -0.035173 0.595212 0.359015 0.718049
1311868234.943562 -1.967671 -0.910812 1.443845 -0.035774 0.594145 0.359552 0.718634
1311868234.979489 -1.974152 -0.904681 1.441932 -0.035777 0.593264 0.359790 0.719242
1311868235.011644 -1.980936 -0.899290 1.438703 -0.036763 0.592281 0.359794 0.720000
1311868235.043680 -1.987603 -0.892994 1.436203 -0.037657 0.591399 0.360082 0.720534
1311868235.079664 -1.993688 -0.886825 1.432694 -0.038416 0.590424 0.361108 0.720781
1311868235.111629 -1.999630 -0.880097 1.429633 -0.038992 0.589986 0.361965 0.720679
1311868235.143595 -2.004961 -0.874973 1.426637 -0.039399 0.589407 0.363123 0.720547
1311868235.179665 -2.011057 -0.868600 1.423740 -0.038654 0.588382 0.364873 0.720542
1311868235.211489 -2.016737 -0.861817 1.420120 -0.038111 0.586951 0.366721 0.720800
1311868235.243614 -2.021251 -0.855766 1.416005 -0.038656 0.586045 0.367737 0.720990
1311868235.279710 -2.025630 -0.850537 1.412551 -0.037873 0.586075 0.369156 0.720281
1311868235.311695 -2.029024 -0.845457 1.408932 -0.036344 0.586038 0.370565 0.719667
1311868235.343699 -2.032784 -0.839090 1.405066 -0.034594 0.586494 0.370304 0.719516
1311868235.379762 -2.036383 -0.833663 1.401618 -0.032537 0.587617 0.370124 0.718788
1311868235.411537 -2.041377 -0.827516 1.398856 -0.030229 0.588831 0.370101 0.717906
1311868235.443732 -2.046239 -0.820902 1.396399 -0.029531 0.589557 0.370367 0.717203
1311868235.479571 -2.047707 -0.815572 1.393178 -0.029689 0.589921 0.370447 0.716855
1311868235.511713 -2.052226 -0.809455 1.390601 -0.028754 0.590398 0.370021 0.716720
1311868235.543566 -2.053140 -0.804407 1.386908 -0.029528 0.590474 0.370260 0.716502
1311868235.579657 -2.053416 -0.799068 1.382196 -0.028903 0.592024 0.369667 0.715555
1311868235.611793 -2.055706 -0.792395 1.378348 -0.027872 0.595069 0.368357 0.713743
1311868235.643525 -2.058143 -0.787138 1.374727 -0.028142 0.598854 0.366894 0.711316
1311868235.679690 -2.059485 -0.779721 1.373240 -0.028040 0.602293 0.365663 0.709046
1311868235.711568 -2.060878 -0.775043 1.372547 -0.028011 0.604783 0.364348 0.707604
1311868235.743898 -2.063348 -0.768780 1.371095 -0.028516 0.605632 0.362905 0.707600
1311868235.779537 -2.063950 -0.762604 1.370785 -0.028911 0.605614 0.362111 0.708005
1311868235.811896 -2.064309 -0.756029 1.370473 -0.028140 0.604141 0.361770 0.709468
1311868235.843663 -2.065023 -0.748920 1.368718 -0.027938 0.601363 0.361466 0.711986
1311868235.879619 -2.065071 -0.743737 1.365429 -0.028711 0.598975 0.361579 0.713908
1311868235.911551 -2.065057 -0.738074 1.361995 -0.027796 0.597659 0.362006 0.714831
1311868235.943694 -2.066092 -0.731238 1.358667 -0.027004 0.596384 0.362188 0.715833
1311868235.979648 -2.065298 -0.725021 1.355318 -0.026906 0.595362 0.362713 0.716421
1311868236.011678 -2.064019 -0.720580 1.352730 -0.025026 0.594667 0.363159 0.716841
1311868236.043684 -2.065994 -0.714647 1.349815 -0.022361 0.592773 0.362931 0.718611
1311868236.079629 -2.065966 -0.709249 1.346492 -0.021592 0.589543 0.362127 0.721690
1311868236.111800 -2.064036 -0.703260 1.341829 -0.020829 0.586358 0.361277 0.724728
1311868236.143661 -2.064130 -0.696651 1.336609 -0.019625 0.583967 0.360963 0.726845
1311868236.179561 -2.063256 -0.690186 1.332310 -0.018936 0.581548 0.362432 0.728071
1311868236.211655 -2.061157 -0.685433 1.329684 -0.017578 0.579517 0.363928 0.728977
1311868236.243642 -2.062654 -0.679824 1.326638 -0.016873 0.576573 0.363904 0.731336
1311868236.279495 -2.063000 -0.673301 1.323005 -0.019241 0.572539 0.363724 0.734529
1311868236.311580 -2.060373 -0.667555 1.318003 -0.021849 0.569665 0.363545 0.736776
1311868236.343770 -2.058684 -0.662725 1.313476 -0.023929 0.568861 0.361602 0.738287
1311868236.379539 -2.059006 -0.656628 1.309584 -0.025827 0.568850 0.358300 0.739840
1311868236.412852 -2.058501 -0.650265 1.305713 -0.027992 0.569040 0.356045 0.740704
1311868236.443514 -2.057919 -0.644228 1.303012 -0.028601 0.569314 0.355530 0.740717
1311868236.479602 -2.056820 -0.638577 1.301120 -0.029046 0.569082 0.356067 0.740620
1311868236.511583 -2.055016 -0.633539 1.300163 -0.028161 0.568207 0.356716 0.741014
1311868236.543672 -2.053098 -0.629260 1.297830 -0.027182 0.566323 0.356638 0.742529
1311868236.579656 -2.051852 -0.624393 1.295658 -0.024760 0.564751 0.356264 0.743989
1311868236.611596 -2.051046 -0.620189 1.293134 -0.021762 0.562371 0.356035 0.745992
1311868236.647654 -2.050765 -0.614738 1.290064 -0.019287 0.559907 0.354692 0.748549
1311868236.679569 -2.049533 -0.610982 1.288015 -0.016722 0.558337 0.352985 0.750588
1311868236.711710 -2.050363 -0.604508 1.285606 -0.014073 0.557117 0.351210 0.752379
1311868236.747574 -2.049637 -0.600595 1.283725 -0.012145 0.556663 0.349947 0.753337
1311868236.779605 -2.050848 -0.594841 1.281812 -0.009619 0.556227 0.348906 0.754177
1311868236.811656 -2.051666 -0.589391 1.280427 -0.008308 0.555749 0.347732 0.755087
1311868236.847644 -2.053055 -0.584373 1.280071 -0.007379 0.554673 0.346396 0.756501
1311868236.879498 -2.055915 -0.579051 1.278334 -0.007124 0.552119 0.345666 0.758702
1311868236.911822 -2.056040 -0.573030 1.277245 -0.006940 0.549220 0.345343 0.760952
1311868236.947572 -2.057188 -0.568003 1.274925 -0.007075 0.546551 0.345706 0.762705
1311868236.979635 -2.057208 -0.562042 1.273335 -0.006363 0.544251 0.347727 0.763437
1311868237.011585 -2.056003 -0.556813 1.270512 -0.004347 0.542485 0.350473 0.763452
1311868237.047783 -2.057112 -0.551076 1.268093 -0.001602 0.541529 0.351258 0.763781
1311868237.079739 -2.058128 -0.544096 1.264862 -0.000276 0.539919 0.351028 0.765028
1311868237.111617 -2.057950 -0.539213 1.262636 0.000996 0.538776 0.350841 0.765918
1311868237.147698 -2.059613 -0.533095 1.259827 0.003794 0.536882 0.351061 0.767137
1311868237.179506 -2.059674 -0.526456 1.256365 0.005844 0.534298 0.351465 0.768741
1311868237.211747 -2.059613 -0.521305 1.251717 0.008358 0.532242 0.350739 0.770474
1311868237.247704 -2.061595 -0.514304 1.246634 0.010907 0.530097 0.349402 0.772526
1311868237.279719 -2.062744 -0.508527 1.240314 0.012048 0.528183 0.347875 0.774506
1311868237.311685 -2.063838 -0.502553 1.234348 0.012601 0.526671 0.346239 0.776259
1311868237.347705 -2.065774 -0.496360 1.227393 0.012641 0.524922 0.344309 0.778299
1311868237.379984 -2.066837 -0.488711 1.220783 0.011404 0.522927 0.342814 0.780318
1311868237.411750 -2.066800 -0.483281 1.213454 0.010203 0.521653 0.342317 0.781405
1311868237.447678 -2.068042 -0.477552 1.205945 0.009608 0.520423 0.341490 0.782593
1311868237.479718 -2.069304 -0.471751 1.197815 0.008475 0.518590 0.339993 0.784473
1311868237.511663 -2.070575 -0.466437 1.190547 0.007136 0.516722 0.337774 0.786674
1311868237.547675 -2.073634 -0.461007 1.182863 0.005237 0.514110 0.334558 0.789768
1311868237.579714 -2.074942 -0.454781 1.174547 0.001539 0.510968 0.331155 0.793250
1311868237.611575 -2.075481 -0.449896 1.164263 -0.001678 0.509172 0.328073 0.795682
1311868237.647688 -2.077750 -0.444589 1.155243 -0.004667 0.509255 0.323684 0.797412
1311868237.679616 -2.080674 -0.437753 1.146854 -0.008089 0.509275 0.319025 0.799247
1311868237.711933 -2.082509 -0.432477 1.139921 -0.011437 0.508690 0.315015 0.801167
1311868237.747723 -2.086079 -0.428096 1.134452 -0.012139 0.506556 0.312396 0.803531
1311868237.779615 -2.088781 -0.422703 1.127754 -0.012104 0.502313 0.311822 0.806413
1311868237.811811 -2.089549 -0.416784 1.117838 -0.011394 0.497493 0.311763 0.809429
1311868237.847748 -2.092427 -0.411304 1.107959 -0.009984 0.493890 0.311148 0.811886
1311868237.879660 -2.094758 -0.405331 1.099258 -0.009796 0.491237 0.310358 0.813798
1311868237.911846 -2.097258 -0.398955 1.090849 -0.009662 0.489151 0.310168 0.815128
1311868237.947730 -2.098620 -0.391881 1.083285 -0.009968 0.486967 0.311038 0.816100
1311868237.979641 -2.100300 -0.386386 1.075992 -0.010423 0.485372 0.311764 0.816767
1311868238.011682 -2.103189 -0.380333 1.068711 -0.010487 0.483583 0.312702 0.817469
1311868238.047724 -2.105472 -0.372942 1.062489 -0.011156 0.481367 0.313709 0.818381
1311868238.079831 -2.106196 -0.366316 1.055790 -0.011976 0.479274 0.314569 0.819268
1311868238.111670 -2.108121 -0.360766 1.049774 -0.012682 0.477861 0.315411 0.819759
1311868238.147711 -2.109598 -0.355567 1.044787 -0.013289 0.476235 0.315395 0.820701
1311868238.179768 -2.110771 -0.350635 1.039358 -0.013892 0.474160 0.314518 0.822228
1311868238.211730 -2.111852 -0.344884 1.034021 -0.014043 0.472120 0.313593 0.823750
1311868238.247769 -2.112933 -0.340268 1.028999 -0.014457 0.470341 0.314144 0.824551
1311868238.279669 -2.111455 -0.336524 1.024082 -0.014709 0.469274 0.315381 0.824682
1311868238.311749 -2.110103 -0.331993 1.019413 -0.014691 0.469036 0.315846 0.824640
1311868238.347701 -2.108081 -0.327981 1.014803 -0.014833 0.469591 0.315743 0.824361
1311868238.379617 -2.107938 -0.326053 1.010850 -0.015189 0.470895 0.314673 0.824020
1311868238.411808 -2.107603 -0.322919 1.006458 -0.015621 0.470792 0.313319 0.824586
1311868238.447579 -2.105539 -0.319780 1.003066 -0.015090 0.470490 0.312639 0.825026
1311868238.479644 -2.105464 -0.316212 0.998609 -0.013360 0.469610 0.313297 0.825308
1311868238.511638 -2.103075 -0.313562 0.994515 -0.011990 0.468098 0.313840 0.825981
1311868238.547647 -2.102869 -0.310091 0.990115 -0.010671 0.466386 0.314764 0.826616
1311868238.579703 -2.101069 -0.306370 0.985984 -0.009714 0.464347 0.316472 0.827123
1311868238.611939 -2.097841 -0.302530 0.982355 -0.009824 0.463419 0.317294 0.827327
1311868238.647718 -2.094323 -0.295728 0.976636 -0.010404 0.463437 0.317408 0.827267
1311868238.679756 -2.090340 -0.290713 0.971172 -0.013075 0.464815 0.316409 0.826838
1311868238.711811 -2.089411 -0.285335 0.968295 -0.015545 0.466719 0.315803 0.825954
1311868238.747681 -2.086179 -0.282085 0.965100 -0.018746 0.467753 0.316754 0.824938
1311868238.779734 -2.082056 -0.278092 0.962392 -0.020376 0.468049 0.319238 0.823773
1311868238.811727 -2.078225 -0.274105 0.958207 -0.020771 0.468224 0.322571 0.822364
1311868238.847715 -2.073472 -0.271222 0.955159 -0.021534 0.468399 0.325491 0.821094
1311868238.879655 -2.070440 -0.266156 0.949304 -0.021270 0.467248 0.327182 0.821084
1311868238.911768 -2.065161 -0.263311 0.947045 -0.021892 0.466147 0.328997 0.820968
1311868238.947727 -2.060452 -0.260502 0.944123 -0.021080 0.465317 0.331186 0.820580
1311868238.979698 -2.057277 -0.257900 0.937908 -0.020469 0.463743 0.333243 0.820654
1311868239.011813 -2.052287 -0.255499 0.935903 -0.021641 0.462376 0.333268 0.821384
1311868239.047859 -2.047106 -0.253038 0.934827 -0.020865 0.461912 0.330416 0.822817
1311868239.079767 -2.044158 -0.250630 0.929705 -0.020513 0.461430 0.325357 0.825109
1311868239.111923 -2.040630 -0.248327 0.926114 -0.022141 0.461601 0.318915 0.827482
1311868239.147701 -2.036662 -0.245384 0.923352 -0.022979 0.462130 0.312870 0.829470
1311868239.179952 -2.034044 -0.241285 0.918870 -0.021378 0.461078 0.310014 0.831169
1311868239.211956 -2.032616 -0.238675 0.917108 -0.020105 0.458238 0.310462 0.832603
1311868239.247740 -2.030286 -0.237638 0.913666 -0.018916 0.453603 0.311055 0.834944
1311868239.279647 -2.026554 -0.234150 0.910571 -0.017744 0.448677 0.311635 0.837411
1311868239.311701 -2.022959 -0.231410 0.907759 -0.016589 0.444505 0.312418 0.839366
1311868239.347666 -2.019193 -0.227988 0.905613 -0.015701 0.440640 0.312822 0.841268
1311868239.379722 -2.015144 -0.225074 0.903815 -0.014943 0.437493 0.312802 0.842930
1311868239.411681 -2.012186 -0.221436 0.901620 -0.013975 0.434421 0.312957 0.844477
1311868239.447769 -2.009582 -0.217699 0.898463 -0.013728 0.431325 0.314094 0.845645
1311868239.479757 -2.006845 -0.213735 0.896347 -0.014219 0.428453 0.315770 0.846472
1311868239.511807 -2.003619 -0.211239 0.895620 -0.015196 0.426791 0.316532 0.847010
1311868239.547793 -2.000695 -0.208975 0.894181 -0.016034 0.425802 0.315617 0.847833
1311868239.579832 -1.998022 -0.205859 0.892081 -0.017340 0.424866 0.311700 0.849724
1311868239.611936 -1.996028 -0.202522 0.890503 -0.019338 0.423359 0.307728 0.851878
1311868239.647799 -1.994687 -0.199310 0.888921 -0.020572 0.421104 0.304537 0.854111
1311868239.679838 -1.992790 -0.194346 0.886816 -0.021289 0.418222 0.303275 0.855957
1311868239.711814 -1.990799 -0.190495 0.884503 -0.021615 0.415402 0.303953 0.857080
1311868239.747890 -1.989413 -0.187668 0.882319 -0.023237 0.412613 0.303614 0.858504
1311868239.779802 -1.987675 -0.184093 0.880185 -0.025505 0.410224 0.301190 0.860436
1311868239.811866 -1.985907 -0.181137 0.877779 -0.027275 0.408646 0.298101 0.862207
1311868239.847692 -1.984548 -0.177350 0.873977 -0.027617 0.406350 0.295377 0.864216
1311868239.879821 -1.984036 -0.174190 0.870147 -0.027271 0.402763 0.294330 0.866261
1311868239.912048 -1.984062 -0.172302 0.866499 -0.026361 0.398390 0.294733 0.868172
1311868239.947914 -1.981548 -0.167748 0.860476 -0.024489 0.392899 0.294993 0.870638
1311868239.979870 -1.981752 -0.164009 0.853475 -0.023739 0.388857 0.293966 0.872818
1311868240.012203 -1.981714 -0.158229 0.845474 -0.024467 0.385445 0.291683 0.875074
1311868240.047963 -1.980179 -0.152035 0.839762 -0.026857 0.383486 0.288470 0.876928
1311868240.079916 -1.978834 -0.147018 0.832336 -0.029687 0.383324 0.285585 0.877851
1311868240.111831 -1.978488 -0.142966 0.823415 -0.031603 0.383319 0.284557 0.878120
1311868240.147812 -1.976420 -0.138524 0.813963 -0.032545 0.382144 0.284037 0.878766
1311868240.180037 -1.976258 -0.134646 0.803785 -0.033004 0.380205 0.282910 0.879953
1311868240.211870 -1.975968 -0.129719 0.794643 -0.033276 0.377905 0.281235 0.881469
1311868240.247823 -1.975441 -0.124691 0.785628 -0.033283 0.376176 0.279462 0.882771
1311868240.279833 -1.976313 -0.119343 0.775804 -0.034137 0.373937 0.277080 0.884439
1311868240.311899 -1.977483 -0.114326 0.767952 -0.037513 0.372521 0.273204 0.886104
1311868240.347732 -1.975460 -0.107936 0.761475 -0.040472 0.372454 0.270255 0.886906
1311868240.379758 -1.976351 -0.103032 0.753659 -0.041995 0.373415 0.268519 0.886958
1311868240.412142 -1.978867 -0.098824 0.745535 -0.044315 0.373555 0.265961 0.887557
1311868240.447900 -1.980474 -0.093705 0.738945 -0.047725 0.372543 0.262389 0.888868
1311868240.480028 -1.981456 -0.088927 0.734391 -0.051234 0.372659 0.258654 0.889718
1311868240.512225 -1.982220 -0.083385 0.728006 -0.053357 0.372558 0.255346 0.890591
1311868240.547745 -1.983294 -0.077161 0.721006 -0.055078 0.370712 0.252323 0.892117
1311868240.579717 -1.984974 -0.072570 0.717363 -0.056396 0.369389 0.250469 0.893105
1311868240.611779 -1.986807 -0.067407 0.712633 -0.055901 0.368287 0.250939 0.893459
1311868240.647892 -1.987637 -0.062798 0.707565 -0.055243 0.365944 0.253345 0.893784
1311868240.679815 -1.989460 -0.058635 0.703389 -0.055084 0.363674 0.256125 0.893928
1311868240.711873 -1.990050 -0.055094 0.700745 -0.054465 0.363026 0.258063 0.893672
1311868240.748004 -1.991379 -0.051998 0.695498 -0.053042 0.362726 0.259228 0.893542
1311868240.779858 -1.992452 -0.048624 0.690881 -0.052968 0.361943 0.259490 0.893788
1311868240.811863 -1.993427 -0.045743 0.687226 -0.053012 0.361602 0.259136 0.894026
1311868240.848064 -1.994211 -0.043990 0.684181 -0.053428 0.362624 0.260278 0.893255
1311868240.879754 -1.994267 -0.043674 0.681299 -0.053851 0.364364 0.262582 0.891846
1311868240.911960 -1.994459 -0.045940 0.676615 -0.055886 0.365298 0.265282 0.890539
1311868240.947862 -1.990290 -0.048705 0.671520 -0.061171 0.364097 0.268390 0.889752
1311868240.980015 -1.987029 -0.048806 0.669275 -0.066916 0.363182 0.272840 0.888358
1311868241.011989 -1.981842 -0.050439 0.667231 -0.069093 0.363731 0.274928 0.887322
1311868241.047933 -1.977693 -0.054407 0.664158 -0.070953 0.364016 0.274443 0.887209
1311868241.079985 -1.974332 -0.057961 0.663105 -0.071339 0.364710 0.273146 0.887293
1311868241.111816 -1.970800 -0.062374 0.662135 -0.069204 0.366955 0.272024 0.886881
1311868241.148015 -1.966682 -0.069844 0.656775 -0.068421 0.367766 0.271083 0.886894
1311868241.179775 -1.961858 -0.076013 0.653979 -0.067725 0.368859 0.269788 0.886888
1311868241.211864 -1.957344 -0.083194 0.648966 -0.067354 0.369181 0.269224 0.886954
1311868241.247832 -1.952005 -0.090479 0.644732 -0.070623 0.368435 0.269584 0.886900
1311868241.279951 -1.947082 -0.096138 0.646351 -0.071582 0.370428 0.271790 0.885319
1311868241.311846 -1.941081 -0.103259 0.644629 -0.070579 0.371170 0.276289 0.883695
1311868241.348159 -1.932832 -0.109168 0.641388 -0.069789 0.369524 0.279244 0.883518
1311868241.379991 -1.925310 -0.116869 0.639053 -0.069357 0.368470 0.279383 0.883948
1311868241.411927 -1.919334 -0.124481 0.636350 -0.068137 0.368122 0.279307 0.884212
1311868241.447810 -1.912276 -0.131299 0.634787 -0.067357 0.367691 0.279673 0.884336
1311868241.479924 -1.905665 -0.136597 0.632434 -0.064816 0.366992 0.280403 0.884585
1311868241.512153 -1.899035 -0.143736 0.630650 -0.062422 0.365841 0.282164 0.884673
1311868241.547948 -1.892963 -0.149910 0.627668 -0.060014 0.365185 0.284312 0.884424
1311868241.579911 -1.886806 -0.156432 0.624526 -0.058955 0.364892 0.286841 0.883799
1311868241.611956 -1.878429 -0.164010 0.621777 -0.060100 0.364527 0.288368 0.883375
1311868241.648036 -1.871393 -0.169437 0.619811 -0.058814 0.364701 0.288513 0.883343
1311868241.679969 -1.865345 -0.174547 0.617020 -0.057748 0.363668 0.288981 0.883686
1311868241.712640 -1.858990 -0.179559 0.613986 -0.057029 0.362016 0.289534 0.884230
1311868241.747996 -1.854260 -0.185005 0.610231 -0.056294 0.359744 0.289322 0.885273
1311868241.779865 -1.848090 -0.191453 0.605866 -0.056416 0.357618 0.287206 0.886814
1311868241.811843 -1.842235 -0.197037 0.602124 -0.057637 0.356444 0.283981 0.888246
1311868241.847976 -1.835448 -0.203097 0.600872 -0.058498 0.356634 0.279887 0.889412
1311868241.879857 -1.830122 -0.209648 0.595056 -0.059651 0.356680 0.273655 0.891254
1311868241.911969 -1.822900 -0.214432 0.592661 -0.059955 0.356552 0.267889 0.893035
1311868241.947838 -1.817933 -0.217246 0.586909 -0.058162 0.355452 0.262684 0.895136
1311868241.979902 -1.811859 -0.222159 0.580760 -0.058343 0.352665 0.258909 0.897323
1311868242.011931 -1.806116 -0.227349 0.574905 -0.058297 0.349468 0.256978 0.899131
1311868242.047949 -1.802300 -0.230654 0.569192 -0.058034 0.345618 0.255191 0.901143
1311868242.080011 -1.798414 -0.233066 0.562512 -0.059584 0.340928 0.252498 0.903583
1311868242.111944 -1.792147 -0.235599 0.557285 -0.060958 0.337179 0.250593 0.905427
1311868242.147934 -1.787748 -0.237944 0.551558 -0.062296 0.334390 0.248154 0.907040
1311868242.180028 -1.783309 -0.240439 0.545728 -0.064092 0.332289 0.243367 0.908982
1311868242.212185 -1.779057 -0.242890 0.539778 -0.065546 0.331152 0.238703 0.910529
1311868242.247919 -1.775753 -0.243641 0.534384 -0.064535 0.329945 0.235364 0.911907
1311868242.279969 -1.773954 -0.243819 0.528151 -0.064815 0.327228 0.232514 0.913596
1311868242.312146 -1.770042 -0.244845 0.523971 -0.064853 0.324011 0.231074 0.915104
1311868242.347903 -1.768668 -0.245202 0.519236 -0.063132 0.320423 0.230922 0.916525
1311868242.379943 -1.767223 -0.245668 0.514851 -0.061907 0.315871 0.231690 0.917994
1311868242.412008 -1.762286 -0.246016 0.511308 -0.060687 0.311375 0.231946 0.919545
1311868242.447942 -1.759297 -0.246784 0.507302 -0.058838 0.308390 0.230193 0.921111
1311868242.479984 -1.756833 -0.244934 0.503626 -0.058314 0.306037 0.225158 0.923171
1311868242.511969 -1.752330 -0.243991 0.500676 -0.058047 0.304841 0.219523 0.924939
1311868242.548093 -1.752525 -0.241554 0.496695 -0.057136 0.304079 0.216312 0.926002
1311868242.580083 -1.750142 -0.241206 0.495957 -0.056911 0.301914 0.217001 0.926563
1311868242.612269 -1.750293 -0.240111 0.496139 -0.055298 0.298315 0.218087 0.927571
1311868242.648160 -1.747611 -0.240208 0.494815 -0.054704 0.292298 0.219158 0.929268
1311868242.679930 -1.744441 -0.238375 0.490840 -0.054517 0.286652 0.217174 0.931501
1311868242.712253 -1.737864 -0.238699 0.486957 -0.054644 0.283856 0.215238 0.932798
1311868242.747909 -1.732154 -0.237862 0.481575 -0.051940 0.285562 0.213093 0.932924
1311868242.779977 -1.727466 -0.235307 0.476958 -0.049089 0.289254 0.211632 0.932274
1311868242.812042 -1.726169 -0.233881 0.473814 -0.046494 0.293771 0.211763 0.930964
1311868242.847992 -1.726251 -0.232714 0.470976 -0.045296 0.296886 0.212330 0.929905
1311868242.879888 -1.722267 -0.232305 0.470833 -0.045868 0.298042 0.212699 0.929422
1311868242.912047 -1.719442 -0.231268 0.467931 -0.044844 0.299489 0.210724 0.929457
1311868242.948092 -1.717263 -0.226827 0.464145 -0.045277 0.300720 0.208899 0.929451
1311868242.980064 -1.712078 -0.225171 0.463729 -0.044374 0.303058 0.210638 0.928342
1311868243.012214 -1.708695 -0.223595 0.463416 -0.041684 0.304997 0.213068 0.927276
1311868243.048093 -1.706151 -0.220610 0.461517 -0.038765 0.305013 0.215012 0.926949
1311868243.079963 -1.703888 -0.216724 0.459009 -0.037566 0.303711 0.218253 0.926668
1311868243.111904 -1.698166 -0.214434 0.457927 -0.036188 0.303185 0.222305 0.925932
1311868243.148081 -1.695558 -0.213136 0.456199 -0.035739 0.303601 0.223490 0.925528
1311868243.180098 -1.690779 -0.213712 0.453353 -0.036398 0.303768 0.221857 0.925840
1311868243.211968 -1.687632 -0.213018 0.450064 -0.035789 0.305093 0.219017 0.926104
1311868243.248114 -1.685975 -0.210893 0.447540 -0.034724 0.306154 0.217276 0.926205
1311868243.280037 -1.683366 -0.210166 0.445671 -0.033554 0.305605 0.217551 0.926364
1311868243.312010 -1.682418 -0.209878 0.442701 -0.032406 0.303413 0.217230 0.927201
1311868243.348087 -1.679285 -0.208576 0.439203 -0.032321 0.299612 0.215729 0.928789
1311868243.379992 -1.674309 -0.207801 0.434366 -0.032078 0.296570 0.213308 0.930332
1311868243.411942 -1.670793 -0.203614 0.428720 -0.031680 0.294872 0.208835 0.931898
1311868243.448204 -1.664992 -0.200149 0.422563 -0.032700 0.294087 0.204692 0.933030
1311868243.480135 -1.661103 -0.196885 0.417451 -0.032721 0.295045 0.201464 0.933429
1311868243.512100 -1.658175 -0.193679 0.412641 -0.032886 0.295349 0.198120 0.934043
1311868243.548097 -1.657031 -0.192391 0.407105 -0.033934 0.293814 0.194716 0.935204
1311868243.580031 -1.655433 -0.188496 0.404165 -0.034182 0.289905 0.191328 0.937113
1311868243.611954 -1.653732 -0.183043 0.398343 -0.034990 0.283176 0.187024 0.940005
1311868243.648052 -1.649692 -0.176093 0.390801 -0.037101 0.275140 0.183971 0.942908
1311868243.680036 -1.646499 -0.172603 0.381630 -0.040445 0.268595 0.181373 0.945158
1311868243.712048 -1.642434 -0.168527 0.372171 -0.044238 0.263728 0.177692 0.947057
1311868243.747912 -1.634272 -0.161329 0.362823 -0.047804 0.259934 0.173035 0.948793
1311868243.779970 -1.627689 -0.155034 0.354496 -0.051406 0.258936 0.169550 0.949506
1311868243.811933 -1.623565 -0.147913 0.346266 -0.053557 0.258873 0.170137 0.949300
1311868243.848171 -1.620383 -0.143659 0.339793 -0.055793 0.258290 0.171860 0.949019
1311868243.880069 -1.617833 -0.141565 0.333552 -0.057573 0.255818 0.171209 0.949700
1311868243.912060 -1.616160 -0.137789 0.326125 -0.059008 0.251335 0.168066 0.951369
1311868243.948200 -1.613544 -0.133176 0.322139 -0.060072 0.246470 0.164885 0.953130
1311868243.979984 -1.612112 -0.128769 0.314704 -0.060874 0.240283 0.162486 0.955069
1311868244.012101 -1.608774 -0.125140 0.307535 -0.061860 0.234404 0.160179 0.956855
1311868244.048067 -1.605509 -0.119278 0.302850 -0.061962 0.230034 0.157983 0.958273
1311868244.080141 -1.600739 -0.114435 0.299450 -0.060435 0.226603 0.157425 0.959279
1311868244.112211 -1.598266 -0.111398 0.293494 -0.057900 0.223974 0.156510 0.960202
1311868244.148092 -1.596278 -0.105307 0.286746 -0.055744 0.221610 0.153937 0.961293
1311868244.180196 -1.591177 -0.097708 0.283823 -0.053374 0.220253 0.150361 0.962305
1311868244.212047 -1.590797 -0.090361 0.277050 -0.050960 0.219367 0.146372 0.963253
1311868244.248025 -1.591761 -0.084179 0.271298 -0.050705 0.217226 0.143786 0.964141
1311868244.279999 -1.591826 -0.076458 0.266877 -0.050649 0.213005 0.140090 0.965629
1311868244.312192 -1.595774 -0.068081 0.258814 -0.053731 0.207141 0.135771 0.967353
1311868244.348251 -1.591612 -0.062834 0.253002 -0.058582 0.201460 0.134976 0.968382
1311868244.380022 -1.579542 -0.052715 0.254965 -0.058446 0.198695 0.136203 0.968789
1311868244.412124 -1.577650 -0.046330 0.248634 -0.058667 0.199705 0.136435 0.968536
1311868244.448220 -1.571747 -0.040087 0.246142 -0.059554 0.201954 0.136794 0.967964
1311868244.480101 -1.569989 -0.035292 0.241351 -0.058550 0.205599 0.137156 0.967207
1311868244.512251 -1.568600 -0.030403 0.236422 -0.058216 0.207837 0.136771 0.966803
1311868244.548269 -1.564915 -0.025470 0.232437 -0.058099 0.208684 0.135243 0.966843
1311868244.580149 -1.564557 -0.019399 0.225703 -0.057205 0.209049 0.134545 0.966915
1311868244.612250 -1.565053 -0.017254 0.219423 -0.058913 0.207852 0.135278 0.966968
1311868244.648157 -1.563807 -0.011784 0.214990 -0.058329 0.204643 0.133890 0.967880
1311868244.680312 -1.559173 0.000436 0.216761 -0.058169 0.200597 0.132301 0.968955
1311868244.712115 -1.553612 0.006461 0.212088 -0.060269 0.198589 0.132717 0.969183
1311868244.748285 -1.542360 0.014476 0.215499 -0.059222 0.199447 0.136966 0.968480
1311868244.780046 -1.538493 0.018251 0.211889 -0.058887 0.203141 0.140710 0.967195
1311868244.812104 -1.535189 0.025275 0.212507 -0.059671 0.207127 0.144522 0.965739
1311868244.848096 -1.525152 0.029579 0.214111 -0.061080 0.209749 0.148176 0.964530
1311868244.880436 -1.521735 0.031059 0.209492 -0.061953 0.213066 0.148731 0.963662
1311868244.912189 -1.518379 0.034923 0.207099 -0.064414 0.215468 0.147771 0.963114
1311868244.948056 -1.514000 0.037625 0.207483 -0.066693 0.217457 0.146516 0.962703
1311868244.980073 -1.509787 0.040859 0.203818 -0.068930 0.218517 0.144962 0.962541
1311868245.012295 -1.505299 0.045775 0.203210 -0.072454 0.218708 0.143743 0.962422
1311868245.048320 -1.498654 0.051166 0.205766 -0.075656 0.218377 0.142076 0.962498
1311868245.080152 -1.489842 0.054339 0.207820 -0.076657 0.218675 0.139677 0.962702
1311868245.112252 -1.485540 0.058544 0.204970 -0.076528 0.220352 0.137987 0.962574
1311868245.148152 -1.478325 0.062166 0.205730 -0.076481 0.223491 0.138505 0.961779
1311868245.179920 -1.467091 0.064285 0.208366 -0.074835 0.226321 0.138476 0.961251
1311868245.212180 -1.464831 0.061932 0.200093 -0.073769 0.227672 0.137174 0.961201
1311868245.248256 -1.458803 0.065785 0.199248 -0.071224 0.225147 0.136503 0.962083
1311868245.280237 -1.451693 0.066789 0.198089 -0.070214 0.219185 0.136928 0.963472
1311868245.312188 -1.445566 0.067426 0.195471 -0.068458 0.213938 0.135469 0.964983
1311868245.348205 -1.435993 0.070891 0.197665 -0.066240 0.209758 0.134622 0.966173
1311868245.380074 -1.427787 0.069900 0.194469 -0.064373 0.207557 0.133271 0.966962
1311868245.412242 -1.420822 0.073932 0.190987 -0.061724 0.205511 0.130350 0.967969
1311868245.448230 -1.412971 0.076443 0.188846 -0.060722 0.202706 0.129540 0.968732
1311868245.480081 -1.404463 0.076964 0.187051 -0.058466 0.199733 0.130590 0.969348
1311868245.512280 -1.400315 0.077777 0.179761 -0.055549 0.195560 0.130651 0.970361
1311868245.548216 -1.392558 0.083462 0.179133 -0.053660 0.189705 0.129678 0.971759
1311868245.580262 -1.384216 0.089939 0.178882 -0.050931 0.185532 0.127721 0.972970
1311868245.612262 -1.375736 0.098594 0.174669 -0.049720 0.183561 0.127191 0.973476
1311868245.648241 -1.366786 0.106363 0.175639 -0.050777 0.185285 0.129511 0.972789
1311868245.680250 -1.358238 0.111107 0.176731 -0.052088 0.188809 0.132916 0.971582
1311868245.716121 -1.350506 0.113998 0.173193 -0.052334 0.191369 0.137103 0.970485
1311868245.748208 -1.346094 0.116091 0.165421 -0.052705 0.191582 0.142734 0.969611
1311868245.780177 -1.337284 0.121420 0.164852 -0.052417 0.188331 0.146477 0.969705
1311868245.816257 -1.330457 0.125452 0.161642 -0.052953 0.183021 0.148949 0.970316
1311868245.848193 -1.325235 0.129661 0.155403 -0.053696 0.178413 0.150897 0.970832
1311868245.880182 -1.319844 0.133919 0.150752 -0.055915 0.174377 0.152306 0.971220
1311868245.916227 -1.314025 0.138651 0.148058 -0.058060 0.172191 0.152318 0.971483
1311868245.948179 -1.307439 0.142445 0.144102 -0.060012 0.171059 0.151068 0.971759
1311868245.980265 -1.303274 0.148010 0.136097 -0.062924 0.169271 0.148839 0.972232
1311868246.016098 -1.297012 0.151622 0.133750 -0.066353 0.167765 0.145452 0.972777
1311868246.048196 -1.293376 0.156496 0.126535 -0.069275 0.165570 0.140476 0.973681
1311868246.080289 -1.289644 0.160868 0.121242 -0.072701 0.162573 0.136700 0.974473
1311868246.116229 -1.285419 0.165269 0.115728 -0.075135 0.159518 0.134608 0.975084
1311868246.148198 -1.281866 0.168942 0.108948 -0.077528 0.155672 0.133768 0.975634
1311868246.180201 -1.279019 0.172666 0.101557 -0.080574 0.152165 0.132757 0.976078
1311868246.216086 -1.275231 0.175609 0.094934 -0.082616 0.151081 0.131464 0.976251
1311868246.248127 -1.272780 0.179503 0.087811 -0.083593 0.151801 0.131896 0.975998
1311868246.280157 -1.268765 0.183920 0.083443 -0.084186 0.152574 0.132189 0.975787
1311868246.316184 -1.264969 0.187368 0.076465 -0.085444 0.153449 0.130237 0.975803
1311868246.348101 -1.262108 0.191310 0.070254 -0.085276 0.153666 0.129019 0.975945
1311868246.380220 -1.261343 0.196510 0.061383 -0.085668 0.152116 0.127470 0.976357
1311868246.416139 -1.260327 0.199526 0.050514 -0.087734 0.149379 0.126899 0.976671
1311868246.448298 -1.260201 0.204750 0.043110 -0.089349 0.148552 0.126993 0.976638
1311868246.480362 -1.260015 0.210127 0.034665 -0.090913 0.149223 0.127172 0.976368
1311868246.516170 -1.257569 0.214806 0.030155 -0.092748 0.149958 0.127741 0.976009
1311868246.548357 -1.256267 0.219261 0.022051 -0.093904 0.150192 0.127718 0.975865
1311868246.580161 -1.255489 0.224918 0.015419 -0.095783 0.150232 0.127048 0.975764
1311868246.616068 -1.255351 0.230149 0.009885 -0.097321 0.151631 0.126970 0.975405
1311868246.648250 -1.255399 0.234287 0.002144 -0.098483 0.153052 0.128150 0.974912
1311868246.680335 -1.253873 0.238626 -0.004675 -0.100971 0.153279 0.129691 0.974418
1311868246.716264 -1.252727 0.243539 -0.006935 -0.102162 0.154668 0.131525 0.973828
1311868246.748855 -1.250425 0.247608 -0.014790 -0.102491 0.155719 0.132908 0.973439
1311868246.780364 -1.248388 0.251679 -0.019386 -0.103334 0.156608 0.132401 0.973276
1311868246.816180 -1.246795 0.255180 -0.024750 -0.103483 0.157827 0.130807 0.973279
1311868246.848370 -1.247698 0.257876 -0.031296 -0.103730 0.159874 0.130303 0.972986
1311868246.880261 -1.246706 0.260189 -0.035633 -0.103920 0.161972 0.131922 0.972400
1311868246.916243 -1.243125 0.262235 -0.038982 -0.103827 0.163240 0.133718 0.971953
1311868246.948199 -1.238906 0.264594 -0.044201 -0.103319 0.163960 0.133831 0.971870
1311868246.980258 -1.236953 0.266506 -0.047418 -0.103152 0.165437 0.133137 0.971733
1311868247.016214 -1.237119 0.267152 -0.051656 -0.103031 0.168059 0.134346 0.971129
1311868247.048425 -1.232881 0.268704 -0.053356 -0.103117 0.169852 0.136426 0.970518
1311868247.080182 -1.228644 0.269170 -0.055228 -0.103096 0.171669 0.137492 0.970050
1311868247.116311 -1.225959 0.267742 -0.054140 -0.103140 0.173750 0.139291 0.969418
1311868247.148430 -1.221286 0.266348 -0.057524 -0.102925 0.174068 0.140941 0.969145
1311868247.180293 -1.217046 0.264526 -0.055461 -0.103330 0.173354 0.141581 0.969137
1311868247.216432 -1.212032 0.262146 -0.056765 -0.103120 0.171858 0.141132 0.969491
1311868247.248170 -1.208538 0.259860 -0.055193 -0.102645 0.171543 0.141255 0.969579
1311868247.280345 -1.204424 0.258320 -0.058171 -0.101504 0.171253 0.142186 0.969615
1311868247.316293 -1.199200 0.257480 -0.059089 -0.101419 0.170593 0.142583 0.969682
1311868247.348285 -1.194175 0.256211 -0.057684 -0.101562 0.170731 0.141062 0.969865
1311868247.380602 -1.189063 0.253101 -0.057170 -0.101695 0.171548 0.138930 0.970014
1311868247.416268 -1.183015 0.248528 -0.055695 -0.102671 0.172263 0.137490 0.969990
1311868247.448333 -1.176130 0.243144 -0.052585 -0.103530 0.172384 0.136634 0.969998
1311868247.480433 -1.170725 0.241596 -0.050869 -0.103215 0.171537 0.134987 0.970412
1311868247.516146 -1.165721 0.240690 -0.046058 -0.102240 0.171196 0.133301 0.970809
1311868247.548460 -1.157562 0.231923 -0.043030 -0.102333 0.170505 0.133646 0.970873
1311868247.580231 -1.154603 0.243586 -0.038275 -0.096448 0.170290 0.133203 0.971574
1311868247.616424 -1.147345 0.247368 -0.043045 -0.091794 0.167224 0.135564 0.972231
1311868247.648229 -1.142246 0.247587 -0.042499 -0.088261 0.165740 0.136119 0.972734
1311868247.680389 -1.136815 0.252206 -0.043549 -0.083811 0.164424 0.138018 0.973084
1311868247.716208 -1.129543 0.259272 -0.045502 -0.079201 0.162289 0.139036 0.973683
1311868247.748343 -1.124729 0.265764 -0.044140 -0.075953 0.161441 0.137398 0.974315
1311868247.780427 -1.120089 0.264225 -0.023129 -0.073292 0.163223 0.135646 0.974467
1311868247.816205 -1.113713 0.262881 -0.021420 -0.072153 0.164453 0.132007 0.974845
1311868247.848368 -1.104453 0.252142 -0.017415 -0.073942 0.165624 0.129445 0.974856
1311868247.880235 -1.096459 0.245933 -0.012432 -0.073987 0.166962 0.127296 0.974908
1311868247.916219 -1.089470 0.243302 -0.008205 -0.072043 0.167825 0.125443 0.975145
1311868247.948167 -1.084862 0.242312 -0.003020 -0.069969 0.168644 0.124595 0.975264
1311868247.980227 -1.074153 0.252953 0.005073 -0.064314 0.167825 0.124184 0.975847
1311868248.016215 -1.065888 0.258635 0.010174 -0.060674 0.166919 0.124200 0.976233
1311868248.048245 -1.058859 0.258562 0.015979 -0.057872 0.165346 0.124734 0.976603
1311868248.080326 -1.053330 0.261410 0.017716 -0.053468 0.162503 0.123753 0.977455
1311868248.116239 -1.047005 0.264599 0.018157 -0.050426 0.158358 0.122318 0.978478
1311868248.148302 -1.042136 0.264898 0.029647 -0.048743 0.155680 0.122298 0.978995
1311868248.180377 -1.037114 0.259875 0.036813 -0.048941 0.154524 0.123364 0.979035
1311868248.216356 -1.027913 0.254900 0.036110 -0.048157 0.151849 0.125429 0.979229
1311868248.248345 -1.018497 0.250773 0.035461 -0.049727 0.148146 0.125815 0.979669
1311868248.280257 -1.010039 0.245367 0.040902 -0.051380 0.145999 0.124361 0.980091
1311868248.316226 -1.001332 0.240729 0.041018 -0.051647 0.145037 0.121222 0.980613
1311868248.348315 -0.994133 0.237691 0.039949 -0.053393 0.144319 0.118368 0.980974
1311868248.380451 -0.986377 0.233813 0.043878 -0.055882 0.143449 0.116956 0.981133
1311868248.416340 -0.977792 0.229583 0.050520 -0.057044 0.142189 0.116496 0.981304
1311868248.448353 -0.967499 0.226920 0.048966 -0.057678 0.138977 0.115284 0.981870
1311868248.480364 -0.958966 0.224268 0.054559 -0.060102 0.135250 0.114406 0.982347
1311868248.516261 -0.948344 0.219537 0.058454 -0.060816 0.131220 0.112562 0.983063
1311868248.548298 -0.939008 0.217025 0.059002 -0.061261 0.127062 0.109704 0.983904
1311868248.580330 -0.928529 0.211188 0.062696 -0.062016 0.123500 0.106844 0.984625
1311868248.616364 -0.916356 0.204948 0.058520 -0.063699 0.119678 0.101887 0.985514
1311868248.648465 -0.908127 0.200292 0.058871 -0.066676 0.118823 0.095226 0.986087
1311868248.680356 -0.899523 0.193605 0.061059 -0.068150 0.120996 0.089268 0.986279
1311868248.716495 -0.887725 0.188859 0.055633 -0.070253 0.120762 0.082657 0.986737
1311868248.748482 -0.879980 0.186812 0.058621 -0.074034 0.119647 0.076913 0.987060
1311868248.780288 -0.872708 0.183311 0.064961 -0.075642 0.117665 0.073539 0.987434
1311868248.816469 -0.862823 0.178284 0.061978 -0.078725 0.111322 0.072219 0.988025
1311868248.848299 -0.852702 0.171508 0.062491 -0.082726 0.104808 0.072682 0.988377
1311868248.880380 -0.842650 0.164034 0.064014 -0.085397 0.099887 0.075026 0.988484
1311868248.916530 -0.830574 0.156530 0.061789 -0.087630 0.097090 0.076836 0.988428
1311868248.948257 -0.806894 0.151406 0.059547 -0.088211 0.094980 0.078120 0.988481
1311868248.980371 -0.796446 0.149316 0.056811 -0.087156 0.098866 0.077536 0.988240
1311868249.016517 -0.784628 0.143324 0.059512 -0.088226 0.102187 0.076172 0.987913
1311868249.048258 -0.772190 0.137411 0.060243 -0.087799 0.104923 0.074645 0.987781
1311868249.080657 -0.764643 0.136447 0.056389 -0.087787 0.106972 0.073168 0.987672
1311868249.116343 -0.758224 0.137299 0.059518 -0.088371 0.108552 0.073121 0.987451
1311868249.148549 -0.754469 0.139906 0.071759 -0.087119 0.111200 0.073127 0.987268
1311868249.180476 -0.739908 0.142137 0.077563 -0.087011 0.109260 0.071737 0.987596
1311868249.216410 -0.737867 0.138848 0.085266 -0.087568 0.112084 0.071949 0.987214
1311868249.248249 -0.729275 0.135656 0.086916 -0.086187 0.112988 0.072812 0.987170
1311868249.280715 -0.723566 0.133674 0.088975 -0.085244 0.113165 0.072620 0.987245
1311868249.316586 -0.720140 0.129291 0.094464 -0.084553 0.113634 0.072034 0.987294
1311868249.348357 -0.713049 0.123925 0.095119 -0.083079 0.112593 0.071586 0.987571
1311868249.380649 -0.709375 0.120316 0.096378 -0.081337 0.112526 0.071530 0.987727
1311868249.416459 -0.704426 0.114221 0.099175 -0.080651 0.112084 0.071945 0.987804
1311868249.448316 -0.701957 0.130323 0.106175 -0.070940 0.112226 0.072508 0.988491
1311868249.480373 -0.695818 0.101256 0.104671 -0.078231 0.112192 0.072443 0.987950
1311868249.516272 -0.694530 0.098500 0.108241 -0.075720 0.114659 0.071267 0.987948
1311868249.548294 -0.689916 0.109665 0.115663 -0.066837 0.116958 0.069571 0.988440
1311868249.580331 -0.683482 0.110060 0.118244 -0.062460 0.118415 0.066323 0.988776
1311868249.616312 -0.680144 0.077025 0.117635 -0.070303 0.119515 0.067622 0.988029
1311868249.648364 -0.676574 0.072709 0.121336 -0.069006 0.119199 0.068936 0.988068
1311868249.680685 -0.673475 0.066479 0.125779 -0.069779 0.117979 0.068934 0.988160
1311868249.716340 -0.670279 0.060393 0.130541 -0.071432 0.116571 0.068876 0.988213
1311868249.748334 -0.665451 0.053656 0.135440 -0.073491 0.115447 0.069971 0.988117
1311868249.780683 -0.661500 0.046543 0.141277 -0.073477 0.115543 0.071034 0.988031
1311868249.816620 -0.658021 0.039511 0.147033 -0.073506 0.116392 0.070313 0.987981
1311868249.848322 -0.655253 0.031888 0.152840 -0.072607 0.118233 0.069461 0.987889
1311868249.880507 -0.651707 0.024463 0.157474 -0.071097 0.120111 0.069982 0.987735
1311868249.916563 -0.648962 0.017693 0.162714 -0.069653 0.121941 0.070972 0.987543
1311868249.948306 -0.645528 0.010404 0.168734 -0.067941 0.123467 0.072114 0.987390
1311868249.980348 -0.642845 0.001646 0.173427 -0.065956 0.124933 0.072150 0.987338
1311868250.016358 -0.640721 -0.006688 0.177956 -0.064287 0.126620 0.071234 0.987299
1311868250.048559 -0.638878 -0.013649 0.183037 -0.062701 0.128529 0.070590 0.987201
1311868250.080466 -0.636925 -0.021274 0.188730 -0.061443 0.129942 0.070201 0.987123
1311868250.116495 -0.634814 -0.029661 0.193748 -0.060199 0.131178 0.068037 0.987188
1311868250.148589 -0.634185 -0.036383 0.198822 -0.058784 0.132332 0.066374 0.987232
1311868250.180457 -0.633520 -0.041611 0.205934 -0.057587 0.131899 0.067143 0.987309
1311868250.216361 -0.632861 -0.050042 0.210042 -0.057412 0.129781 0.069003 0.987471
1311868250.248624 -0.630752 -0.058038 0.214648 -0.057560 0.126998 0.069828 0.987766
1311868250.280374 -0.627676 -0.066089 0.218429 -0.056626 0.125021 0.070087 0.988054
1311868250.316452 -0.626561 -0.072080 0.222655 -0.054573 0.124033 0.072045 0.988153
1311868250.348963 -0.624554 -0.078339 0.225993 -0.053157 0.122818 0.073663 0.988263
1311868250.380598 -0.622436 -0.085593 0.229215 -0.052178 0.122446 0.072435 0.988452
1311868250.416431 -0.621410 -0.091220 0.232683 -0.050504 0.123020 0.070402 0.988615
1311868250.448319 -0.620462 -0.097609 0.235963 -0.049632 0.123157 0.070177 0.988658
1311868250.480450 -0.620243 -0.103555 0.240296 -0.048444 0.123067 0.069519 0.988774
1311868250.516364 -0.620350 -0.108778 0.244013 -0.047939 0.122507 0.066634 0.989067
1311868250.548715 -0.621103 -0.115114 0.247987 -0.048339 0.119863 0.067155 0.989336
1311868250.580440 -0.619082 -0.121161 0.250880 -0.048717 0.114969 0.071131 0.989621
1311868250.616408 -0.616154 -0.128891 0.252711 -0.049216 0.111151 0.074077 0.989816
1311868250.648757 -0.613425 -0.132689 0.256281 -0.047586 0.109662 0.073121 0.990133
1311868250.680503 -0.611207 -0.139586 0.257277 -0.046589 0.110524 0.071311 0.990216
1311868250.716511 -0.611091 -0.146421 0.257705 -0.044939 0.112385 0.071947 0.990037
1311868250.748430 -0.612410 -0.151444 0.259638 -0.042842 0.113384 0.072055 0.990008
1311868250.780601 -0.612656 -0.156016 0.260826 -0.041516 0.112665 0.070110 0.990287
1311868250.816420 -0.611811 -0.162205 0.262092 -0.040318 0.111578 0.068565 0.990567
1311868250.848395 -0.611524 -0.165333 0.262864 -0.037109 0.110972 0.067682 0.990821
1311868250.880463 -0.611037 -0.166778 0.262953 -0.035199 0.110781 0.066684 0.990980
1311868250.916361 -0.610273 -0.170449 0.264516 -0.034578 0.111643 0.064879 0.991025
1311868250.948745 -0.610867 -0.178116 0.264588 -0.032704 0.113747 0.062136 0.991025
1311868250.980502 -0.613331 -0.175772 0.263932 -0.027312 0.114517 0.059471 0.991263
1311868251.016390 -0.615597 -0.175244 0.263651 -0.025796 0.112946 0.056699 0.991647
1311868251.048640 -0.616088 -0.173928 0.263075 -0.025075 0.109525 0.054255 0.992185
1311868251.080543 -0.615468 -0.171921 0.262660 -0.025694 0.105924 0.052918 0.992633
1311868251.116502 -0.613677 -0.171947 0.262609 -0.026979 0.103805 0.052949 0.992821
1311868251.148411 -0.611309 -0.170391 0.261232 -0.027113 0.103394 0.054062 0.992800
1311868251.180611 -0.608254 -0.169043 0.259294 -0.027719 0.104378 0.053955 0.992686
1311868251.216444 -0.607042 -0.166432 0.259069 -0.027676 0.106866 0.051999 0.992527
1311868251.248388 -0.605967 -0.160761 0.259051 -0.027500 0.108955 0.049499 0.992433
1311868251.280411 -0.604526 -0.159116 0.257858 -0.029149 0.110094 0.046887 0.992387
1311868251.316903 -0.602825 -0.155559 0.256756 -0.029555 0.110352 0.044515 0.992455
1311868251.348494 -0.599205 -0.151224 0.255061 -0.030393 0.110253 0.044183 0.992456
1311868251.380800 -0.596547 -0.147159 0.253395 -0.031093 0.110865 0.045626 0.992301
1311868251.416874 -0.594072 -0.144581 0.252000 -0.031924 0.111182 0.046298 0.992208
1311868251.448794 -0.590688 -0.140995 0.249843 -0.031666 0.110462 0.045689 0.992324
1311868251.480572 -0.587158 -0.136238 0.246533 -0.032129 0.109743 0.045391 0.992403
1311868251.516467 -0.583387 -0.131199 0.244126 -0.032794 0.108904 0.046773 0.992410
1311868251.548661 -0.578123 -0.127908 0.240902 -0.034394 0.107715 0.047791 0.992437
1311868251.580755 -0.573173 -0.125168 0.237402 -0.034510 0.107424 0.049186 0.992396
1311868251.616591 -0.569218 -0.121733 0.233127 -0.033690 0.107190 0.051292 0.992343
1311868251.649011 -0.564506 -0.118826 0.228844 -0.032355 0.106174 0.051907 0.992465
1311868251.681056 -0.560386 -0.112396 0.222421 -0.030718 0.104767 0.050587 0.992734
1311868251.716509 -0.555088 -0.109749 0.217773 -0.031596 0.103624 0.047596 0.992975
1311868251.748667 -0.548119 -0.105142 0.213083 -0.031265 0.102659 0.043594 0.993269
1311868251.780606 -0.542902 -0.101658 0.207248 -0.031424 0.103917 0.040918 0.993247
1311868251.816706 -0.536787 -0.096167 0.201915 -0.031616 0.104749 0.040600 0.993166
1311868251.848729 -0.530267 -0.092769 0.197882 -0.032708 0.104258 0.041032 0.993165
1311868251.881180 -0.523246 -0.087563 0.192700 -0.033308 0.102580 0.041438 0.993303
1311868251.916574 -0.515297 -0.085040 0.188038 -0.034855 0.100967 0.040528 0.993453
1311868251.948786 -0.508096 -0.081369 0.182803 -0.035480 0.099891 0.039088 0.993597
1311868251.980523 -0.498732 -0.079609 0.178425 -0.036174 0.098364 0.037626 0.993781
1311868252.016633 -0.489718 -0.077745 0.172606 -0.034497 0.098043 0.036583 0.993911
1311868252.048722 -0.482392 -0.072747 0.164547 -0.032866 0.097809 0.034866 0.994051
1311868252.081141 -0.474509 -0.069453 0.158639 -0.032907 0.097021 0.032633 0.994203
1311868252.116709 -0.466818 -0.066116 0.152888 -0.032450 0.095366 0.031013 0.994430
1311868252.148733 -0.458849 -0.062525 0.145787 -0.032254 0.092904 0.028803 0.994736
1311868252.180550 -0.450043 -0.059087 0.138610 -0.032705 0.090658 0.025250 0.995025
1311868252.216665 -0.441717 -0.056866 0.132615 -0.032766 0.089950 0.021299 0.995179
1311868252.249056 -0.434107 -0.051928 0.124839 -0.031827 0.089712 0.016722 0.995319
1311868252.280693 -0.425734 -0.048117 0.118835 -0.031888 0.089306 0.010676 0.995436
1311868252.316579 -0.417825 -0.042192 0.110893 -0.030903 0.089123 0.004852 0.995529
1311868252.348634 -0.409936 -0.036125 0.104649 -0.031480 0.089076 0.000227 0.995527
1311868252.380676 -0.402315 -0.030003 0.098472 -0.031977 0.088450 -0.002900 0.995563
1311868252.416673 -0.393242 -0.023301 0.093238 -0.033188 0.086382 -0.004386 0.995700
1311868252.448807 -0.385022 -0.017333 0.087727 -0.034741 0.083349 -0.004385 0.995905
1311868252.480598 -0.375974 -0.011804 0.082241 -0.037103 0.079594 -0.003026 0.996132
1311868252.516633 -0.367183 -0.006838 0.077726 -0.038920 0.076334 -0.001294 0.996322
1311868252.550037 -0.358976 -0.001401 0.071818 -0.039800 0.073185 0.000137 0.996524
1311868252.580747 -0.348457 0.004520 0.065974 -0.041520 0.070044 0.000237 0.996679
1311868252.616626 -0.338458 0.010196 0.061170 -0.043062 0.068507 0.001093 0.996720
1311868252.649109 -0.329775 0.015051 0.056063 -0.045151 0.068146 0.002040 0.996651
1311868252.680706 -0.321593 0.019887 0.051313 -0.047096 0.068403 0.001460 0.996544
1311868252.716568 -0.313496 0.025038 0.047409 -0.048697 0.068977 0.000907 0.996429
1311868252.748687 -0.306667 0.030444 0.043075 -0.049949 0.069198 0.001927 0.996350
1311868252.780724 -0.299586 0.035755 0.039806 -0.051731 0.068596 0.003333 0.996297
1311868252.816693 -0.292551 0.040835 0.036918 -0.053419 0.067787 0.004288 0.996259
1311868252.848740 -0.284849 0.044567 0.033869 -0.055215 0.066969 0.004553 0.996216
1311868252.880663 -0.278052 0.048281 0.031534 -0.056370 0.067026 0.006246 0.996138
1311868252.916592 -0.271162 0.051758 0.028774 -0.057239 0.066995 0.007979 0.996078
1311868252.948689 -0.264541 0.054475 0.026623 -0.058515 0.066564 0.007969 0.996033
1311868252.980733 -0.256800 0.056353 0.024719 -0.059050 0.066133 0.008745 0.996024
1311868253.016742 -0.250158 0.059385 0.022865 -0.059224 0.065839 0.010178 0.996019
1311868253.048837 -0.242587 0.062027 0.022616 -0.059829 0.064862 0.010526 0.996043
1311868253.080812 -0.234679 0.061905 0.020987 -0.059977 0.064682 0.012084 0.996029
1311868253.116735 -0.226975 0.065191 0.019774 -0.059065 0.064890 0.014357 0.996039
1311868253.148796 -0.219359 0.068765 0.018566 -0.059512 0.065174 0.016477 0.995961
1311868253.181948 -0.211533 0.070289 0.017509 -0.061342 0.065933 0.018671 0.995762
1311868253.216569 -0.203974 0.072257 0.017683 -0.062513 0.066781 0.019252 0.995621
1311868253.248725 -0.195979 0.074944 0.017271 -0.063774 0.067229 0.017599 0.995542
1311868253.280713 -0.188512 0.076666 0.018077 -0.065250 0.069158 0.015064 0.995356
1311868253.316664 -0.180451 0.077627 0.017903 -0.066526 0.071633 0.014710 0.995101
1311868253.348831 -0.171068 0.077744 0.018335 -0.067657 0.072893 0.015407 0.994923
1311868253.381067 -0.164316 0.077843 0.017742 -0.068208 0.073701 0.015231 0.994829
1311868253.416763 -0.155603 0.077891 0.018837 -0.069306 0.073873 0.015063 0.994742
1311868253.448691 -0.147149 0.077012 0.018825 -0.070088 0.074681 0.016235 0.994609
1311868253.480853 -0.138580 0.076889 0.018581 -0.071718 0.074774 0.017795 0.994459
1311868253.516704 -0.129063 0.075615 0.021274 -0.073488 0.074631 0.017812 0.994340
1311868253.548549 -0.120887 0.075351 0.023264 -0.073857 0.074442 0.017340 0.994335
1311868253.581530 -0.113499 0.072411 0.024944 -0.074503 0.073763 0.016422 0.994353
1311868253.616743 -0.105638 0.070522 0.026178 -0.073475 0.072717 0.015192 0.994526
1311868253.648742 -0.097836 0.067739 0.027653 -0.071431 0.071531 0.015478 0.994757
1311868253.680645 -0.091068 0.068194 0.028997 -0.067540 0.069350 0.016573 0.995165
1311868253.716771 -0.083953 0.073332 0.030625 -0.064125 0.065789 0.016958 0.995627
1311868253.748837 -0.075062 0.072534 0.030356 -0.064914 0.062756 0.017591 0.995760
1311868253.780775 -0.065526 0.075022 0.030939 -0.064001 0.061180 0.019168 0.995888
1311868253.816654 -0.057985 0.076409 0.031933 -0.064273 0.061061 0.020891 0.995843
1311868253.848746 -0.049523 0.077363 0.033526 -0.064057 0.060652 0.021378 0.995872
1311868253.880980 -0.042815 0.078876 0.032811 -0.064178 0.059741 0.021400 0.995919
1311868253.916916 -0.035195 0.079686 0.033364 -0.065435 0.058187 0.021965 0.995917
1311868253.948752 -0.027283 0.079907 0.033576 -0.066482 0.056774 0.023016 0.995905
1311868253.980731 -0.019399 0.080051 0.034174 -0.067219 0.055506 0.022613 0.995936
1311868254.016718 -0.010880 0.081268 0.034394 -0.067527 0.054170 0.019859 0.996048
1311868254.049168 -0.002749 0.082455 0.035206 -0.067105 0.053355 0.016558 0.996181
1311868254.080850 0.004931 0.084165 0.034831 -0.066297 0.052503 0.013884 0.996321
1311868254.116780 0.012774 0.086602 0.035270 -0.065642 0.051247 0.011291 0.996462
1311868254.148648 0.019736 0.089300 0.035546 -0.065161 0.049251 0.008611 0.996621
1311868254.180791 0.025551 0.092224 0.035035 -0.065471 0.046299 0.006484 0.996759
1311868254.216747 0.035074 0.094922 0.035803 -0.066070 0.041964 0.005023 0.996920
1311868254.248926 0.042754 0.097049 0.033921 -0.066694 0.037305 0.004794 0.997064
1311868254.281235 0.050921 0.098770 0.031940 -0.068500 0.031998 0.003942 0.997130
1311868254.316692 0.061115 0.100081 0.030913 -0.070143 0.026827 0.002233 0.997174
1311868254.348771 0.069096 0.101031 0.027512 -0.071812 0.023093 0.001335 0.997150
1311868254.380853 0.079475 0.102125 0.025362 -0.074066 0.019113 -0.001258 0.997069
1311868254.416896 0.089565 0.103299 0.022956 -0.076113 0.015534 -0.005710 0.996962
1311868254.448907 0.100188 0.104645 0.021402 -0.077680 0.011994 -0.010877 0.996847
1311868254.481183 0.107698 0.106567 0.017617 -0.079002 0.008825 -0.016050 0.996706
1311868254.516676 0.116723 0.109398 0.015657 -0.080608 0.004396 -0.020178 0.996532
1311868254.548867 0.124427 0.112385 0.011920 -0.082744 -0.000322 -0.022385 0.996319
1311868254.580918 0.135957 0.114277 0.009313 -0.086049 -0.006273 -0.025553 0.995943
1311868254.616771 0.144736 0.115772 0.004661 -0.089091 -0.010048 -0.028710 0.995559
1311868254.648657 0.156370 0.117859 0.002380 -0.091818 -0.013263 -0.031732 0.995182
1311868254.680858 0.165522 0.120431 -0.000353 -0.093294 -0.014578 -0.034322 0.994940
1311868254.716785 0.174331 0.123224 -0.003508 -0.095260 -0.016493 -0.035522 0.994682
1311868254.748845 0.184132 0.126813 -0.005031 -0.097330 -0.019526 -0.036010 0.994409
1311868254.784875 0.192381 0.130052 -0.007578 -0.099295 -0.022648 -0.036255 0.994139
1311868254.816878 0.202778 0.133562 -0.007815 -0.101082 -0.026291 -0.037577 0.993820
1311868254.848916 0.211586 0.135468 -0.010530 -0.102321 -0.028375 -0.039047 0.993580
1311868254.885176 0.218634 0.137845 -0.013769 -0.103898 -0.029041 -0.039211 0.993390
1311868254.916952 0.227577 0.140006 -0.015131 -0.105512 -0.030208 -0.038377 0.993218
1311868254.948966 0.235288 0.143095 -0.017093 -0.106393 -0.031864 -0.037922 0.993090
1311868254.984826 0.242655 0.145361 -0.019205 -0.107758 -0.033887 -0.038089 0.992869
1311868255.016920 0.250675 0.148518 -0.020692 -0.108338 -0.035898 -0.038373 0.992724
1311868255.049320 0.257255 0.150702 -0.023435 -0.109078 -0.037431 -0.038722 0.992573
1311868255.084997 0.264802 0.152228 -0.025200 -0.109555 -0.039181 -0.039169 0.992436
1311868255.116728 0.271183 0.153813 -0.028341 -0.109073 -0.040728 -0.039261 0.992423
1311868255.148803 0.275366 0.156161 -0.032735 -0.109341 -0.042454 -0.039367 0.992317
1311868255.185128 0.282452 0.158033 -0.033903 -0.110006 -0.044864 -0.040132 0.992107
1311868255.216885 0.288471 0.159316 -0.036324 -0.109994 -0.046301 -0.040979 0.992007
1311868255.248740 0.293551 0.160781 -0.038247 -0.109956 -0.047175 -0.041749 0.991938
1311868255.285013 0.299280 0.163053 -0.038887 -0.109749 -0.048145 -0.041674 0.991918
1311868255.316993 0.303001 0.162968 -0.042132 -0.110496 -0.048838 -0.041467 0.991809
1311868255.349004 0.308751 0.163597 -0.042440 -0.111376 -0.050061 -0.041925 0.991631
1311868255.384831 0.313691 0.163942 -0.043024 -0.111226 -0.050392 -0.041595 0.991645
1311868255.417465 0.319997 0.165520 -0.041570 -0.110493 -0.050686 -0.040990 0.991737
1311868255.448957 0.325386 0.166824 -0.040202 -0.108915 -0.051173 -0.040646 0.991901
1311868255.484846 0.330570 0.167147 -0.039390 -0.107673 -0.052405 -0.040608 0.991973
1311868255.517093 0.334350 0.166758 -0.040530 -0.106476 -0.053564 -0.039662 0.992079
1311868255.548944 0.338562 0.166047 -0.041507 -0.106121 -0.054767 -0.038995 0.992078
1311868255.585756 0.341605 0.165912 -0.043345 -0.106901 -0.054840 -0.037977 0.992030
1311868255.616865 0.346503 0.165049 -0.041603 -0.107791 -0.054365 -0.036422 0.992018
1311868255.649271 0.350448 0.163989 -0.042660 -0.108489 -0.052950 -0.035999 0.992034
1311868255.684941 0.356419 0.164256 -0.040168 -0.109107 -0.052396 -0.037490 0.991940
1311868255.716862 0.362663 0.164074 -0.037318 -0.109083 -0.052327 -0.039742 0.991859
1311868255.748794 0.368697 0.163192 -0.036645 -0.109077 -0.052710 -0.041712 0.991758
1311868255.784952 0.374337 0.162524 -0.034945 -0.109719 -0.053062 -0.042912 0.991617
1311868255.817549 0.380375 0.161283 -0.034134 -0.110774 -0.053126 -0.043191 0.991484
1311868255.848787 0.388096 0.160318 -0.028579 -0.111503 -0.053433 -0.042970 0.991396
1311868255.884951 0.395464 0.158249 -0.025337 -0.111420 -0.053061 -0.042725 0.991436
1311868255.916866 0.402628 0.156425 -0.023246 -0.111269 -0.052825 -0.041860 0.991502
1311868255.948865 0.410790 0.154461 -0.019371 -0.111447 -0.053847 -0.040615 0.991479
1311868255.984771 0.418072 0.151436 -0.017598 -0.112144 -0.055438 -0.040656 0.991311
1311868256.017528 0.425810 0.148317 -0.013692 -0.112940 -0.056971 -0.041660 0.991092
1311868256.048877 0.433474 0.144086 -0.011373 -0.113714 -0.058363 -0.043250 0.990854
1311868256.084847 0.441470 0.140427 -0.007650 -0.114282 -0.059713 -0.046375 0.990567
1311868256.117284 0.449664 0.137201 -0.001906 -0.113246 -0.060024 -0.050118 0.990485
1311868256.149657 0.457725 0.132870 0.001297 -0.112026 -0.060411 -0.053064 0.990447
1311868256.184808 0.465226 0.126996 0.003053 -0.111580 -0.061206 -0.054884 0.990349
1311868256.216920 0.473125 0.121080 0.003790 -0.112800 -0.062647 -0.056046 0.990056
1311868256.248884 0.480842 0.116437 0.006693 -0.114221 -0.063612 -0.057548 0.989745
1311868256.284837 0.489010 0.113884 0.012661 -0.114000 -0.063877 -0.060000 0.989608
1311868256.316827 0.496177 0.111966 0.017099 -0.111863 -0.063229 -0.062418 0.989744
1311868256.348901 0.504405 0.108249 0.020760 -0.109170 -0.063211 -0.064660 0.989902
1311868256.385489 0.511348 0.104369 0.023010 -0.106643 -0.063619 -0.067392 0.989969
1311868256.417708 0.518671 0.101440 0.026595 -0.103533 -0.064155 -0.068563 0.990184
1311868256.448918 0.525559 0.097010 0.029090 -0.101788 -0.065356 -0.067166 0.990382
1311868256.484903 0.533184 0.091701 0.032038 -0.101054 -0.067845 -0.065840 0.990379
1311868256.517192 0.540572 0.087723 0.035516 -0.099403 -0.070151 -0.065089 0.990435
1311868256.548816 0.547470 0.083096 0.036742 -0.097982 -0.072080 -0.064054 0.990506
1311868256.584898 0.555651 0.079483 0.040379 -0.096314 -0.073849 -0.063463 0.990577
1311868256.616929 0.563376 0.075112 0.042965 -0.094219 -0.074332 -0.063003 0.990772
1311868256.649078 0.570392 0.070300 0.045588 -0.092347 -0.073984 -0.062083 0.991032
1311868256.684944 0.576315 0.067210 0.047774 -0.091019 -0.073655 -0.061092 0.991241
1311868256.717133 0.582698 0.063744 0.051948 -0.090304 -0.074669 -0.061568 0.991201
1311868256.749056 0.588916 0.059855 0.055596 -0.089314 -0.076066 -0.062681 0.991115
1311868256.785171 0.595006 0.056831 0.059621 -0.088256 -0.078137 -0.063783 0.990978
1311868256.816832 0.599977 0.053706 0.061812 -0.087349 -0.081142 -0.066226 0.990656
1311868256.848894 0.606588 0.049521 0.064684 -0.087104 -0.085657 -0.069864 0.990048
1311868256.885027 0.613837 0.044853 0.066361 -0.087166 -0.089813 -0.073060 0.989443
1311868256.916906 0.621217 0.040830 0.069826 -0.087156 -0.092745 -0.075879 0.988961
1311868256.949184 0.628095 0.036482 0.072991 -0.086980 -0.094480 -0.078903 0.988576
1311868256.984945 0.634502 0.032844 0.076876 -0.086495 -0.095612 -0.081573 0.988293
1311868257.017144 0.639778 0.028654 0.081171 -0.085479 -0.097485 -0.082926 0.988086
1311868257.049224 0.643703 0.023684 0.081239 -0.085051 -0.100626 -0.085619 0.987578
1311868257.085190 0.649538 0.020247 0.085091 -0.084401 -0.105006 -0.090301 0.986760
1311868257.116964 0.655850 0.015167 0.086641 -0.083403 -0.108972 -0.094634 0.986009
1311868257.149165 0.662915 0.010210 0.087620 -0.083058 -0.112242 -0.098494 0.985293
1311868257.184982 0.670221 0.005118 0.089846 -0.082989 -0.114775 -0.101467 0.984705
1311868257.216830 0.676956 -0.000573 0.089286 -0.084055 -0.116927 -0.103750 0.984123
1311868257.248914 0.684364 -0.004800 0.089550 -0.086228 -0.119074 -0.107204 0.983307
1311868257.284925 0.692254 -0.010693 0.092016 -0.089217 -0.121010 -0.111607 0.982314
1311868257.317019 0.699873 -0.016350 0.093557 -0.091097 -0.122067 -0.115949 0.981507
1311868257.348967 0.706902 -0.021332 0.094314 -0.093948 -0.123229 -0.119623 0.980652
1311868257.384936 0.713205 -0.025748 0.100022 -0.096535 -0.125759 -0.122648 0.979706
1311868257.416835 0.716131 -0.033676 0.099938 -0.097928 -0.128351 -0.125314 0.978894
1311868257.449069 0.723890 -0.042911 0.099098 -0.099254 -0.133157 -0.127555 0.977828
1311868257.485023 0.731393 -0.048949 0.101269 -0.099192 -0.136531 -0.129922 0.977057
1311868257.516816 0.737112 -0.053995 0.103338 -0.097611 -0.138828 -0.131427 0.976691
1311868257.549492 0.744686 -0.061291 0.102682 -0.096854 -0.142092 -0.134651 0.975858
1311868257.585336 0.750422 -0.065435 0.104747 -0.094489 -0.144385 -0.140201 0.974971
1311868257.617970 0.755905 -0.071187 0.105218 -0.092781 -0.147014 -0.144098 0.974174
1311868257.649061 0.761033 -0.076530 0.106035 -0.091898 -0.150587 -0.146365 0.973373
1311868257.684916 0.767306 -0.083515 0.105309 -0.092247 -0.154748 -0.147691 0.972487
1311868257.717951 0.773083 -0.088220 0.107461 -0.093539 -0.158639 -0.148461 0.971619
1311868257.749626 0.777721 -0.094230 0.111195 -0.093442 -0.161414 -0.149987 0.970937
1311868257.785459 0.782723 -0.099877 0.111050 -0.091767 -0.162897 -0.153367 0.970321
1311868257.816852 0.788547 -0.108274 0.114187 -0.091624 -0.164421 -0.158687 0.969221
1311868257.849241 0.790214 -0.117043 0.113089 -0.089704 -0.162938 -0.163621 0.968831
1311868257.885261 0.791700 -0.122885 0.113256 -0.088025 -0.162199 -0.166097 0.968687
1311868257.917005 0.791168 -0.122659 0.114678 -0.086431 -0.162407 -0.169236 0.968252
1311868257.949031 0.790180 -0.128280 0.116334 -0.087457 -0.164629 -0.172503 0.967208
1311868257.985217 0.789973 -0.129856 0.114450 -0.089660 -0.167801 -0.174401 0.966120
1311868258.016837 0.787813 -0.136110 0.118809 -0.095698 -0.172475 -0.174998 0.964609
1311868258.048909 0.783971 -0.145202 0.121893 -0.100996 -0.178381 -0.175211 0.962954
1311868258.086178 0.784437 -0.153140 0.124394 -0.103328 -0.186443 -0.176531 0.960937
1311868258.117570 0.787696 -0.161664 0.126964 -0.106479 -0.194343 -0.178870 0.958592
1311868258.149278 0.789727 -0.168988 0.133550 -0.110137 -0.200556 -0.180835 0.956528
1311868258.185124 0.797200 -0.179117 0.144774 -0.113709 -0.206752 -0.181814 0.954603
1311868258.216937 0.800096 -0.188704 0.151060 -0.115774 -0.207285 -0.183491 0.953918
1311868258.251845 0.804212 -0.196658 0.158486 -0.115731 -0.206136 -0.185257 0.953831
1311868258.285207 0.806541 -0.204867 0.164772 -0.115925 -0.202937 -0.187923 0.953972
1311868258.317231 0.804775 -0.211275 0.169100 -0.117667 -0.199191 -0.189750 0.954187
1311868258.349077 0.799284 -0.219118 0.175984 -0.120299 -0.197232 -0.190353 0.954145
1311868258.384969 0.798690 -0.229138 0.181939 -0.121712 -0.198438 -0.190740 0.953639
1311868258.416975 0.798282 -0.237364 0.187829 -0.121867 -0.199685 -0.193963 0.952708
1311868258.449148 0.798013 -0.250403 0.191633 -0.121475 -0.199619 -0.198522 0.951832
1311868258.484910 0.797194 -0.260802 0.196621 -0.119276 -0.197711 -0.201508 0.951881
1311868258.517262 0.795951 -0.270421 0.202627 -0.116237 -0.195862 -0.203829 0.952145
1311868258.549307 0.794406 -0.279124 0.209174 -0.113092 -0.194220 -0.205505 0.952500
1311868258.585124 0.792747 -0.288019 0.215230 -0.109884 -0.193155 -0.204342 0.953342
1311868258.616904 0.791451 -0.293113 0.220839 -0.107854 -0.193716 -0.201029 0.954164
1311868258.648890 0.789590 -0.301980 0.228152 -0.107907 -0.195730 -0.197452 0.954494
1311868258.685108 0.787111 -0.310348 0.233326 -0.106176 -0.198788 -0.193203 0.954925
1311868258.716929 0.787902 -0.317649 0.237858 -0.105538 -0.203496 -0.189916 0.954664
1311868258.749015 0.787553 -0.325471 0.242525 -0.106154 -0.207422 -0.186414 0.954441
1311868258.785039 0.788031 -0.333060 0.247664 -0.107553 -0.211593 -0.182928 0.954043
1311868258.817013 0.788820 -0.341997 0.255207 -0.107849 -0.215095 -0.183111 0.953191
1311868258.848932 0.790926 -0.350569 0.259321 -0.106292 -0.216722 -0.184643 0.952702
1311868258.885648 0.792357 -0.359221 0.263517 -0.104346 -0.216316 -0.187593 0.952433
1311868258.917705 0.792487 -0.364261 0.269847 -0.101949 -0.215429 -0.189828 0.952451
1311868258.949852 0.790640 -0.369552 0.277558 -0.100463 -0.216167 -0.190523 0.952302
1311868258.985070 0.791981 -0.374452 0.282831 -0.098534 -0.219230 -0.191896 0.951528
1311868259.017026 0.794314 -0.382522 0.289244 -0.098190 -0.222589 -0.195159 0.950119
1311868259.048922 0.798917 -0.388522 0.295865 -0.096237 -0.224706 -0.198590 0.949109
1311868259.085232 0.798840 -0.394828 0.301746 -0.095316 -0.224476 -0.202575 0.948414
1311868259.116919 0.798752 -0.400040 0.308793 -0.093631 -0.225381 -0.205214 0.947800
1311868259.149197 0.798160 -0.406417 0.315877 -0.092600 -0.227582 -0.206925 0.947003
1311868259.185707 0.798480 -0.414007 0.322419 -0.090617 -0.231529 -0.208742 0.945838
1311868259.216979 0.802321 -0.419345 0.329034 -0.087530 -0.236167 -0.210860 0.944511
1311868259.248996 0.806010 -0.425472 0.335249 -0.084692 -0.239742 -0.212531 0.943494
1311868259.285039 0.811359 -0.429393 0.340481 -0.082995 -0.241977 -0.214471 0.942635
1311868259.316960 0.813914 -0.433149 0.346444 -0.082150 -0.243464 -0.216967 0.941755
1311868259.350162 0.817005 -0.436727 0.352347 -0.082100 -0.246103 -0.219513 0.940482
1311868259.385116 0.820977 -0.445951 0.358860 -0.082650 -0.249197 -0.222774 0.938851
1311868259.417128 0.825852 -0.455732 0.364679 -0.081434 -0.250853 -0.226829 0.937544
1311868259.449140 0.832665 -0.464164 0.369229 -0.078473 -0.250812 -0.229605 0.937132
1311868259.485201 0.838449 -0.468695 0.375904 -0.074995 -0.249264 -0.231473 0.937370
1311868259.517235 0.842760 -0.471342 0.381190 -0.070641 -0.247905 -0.234110 0.937414
1311868259.549524 0.848938 -0.471391 0.384845 -0.067379 -0.247756 -0.237759 0.936775
1311868259.585081 0.853159 -0.474902 0.389981 -0.066266 -0.248044 -0.243015 0.935429
1311868259.617127 0.858865 -0.477904 0.394922 -0.065103 -0.248484 -0.247214 0.934293
1311868259.649289 0.863804 -0.480280 0.399712 -0.064915 -0.248381 -0.249189 0.933808
1311868259.685014 0.867387 -0.481162 0.404101 -0.065863 -0.248709 -0.248238 0.933908
1311868259.717139 0.868749 -0.484420 0.408184 -0.067835 -0.249902 -0.246717 0.933851
1311868259.749049 0.872394 -0.488721 0.410843 -0.068184 -0.252670 -0.245356 0.933440
1311868259.785037 0.878441 -0.490389 0.414974 -0.067848 -0.256192 -0.244670 0.932684
1311868259.818043 0.883189 -0.495535 0.418900 -0.067155 -0.259099 -0.246257 0.931513
1311868259.849187 0.888213 -0.499798 0.421012 -0.064493 -0.260856 -0.248909 0.930505
1311868259.885215 0.894352 -0.500545 0.422033 -0.061730 -0.261020 -0.250116 0.930323
1311868259.917493 0.896982 -0.500280 0.423943 -0.060855 -0.259665 -0.249226 0.930998
1311868259.949104 0.897061 -0.499629 0.426774 -0.060410 -0.259388 -0.247075 0.931677
1311868259.984972 0.900182 -0.496787 0.427565 -0.059578 -0.261368 -0.244838 0.931768
1311868260.017107 0.902951 -0.494937 0.428966 -0.061041 -0.263788 -0.243508 0.931340
1311868260.049125 0.904344 -0.497633 0.430628 -0.062371 -0.266219 -0.243930 0.930449
1311868260.085277 0.908853 -0.495662 0.431357 -0.061869 -0.267718 -0.244641 0.929866
1311868260.116985 0.911317 -0.494428 0.432800 -0.062442 -0.267369 -0.244849 0.929873
1311868260.149117 0.911783 -0.493588 0.433541 -0.063164 -0.266049 -0.245596 0.930006
1311868260.184916 0.913369 -0.489317 0.433196 -0.063760 -0.264497 -0.245834 0.930345
1311868260.217009 0.911874 -0.486233 0.433938 -0.066409 -0.262973 -0.244653 0.930903
1311868260.249110 0.910331 -0.483996 0.434444 -0.069287 -0.262488 -0.242754 0.931327
1311868260.285037 0.908227 -0.482671 0.434652 -0.071700 -0.262523 -0.241573 0.931442
1311868260.317238 0.906471 -0.480641 0.434011 -0.073014 -0.262878 -0.240989 0.931390
1311868260.349210 0.903398 -0.477226 0.433879 -0.074993 -0.263418 -0.238883 0.931623
1311868260.385901 0.898392 -0.476715 0.432429 -0.077467 -0.264687 -0.236433 0.931686
1311868260.417177 0.896453 -0.475923 0.430442 -0.077540 -0.266762 -0.235555 0.931311
1311868260.449188 0.896054 -0.473460 0.431087 -0.076912 -0.268544 -0.236788 0.930538
1311868260.485105 0.893013 -0.472451 0.429642 -0.076005 -0.268562 -0.239150 0.930003
1311868260.517155 0.889322 -0.470142 0.428049 -0.074765 -0.268036 -0.240289 0.929961
1311868260.549278 0.885824 -0.466500 0.425905 -0.073841 -0.267969 -0.239907 0.930153
1311868260.588498 0.880583 -0.463268 0.424316 -0.074003 -0.268447 -0.239306 0.930157
1311868260.617023 0.876281 -0.459964 0.422828 -0.074213 -0.270265 -0.238251 0.929885
1311868260.649220 0.873031 -0.458065 0.421696 -0.075052 -0.272925 -0.238399 0.929002
1311868260.685161 0.871034 -0.457733 0.421128 -0.075954 -0.275295 -0.240096 0.927792
1311868260.717031 0.868609 -0.456841 0.420479 -0.076572 -0.276177 -0.241629 0.927081
1311868260.749052 0.865357 -0.455736 0.420091 -0.077524 -0.276140 -0.241856 0.926953
1311868260.785032 0.861546 -0.454176 0.419417 -0.078033 -0.276044 -0.241338 0.927074
1311868260.817354 0.858217 -0.452314 0.418725 -0.078524 -0.276661 -0.240834 0.926980
1311868260.849412 0.855691 -0.450072 0.417851 -0.078860 -0.278094 -0.240579 0.926589
1311868260.885138 0.854223 -0.448482 0.416724 -0.079949 -0.279642 -0.241046 0.925908
1311868260.917044 0.851866 -0.449426 0.416820 -0.081093 -0.280585 -0.242260 0.925206
1311868260.949176 0.850860 -0.449288 0.416252 -0.081131 -0.280890 -0.242903 0.924942
1311868260.985735 0.848474 -0.448807 0.415490 -0.081204 -0.280289 -0.242454 0.925235
1311868261.017109 0.846364 -0.446805 0.414110 -0.080861 -0.280208 -0.241737 0.925477
1311868261.049410 0.844696 -0.446364 0.413403 -0.081016 -0.281111 -0.242290 0.925045
1311868261.085064 0.844222 -0.446307 0.412717 -0.080664 -0.282115 -0.243899 0.924347
1311868261.117521 0.843508 -0.446274 0.412011 -0.080207 -0.282496 -0.245286 0.923903
1311868261.149243 0.843927 -0.445987 0.411557 -0.079758 -0.282542 -0.246580 0.923584
1311868261.185057 0.843407 -0.446577 0.411295 -0.079483 -0.281665 -0.248236 0.923432
1311868261.217343 0.842557 -0.445118 0.410529 -0.079128 -0.280325 -0.248733 0.923736
1311868261.250674 0.839973 -0.445256 0.410191 -0.079836 -0.278913 -0.248016 0.924295
1311868261.285209 0.837461 -0.444134 0.409757 -0.079556 -0.278512 -0.246754 0.924778
1311868261.317339 0.836399 -0.442670 0.409169 -0.079147 -0.279928 -0.246874 0.924354
1311868261.350547 0.836488 -0.441391 0.408614 -0.079176 -0.282097 -0.247944 0.923405
1311868261.385162 0.836266 -0.442645 0.409312 -0.080589 -0.283548 -0.248471 0.922696
1311868261.417214 0.836162 -0.444419 0.409544 -0.081643 -0.284057 -0.247499 0.922708
1311868261.450926 0.836335 -0.445823 0.410356 -0.082181 -0.283917 -0.245996 0.923105
1311868261.485265 0.835735 -0.445341 0.410497 -0.081669 -0.283483 -0.244856 0.923587
1311868261.517293 0.834887 -0.444456 0.410062 -0.081112 -0.283712 -0.244952 0.923540
1311868261.553565 0.834913 -0.444199 0.409688 -0.080803 -0.284689 -0.245982 0.922993
1311868261.586338 0.835583 -0.444892 0.409575 -0.080925 -0.285570 -0.246814 0.922488
1311868261.617239 0.836485 -0.444931 0.409571 -0.081152 -0.285531 -0.246980 0.922435
1311868261.654121 0.836792 -0.444163 0.410991 -0.081583 -0.285008 -0.246788 0.922611
1311868261.685195 0.835264 -0.444112 0.410338 -0.081861 -0.283992 -0.247431 0.922727
1311868261.719495 0.834651 -0.441931 0.410126 -0.081930 -0.283763 -0.248230 0.922577
1311868261.751682 0.833255 -0.442026 0.410030 -0.082795 -0.283935 -0.249140 0.922201
1311868261.787133 0.833898 -0.441269 0.409964 -0.083075 -0.284590 -0.250097 0.921715
1311868261.817195 0.833797 -0.442607 0.410340 -0.083917 -0.284571 -0.251012 0.921396
1311868261.853032 0.834328 -0.441505 0.409896 -0.084080 -0.284002 -0.251053 0.921545
1311868261.885094 0.833785 -0.441408 0.410668 -0.085246 -0.283367 -0.250933 0.921666
1311868261.917121 0.833203 -0.440862 0.410985 -0.085817 -0.282908 -0.251031 0.921728
1311868261.953503 0.832045 -0.441346 0.411760 -0.086458 -0.282787 -0.251168 0.921668
1311868261.985273 0.832082 -0.440033 0.411327 -0.086095 -0.283151 -0.250990 0.921638
1311868262.018018 0.831584 -0.440453 0.411664 -0.086799 -0.283911 -0.251083 0.921313
1311868262.053615 0.831794 -0.441700 0.411046 -0.086723 -0.284667 -0.251292 0.921030
1311868262.085382 0.832479 -0.442886 0.410652 -0.086789 -0.284942 -0.251312 0.920933
1311868262.117887 0.832744 -0.443433 0.410489 -0.086300 -0.284660 -0.250793 0.921208
1311868262.150528 0.833207 -0.442470 0.410054 -0.085884 -0.284328 -0.250474 0.921436
1311868262.185453 0.833091 -0.443131 0.410164 -0.085888 -0.284176 -0.250909 0.921364
1311868262.217304 0.833682 -0.443680 0.409954 -0.085901 -0.283929 -0.251191 0.921362
1311868262.253167 0.833716 -0.444256 0.410424 -0.085797 -0.283382 -0.251044 0.921580
1311868262.287398 0.833381 -0.444805 0.410508 -0.085259 -0.282742 -0.250396 0.922003
1311868262.317336 0.834054 -0.441275 0.410082 -0.084612 -0.282345 -0.249769 0.922354
1311868262.351121 0.831963 -0.441729 0.410703 -0.085575 -0.282523 -0.249686 0.922233
1311868262.386061 0.831936 -0.441558 0.410217 -0.085823 -0.283667 -0.248673 0.922133
1311868262.419248 0.832434 -0.442608 0.409806 -0.086597 -0.284497 -0.248154 0.921944
1311868262.453041 0.833035 -0.444395 0.409856 -0.086752 -0.284612 -0.248848 0.921708
1311868262.485168 0.832663 -0.445125 0.409683 -0.086239 -0.283859 -0.249546 0.921799
1311868262.521495 0.832961 -0.444242 0.409267 -0.085834 -0.282981 -0.249346 0.922161
1311868262.550967 0.832162 -0.443766 0.410096 -0.085877 -0.282370 -0.248587 0.922549
1311868262.585111 0.832064 -0.443776 0.410148 -0.085958 -0.282288 -0.248287 0.922648
1311868262.621668 0.832089 -0.444881 0.410110 -0.085796 -0.282259 -0.248269 0.922676
1311868262.650784 0.831997 -0.444793 0.410233 -0.085663 -0.282073 -0.247717 0.922894
1311868262.685330 0.832234 -0.444878 0.409982 -0.085327 -0.281997 -0.246529 0.923266
1311868262.721190 0.832151 -0.445395 0.410234 -0.085339 -0.281892 -0.246345 0.923346
1311868262.750486 0.832573 -0.444860 0.409885 -0.084478 -0.281894 -0.246585 0.923361
1311868262.785224 0.832896 -0.444105 0.409807 -0.084394 -0.281877 -0.246643 0.923358
1311868262.821620 0.832780 -0.443784 0.409597 -0.084604 -0.281798 -0.246273 0.923462
1311868262.850602 0.832402 -0.443951 0.409827 -0.085176 -0.281870 -0.246070 0.923441
1311868262.885337 0.832418 -0.443716 0.410090 -0.084917 -0.282221 -0.246048 0.923364
1311868262.922678 0.832755 -0.443382 0.409597 -0.084998 -0.282555 -0.245893 0.923296
1311868262.950706 0.833181 -0.443341 0.409475 -0.085468 -0.282737 -0.245601 0.923274
1311868262.985587 0.832919 -0.444126 0.409648 -0.085985 -0.282663 -0.245388 0.923305
1311868263.020693 0.833120 -0.444285 0.409552 -0.085946 -0.282586 -0.245312 0.923353
1311868263.053350 0.833108 -0.444302 0.409741 -0.085714 -0.282491 -0.245744 0.923289
1311868263.085224 0.833163 -0.443428 0.409383 -0.085293 -0.282530 -0.246046 0.923235
1311868263.121396 0.833625 -0.443255 0.409298 -0.085641 -0.282744 -0.246277 0.923076
1311868263.154334 0.833980 -0.443182 0.409406 -0.086190 -0.282686 -0.246219 0.923058
1311868263.185529 0.833784 -0.443602 0.409718 -0.086972 -0.282271 -0.246255 0.923102
