# timestamp tx ty tz qx qy qz qw
1311870427.199132 0.000000 0.000000 0.000000 0.000000 0.000000 0.000000 1.000000
1311870427.231132 0.000061 0.000632 -0.001981 0.002274 -0.000197 0.000456 0.999997
1311870427.263210 -0.000218 0.001302 -0.003206 0.002786 -0.000342 0.000719 0.999996
1311870427.299143 -0.000370 0.000571 -0.003789 0.003049 -0.000925 0.001608 0.999994
1311870427.331187 -0.000067 0.001653 -0.004966 0.002945 -0.001644 0.002317 0.999992
1311870427.363116 0.000350 -0.000075 -0.004405 0.002041 -0.001934 0.002841 0.999992
1311870427.399237 0.000548 -0.000458 -0.004758 0.002353 -0.001589 0.002696 0.999992
1311870427.431127 0.000277 -0.000348 -0.005347 0.002709 -0.001211 0.002710 0.999992
1311870427.463385 -0.000630 0.000265 -0.006324 0.002730 -0.001313 0.003141 0.999990
1311870427.499447 -0.000771 0.000032 -0.006501 0.001940 -0.002183 0.003364 0.999990
1311870427.531159 -0.000761 -0.000764 -0.006612 0.001492 -0.002903 0.003043 0.999990
1311870427.563190 -0.000158 -0.000243 -0.007822 0.001314 -0.003452 0.002498 0.999990
1311870427.599086 -0.000541 -0.000929 -0.007592 0.001097 -0.003606 0.002715 0.999989
1311870427.631114 -0.000526 -0.001664 -0.007706 0.001169 -0.003952 0.002625 0.999988
1311870427.663429 -0.000216 -0.001670 -0.008454 0.001627 -0.003817 0.001969 0.999989
1311870427.699151 -0.000375 -0.001587 -0.008991 0.002017 -0.003693 0.001864 0.999989
1311870427.731118 -0.000562 -0.002726 -0.009168 0.002183 -0.004169 0.002386 0.999986
1311870427.763327 -0.000003 -0.001308 -0.010577 0.002885 -0.004977 0.002472 0.999980
1311870427.799196 0.000509 -0.002927 -0.009904 0.002467 -0.005083 0.002412 0.999981
1311870427.831457 0.000496 -0.002972 -0.011033 0.003565 -0.004870 0.002427 0.999979
1311870427.863134 0.000097 -0.001271 -0.012192 0.003632 -0.005230 0.001958 0.999978
1311870427.899231 -0.000423 -0.001682 -0.012252 0.002563 -0.006001 0.001713 0.999977
1311870427.931111 -0.000571 -0.001403 -0.012512 0.001698 -0.007513 0.000349 0.999970
1311870427.963137 0.000107 -0.002682 -0.012086 0.000793 -0.008501 -0.001712 0.999962
1311870427.999083 0.001266 -0.002859 -0.012619 0.001369 -0.008081 -0.002104 0.999964
1311870428.031250 0.000747 -0.002574 -0.012708 0.002008 -0.007005 -0.001789 0.999972
1311870428.063193 0.000639 -0.002580 -0.012941 0.002203 -0.006708 -0.001651 0.999974
1311870428.099167 0.001021 -0.002723 -0.012831 0.002397 -0.006667 -0.001528 0.999974
1311870428.131267 0.001024 -0.002905 -0.012936 0.002871 -0.006599 -0.001311 0.999973
1311870428.163279 0.001168 -0.002809 -0.013269 0.003129 -0.006816 -0.001436 0.999971
1311870428.199270 0.000932 -0.002713 -0.013522 0.003295 -0.006953 -0.001707 0.999969
1311870428.231191 0.000714 -0.002906 -0.013442 0.003244 -0.007114 -0.001579 0.999968
1311870428.263420 0.000832 -0.002771 -0.013684 0.003383 -0.007509 -0.001679 0.999965
1311870428.299170 0.001301 -0.002578 -0.014106 0.003320 -0.007711 -0.001683 0.999963
1311870428.331174 0.001106 -0.003560 -0.013322 0.003247 -0.007372 -0.001303 0.999967
1311870428.363160 0.000955 -0.003374 -0.013672 0.003894 -0.007387 -0.001718 0.999964
1311870428.399340 0.001040 -0.002487 -0.014100 0.003999 -0.007287 -0.003004 0.999961
1311870428.431153 0.000481 -0.002714 -0.013478 0.003870 -0.006938 -0.003241 0.999963
1311870428.463176 0.000362 -0.001707 -0.014353 0.004211 -0.007405 -0.002874 0.999960
1311870428.499303 0.000620 -0.001674 -0.013687 0.003415 -0.007892 -0.003022 0.999958
1311870428.531230 0.000894 -0.003433 -0.013006 0.003423 -0.007919 -0.003229 0.999958
1311870428.563181 0.001222 -0.002094 -0.013994 0.004135 -0.007876 -0.003273 0.999955
1311870428.599270 0.000481 -0.002676 -0.013449 0.003978 -0.008006 -0.002635 0.999957
1311870428.631378 0.000259 -0.002798 -0.013468 0.004163 -0.008872 -0.002514 0.999949
1311870428.663196 0.001241 -0.002840 -0.013843 0.004254 -0.009332 -0.003193 0.999942
1311870428.699275 0.000904 -0.003357 -0.013711 0.004368 -0.009132 -0.003418 0.999943
1311870428.731171 0.000683 -0.002622 -0.014197 0.004560 -0.009202 -0.003190 0.999942
1311870428.763173 0.000086 -0.002759 -0.013715 0.004258 -0.009521 -0.003098 0.999941
1311870428.799280 0.000226 -0.003323 -0.013672 0.004289 -0.010151 -0.003495 0.999933
1311870428.831376 0.000623 -0.003040 -0.014045 0.004409 -0.010247 -0.003510 0.999932
1311870428.863232 0.000391 -0.003610 -0.013783 0.004454 -0.010185 -0.003272 0.999933
1311870428.899406 0.000450 -0.003304 -0.014008 0.004537 -0.010436 -0.003428 0.999929
1311870428.931143 0.000603 -0.003433 -0.013517 0.004200 -0.010679 -0.003825 0.999927
1311870428.963255 0.000566 -0.003980 -0.013445 0.004330 -0.010738 -0.003992 0.999925
1311870428.999316 0.000253 -0.003427 -0.013820 0.004315 -0.010896 -0.004294 0.999922
1311870429.031368 0.000178 -0.003853 -0.013192 0.004057 -0.011354 -0.004347 0.999918
1311870429.063298 0.000575 -0.004297 -0.013366 0.004250 -0.011535 -0.004009 0.999916
1311870429.099362 0.000576 -0.004386 -0.013413 0.004301 -0.011432 -0.003769 0.999918
1311870429.131434 0.000044 -0.005522 -0.012984 0.004359 -0.011495 -0.003869 0.999917
1311870429.163291 0.000407 -0.004845 -0.013472 0.004645 -0.011845 -0.004854 0.999907
1311870429.199396 0.000695 -0.005390 -0.013241 0.004747 -0.011783 -0.004860 0.999907
1311870429.231437 0.000719 -0.005625 -0.013353 0.005366 -0.011622 -0.004542 0.999908
1311870429.263266 0.000866 -0.004495 -0.013698 0.005434 -0.011468 -0.004780 0.999908
1311870429.299443 0.001301 -0.005385 -0.013402 0.005043 -0.011264 -0.005029 0.999911
1311870429.331255 0.001839 -0.004872 -0.013396 0.005247 -0.010638 -0.004799 0.999918
1311870429.363267 0.001878 -0.004364 -0.013448 0.004866 -0.010172 -0.004705 0.999925
1311870429.399320 0.002125 -0.004904 -0.013059 0.004305 -0.010072 -0.004970 0.999928
1311870429.431354 0.002158 -0.005561 -0.012708 0.004211 -0.009738 -0.005040 0.999931
1311870429.463269 0.002631 -0.005081 -0.013134 0.004546 -0.009814 -0.005526 0.999926
1311870429.499243 0.003108 -0.005134 -0.013201 0.004563 -0.009464 -0.005460 0.999930
1311870429.531208 0.003385 -0.005406 -0.012868 0.004799 -0.009040 -0.005022 0.999935
1311870429.563312 0.004146 -0.004844 -0.013058 0.005073 -0.008684 -0.005424 0.999935
1311870429.599449 0.004173 -0.006083 -0.012492 0.005233 -0.007821 -0.005355 0.999941
1311870429.631293 0.004189 -0.004644 -0.013230 0.006017 -0.007567 -0.004993 0.999941
1311870429.663354 0.004444 -0.004780 -0.012887 0.005319 -0.007741 -0.004868 0.999944
1311870429.699491 0.004793 -0.005432 -0.012893 0.005249 -0.007856 -0.005201 0.999942
1311870429.731303 0.005309 -0.005182 -0.012897 0.005268 -0.007767 -0.005273 0.999942
1311870429.763313 0.005288 -0.005358 -0.013048 0.005407 -0.007387 -0.004779 0.999947
1311870429.799489 0.005010 -0.005302 -0.013028 0.005329 -0.007447 -0.004574 0.999948
1311870429.831318 0.005691 -0.005720 -0.012746 0.005156 -0.007810 -0.005477 0.999941
1311870429.863196 0.005891 -0.005762 -0.012934 0.005514 -0.007396 -0.006209 0.999938
1311870429.899470 0.005320 -0.005103 -0.013187 0.005446 -0.007251 -0.007005 0.999934
1311870429.931446 0.005005 -0.003687 -0.013598 0.004941 -0.007825 -0.008348 0.999922
1311870429.963465 0.005463 -0.003036 -0.013582 0.003517 -0.008700 -0.009369 0.999912
1311870429.999478 0.006289 -0.003380 -0.013176 0.002290 -0.008788 -0.009502 0.999914
1311870430.031269 0.006638 -0.003748 -0.012551 0.001504 -0.008258 -0.008841 0.999926
1311870430.063451 0.007558 -0.004424 -0.012680 0.001316 -0.007931 -0.008609 0.999931
1311870430.099355 0.007482 -0.005686 -0.011593 0.001284 -0.007002 -0.008439 0.999939
1311870430.131369 0.007530 -0.005248 -0.012132 0.002145 -0.006825 -0.008142 0.999941
1311870430.163315 0.008084 -0.004851 -0.012248 0.002154 -0.006856 -0.007977 0.999942
1311870430.199392 0.008261 -0.006016 -0.012031 0.002099 -0.006602 -0.007958 0.999944
1311870430.231223 0.008203 -0.005469 -0.012368 0.002416 -0.006826 -0.008247 0.999940
1311870430.263346 0.008920 -0.006270 -0.011679 0.002316 -0.007075 -0.008082 0.999940
1311870430.299384 0.010162 -0.006549 -0.012134 0.003276 -0.006788 -0.007751 0.999942
1311870430.331664 0.011132 -0.005806 -0.012211 0.003691 -0.005937 -0.007666 0.999946
1311870430.363389 0.012362 -0.006722 -0.012102 0.003745 -0.004989 -0.006954 0.999956
1311870430.399281 0.012830 -0.005851 -0.012054 0.004113 -0.004095 -0.006269 0.999964
1311870430.431391 0.013220 -0.005019 -0.012141 0.003474 -0.003757 -0.006716 0.999964
1311870430.463459 0.014824 -0.007059 -0.011505 0.002532 -0.003442 -0.006967 0.999967
1311870430.499344 0.015832 -0.007739 -0.011480 0.003395 -0.002578 -0.006221 0.999972
1311870430.531454 0.016363 -0.006380 -0.012305 0.004056 -0.002004 -0.005993 0.999972
1311870430.563500 0.018001 -0.007519 -0.012405 0.003955 -0.001737 -0.005725 0.999974
1311870430.599385 0.019189 -0.006939 -0.013282 0.004337 -0.001213 -0.005572 0.999974
1311870430.631310 0.020516 -0.006294 -0.013259 0.003785 -0.000941 -0.005885 0.999975
1311870430.663444 0.022240 -0.007130 -0.013699 0.003508 -0.000575 -0.006104 0.999975
1311870430.699258 0.024169 -0.007026 -0.014220 0.003321 -0.000124 -0.006244 0.999975
1311870430.731345 0.025955 -0.008143 -0.013743 0.003441 0.000833 -0.006125 0.999975
1311870430.763500 0.027361 -0.007682 -0.014568 0.004549 0.001843 -0.006095 0.999969
1311870430.799409 0.029054 -0.007037 -0.015423 0.004506 0.002207 -0.006023 0.999969
1311870430.831480 0.031030 -0.007272 -0.015609 0.004339 0.002384 -0.005600 0.999972
1311870430.863574 0.032887 -0.006654 -0.016337 0.004116 0.002379 -0.005420 0.999974
1311870430.899451 0.035206 -0.007120 -0.016464 0.003573 0.002512 -0.005998 0.999972
1311870430.931499 0.037662 -0.006526 -0.017163 0.003848 0.002833 -0.006618 0.999967
1311870430.963601 0.041069 -0.006695 -0.018178 0.003590 0.003310 -0.006598 0.999966
1311870430.999454 0.045134 -0.006904 -0.018963 0.003696 0.004490 -0.006446 0.999962
1311870431.031523 0.050247 -0.006268 -0.020437 0.003667 0.006263 -0.006310 0.999954
1311870431.063647 0.054880 -0.007271 -0.019635 0.003817 0.009108 -0.004955 0.999939
1311870431.099270 0.058854 -0.007498 -0.019609 0.004913 0.011832 -0.002729 0.999914
1311870431.131475 0.064257 -0.006445 -0.020490 0.005367 0.013416 -0.001446 0.999895
1311870431.163490 0.069460 -0.006505 -0.020762 0.004825 0.015157 -0.000271 0.999873
1311870431.199595 0.075082 -0.006387 -0.020947 0.004638 0.016994 0.001015 0.999844
1311870431.231528 0.080663 -0.006357 -0.020732 0.004108 0.019067 0.001923 0.999808
1311870431.263518 0.085641 -0.006281 -0.020598 0.004014 0.021123 0.002209 0.999766
1311870431.299516 0.091546 -0.006078 -0.020785 0.003692 0.023248 0.001841 0.999721
1311870431.331676 0.096430 -0.005818 -0.020496 0.003460 0.026011 0.002401 0.999653
1311870431.363631 0.101440 -0.005815 -0.020149 0.003456 0.028021 0.003209 0.999596
1311870431.399293 0.105767 -0.005022 -0.020852 0.002905 0.029212 0.003435 0.999563
1311870431.431480 0.110604 -0.004926 -0.020369 0.002218 0.029696 0.003560 0.999550
1311870431.463503 0.115968 -0.005220 -0.020935 0.001990 0.030595 0.004271 0.999521
1311870431.499459 0.120745 -0.005575 -0.021175 0.002420 0.031985 0.004783 0.999474
1311870431.531388 0.124824 -0.005972 -0.022204 0.003136 0.033222 0.005378 0.999429
1311870431.563325 0.128583 -0.006651 -0.023113 0.003986 0.033895 0.005533 0.999402
1311870431.599430 0.133448 -0.007378 -0.024785 0.004842 0.034625 0.005279 0.999375
1311870431.631542 0.137033 -0.009028 -0.025649 0.006652 0.036203 0.006205 0.999303
1311870431.663486 0.139538 -0.007474 -0.028179 0.008315 0.036687 0.006816 0.999269
1311870431.699385 0.141728 -0.008572 -0.028627 0.008707 0.035827 0.007677 0.999291
1311870431.731529 0.145424 -0.008480 -0.031508 0.009625 0.034520 0.008746 0.999319
1311870431.763721 0.148417 -0.010412 -0.032629 0.010110 0.034027 0.009369 0.999326
1311870431.799486 0.150971 -0.010602 -0.035210 0.011545 0.033620 0.009220 0.999325
1311870431.831541 0.152853 -0.011816 -0.037044 0.012119 0.032849 0.008882 0.999347
1311870431.863694 0.155382 -0.011557 -0.039724 0.013284 0.031930 0.008701 0.999364
1311870431.899573 0.157881 -0.012724 -0.041452 0.013474 0.031489 0.008268 0.999379
1311870431.931488 0.160527 -0.014558 -0.042656 0.014601 0.031062 0.007395 0.999383
1311870431.963564 0.163815 -0.014207 -0.045963 0.016288 0.031166 0.006333 0.999361
1311870431.999553 0.167180 -0.015951 -0.047507 0.017092 0.031770 0.005992 0.999331
1311870432.031509 0.170823 -0.017054 -0.049520 0.018881 0.032431 0.006454 0.999275
1311870432.063526 0.174878 -0.017966 -0.051533 0.020521 0.032991 0.006413 0.999224
1311870432.099459 0.180036 -0.021286 -0.051957 0.021641 0.034611 0.006357 0.999146
1311870432.131603 0.184425 -0.018911 -0.056215 0.024910 0.037576 0.005894 0.998966
1311870432.163607 0.184554 -0.017566 -0.054772 0.023868 0.039258 0.004027 0.998936
1311870432.199461 0.188143 -0.016271 -0.055946 0.022990 0.038052 0.003228 0.999006
1311870432.231754 0.192384 -0.018603 -0.055049 0.021021 0.036707 0.004186 0.999096
1311870432.263643 0.198201 -0.020199 -0.055516 0.021339 0.036277 0.005753 0.999097
1311870432.299615 0.203474 -0.022166 -0.055050 0.022471 0.037599 0.005705 0.999024
1311870432.331460 0.207548 -0.021635 -0.055629 0.024473 0.040065 0.004495 0.998887
1311870432.363365 0.210372 -0.020595 -0.056363 0.026042 0.042784 0.002616 0.998741
1311870432.399630 0.211158 -0.017025 -0.056491 0.025857 0.044443 0.000523 0.998677
1311870432.431690 0.210568 -0.016851 -0.054570 0.023656 0.042901 -0.000970 0.998799
1311870432.463520 0.215149 -0.018564 -0.053644 0.021714 0.039566 -0.001995 0.998979
1311870432.499674 0.221047 -0.019221 -0.053667 0.021351 0.038327 -0.001746 0.999036
1311870432.531554 0.225723 -0.022054 -0.052439 0.021736 0.039800 -0.001709 0.998970
1311870432.563517 0.227656 -0.023364 -0.051467 0.023640 0.041645 -0.002470 0.998850
1311870432.599522 0.231215 -0.020821 -0.052650 0.025234 0.041439 -0.003203 0.998817
1311870432.631484 0.234497 -0.019604 -0.053479 0.025190 0.040830 -0.002260 0.998846
1311870432.663494 0.237727 -0.018620 -0.052773 0.023686 0.039410 -0.000161 0.998942
1311870432.699551 0.241474 -0.020443 -0.052178 0.022294 0.037690 0.000971 0.999040
1311870432.731507 0.246505 -0.019747 -0.052088 0.021737 0.036677 0.002077 0.999089
1311870432.763511 0.251005 -0.021137 -0.050549 0.021576 0.036905 0.003966 0.999078
1311870432.799641 0.256106 -0.019359 -0.050663 0.022595 0.037533 0.005698 0.999024
1311870432.831541 0.260400 -0.017506 -0.050355 0.021657 0.038264 0.006290 0.999013
1311870432.863631 0.263598 -0.019552 -0.048127 0.020500 0.038787 0.007003 0.999013
1311870432.899615 0.266562 -0.018865 -0.047913 0.020774 0.038356 0.007680 0.999019
1311870432.931572 0.270795 -0.017380 -0.048084 0.020319 0.037047 0.007492 0.999079
1311870432.963562 0.274935 -0.018469 -0.047281 0.019381 0.036401 0.007027 0.999125
1311870432.999630 0.278103 -0.018848 -0.046649 0.019506 0.035727 0.007491 0.999143
1311870433.031584 0.283054 -0.018878 -0.047045 0.020218 0.034786 0.008742 0.999152
1311870433.063635 0.287862 -0.018264 -0.047639 0.020647 0.034603 0.009230 0.999145
1311870433.099562 0.291204 -0.019488 -0.046823 0.021067 0.035022 0.009063 0.999123
1311870433.131626 0.294549 -0.018013 -0.047562 0.022437 0.034844 0.007500 0.999113
1311870433.163663 0.297861 -0.016666 -0.048292 0.023157 0.033712 0.005203 0.999150
1311870433.199558 0.301221 -0.014163 -0.049304 0.022962 0.032290 0.003796 0.999208
1311870433.231636 0.304550 -0.011352 -0.049328 0.020905 0.029722 0.001487 0.999338
1311870433.263519 0.308475 -0.010644 -0.048728 0.018270 0.026718 -0.000596 0.999476
1311870433.299576 0.313818 -0.010284 -0.048289 0.016313 0.024145 -0.001098 0.999575
1311870433.331596 0.320110 -0.008788 -0.048233 0.014688 0.022755 -0.000880 0.999633
1311870433.363571 0.326961 -0.009136 -0.047569 0.012768 0.021819 -0.000474 0.999680
1311870433.399625 0.333116 -0.008037 -0.046996 0.011093 0.020919 -0.000431 0.999720
1311870433.431583 0.340561 -0.008034 -0.046251 0.009563 0.019738 -0.001172 0.999759
1311870433.463559 0.348161 -0.007040 -0.046114 0.007936 0.019547 -0.001457 0.999776
1311870433.499504 0.355803 -0.008567 -0.044203 0.007047 0.020347 -0.001095 0.999768
1311870433.531517 0.362305 -0.007113 -0.044676 0.007807 0.021397 -0.000509 0.999740
1311870433.563651 0.368750 -0.005531 -0.045023 0.006829 0.021618 -0.000192 0.999743
1311870433.599748 0.374686 -0.006468 -0.044405 0.005553 0.021749 -0.000638 0.999748
1311870433.633359 0.380675 -0.005279 -0.044746 0.004796 0.021720 -0.001522 0.999751
1311870433.663567 0.386637 -0.005919 -0.044034 0.003781 0.022052 -0.002026 0.999748
1311870433.699816 0.392304 -0.005665 -0.043663 0.003567 0.023021 -0.001384 0.999728
1311870433.731536 0.397190 -0.006071 -0.043229 0.003836 0.024253 -0.000294 0.999698
1311870433.763545 0.401972 -0.003632 -0.043916 0.004144 0.025245 0.000142 0.999673
1311870433.799626 0.406610 -0.004724 -0.042500 0.003181 0.026394 0.000558 0.999646
1311870433.831859 0.411572 -0.003329 -0.042306 0.003409 0.027791 0.001348 0.999607
1311870433.863545 0.415941 -0.002736 -0.041449 0.002664 0.029143 0.001868 0.999570
1311870433.899585 0.420598 -0.003010 -0.039894 0.001723 0.030975 0.002746 0.999515
1311870433.931709 0.424255 -0.003615 -0.038376 0.001605 0.033313 0.004290 0.999434
1311870433.963703 0.427110 -0.002878 -0.037423 0.002090 0.035009 0.005457 0.999370
1311870433.999523 0.430919 -0.001511 -0.037243 0.001539 0.035967 0.005403 0.999337
1311870434.031599 0.434535 -0.002788 -0.035343 0.000528 0.036956 0.005575 0.999301
1311870434.063605 0.437820 -0.002384 -0.034714 0.000407 0.038264 0.006230 0.999248
1311870434.099832 0.440369 -0.003522 -0.032751 -0.000386 0.039667 0.006423 0.999192
1311870434.131804 0.443143 -0.005162 -0.030737 -0.000273 0.041113 0.006924 0.999130
1311870434.163544 0.446152 -0.005483 -0.030365 0.000610 0.042674 0.007341 0.999062
1311870434.199633 0.447776 -0.005551 -0.029636 0.000983 0.044199 0.008052 0.998990
1311870434.231542 0.448886 -0.004764 -0.029369 0.000972 0.044462 0.008766 0.998972
1311870434.263545 0.451296 -0.004547 -0.029331 0.000378 0.043850 0.009246 0.998995
1311870434.299615 0.452783 -0.003892 -0.028613 -0.000756 0.043170 0.010702 0.999010
1311870434.331839 0.453899 -0.003388 -0.027606 -0.001945 0.041379 0.012437 0.999064
1311870434.363534 0.457592 -0.003130 -0.028058 -0.003461 0.039051 0.012929 0.999148
1311870434.399678 0.461978 -0.002739 -0.027469 -0.005395 0.038395 0.012377 0.999171
1311870434.431695 0.466025 -0.002212 -0.026152 -0.006943 0.039564 0.011014 0.999132
1311870434.463583 0.470329 -0.000990 -0.025137 -0.008446 0.042083 0.008987 0.999038
1311870434.499762 0.472294 -0.001049 -0.022678 -0.010322 0.045344 0.006732 0.998895
1311870434.531561 0.474478 -0.000996 -0.021276 -0.011397 0.047269 0.004285 0.998808
1311870434.563553 0.477257 -0.000018 -0.019879 -0.012469 0.047930 0.002644 0.998769
1311870434.599830 0.479912 0.000620 -0.018201 -0.014169 0.047662 0.002292 0.998760
1311870434.631527 0.485082 0.001005 -0.017056 -0.015870 0.047124 0.002119 0.998761
1311870434.663662 0.489382 0.001268 -0.015428 -0.017700 0.047951 0.001066 0.998692
1311870434.699666 0.492904 0.001247 -0.012935 -0.018992 0.049011 -0.000481 0.998618
1311870434.731536 0.496208 0.002911 -0.011806 -0.020047 0.050186 -0.002278 0.998536
1311870434.767663 0.499080 0.006176 -0.009384 -0.022111 0.050484 -0.003831 0.998473
1311870434.799566 0.503383 0.009585 -0.007543 -0.025951 0.049691 -0.004550 0.998417
1311870434.831779 0.506624 0.011338 -0.004699 -0.032101 0.049020 -0.004689 0.998271
1311870434.867798 0.509637 0.013831 -0.001730 -0.037981 0.047979 -0.005201 0.998112
1311870434.899553 0.514269 0.015614 0.001832 -0.045606 0.045867 -0.005945 0.997888
1311870434.931645 0.516680 0.016702 0.005350 -0.053087 0.043113 -0.006509 0.997638
1311870434.967535 0.518488 0.020116 0.008831 -0.059748 0.039317 -0.007138 0.997413
1311870434.999589 0.520878 0.020864 0.011061 -0.066057 0.035424 -0.008152 0.997154
1311870435.031785 0.523916 0.021913 0.013061 -0.071176 0.032774 -0.009527 0.996880
1311870435.067626 0.527133 0.023756 0.015372 -0.075036 0.030629 -0.010918 0.996650
1311870435.099699 0.530307 0.027677 0.018676 -0.077802 0.028639 -0.011606 0.996490
1311870435.131763 0.534053 0.030987 0.021605 -0.081812 0.027337 -0.012224 0.996198
1311870435.167540 0.537099 0.031100 0.023255 -0.085985 0.026544 -0.013994 0.995844
1311870435.199566 0.540266 0.034161 0.025147 -0.088987 0.026456 -0.015245 0.995565
1311870435.231679 0.542425 0.035858 0.027511 -0.092709 0.026239 -0.015926 0.995220
1311870435.267867 0.545288 0.037982 0.028197 -0.097028 0.024445 -0.016580 0.994843
1311870435.299742 0.547577 0.037681 0.029426 -0.101835 0.022817 -0.018753 0.994363
1311870435.331634 0.551901 0.037939 0.030376 -0.104630 0.022730 -0.021624 0.994016
1311870435.367691 0.555268 0.037931 0.031039 -0.106713 0.024779 -0.024979 0.993667
1311870435.399734 0.558482 0.038290 0.032018 -0.108087 0.026409 -0.029055 0.993366
1311870435.431784 0.561822 0.039721 0.033337 -0.109227 0.027591 -0.031737 0.993127
1311870435.467618 0.564615 0.040796 0.034132 -0.110508 0.028016 -0.033273 0.992923
1311870435.499650 0.568837 0.041698 0.035680 -0.112744 0.027271 -0.034006 0.992667
1311870435.531794 0.571983 0.041635 0.037174 -0.114848 0.027044 -0.034145 0.992428
1311870435.567656 0.575559 0.040932 0.038893 -0.117166 0.026246 -0.034083 0.992180
1311870435.599673 0.581115 0.039597 0.039927 -0.118378 0.025803 -0.034801 0.992023
1311870435.631832 0.585898 0.039554 0.041485 -0.118824 0.026890 -0.036055 0.991896
1311870435.667902 0.590329 0.041139 0.043379 -0.119404 0.028202 -0.036538 0.991772
1311870435.699715 0.593932 0.041472 0.045689 -0.120687 0.028884 -0.036603 0.991595
1311870435.731639 0.598150 0.042556 0.047415 -0.122176 0.028522 -0.036436 0.991429
1311870435.767597 0.602245 0.041378 0.049402 -0.124485 0.028770 -0.036298 0.991140
1311870435.799955 0.605583 0.041227 0.052451 -0.125608 0.029140 -0.036897 0.990965
1311870435.831633 0.608283 0.040955 0.054873 -0.126496 0.028743 -0.037886 0.990827
1311870435.867717 0.611825 0.039609 0.056810 -0.127471 0.027821 -0.038501 0.990704
1311870435.899972 0.615822 0.038593 0.058424 -0.128246 0.027059 -0.038505 0.990625
1311870435.931792 0.619561 0.036609 0.060834 -0.129173 0.027053 -0.038006 0.990524
1311870435.967666 0.623053 0.037391 0.063387 -0.129042 0.026756 -0.037300 0.990576
1311870435.999894 0.626712 0.036721 0.065548 -0.130022 0.026084 -0.037215 0.990469
1311870436.031755 0.630994 0.035843 0.067864 -0.130777 0.025735 -0.037224 0.990378
1311870436.067746 0.634014 0.035074 0.070347 -0.131560 0.025996 -0.037858 0.990244
1311870436.099813 0.637282 0.033057 0.072946 -0.132332 0.026119 -0.038868 0.990099
1311870436.131762 0.640428 0.031044 0.075443 -0.132289 0.026420 -0.039332 0.990078
1311870436.167891 0.643098 0.030229 0.077920 -0.131695 0.026481 -0.039085 0.990165
1311870436.200035 0.646511 0.027543 0.080078 -0.131461 0.026202 -0.038457 0.990228
1311870436.231775 0.649507 0.025020 0.082616 -0.129918 0.026600 -0.038380 0.990424
1311870436.267655 0.651445 0.023710 0.084696 -0.127640 0.027236 -0.037997 0.990718
1311870436.299786 0.653185 0.022497 0.086682 -0.125493 0.026822 -0.036617 0.991056
1311870436.331958 0.655267 0.022356 0.088428 -0.123799 0.025429 -0.034472 0.991382
1311870436.367789 0.659181 0.021631 0.088534 -0.122958 0.024011 -0.032771 0.991580
1311870436.399748 0.661271 0.018847 0.090142 -0.123780 0.024029 -0.031923 0.991505
1311870436.431853 0.662948 0.015027 0.091583 -0.123688 0.024466 -0.031670 0.991514
1311870436.467708 0.663328 0.012885 0.092861 -0.122373 0.024865 -0.032046 0.991655
1311870436.499724 0.663685 0.008955 0.093983 -0.120922 0.024621 -0.032781 0.991815
1311870436.531686 0.663736 0.005442 0.094314 -0.117877 0.024076 -0.033154 0.992183
1311870436.567649 0.663673 0.004533 0.095522 -0.114306 0.022748 -0.033476 0.992621
1311870436.600076 0.662851 0.003907 0.096631 -0.111102 0.020160 -0.033586 0.993037
1311870436.633915 0.664832 0.001815 0.097868 -0.108295 0.015348 -0.032537 0.993468
1311870436.667799 0.667276 0.001109 0.098010 -0.106892 0.010141 -0.027841 0.993829
1311870436.699713 0.670355 -0.000838 0.097446 -0.107787 0.005333 -0.022718 0.993900
1311870436.731758 0.673571 -0.007332 0.096285 -0.108644 0.001578 -0.020079 0.993877
1311870436.768050 0.677812 -0.013763 0.096408 -0.107203 -0.000529 -0.021040 0.994014
1311870436.799700 0.682152 -0.018456 0.096385 -0.104410 -0.000274 -0.023493 0.994257
1311870436.831852 0.685080 -0.021023 0.097322 -0.100195 0.000851 -0.025093 0.994651
1311870436.867905 0.688634 -0.022538 0.096672 -0.096817 0.000234 -0.024973 0.994989
1311870436.899855 0.692611 -0.024400 0.097606 -0.095128 -0.001300 -0.023335 0.995191
1311870436.931933 0.695499 -0.026988 0.097797 -0.093685 -0.003240 -0.021249 0.995370
1311870436.968236 0.698138 -0.029981 0.097557 -0.092765 -0.007172 -0.019221 0.995477
1311870436.999889 0.704488 -0.033185 0.097016 -0.091539 -0.010900 -0.018964 0.995561
1311870437.031944 0.710674 -0.036813 0.096953 -0.089749 -0.012232 -0.018759 0.995713
1311870437.067654 0.715909 -0.038299 0.097223 -0.087617 -0.012837 -0.017517 0.995918
1311870437.100178 0.720685 -0.038543 0.097110 -0.085888 -0.014289 -0.016490 0.996066
1311870437.131969 0.725794 -0.039356 0.097808 -0.085509 -0.017277 -0.015302 0.996070
1311870437.167667 0.732238 -0.042337 0.098527 -0.085356 -0.020563 -0.015309 0.996021
1311870437.199925 0.738889 -0.045287 0.099675 -0.084555 -0.022979 -0.016490 0.996017
1311870437.231936 0.746710 -0.047701 0.100756 -0.082899 -0.024888 -0.016686 0.996107
1311870437.267827 0.753765 -0.049637 0.101806 -0.081271 -0.026155 -0.016377 0.996214
1311870437.300070 0.760026 -0.052217 0.103142 -0.079671 -0.028337 -0.016895 0.996275
1311870437.331827 0.768025 -0.054524 0.104495 -0.077825 -0.031551 -0.018206 0.996301
1311870437.367959 0.775676 -0.057291 0.106137 -0.075933 -0.034139 -0.019286 0.996342
1311870437.399868 0.783554 -0.058377 0.107090 -0.073937 -0.036643 -0.019885 0.996391
1311870437.431930 0.790896 -0.060471 0.109140 -0.072956 -0.039584 -0.020267 0.996343
1311870437.467917 0.798968 -0.062487 0.111085 -0.072155 -0.042607 -0.020169 0.996279
1311870437.499944 0.807035 -0.065013 0.113026 -0.071215 -0.045450 -0.021692 0.996189
1311870437.531864 0.815552 -0.067941 0.115250 -0.070540 -0.047645 -0.023609 0.996091
1311870437.567872 0.823144 -0.070949 0.117844 -0.069506 -0.049086 -0.025376 0.996050
1311870437.599941 0.830576 -0.074362 0.120285 -0.068154 -0.050780 -0.027307 0.996007
1311870437.631901 0.838878 -0.076971 0.122341 -0.066417 -0.052343 -0.027961 0.996026
1311870437.667940 0.846060 -0.079017 0.123726 -0.065144 -0.054102 -0.028163 0.996010
1311870437.699777 0.853818 -0.081611 0.125502 -0.064247 -0.056839 -0.029572 0.995875
1311870437.731943 0.861981 -0.083717 0.127379 -0.063359 -0.059544 -0.031554 0.995713
1311870437.767795 0.870067 -0.086096 0.129487 -0.062396 -0.061789 -0.032907 0.995593
1311870437.799747 0.878337 -0.088673 0.131116 -0.061147 -0.063951 -0.034399 0.995484
1311870437.831896 0.886427 -0.090207 0.132358 -0.059630 -0.065936 -0.036009 0.995389
1311870437.868123 0.893881 -0.092394 0.134196 -0.058298 -0.068061 -0.037357 0.995276
1311870437.900069 0.902176 -0.093393 0.135564 -0.056818 -0.070476 -0.037081 0.995203
1311870437.932604 0.909958 -0.094534 0.137114 -0.056032 -0.072935 -0.035122 0.995142
1311870437.967868 0.918150 -0.095894 0.137672 -0.055496 -0.075586 -0.033600 0.995027
1311870437.999873 0.926339 -0.097657 0.138528 -0.055240 -0.077906 -0.033737 0.994857
1311870438.032040 0.934791 -0.099782 0.139280 -0.054790 -0.079723 -0.034775 0.994702
1311870438.067992 0.943217 -0.101485 0.139956 -0.053923 -0.080814 -0.035703 0.994629
1311870438.100054 0.951360 -0.102800 0.140093 -0.052831 -0.081642 -0.036635 0.994586
1311870438.131845 0.958686 -0.105116 0.140527 -0.051880 -0.082510 -0.037500 0.994532
1311870438.167952 0.966548 -0.107302 0.140636 -0.050415 -0.084085 -0.038270 0.994446
1311870438.200093 0.975600 -0.109025 0.139967 -0.048637 -0.085670 -0.039061 0.994369
1311870438.231870 0.984833 -0.109861 0.139654 -0.047297 -0.086712 -0.039727 0.994317
1311870438.267979 0.993073 -0.111265 0.139677 -0.046465 -0.087103 -0.039752 0.994321
1311870438.299797 1.001109 -0.110128 0.139359 -0.045573 -0.087827 -0.039737 0.994299
1311870438.331819 1.008761 -0.110654 0.139314 -0.045829 -0.088996 -0.040343 0.994159
1311870438.367780 1.015444 -0.112455 0.139903 -0.046243 -0.090048 -0.041487 0.993998
1311870438.399835 1.021636 -0.113106 0.140446 -0.045974 -0.090941 -0.041584 0.993925
1311870438.432856 1.027371 -0.113053 0.140231 -0.045473 -0.092115 -0.040846 0.993870
1311870438.467869 1.032088 -0.112099 0.139632 -0.045265 -0.093996 -0.041134 0.993692
1311870438.500036 1.037646 -0.112305 0.139791 -0.045476 -0.096786 -0.042819 0.993343
1311870438.531921 1.042861 -0.112428 0.139650 -0.045818 -0.099053 -0.044878 0.993013
1311870438.568013 1.048159 -0.112657 0.139828 -0.046300 -0.100603 -0.046722 0.992750
1311870438.600021 1.051706 -0.113779 0.140789 -0.046799 -0.101567 -0.048647 0.992536
1311870438.631835 1.055358 -0.114644 0.141578 -0.046553 -0.102932 -0.049775 0.992351
1311870438.667869 1.059677 -0.114471 0.141818 -0.046018 -0.104540 -0.050299 0.992181
1311870438.699970 1.063907 -0.114356 0.142728 -0.045975 -0.106094 -0.049610 0.992053
1311870438.732000 1.066877 -0.115184 0.144026 -0.046268 -0.107317 -0.048123 0.991981
1311870438.768162 1.071334 -0.115369 0.144389 -0.046126 -0.109040 -0.047415 0.991834
1311870438.799815 1.073689 -0.116080 0.145165 -0.046296 -0.110198 -0.048331 0.991654
1311870438.832114 1.076764 -0.116525 0.146401 -0.046694 -0.112201 -0.049438 0.991356
1311870438.867827 1.079651 -0.118413 0.148328 -0.046947 -0.114245 -0.051174 0.991022
1311870438.900416 1.082732 -0.120426 0.150258 -0.046637 -0.115981 -0.052793 0.990750
1311870438.932530 1.086369 -0.121153 0.151832 -0.045855 -0.117096 -0.052973 0.990646
1311870438.967952 1.090399 -0.120979 0.153593 -0.045237 -0.117600 -0.052710 0.990629
1311870439.000222 1.094375 -0.120173 0.155297 -0.045499 -0.117608 -0.052776 0.990612
1311870439.031959 1.098168 -0.120963 0.157857 -0.046478 -0.116635 -0.053229 0.990658
1311870439.067798 1.099626 -0.120807 0.160830 -0.047104 -0.115277 -0.053540 0.990770
1311870439.100209 1.101535 -0.119484 0.162900 -0.047823 -0.115639 -0.054216 0.990657
1311870439.131876 1.104792 -0.121435 0.166895 -0.049140 -0.117322 -0.056335 0.990276
1311870439.167836 1.109373 -0.123233 0.170920 -0.049784 -0.118979 -0.058132 0.989943
1311870439.199794 1.114301 -0.124520 0.174907 -0.049892 -0.119655 -0.059643 0.989766
1311870439.231835 1.119758 -0.124799 0.179491 -0.050312 -0.119455 -0.060950 0.989689
1311870439.267817 1.123524 -0.125496 0.184861 -0.051322 -0.118617 -0.061800 0.989685
1311870439.299813 1.126720 -0.125358 0.190230 -0.052574 -0.118686 -0.062287 0.989581
1311870439.331860 1.130742 -0.126929 0.195996 -0.054395 -0.119972 -0.063162 0.989272
1311870439.367859 1.135962 -0.129745 0.202140 -0.055822 -0.121534 -0.065736 0.988834
1311870439.399807 1.140885 -0.134776 0.208542 -0.056592 -0.122040 -0.069565 0.988466
1311870439.431917 1.144610 -0.137458 0.214475 -0.055511 -0.121471 -0.072320 0.988399
1311870439.467853 1.147173 -0.140025 0.219785 -0.054959 -0.121604 -0.073580 0.988321
1311870439.499862 1.151070 -0.139857 0.224584 -0.054186 -0.123889 -0.074959 0.987976
1311870439.531912 1.153945 -0.146741 0.230449 -0.055532 -0.126982 -0.076868 0.987362
1311870439.567862 1.157665 -0.153004 0.235062 -0.055191 -0.130574 -0.077115 0.986893
1311870439.599826 1.161735 -0.154417 0.239334 -0.053009 -0.134350 -0.077584 0.986469
1311870439.631904 1.166358 -0.155584 0.244150 -0.051589 -0.138149 -0.077812 0.986001
1311870439.667868 1.171251 -0.156144 0.249076 -0.050552 -0.141783 -0.077506 0.985563
1311870439.699827 1.177025 -0.156062 0.254106 -0.050491 -0.144688 -0.078433 0.985071
1311870439.731911 1.181345 -0.157363 0.260911 -0.050372 -0.146458 -0.080676 0.984634
1311870439.767878 1.184596 -0.157051 0.265445 -0.049755 -0.147503 -0.083177 0.984301
1311870439.799818 1.185535 -0.160293 0.271257 -0.050252 -0.149056 -0.085906 0.983808
1311870439.831973 1.186771 -0.161722 0.275923 -0.049413 -0.151571 -0.086397 0.983423
1311870439.867821 1.189445 -0.161277 0.279457 -0.048047 -0.155623 -0.086579 0.982841
1311870439.900184 1.194995 -0.159601 0.281863 -0.047297 -0.160069 -0.086396 0.982180
1311870439.932173 1.202495 -0.161152 0.286132 -0.049615 -0.162873 -0.084791 0.981744
1311870439.967891 1.207846 -0.162704 0.289652 -0.051382 -0.162905 -0.081558 0.981922
1311870439.999959 1.211813 -0.161123 0.292063 -0.052309 -0.162033 -0.079251 0.982206
1311870440.032069 1.213961 -0.160203 0.293713 -0.053254 -0.161918 -0.080091 0.982106
1311870440.067993 1.216765 -0.159679 0.295878 -0.054393 -0.162812 -0.081933 0.981744
1311870440.100001 1.219041 -0.159773 0.298287 -0.056100 -0.163835 -0.083400 0.981354
1311870440.132116 1.220901 -0.160906 0.300485 -0.057482 -0.165237 -0.085381 0.980868
1311870440.168088 1.222804 -0.161970 0.303175 -0.058446 -0.167280 -0.087547 0.980274
1311870440.199932 1.224735 -0.163097 0.305665 -0.059039 -0.170127 -0.089973 0.979529
1311870440.232151 1.227398 -0.164399 0.307839 -0.059679 -0.173361 -0.092586 0.978679
1311870440.268000 1.230210 -0.166070 0.310484 -0.059974 -0.176245 -0.093414 0.978067
1311870440.300046 1.235792 -0.165772 0.313174 -0.060281 -0.178838 -0.093171 0.977600
1311870440.332046 1.239121 -0.167587 0.316978 -0.060943 -0.180172 -0.094249 0.977211
1311870440.368148 1.242476 -0.166809 0.319683 -0.060616 -0.181413 -0.094969 0.976932
1311870440.400131 1.246741 -0.166382 0.323308 -0.061041 -0.183610 -0.095709 0.976423
1311870440.432012 1.249331 -0.165814 0.326430 -0.061838 -0.186093 -0.095816 0.975892
1311870440.468251 1.253784 -0.165141 0.329229 -0.063314 -0.189669 -0.095450 0.975144
1311870440.500265 1.258057 -0.167293 0.332858 -0.064872 -0.193189 -0.096801 0.974217
1311870440.532310 1.264742 -0.167321 0.336187 -0.065416 -0.196230 -0.098351 0.973418
1311870440.568327 1.270127 -0.166465 0.339663 -0.066262 -0.198532 -0.100849 0.972638
1311870440.601112 1.273713 -0.166701 0.343388 -0.067749 -0.201281 -0.104299 0.971606
1311870440.632152 1.278387 -0.166356 0.346193 -0.068608 -0.205167 -0.108613 0.970259
1311870440.667912 1.284102 -0.165514 0.349263 -0.070017 -0.209672 -0.113663 0.968615
1311870440.700052 1.289794 -0.167633 0.352688 -0.071669 -0.214032 -0.118863 0.966915
1311870440.732289 1.296155 -0.168747 0.355388 -0.072287 -0.218047 -0.123724 0.965361
1311870440.768161 1.304285 -0.168665 0.358406 -0.072817 -0.222197 -0.128104 0.963803
1311870440.800074 1.312618 -0.167239 0.361318 -0.073842 -0.225770 -0.131873 0.962385
1311870440.831930 1.320739 -0.166879 0.364515 -0.075840 -0.228846 -0.135851 0.960949
1311870440.868097 1.328035 -0.167412 0.367746 -0.078074 -0.231266 -0.140414 0.959534
1311870440.900702 1.336210 -0.166739 0.370976 -0.079671 -0.233552 -0.145037 0.958160
1311870440.932236 1.343542 -0.166552 0.374107 -0.081696 -0.235058 -0.149743 0.956896
1311870440.968265 1.350291 -0.165845 0.377266 -0.083408 -0.236425 -0.154198 0.955704
1311870440.999991 1.357384 -0.164673 0.380676 -0.085228 -0.238365 -0.158273 0.954394
1311870441.032175 1.364192 -0.164015 0.383851 -0.087237 -0.240199 -0.161339 0.953239
1311870441.068154 1.371393 -0.161709 0.387242 -0.089161 -0.242485 -0.163816 0.952059
1311870441.100200 1.378318 -0.161700 0.390125 -0.091829 -0.244693 -0.165822 0.950892
1311870441.132291 1.385763 -0.159587 0.392459 -0.094193 -0.246601 -0.167652 0.949846
1311870441.168090 1.392509 -0.158782 0.395721 -0.096991 -0.248068 -0.169853 0.948791
1311870441.200181 1.400218 -0.157522 0.398454 -0.099393 -0.249340 -0.171859 0.947848
1311870441.232068 1.407769 -0.155764 0.401259 -0.102090 -0.249892 -0.174132 0.947000
1311870441.268233 1.413000 -0.155726 0.403804 -0.104626 -0.249641 -0.176917 0.946273
1311870441.300230 1.419748 -0.153033 0.406048 -0.105834 -0.249919 -0.179095 0.945656
1311870441.334609 1.426796 -0.149971 0.408478 -0.107887 -0.250265 -0.181060 0.944958
1311870441.367979 1.432917 -0.148698 0.410336 -0.110999 -0.250501 -0.181814 0.944390
1311870441.400106 1.439049 -0.146197 0.412337 -0.114411 -0.251025 -0.181658 0.943873
1311870441.432295 1.446395 -0.143110 0.415173 -0.118237 -0.252363 -0.181759 0.943025
1311870441.468277 1.453148 -0.142121 0.417471 -0.122523 -0.253208 -0.183151 0.941982
1311870441.500170 1.458364 -0.141509 0.419020 -0.125940 -0.253345 -0.184477 0.941235
1311870441.532130 1.464540 -0.140049 0.421175 -0.128563 -0.254171 -0.185797 0.940398
1311870441.568914 1.471380 -0.139072 0.423644 -0.130864 -0.254651 -0.186747 0.939762
1311870441.600118 1.478458 -0.138420 0.426217 -0.133054 -0.254348 -0.186718 0.939543
1311870441.632942 1.484945 -0.137193 0.429244 -0.135122 -0.253264 -0.186261 0.939631
1311870441.668118 1.491021 -0.134951 0.432291 -0.136944 -0.251660 -0.186505 0.939750
1311870441.700172 1.497799 -0.135941 0.436160 -0.139798 -0.249889 -0.186176 0.939867
1311870441.732030 1.501604 -0.136223 0.438285 -0.141697 -0.246692 -0.185094 0.940641
1311870441.768221 1.506556 -0.135597 0.440981 -0.143459 -0.244637 -0.184012 0.941123
1311870441.800208 1.509206 -0.138271 0.444607 -0.145558 -0.242649 -0.182802 0.941551
1311870441.832186 1.512522 -0.138670 0.445791 -0.146067 -0.241160 -0.180900 0.942222
1311870441.868242 1.516485 -0.141213 0.450212 -0.146936 -0.240753 -0.179837 0.942394
1311870441.900199 1.517616 -0.146293 0.450978 -0.147450 -0.239257 -0.178254 0.942995
1311870441.932347 1.521780 -0.145455 0.457371 -0.145889 -0.239172 -0.175299 0.943813
1311870441.968225 1.522956 -0.146743 0.459148 -0.145244 -0.238451 -0.171598 0.944775
1311870442.000519 1.522165 -0.148489 0.461216 -0.144586 -0.238740 -0.167361 0.945562
1311870442.032101 1.523644 -0.149007 0.463119 -0.143237 -0.240505 -0.164160 0.945882
1311870442.068163 1.525281 -0.153720 0.465698 -0.143539 -0.241862 -0.162145 0.945837
1311870442.103605 1.526313 -0.161240 0.468638 -0.143208 -0.242303 -0.161543 0.945878
1311870442.132295 1.527212 -0.164859 0.469995 -0.139938 -0.242166 -0.162461 0.946245
1311870442.168086 1.526556 -0.169201 0.471647 -0.136601 -0.241162 -0.163985 0.946726
1311870442.201178 1.524057 -0.173644 0.472100 -0.133253 -0.240042 -0.164257 0.947440
1311870442.232210 1.521637 -0.174926 0.473448 -0.129810 -0.240468 -0.164090 0.947839
1311870442.268206 1.520700 -0.175571 0.475642 -0.126151 -0.242465 -0.163177 0.947982
1311870442.300086 1.519822 -0.177946 0.477440 -0.124475 -0.244163 -0.162604 0.947866
1311870442.332140 1.518482 -0.186935 0.479059 -0.125111 -0.245201 -0.164069 0.947262
1311870442.368246 1.515295 -0.192440 0.481384 -0.123691 -0.246314 -0.165492 0.946912
1311870442.400030 1.512679 -0.196583 0.484045 -0.122074 -0.248642 -0.166333 0.946366
1311870442.432189 1.510802 -0.203764 0.486842 -0.121146 -0.251430 -0.165572 0.945882
1311870442.468023 1.510845 -0.209899 0.490620 -0.119350 -0.254027 -0.163404 0.945793
1311870442.500198 1.510322 -0.217521 0.493764 -0.117501 -0.254630 -0.161048 0.946267
1311870442.532181 1.507775 -0.222358 0.497069 -0.115153 -0.254022 -0.157340 0.947342
1311870442.568220 1.505430 -0.226087 0.500401 -0.112764 -0.254335 -0.153706 0.948141
1311870442.600265 1.503419 -0.229454 0.503825 -0.110910 -0.255310 -0.151440 0.948463
1311870442.635674 1.500870 -0.231962 0.506808 -0.108687 -0.256311 -0.150549 0.948592
1311870442.668160 1.498887 -0.236540 0.509843 -0.106825 -0.257443 -0.151222 0.948390
1311870442.700211 1.496862 -0.240494 0.512984 -0.104769 -0.257874 -0.152428 0.948309
1311870442.732224 1.494601 -0.244710 0.515800 -0.102447 -0.257592 -0.152923 0.948560
1311870442.768169 1.492422 -0.246883 0.518738 -0.100622 -0.257346 -0.153077 0.948797
1311870442.803175 1.488859 -0.251347 0.521883 -0.099122 -0.257105 -0.153326 0.948980
1311870442.832847 1.486784 -0.253175 0.524456 -0.096703 -0.257000 -0.152679 0.949362
1311870442.868218 1.483634 -0.253755 0.526956 -0.094148 -0.257185 -0.152089 0.949664
1311870442.900140 1.481694 -0.255179 0.529415 -0.092558 -0.258302 -0.151637 0.949589
1311870442.932118 1.479449 -0.258835 0.531990 -0.091888 -0.259318 -0.150861 0.949501
1311870442.968874 1.478216 -0.259838 0.533866 -0.091059 -0.260024 -0.148913 0.949695
1311870443.000647 1.476701 -0.260679 0.536350 -0.090907 -0.260714 -0.146829 0.949845
1311870443.032544 1.474713 -0.262892 0.538247 -0.090761 -0.261570 -0.145895 0.949767
1311870443.068224 1.474094 -0.262998 0.539993 -0.089795 -0.262664 -0.145987 0.949543
1311870443.100206 1.472607 -0.266306 0.542195 -0.089561 -0.263029 -0.146191 0.949433
1311870443.132186 1.471267 -0.265715 0.543322 -0.088078 -0.263386 -0.144970 0.949660
1311870443.168697 1.471012 -0.265504 0.544375 -0.088045 -0.265058 -0.143137 0.949476
1311870443.200234 1.470270 -0.268750 0.547240 -0.088801 -0.266412 -0.142402 0.949137
1311870443.232146 1.469758 -0.269932 0.548713 -0.088395 -0.267149 -0.140084 0.949312
1311870443.268148 1.469377 -0.268957 0.549234 -0.088129 -0.268534 -0.137251 0.949360
1311870443.300216 1.470112 -0.270309 0.551183 -0.088865 -0.270973 -0.136737 0.948673
1311870443.332286 1.470630 -0.275391 0.554325 -0.089265 -0.272629 -0.137508 0.948049
1311870443.368387 1.471616 -0.276133 0.555830 -0.087578 -0.273117 -0.137204 0.948110
1311870443.400129 1.472274 -0.275991 0.557348 -0.086866 -0.273963 -0.136452 0.948040
1311870443.433543 1.472527 -0.277773 0.559612 -0.087150 -0.275522 -0.135272 0.947731
1311870443.468216 1.473238 -0.279820 0.561482 -0.086869 -0.277984 -0.134283 0.947178
1311870443.500190 1.475984 -0.282269 0.564179 -0.086232 -0.280871 -0.134635 0.946334
1311870443.532274 1.477490 -0.285086 0.566907 -0.085012 -0.282794 -0.135100 0.945806
1311870443.568228 1.479529 -0.285121 0.568761 -0.083677 -0.285088 -0.134195 0.945365
1311870443.600188 1.482932 -0.286196 0.571577 -0.083175 -0.288333 -0.134549 0.944374
1311870443.633824 1.486470 -0.289015 0.575446 -0.082873 -0.291127 -0.135511 0.943406
1311870443.669450 1.490529 -0.289763 0.578775 -0.081937 -0.293353 -0.136328 0.942680
1311870443.700456 1.493409 -0.291723 0.581746 -0.081521 -0.295771 -0.138220 0.941684
1311870443.732224 1.497590 -0.294270 0.585379 -0.080565 -0.298815 -0.141080 0.940380
1311870443.768189 1.501635 -0.295085 0.588776 -0.079063 -0.301812 -0.144116 0.939090
1311870443.800762 1.506617 -0.295834 0.592349 -0.078398 -0.305358 -0.146603 0.937613
1311870443.832760 1.512096 -0.297559 0.595400 -0.077867 -0.309201 -0.150402 0.935794
1311870443.868379 1.519622 -0.300104 0.600415 -0.077752 -0.313211 -0.155120 0.933698
1311870443.900223 1.527337 -0.302611 0.605215 -0.077562 -0.315868 -0.159317 0.932110
1311870443.936095 1.534415 -0.303265 0.608839 -0.077723 -0.317679 -0.163619 0.930735
1311870443.968820 1.539543 -0.305294 0.612263 -0.077881 -0.319750 -0.169573 0.928945
1311870444.000310 1.546607 -0.306797 0.615727 -0.077690 -0.322824 -0.176396 0.926625
1311870444.036121 1.552906 -0.309154 0.619323 -0.078157 -0.325621 -0.182010 0.924519
1311870444.068450 1.558795 -0.309594 0.622943 -0.078603 -0.328886 -0.185455 0.922639
1311870444.100313 1.565383 -0.310814 0.626754 -0.079600 -0.333204 -0.188545 0.920375
1311870444.136376 1.573657 -0.312921 0.630580 -0.080717 -0.337767 -0.190381 0.918234
1311870444.168597 1.581531 -0.314381 0.634550 -0.082016 -0.341515 -0.190676 0.916670
1311870444.200428 1.590738 -0.314506 0.638023 -0.083192 -0.345408 -0.191084 0.915019
1311870444.236334 1.598848 -0.316359 0.642055 -0.084766 -0.348544 -0.192536 0.913379
1311870444.268377 1.604596 -0.317586 0.645223 -0.085602 -0.350866 -0.192785 0.912359
1311870444.300356 1.610318 -0.315809 0.646655 -0.084878 -0.354147 -0.193480 0.911011
1311870444.336251 1.618603 -0.314419 0.647588 -0.084009 -0.358962 -0.196680 0.908518
1311870444.368372 1.627786 -0.315494 0.650461 -0.084550 -0.363209 -0.199783 0.906100
1311870444.400227 1.636171 -0.314986 0.652981 -0.085247 -0.365506 -0.201290 0.904776
1311870444.436312 1.643741 -0.312884 0.655402 -0.086373 -0.367211 -0.202312 0.903751
1311870444.468622 1.649824 -0.311626 0.658094 -0.087903 -0.368961 -0.204081 0.902492
1311870444.500194 1.656989 -0.309563 0.660799 -0.088978 -0.371245 -0.205184 0.901199
1311870444.536787 1.663723 -0.307860 0.663383 -0.091115 -0.373229 -0.205571 0.900077
1311870444.568395 1.670188 -0.307532 0.666675 -0.093214 -0.375081 -0.205683 0.899066
1311870444.602292 1.678277 -0.304312 0.669984 -0.094115 -0.376580 -0.206545 0.898148
1311870444.636266 1.685632 -0.300657 0.673426 -0.096193 -0.376919 -0.206861 0.897712
1311870444.668446 1.692074 -0.295766 0.676947 -0.099882 -0.376490 -0.205170 0.897878
1311870444.701032 1.697091 -0.290992 0.681219 -0.104127 -0.376081 -0.205065 0.897591
1311870444.736354 1.703465 -0.285662 0.685761 -0.107805 -0.375819 -0.207571 0.896690
1311870444.768245 1.708388 -0.285205 0.689760 -0.112580 -0.373835 -0.211446 0.896027
1311870444.800418 1.711575 -0.280882 0.693308 -0.116076 -0.371244 -0.214181 0.896008
1311870444.836377 1.713751 -0.278270 0.696602 -0.119769 -0.369945 -0.217608 0.895233
1311870444.868299 1.716943 -0.275059 0.700872 -0.122559 -0.370047 -0.219943 0.894242
1311870444.900329 1.721474 -0.271910 0.705559 -0.125484 -0.370917 -0.220604 0.893313
1311870444.936351 1.725560 -0.271987 0.709422 -0.128357 -0.371471 -0.219834 0.892864
1311870444.968539 1.730541 -0.272366 0.712481 -0.131337 -0.371412 -0.218824 0.892704
1311870445.000303 1.734890 -0.273261 0.716633 -0.133728 -0.370759 -0.217650 0.892907
1311870445.036238 1.739409 -0.271316 0.720999 -0.135121 -0.370288 -0.216482 0.893177
1311870445.068452 1.744525 -0.269573 0.725302 -0.136230 -0.370385 -0.217162 0.892803
1311870445.100300 1.750194 -0.270476 0.730732 -0.138033 -0.370078 -0.219302 0.892130
1311870445.136199 1.754386 -0.270089 0.734977 -0.139226 -0.368525 -0.221174 0.892125
1311870445.168341 1.755763 -0.267641 0.738524 -0.140548 -0.367727 -0.223501 0.891667
1311870445.200264 1.756562 -0.267939 0.742349 -0.142022 -0.369559 -0.226068 0.890028
1311870445.236342 1.758908 -0.268277 0.744775 -0.142449 -0.372920 -0.227990 0.888065
1311870445.268384 1.763331 -0.267151 0.750296 -0.143660 -0.377644 -0.227280 0.886053
1311870445.300289 1.765500 -0.267137 0.755109 -0.145124 -0.381609 -0.227366 0.884092
1311870445.336313 1.770167 -0.268779 0.760319 -0.146436 -0.385544 -0.228670 0.881829
1311870445.368329 1.774989 -0.273259 0.769392 -0.148066 -0.388364 -0.230274 0.879900
1311870445.400309 1.778634 -0.272766 0.774737 -0.147165 -0.388541 -0.232660 0.879345
1311870445.436350 1.781711 -0.274266 0.782307 -0.149572 -0.388732 -0.233636 0.878596
1311870445.468401 1.782648 -0.275101 0.788057 -0.151387 -0.389073 -0.234388 0.877933
1311870445.500377 1.785885 -0.274308 0.795483 -0.152502 -0.391235 -0.237677 0.875893
1311870445.540077 1.788662 -0.283614 0.805011 -0.155571 -0.392600 -0.242124 0.873521
1311870445.568331 1.789072 -0.288590 0.810874 -0.153634 -0.391814 -0.244833 0.873462
1311870445.600389 1.792126 -0.286351 0.814618 -0.149365 -0.392017 -0.248017 0.873213
1311870445.636324 1.795375 -0.288787 0.821639 -0.148507 -0.393238 -0.251419 0.871836
1311870445.668335 1.795809 -0.290621 0.826546 -0.147601 -0.393115 -0.253116 0.871554
1311870445.700236 1.796180 -0.286316 0.827736 -0.145395 -0.393770 -0.254116 0.871339
1311870445.736362 1.797141 -0.282635 0.830313 -0.145601 -0.396717 -0.255140 0.869667
1311870445.768584 1.798717 -0.281802 0.834990 -0.147528 -0.400468 -0.256123 0.867330
1311870445.800369 1.799263 -0.282093 0.838289 -0.149146 -0.403938 -0.256950 0.865197
1311870445.836299 1.801180 -0.283875 0.841227 -0.150495 -0.407240 -0.257669 0.863199
1311870445.868337 1.803140 -0.285268 0.844383 -0.152131 -0.410009 -0.256885 0.861834
1311870445.900306 1.804815 -0.285653 0.847257 -0.154128 -0.412201 -0.255587 0.860820
1311870445.936551 1.805327 -0.286730 0.850812 -0.156434 -0.414439 -0.254529 0.859642
1311870445.968392 1.807848 -0.287899 0.853702 -0.157925 -0.416899 -0.254790 0.858101
1311870446.000304 1.809311 -0.293545 0.854360 -0.159630 -0.416761 -0.255961 0.857504
1311870446.036758 1.809301 -0.301727 0.854779 -0.159858 -0.414952 -0.258257 0.857650
1311870446.068635 1.809912 -0.303501 0.857432 -0.158248 -0.414567 -0.260812 0.857362
1311870446.100357 1.811130 -0.305061 0.860376 -0.156530 -0.415614 -0.263048 0.856486
1311870446.136276 1.813065 -0.306830 0.864229 -0.155774 -0.417522 -0.263852 0.855448
1311870446.168735 1.814960 -0.308744 0.867505 -0.156045 -0.419220 -0.263898 0.854554
1311870446.200427 1.816671 -0.310679 0.872055 -0.155820 -0.420935 -0.264150 0.853673
1311870446.236315 1.818575 -0.313508 0.876792 -0.155417 -0.422097 -0.264116 0.853184
1311870446.268306 1.820873 -0.312791 0.880104 -0.154046 -0.423277 -0.263413 0.853065
1311870446.301025 1.821903 -0.313332 0.883656 -0.154405 -0.425024 -0.262709 0.852348
1311870446.336338 1.824653 -0.314495 0.887925 -0.154464 -0.427662 -0.262502 0.851081
1311870446.368954 1.827369 -0.316160 0.893488 -0.155099 -0.430272 -0.262234 0.849732
1311870446.400492 1.831346 -0.318028 0.901746 -0.155946 -0.432860 -0.261265 0.848560
1311870446.436540 1.834349 -0.321538 0.909133 -0.156277 -0.433400 -0.260748 0.848382
1311870446.468367 1.835649 -0.323701 0.913302 -0.155182 -0.432573 -0.260917 0.848953
1311870446.500355 1.836449 -0.324898 0.916768 -0.153402 -0.433101 -0.262580 0.848495
1311870446.536436 1.837448 -0.328263 0.920263 -0.151841 -0.435854 -0.264721 0.846699
1311870446.568393 1.840128 -0.331153 0.924389 -0.150238 -0.439928 -0.266686 0.844257
1311870446.601101 1.842358 -0.335702 0.929131 -0.149207 -0.443707 -0.269022 0.841718
1311870446.637765 1.845998 -0.338855 0.931517 -0.146477 -0.446781 -0.272155 0.839561
1311870446.668422 1.848824 -0.341667 0.934707 -0.143856 -0.450136 -0.276521 0.836791
1311870446.700430 1.852525 -0.344500 0.939109 -0.141177 -0.454462 -0.281556 0.833222
1311870446.736562 1.857456 -0.346983 0.943961 -0.138586 -0.459063 -0.287092 0.829237
1311870446.768561 1.862265 -0.349106 0.951737 -0.137622 -0.463803 -0.291338 0.825269
1311870446.800611 1.866754 -0.352717 0.958063 -0.136658 -0.468135 -0.295511 0.821491
1311870446.839890 1.872499 -0.356145 0.963255 -0.135658 -0.471881 -0.300099 0.817842
1311870446.868281 1.877611 -0.361016 0.970263 -0.135780 -0.475186 -0.303238 0.814745
1311870446.900517 1.883700 -0.363665 0.977603 -0.135637 -0.478379 -0.304949 0.812258
1311870446.938961 1.890648 -0.365259 0.985436 -0.136027 -0.481375 -0.307685 0.809385
1311870446.968287 1.894577 -0.370341 0.992168 -0.137239 -0.483135 -0.311016 0.806855
1311870447.000608 1.898135 -0.372866 0.996604 -0.136565 -0.484576 -0.314586 0.804718
1311870447.036348 1.903934 -0.374491 1.003136 -0.135928 -0.487515 -0.318338 0.801569
1311870447.069357 1.908519 -0.378661 1.009449 -0.136952 -0.489463 -0.321994 0.798743
1311870447.100489 1.911257 -0.381749 1.013748 -0.137250 -0.490648 -0.325101 0.796703
1311870447.136384 1.914870 -0.384533 1.018175 -0.137365 -0.492391 -0.328453 0.794230
1311870447.168779 1.917613 -0.387874 1.023137 -0.137696 -0.494230 -0.331259 0.791861
1311870447.200406 1.918988 -0.391059 1.026327 -0.137078 -0.495890 -0.333359 0.790047
1311870447.236496 1.921727 -0.392912 1.028407 -0.135555 -0.498083 -0.336023 0.787798
1311870447.268702 1.924311 -0.396633 1.032488 -0.135120 -0.500723 -0.339135 0.784861
1311870447.300746 1.925246 -0.400309 1.036647 -0.134498 -0.502639 -0.340760 0.783037
1311870447.337758 1.927453 -0.403012 1.039678 -0.133322 -0.503764 -0.342273 0.781854
1311870447.368631 1.928053 -0.405952 1.043876 -0.133039 -0.504674 -0.343260 0.780882
1311870447.402784 1.927777 -0.407003 1.046682 -0.133150 -0.504987 -0.342491 0.780999
1311870447.436290 1.927724 -0.406595 1.047643 -0.133604 -0.505609 -0.341876 0.780788
1311870447.468472 1.926502 -0.406816 1.048848 -0.134991 -0.506932 -0.343166 0.779124
1311870447.505391 1.923847 -0.409272 1.051622 -0.136491 -0.509183 -0.344641 0.776740
1311870447.538012 1.921913 -0.412051 1.054209 -0.136383 -0.511385 -0.346148 0.774640
1311870447.568454 1.922065 -0.414531 1.056541 -0.135591 -0.512656 -0.348510 0.772878
1311870447.600701 1.918347 -0.417957 1.060838 -0.136038 -0.512370 -0.350347 0.772158
1311870447.636328 1.915273 -0.421366 1.063229 -0.134243 -0.511004 -0.351902 0.772670
1311870447.668541 1.913738 -0.421831 1.065515 -0.133082 -0.509228 -0.353091 0.773500
1311870447.702983 1.908281 -0.422655 1.068736 -0.134049 -0.507169 -0.352978 0.774737
1311870447.736460 1.900430 -0.425904 1.066689 -0.134560 -0.504532 -0.354303 0.775765
1311870447.768501 1.896916 -0.427391 1.067606 -0.134427 -0.504377 -0.355082 0.775532
1311870447.803252 1.890883 -0.429515 1.068818 -0.135375 -0.503921 -0.356576 0.774978
1311870447.836560 1.884778 -0.432580 1.070485 -0.135541 -0.503694 -0.358186 0.774354
1311870447.868373 1.880607 -0.434790 1.070912 -0.134767 -0.503400 -0.359343 0.774144
1311870447.903970 1.877335 -0.432734 1.070802 -0.135685 -0.502027 -0.361117 0.774050
1311870447.936552 1.869542 -0.434678 1.071969 -0.139536 -0.500615 -0.364154 0.772856
1311870447.968677 1.859312 -0.439992 1.071723 -0.142047 -0.499194 -0.366932 0.772003
1311870448.003362 1.853784 -0.441166 1.072833 -0.142776 -0.498650 -0.368043 0.771692
1311870448.036711 1.844776 -0.445776 1.076510 -0.144208 -0.497577 -0.369514 0.771415
1311870448.068615 1.839493 -0.449562 1.079305 -0.143090 -0.496482 -0.369357 0.772403
1311870448.101910 1.834897 -0.451320 1.083233 -0.143218 -0.493928 -0.367909 0.774705
1311870448.136537 1.823874 -0.453913 1.080892 -0.144075 -0.489287 -0.368952 0.776991
1311870448.168500 1.817557 -0.455103 1.082483 -0.144790 -0.488256 -0.369453 0.777268
1311870448.203656 1.809555 -0.458891 1.086123 -0.146611 -0.486368 -0.369393 0.778139
1311870448.236492 1.800812 -0.459539 1.088272 -0.146894 -0.483296 -0.368863 0.780248
1311870448.268590 1.792808 -0.459087 1.089029 -0.147345 -0.481952 -0.368866 0.780993
1311870448.302001 1.785164 -0.459627 1.091149 -0.149988 -0.481384 -0.369046 0.780755
1311870448.336426 1.775433 -0.461673 1.092857 -0.152385 -0.480458 -0.369229 0.780775
1311870448.368626 1.767009 -0.462414 1.093527 -0.153217 -0.479663 -0.370214 0.780634
1311870448.404180 1.757717 -0.463326 1.094595 -0.154554 -0.479162 -0.370807 0.780397
1311870448.436494 1.748829 -0.465460 1.096710 -0.155304 -0.479352 -0.369834 0.780593
1311870448.469255 1.742322 -0.466314 1.097832 -0.154450 -0.479001 -0.369802 0.780993
1311870448.501350 1.734782 -0.465564 1.098329 -0.154088 -0.478574 -0.369421 0.781507
1311870448.536588 1.727393 -0.464085 1.098500 -0.154662 -0.478692 -0.369386 0.781337
1311870448.570594 1.719945 -0.465172 1.100824 -0.155810 -0.480202 -0.368712 0.780500
1311870448.600762 1.713905 -0.465362 1.101234 -0.156318 -0.480773 -0.368436 0.780178
1311870448.636419 1.708085 -0.465520 1.102361 -0.156897 -0.481348 -0.368704 0.779580
1311870448.669818 1.702581 -0.465955 1.104827 -0.158360 -0.481397 -0.368411 0.779392
1311870448.700656 1.697949 -0.466056 1.106957 -0.159463 -0.480667 -0.367701 0.779953
1311870448.736438 1.692921 -0.464320 1.107775 -0.160877 -0.479125 -0.367846 0.780543
1311870448.771225 1.687577 -0.462394 1.108423 -0.163258 -0.478451 -0.367136 0.780796
1311870448.801564 1.681525 -0.462721 1.109665 -0.166416 -0.478541 -0.366419 0.780411
1311870448.836537 1.673979 -0.463336 1.107689 -0.167973 -0.478236 -0.367764 0.779631
1311870448.869700 1.669640 -0.464546 1.109682 -0.168715 -0.480140 -0.368522 0.777941
1311870448.900887 1.663890 -0.467365 1.111887 -0.169416 -0.481206 -0.369833 0.776507
1311870448.936448 1.658806 -0.468492 1.112826 -0.168423 -0.482316 -0.370093 0.775910
1311870448.969668 1.653801 -0.469261 1.112868 -0.168053 -0.484288 -0.369456 0.775065
1311870449.001510 1.648985 -0.469761 1.111752 -0.167525 -0.486465 -0.369424 0.773830
1311870449.036575 1.643195 -0.472399 1.112430 -0.167077 -0.489383 -0.370424 0.771606
1311870449.071321 1.638462 -0.474515 1.114000 -0.165269 -0.492643 -0.371591 0.769356
1311870449.100827 1.633246 -0.475415 1.112542 -0.163909 -0.495143 -0.370949 0.768352
1311870449.136566 1.629971 -0.472177 1.110488 -0.161439 -0.499835 -0.370990 0.765813
1311870449.171406 1.624161 -0.475373 1.113626 -0.162336 -0.506272 -0.371887 0.760944
1311870449.200685 1.620578 -0.476853 1.116894 -0.160307 -0.512300 -0.372930 0.756818
1311870449.236497 1.616315 -0.479428 1.121213 -0.158085 -0.517518 -0.374307 0.753046
1311870449.273412 1.612279 -0.481359 1.124406 -0.154521 -0.521934 -0.376215 0.749780
1311870449.300841 1.607984 -0.482132 1.126086 -0.149777 -0.525646 -0.379039 0.746722
1311870449.338081 1.605449 -0.482257 1.127989 -0.145650 -0.530355 -0.381252 0.743072
1311870449.371881 1.602075 -0.483648 1.130876 -0.143409 -0.535900 -0.382777 0.738733
1311870449.402787 1.599958 -0.485040 1.134737 -0.141167 -0.542071 -0.384340 0.733835
1311870449.436669 1.597153 -0.488143 1.140311 -0.138758 -0.548852 -0.386700 0.727991
1311870449.469614 1.595133 -0.490248 1.144489 -0.135344 -0.555108 -0.388964 0.722665
1311870449.501614 1.593559 -0.491610 1.148334 -0.132071 -0.561589 -0.391303 0.716978
1311870449.536434 1.592175 -0.495426 1.154668 -0.129134 -0.568739 -0.394995 0.709817
1311870449.569845 1.590756 -0.498436 1.159680 -0.126262 -0.575092 -0.398240 0.703372
1311870449.601760 1.590320 -0.501205 1.166303 -0.124327 -0.581496 -0.400899 0.696911
1311870449.639118 1.588336 -0.505428 1.174199 -0.123119 -0.587687 -0.403444 0.690433
1311870449.668836 1.586631 -0.508688 1.181029 -0.122172 -0.592973 -0.405392 0.684919
1311870449.701069 1.585538 -0.510703 1.187014 -0.120941 -0.598487 -0.407755 0.678913
1311870449.736551 1.586090 -0.513597 1.194732 -0.120056 -0.604441 -0.410719 0.671973
1311870449.770083 1.582852 -0.516761 1.203332 -0.120264 -0.609121 -0.413652 0.665883
1311870449.803170 1.580687 -0.519064 1.210246 -0.119109 -0.613684 -0.415791 0.660548
1311870449.837832 1.580863 -0.520429 1.217123 -0.117313 -0.618110 -0.418000 0.655327
1311870449.870218 1.579483 -0.521439 1.223734 -0.116527 -0.621558 -0.419676 0.651121
1311870449.901187 1.580868 -0.520432 1.229182 -0.114927 -0.624792 -0.421077 0.647396
1311870449.936773 1.583125 -0.518810 1.234760 -0.114982 -0.627220 -0.423208 0.643637
1311870449.970274 1.581767 -0.520726 1.241636 -0.116923 -0.629346 -0.425665 0.639580
1311870450.000712 1.580738 -0.520884 1.248379 -0.117399 -0.630734 -0.427425 0.636946
1311870450.039055 1.579826 -0.521529 1.254032 -0.117112 -0.631531 -0.429136 0.635056
1311870450.069346 1.581728 -0.519987 1.259214 -0.115187 -0.631963 -0.430938 0.633757
1311870450.100915 1.583457 -0.517367 1.263860 -0.115431 -0.631824 -0.430416 0.634206
1311870450.136869 1.586648 -0.514939 1.267046 -0.116899 -0.632447 -0.429389 0.634011
1311870450.170909 1.588750 -0.514019 1.271683 -0.119619 -0.633537 -0.429758 0.632164
1311870450.202283 1.589903 -0.514779 1.276652 -0.121524 -0.634281 -0.429772 0.631043
1311870450.236763 1.592180 -0.514039 1.279499 -0.121633 -0.634689 -0.430273 0.630270
1311870450.269090 1.597316 -0.511333 1.282332 -0.120956 -0.635814 -0.430828 0.628886
1311870450.301059 1.600719 -0.510135 1.285529 -0.122266 -0.636631 -0.431115 0.627609
1311870450.336876 1.604059 -0.509625 1.288440 -0.123784 -0.637451 -0.430740 0.626735
1311870450.369008 1.608395 -0.508828 1.291370 -0.124388 -0.638269 -0.430723 0.625794
1311870450.401010 1.612834 -0.507857 1.292596 -0.125366 -0.638585 -0.430383 0.625510
1311870450.437316 1.617978 -0.506416 1.292414 -0.126509 -0.639726 -0.429957 0.624406
1311870450.469143 1.625436 -0.505432 1.294551 -0.127362 -0.641993 -0.430182 0.621746
1311870450.501134 1.631928 -0.503421 1.296351 -0.128010 -0.642948 -0.431224 0.619901
1311870450.538645 1.637653 -0.501830 1.296581 -0.128930 -0.643570 -0.432165 0.618407
1311870450.569084 1.644300 -0.499911 1.297051 -0.128818 -0.644843 -0.433669 0.616047
1311870450.601120 1.650422 -0.499089 1.298243 -0.128968 -0.646187 -0.434797 0.613808
1311870450.637751 1.657871 -0.497780 1.298035 -0.128939 -0.647374 -0.434615 0.612691
1311870450.670066 1.666680 -0.495440 1.296834 -0.130501 -0.649289 -0.433114 0.611396
1311870450.701290 1.674504 -0.493652 1.296758 -0.133577 -0.652382 -0.431367 0.608669
1311870450.737892 1.686100 -0.492632 1.297911 -0.135638 -0.655836 -0.430444 0.605144
1311870450.769954 1.695790 -0.492898 1.301836 -0.138810 -0.658218 -0.430058 0.602105
1311870450.804254 1.702530 -0.491716 1.305587 -0.141156 -0.659098 -0.429433 0.601043
1311870450.840324 1.711355 -0.492654 1.307938 -0.140039 -0.660024 -0.430777 0.599324
1311870450.869862 1.720229 -0.493138 1.311019 -0.137083 -0.660836 -0.433506 0.597140
1311870450.901836 1.728747 -0.494407 1.313186 -0.134811 -0.660992 -0.434101 0.597053
1311870450.937709 1.740604 -0.494645 1.313709 -0.133103 -0.661503 -0.432924 0.597724
1311870450.972680 1.750566 -0.495115 1.315490 -0.133711 -0.662599 -0.432196 0.596901
1311870451.001936 1.761400 -0.495618 1.318098 -0.134678 -0.663868 -0.431930 0.595464
1311870451.039322 1.769795 -0.496838 1.322552 -0.136099 -0.664862 -0.431802 0.594123
1311870451.069587 1.778484 -0.497367 1.326804 -0.136033 -0.664971 -0.432025 0.593855
1311870451.100674 1.787039 -0.499505 1.328772 -0.135650 -0.664284 -0.432997 0.594003
1311870451.139173 1.794972 -0.501131 1.330309 -0.134751 -0.664351 -0.434716 0.592875
1311870451.170707 1.802802 -0.502330 1.332775 -0.133406 -0.665700 -0.435467 0.591114
1311870451.200766 1.812138 -0.502130 1.335729 -0.132646 -0.666883 -0.435248 0.590111
1311870451.241411 1.822442 -0.501881 1.338308 -0.133607 -0.667300 -0.435030 0.589584
1311870451.269610 1.829148 -0.503067 1.341072 -0.137136 -0.667208 -0.434824 0.589030
1311870451.300668 1.835580 -0.504538 1.344485 -0.138983 -0.667978 -0.435173 0.587464
1311870451.337433 1.842109 -0.505624 1.349419 -0.139006 -0.668928 -0.436574 0.585334
1311870451.373855 1.847738 -0.507718 1.353203 -0.138390 -0.669007 -0.437975 0.584342
1311870451.400678 1.853643 -0.510352 1.356469 -0.137279 -0.669475 -0.439069 0.583246
1311870451.440446 1.860068 -0.512639 1.360144 -0.135407 -0.670635 -0.439822 0.581782
1311870451.470627 1.867985 -0.512981 1.365374 -0.133953 -0.671959 -0.440205 0.580299
1311870451.500738 1.873069 -0.515870 1.370204 -0.134413 -0.672788 -0.440467 0.579032
1311870451.537387 1.877560 -0.519109 1.375550 -0.134448 -0.673911 -0.440631 0.577592
1311870451.569243 1.883722 -0.521133 1.382120 -0.132830 -0.675628 -0.440743 0.575872
1311870451.600842 1.888507 -0.524258 1.388732 -0.132482 -0.676942 -0.440213 0.574813
1311870451.640948 1.894819 -0.526853 1.394002 -0.132422 -0.678395 -0.439905 0.573348
1311870451.669907 1.899204 -0.530197 1.401857 -0.132578 -0.680647 -0.440583 0.570114
1311870451.700785 1.902411 -0.533928 1.410671 -0.132577 -0.682489 -0.440860 0.567692
1311870451.738569 1.906110 -0.537642 1.419135 -0.131562 -0.684130 -0.441394 0.565534
1311870451.770092 1.910490 -0.541902 1.427268 -0.129897 -0.685836 -0.442367 0.563087
1311870451.800957 1.914961 -0.545494 1.436492 -0.128465 -0.687334 -0.443720 0.560519
1311870451.843498 1.919076 -0.548554 1.445975 -0.126390 -0.688979 -0.445343 0.557676
1311870451.871994 1.925279 -0.550953 1.455446 -0.124225 -0.690393 -0.447961 0.554308
1311870451.900931 1.928808 -0.553594 1.466301 -0.124003 -0.691272 -0.450640 0.551081
1311870451.938315 1.933121 -0.556174 1.476553 -0.123739 -0.691917 -0.452927 0.548450
1311870451.973008 1.937689 -0.559053 1.486282 -0.123651 -0.692506 -0.456125 0.545065
1311870452.000747 1.940693 -0.561680 1.497041 -0.123892 -0.692954 -0.459506 0.541590
1311870452.038266 1.944097 -0.564587 1.506452 -0.123787 -0.693613 -0.462359 0.538332
1311870452.072962 1.947894 -0.567778 1.515325 -0.123480 -0.694484 -0.465667 0.534415
1311870452.100648 1.949850 -0.572272 1.524173 -0.123359 -0.695837 -0.468207 0.530449
1311870452.137766 1.954343 -0.575713 1.531929 -0.122581 -0.697516 -0.470137 0.526703
1311870452.171327 1.957818 -0.578565 1.538584 -0.122443 -0.699341 -0.471708 0.522897
1311870452.200712 1.961554 -0.582314 1.546438 -0.122184 -0.701639 -0.473109 0.518596
1311870452.238414 1.963828 -0.586986 1.554804 -0.121305 -0.703819 -0.474894 0.514198
1311870452.270154 1.967612 -0.591148 1.562554 -0.118647 -0.705490 -0.477000 0.510566
1311870452.300724 1.972284 -0.594489 1.569898 -0.116775 -0.706559 -0.478643 0.507975
1311870452.338323 1.976035 -0.598171 1.575546 -0.116358 -0.707626 -0.479675 0.505608
1311870452.368878 1.979668 -0.602110 1.581129 -0.115828 -0.709266 -0.481236 0.501934
1311870452.400892 1.983450 -0.605357 1.586792 0.115106 0.711228 0.482468 -0.498127
1311870452.437917 1.987625 -0.609208 1.591957 0.115442 0.712661 0.483386 -0.495102
1311870452.468917 1.993099 -0.613125 1.595708 0.116505 0.714779 0.483818 -0.491364
1311870452.500934 1.997647 -0.616598 1.599342 0.117884 0.717858 0.485571 -0.484773
1311870452.540934 1.999789 -0.618312 1.604686 0.119482 0.720935 0.486625 -0.478719
1311870452.569316 1.999290 -0.622140 1.611667 0.119499 0.723079 0.487849 -0.474216
1311870452.600992 1.998794 -0.626941 1.617094 0.116395 0.724252 0.489438 -0.471553
1311870452.645017 2.002851 -0.629071 1.621145 0.112453 0.725014 0.489817 -0.470944
1311870452.669288 2.006763 -0.631529 1.624075 0.111144 0.725566 0.489992 -0.470222
1311870452.700871 2.009040 -0.635040 1.626735 0.111700 0.727013 0.489721 -0.468133
1311870452.739677 2.011272 -0.637299 1.630658 0.112142 0.729120 0.489069 -0.465424
1311870452.768944 2.012212 -0.639920 1.635627 0.112312 0.730750 0.488762 -0.463145
1311870452.800752 2.011230 -0.641851 1.641342 0.112030 0.731648 0.488406 -0.462169
1311870452.837778 2.011954 -0.643747 1.645459 0.111328 0.732031 0.487487 -0.462701
1311870452.868888 2.012853 -0.645668 1.648805 0.111249 0.732181 0.487839 -0.462113
1311870452.900726 2.011658 -0.646975 1.652486 0.111049 0.733442 0.487320 -0.460706
1311870452.938955 2.013885 -0.649216 1.656265 0.110876 0.734462 0.487962 -0.458439
1311870452.968792 2.012762 -0.650702 1.660834 0.111270 0.734965 0.489581 -0.455803
1311870453.000758 2.008999 -0.651178 1.666298 0.111058 0.735120 0.491325 -0.453723
1311870453.040203 2.005456 -0.652681 1.671305 0.109622 0.735341 0.492131 -0.452839
1311870453.068897 2.004421 -0.653733 1.674897 0.107765 0.735326 0.493293 -0.452044
1311870453.106076 2.001602 -0.654927 1.678513 0.106851 0.736084 0.494297 -0.449926
1311870453.137902 1.998700 -0.657118 1.683421 0.106737 0.737685 0.493934 -0.447725
1311870453.169012 1.997148 -0.658897 1.688185 0.107501 0.738820 0.493157 -0.446524
1311870453.208665 1.992877 -0.660931 1.693093 0.109183 0.739486 0.492912 -0.445284
1311870453.239419 1.991700 -0.662731 1.697507 0.109062 0.740168 0.493890 -0.443091
1311870453.269017 1.984810 -0.663010 1.703342 0.108874 0.740530 0.496181 -0.439962
1311870453.305742 1.981896 -0.664893 1.708154 0.107872 0.740827 0.497361 -0.438373
1311870453.340444 1.977692 -0.665650 1.713475 0.108616 0.740610 0.499417 -0.436213
1311870453.368891 1.972280 -0.666709 1.719828 0.109523 0.740165 0.501099 -0.434811
1311870453.408070 1.965409 -0.668424 1.725157 0.112838 0.738747 0.501830 -0.435531
1311870453.437362 1.959213 -0.672191 1.728368 0.115590 0.738360 0.502598 -0.434579
1311870453.468964 1.952777 -0.673824 1.732951 0.115325 0.739649 0.504736 -0.429955
1311870453.508312 1.943351 -0.679007 1.736963 0.115190 0.741318 0.504971 -0.426828
1311870453.536921 1.936760 -0.683304 1.740602 0.112529 0.743722 0.502778 -0.425944
1311870453.568988 1.934296 -0.686237 1.743780 0.109374 0.746610 0.500916 -0.423903
1311870453.609964 1.932819 -0.688605 1.747760 0.107238 0.749942 0.498942 -0.420885
1311870453.636987 1.929962 -0.690569 1.753009 0.106019 0.752922 0.496882 -0.418302
1311870453.668811 1.928807 -0.692121 1.759168 0.104616 0.755121 0.495605 -0.416201
1311870453.708805 1.927644 -0.692719 1.764926 0.104584 0.755680 0.495854 -0.414895
1311870453.736779 1.922132 -0.694179 1.768507 0.105350 0.755791 0.495755 -0.414618
1311870453.768933 1.921553 -0.694801 1.771401 0.103773 0.756601 0.495498 -0.413846
1311870453.808528 1.919344 -0.695554 1.774526 0.101954 0.757750 0.496306 -0.411219
1311870453.836897 1.918386 -0.695906 1.777205 0.100476 0.759191 0.495912 -0.409397
1311870453.905295 1.921808 -0.699954 1.781260 0.103985 0.761068 0.495531 -0.405478
1311870453.936942 1.922663 -0.700833 1.782806 0.106235 0.761856 0.496900 -0.401721
1311870453.969060 1.917627 -0.696252 1.786406 0.107838 0.762991 0.498278 -0.397410
1311870454.006743 1.914399 -0.695235 1.788706 0.108970 0.764213 0.498281 -0.394740
1311870454.036868 1.914349 -0.695520 1.789156 0.109669 0.765417 0.498127 -0.392401
1311870454.069029 1.914727 -0.696836 1.790586 0.110675 0.767502 0.497518 -0.388802
1311870454.108394 1.913662 -0.702120 1.796742 0.113157 0.770303 0.497156 -0.382969
1311870454.137000 1.911669 -0.702309 1.799278 0.115132 0.772120 0.496674 -0.379329
1311870454.168921 1.909839 -0.703178 1.801404 0.115668 0.773856 0.496427 -0.375937
1311870454.208507 1.910332 -0.705272 1.804259 0.114684 0.775587 0.497514 -0.371205
1311870454.236797 1.908949 -0.705840 1.807918 0.114639 0.776696 0.498556 -0.367483
1311870454.269033 1.907799 -0.707701 1.810070 0.114899 0.777468 0.498807 -0.365422
1311870454.308639 1.909674 -0.709405 1.812548 0.113793 0.778328 0.500542 -0.361544
1311870454.336806 1.909171 -0.709978 1.815585 0.114041 0.779620 0.501573 -0.357229
1311870454.369037 1.909892 -0.711715 1.819246 0.115798 0.780698 0.501845 -0.353910
1311870454.408393 1.909857 -0.715310 1.824428 0.117580 0.781705 0.503214 -0.349124
1311870454.436702 1.907552 -0.715177 1.828629 0.117735 0.782531 0.504503 -0.345341
1311870454.468984 1.908074 -0.716852 1.832725 0.117110 0.783259 0.505102 -0.343020
1311870454.506976 1.909688 -0.719365 1.836688 0.117108 0.783814 0.506293 -0.339983
1311870454.536960 1.909346 -0.721092 1.840631 0.117239 0.784445 0.507652 -0.336437
1311870454.605779 1.906553 -0.724656 1.850716 0.115829 0.785533 0.509839 -0.331037
1311870454.636712 1.906283 -0.727336 1.855966 0.114609 0.785853 0.511242 -0.328529
1311870454.669109 1.903734 -0.727593 1.860615 0.112911 0.786159 0.512574 -0.326301
1311870454.708377 1.902255 -0.728952 1.866387 0.110901 0.786187 0.513671 -0.325198
1311870454.736893 1.901795 -0.731893 1.870765 0.109067 0.785733 0.515634 -0.323805
1311870454.769151 1.899892 -0.732522 1.875713 0.107116 0.785586 0.517527 -0.321788
1311870454.804834 1.898503 -0.734804 1.880789 0.106232 0.785734 0.518312 -0.320454
1311870454.837145 1.897797 -0.737788 1.885592 0.105892 0.785961 0.519242 -0.318495
1311870454.869278 1.896250 -0.739209 1.890230 0.105357 0.786638 0.520000 -0.315752
1311870454.904955 1.894182 -0.740503 1.894726 0.104569 0.787393 0.520491 -0.313316
1311870454.936946 1.892356 -0.741935 1.899397 0.103425 0.787924 0.521023 -0.311471
1311870454.969055 1.890995 -0.743943 1.903233 0.101841 0.788346 0.521570 -0.310006
1311870455.004911 1.889592 -0.745882 1.906646 0.100268 0.789011 0.521849 -0.308354
1311870455.036876 1.890690 -0.748828 1.910263 0.098799 0.789852 0.521815 -0.306726
1311870455.068919 1.890005 -0.750515 1.913444 0.098486 0.790499 0.521912 -0.304993
1311870455.105009 1.889960 -0.752373 1.916885 0.097993 0.791390 0.521670 -0.303250
1311870455.136862 1.888562 -0.752968 1.919500 0.097270 0.792229 0.521639 -0.301338
1311870455.169130 1.887886 -0.753858 1.922699 0.096348 0.793223 0.521008 -0.300107
1311870455.205004 1.887576 -0.755886 1.925516 0.095842 0.793713 0.520624 -0.299642
1311870455.236848 1.888314 -0.758405 1.928418 0.095434 0.794235 0.520466 -0.298660
1311870455.269148 1.886292 -0.758034 1.931445 0.095605 0.794925 0.520061 -0.297475
1311870455.304835 1.884803 -0.758569 1.934037 0.095648 0.795322 0.519319 -0.297696
1311870455.336789 1.885071 -0.760475 1.936796 0.095389 0.795579 0.518916 -0.297795
1311870455.369197 1.885097 -0.761880 1.939498 0.095595 0.795783 0.518974 -0.297081
1311870455.404805 1.884439 -0.762731 1.941755 0.095656 0.796180 0.519066 -0.295836
1311870455.436831 1.883461 -0.762569 1.943858 0.094787 0.796637 0.519337 -0.294406
1311870455.469223 1.881393 -0.762671 1.945453 0.094038 0.797046 0.519049 -0.294044
1311870455.504874 1.881357 -0.765699 1.947281 0.094081 0.797738 0.517988 -0.294026
1311870455.537012 1.882462 -0.767592 1.948835 0.094724 0.798743 0.516786 -0.293206
1311870455.569182 1.881554 -0.768519 1.951394 0.095517 0.799843 0.515779 -0.291718
1311870455.604923 1.880852 -0.768050 1.954228 0.095976 0.800378 0.515230 -0.291069
1311870455.637032 1.879098 -0.768510 1.955676 0.096426 0.800364 0.514994 -0.291377
1311870455.669070 1.878972 -0.770113 1.957130 0.096487 0.800516 0.514790 -0.291301
1311870455.704988 1.879055 -0.770107 1.958803 0.096264 0.800888 0.514832 -0.290275
1311870455.736754 1.877967 -0.770500 1.960329 0.096204 0.801343 0.514768 -0.289151
1311870455.769158 1.877970 -0.771045 1.962706 0.096784 0.802033 0.513888 -0.288608
1311870455.804909 1.877883 -0.772025 1.963942 0.097946 0.802382 0.513396 -0.288123
1311870455.836915 1.876868 -0.771780 1.964860 0.098088 0.802882 0.513329 -0.286797
1311870455.869194 1.875022 -0.771402 1.966667 0.097991 0.803585 0.512696 -0.285992
1311870455.905161 1.874585 -0.772357 1.967885 0.097701 0.803763 0.512613 -0.285740
1311870455.937044 1.873300 -0.773259 1.968799 0.097710 0.804132 0.512381 -0.285115
1311870455.969114 1.873286 -0.773898 1.970511 0.097336 0.804804 0.511707 -0.284556
1311870456.005174 1.872238 -0.773958 1.972015 0.097254 0.804991 0.511555 -0.284328
1311870456.036923 1.871192 -0.775537 1.972678 0.097505 0.805266 0.511259 -0.283997
1311870456.069304 1.870967 -0.775443 1.974154 0.097195 0.805734 0.511140 -0.282986
1311870456.105038 1.868417 -0.775097 1.974870 0.097533 0.806079 0.510682 -0.282713
1311870456.136872 1.868809 -0.776381 1.976630 0.097402 0.806506 0.510084 -0.282623
1311870456.169124 1.868173 -0.776870 1.977885 0.097125 0.806924 0.510144 -0.281414
1311870456.204948 1.867747 -0.776715 1.979569 0.097078 0.807403 0.509901 -0.280495
1311870456.236913 1.866580 -0.776287 1.980928 0.097516 0.807289 0.510064 -0.280375
1311870456.269026 1.865103 -0.776663 1.981891 0.097418 0.807175 0.510393 -0.280138
1311870456.304952 1.865006 -0.776926 1.983407 0.096877 0.807306 0.510659 -0.279461
1311870456.336938 1.864291 -0.777108 1.984847 0.097064 0.807479 0.510492 -0.279203
1311870456.369108 1.865835 -0.778408 1.986636 0.096984 0.807527 0.510738 -0.278642
1311870456.405081 1.864674 -0.777930 1.987995 0.097397 0.807389 0.511465 -0.277562
1311870456.436979 1.862962 -0.777107 1.989460 0.097519 0.807434 0.511673 -0.277003
1311870456.469056 1.862859 -0.777665 1.991008 0.097098 0.807532 0.511602 -0.276997
1311870456.504950 1.863216 -0.778071 1.992535 0.097323 0.807334 0.511716 -0.277285
1311870456.536960 1.861618 -0.778812 1.993641 0.098345 0.807395 0.511377 -0.277372
1311870456.568976 1.862500 -0.779664 1.995968 0.097948 0.807643 0.511413 -0.276722
1311870456.605010 1.861939 -0.780121 1.997305 0.097575 0.807604 0.511992 -0.275897
1311870456.636926 1.863480 -0.781179 1.999590 0.097020 0.807549 0.512489 -0.275329
1311870456.669162 1.861527 -0.780747 2.000823 0.096838 0.807105 0.513717 -0.274407
1311870456.704923 1.860553 -0.781006 2.002449 0.095456 0.807305 0.514074 -0.273630
1311870456.737510 1.860493 -0.781062 2.004396 0.093852 0.807203 0.514520 -0.273651
1311870456.769343 1.860293 -0.782133 2.005746 0.093540 0.806871 0.514441 -0.274883
1311870456.805084 1.862350 -0.784199 2.007865 0.093393 0.806412 0.514806 -0.275593
1311870456.837267 1.861881 -0.783710 2.010068 0.093601 0.805734 0.515704 -0.275829
1311870456.869185 1.861833 -0.783626 2.011980 0.093984 0.804683 0.516737 -0.276832
1311870456.904967 1.861616 -0.783234 2.013704 0.094328 0.803354 0.518244 -0.277754
1311870456.937137 1.862109 -0.783058 2.014682 0.094351 0.802039 0.520000 -0.278264
1311870456.969162 1.861930 -0.782760 2.014973 0.094683 0.801080 0.521347 -0.278393
1311870457.005002 1.864027 -0.782987 2.016322 0.094666 0.800604 0.522387 -0.277818
1311870457.037005 1.864408 -0.781708 2.016725 0.094518 0.799759 0.524486 -0.276344
1311870457.069172 1.863535 -0.780510 2.016609 0.094552 0.799213 0.525515 -0.275958
1311870457.105194 1.865354 -0.780558 2.016641 0.094458 0.798814 0.526237 -0.275770
1311870457.137059 1.865744 -0.780586 2.014976 0.094237 0.798574 0.527103 -0.274885
1311870457.169181 1.866973 -0.779960 2.014696 0.093616 0.799113 0.527094 -0.273543
1311870457.205041 1.865827 -0.778721 2.014845 0.093620 0.799839 0.526534 -0.272499
1311870457.237018 1.867610 -0.780008 2.014114 0.094192 0.800578 0.525574 -0.271982
1311870457.269408 1.868940 -0.780341 2.012723 0.095281 0.801373 0.524960 -0.270445
1311870457.305147 1.869017 -0.779574 2.012805 0.096214 0.802371 0.524298 -0.268432
1311870457.337020 1.869395 -0.778445 2.012674 0.097673 0.802837 0.523664 -0.267748
1311870457.369144 1.869121 -0.777417 2.011034 0.099135 0.802664 0.523639 -0.267778
1311870457.405048 1.869379 -0.776369 2.010049 0.099415 0.802551 0.524074 -0.267160
1311870457.437052 1.868178 -0.775331 2.007665 0.099260 0.802249 0.524847 -0.266607
1311870457.469227 1.871380 -0.776169 2.006083 0.098391 0.802368 0.525031 -0.266207
1311870457.505022 1.873532 -0.777478 2.003215 0.098919 0.802434 0.525578 -0.264731
1311870457.536973 1.875019 -0.778067 2.001432 0.099775 0.803413 0.525000 -0.262580
1311870457.569203 1.876351 -0.777492 2.000096 0.100576 0.804470 0.524314 -0.260397
1311870457.605160 1.877040 -0.776829 1.999129 0.101091 0.805359 0.523736 -0.258609
1311870457.637004 1.879251 -0.777384 1.999165 0.101111 0.805972 0.523368 -0.257434
1311870457.669307 1.880741 -0.780199 2.000872 0.100849 0.806468 0.523182 -0.256359
1311870457.705035 1.882146 -0.780035 1.999234 0.100643 0.806827 0.523100 -0.255476
1311870457.737023 1.888337 -0.789638 2.006545 0.100542 0.807086 0.522902 -0.255102
1311870457.769309 1.882807 -0.767473 1.992017 0.098354 0.806575 0.523684 -0.255967
1311870457.805115 1.891833 -0.791346 2.006823 0.099873 0.807031 0.523089 -0.255157
1311870457.837035 1.891834 -0.791226 2.006109 0.099648 0.806844 0.523322 -0.255356
1311870457.869208 1.892385 -0.791545 2.004935 0.099818 0.806791 0.523267 -0.255570
1311870457.905144 1.893175 -0.792542 2.003902 0.100568 0.806990 0.522723 -0.255761
1311870457.937152 1.893676 -0.792536 2.004118 0.101017 0.807492 0.522095 -0.255281
1311870457.969070 1.894013 -0.791631 2.004401 0.100531 0.808006 0.521659 -0.254740
1311870458.005126 1.896182 -0.791774 2.005272 0.099250 0.808204 0.521732 -0.254465
1311870458.037059 1.898605 -0.792184 2.005650 0.098787 0.807748 0.522603 -0.254302
1311870458.069169 1.900184 -0.792337 2.005619 0.099223 0.807113 0.523938 -0.253403
1311870458.105369 1.899218 -0.790315 2.004983 0.100053 0.806758 0.524816 -0.252388
1311870458.137028 1.897582 -0.788531 2.004748 0.101694 0.806626 0.524324 -0.253175
1311870458.169307 1.896357 -0.788234 2.004364 0.103154 0.806731 0.523067 -0.254842
1311870458.205364 1.898250 -0.789241 2.005794 0.104190 0.807092 0.521621 -0.256240
1311870458.237139 1.900309 -0.790427 2.007250 0.106257 0.806736 0.521223 -0.257320
1311870458.269045 1.900251 -0.789415 2.008837 0.108518 0.806128 0.521523 -0.257673
1311870458.305231 1.898937 -0.787025 2.010672 0.108931 0.805699 0.522193 -0.257484
1311870458.337016 1.896808 -0.784421 2.011626 0.107811 0.804934 0.523331 -0.258038
1311870458.369238 1.894379 -0.783704 2.010866 0.107771 0.803870 0.523689 -0.260630
1311870458.405178 1.895956 -0.786617 2.012271 0.108269 0.803220 0.523106 -0.263581
1311870458.437065 1.895556 -0.788184 2.013053 0.109102 0.802449 0.523444 -0.264914
1311870458.469429 1.894356 -0.788879 2.012902 0.109297 0.802072 0.523562 -0.265739
1311870458.505153 1.893583 -0.789788 2.012991 0.108997 0.801892 0.523397 -0.266731
1311870458.537298 1.892881 -0.792385 2.013577 0.107610 0.802313 0.523044 -0.266718
1311870458.569254 1.895911 -0.795444 2.014913 0.105088 0.803136 0.522943 -0.265443
1311870458.605078 1.895918 -0.795285 2.015340 0.104190 0.803401 0.523074 -0.264736
1311870458.637272 1.896635 -0.795149 2.016993 0.104094 0.803257 0.522801 -0.265747
1311870458.670175 1.896228 -0.795332 2.019109 0.104133 0.802409 0.523406 -0.267102
1311870458.705071 1.895428 -0.795080 2.020319 0.103961 0.801066 0.524480 -0.269084
1311870458.737205 1.894807 -0.795204 2.021478 0.104371 0.799575 0.525265 -0.271814
1311870458.769244 1.894906 -0.797020 2.023081 0.105327 0.798341 0.525807 -0.274017
1311870458.805282 1.892709 -0.796964 2.023548 0.105996 0.797787 0.526311 -0.274403
1311870458.837112 1.891997 -0.796713 2.024163 0.106070 0.797688 0.526038 -0.275186
1311870458.869226 1.891103 -0.796133 2.025077 0.107043 0.796747 0.526070 -0.277464
1311870458.905369 1.889057 -0.795940 2.025146 0.108775 0.795299 0.526427 -0.280254
1311870458.937109 1.885652 -0.795441 2.025050 0.110410 0.794186 0.526611 -0.282416
1311870458.969299 1.882701 -0.795132 2.025211 0.111263 0.793456 0.526735 -0.283899
1311870459.005085 1.879770 -0.795148 2.024604 0.112251 0.792649 0.526699 -0.285823
1311870459.037242 1.877308 -0.794743 2.023605 0.112913 0.792086 0.526440 -0.287595
1311870459.069262 1.873941 -0.793117 2.023372 0.113532 0.791628 0.526467 -0.288563
1311870459.105056 1.869367 -0.792449 2.021606 0.114621 0.790850 0.526518 -0.290167
1311870459.137142 1.865661 -0.791524 2.019615 0.115078 0.790424 0.526160 -0.291793
1311870459.169293 1.861042 -0.791093 2.017388 0.115755 0.790322 0.525830 -0.292393
1311870459.205333 1.855428 -0.789139 2.015058 0.115781 0.790290 0.525173 -0.293648
1311870459.237139 1.850896 -0.789251 2.011703 0.115270 0.790236 0.524225 -0.295682
1311870459.269319 1.846511 -0.788846 2.009192 0.113724 0.790410 0.523851 -0.296478
1311870459.305123 1.840460 -0.789337 2.005899 0.112693 0.790176 0.523440 -0.298216
1311870459.337124 1.834508 -0.791504 2.002463 0.112365 0.789758 0.522259 -0.301499
1311870459.369409 1.830114 -0.794740 1.998118 0.111452 0.789856 0.521028 -0.303703
1311870459.405110 1.823649 -0.796481 1.994400 0.109694 0.790637 0.520140 -0.303834
1311870459.437201 1.815304 -0.800501 1.990730 0.108586 0.791308 0.518224 -0.305753
1311870459.469335 1.812538 -0.804806 1.986303 0.106875 0.792751 0.513816 -0.310029
1311870459.505212 1.811778 -0.808649 1.984493 0.105085 0.794273 0.510894 -0.311569
1311870459.537121 1.806419 -0.811207 1.983205 0.104580 0.795704 0.507835 -0.313084
1311870459.569420 1.803087 -0.814251 1.982677 0.103812 0.796975 0.503928 -0.316403
1311870459.605201 1.801259 -0.817452 1.981118 0.102022 0.797708 0.500911 -0.319907
1311870459.637206 1.798666 -0.821545 1.980113 0.100191 0.798428 0.498912 -0.321809
1311870459.669438 1.797771 -0.825061 1.979805 0.099311 0.799519 0.495990 -0.323884
1311870459.705266 1.798937 -0.828625 1.981160 0.098984 0.800583 0.493764 -0.324756
1311870459.737262 1.795385 -0.831395 1.982625 0.100445 0.801239 0.492084 -0.325240
1311870459.769384 1.793371 -0.836679 1.981814 0.100784 0.802217 0.489921 -0.325987
1311870459.805269 1.794626 -0.840010 1.985611 0.099142 0.804066 0.487726 -0.325227
1311870459.837287 1.789869 -0.845376 1.988674 0.099281 0.804935 0.486074 -0.325509
1311870459.869302 1.791088 -0.851074 1.990834 0.098582 0.806548 0.482317 -0.327311
1311870459.905336 1.796191 -0.854920 1.995653 0.097132 0.808540 0.479938 -0.326326
1311870459.937243 1.795293 -0.859732 2.001848 0.096588 0.809949 0.479953 -0.322953
1311870459.969296 1.793211 -0.864166 2.009617 0.094550 0.811280 0.479856 -0.320350
1311870460.005159 1.792635 -0.867416 2.018562 0.090777 0.812130 0.479627 -0.319630
1311870460.037231 1.794993 -0.871381 2.027253 0.086804 0.812203 0.479804 -0.320281
1311870460.069303 1.798904 -0.874361 2.036216 0.084551 0.812061 0.480532 -0.320152
1311870460.105227 1.800584 -0.877358 2.045754 0.084204 0.811806 0.482211 -0.318360
1311870460.137155 1.801211 -0.880806 2.055686 0.084345 0.811666 0.484272 -0.315538
1311870460.169374 1.799285 -0.883781 2.067198 0.084446 0.811500 0.486336 -0.312752
1311870460.205176 1.798084 -0.887873 2.078108 0.084473 0.811157 0.487388 -0.311997
1311870460.237205 1.798882 -0.891107 2.090028 0.084134 0.810556 0.488389 -0.312086
1311870460.269407 1.798741 -0.893249 2.102050 0.084262 0.809471 0.490108 -0.312171
1311870460.305117 1.800170 -0.895596 2.113811 0.084516 0.807951 0.492438 -0.312374
1311870460.337274 1.799439 -0.897810 2.125821 0.083880 0.806055 0.495867 -0.312019
1311870460.369486 1.799317 -0.900547 2.137968 0.082109 0.803928 0.499397 -0.312347
1311870460.405219 1.798995 -0.903653 2.148989 0.079631 0.801513 0.502830 -0.313685
1311870460.437268 1.798765 -0.906523 2.160752 0.075794 0.799089 0.506082 -0.315583
1311870460.469173 1.802673 -0.908183 2.171193 0.070900 0.796479 0.509069 -0.318501
1311870460.505208 1.806120 -0.907908 2.184274 0.067916 0.793397 0.512642 -0.321101
1311870460.537203 1.808411 -0.909065 2.192980 0.069162 0.788945 0.517414 -0.324137
1311870460.569377 1.809889 -0.911721 2.202915 0.072702 0.785486 0.520623 -0.326616
1311870460.605217 1.810812 -0.912170 2.210979 0.075963 0.782356 0.523088 -0.329434
1311870460.637439 1.812111 -0.913808 2.218099 0.078716 0.779329 0.525199 -0.332591
1311870460.669312 1.814684 -0.913010 2.224665 0.080447 0.776905 0.526724 -0.335424
1311870460.705390 1.816277 -0.913329 2.231506 0.082861 0.774646 0.528294 -0.337584
1311870460.737177 1.821625 -0.915079 2.236905 0.086607 0.771952 0.529701 -0.340596
1311870460.769399 1.825913 -0.914212 2.242648 0.090095 0.768465 0.532670 -0.342939
1311870460.805511 1.828128 -0.911247 2.248047 0.093270 0.764882 0.535950 -0.344985
1311870460.837324 1.832166 -0.908370 2.252078 0.095723 0.761702 0.539362 -0.346028
1311870460.869379 1.835286 -0.907833 2.256426 0.098495 0.758779 0.542900 -0.346139
1311870460.905261 1.837130 -0.906086 2.262392 0.102067 0.757046 0.544348 -0.346625
1311870460.937427 1.838966 -0.901969 2.267262 0.105119 0.757272 0.543144 -0.347107
1311870460.969418 1.840923 -0.903174 2.270633 0.107161 0.757966 0.541559 -0.347445
1311870461.005311 1.841945 -0.906304 2.275023 0.108176 0.758344 0.539317 -0.349785
1311870461.037474 1.836453 -0.908086 2.280276 0.107226 0.758777 0.536503 -0.353447
1311870461.069223 1.852792 -0.913709 2.284791 0.099337 0.758740 0.532002 -0.362518
1311870461.105213 1.852753 -0.915375 2.285202 0.097841 0.758186 0.526087 -0.372576
1311870461.137183 1.853086 -0.923453 2.283993 0.096712 0.756167 0.522395 -0.382049
1311870461.169554 1.855331 -0.927556 2.285898 0.095817 0.755009 0.517487 -0.391138
1311870461.205320 1.859553 -0.930806 2.286031 0.094013 0.753987 0.513020 -0.399344
1311870461.237198 1.864285 -0.936899 2.286432 0.091945 0.753182 0.509339 -0.406002
1311870461.269420 1.872591 -0.942520 2.285789 0.090377 0.751733 0.505549 -0.413703
1311870461.305245 1.877872 -0.947989 2.286026 0.090391 0.750267 0.502203 -0.420382
1311870461.337484 1.885126 -0.953460 2.285807 0.090851 0.748602 0.499084 -0.426916
1311870461.369527 1.889640 -0.955752 2.285679 0.090849 0.747117 0.496113 -0.432937
1311870461.405326 1.897208 -0.958646 2.283802 0.089987 0.745805 0.492955 -0.438945
1311870461.437231 1.909308 -0.963485 2.281799 0.089550 0.744411 0.490753 -0.443840
1311870461.469524 1.917404 -0.965365 2.281069 0.090274 0.743101 0.489293 -0.447486
1311870461.505256 1.925959 -0.966792 2.279564 0.090849 0.742102 0.488077 -0.450347
1311870461.537210 1.933235 -0.967967 2.278029 0.091175 0.741503 0.487145 -0.452272
1311870461.569367 1.941864 -0.970527 2.276822 0.091334 0.741124 0.486134 -0.453946
1311870461.605303 1.947991 -0.971137 2.276381 0.091193 0.741014 0.485308 -0.455036
1311870461.637227 1.955517 -0.973368 2.275424 0.089275 0.741218 0.484710 -0.455722
1311870461.669539 1.961869 -0.976267 2.275209 0.087212 0.741273 0.484441 -0.456317
1311870461.705448 1.967762 -0.980245 2.275809 0.085866 0.741500 0.482969 -0.457762
1311870461.737497 1.973605 -0.983178 2.276975 0.085058 0.741606 0.480921 -0.459892
1311870461.769473 1.979162 -0.986212 2.277640 0.084601 0.741745 0.478557 -0.462212
1311870461.805342 1.985433 -0.989386 2.277823 0.085018 0.741764 0.476387 -0.464342
1311870461.837421 1.989566 -0.991218 2.278635 0.086032 0.741974 0.474411 -0.465840
1311870461.869391 1.991115 -0.994636 2.280296 0.085958 0.742367 0.473308 -0.466350
1311870461.905500 1.992465 -0.998529 2.282260 0.084041 0.742496 0.472706 -0.467104
1311870461.937506 1.993545 -0.999623 2.281798 0.081239 0.742522 0.471528 -0.468746
1311870461.969475 1.995706 -0.998383 2.279687 0.078512 0.743428 0.469356 -0.469953
1311870462.005294 1.997600 -1.000725 2.279694 0.076324 0.745498 0.467650 -0.468733
1311870462.037457 1.999087 -1.003417 2.281011 0.075321 0.747830 0.465253 -0.467565
1311870462.069279 1.998849 -1.007699 2.281363 0.074472 0.750306 0.462210 -0.466751
1311870462.105410 1.999113 -1.011550 2.282451 0.072931 0.752904 0.459073 -0.465906
1311870462.137337 1.998337 -1.016246 2.283276 0.070984 0.755861 0.455537 -0.464889
1311870462.169559 1.998019 -1.021810 2.284992 0.068967 0.758665 0.452003 -0.464074
1311870462.205313 1.996409 -1.026538 2.287053 0.067259 0.761478 0.447944 -0.463653
1311870462.237343 1.993537 -1.031351 2.287710 0.065635 0.764395 0.443719 -0.463149
1311870462.273364 1.993043 -1.034597 2.290223 0.062223 0.768313 0.439098 -0.461538
1311870462.305341 1.992079 -1.040135 2.293297 0.060173 0.771859 0.435330 -0.459458
1311870462.337274 1.991049 -1.045867 2.296729 0.058513 0.775126 0.431891 -0.457412
1311870462.373322 1.988976 -1.052224 2.299309 0.056469 0.777775 0.429892 -0.455049
1311870462.405402 1.984898 -1.057675 2.302584 0.053251 0.780543 0.428081 -0.452397
1311870462.437353 1.982304 -1.063622 2.304997 0.049445 0.783341 0.425944 -0.450004
1311870462.473328 1.980106 -1.069083 2.307384 0.045911 0.786295 0.423396 -0.447626
1311870462.505502 1.978170 -1.074434 2.309838 0.042514 0.789469 0.420499 -0.445097
1311870462.537628 1.978205 -1.078594 2.312242 0.039152 0.792680 0.417677 -0.442347
1311870462.573482 1.979410 -1.081171 2.314472 0.036733 0.795646 0.415727 -0.439056
1311870462.605454 1.978037 -1.084306 2.316291 0.034880 0.798544 0.415184 -0.434433
1311870462.637336 1.977498 -1.088028 2.318027 0.032448 0.801582 0.414969 -0.429201
1311870462.673488 1.974126 -1.092379 2.320765 0.030219 0.804848 0.414518 -0.423653
1311870462.705300 1.974660 -1.094832 2.322100 0.027959 0.808266 0.412623 -0.419126
1311870462.737400 1.977997 -1.097777 2.323035 0.027489 0.811718 0.410819 -0.414229
1311870462.773480 1.978813 -1.098354 2.324113 0.027748 0.815360 0.409943 -0.407879
1311870462.805607 1.978525 -1.101367 2.324160 0.028267 0.818609 0.410153 -0.401068
1311870462.837434 1.976104 -1.102603 2.326061 0.028255 0.822250 0.409344 -0.394391
1311870462.873367 1.976852 -1.102838 2.328514 0.027683 0.825608 0.408360 -0.388391
1311870462.937692 1.980816 -1.105400 2.325863 0.027615 0.830936 0.408625 -0.376575
1311870462.973378 1.982452 -1.103950 2.326952 0.027220 0.834480 0.407807 -0.369588
1311870463.005372 1.983838 -1.102564 2.327137 0.026729 0.837700 0.407833 -0.362238
1311870463.037653 1.987416 -1.102673 2.323874 0.026735 0.840298 0.407998 -0.355980
1311870463.073557 1.988772 -1.103465 2.324073 0.026864 0.843758 0.407496 -0.348279
1311870463.105531 1.989544 -1.101301 2.326110 0.027194 0.846868 0.407592 -0.340506
1311870463.137561 1.991617 -1.099363 2.323437 0.027918 0.849186 0.407875 -0.334279
1311870463.173458 1.996116 -1.101680 2.319773 0.028281 0.851218 0.409074 -0.327547
1311870463.205609 2.000576 -1.093455 2.315120 0.026634 0.853636 0.409306 -0.321037
1311870463.237420 2.001338 -1.093874 2.313538 0.026659 0.856096 0.410409 -0.312974
1311870463.273543 2.006081 -1.091249 2.312441 0.026577 0.858441 0.410384 -0.306525
1311870463.305619 2.010447 -1.088999 2.309408 0.026637 0.859954 0.411408 -0.300855
1311870463.337571 2.017226 -1.086136 2.304066 0.027396 0.861249 0.412207 -0.295948
1311870463.373561 2.022388 -1.083697 2.300483 0.028015 0.862664 0.413681 -0.289644
1311870463.405637 2.026199 -1.082898 2.296602 0.026604 0.863792 0.416115 -0.282850
1311870463.437442 2.035618 -1.082230 2.290151 0.024018 0.863865 0.418290 -0.279632
1311870463.473511 2.038828 -1.080142 2.285069 0.021811 0.864352 0.418886 -0.277407
1311870463.505376 2.049650 -1.077685 2.280431 0.019181 0.864779 0.419026 -0.276054
1311870463.537573 2.057962 -1.074728 2.274363 0.017551 0.864968 0.420422 -0.273438
1311870463.573593 2.067434 -1.069847 2.268968 0.017045 0.865666 0.420871 -0.270555
1311870463.605460 2.076446 -1.067264 2.264094 0.019193 0.866471 0.421137 -0.267402
1311870463.637467 2.085037 -1.065373 2.260248 0.020970 0.867091 0.422122 -0.263679
1311870463.673471 2.090406 -1.063257 2.255936 0.022289 0.867400 0.423493 -0.260335
1311870463.705442 2.096349 -1.061943 2.251708 0.022573 0.867551 0.424402 -0.258320
1311870463.737499 2.102781 -1.058704 2.247946 0.021989 0.867577 0.425005 -0.257291
1311870463.773528 2.112208 -1.055215 2.244521 0.021713 0.867466 0.425721 -0.256502
1311870463.805393 2.120076 -1.052446 2.240728 0.023183 0.867196 0.427050 -0.255074
1311870463.837576 2.125328 -1.050118 2.236358 0.024201 0.867112 0.428409 -0.252974
1311870463.873465 2.127524 -1.045690 2.235853 0.024446 0.867038 0.429624 -0.251138
1311870463.905382 2.131434 -1.047479 2.234845 0.025262 0.866182 0.431031 -0.251600
1311870463.937586 2.136530 -1.046206 2.234598 0.025573 0.865359 0.431516 -0.253563
1311870463.973412 2.140360 -1.043606 2.233632 0.026476 0.864179 0.432488 -0.255827
1311870464.005440 2.146075 -1.044048 2.232727 0.027642 0.863048 0.433405 -0.257963
1311870464.037653 2.146764 -1.040996 2.233231 0.028937 0.861974 0.434205 -0.260056
1311870464.073667 2.148724 -1.037926 2.232612 0.029406 0.860689 0.434927 -0.263038
1311870464.105417 2.151739 -1.035028 2.231982 0.029184 0.859116 0.436320 -0.265883
1311870464.137620 2.153672 -1.033666 2.231199 0.029468 0.857784 0.437450 -0.268283
1311870464.173501 2.156936 -1.031896 2.231759 0.029880 0.856493 0.438400 -0.270800
1311870464.205526 2.158417 -1.030314 2.231067 0.031074 0.855083 0.439497 -0.273331
1311870464.237403 2.161867 -1.028989 2.230013 0.031557 0.853916 0.440257 -0.275691
1311870464.273633 2.164743 -1.026676 2.230486 0.031208 0.853122 0.441020 -0.276968
1311870464.305449 2.166624 -1.024523 2.231343 0.031074 0.852010 0.442331 -0.278311
1311870464.337856 2.170375 -1.022715 2.230859 0.030309 0.850865 0.443715 -0.279691
1311870464.373516 2.176938 -1.020163 2.231531 0.030363 0.849691 0.445551 -0.280335
1311870464.405534 2.178754 -1.017888 2.230088 0.031120 0.848375 0.448217 -0.279986
1311870464.437721 2.181299 -1.017326 2.227660 0.032767 0.848212 0.448744 -0.279448
1311870464.473642 2.185655 -1.013722 2.229771 0.033603 0.848526 0.448996 -0.277988
1311870464.505457 2.185610 -1.010029 2.230894 0.034230 0.847685 0.451339 -0.276679
1311870464.537663 2.183749 -1.008915 2.231406 0.034199 0.846207 0.453898 -0.277022
1311870464.573666 2.183918 -1.008253 2.232223 0.032824 0.844458 0.456178 -0.278774
1311870464.605511 2.184845 -1.006386 2.232012 0.031290 0.842339 0.458314 -0.281842
1311870464.637486 2.188149 -1.005706 2.232238 0.031152 0.840484 0.459529 -0.285393
1311870464.673648 2.188960 -0.998265 2.230668 0.031681 0.838694 0.460523 -0.288977
1311870464.705497 2.189220 -0.998104 2.230688 0.033682 0.837260 0.461667 -0.291076
1311870464.737546 2.190864 -0.996755 2.231342 0.034660 0.836477 0.462286 -0.292227
1311870464.773647 2.194323 -0.996482 2.230645 0.036649 0.835572 0.463160 -0.293190
1311870464.805505 2.196771 -0.994775 2.231999 0.038988 0.835710 0.462994 -0.292753
1311870464.837646 2.199728 -0.990865 2.235244 0.040672 0.835335 0.463878 -0.292195
1311870464.873634 2.198282 -0.987628 2.236353 0.042683 0.834156 0.465676 -0.292418
1311870464.905420 2.197823 -0.984273 2.238364 0.043815 0.833164 0.466808 -0.293272
1311870464.937591 2.197518 -0.981803 2.239865 0.044194 0.831904 0.468326 -0.294369
1311870464.973700 2.198119 -0.980266 2.241934 0.044846 0.830488 0.469829 -0.295871
1311870465.005480 2.200786 -0.980357 2.243678 0.046823 0.829145 0.471200 -0.297148
1311870465.037669 2.204113 -0.981338 2.243921 0.049532 0.827965 0.472817 -0.297429
1311870465.073642 2.203024 -0.981797 2.244530 0.052211 0.827680 0.474076 -0.295757
1311870465.105525 2.203050 -0.979748 2.248281 0.053535 0.827782 0.474561 -0.294452
1311870465.137686 2.201219 -0.976660 2.252415 0.054619 0.827815 0.474827 -0.293734
1311870465.173751 2.198149 -0.962969 2.256138 0.053569 0.827826 0.474757 -0.294006
1311870465.205513 2.198324 -0.962374 2.258642 0.054720 0.827339 0.475885 -0.293343
1311870465.237546 2.199358 -0.959989 2.261962 0.054827 0.826654 0.477705 -0.292292
1311870465.273657 2.197320 -0.955986 2.265040 0.056343 0.825126 0.479889 -0.292743
1311870465.305695 2.197396 -0.955214 2.266486 0.058112 0.823225 0.482085 -0.294138
1311870465.337585 2.198666 -0.952607 2.270097 0.058682 0.821626 0.484493 -0.294538
1311870465.373730 2.196095 -0.946971 2.274319 0.059749 0.819925 0.486887 -0.295116
1311870465.405623 2.194292 -0.943465 2.278235 0.061213 0.818242 0.488474 -0.296859
1311870465.437662 2.197076 -0.941759 2.280713 0.063035 0.816135 0.490697 -0.298610
1311870465.473801 2.198113 -0.939637 2.282333 0.065170 0.813880 0.493775 -0.299229
1311870465.505731 2.200137 -0.938483 2.284149 0.067836 0.811840 0.496621 -0.299471
1311870465.537650 2.202531 -0.936466 2.286351 0.070915 0.809952 0.499483 -0.299107
1311870465.573630 2.203336 -0.932615 2.288842 0.074048 0.808386 0.501897 -0.298542
1311870465.605756 2.204356 -0.929425 2.291805 0.076970 0.806759 0.504354 -0.298066
1311870465.637540 2.206269 -0.923776 2.296587 0.077613 0.805816 0.506424 -0.296937
1311870465.673759 2.199435 -0.921100 2.296016 0.080262 0.803641 0.510218 -0.295630
1311870465.705660 2.202200 -0.919324 2.296779 0.081706 0.801758 0.512511 -0.296379
1311870465.737703 2.201414 -0.915514 2.299978 0.083249 0.800690 0.514114 -0.296060
1311870465.773760 2.200058 -0.912476 2.301111 0.085451 0.799376 0.515622 -0.296363
1311870465.805602 2.200485 -0.910368 2.302802 0.087068 0.798295 0.516631 -0.297047
1311870465.837767 2.198071 -0.907090 2.304978 0.088740 0.797311 0.517541 -0.297611
1311870465.873479 2.196575 -0.905082 2.305419 0.089577 0.796455 0.517987 -0.298874
1311870465.905564 2.195838 -0.903502 2.307766 0.089671 0.795820 0.518386 -0.299844
1311870465.937618 2.194879 -0.901384 2.310567 0.090111 0.795081 0.518726 -0.301080
1311870465.973641 2.194107 -0.902059 2.310186 0.091742 0.794382 0.518721 -0.302438
1311870466.005626 2.196772 -0.901391 2.311256 0.091631 0.794089 0.518952 -0.302845
1311870466.037751 2.194096 -0.895790 2.304935 0.090379 0.792762 0.520387 -0.304232
1311870466.073766 2.189948 -0.896599 2.306919 0.090659 0.793266 0.519467 -0.304409
1311870466.105774 2.186356 -0.896298 2.306689 0.090331 0.793710 0.518334 -0.305278
1311870466.137755 2.180074 -0.897551 2.311042 0.091242 0.795212 0.516379 -0.304412
1311870466.173850 2.177292 -0.898836 2.310540 0.091150 0.796135 0.514995 -0.304370
1311870466.205688 2.176369 -0.899648 2.309595 0.089803 0.797208 0.513724 -0.304110
1311870466.237789 2.177112 -0.900883 2.307623 0.088084 0.798126 0.512257 -0.304678
1311870466.273741 2.175805 -0.902169 2.306325 0.086419 0.799290 0.510506 -0.305042
1311870466.305774 2.175887 -0.904859 2.304013 0.084577 0.800415 0.508989 -0.305142
1311870466.337732 2.174181 -0.906970 2.303036 0.083471 0.801916 0.507153 -0.304562
1311870466.373759 2.173582 -0.908279 2.302071 0.082636 0.803301 0.505246 -0.304312
1311870466.405686 2.174835 -0.911065 2.299097 0.081412 0.804114 0.504243 -0.304158
1311870466.437684 2.173082 -0.911533 2.296825 0.080837 0.804808 0.503082 -0.304397
1311870466.473768 2.170591 -0.913221 2.295577 0.079891 0.805897 0.501268 -0.304758
1311870466.505618 2.169707 -0.915324 2.293259 0.078604 0.806725 0.500007 -0.304973
1311870466.537708 2.169291 -0.917641 2.290962 0.077665 0.807566 0.498673 -0.305174
1311870466.573767 2.167700 -0.918968 2.289082 0.077355 0.808397 0.497110 -0.305602
1311870466.605669 2.166308 -0.920788 2.287295 0.076728 0.809458 0.495337 -0.305829
1311870466.638080 2.164831 -0.922155 2.285720 0.075784 0.810633 0.493270 -0.306293
1311870466.673856 2.165353 -0.924770 2.283972 0.074887 0.811562 0.491106 -0.307528
1311870466.705750 2.162385 -0.926974 2.282383 0.074923 0.812420 0.488818 -0.308898
1311870466.737750 2.160353 -0.929045 2.280661 0.074598 0.813725 0.486008 -0.309973
1311870466.773742 2.161969 -0.931825 2.278863 0.073028 0.814836 0.483881 -0.310755
1311870466.805714 2.158752 -0.933842 2.276982 0.072153 0.815705 0.482050 -0.311524
1311870466.837615 2.155779 -0.936850 2.274778 0.070976 0.816637 0.479750 -0.312900
1311870466.873851 2.151372 -0.941024 2.272086 0.070126 0.817447 0.477709 -0.314095
1311870466.905802 2.148836 -0.945447 2.269391 0.068907 0.818702 0.475066 -0.315104
1311870466.937840 2.147937 -0.948886 2.267919 0.067367 0.820254 0.472201 -0.315709
1311870466.973674 2.145572 -0.952335 2.265955 0.065477 0.821823 0.469559 -0.315966
1311870467.005618 2.145671 -0.956064 2.265874 0.062807 0.823356 0.466838 -0.316549
1311870467.037827 2.143319 -0.960251 2.264286 0.061086 0.824704 0.463843 -0.317775
1311870467.073579 2.144345 -0.964578 2.263698 0.059900 0.825924 0.460854 -0.319178
1311870467.105863 2.143800 -0.967756 2.262333 0.059288 0.827050 0.457995 -0.320490
1311870467.137745 2.144452 -0.971697 2.262925 0.058653 0.828090 0.455465 -0.321526
1311870467.173666 2.143104 -0.973875 2.262869 0.058632 0.828880 0.452602 -0.323530
1311870467.206011 2.143332 -0.977453 2.262525 0.058735 0.829332 0.450246 -0.325635
1311870467.237767 2.141553 -0.978832 2.261443 0.059340 0.829717 0.447768 -0.327952
1311870467.273716 2.140652 -0.980636 2.260515 0.059222 0.830272 0.445699 -0.329385
1311870467.305577 2.138245 -0.983755 2.260238 0.059492 0.830976 0.443727 -0.330220
1311870467.337760 2.140049 -0.986705 2.258745 0.059660 0.831713 0.441194 -0.331726
1311870467.373747 2.139632 -0.987724 2.258180 0.060161 0.832445 0.439375 -0.332212
1311870467.406028 2.138771 -0.989923 2.258789 0.060123 0.833246 0.438044 -0.331971
1311870467.438051 2.135982 -0.991979 2.258894 0.060366 0.833649 0.436702 -0.332682
1311870467.473799 2.135461 -0.993940 2.257270 0.059589 0.834093 0.434935 -0.334019
1311870467.505738 2.134683 -0.995872 2.257522 0.058668 0.834712 0.433477 -0.334531
1311870467.537874 2.134324 -0.997716 2.256888 0.057989 0.835424 0.431473 -0.335464
1311870467.573878 2.136473 -0.999945 2.257033 0.057744 0.835752 0.430014 -0.336558
1311870467.605580 2.133480 -1.000920 2.256409 0.058224 0.836037 0.428657 -0.337500
1311870467.637908 2.133254 -1.002754 2.256001 0.058051 0.836450 0.426950 -0.338666
1311870467.673677 2.132823 -1.004195 2.254770 0.058072 0.836773 0.425340 -0.339889
1311870467.705961 2.134142 -1.004969 2.255153 0.057704 0.837054 0.424233 -0.340642
1311870467.737745 2.132103 -1.006063 2.253627 0.058136 0.836881 0.423639 -0.341730
1311870467.773820 2.130615 -1.006584 2.252528 0.058217 0.837230 0.422114 -0.342749
1311870467.805775 2.130719 -1.006573 2.250899 0.057600 0.837747 0.420845 -0.343150
1311870467.837700 2.131814 -1.008007 2.250607 0.056874 0.838316 0.420183 -0.342693
1311870467.873894 2.132257 -1.009044 2.250488 0.057117 0.838570 0.419481 -0.342891
1311870467.905737 2.129810 -1.009534 2.248906 0.057563 0.838806 0.418633 -0.343274
1311870467.937817 2.129966 -1.010485 2.248515 0.056282 0.839112 0.418236 -0.343223
1311870467.973800 2.129518 -1.011476 2.248608 0.054698 0.839063 0.418054 -0.343821
1311870468.005850 2.129308 -1.012127 2.247491 0.054080 0.838847 0.417453 -0.345171
1311870468.037862 2.129199 -1.012090 2.245991 0.055089 0.839035 0.415996 -0.346314
1311870468.073908 2.129799 -1.012148 2.245344 0.055457 0.839528 0.415297 -0.345899
1311870468.105641 2.128611 -1.014432 2.244330 0.055859 0.839847 0.415256 -0.345107
1311870468.137855 2.127257 -1.016105 2.243813 0.055529 0.840465 0.413996 -0.345170
1311870468.173648 2.127824 -1.017837 2.243835 0.055074 0.840771 0.412796 -0.345934
1311870468.205790 2.127511 -1.018446 2.242074 0.055007 0.841082 0.411563 -0.346658
1311870468.237732 2.128682 -1.018972 2.242398 0.054600 0.841564 0.410810 -0.346445
1311870468.274988 2.126967 -1.018684 2.241360 0.054659 0.841888 0.410320 -0.346229
1311870468.305723 2.126886 -1.018610 2.240289 0.054272 0.842556 0.409312 -0.345859
1311870468.337724 2.127390 -1.019730 2.239810 0.052543 0.843288 0.409037 -0.344665
1311870468.373701 2.127874 -1.021086 2.239917 0.050977 0.843683 0.408894 -0.344100
1311870468.405642 2.127747 -1.022726 2.238828 0.050778 0.844129 0.407566 -0.344613
1311870468.437918 2.129556 -1.023970 2.239254 0.050783 0.844575 0.406453 -0.344833
1311870468.473795 2.128795 -1.023725 2.239283 0.051082 0.844644 0.406138 -0.344991
1311870468.505768 2.128292 -1.023419 2.239284 0.050972 0.844746 0.405945 -0.344984
1311870468.537953 2.126359 -1.023249 2.238165 0.050366 0.844902 0.405835 -0.344822
1311870468.573925 2.127933 -1.024334 2.238488 0.049271 0.845433 0.405202 -0.344423
1311870468.605719 2.128751 -1.023846 2.238230 0.048281 0.845641 0.405390 -0.343830
1311870468.637766 2.129639 -1.023835 2.238144 0.047840 0.845751 0.405812 -0.343124
1311870468.673952 2.129625 -1.023866 2.236970 0.048285 0.845675 0.406320 -0.342646
1311870468.705990 2.129604 -1.024530 2.236040 0.048632 0.845987 0.406540 -0.341564
1311870468.737744 2.127163 -1.024404 2.235707 0.048879 0.846454 0.406314 -0.340639
1311870468.773870 2.126655 -1.024853 2.235390 0.048096 0.846980 0.405636 -0.340252
1311870468.805834 2.127039 -1.025553 2.235054 0.047047 0.847483 0.404896 -0.340027
1311870468.837762 2.128663 -1.026330 2.234526 0.046387 0.848089 0.403811 -0.339898
1311870468.874037 2.130597 -1.025575 2.235618 0.045865 0.848603 0.403357 -0.339224
1311870468.905802 2.129236 -1.025877 2.235845 0.045887 0.848801 0.403464 -0.338597
1311870468.937803 2.129190 -1.026161 2.236557 0.045818 0.848901 0.403069 -0.338825
1311870468.973989 2.129294 -1.026252 2.236986 0.046023 0.848761 0.402841 -0.339419
1311870469.005857 2.128660 -1.026610 2.236677 0.046308 0.848701 0.402687 -0.339714
1311870469.037788 2.129128 -1.026626 2.237121 0.046536 0.848823 0.402414 -0.339701
1311870469.073878 2.128751 -1.026915 2.237074 0.046944 0.848961 0.402223 -0.339527
1311870469.105791 2.128962 -1.026188 2.238110 0.046774 0.849051 0.402393 -0.339123
1311870469.137885 2.127278 -1.026819 2.237373 0.046827 0.848969 0.402628 -0.339041
1311870469.173755 2.127238 -1.027153 2.237077 0.046368 0.849158 0.402305 -0.339016
1311870469.205815 2.127760 -1.027908 2.237143 0.046269 0.849525 0.401582 -0.338965
1311870469.237980 2.127396 -1.027951 2.236936 0.046351 0.849813 0.401068 -0.338843
1311870469.273915 2.126690 -1.028743 2.236949 0.046189 0.850174 0.400440 -0.338701
1311870469.305865 2.128042 -1.028542 2.237836 0.045758 0.850384 0.399819 -0.338967
1311870469.337882 2.128077 -1.029219 2.236367 0.045923 0.850363 0.399572 -0.339289
1311870469.373779 2.129340 -1.028282 2.236313 0.045154 0.850739 0.399404 -0.338646
1311870469.405771 2.131186 -1.027919 2.236385 0.044670 0.850977 0.399760 -0.337691
1311870469.437777 2.132348 -1.026796 2.237196 0.044954 0.851022 0.400259 -0.336946
1311870469.473956 2.130930 -1.027248 2.236099 0.045825 0.850947 0.400736 -0.336453
1311870469.505924 2.131057 -1.026150 2.237167 0.044891 0.851253 0.400760 -0.335774
1311870469.538028 2.131566 -1.025953 2.238115 0.044598 0.850980 0.401294 -0.335868
1311870469.573828 2.132096 -1.025158 2.237745 0.045260 0.850576 0.401333 -0.336754
1311870469.605806 2.131440 -1.025033 2.237239 0.045780 0.850314 0.401775 -0.336819
1311870469.637782 2.130939 -1.025172 2.237047 0.045360 0.850220 0.402480 -0.336271
1311870469.673780 2.131129 -1.025207 2.237640 0.044862 0.850166 0.402700 -0.336212
1311870469.706012 2.131792 -1.024902 2.237676 0.044477 0.849997 0.402848 -0.336511
1311870469.737843 2.131971 -1.024768 2.237604 0.044369 0.849792 0.403124 -0.336713
1311870469.773750 2.132698 -1.024810 2.237667 0.044240 0.849649 0.403299 -0.336883
1311870469.805778 2.132034 -1.025120 2.237203 0.044471 0.849505 0.403536 -0.336931
1311870469.837821 2.132465 -1.024653 2.237531 0.044375 0.849506 0.403394 -0.337110
1311870469.873871 2.132567 -1.024372 2.237248 0.044281 0.849438 0.403648 -0.336991
1311870469.905750 2.132142 -1.024062 2.237710 0.043743 0.849443 0.404131 -0.336470
1311870469.937943 2.132277 -1.024329 2.238082 0.043230 0.849359 0.404349 -0.336486
1311870469.973965 2.132993 -1.024013 2.238770 0.043003 0.849201 0.404405 -0.336846
1311870470.005752 2.132962 -1.023702 2.238510 0.043627 0.848920 0.404491 -0.337369
1311870470.037917 2.132776 -1.023139 2.238702 0.043746 0.848964 0.404562 -0.337158
1311870470.073731 2.132428 -1.023353 2.239355 0.043411 0.848852 0.405116 -0.336818
1311870470.105880 2.132221 -1.022883 2.239963 0.042873 0.848688 0.405259 -0.337128
1311870470.137925 2.133447 -1.022626 2.240249 0.042363 0.848344 0.405778 -0.337435
1311870470.174381 2.133631 -1.022706 2.239512 0.042762 0.848023 0.406198 -0.337686
1311870470.205867 2.134367 -1.021424 2.240476 0.043004 0.847977 0.406584 -0.337307
1311870470.237895 2.133056 -1.021687 2.240719 0.043461 0.847700 0.407460 -0.336885
1311870470.273994 2.131824 -1.022108 2.240698 0.043519 0.847517 0.407604 -0.337163
1311870470.305986 2.131999 -1.021818 2.240854 0.043209 0.847314 0.407662 -0.337644
1311870470.337728 2.132002 -1.021724 2.240508 0.043353 0.847200 0.407570 -0.338022
1311870470.373945 2.132807 -1.021312 2.240384 0.043609 0.847278 0.407384 -0.338019
1311870470.405805 2.133270 -1.020660 2.240380 0.043975 0.847371 0.407386 -0.337734
1311870470.437840 2.133240 -1.020246 2.240243 0.043838 0.847488 0.407695 -0.337085
1311870470.474179 2.132887 -1.019938 2.240828 0.043212 0.847484 0.408180 -0.336589
1311870470.505829 2.133308 -1.019981 2.240767 0.042953 0.847398 0.408072 -0.336970
1311870470.538218 2.134785 -1.019202 2.240622 0.042968 0.847222 0.408269 -0.337172
1311870470.573867 2.134249 -1.019842 2.239716 0.043591 0.847056 0.408799 -0.336867
1311870470.605821 2.134648 -1.019869 2.239712 0.043871 0.847260 0.408595 -0.336565
1311870470.638024 2.134770 -1.019366 2.239904 0.044148 0.847447 0.408373 -0.336327
1311870470.673873 2.134685 -1.019645 2.239779 0.044174 0.847637 0.408220 -0.336029
1311870470.705826 2.135427 -1.019381 2.240592 0.043745 0.847747 0.408177 -0.335861
1311870470.738011 2.135800 -1.019089 2.240826 0.043922 0.847583 0.408222 -0.336197
1311870470.773871 2.135413 -1.018551 2.241052 0.044198 0.847498 0.408201 -0.336401
1311870470.805957 2.134922 -1.018292 2.241024 0.044062 0.847331 0.408511 -0.336462
1311870470.838079 2.134853 -1.018411 2.241362 0.043805 0.847225 0.408656 -0.336586
1311870470.873905 2.134858 -1.018356 2.241611 0.043697 0.847110 0.408652 -0.336894
1311870470.905869 2.135383 -1.018548 2.241527 0.043868 0.847037 0.408553 -0.337178
1311870470.937927 2.135369 -1.018935 2.241587 0.044300 0.846947 0.408598 -0.337292
1311870470.973873 2.135138 -1.018926 2.242171 0.044583 0.846916 0.408486 -0.337467
1311870471.005925 2.135118 -1.018515 2.242751 0.044982 0.846755 0.408470 -0.337837
1311870471.037976 2.134647 -1.018401 2.242392 0.045378 0.846682 0.408323 -0.338145
1311870471.073810 2.134803 -1.017668 2.242804 0.045038 0.846586 0.408640 -0.338048
1311870471.106003 2.134039 -1.018585 2.242156 0.045108 0.846410 0.409007 -0.338038
1311870471.138021 2.134186 -1.018740 2.242173 0.044986 0.846616 0.408513 -0.338135
1311870471.174023 2.133843 -1.018694 2.242368 0.044598 0.846797 0.408439 -0.337820
1311870471.205874 2.135055 -1.019467 2.242478 0.044121 0.846922 0.408287 -0.337753
1311870471.238040 2.135040 -1.019646 2.242871 0.044316 0.846965 0.408013 -0.337952
1311870471.273910 2.133911 -1.020003 2.242864 0.044614 0.847050 0.407656 -0.338130
1311870471.305871 2.133748 -1.020795 2.243191 0.044383 0.847093 0.407362 -0.338408
1311870471.337865 2.134062 -1.021255 2.243422 0.044378 0.847040 0.406993 -0.338985
1311870471.373855 2.134577 -1.021085 2.243157 0.044350 0.847152 0.406505 -0.339293
1311870471.405985 2.135154 -1.020632 2.243799 0.044028 0.847182 0.406708 -0.339017
1311870471.441920 2.134747 -1.020424 2.244048 0.043914 0.847030 0.407174 -0.338854
1311870471.473870 2.135521 -1.020484 2.244299 0.043913 0.846712 0.407641 -0.339087
1311870471.505831 2.134468 -1.020135 2.244290 0.044333 0.846437 0.407772 -0.339561
1311870471.542028 2.134407 -1.019839 2.244024 0.044880 0.846250 0.407699 -0.340041
1311870471.574014 2.133328 -1.020455 2.243306 0.045266 0.846142 0.407653 -0.340315
1311870471.605987 2.133919 -1.020522 2.243488 0.044794 0.846315 0.407175 -0.340520
1311870471.641978 2.132950 -1.020946 2.243717 0.044487 0.846340 0.406906 -0.340818
1311870471.674011 2.133281 -1.021067 2.244140 0.044093 0.846243 0.406499 -0.341594
1311870471.706195 2.132089 -1.021176 2.243447 0.044534 0.846112 0.405833 -0.342652
1311870471.742044 2.132526 -1.021673 2.243003 0.044795 0.846192 0.404832 -0.343604
1311870471.773909 2.131781 -1.022046 2.242646 0.045041 0.846241 0.404124 -0.344284
1311870471.805901 2.131325 -1.021864 2.242564 0.044664 0.846165 0.403597 -0.345136
1311870471.841988 2.130862 -1.022718 2.241339 0.044587 0.845879 0.403009 -0.346531
1311870471.874024 2.131965 -1.021931 2.240407 0.043921 0.845956 0.402136 -0.347443
1311870471.905983 2.133353 -1.021378 2.239594 0.043494 0.846046 0.401879 -0.347573
1311870471.942156 2.134657 -1.020806 2.238543 0.043353 0.846200 0.401742 -0.347376
1311870471.973865 2.135055 -1.020275 2.238173 0.042754 0.846292 0.402178 -0.346720
1311870472.006101 2.135094 -1.019864 2.237704 0.041725 0.846225 0.402632 -0.346482
1311870472.042094 2.136364 -1.020180 2.237179 0.040821 0.845866 0.403122 -0.346896
1311870472.074034 2.136514 -1.019963 2.236651 0.041355 0.845383 0.403045 -0.348097
1311870472.105974 2.137403 -1.018975 2.234937 0.042768 0.845021 0.402265 -0.349703
1311870472.142241 2.138695 -1.018047 2.234610 0.043600 0.844690 0.402362 -0.350290
1311870472.174085 2.137580 -1.017109 2.233173 0.044131 0.844051 0.403185 -0.350817
1311870472.205977 2.138137 -1.016765 2.231008 0.044357 0.843803 0.403021 -0.351571
1311870472.241992 2.138831 -1.015351 2.229732 0.043777 0.844053 0.402756 -0.351349
1311870472.274142 2.140699 -1.014892 2.228699 0.042895 0.844151 0.403155 -0.350763
1311870472.305946 2.141987 -1.015062 2.227222 0.043207 0.844098 0.402890 -0.351158
1311870472.341965 2.143618 -1.013645 2.225898 0.043817 0.844009 0.402231 -0.352049
1311870472.373998 2.144666 -1.012627 2.224438 0.043872 0.843744 0.402468 -0.352408
1311870472.406004 2.143947 -1.012662 2.222016 0.043597 0.843522 0.402491 -0.352945
1311870472.442046 2.146952 -1.012026 2.220459 0.042348 0.843610 0.401870 -0.353595
1311870472.473942 2.148547 -1.011357 2.217514 0.042033 0.843556 0.401469 -0.354217
1311870472.506007 2.151957 -1.010392 2.216483 0.041445 0.843829 0.400853 -0.354334
1311870472.542128 2.152395 -1.009870 2.214316 0.041630 0.843521 0.401101 -0.354763
1311870472.573975 2.154057 -1.008795 2.212278 0.041938 0.843481 0.400224 -0.355811
1311870472.605983 2.156084 -1.007913 2.209877 0.042262 0.843214 0.400043 -0.356610
1311870472.642166 2.157053 -1.006982 2.207487 0.042530 0.843047 0.399574 -0.357495
1311870472.673968 2.159372 -1.006392 2.204273 0.042347 0.843019 0.398626 -0.358639
1311870472.705964 2.162191 -1.005261 2.202801 0.041348 0.843003 0.397991 -0.359499
1311870472.742010 2.163675 -1.004216 2.201417 0.040422 0.842518 0.397753 -0.361002
1311870472.774092 2.166805 -1.002785 2.198559 0.040155 0.841747 0.396935 -0.363719
1311870472.805994 2.170294 -0.999798 2.193892 0.040760 0.841011 0.396704 -0.365603
1311870472.841981 2.173816 -0.997667 2.190488 0.041993 0.840812 0.396980 -0.365621
1311870472.874143 2.176250 -0.996306 2.187666 0.043404 0.840612 0.397589 -0.365254
1311870472.905960 2.176502 -0.995270 2.183448 0.043562 0.840476 0.397917 -0.365191
1311870472.941944 2.180067 -0.994009 2.180052 0.041768 0.840749 0.397734 -0.364973
1311870472.974144 2.185775 -0.991839 2.177020 0.040762 0.840888 0.397496 -0.365023
1311870473.006149 2.191075 -0.989201 2.173825 0.042055 0.841137 0.396880 -0.364974
1311870473.042100 2.192158 -0.987779 2.170358 0.044074 0.841282 0.397045 -0.364222
1311870473.073930 2.194262 -0.985824 2.168243 0.044383 0.841448 0.397237 -0.363590
1311870473.106027 2.195937 -0.984233 2.166339 0.044152 0.840980 0.398095 -0.363764
1311870473.142260 2.196070 -0.982676 2.162159 0.043838 0.840334 0.398572 -0.364770
1311870473.174040 2.198706 -0.980132 2.158872 0.042429 0.840424 0.398659 -0.364635
1311870473.206150 2.199639 -0.978155 2.156985 0.040867 0.840436 0.399681 -0.363666
1311870473.242252 2.200170 -0.976501 2.154745 0.039420 0.840217 0.400570 -0.363352
1311870473.274500 2.200536 -0.974449 2.153828 0.038077 0.839758 0.401571 -0.363452
1311870473.306261 2.200004 -0.972829 2.152622 0.038344 0.839129 0.401943 -0.364465
1311870473.342424 2.197410 -0.971480 2.150570 0.040224 0.838511 0.401983 -0.365639
1311870473.374112 2.195593 -0.969235 2.149824 0.041450 0.838176 0.401932 -0.366326
1311870473.406080 2.190481 -0.967551 2.147332 0.042884 0.837448 0.402801 -0.366870
1311870473.442154 2.187679 -0.965414 2.145767 0.043056 0.837055 0.403310 -0.367188
1311870473.474610 2.181547 -0.963538 2.142943 0.042468 0.836469 0.404350 -0.367447
1311870473.506409 2.177789 -0.961182 2.140696 0.040864 0.836326 0.404644 -0.367631
1311870473.542189 2.175572 -0.958500 2.138248 0.040461 0.836419 0.404382 -0.367752
1311870473.574202 2.170901 -0.956426 2.135331 0.041942 0.836677 0.403949 -0.367473
1311870473.606498 2.165962 -0.953843 2.132195 0.043145 0.837478 0.403084 -0.366459
1311870473.642118 2.161004 -0.951421 2.130362 0.044135 0.838319 0.402643 -0.364899
1311870473.674176 2.154682 -0.949816 2.127867 0.045737 0.838772 0.402405 -0.363923
1311870473.706403 2.143975 -0.950480 2.124555 0.047634 0.839440 0.401019 -0.363670
1311870473.742268 2.134867 -0.954757 2.122038 0.046955 0.840452 0.398491 -0.364198
1311870473.774145 2.129485 -0.954292 2.120606 0.044676 0.841116 0.395086 -0.366654
1311870473.806031 2.122635 -0.953061 2.117542 0.044170 0.841758 0.390917 -0.369699
1311870473.842130 2.116663 -0.953820 2.114699 0.042728 0.842511 0.387992 -0.371230
1311870473.874175 2.109839 -0.952749 2.113481 0.039383 0.842967 0.386898 -0.371706
1311870473.906399 2.102269 -0.953552 2.109786 0.037078 0.842778 0.386150 -0.373146
1311870473.942125 2.097529 -0.951893 2.106741 0.035104 0.843046 0.384337 -0.374602
1311870473.974168 2.093613 -0.949207 2.105611 0.033566 0.843167 0.383923 -0.374895
1311870474.006237 2.087795 -0.947351 2.104029 0.033401 0.842787 0.384338 -0.375338
1311870474.042518 2.080545 -0.945604 2.100500 0.033568 0.842289 0.384933 -0.375831
1311870474.074151 2.074645 -0.945211 2.097564 0.032801 0.842344 0.385393 -0.375304
1311870474.106170 2.068992 -0.943848 2.096447 0.031397 0.842568 0.385696 -0.374608
1311870474.142204 2.062882 -0.942997 2.095587 0.030927 0.842497 0.385529 -0.374980
1311870474.174263 2.058733 -0.941818 2.093925 0.030451 0.842243 0.385146 -0.375981
1311870474.206256 2.057019 -0.938912 2.093445 0.029902 0.841762 0.385657 -0.376578
1311870474.242280 2.051733 -0.937913 2.090170 0.030645 0.841001 0.387033 -0.376808
1311870474.274712 2.046531 -0.938738 2.088255 0.029934 0.840893 0.387596 -0.376527
1311870474.306126 2.044784 -0.937337 2.087187 0.027600 0.840715 0.387636 -0.377061
1311870474.342193 2.043659 -0.935641 2.087547 0.026002 0.840219 0.388107 -0.377795
1311870474.374090 2.040554 -0.934765 2.086019 0.025081 0.839110 0.388573 -0.379838
1311870474.406066 2.041571 -0.933872 2.084423 0.023537 0.838333 0.388213 -0.382014
1311870474.442146 2.043131 -0.931939 2.083240 0.022958 0.837439 0.388722 -0.383488
1311870474.474133 2.041744 -0.931058 2.081584 0.023448 0.836591 0.389426 -0.384594
1311870474.506142 2.039506 -0.931179 2.079624 0.023148 0.835775 0.389357 -0.386453
1311870474.542326 2.041233 -0.930066 2.077100 0.022321 0.834689 0.388503 -0.389694
1311870474.574197 2.043928 -0.928370 2.074506 0.021705 0.833819 0.387858 -0.392225
1311870474.606219 2.046091 -0.926611 2.072609 0.022102 0.833015 0.387364 -0.394393
1311870474.642126 2.048941 -0.925312 2.069770 0.022918 0.832216 0.386500 -0.396874
1311870474.674124 2.053426 -0.923951 2.067383 0.024221 0.831098 0.386019 -0.399598
1311870474.706175 2.055829 -0.923369 2.062577 0.025751 0.829851 0.385709 -0.402383
1311870474.742243 2.060736 -0.920642 2.058928 0.027047 0.828836 0.385023 -0.405038
1311870474.774339 2.064471 -0.918345 2.055694 0.029190 0.827616 0.385101 -0.407306
1311870474.806161 2.066593 -0.918768 2.050032 0.031568 0.826081 0.384919 -0.410403
1311870474.842137 2.069818 -0.919081 2.045669 0.032416 0.825053 0.383917 -0.413333
1311870474.874165 2.071477 -0.920733 2.042983 0.031923 0.824139 0.382696 -0.416316
1311870474.906314 2.077865 -0.919758 2.038718 0.030355 0.822852 0.380699 -0.420786
1311870474.942309 2.083949 -0.918103 2.034839 0.030238 0.821713 0.378653 -0.424848
1311870474.974405 2.091411 -0.914611 2.030609 0.031183 0.820605 0.377032 -0.428347
1311870475.006531 2.096232 -0.913058 2.025726 0.032821 0.819512 0.376845 -0.430477
1311870475.042643 2.101024 -0.912731 2.021957 0.033327 0.818602 0.376902 -0.432117
1311870475.074124 2.105282 -0.911138 2.017530 0.033649 0.817301 0.377014 -0.434450
1311870475.106487 2.110212 -0.910160 2.013510 0.032856 0.816233 0.377236 -0.436322
1311870475.142238 2.112998 -0.909479 2.009195 0.031786 0.815121 0.377474 -0.438270
1311870475.174253 2.120825 -0.907440 2.005225 0.030240 0.814400 0.376522 -0.440533
1311870475.206435 2.126140 -0.905349 2.000885 0.030676 0.813444 0.376090 -0.442632
1311870475.242461 2.131281 -0.904610 1.998112 0.031198 0.812993 0.375331 -0.444067
1311870475.274175 2.134884 -0.904092 1.996489 0.031544 0.812221 0.375223 -0.445544
1311870475.306297 2.138220 -0.903619 1.993789 0.031109 0.811183 0.374574 -0.448005
1311870475.342286 2.143901 -0.900233 1.991558 0.029880 0.809840 0.374322 -0.450722
1311870475.374384 2.147675 -0.898713 1.987141 0.029894 0.808198 0.374560 -0.453462
1311870475.406177 2.153147 -0.896310 1.983736 0.029873 0.806946 0.374378 -0.455837
1311870475.442349 2.157356 -0.894163 1.980058 0.030440 0.805737 0.374602 -0.457750
1311870475.474159 2.161473 -0.893725 1.977925 0.031115 0.804851 0.374675 -0.459202
1311870475.506409 2.165474 -0.893392 1.974791 0.030857 0.803929 0.374885 -0.460660
1311870475.542368 2.170909 -0.892213 1.973614 0.030239 0.803283 0.374708 -0.461969
1311870475.574183 2.175683 -0.890776 1.971159 0.030242 0.802251 0.374919 -0.463589
1311870475.606225 2.181527 -0.888395 1.968252 0.030296 0.801357 0.375100 -0.464982
1311870475.642242 2.186533 -0.886022 1.967119 0.031207 0.800468 0.375991 -0.465734
1311870475.674412 2.189978 -0.885426 1.967255 0.032675 0.799402 0.377125 -0.466545
1311870475.706519 2.191356 -0.885606 1.966432 0.033430 0.798009 0.378142 -0.468052
1311870475.742323 2.194552 -0.884346 1.966960 0.032575 0.796338 0.379190 -0.470106
1311870475.774113 2.198236 -0.882266 1.966620 0.032376 0.794307 0.380024 -0.472874
1311870475.806584 2.202095 -0.880793 1.966715 0.033759 0.792404 0.380849 -0.475300
1311870475.842399 2.205585 -0.881009 1.967066 0.035356 0.790948 0.381798 -0.476845
1311870475.874665 2.207510 -0.881050 1.968147 0.035730 0.789458 0.383439 -0.477969
1311870475.907306 2.210607 -0.881617 1.970230 0.035298 0.787849 0.384846 -0.479522
1311870475.942231 2.214220 -0.881004 1.972131 0.035175 0.786104 0.385700 -0.481704
1311870475.974354 2.217466 -0.882119 1.974092 0.035705 0.785135 0.386130 -0.482900
1311870476.006524 2.220160 -0.884140 1.976031 0.034691 0.785003 0.387395 -0.482174
1311870476.042481 2.222699 -0.886280 1.979963 0.033086 0.785109 0.388170 -0.481490
1311870476.074341 2.223580 -0.888451 1.983748 0.032251 0.784740 0.387711 -0.482517
1311870476.106461 2.226507 -0.891164 1.987574 0.030592 0.784629 0.386892 -0.483462
1311870476.142192 2.229718 -0.893811 1.991698 0.028727 0.784691 0.386701 -0.483629
1311870476.175104 2.233034 -0.896526 1.995933 0.027620 0.784800 0.386352 -0.483795
1311870476.206393 2.235080 -0.899033 2.000322 0.027211 0.785047 0.385654 -0.483975
1311870476.242328 2.237851 -0.902184 2.004897 0.026018 0.785780 0.385266 -0.483159
1311870476.274227 2.242516 -0.905271 2.010740 0.025082 0.786341 0.385514 -0.482098
1311870476.306297 2.246507 -0.906392 2.018349 0.026255 0.786349 0.385634 -0.481926
1311870476.342260 2.248122 -0.908730 2.024100 0.029128 0.785658 0.386550 -0.482154
1311870476.374475 2.249991 -0.911495 2.028826 0.029856 0.784651 0.389205 -0.481612
1311870476.406491 2.248239 -0.914069 2.034250 0.030308 0.783279 0.391851 -0.481672
1311870476.442421 2.247843 -0.915941 2.039025 0.031442 0.782137 0.391694 -0.483580
1311870476.474627 2.249726 -0.916624 2.044192 0.032089 0.781709 0.390992 -0.484795
1311870476.506504 2.252466 -0.918472 2.049840 0.032355 0.781535 0.391914 -0.484314
1311870476.542440 2.253427 -0.919347 2.054041 0.033058 0.781208 0.393071 -0.483856
1311870476.574569 2.254401 -0.920267 2.057448 0.033217 0.780894 0.394538 -0.483157
1311870476.606570 2.256963 -0.921022 2.060990 0.032026 0.780537 0.396714 -0.482032
1311870476.642434 2.257149 -0.920575 2.063513 0.031435 0.780054 0.398527 -0.481356
1311870476.674440 2.260133 -0.920924 2.066002 0.032117 0.780214 0.398493 -0.481080
1311870476.706389 2.260635 -0.920118 2.068419 0.033950 0.780507 0.398698 -0.480308
1311870476.742209 2.261393 -0.921211 2.071625 0.034870 0.781058 0.399498 -0.478679
1311870476.774360 2.260010 -0.922296 2.074740 0.035600 0.781173 0.400225 -0.477831
1311870476.806891 2.259809 -0.923181 2.076229 0.036141 0.781170 0.399738 -0.478201
1311870476.842211 2.259942 -0.924031 2.076528 0.036222 0.781172 0.399537 -0.478359
1311870476.874304 2.259917 -0.923543 2.077328 0.035639 0.781592 0.399243 -0.477964
1311870476.906567 2.261135 -0.924397 2.078657 0.035941 0.781982 0.398780 -0.477689
1311870476.942253 2.259408 -0.925176 2.078348 0.036698 0.782067 0.398292 -0.477899
1311870476.974379 2.257660 -0.927136 2.077281 0.035988 0.781892 0.398188 -0.478326
1311870477.006502 2.257111 -0.926939 2.076722 0.034765 0.781597 0.396948 -0.479926
1311870477.042467 2.258978 -0.926041 2.073987 0.033922 0.781355 0.395423 -0.481638
1311870477.074608 2.259186 -0.923737 2.070942 0.032934 0.781884 0.394317 -0.481753
1311870477.106391 2.261374 -0.923738 2.069079 0.031864 0.782755 0.393819 -0.480817
1311870477.142624 2.263012 -0.922153 2.066410 0.031044 0.783135 0.393700 -0.480349
1311870477.174420 2.263534 -0.921110 2.062871 0.030935 0.783410 0.393069 -0.480425
1311870477.206651 2.266302 -0.920315 2.060346 0.030185 0.783615 0.393260 -0.479982
1311870477.242472 2.266735 -0.917943 2.056172 0.030120 0.783625 0.393342 -0.479903
1311870477.274614 2.269124 -0.916227 2.051752 0.030276 0.783814 0.392871 -0.479971
1311870477.306562 2.270646 -0.914349 2.046438 0.030376 0.783925 0.392425 -0.480147
1311870477.342447 2.272726 -0.911153 2.038716 0.030012 0.783740 0.391843 -0.480947
1311870477.375546 2.275299 -0.910458 2.032895 0.030095 0.783761 0.390657 -0.481872
1311870477.406303 2.278526 -0.908776 2.027191 0.031185 0.783696 0.388829 -0.483384
1311870477.442535 2.280663 -0.906812 2.019038 0.032575 0.783413 0.387274 -0.484997
1311870477.474589 2.282944 -0.904819 2.011511 0.033472 0.783399 0.385395 -0.486452
1311870477.506439 2.285584 -0.903229 2.002619 0.033643 0.783199 0.383859 -0.487974
1311870477.542454 2.289484 -0.901109 1.995211 0.033404 0.783199 0.381814 -0.489593
1311870477.576952 2.293419 -0.898331 1.985704 0.032994 0.782908 0.380297 -0.491265
1311870477.606371 2.299194 -0.895340 1.977048 0.032166 0.782864 0.379324 -0.492141
1311870477.642455 2.303144 -0.893011 1.968795 0.031780 0.782852 0.378750 -0.492628
1311870477.674401 2.307641 -0.889055 1.961035 0.030820 0.782547 0.377966 -0.493773
1311870477.706293 2.311597 -0.885797 1.953330 0.030571 0.781831 0.376834 -0.495785
1311870477.742492 2.316364 -0.882598 1.943762 0.030940 0.781098 0.375247 -0.498115
1311870477.774408 2.320160 -0.879412 1.935317 0.031651 0.780773 0.373539 -0.499860
1311870477.806631 2.325090 -0.875533 1.927528 -0.032420 -0.780372 -0.371914 0.501646
1311870477.842377 2.327619 -0.871629 1.919794 -0.033830 -0.779630 -0.370433 0.503797
1311870477.874752 2.330557 -0.868421 1.910903 -0.034361 -0.778941 -0.368997 0.505877
1311870477.906459 2.333631 -0.864837 1.906279 -0.033974 -0.778353 -0.368357 0.507273
1311870477.942470 2.335710 -0.861401 1.898371 -0.033080 -0.777004 -0.368148 0.509546
1311870477.974821 2.337795 -0.857905 1.890127 -0.032254 -0.775877 -0.367170 0.512017
1311870478.006764 2.341439 -0.854682 1.883215 -0.031110 -0.775363 -0.365967 0.513724
1311870478.042396 2.344448 -0.851354 1.877964 -0.029613 -0.774962 -0.366154 0.514284
1311870478.074531 2.345036 -0.848627 1.871635 -0.027854 -0.774177 -0.367001 0.514961
1311870478.106703 2.345453 -0.845979 1.865324 -0.026442 -0.773682 -0.366498 0.516135
1311870478.142484 2.347874 -0.843379 1.859352 -0.025474 -0.773416 -0.365183 0.517513
1311870478.174891 2.348626 -0.841565 1.852024 -0.025332 -0.773327 -0.364239 0.518318
1311870478.206694 2.349410 -0.840086 1.846047 -0.024619 -0.774279 -0.362619 0.518067
1311870478.243551 2.349812 -0.838808 1.842104 -0.023842 -0.775210 -0.361938 0.517186
1311870478.274632 2.349377 -0.837482 1.836778 -0.022837 -0.775682 -0.361845 0.516590
1311870478.307070 2.347613 -0.835819 1.831815 -0.021727 -0.775979 -0.362183 0.515954
1311870478.342699 2.345058 -0.835059 1.827435 -0.020503 -0.776195 -0.362357 0.515557
1311870478.377314 2.341407 -0.834100 1.822707 -0.019397 -0.775906 -0.362263 0.516100
1311870478.407403 2.338353 -0.833265 1.815613 -0.018370 -0.775771 -0.361243 0.517055
1311870478.442461 2.337003 -0.832530 1.809883 -0.017602 -0.776632 -0.360101 0.516585
1311870478.474469 2.333089 -0.831821 1.805822 -0.016981 -0.777823 -0.359488 0.515240
1311870478.506459 2.327567 -0.831062 1.802189 -0.016226 -0.778873 -0.358479 0.514380
1311870478.542834 2.322460 -0.830837 1.798154 -0.014981 -0.779850 -0.356947 0.514003
1311870478.574568 2.317018 -0.830107 1.793038 -0.013711 -0.780850 -0.355204 0.513727
1311870478.606731 2.311602 -0.830417 1.787708 -0.012201 -0.782463 -0.352981 0.512842
1311870478.642464 2.305779 -0.829689 1.784228 -0.010163 -0.784242 -0.350741 0.511705
1311870478.674530 2.302479 -0.827789 1.781528 -0.008100 -0.785671 -0.349029 0.510719
1311870478.706522 2.294604 -0.828143 1.777268 -0.008373 -0.786444 -0.347989 0.510235
1311870478.742334 2.286860 -0.829911 1.769986 -0.008561 -0.787809 -0.345344 0.509924
1311870478.774702 2.279243 -0.831647 1.766447 -0.008093 -0.789869 -0.342177 0.508877
1311870478.806869 2.272345 -0.834031 1.763075 -0.007895 -0.791452 -0.338811 0.508673
1311870478.842335 2.266930 -0.834944 1.758777 -0.007380 -0.792584 -0.336000 0.508783
1311870478.874346 2.260104 -0.836161 1.754116 -0.006564 -0.793378 -0.334730 0.508393
1311870478.906787 2.252379 -0.838962 1.748682 -0.003777 -0.794096 -0.334862 0.507213
1311870478.942379 2.244806 -0.841287 1.745989 -0.000364 -0.795011 -0.334298 0.506164
1311870478.974461 2.238368 -0.843527 1.743355 0.002882 -0.795606 -0.332719 0.506261
1311870479.006717 2.232666 -0.844431 1.741245 0.005653 -0.795852 -0.330653 0.507205
1311870479.042444 2.228428 -0.842908 1.740317 0.007562 -0.795988 -0.328100 0.508622
1311870479.074537 2.224563 -0.841752 1.737006 0.008495 -0.795702 -0.326655 0.509983
1311870479.106848 2.220806 -0.839905 1.734268 0.008819 -0.795806 -0.325863 0.510322
1311870479.142524 2.216049 -0.839563 1.731310 0.008841 -0.795800 -0.326564 0.509883
1311870479.174444 2.210254 -0.841625 1.727470 0.010095 -0.795635 -0.327981 0.509206
1311870479.207679 2.207474 -0.840183 1.726298 0.012701 -0.795677 -0.328335 0.508854
1311870479.242400 2.205207 -0.837971 1.725797 0.013308 -0.795310 -0.328043 0.509600
1311870479.274426 2.203565 -0.835651 1.723700 0.012347 -0.794669 -0.327742 0.510816
1311870479.306571 2.200291 -0.834518 1.720535 0.011173 -0.794051 -0.328140 0.511549
1311870479.342418 2.197742 -0.834029 1.719213 0.010873 -0.793633 -0.328462 0.511997
1311870479.374488 2.194405 -0.834518 1.718083 0.011310 -0.792729 -0.328804 0.513168
1311870479.406395 2.193785 -0.831498 1.716399 0.013097 -0.791264 -0.328599 0.515512
1311870479.442501 2.194784 -0.830078 1.714058 0.013217 -0.789625 -0.328065 0.518354
1311870479.474631 2.195470 -0.826642 1.712106 0.012360 -0.788308 -0.327396 0.520797
1311870479.506430 2.196084 -0.824185 1.708125 0.011216 -0.786987 -0.327614 0.522681
1311870479.542670 2.196240 -0.821226 1.705377 0.010936 -0.785999 -0.328177 0.523819
1311870479.574634 2.196993 -0.819204 1.704118 0.010582 -0.784441 -0.328729 0.525811
1311870479.606576 2.198859 -0.816474 1.698657 0.010460 -0.782076 -0.329129 0.529076
1311870479.642434 2.202750 -0.813430 1.691491 0.011499 -0.780209 -0.330300 0.531078
1311870479.674552 2.205569 -0.810556 1.685475 0.011989 -0.778863 -0.331378 0.532370
1311870479.706653 2.209709 -0.807515 1.680249 0.011629 -0.778023 -0.330914 0.533892
1311870479.742393 2.214146 -0.804668 1.676249 0.009607 -0.777004 -0.330076 0.535931
1311870479.774537 2.217068 -0.802163 1.669241 0.007433 -0.775478 -0.329747 0.538373
1311870479.806444 2.220952 -0.799902 1.662538 0.006265 -0.774377 -0.329612 0.540053
1311870479.842582 2.224228 -0.797698 1.656982 0.005611 -0.773177 -0.329556 0.541811
1311870479.874489 2.227750 -0.794458 1.651226 0.005098 -0.771620 -0.329326 0.544171
1311870479.906588 2.231306 -0.792629 1.645538 0.003606 -0.770180 -0.328437 0.546753
1311870479.942576 2.236939 -0.789990 1.639174 0.002166 -0.768792 -0.327220 0.549437
1311870479.974540 2.243308 -0.786327 1.632955 0.000202 -0.767709 -0.326668 0.551282
1311870480.006807 2.247178 -0.783540 1.626844 -0.002280 -0.766983 -0.326609 0.552321
1311870480.042660 2.251535 -0.782045 1.623642 -0.003902 -0.766377 -0.326339 0.553312
1311870480.074647 2.254224 -0.781756 1.620605 -0.003705 -0.764742 -0.327092 0.555128
1311870480.106439 2.259402 -0.779045 1.617025 -0.001905 -0.762494 -0.326673 0.558466
1311870480.142639 2.266059 -0.774091 1.610277 -0.001077 -0.759863 -0.325999 0.562433
1311870480.174537 2.273668 -0.768752 1.604883 -0.001477 -0.758292 -0.325717 0.564712
1311870480.206595 2.279606 -0.765400 1.601037 -0.003536 -0.757184 -0.326137 0.565946
1311870480.242572 2.285839 -0.761497 1.598043 -0.006884 -0.756290 -0.326144 0.567105
1311870480.274543 2.288618 -0.759149 1.594833 -0.011072 -0.755246 -0.325938 0.568547
1311870480.306678 2.292793 -0.757121 1.592965 -0.013085 -0.754084 -0.325344 0.570384
1311870480.342480 2.297846 -0.753660 1.592093 -0.013902 -0.751835 -0.325317 0.573341
1311870480.374646 2.304635 -0.751162 1.588701 -0.015371 -0.749116 -0.325160 0.576940
1311870480.406616 2.310718 -0.747132 1.584919 -0.017124 -0.746843 -0.326225 0.579233
1311870480.442773 2.313606 -0.744203 1.582793 -0.018601 -0.745067 -0.328056 0.580439
1311870480.474488 2.315223 -0.743181 1.582052 -0.019540 -0.743237 -0.328912 0.582266
1311870480.506517 2.318650 -0.742075 1.581861 -0.019678 -0.741321 -0.328358 0.585010
1311870480.542681 2.325451 -0.739550 1.580298 -0.020193 -0.739023 -0.327987 0.588100
1311870480.575128 2.330312 -0.737154 1.577166 -0.021319 -0.737485 -0.328965 0.589443
1311870480.610475 2.333425 -0.735453 1.575831 -0.021560 -0.736918 -0.331499 0.588723
1311870480.642709 2.334235 -0.735729 1.576113 -0.019755 -0.736461 -0.334584 0.587612
1311870480.674530 2.337115 -0.736310 1.579183 -0.017857 -0.735495 -0.336173 0.587976
1311870480.710587 2.337965 -0.737388 1.579382 -0.017202 -0.734043 -0.336249 0.589764
1311870480.742508 2.341626 -0.737755 1.579788 -0.016967 -0.733453 -0.335188 0.591108
1311870480.775804 2.343241 -0.739234 1.581203 -0.017612 -0.733321 -0.334568 0.591604
1311870480.810605 2.343165 -0.741629 1.583451 -0.017364 -0.733410 -0.333843 0.591909
1311870480.842855 2.344399 -0.743607 1.585458 -0.014740 -0.733298 -0.333810 0.592138
1311870480.874824 2.347137 -0.745317 1.589471 -0.011513 -0.733163 -0.333744 0.592413
1311870480.910467 2.351137 -0.747707 1.592347 -0.009541 -0.732827 -0.333685 0.592898
1311870480.942993 2.355459 -0.749679 1.595396 -0.007900 -0.732742 -0.334338 0.592659
1311870480.974607 2.358617 -0.751068 1.599821 -0.006501 -0.732760 -0.336141 0.591632
1311870481.010488 2.358024 -0.754341 1.603798 -0.005891 -0.732646 -0.337354 0.591091
1311870481.042482 2.360621 -0.756345 1.606695 -0.004128 -0.732960 -0.337486 0.590640
1311870481.075001 2.365882 -0.757435 1.612092 -0.003210 -0.733715 -0.337936 0.589450
1311870481.110534 2.369379 -0.757284 1.618317 -0.005032 -0.733915 -0.339064 0.588540
1311870481.142707 2.370346 -0.759782 1.623098 -0.008716 -0.733419 -0.340961 0.588019
1311870481.174606 2.368787 -0.761939 1.626050 -0.009573 -0.732798 -0.343068 0.587554
1311870481.210715 2.369304 -0.764603 1.630861 -0.007606 -0.732596 -0.344508 0.586992
1311870481.242633 2.371914 -0.766149 1.636091 -0.006642 -0.732449 -0.344193 0.587372
1311870481.274974 2.378496 -0.766287 1.639051 -0.007740 -0.732711 -0.343019 0.587718
1311870481.310580 2.382105 -0.765425 1.641204 -0.010257 -0.733841 -0.343855 0.585778
1311870481.344908 2.384225 -0.766103 1.644892 -0.012528 -0.735519 -0.345832 0.582456
1311870481.374502 2.384897 -0.766016 1.649293 -0.013883 -0.736897 -0.347620 0.579612
1311870481.410685 2.385629 -0.766375 1.654262 -0.013877 -0.737715 -0.349038 0.577716
1311870481.442703 2.388234 -0.764165 1.659718 -0.014058 -0.737702 -0.350025 0.577131
1311870481.474602 2.388316 -0.763457 1.664368 -0.015972 -0.736868 -0.351073 0.577511
1311870481.510706 2.389065 -0.762852 1.668258 -0.018369 -0.735713 -0.351604 0.578588
1311870481.542967 2.390276 -0.761820 1.672937 -0.020248 -0.734029 -0.352908 0.579868
1311870481.574920 2.391644 -0.761618 1.673998 -0.022107 -0.731779 -0.354657 0.581574
1311870481.610928 2.392116 -0.761054 1.672479 -0.022368 -0.730262 -0.356628 0.582266
1311870481.642653 2.393307 -0.760620 1.672417 -0.022554 -0.729794 -0.357616 0.582239
1311870481.674734 2.394526 -0.760197 1.671570 -0.023105 -0.729720 -0.357697 0.582260
1311870481.710880 2.397449 -0.759154 1.671676 -0.023590 -0.730001 -0.357003 0.582315
1311870481.742677 2.399432 -0.758996 1.670121 -0.024112 -0.729670 -0.356878 0.582786
1311870481.774863 2.402136 -0.757435 1.668619 -0.023877 -0.729313 -0.356956 0.583193
1311870481.810567 2.404859 -0.757105 1.666271 -0.024108 -0.728797 -0.356905 0.583860
1311870481.842653 2.409006 -0.754462 1.663433 -0.023538 -0.728564 -0.356619 0.584348
1311870481.876661 2.411292 -0.753444 1.661213 -0.023643 -0.728174 -0.356975 0.584614
1311870481.910893 2.413137 -0.752141 1.658127 -0.023273 -0.727641 -0.356479 0.585593
1311870481.942739 2.418309 -0.751258 1.654873 -0.022415 -0.726839 -0.355450 0.587246
1311870481.974685 2.421588 -0.748671 1.650777 -0.022492 -0.725293 -0.353882 0.590095
1311870482.010687 2.425111 -0.745979 1.645509 -0.023365 -0.724114 -0.351469 0.592944
1311870482.042664 2.431081 -0.743830 1.640301 -0.024800 -0.723190 -0.349690 0.595061
1311870482.074642 2.436191 -0.741246 1.635157 -0.027015 -0.722004 -0.348604 0.597039
1311870482.111255 2.440290 -0.736949 1.628591 -0.029634 -0.720817 -0.348123 0.598628
1311870482.142728 2.442650 -0.733348 1.620999 -0.031516 -0.720040 -0.348110 0.599474
1311870482.174667 2.445848 -0.730834 1.613652 -0.031550 -0.719797 -0.348383 0.599605
1311870482.210670 2.449482 -0.728843 1.606762 -0.030935 -0.719491 -0.348442 0.599970
1311870482.242571 2.454191 -0.726485 1.598904 -0.029879 -0.719076 -0.347409 0.601119
1311870482.274596 2.462469 -0.723791 1.592103 -0.029342 -0.718471 -0.346751 0.602248
1311870482.310930 2.465836 -0.720479 1.584954 -0.030295 -0.717647 -0.345723 0.603772
1311870482.342857 2.470783 -0.717398 1.578199 -0.031258 -0.717050 -0.344267 0.605262
1311870482.374573 2.475105 -0.714158 1.570689 -0.031687 -0.716438 -0.343602 0.606342
1311870482.410597 2.479396 -0.710871 1.563821 -0.031869 -0.715676 -0.343301 0.607402
1311870482.442701 2.482408 -0.707485 1.556759 -0.031646 -0.715054 -0.342956 0.608340
1311870482.474935 2.487694 -0.704263 1.549371 -0.030850 -0.714706 -0.342668 0.608952
1311870482.510814 2.493060 -0.701088 1.542914 -0.030804 -0.714410 -0.342615 0.609331
1311870482.542650 2.498564 -0.697616 1.536656 -0.031415 -0.713912 -0.342402 0.610003
1311870482.574689 2.503014 -0.692880 1.530868 -0.032396 -0.713240 -0.342559 0.610649
1311870482.610775 2.506648 -0.689129 1.525101 -0.033077 -0.712449 -0.343531 0.610990
1311870482.642615 2.509688 -0.685420 1.520719 -0.033852 -0.711465 -0.344870 0.611340
1311870482.675223 2.511880 -0.682033 1.515507 -0.034405 -0.710343 -0.345657 0.612168
1311870482.710891 2.515922 -0.677729 1.510646 -0.034839 -0.709210 -0.346420 0.613025
1311870482.742773 2.517592 -0.673847 1.505296 -0.035629 -0.708219 -0.347500 0.613515
1311870482.774768 2.521881 -0.671358 1.501792 -0.036587 -0.707563 -0.348241 0.613795
1311870482.810806 2.522438 -0.668762 1.497794 -0.038298 -0.706564 -0.348540 0.614671
1311870482.842664 2.524493 -0.665485 1.493594 -0.039416 -0.705973 -0.348322 0.615403
1311870482.875230 2.524981 -0.662944 1.489268 -0.040180 -0.705688 -0.348469 0.615597
1311870482.910591 2.527181 -0.660265 1.485013 -0.040588 -0.705866 -0.348242 0.615494
1311870482.942680 2.528347 -0.657618 1.481332 -0.041213 -0.706127 -0.348459 0.615031
1311870482.975970 2.529350 -0.656497 1.477888 -0.041251 -0.706557 -0.348758 0.614364
1311870483.011189 2.531788 -0.655089 1.474973 -0.041065 -0.706780 -0.349954 0.613439
1311870483.042516 2.530063 -0.653258 1.472120 -0.041081 -0.706766 -0.351381 0.612638
1311870483.076199 2.530496 -0.652593 1.470041 -0.040889 -0.706953 -0.352345 0.611881
1311870483.110765 2.528068 -0.652171 1.468742 -0.040775 -0.706726 -0.353539 0.611463
1311870483.143020 2.526472 -0.651817 1.467616 -0.040316 -0.706389 -0.353525 0.611890
1311870483.174838 2.524240 -0.650940 1.465820 -0.039969 -0.705976 -0.353142 0.612610
1311870483.210814 2.521718 -0.650119 1.463529 -0.039425 -0.705941 -0.352837 0.612861
1311870483.242695 2.520129 -0.650144 1.462374 -0.038755 -0.706195 -0.353029 0.612501
1311870483.276143 2.517836 -0.649959 1.461238 -0.038144 -0.706122 -0.353702 0.612235
1311870483.311159 2.512396 -0.648633 1.460138 -0.037850 -0.706041 -0.353847 0.612263
1311870483.342800 2.509629 -0.647171 1.457480 -0.037120 -0.706255 -0.353570 0.612221
1311870483.375178 2.505236 -0.646282 1.456669 -0.037393 -0.706719 -0.353306 0.611821
1311870483.410669 2.498870 -0.646408 1.454200 -0.038013 -0.707317 -0.351784 0.611968
1311870483.442901 2.495753 -0.646122 1.450862 -0.038485 -0.708655 -0.350141 0.611334
1311870483.476563 2.492639 -0.645144 1.449161 -0.038908 -0.710449 -0.349420 0.609634
1311870483.511030 2.485799 -0.645256 1.447527 -0.039499 -0.711850 -0.349406 0.607967
1311870483.542892 2.478297 -0.646868 1.444948 -0.038902 -0.713285 -0.348666 0.606748
1311870483.576899 2.472252 -0.647592 1.443767 -0.037754 -0.714919 -0.346816 0.605958
1311870483.610711 2.466888 -0.648779 1.441987 -0.037864 -0.716474 -0.343767 0.605851
1311870483.642925 2.460993 -0.649531 1.438678 -0.038681 -0.718014 -0.340950 0.605568
1311870483.675720 2.453532 -0.652380 1.436303 -0.038016 -0.719591 -0.340311 0.604097
1311870483.711260 2.446447 -0.654739 1.434696 -0.035443 -0.720822 -0.340225 0.602832
1311870483.742805 2.438694 -0.657338 1.431759 -0.032882 -0.721727 -0.339522 0.602290
1311870483.774912 2.434420 -0.658450 1.429172 -0.030202 -0.723141 -0.338027 0.601575
1311870483.810771 2.429295 -0.659045 1.427956 -0.029212 -0.724621 -0.336585 0.600651
1311870483.842891 2.422698 -0.661080 1.425359 -0.028981 -0.725822 -0.335281 0.599941
1311870483.877085 2.417446 -0.661211 1.424695 -0.027756 -0.727167 -0.333950 0.599111
1311870483.911351 2.412215 -0.661485 1.423886 -0.026330 -0.727907 -0.333296 0.598641
1311870483.943198 2.407756 -0.660928 1.420633 -0.025315 -0.728228 -0.333118 0.598394
1311870483.975520 2.403368 -0.660141 1.417064 -0.024237 -0.729154 -0.333880 0.596884
1311870484.011069 2.399555 -0.659087 1.416473 -0.022764 -0.730444 -0.335282 0.594575
1311870484.042973 2.393182 -0.659631 1.414914 -0.022153 -0.730988 -0.336380 0.593308
1311870484.075058 2.389318 -0.659244 1.413706 -0.019765 -0.731485 -0.337160 0.592336
1311870484.110742 2.386713 -0.657508 1.412815 -0.017695 -0.731524 -0.337967 0.591893
1311870484.142706 2.383133 -0.656169 1.410590 -0.016980 -0.731480 -0.337864 0.592028
1311870484.176178 2.380747 -0.653836 1.409263 -0.016647 -0.731446 -0.337771 0.592132
1311870484.210812 2.378278 -0.651570 1.408123 -0.016632 -0.730896 -0.337852 0.592764
1311870484.242949 2.374581 -0.649918 1.405237 -0.017360 -0.729928 -0.337467 0.594154
1311870484.276681 2.372518 -0.648379 1.401905 -0.017423 -0.729220 -0.336779 0.595412
1311870484.310757 2.372419 -0.645979 1.399757 -0.017144 -0.728374 -0.336609 0.596549
1311870484.342826 2.371362 -0.643472 1.396031 -0.016579 -0.726825 -0.337324 0.598049
1311870484.375427 2.370886 -0.639865 1.392033 -0.015512 -0.725097 -0.338520 0.599498
1311870484.410852 2.369627 -0.637034 1.387564 -0.014316 -0.723179 -0.340032 0.600987
1311870484.442843 2.371151 -0.633265 1.382703 -0.013262 -0.721325 -0.340531 0.602953
1311870484.477407 2.373861 -0.630124 1.377173 -0.013643 -0.719193 -0.340669 0.605410
1311870484.510960 2.376175 -0.627343 1.370496 -0.015314 -0.717194 -0.340481 0.607841
1311870484.543117 2.377272 -0.623293 1.364451 -0.016046 -0.715656 -0.341107 0.609282
1311870484.574757 2.377903 -0.619240 1.359448 -0.015970 -0.713841 -0.341847 0.610997
1311870484.611024 2.380065 -0.616327 1.352813 -0.016891 -0.711690 -0.340540 0.614203
1311870484.642843 2.384928 -0.611006 1.345214 -0.018597 -0.709610 -0.338694 0.617571
1311870484.674789 2.387095 -0.609141 1.337483 -0.021636 -0.707898 -0.337241 0.620226
1311870484.710829 2.390271 -0.605785 1.330783 -0.023153 -0.706602 -0.336315 0.622149
1311870484.745698 2.392603 -0.602018 1.325145 -0.023922 -0.704812 -0.335737 0.624459
1311870484.776248 2.394462 -0.599133 1.317184 -0.024195 -0.702469 -0.335240 0.627348
1311870484.810786 2.399093 -0.594729 1.309588 -0.024146 -0.700542 -0.334279 0.630012
1311870484.842884 2.402244 -0.591306 1.301847 -0.025484 -0.698509 -0.332910 0.632935
1311870484.875769 2.406170 -0.588280 1.293452 -0.026772 -0.696674 -0.331191 0.635799
1311870484.910716 2.409897 -0.584836 1.285261 -0.027773 -0.695045 -0.330219 0.638042
1311870484.944216 2.413474 -0.581162 1.277215 -0.028169 -0.693697 -0.329348 0.639938
1311870484.975102 2.419208 -0.578248 1.268713 -0.028262 -0.692308 -0.328556 0.641843
1311870485.010871 2.424916 -0.574888 1.259817 -0.028886 -0.690937 -0.327761 0.643695
1311870485.043233 2.431213 -0.571588 1.251389 -0.029752 -0.689968 -0.327408 0.644874
1311870485.074769 2.437102 -0.569090 1.243737 -0.031022 -0.688922 -0.327562 0.645853
1311870485.110743 2.440995 -0.565897 1.236521 -0.032308 -0.687763 -0.327262 0.647177
1311870485.142899 2.445941 -0.562272 1.229094 -0.033425 -0.686640 -0.327430 0.648227
1311870485.178176 2.447233 -0.556047 1.224337 -0.034162 -0.685889 -0.328181 0.648604
1311870485.210890 2.449632 -0.554718 1.219490 -0.035926 -0.684720 -0.328424 0.649620
1311870485.249643 2.450019 -0.551946 1.215143 -0.036410 -0.683344 -0.328585 0.650958
1311870485.275402 2.450917 -0.550042 1.210384 -0.035135 -0.682042 -0.330370 0.651491
1311870485.310982 2.451855 -0.549008 1.206599 -0.033682 -0.680671 -0.331619 0.652366
1311870485.345369 2.452577 -0.545927 1.201983 -0.032846 -0.679269 -0.331303 0.654029
1311870485.375407 2.454492 -0.544661 1.196435 -0.032623 -0.678526 -0.331292 0.654816
1311870485.411025 2.456592 -0.544477 1.192348 -0.032626 -0.678185 -0.332131 0.654744
1311870485.445002 2.454925 -0.543619 1.191230 -0.032289 -0.677518 -0.333061 0.654979
1311870485.476895 2.453948 -0.542642 1.189447 -0.031394 -0.676272 -0.333851 0.655907
1311870485.510894 2.451677 -0.539227 1.187328 -0.030681 -0.674599 -0.334830 0.657163
1311870485.546561 2.447446 -0.537534 1.184090 -0.030874 -0.673330 -0.335631 0.658047
1311870485.575341 2.444057 -0.537590 1.179992 -0.030945 -0.673099 -0.336000 0.658092
1311870485.612777 2.440217 -0.535845 1.176875 -0.030870 -0.673471 -0.336470 0.657474
1311870485.643456 2.436256 -0.535546 1.173058 -0.030879 -0.674306 -0.336470 0.656617
1311870485.676367 2.431862 -0.534877 1.169454 -0.030451 -0.675636 -0.336546 0.655230
1311870485.714523 2.426595 -0.533663 1.166952 -0.030294 -0.677325 -0.335742 0.653904
1311870485.744269 2.423876 -0.533123 1.164261 -0.030681 -0.678982 -0.334450 0.652828
1311870485.776038 2.419304 -0.532550 1.162251 -0.031588 -0.680379 -0.333883 0.651620
1311870485.814596 2.410897 -0.530859 1.159788 -0.033144 -0.681435 -0.333282 0.650746
1311870485.844633 2.401064 -0.531325 1.156787 -0.033702 -0.683036 -0.332310 0.649536
1311870485.875826 2.393626 -0.532033 1.155358 -0.033455 -0.684854 -0.330139 0.648740
1311870485.914049 2.387527 -0.533257 1.152537 -0.033429 -0.686489 -0.326675 0.648767
1311870485.946463 2.382512 -0.534330 1.149815 -0.033568 -0.688260 -0.324110 0.648169
1311870485.976519 2.375990 -0.535430 1.148298 -0.033052 -0.689818 -0.323241 0.646973
1311870486.014211 2.370815 -0.536538 1.147881 -0.031892 -0.690845 -0.322973 0.646068
1311870486.043924 2.362995 -0.537818 1.146103 -0.031309 -0.691103 -0.322524 0.646045
1311870486.077096 2.358734 -0.538053 1.144354 -0.030916 -0.691721 -0.321028 0.646149
1311870486.114309 2.353674 -0.539470 1.142660 -0.031059 -0.692061 -0.320230 0.646174
1311870486.146847 2.348178 -0.539590 1.141789 -0.031048 -0.691988 -0.320048 0.646342
1311870486.176394 2.341108 -0.540969 1.139293 -0.030825 -0.691637 -0.319701 0.646900
1311870486.215167 2.337539 -0.540665 1.137544 -0.029078 -0.691410 -0.320225 0.646964
1311870486.247416 2.329178 -0.541966 1.135588 -0.026917 -0.690639 -0.321698 0.647150
1311870486.277315 2.327512 -0.542903 1.132642 -0.023509 -0.690321 -0.321525 0.647708
1311870486.314593 2.325116 -0.542162 1.130711 -0.022137 -0.689553 -0.321227 0.648722
1311870486.344442 2.321691 -0.542187 1.127497 -0.021366 -0.688637 -0.321031 0.649817
1311870486.374888 2.317881 -0.542195 1.124174 -0.020850 -0.687851 -0.320584 0.650885
1311870486.410964 2.315687 -0.541913 1.120035 -0.020539 -0.687054 -0.319917 0.652064
1311870486.446126 2.312702 -0.540911 1.117159 -0.020112 -0.686449 -0.319413 0.652961
1311870486.475142 2.308612 -0.541348 1.113536 -0.019525 -0.685416 -0.318651 0.654435
1311870486.513695 2.308568 -0.540631 1.107449 -0.018509 -0.684235 -0.317474 0.656270
1311870486.544595 2.306991 -0.539061 1.102016 -0.018250 -0.683387 -0.317180 0.657302
1311870486.577795 2.303090 -0.539286 1.097146 -0.018377 -0.682346 -0.316578 0.658669
1311870486.614111 2.302316 -0.539993 1.093405 -0.017570 -0.681012 -0.314745 0.660946
1311870486.644716 2.302811 -0.539519 1.088734 -0.016977 -0.678250 -0.312072 0.665057
1311870486.677991 2.300709 -0.539458 1.082056 -0.017173 -0.674790 -0.308981 0.669996
1311870486.713699 2.296075 -0.540565 1.072383 -0.015779 -0.672173 -0.306449 0.673813
1311870486.747476 2.299532 -0.542109 1.063734 -0.011948 -0.670917 -0.304603 0.675977
1311870486.775603 2.301024 -0.543394 1.058495 -0.009634 -0.669084 -0.301477 0.679224
1311870486.814059 2.300492 -0.543718 1.049731 -0.009337 -0.665902 -0.296846 0.684375
1311870486.843922 2.301715 -0.543734 1.040285 -0.008440 -0.663606 -0.292799 0.688349
1311870486.876884 2.302887 -0.544879 1.032503 -0.007871 -0.661382 -0.289475 0.691894
1311870486.910964 2.301157 -0.547260 1.021594 -0.006881 -0.659043 -0.285653 0.695714
1311870486.944171 2.302886 -0.547613 1.010535 -0.003794 -0.657898 -0.281679 0.698436
1311870486.974944 2.308114 -0.545602 1.003007 -0.000134 -0.657151 -0.278747 0.700323
1311870487.013483 2.310294 -0.546269 0.995244 0.001004 -0.655672 -0.275647 0.702931
1311870487.045716 2.310889 -0.546439 0.984482 0.002169 -0.654463 -0.271484 0.705670
1311870487.074835 2.315082 -0.544658 0.976333 0.003233 -0.654340 -0.267660 0.707239
1311870487.113212 2.317809 -0.545839 0.970649 0.004275 -0.653698 -0.264865 0.708877
1311870487.144542 2.320053 -0.545548 0.965375 0.005808 -0.652314 -0.261862 0.711253
1311870487.174917 2.322571 -0.544775 0.960506 0.007163 -0.650610 -0.257984 0.714213
1311870487.212424 2.327443 -0.543933 0.951128 0.008441 -0.648285 -0.254383 0.717596
1311870487.250248 2.328319 -0.540750 0.945156 0.008955 -0.646589 -0.251429 0.720157
1311870487.274881 2.331825 -0.541986 0.937808 0.009024 -0.645289 -0.249216 0.722089
1311870487.314494 2.333794 -0.542724 0.931421 0.009353 -0.643887 -0.246672 0.724206
1311870487.343317 2.336116 -0.541439 0.926746 0.011606 -0.642526 -0.245123 0.725906
1311870487.375022 2.340740 -0.538807 0.921513 0.014951 -0.640388 -0.244636 0.727896
1311870487.412400 2.343476 -0.533202 0.916655 0.017002 -0.637983 -0.243994 0.730175
1311870487.443194 2.347443 -0.528372 0.907346 0.017565 -0.635885 -0.243957 0.732002
1311870487.475038 2.349346 -0.522496 0.901012 0.017403 -0.634873 -0.245163 0.732481
1311870487.514023 2.352121 -0.518123 0.898262 0.016583 -0.634191 -0.246670 0.732585
1311870487.544312 2.353472 -0.514848 0.894088 0.014955 -0.632974 -0.247268 0.733471
1311870487.575002 2.355404 -0.510370 0.890079 0.013130 -0.631955 -0.248038 0.734124
1311870487.611318 2.356252 -0.507431 0.887495 0.011361 -0.631118 -0.249295 0.734448
1311870487.643614 2.358134 -0.504189 0.885565 0.010205 -0.630044 -0.250603 0.734941
1311870487.674996 2.358523 -0.501095 0.883195 0.008337 -0.628609 -0.251670 0.735829
1311870487.710972 2.358567 -0.496680 0.880532 0.007200 -0.627961 -0.252846 0.735991
1311870487.743421 2.358211 -0.497232 0.881118 0.005536 -0.627614 -0.254136 0.735857
1311870487.775194 2.358830 -0.495459 0.880539 0.006099 -0.626704 -0.255061 0.736308
1311870487.811083 2.359442 -0.491254 0.879669 0.007169 -0.625451 -0.256794 0.736760
1311870487.844713 2.358842 -0.488852 0.878453 0.006575 -0.624581 -0.258257 0.736993
1311870487.875006 2.356700 -0.487109 0.876808 0.005301 -0.624332 -0.259246 0.736867
1311870487.912913 2.356528 -0.484591 0.876898 0.004296 -0.624786 -0.259813 0.736288
1311870487.944520 2.354274 -0.485532 0.878228 0.002968 -0.624652 -0.260287 0.736242
1311870487.975028 2.351502 -0.482204 0.877880 0.004319 -0.624157 -0.260883 0.736444
1311870488.013400 2.350459 -0.477746 0.878495 0.006091 -0.623969 -0.262489 0.736020
1311870488.045647 2.348683 -0.471824 0.877148 0.006539 -0.623681 -0.263720 0.735820
1311870488.075044 2.345730 -0.462712 0.876156 0.005349 -0.624671 -0.265145 0.734477
1311870488.114438 2.341763 -0.454002 0.877321 0.002724 -0.626475 -0.268861 0.731598
1311870488.143525 2.338842 -0.452891 0.879550 -0.001545 -0.628069 -0.272803 0.728770
1311870488.175287 2.333204 -0.456349 0.881722 -0.006002 -0.628708 -0.273980 0.727753
1311870488.215548 2.330401 -0.450684 0.881129 -0.006609 -0.628745 -0.274594 0.727485
1311870488.243035 2.327965 -0.447965 0.881978 -0.008428 -0.629041 -0.276993 0.726300
1311870488.275181 2.325229 -0.444473 0.881366 -0.011254 -0.629064 -0.277584 0.726015
1311870488.314277 2.320033 -0.440247 0.881839 -0.015035 -0.629966 -0.278230 0.724918
1311870488.343231 2.312665 -0.437269 0.886120 -0.016880 -0.631400 -0.280275 0.722838
1311870488.375053 2.310366 -0.435258 0.889857 -0.016773 -0.632000 -0.282865 0.721306
1311870488.413716 2.308646 -0.435076 0.893539 -0.017797 -0.631357 -0.283725 0.721507
1311870488.443189 2.305481 -0.432863 0.893612 -0.018542 -0.629675 -0.284491 0.722655
1311870488.475126 2.303416 -0.430906 0.894607 -0.019176 -0.628416 -0.285992 0.723142
1311870488.513911 2.299875 -0.428645 0.897277 -0.019986 -0.627220 -0.287248 0.723660
1311870488.543135 2.298283 -0.424540 0.897706 -0.021737 -0.626079 -0.287707 0.724415
1311870488.575150 2.295480 -0.424086 0.899096 -0.024940 -0.625593 -0.288514 0.724410
1311870488.614782 2.292810 -0.423478 0.901360 -0.027093 -0.625172 -0.289770 0.724195
1311870488.642988 2.289875 -0.422023 0.903247 -0.028641 -0.624195 -0.290843 0.724548
1311870488.675182 2.287977 -0.421501 0.905019 -0.029223 -0.622969 -0.291968 0.725128
1311870488.714949 2.285239 -0.422253 0.906244 -0.029209 -0.621069 -0.293350 0.726200
1311870488.742973 2.284414 -0.419229 0.906624 -0.027480 -0.619235 -0.294513 0.727362
1311870488.774991 2.284541 -0.415481 0.906851 -0.027430 -0.617494 -0.295213 0.728559
1311870488.813158 2.284008 -0.412915 0.906546 -0.028840 -0.615778 -0.295559 0.729816
1311870488.843027 2.285071 -0.409757 0.906891 -0.029632 -0.614035 -0.296864 0.730722
1311870488.875180 2.283735 -0.408558 0.907779 -0.030538 -0.611522 -0.299017 0.731913
1311870488.914190 2.284040 -0.403996 0.906311 -0.030265 -0.608734 -0.300334 0.733708
1311870488.943145 2.284804 -0.402090 0.902218 -0.030629 -0.606274 -0.302311 0.734916
1311870488.975055 2.287372 -0.398368 0.901395 -0.031039 -0.604625 -0.303830 0.735631
1311870489.015230 2.289071 -0.392954 0.901180 -0.032527 -0.602022 -0.304607 0.737378
1311870489.042989 2.289000 -0.393291 0.902482 -0.035744 -0.599738 -0.304065 0.739311
1311870489.075006 2.293596 -0.385922 0.896195 -0.036601 -0.596408 -0.305018 0.741567
1311870489.114834 2.295400 -0.382091 0.894626 -0.039650 -0.593204 -0.305281 0.743869
1311870489.143430 2.297599 -0.377755 0.890000 -0.042206 -0.590870 -0.303888 0.746152
1311870489.175392 2.298860 -0.373246 0.888118 -0.044862 -0.589608 -0.303370 0.747206
1311870489.214801 2.305478 -0.372328 0.882340 -0.046513 -0.588405 -0.303599 0.747960
1311870489.243220 2.308083 -0.369461 0.883119 -0.048733 -0.586447 -0.302882 0.749645
1311870489.275166 2.313891 -0.364419 0.874209 -0.051266 -0.582950 -0.301562 0.752730
1311870489.315177 2.316542 -0.356336 0.868680 -0.054083 -0.580637 -0.301490 0.754347
1311870489.343021 2.319039 -0.351959 0.863163 -0.056319 -0.579527 -0.302659 0.754569
1311870489.375409 2.322319 -0.348589 0.859839 -0.058698 -0.578590 -0.303557 0.754746
1311870489.411268 2.324266 -0.345636 0.853943 -0.060747 -0.577225 -0.303677 0.755580
1311870489.443337 2.328948 -0.341684 0.847356 -0.061442 -0.576120 -0.304906 0.755873
1311870489.475262 2.331109 -0.341253 0.842799 -0.062694 -0.574789 -0.305759 0.756438
1311870489.511309 2.335559 -0.338949 0.837235 -0.062984 -0.573625 -0.305202 0.757522
1311870489.543278 2.337664 -0.337262 0.832726 -0.063907 -0.573039 -0.304486 0.758176
1311870489.575205 2.340431 -0.333891 0.826939 -0.063259 -0.573099 -0.304885 0.758024
1311870489.611206 2.344655 -0.332363 0.821557 -0.063276 -0.573045 -0.305720 0.757728
1311870489.642879 2.347599 -0.330743 0.817331 -0.063322 -0.572754 -0.305073 0.758204
1311870489.675215 2.349607 -0.327774 0.813192 -0.063421 -0.572097 -0.304737 0.758827
1311870489.711229 2.352675 -0.326335 0.807906 -0.063465 -0.571738 -0.304548 0.759169
1311870489.743078 2.356226 -0.322992 0.802591 -0.063823 -0.571492 -0.304039 0.759529
1311870489.775225 2.358561 -0.320519 0.797867 -0.064816 -0.570993 -0.303641 0.759979
1311870489.811281 2.360776 -0.317815 0.794712 -0.065082 -0.570833 -0.303981 0.759940
1311870489.843240 2.364354 -0.314969 0.790793 -0.065599 -0.570023 -0.304656 0.760234
1311870489.881222 2.365483 -0.313235 0.787717 -0.066825 -0.568806 -0.304409 0.761137
1311870489.911377 2.368542 -0.311700 0.784589 -0.067959 -0.567952 -0.304171 0.761769
1311870489.943081 2.370335 -0.310349 0.781516 -0.068915 -0.567107 -0.304982 0.761988
1311870489.979557 2.372812 -0.306598 0.779265 -0.069356 -0.566263 -0.305691 0.762292
1311870490.011168 2.373811 -0.303614 0.777088 -0.070384 -0.564805 -0.306247 0.763056
1311870490.043138 2.375394 -0.299483 0.775691 -0.071021 -0.563785 -0.306413 0.763684
1311870490.081807 2.377187 -0.295566 0.773848 -0.072454 -0.562569 -0.307046 0.764192
1311870490.111060 2.378355 -0.291464 0.771556 -0.074264 -0.561504 -0.307657 0.764555
1311870490.143196 2.379239 -0.288387 0.769682 -0.076594 -0.560991 -0.308576 0.764332
1311870490.181076 2.379684 -0.287277 0.768290 -0.078193 -0.560534 -0.309864 0.763984
1311870490.211190 2.381065 -0.285643 0.766135 -0.078457 -0.559899 -0.311071 0.763932
1311870490.243373 2.382423 -0.282592 0.763151 -0.078600 -0.559140 -0.311786 0.764182
1311870490.281109 2.383124 -0.280394 0.760725 -0.078992 -0.559156 -0.311971 0.764054
1311870490.311195 2.386016 -0.278068 0.757238 -0.079468 -0.559446 -0.312227 0.763688
1311870490.343089 2.387718 -0.279284 0.755046 -0.079946 -0.559596 -0.312741 0.763318
1311870490.382586 2.389783 -0.278999 0.752755 -0.079523 -0.559286 -0.312932 0.763511
1311870490.411084 2.391308 -0.278910 0.749743 -0.079019 -0.559042 -0.312904 0.763753
1311870490.443151 2.394213 -0.277567 0.746190 -0.078215 -0.559186 -0.312895 0.763735
1311870490.483897 2.396410 -0.277478 0.744003 -0.077988 -0.559413 -0.312723 0.763662
1311870490.511192 2.399234 -0.277486 0.742058 -0.077606 -0.559265 -0.312151 0.764043
1311870490.543237 2.402709 -0.279719 0.740322 -0.076948 -0.558756 -0.311945 0.764566
1311870490.581310 2.406178 -0.279794 0.738835 -0.076030 -0.557957 -0.311503 0.765421
1311870490.611259 2.409183 -0.280064 0.737788 -0.075963 -0.556958 -0.310827 0.766430
1311870490.643214 2.410197 -0.281160 0.735560 -0.075882 -0.555970 -0.310459 0.767304
1311870490.679239 2.411777 -0.283542 0.735139 -0.075098 -0.555813 -0.309858 0.767737
1311870490.711269 2.413099 -0.287185 0.734707 -0.073657 -0.555591 -0.308866 0.768437
1311870490.743220 2.414528 -0.290387 0.735879 -0.072043 -0.556119 -0.306949 0.768976
1311870490.779308 2.415952 -0.294284 0.736661 -0.071020 -0.556803 -0.305400 0.769193
1311870490.811202 2.417482 -0.292106 0.736759 -0.068471 -0.557267 -0.304204 0.769562
1311870490.843222 2.420847 -0.293488 0.735960 -0.068011 -0.557881 -0.302994 0.769635
1311870490.879217 2.420813 -0.297641 0.736998 -0.068299 -0.558712 -0.302035 0.769384
1311870490.911255 2.421718 -0.299324 0.737776 -0.067596 -0.560012 -0.301545 0.768692
1311870490.943228 2.421573 -0.301655 0.738815 -0.067100 -0.561577 -0.301548 0.767592
1311870490.979347 2.422422 -0.310249 0.741510 -0.066607 -0.563331 -0.300726 0.766672
1311870491.011290 2.423790 -0.316311 0.742747 -0.064914 -0.564586 -0.299453 0.766392
1311870491.043154 2.425495 -0.321076 0.745005 -0.062593 -0.566310 -0.298093 0.765843
1311870491.079292 2.427465 -0.324183 0.745668 -0.060929 -0.567946 -0.296849 0.765249
1311870491.111326 2.429010 -0.327655 0.744997 -0.060909 -0.570685 -0.295791 0.763621
1311870491.143213 2.430129 -0.331587 0.745898 -0.062033 -0.574911 -0.295250 0.760564
1311870491.179327 2.430463 -0.338538 0.752887 -0.063481 -0.579367 -0.295016 0.757146
1311870491.211416 2.430318 -0.347065 0.760448 -0.063293 -0.581586 -0.294519 0.755652
1311870491.243379 2.428893 -0.351975 0.766893 -0.061516 -0.582333 -0.293402 0.755658
1311870491.279099 2.428166 -0.358247 0.771426 -0.058915 -0.583158 -0.292664 0.755516
1311870491.311156 2.427905 -0.361825 0.776195 -0.056484 -0.584686 -0.291929 0.754804
1311870491.343197 2.428094 -0.362987 0.781513 -0.054514 -0.586561 -0.291476 0.753668
1311870491.379175 2.427673 -0.368046 0.787345 -0.053804 -0.588325 -0.291406 0.752371
1311870491.411130 2.427748 -0.370752 0.792531 -0.052831 -0.589679 -0.291393 0.751384
1311870491.443276 2.426504 -0.374519 0.797987 -0.052366 -0.590955 -0.291269 0.750462
1311870491.479155 2.426225 -0.379630 0.804139 -0.051560 -0.592260 -0.290651 0.749727
1311870491.511162 2.426969 -0.383989 0.809989 -0.049995 -0.592949 -0.290129 0.749491
1311870491.543186 2.428082 -0.386497 0.815897 -0.049471 -0.593137 -0.289498 0.749622
1311870491.579136 2.428694 -0.388212 0.821659 -0.050188 -0.593593 -0.288258 0.749690
1311870491.611216 2.428289 -0.391834 0.827723 -0.050918 -0.594246 -0.288629 0.748981
1311870491.643223 2.427469 -0.396161 0.834506 -0.050033 -0.594611 -0.289859 0.748276
1311870491.679240 2.427616 -0.399890 0.841660 -0.048241 -0.594522 -0.290467 0.748228
1311870491.711210 2.428223 -0.403184 0.847943 -0.046557 -0.594256 -0.290242 0.748633
1311870491.743109 2.429322 -0.406563 0.854774 -0.045206 -0.594287 -0.290210 0.748704
1311870491.779329 2.431608 -0.409430 0.861737 -0.044949 -0.594428 -0.289890 0.748731
1311870491.811155 2.431388 -0.412620 0.868718 -0.046135 -0.594226 -0.288989 0.749168
1311870491.843188 2.433383 -0.415755 0.875891 -0.046902 -0.594342 -0.288325 0.749284
1311870491.879325 2.433952 -0.418443 0.883263 -0.047910 -0.594052 -0.289077 0.749160
1311870491.911296 2.434887 -0.421107 0.890138 -0.047952 -0.593988 -0.289887 0.748895
1311870491.943254 2.435052 -0.422445 0.896340 -0.048311 -0.593935 -0.290332 0.748742
1311870491.979292 2.437173 -0.425143 0.902572 -0.048381 -0.594390 -0.290940 0.748140
1311870492.011230 2.437737 -0.427443 0.909840 -0.048335 -0.594592 -0.292010 0.747566
1311870492.043219 2.438876 -0.429641 0.916093 -0.047800 -0.594486 -0.291900 0.747727
1311870492.079221 2.440684 -0.432248 0.922934 -0.047501 -0.594403 -0.291803 0.747850
1311870492.111294 2.442286 -0.434372 0.929281 -0.047634 -0.594293 -0.291768 0.747943
1311870492.143334 2.442559 -0.436080 0.935109 -0.048519 -0.594186 -0.291490 0.748079
1311870492.179310 2.443616 -0.439059 0.941758 -0.049301 -0.594516 -0.291200 0.747878
1311870492.211322 2.444346 -0.441483 0.947954 -0.049547 -0.594676 -0.291620 0.747571
1311870492.243271 2.443050 -0.443216 0.953196 -0.048916 -0.594759 -0.292115 0.747354
1311870492.279278 2.444617 -0.445315 0.959656 -0.047166 -0.595548 -0.291840 0.746945
1311870492.311357 2.448684 -0.447332 0.965162 -0.046420 -0.596037 -0.292548 0.746325
1311870492.343260 2.448680 -0.448539 0.970860 -0.046528 -0.596039 -0.293483 0.745950
1311870492.379293 2.449307 -0.449373 0.975940 -0.046687 -0.596431 -0.293376 0.745668
1311870492.411353 2.450438 -0.450622 0.980826 -0.046954 -0.597452 -0.293703 0.744705
1311870492.443309 2.451445 -0.451872 0.986547 -0.047662 -0.598602 -0.294364 0.743475
1311870492.479330 2.452564 -0.455075 0.992795 -0.047750 -0.599670 -0.295208 0.742272
1311870492.511312 2.453736 -0.456722 0.997829 -0.047096 -0.600324 -0.295702 0.741589
1311870492.543335 2.456611 -0.457242 1.002984 -0.047059 -0.601053 -0.296214 0.740795
1311870492.579262 2.457646 -0.458362 1.008331 -0.047831 -0.601491 -0.297041 0.740059
1311870492.611395 2.458612 -0.459851 1.013261 -0.048008 -0.601912 -0.297977 0.739329
1311870492.643303 2.460572 -0.462376 1.018968 -0.047735 -0.602313 -0.299521 0.738396
1311870492.679416 2.461888 -0.464266 1.024270 -0.047672 -0.602169 -0.300437 0.738144
1311870492.711364 2.462370 -0.466278 1.028755 -0.047750 -0.601880 -0.300586 0.738315
1311870492.743283 2.464509 -0.468142 1.033923 -0.047459 -0.602028 -0.301113 0.737998
1311870492.779457 2.464765 -0.470066 1.038879 -0.047670 -0.601958 -0.301347 0.737946
1311870492.811340 2.464807 -0.471687 1.043022 -0.047312 -0.601945 -0.300553 0.738303
1311870492.843308 2.465641 -0.474015 1.046877 -0.046241 -0.602219 -0.300099 0.738332
1311870492.879362 2.468070 -0.476163 1.051397 -0.045402 -0.602296 -0.299704 0.738482
1311870492.911641 2.467719 -0.476270 1.054471 -0.045930 -0.601856 -0.298395 0.739338
1311870492.943380 2.466243 -0.476222 1.056019 -0.046917 -0.602449 -0.296828 0.739424
1311870492.979305 2.468430 -0.475047 1.060371 -0.048519 -0.604625 -0.296200 0.737794
1311870493.011429 2.467057 -0.475288 1.062479 -0.052231 -0.605351 -0.296759 0.736720
1311870493.043316 2.464935 -0.476127 1.065264 -0.055595 -0.605809 -0.296211 0.736317
1311870493.079222 2.463951 -0.477292 1.068146 -0.057836 -0.605960 -0.296800 0.735784
1311870493.111251 2.462116 -0.477365 1.071589 -0.058383 -0.605082 -0.298077 0.735946
1311870493.143285 2.459212 -0.477500 1.072470 -0.058602 -0.603153 -0.298286 0.737427
1311870493.179267 2.457652 -0.476593 1.072778 -0.058530 -0.602132 -0.297772 0.738473
1311870493.211286 2.456703 -0.476251 1.073422 -0.059195 -0.601932 -0.298424 0.738320
1311870493.243266 2.452368 -0.477273 1.075269 -0.060682 -0.601543 -0.298261 0.738583
1311870493.279326 2.448114 -0.476578 1.074879 -0.060631 -0.601509 -0.295923 0.739554
1311870493.311344 2.448284 -0.474556 1.074880 -0.060955 -0.602587 -0.294150 0.739357
1311870493.343296 2.443444 -0.473274 1.075368 -0.062444 -0.603742 -0.292645 0.738888
1311870493.379352 2.441076 -0.473576 1.075091 -0.062789 -0.605314 -0.291427 0.738054
1311870493.411505 2.442353 -0.476411 1.075954 -0.062614 -0.606358 -0.291613 0.737138
1311870493.443388 2.442273 -0.480302 1.076217 -0.063164 -0.605711 -0.292295 0.737352
1311870493.479434 2.438220 -0.481512 1.075495 -0.062729 -0.604632 -0.292175 0.738322
1311870493.511475 2.433594 -0.479206 1.074989 -0.061863 -0.604053 -0.291332 0.739201
1311870493.543377 2.431561 -0.479851 1.074285 -0.062145 -0.604136 -0.290142 0.739577
1311870493.579523 2.429129 -0.481832 1.074488 -0.062746 -0.604091 -0.288928 0.740039
1311870493.611605 2.425779 -0.483851 1.073610 -0.062362 -0.603469 -0.287897 0.740980
1311870493.643420 2.425599 -0.484566 1.073045 -0.060659 -0.602472 -0.288209 0.741811
1311870493.679357 2.425483 -0.487914 1.073074 -0.059205 -0.600325 -0.288775 0.743447
1311870493.711375 2.419808 -0.484773 1.073425 -0.056280 -0.597457 -0.288186 0.746208
1311870493.743403 2.419698 -0.483419 1.072604 -0.054384 -0.595759 -0.288725 0.747497
1311870493.779356 2.415966 -0.482879 1.071598 -0.053861 -0.594687 -0.289150 0.748224
1311870493.811365 2.417481 -0.483313 1.071587 -0.054132 -0.594934 -0.288175 0.748384
1311870493.843390 2.415186 -0.482191 1.071569 -0.055534 -0.594654 -0.288216 0.748488
1311870493.879323 2.410792 -0.482404 1.073107 -0.056090 -0.594373 -0.288735 0.748469
1311870493.911477 2.408103 -0.482426 1.074010 -0.054851 -0.593975 -0.289574 0.748553
1311870493.943368 2.405974 -0.481681 1.075568 -0.052604 -0.593659 -0.291570 0.748190
1311870493.979508 2.404776 -0.482949 1.076970 -0.051046 -0.593404 -0.293636 0.747692
1311870494.011888 2.400096 -0.483397 1.078656 -0.050109 -0.593151 -0.293938 0.747838
1311870494.043210 2.401027 -0.482742 1.080067 -0.049445 -0.594311 -0.293298 0.747212
1311870494.079376 2.396194 -0.482925 1.082250 -0.050537 -0.595961 -0.292666 0.746072
1311870494.111398 2.394976 -0.484250 1.085400 -0.051501 -0.598218 -0.292081 0.744427
1311870494.143313 2.392140 -0.486582 1.089393 -0.052474 -0.600063 -0.292133 0.742852
1311870494.179353 2.390925 -0.488677 1.093332 -0.052260 -0.601589 -0.292190 0.741610
1311870494.211397 2.387402 -0.490313 1.096956 -0.051574 -0.602894 -0.292305 0.740552
1311870494.243321 2.386239 -0.492548 1.100638 -0.049688 -0.604843 -0.293273 0.738707
1311870494.279553 2.384836 -0.495487 1.105271 -0.047619 -0.606832 -0.294998 0.736521
1311870494.311381 2.385129 -0.500751 1.110441 -0.045424 -0.608540 -0.296178 0.734775
1311870494.343373 2.387020 -0.503587 1.115209 -0.043819 -0.609522 -0.296641 0.733871
1311870494.379546 2.385076 -0.504793 1.119951 -0.043292 -0.610231 -0.296104 0.733530
1311870494.411300 2.386124 -0.506522 1.124710 -0.043651 -0.611341 -0.295707 0.732744
1311870494.443357 2.385538 -0.508405 1.131222 -0.044706 -0.612988 -0.296552 0.730961
1311870494.479365 2.384100 -0.511852 1.137172 -0.045862 -0.614479 -0.298149 0.728985
1311870494.511516 2.383124 -0.516102 1.142657 -0.045442 -0.615629 -0.299936 0.727306
1311870494.543527 2.382391 -0.518889 1.147833 -0.043905 -0.616448 -0.302258 0.725743
1311870494.579608 2.379080 -0.520842 1.153178 -0.042697 -0.617143 -0.303797 0.724582
1311870494.611451 2.379890 -0.523239 1.157325 -0.041866 -0.618666 -0.303835 0.723315
1311870494.643379 2.380031 -0.524454 1.161372 -0.042008 -0.620724 -0.304562 0.721234
1311870494.679420 2.379948 -0.527053 1.166005 -0.042462 -0.623071 -0.305651 0.718719
1311870494.711486 2.380016 -0.529822 1.170071 -0.042696 -0.624846 -0.306630 0.716745
1311870494.743354 2.380472 -0.531700 1.175395 -0.042400 -0.626618 -0.307826 0.714700
1311870494.779566 2.380665 -0.533625 1.179670 -0.042420 -0.628062 -0.309459 0.712723
1311870494.811428 2.381660 -0.536206 1.184033 -0.043484 -0.629130 -0.310420 0.711298
1311870494.843396 2.379240 -0.535741 1.188268 -0.044578 -0.629940 -0.311031 0.710245
1311870494.879540 2.377561 -0.535761 1.191604 -0.045070 -0.631201 -0.311958 0.708686
1311870494.911510 2.376193 -0.536267 1.194854 -0.045433 -0.632634 -0.312809 0.707008
1311870494.943602 2.376324 -0.537825 1.197654 -0.045621 -0.634221 -0.313342 0.705336
1311870494.979390 2.376007 -0.539335 1.201000 -0.045142 -0.635916 -0.314036 0.703530
1311870495.011491 2.377813 -0.540712 1.203651 -0.044292 -0.637542 -0.315133 0.701619
1311870495.043432 2.376869 -0.541506 1.206753 -0.044020 -0.638759 -0.316033 0.700123
1311870495.079467 2.377514 -0.542895 1.209011 -0.043413 -0.639953 -0.316512 0.698854
1311870495.111297 2.377591 -0.543421 1.211540 -0.042717 -0.641177 -0.317468 0.697339
1311870495.143348 2.377222 -0.544454 1.213946 -0.041786 -0.642491 -0.318410 0.695754
1311870495.179441 2.378558 -0.545966 1.216315 -0.040754 -0.643693 -0.319205 0.694339
1311870495.211492 2.378778 -0.546946 1.219003 -0.040153 -0.644626 -0.319841 0.693215
1311870495.243412 2.380308 -0.548465 1.221407 -0.039628 -0.645666 -0.320575 0.691937
1311870495.279615 2.380089 -0.549731 1.223839 -0.039188 -0.646562 -0.321908 0.690505
1311870495.311423 2.381247 -0.550813 1.226259 -0.038412 -0.647566 -0.323044 0.689075
1311870495.343427 2.381533 -0.551054 1.228321 -0.037633 -0.648405 -0.324748 0.687527
1311870495.379434 2.382438 -0.551091 1.229859 -0.036543 -0.649378 -0.326424 0.685872
1311870495.411446 2.384478 -0.550605 1.231160 -0.035912 -0.650689 -0.328211 0.683807
1311870495.443388 2.384853 -0.551013 1.233061 -0.036130 -0.651911 -0.330253 0.681644
1311870495.479588 2.384895 -0.549898 1.234119 -0.035458 -0.653165 -0.332085 0.679586
1311870495.511384 2.387118 -0.549486 1.234921 -0.035110 -0.654755 -0.334533 0.676869
1311870495.543386 2.386917 -0.549354 1.236708 -0.035033 -0.656102 -0.336931 0.674374
1311870495.579444 2.388716 -0.548140 1.237315 -0.035371 -0.657509 -0.338620 0.672136
1311870495.611710 2.387935 -0.546824 1.237995 -0.036190 -0.659494 -0.340057 0.669417
1311870495.643449 2.388687 -0.544900 1.236460 -0.037046 -0.661559 -0.341610 0.666536
1311870495.679371 2.389338 -0.544936 1.236354 -0.038371 -0.663992 -0.342522 0.663567
1311870495.711761 2.391701 -0.545373 1.237426 -0.039227 -0.666299 -0.343008 0.660949
1311870495.743600 2.394855 -0.548299 1.236989 -0.040147 -0.667522 -0.343298 0.659506
1311870495.779388 2.395169 -0.547775 1.235949 -0.040126 -0.668051 -0.343251 0.658997
1311870495.811625 2.395954 -0.547879 1.234236 -0.038593 -0.668815 -0.343103 0.658390
1311870495.843576 2.404528 -0.548231 1.231588 -0.037387 -0.669780 -0.342926 0.657571
1311870495.879595 2.405977 -0.546971 1.232578 -0.038654 -0.670638 -0.341934 0.657139
1311870495.911554 2.408113 -0.546886 1.230156 -0.039799 -0.670637 -0.340659 0.657734
1311870495.943537 2.411955 -0.546766 1.227917 -0.040207 -0.670381 -0.339858 0.658384
1311870495.979656 2.414173 -0.546787 1.225484 -0.040030 -0.669521 -0.339765 0.659317
1311870496.011625 2.417036 -0.547068 1.223062 -0.038761 -0.668386 -0.339281 0.660792
1311870496.043556 2.420860 -0.546727 1.218937 -0.037229 -0.666883 -0.339029 0.662525
1311870496.079440 2.425326 -0.545939 1.215387 -0.036785 -0.665955 -0.338365 0.663822
1311870496.111791 2.429465 -0.545736 1.211087 -0.037569 -0.665226 -0.337456 0.664972
1311870496.143401 2.431815 -0.545743 1.207231 -0.038447 -0.664624 -0.336185 0.666165
1311870496.179563 2.436181 -0.545299 1.202010 -0.038695 -0.664434 -0.334496 0.667190
1311870496.211581 2.439815 -0.545077 1.197441 -0.038052 -0.664398 -0.334224 0.667399
1311870496.243641 2.445740 -0.544907 1.192608 -0.036349 -0.664378 -0.334397 0.667428
1311870496.279839 2.453698 -0.542656 1.187523 -0.035807 -0.663818 -0.334314 0.668055
1311870496.311445 2.458643 -0.540106 1.182301 -0.036776 -0.663166 -0.334082 0.668766
1311870496.343426 2.464041 -0.537655 1.177741 -0.037908 -0.663064 -0.334428 0.668631
1311870496.379559 2.467016 -0.536651 1.174283 -0.038688 -0.663252 -0.335851 0.667685
1311870496.411605 2.472476 -0.536605 1.171464 -0.037955 -0.662895 -0.337253 0.667376
1311870496.443469 2.476875 -0.535205 1.169258 -0.036952 -0.661716 -0.338079 0.668184
1311870496.479565 2.481457 -0.532921 1.166622 -0.036357 -0.660378 -0.338044 0.669556
1311870496.511618 2.486817 -0.530943 1.164313 -0.036014 -0.659486 -0.338251 0.670349
1311870496.543663 2.489650 -0.530303 1.164119 -0.036399 -0.658840 -0.338715 0.670729
1311870496.579536 2.492685 -0.530154 1.163622 -0.036009 -0.657948 -0.338607 0.671679
1311870496.611486 2.497544 -0.529689 1.163256 -0.035580 -0.656786 -0.338647 0.672819
1311870496.643485 2.498882 -0.528471 1.163653 -0.035517 -0.655535 -0.338882 0.673922
1311870496.679506 2.502674 -0.527922 1.160959 -0.035415 -0.654775 -0.338482 0.674867
1311870496.711627 2.504683 -0.528739 1.161810 -0.036560 -0.654720 -0.338184 0.675009
1311870496.743548 2.504094 -0.530249 1.163874 -0.036852 -0.654412 -0.337206 0.675781
1311870496.779658 2.504974 -0.530521 1.164419 -0.035454 -0.654188 -0.335686 0.676828
1311870496.811666 2.510993 -0.530979 1.162832 -0.034201 -0.654459 -0.334639 0.677148
1311870496.843618 2.512773 -0.532394 1.163054 -0.034169 -0.654970 -0.333972 0.676985
1311870496.879599 2.514373 -0.533322 1.163858 -0.033836 -0.656156 -0.332735 0.676462
1311870496.911711 2.515427 -0.535139 1.166410 -0.033306 -0.657222 -0.331815 0.675906
1311870496.943683 2.517113 -0.538035 1.168929 -0.032551 -0.657890 -0.330604 0.675886
1311870496.979493 2.518938 -0.539612 1.170746 -0.031485 -0.658752 -0.329234 0.675766
1311870497.011669 2.520141 -0.542496 1.173758 -0.030535 -0.659586 -0.328652 0.675279
1311870497.043473 2.521060 -0.545208 1.176880 -0.028392 -0.660092 -0.328629 0.674889
1311870497.079687 2.523525 -0.547294 1.180108 -0.026019 -0.660562 -0.329224 0.674235
1311870497.111612 2.523932 -0.549312 1.183902 -0.024009 -0.661034 -0.330024 0.673455
1311870497.143721 2.526395 -0.551776 1.186809 -0.022150 -0.661593 -0.330559 0.672707
1311870497.179611 2.526763 -0.554067 1.191962 -0.021266 -0.662441 -0.331513 0.671431
1311870497.211751 2.525877 -0.556761 1.195527 -0.019685 -0.663241 -0.332560 0.670170
1311870497.243694 2.527860 -0.559600 1.199932 -0.018230 -0.664407 -0.333668 0.668503
1311870497.279855 2.527576 -0.562291 1.205313 -0.017344 -0.665600 -0.334136 0.667106
1311870497.311714 2.528434 -0.565333 1.210526 -0.016868 -0.666946 -0.334206 0.665736
1311870497.343508 2.528791 -0.568249 1.217126 -0.017136 -0.668277 -0.334308 0.664342
1311870497.379599 2.528943 -0.570952 1.222962 -0.017651 -0.669419 -0.334299 0.663182
1311870497.411557 2.529772 -0.573097 1.228694 -0.018411 -0.670534 -0.334712 0.661826
1311870497.443690 2.529357 -0.575601 1.235010 -0.018730 -0.671769 -0.335450 0.660189
1311870497.479735 2.529987 -0.578440 1.241039 -0.018891 -0.673070 -0.336531 0.658306
1311870497.511707 2.530956 -0.580890 1.247197 -0.019964 -0.674376 -0.337480 0.656450
1311870497.543641 2.529586 -0.582530 1.253609 -0.021623 -0.675980 -0.337630 0.654668
1311870497.579833 2.530321 -0.584766 1.259218 -0.022610 -0.677899 -0.338394 0.652251
1311870497.611790 2.531224 -0.588406 1.265899 -0.022389 -0.679422 -0.340336 0.649658
1311870497.643755 2.531445 -0.592267 1.272490 -0.022228 -0.679998 -0.341523 0.648437
1311870497.679782 2.531199 -0.593153 1.277823 -0.022854 -0.680490 -0.340664 0.648351
1311870497.711783 2.531768 -0.594473 1.284433 -0.024363 -0.681683 -0.340241 0.647264
1311870497.743625 2.531154 -0.596702 1.290111 -0.026128 -0.682954 -0.340615 0.645657
1311870497.779826 2.530812 -0.599946 1.296744 -0.027505 -0.684017 -0.340591 0.644486
1311870497.811723 2.530325 -0.602459 1.302374 -0.027996 -0.684472 -0.340807 0.643867
1311870497.843750 2.530756 -0.604347 1.307364 -0.027382 -0.684766 -0.341705 0.643105
1311870497.879674 2.530829 -0.605370 1.312422 -0.026704 -0.684998 -0.342652 0.642382
1311870497.911821 2.530305 -0.606160 1.316442 -0.026431 -0.685345 -0.343007 0.641833
1311870497.943701 2.532411 -0.607207 1.320168 -0.026480 -0.685755 -0.343352 0.641208
1311870497.979692 2.531486 -0.607869 1.323878 -0.026379 -0.685924 -0.344822 0.640243
1311870498.011908 2.530664 -0.609055 1.327233 -0.025418 -0.686148 -0.346209 0.639292
1311870498.043847 2.532065 -0.609038 1.329387 -0.024368 -0.686175 -0.347230 0.638750
1311870498.079623 2.531760 -0.609148 1.331758 -0.024302 -0.686081 -0.348460 0.638183
1311870498.111753 2.528946 -0.608622 1.333638 -0.024289 -0.686095 -0.349176 0.637777
1311870498.143624 2.528884 -0.607908 1.335035 -0.023578 -0.686608 -0.349937 0.636834
1311870498.179863 2.529348 -0.607386 1.335178 -0.023332 -0.687067 -0.350939 0.635796
1311870498.211623 2.528038 -0.607533 1.335871 -0.023586 -0.687475 -0.351668 0.634942
1311870498.243773 2.528752 -0.607262 1.335573 -0.023436 -0.687628 -0.352107 0.634538
1311870498.279753 2.527074 -0.607934 1.335585 -0.023641 -0.687319 -0.352849 0.634453
1311870498.311829 2.527592 -0.610258 1.335253 -0.022939 -0.686117 -0.352955 0.635720
1311870498.343830 2.527964 -0.610733 1.334496 -0.022227 -0.683778 -0.352234 0.638659
1311870498.379719 2.523366 -0.607245 1.333209 -0.021066 -0.681329 -0.350559 0.642227
1311870498.411770 2.526409 -0.601886 1.327536 -0.020413 -0.679506 -0.348773 0.645145
1311870498.443588 2.529863 -0.599280 1.322126 -0.022389 -0.678341 -0.349335 0.646001
1311870498.479824 2.525828 -0.595521 1.318246 -0.025115 -0.677293 -0.349467 0.646928
1311870498.511760 2.524641 -0.592927 1.313448 -0.026450 -0.676187 -0.349072 0.648244
1311870498.543664 2.521674 -0.590920 1.307752 -0.026454 -0.674718 -0.349001 0.649811
1311870498.579847 2.523676 -0.588011 1.299455 -0.026195 -0.673069 -0.348138 0.651990
1311870498.612284 2.522997 -0.585304 1.291781 -0.027927 -0.671320 -0.345381 0.655180
1311870498.643972 2.519537 -0.583078 1.284190 -0.030083 -0.670050 -0.341350 0.658489
1311870498.679748 2.521971 -0.582361 1.275481 -0.030943 -0.669328 -0.338058 0.660877
1311870498.711836 2.523353 -0.579745 1.267385 -0.032250 -0.667685 -0.335937 0.663553
1311870498.743611 2.522714 -0.574417 1.258541 -0.034754 -0.665500 -0.332055 0.667564
1311870498.779817 2.517586 -0.568650 1.248159 -0.037387 -0.663819 -0.328187 0.670999
1311870498.811828 2.516079 -0.564909 1.237892 -0.038441 -0.663305 -0.325537 0.672737
1311870498.843754 2.515668 -0.561916 1.227621 -0.039004 -0.662789 -0.323458 0.674214
1311870498.879682 2.513704 -0.558517 1.217583 -0.039037 -0.661711 -0.320644 0.676611
1311870498.911793 2.516896 -0.555967 1.208499 -0.038215 -0.660449 -0.317989 0.679139
1311870498.943959 2.518247 -0.551268 1.199354 -0.037969 -0.658388 -0.317105 0.681563
1311870498.979675 2.514967 -0.545752 1.189231 -0.037933 -0.655980 -0.316082 0.684357
1311870499.011674 2.513259 -0.539327 1.178518 -0.037218 -0.654864 -0.313632 0.686587
1311870499.047750 2.516325 -0.533603 1.169700 -0.037104 -0.654728 -0.313383 0.686838
1311870499.079561 2.514644 -0.529464 1.159724 -0.037099 -0.653591 -0.314376 0.687467
1311870499.111876 2.513279 -0.524626 1.151847 -0.036584 -0.652174 -0.314125 0.688953
1311870499.147720 2.512957 -0.520273 1.144256 -0.035840 -0.650775 -0.313057 0.690798
1311870499.179917 2.512110 -0.515908 1.137443 -0.034745 -0.649186 -0.313217 0.692275
1311870499.211843 2.509671 -0.512490 1.130275 -0.032913 -0.647357 -0.313653 0.693878
1311870499.247640 2.507939 -0.508914 1.123037 -0.030926 -0.645880 -0.313225 0.695537
1311870499.279843 2.508284 -0.505453 1.116664 -0.030085 -0.644821 -0.312299 0.696972
1311870499.311852 2.506000 -0.501480 1.111154 -0.030877 -0.644124 -0.311643 0.697875
1311870499.347761 2.502217 -0.499371 1.105120 -0.032308 -0.644271 -0.311343 0.697808
1311870499.379654 2.501155 -0.499193 1.097314 -0.033783 -0.644593 -0.310992 0.697598
1311870499.411904 2.498666 -0.498750 1.092938 -0.035531 -0.644530 -0.310482 0.697797
1311870499.447712 2.492178 -0.498279 1.086931 -0.036133 -0.643388 -0.310272 0.698912
1311870499.479701 2.487158 -0.497255 1.080700 -0.034679 -0.642469 -0.309525 0.700161
1311870499.511929 2.483234 -0.498058 1.074760 -0.032446 -0.641685 -0.309426 0.701030
1311870499.547724 2.480337 -0.497734 1.070136 -0.029372 -0.640836 -0.309621 0.701855
1311870499.580101 2.474996 -0.496385 1.065436 -0.026925 -0.638971 -0.309649 0.703639
1311870499.611806 2.469796 -0.494078 1.059396 -0.023733 -0.637603 -0.309042 0.705260
1311870499.647772 2.467250 -0.491097 1.054035 -0.021437 -0.636566 -0.308942 0.706314
1311870499.679669 2.463370 -0.488345 1.047634 -0.020609 -0.635335 -0.308592 0.707599
1311870499.711830 2.458896 -0.483597 1.042077 -0.020320 -0.634375 -0.307930 0.708755
1311870499.747903 2.455192 -0.481631 1.039178 -0.020892 -0.634174 -0.308758 0.708558
1311870499.779757 2.448239 -0.477034 1.033170 -0.022017 -0.632914 -0.309936 0.709137
1311870499.811836 2.437011 -0.473818 1.029278 -0.022051 -0.631769 -0.310307 0.709994
1311870499.847770 2.431050 -0.469241 1.022875 -0.019350 -0.630836 -0.311459 0.710398
1311870499.879787 2.422117 -0.465031 1.017490 -0.017191 -0.629764 -0.312677 0.710869
1311870499.911800 2.412258 -0.461178 1.011070 -0.016072 -0.629110 -0.311321 0.712068
1311870499.947701 2.406800 -0.460774 1.001244 -0.015941 -0.629703 -0.308566 0.712746
1311870499.979829 2.398464 -0.458762 0.994493 -0.015418 -0.631119 -0.306970 0.712194
1311870500.011682 2.393368 -0.458280 0.989433 -0.014384 -0.632731 -0.305554 0.711393
1311870500.047754 2.386970 -0.457607 0.986621 -0.014688 -0.633201 -0.303429 0.711879
1311870500.079955 2.378046 -0.457790 0.979061 -0.014264 -0.632267 -0.301538 0.713520
1311870500.111923 2.370723 -0.455570 0.973850 -0.011392 -0.631885 -0.300732 0.714249
1311870500.147807 2.362777 -0.454294 0.968733 -0.009241 -0.631245 -0.300076 0.715121
1311870500.179782 2.356800 -0.452657 0.961591 -0.008079 -0.630284 -0.298363 0.716698
1311870500.211909 2.349220 -0.447904 0.959013 -0.006664 -0.630131 -0.297289 0.717293
1311870500.247783 2.344038 -0.444274 0.955870 -0.005703 -0.629301 -0.297995 0.717737
1311870500.279624 2.335947 -0.441982 0.950621 -0.005942 -0.627889 -0.297997 0.718970
1311870500.311946 2.330600 -0.437950 0.945143 -0.006507 -0.626922 -0.297479 0.720023
1311870500.347791 2.324148 -0.434174 0.939495 -0.006377 -0.626083 -0.298552 0.720310
1311870500.379875 2.321880 -0.429383 0.936079 -0.007224 -0.625224 -0.300014 0.720441
1311870500.411721 2.314379 -0.427376 0.931131 -0.010393 -0.623686 -0.301046 0.721303
1311870500.447890 2.305178 -0.426223 0.924249 -0.011869 -0.622617 -0.302272 0.721692
1311870500.479808 2.298603 -0.427146 0.918519 -0.010062 -0.622158 -0.304067 0.721361
1311870500.511934 2.296269 -0.425522 0.914177 -0.006431 -0.620945 -0.305114 0.722005
1311870500.547775 2.291192 -0.422743 0.906268 -0.003874 -0.618505 -0.305091 0.724124
1311870500.579706 2.289184 -0.419604 0.899645 -0.002433 -0.617241 -0.304462 0.725473
1311870500.611853 2.285896 -0.417842 0.893170 -0.002095 -0.615872 -0.304169 0.726759
1311870500.647928 2.284779 -0.416616 0.886915 -0.002157 -0.614336 -0.302848 0.728608
1311870500.679732 2.281468 -0.413818 0.880961 -0.001757 -0.612040 -0.301729 0.731002
1311870500.711786 2.280525 -0.410678 0.874959 -0.000750 -0.609720 -0.300649 0.733384
1311870500.747952 2.281062 -0.407328 0.868212 -0.000974 -0.606952 -0.299408 0.736182
1311870500.779943 2.277930 -0.403851 0.857044 -0.002117 -0.603266 -0.297648 0.739913
1311870500.811954 2.278644 -0.400541 0.848784 -0.003056 -0.601069 -0.294924 0.742783
1311870500.848004 2.277031 -0.397003 0.838836 -0.003986 -0.598651 -0.293412 0.745325
1311870500.880131 2.277028 -0.393881 0.827505 -0.003484 -0.596343 -0.291521 0.747916
1311870500.911759 2.279443 -0.391335 0.817642 -0.002536 -0.594108 -0.289016 0.750665
1311870500.947879 2.282407 -0.387265 0.806290 -0.001602 -0.591228 -0.287184 0.753639
1311870500.979878 2.284842 -0.382776 0.792334 -0.001297 -0.588116 -0.284619 0.757041
1311870501.011943 2.289752 -0.379563 0.782409 -0.002240 -0.586015 -0.281664 0.759768
1311870501.047804 2.292878 -0.372717 0.770102 -0.003383 -0.583208 -0.279935 0.762557
1311870501.079842 2.296268 -0.368124 0.756128 -0.005151 -0.580731 -0.278763 0.764863
1311870501.111897 2.299203 -0.365403 0.745968 -0.007607 -0.578360 -0.276499 0.767457
1311870501.147952 2.301625 -0.360466 0.734257 -0.010809 -0.575367 -0.273937 0.770581
1311870501.179865 2.300642 -0.356676 0.719584 -0.014167 -0.572259 -0.271178 0.773809
1311870501.211743 2.301506 -0.353478 0.708048 -0.015610 -0.570758 -0.267860 0.776043
1311870501.248040 2.305421 -0.349933 0.696080 -0.015951 -0.569590 -0.265932 0.777556
1311870501.279931 2.308716 -0.346011 0.685596 -0.015872 -0.567436 -0.265077 0.779422
1311870501.311750 2.311316 -0.342209 0.674731 -0.015863 -0.564747 -0.263538 0.781893
1311870501.348003 2.314301 -0.335902 0.663899 -0.016842 -0.562623 -0.262099 0.783885
1311870501.379857 2.315702 -0.328511 0.652701 -0.017733 -0.561157 -0.262021 0.784942
1311870501.411963 2.318243 -0.323660 0.644120 -0.018507 -0.559674 -0.263070 0.785632
1311870501.447890 2.317564 -0.317816 0.634153 -0.018507 -0.557928 -0.263680 0.786668
1311870501.479909 2.321094 -0.310056 0.624432 -0.019079 -0.558114 -0.263533 0.786572
1311870501.511909 2.321483 -0.304832 0.616410 -0.022911 -0.559076 -0.263828 0.785687
1311870501.548011 2.319104 -0.300445 0.608180 -0.025102 -0.560536 -0.265747 0.783931
1311870501.579810 2.319547 -0.298159 0.600861 -0.025264 -0.561799 -0.269090 0.781878
1311870501.612018 2.321259 -0.299905 0.595310 -0.024476 -0.561657 -0.271174 0.781285
1311870501.647864 2.320750 -0.297952 0.588578 -0.022925 -0.559506 -0.271074 0.782909
1311870501.679989 2.318423 -0.295432 0.580878 -0.021521 -0.557584 -0.270307 0.784583
1311870501.711907 2.318589 -0.292387 0.573400 -0.020842 -0.557182 -0.269466 0.785176
1311870501.747900 2.319160 -0.289983 0.568479 -0.021811 -0.557509 -0.268712 0.785176
1311870501.780039 2.317288 -0.287471 0.562450 -0.023019 -0.557234 -0.268440 0.785430
1311870501.812193 2.315332 -0.284866 0.557154 -0.023171 -0.556890 -0.269130 0.785433
1311870501.848089 2.311724 -0.283236 0.552740 -0.022758 -0.556126 -0.269733 0.785780
1311870501.879841 2.311513 -0.278702 0.548815 -0.021908 -0.555114 -0.270170 0.786369
1311870501.911796 2.305470 -0.274568 0.543524 -0.022482 -0.553798 -0.270978 0.787003
1311870501.947888 2.301000 -0.270147 0.536460 -0.022563 -0.553640 -0.271849 0.786811
1311870501.980072 2.296139 -0.266763 0.530318 -0.023252 -0.553779 -0.272534 0.786456
1311870502.011986 2.292034 -0.266693 0.531191 -0.023645 -0.553689 -0.272076 0.786667
1311870502.047757 2.286400 -0.267765 0.526940 -0.023418 -0.551362 -0.270418 0.788876
1311870502.080053 2.280859 -0.262613 0.521665 -0.021909 -0.548909 -0.267724 0.791544
1311870502.111939 2.274167 -0.260419 0.515606 -0.021550 -0.547337 -0.265972 0.793232
1311870502.148086 2.266103 -0.258047 0.508710 -0.020418 -0.546283 -0.264681 0.794419
1311870502.180123 2.259475 -0.257543 0.503035 -0.018472 -0.545952 -0.263132 0.795209
1311870502.211942 2.253871 -0.254042 0.497292 -0.016220 -0.545942 -0.261792 0.795707
1311870502.247902 2.247829 -0.251790 0.486338 -0.015282 -0.547111 -0.259338 0.795726
1311870502.279943 2.250409 -0.246458 0.478692 -0.016816 -0.550358 -0.257330 0.794106
1311870502.312128 2.244566 -0.244173 0.474957 -0.020629 -0.552386 -0.257913 0.792417
1311870502.348085 2.242874 -0.245377 0.470627 -0.024237 -0.552530 -0.258602 0.791990
1311870502.379971 2.232278 -0.241397 0.477040 -0.025060 -0.550125 -0.258521 0.793663
1311870502.411996 2.224978 -0.238783 0.473447 -0.025118 -0.546063 -0.257347 0.796841
1311870502.447989 2.214354 -0.236131 0.468339 -0.025394 -0.541968 -0.254889 0.800411
1311870502.480060 2.206377 -0.233436 0.459342 -0.025020 -0.538899 -0.252474 0.803255
1311870502.511998 2.201347 -0.232637 0.457397 -0.024400 -0.537290 -0.251476 0.804664
1311870502.547785 2.193012 -0.231673 0.454115 -0.024080 -0.534970 -0.250079 0.806652
1311870502.579726 2.184719 -0.228908 0.449111 -0.022605 -0.532589 -0.248698 0.808695
1311870502.611956 2.179556 -0.225720 0.438500 -0.019843 -0.530393 -0.249277 0.810031
1311870502.647923 2.176938 -0.221919 0.436103 -0.018015 -0.529352 -0.251005 0.810221
1311870502.679998 2.173099 -0.217020 0.430854 -0.018770 -0.526969 -0.251576 0.811579
1311870502.712040 2.168744 -0.215592 0.417932 -0.022169 -0.524111 -0.251703 0.813303
1311870502.748009 2.164078 -0.213095 0.407292 -0.025418 -0.522881 -0.254256 0.813206
1311870502.779903 2.156507 -0.214717 0.402560 -0.028626 -0.522512 -0.257983 0.812162
1311870502.812215 2.149001 -0.217497 0.398900 -0.028420 -0.521654 -0.259988 0.812081
1311870502.848251 2.144931 -0.216229 0.394645 -0.024278 -0.520358 -0.262008 0.812397
1311870502.879856 2.145290 -0.215229 0.386510 -0.020955 -0.517753 -0.264525 0.813339
1311870502.911868 2.138253 -0.213931 0.377372 -0.019491 -0.513929 -0.263739 0.816051
1311870502.947918 2.137006 -0.211832 0.367066 -0.018563 -0.512510 -0.262109 0.817488
1311870502.979904 2.134022 -0.210237 0.363092 -0.019675 -0.512438 -0.261905 0.817574
1311870503.012049 2.129905 -0.210244 0.356976 -0.019286 -0.511028 -0.262747 0.818195
1311870503.047853 2.128791 -0.212441 0.352146 -0.017076 -0.508796 -0.263728 0.819318
1311870503.080047 2.128030 -0.210361 0.346677 -0.014418 -0.504936 -0.263744 0.821749
1311870503.112061 2.126043 -0.207909 0.338059 -0.013342 -0.500604 -0.263132 0.824609
1311870503.148129 2.126113 -0.208438 0.326841 -0.014256 -0.496305 -0.262117 0.827510
1311870503.179945 2.123333 -0.206924 0.318303 -0.015103 -0.491806 -0.259909 0.830871
1311870503.212212 2.123811 -0.204667 0.309823 -0.015894 -0.486921 -0.258130 0.834281
1311870503.247900 2.120846 -0.201719 0.300772 -0.016574 -0.481189 -0.256599 0.838057
1311870503.280065 2.118734 -0.197777 0.288889 -0.017319 -0.476042 -0.254747 0.841539
1311870503.312120 2.112798 -0.193835 0.277153 -0.018041 -0.472816 -0.252634 0.843976
1311870503.347883 2.114172 -0.191205 0.264555 -0.017898 -0.471981 -0.251561 0.844767
1311870503.379934 2.112963 -0.188442 0.253772 -0.018169 -0.470107 -0.250727 0.846053
1311870503.412119 2.110935 -0.185099 0.241405 -0.017784 -0.467552 -0.249472 0.847846
1311870503.448175 2.110526 -0.180883 0.228808 -0.017353 -0.465768 -0.247503 0.849412
1311870503.480013 2.111501 -0.177188 0.215967 -0.017738 -0.464409 -0.246188 0.850530
1311870503.512104 2.108848 -0.173559 0.205088 -0.018500 -0.462810 -0.244195 0.851958
1311870503.548220 2.110260 -0.169843 0.192716 -0.017929 -0.461645 -0.243322 0.852852
1311870503.580038 2.112981 -0.167336 0.180987 -0.018902 -0.460174 -0.243554 0.853560
1311870503.612142 2.112650 -0.162594 0.171455 -0.021384 -0.457992 -0.242803 0.854888
1311870503.648065 2.107726 -0.157871 0.161909 -0.024247 -0.456685 -0.241659 0.855834
1311870503.680293 2.107661 -0.155281 0.152907 -0.026360 -0.456311 -0.241150 0.856115
1311870503.711937 2.107748 -0.152763 0.144989 -0.028307 -0.454779 -0.240698 0.856995
1311870503.748145 2.104872 -0.149730 0.138240 -0.029833 -0.452232 -0.238841 0.858808
1311870503.780083 2.099909 -0.145709 0.129484 -0.029461 -0.450116 -0.236451 0.860592
1311870503.811910 2.099855 -0.142486 0.120402 -0.028471 -0.449830 -0.236278 0.860822
1311870503.848056 2.097234 -0.139145 0.113611 -0.028305 -0.449530 -0.235331 0.861244
1311870503.880025 2.095679 -0.135894 0.106427 -0.027963 -0.449485 -0.233532 0.861768
1311870503.912091 2.095900 -0.133253 0.099976 -0.027823 -0.449923 -0.233306 0.861605
1311870503.948251 2.094815 -0.130883 0.094823 -0.028274 -0.449881 -0.234446 0.861303
1311870503.980018 2.090691 -0.128835 0.092298 -0.027870 -0.449027 -0.235288 0.861532
1311870504.011998 2.088366 -0.127091 0.088653 -0.026263 -0.447644 -0.235758 0.862174
1311870504.048156 2.086805 -0.125697 0.085512 -0.025024 -0.446150 -0.235987 0.862922
1311870504.079934 2.082856 -0.123773 0.082531 -0.024454 -0.444758 -0.235625 0.863755
1311870504.111962 2.080139 -0.122345 0.080268 -0.024244 -0.444224 -0.234828 0.864253
1311870504.148039 2.077036 -0.121186 0.079322 -0.024590 -0.443575 -0.233558 0.864920
1311870504.179932 2.073601 -0.121203 0.077680 -0.024041 -0.442601 -0.232956 0.865597
1311870504.212116 2.070957 -0.121055 0.076763 -0.023261 -0.441537 -0.232439 0.866300
1311870504.247918 2.069001 -0.120163 0.076147 -0.023078 -0.440422 -0.231338 0.867167
1311870504.280084 2.064621 -0.120082 0.075687 -0.023794 -0.439651 -0.230338 0.867805
1311870504.312060 2.062053 -0.119639 0.075630 -0.024988 -0.439669 -0.229030 0.868108
1311870504.348035 2.056358 -0.119150 0.077004 -0.027204 -0.439667 -0.227396 0.868472
1311870504.379984 2.051157 -0.119605 0.078961 -0.028377 -0.440034 -0.226457 0.868494
1311870504.412305 2.046204 -0.121108 0.081016 -0.028801 -0.440012 -0.225963 0.868620
1311870504.448107 2.043413 -0.123441 0.083450 -0.029278 -0.439140 -0.225413 0.869188
1311870504.480201 2.040848 -0.127083 0.086221 -0.030168 -0.436756 -0.223958 0.870733
1311870504.512082 2.033754 -0.128184 0.088388 -0.030381 -0.433693 -0.220851 0.873048
1311870504.548048 2.030118 -0.128037 0.089168 -0.030341 -0.431952 -0.218912 0.874400
1311870504.580075 2.024675 -0.128439 0.092527 -0.032020 -0.430737 -0.216383 0.875568
1311870504.611994 2.016177 -0.129228 0.097041 -0.032993 -0.430020 -0.212759 0.876771
1311870504.647976 2.011996 -0.132490 0.099380 -0.032538 -0.430109 -0.211979 0.876934
1311870504.680079 2.008787 -0.135952 0.103119 -0.031470 -0.429853 -0.212830 0.876892
1311870504.712331 2.003220 -0.137632 0.108290 -0.029984 -0.428433 -0.212042 0.877830
1311870504.748338 1.999383 -0.140904 0.112362 -0.028404 -0.426732 -0.210519 0.879076
1311870504.780163 1.997706 -0.147682 0.117737 -0.027910 -0.424796 -0.209545 0.880262
1311870504.812036 1.994268 -0.153433 0.125130 -0.026850 -0.421975 -0.206829 0.882291
1311870504.847987 1.988733 -0.154559 0.130822 -0.024347 -0.418703 -0.204003 0.884578
1311870504.880042 1.984611 -0.156637 0.134659 -0.022000 -0.416595 -0.202120 0.886065
1311870504.912228 1.983016 -0.158143 0.139175 -0.021002 -0.415002 -0.201065 0.887077
1311870504.948276 1.978161 -0.159937 0.150703 -0.020794 -0.413042 -0.200090 0.888216
1311870504.980118 1.973996 -0.162111 0.154850 -0.021018 -0.411017 -0.199079 0.889377
1311870505.012129 1.970668 -0.166665 0.156793 -0.021365 -0.409228 -0.198336 0.890359
1311870505.048023 1.968367 -0.169895 0.158996 -0.021957 -0.406435 -0.197271 0.891859
1311870505.079992 1.962961 -0.173827 0.160732 -0.022998 -0.402448 -0.194587 0.894228
1311870505.112129 1.959537 -0.175408 0.159765 -0.023502 -0.398780 -0.191699 0.896478
1311870505.148203 1.954606 -0.175897 0.157935 -0.024434 -0.395585 -0.189871 0.898257
1311870505.180166 1.951717 -0.175940 0.155949 -0.025963 -0.393930 -0.189289 0.899063
1311870505.212050 1.948116 -0.178960 0.156154 -0.029636 -0.393392 -0.188558 0.899339
1311870505.248098 1.944603 -0.181082 0.154136 -0.032548 -0.392958 -0.188022 0.899540
1311870505.280043 1.940909 -0.182143 0.151178 -0.035486 -0.392278 -0.188386 0.899650
1311870505.312143 1.938880 -0.182373 0.149153 -0.038319 -0.391589 -0.191004 0.899281
1311870505.348172 1.935420 -0.184558 0.149003 -0.042189 -0.389370 -0.194726 0.899273
1311870505.380043 1.932691 -0.188401 0.148140 -0.045000 -0.386616 -0.194930 0.900281
1311870505.412169 1.930891 -0.188674 0.145102 -0.046541 -0.382840 -0.194329 0.901944
1311870505.448014 1.930150 -0.186794 0.140046 -0.048433 -0.378636 -0.194266 0.903631
1311870505.480019 1.919775 -0.180019 0.123832 -0.053416 -0.373902 -0.191793 0.905847
1311870505.512232 1.916825 -0.179097 0.122380 -0.061437 -0.378363 -0.190259 0.903808
1311870505.548014 1.911896 -0.182864 0.121467 -0.067401 -0.381316 -0.192800 0.901601
1311870505.580109 1.911670 -0.188572 0.134615 -0.067210 -0.382718 -0.192703 0.901041
1311870505.612208 1.915705 -0.193881 0.119573 -0.063646 -0.379693 -0.194807 0.902127
1311870505.648216 1.917194 -0.207443 0.129112 -0.063701 -0.377241 -0.192061 0.903739
1311870505.679928 1.910998 -0.215415 0.094745 -0.059690 -0.368164 -0.189813 0.908220
1311870505.712188 1.906977 -0.213444 0.095579 -0.057232 -0.366544 -0.183851 0.910258
1311870505.748044 1.921652 -0.238430 0.104808 -0.064153 -0.373973 -0.184169 0.906703
1311870505.780026 1.934286 -0.250231 0.119159 -0.070103 -0.383144 -0.178091 0.903643
1311870505.812150 1.943784 -0.259005 0.121667 -0.074019 -0.388198 -0.173376 0.902089
1311870505.848080 1.936797 -0.258944 0.110277 -0.075979 -0.386349 -0.171585 0.903062
1311870505.880081 1.929668 -0.262367 0.107485 -0.076136 -0.382799 -0.167805 0.905268
1311870505.912493 1.930711 -0.267190 0.101147 -0.073131 -0.378991 -0.164758 0.907674
1311870505.948256 1.925747 -0.268501 0.089329 -0.069936 -0.374646 -0.164622 0.909752
1311870505.980101 1.920562 -0.270100 0.079407 -0.068250 -0.372126 -0.164262 0.910979
1311870506.012380 1.916230 -0.268915 0.069068 -0.067419 -0.370179 -0.163604 0.911952
1311870506.048206 1.909166 -0.269424 0.062348 -0.068480 -0.369914 -0.163171 0.912058
1311870506.080230 1.905457 -0.275760 0.060455 -0.068690 -0.370377 -0.163652 0.911768
1311870506.112131 1.903573 -0.280372 0.057524 -0.066684 -0.369150 -0.164383 0.912283
1311870506.148026 1.898845 -0.285233 0.051158 -0.064567 -0.366225 -0.164580 0.913577
1311870506.180306 1.892528 -0.286392 0.044708 -0.062470 -0.363389 -0.163319 0.915081
1311870506.212158 1.886841 -0.285373 0.040516 -0.059977 -0.361672 -0.161659 0.916222
1311870506.248184 1.882639 -0.283954 0.041435 -0.057452 -0.361153 -0.160961 0.916711
1311870506.280374 1.878503 -0.281148 0.038308 -0.055820 -0.360430 -0.160829 0.917120
1311870506.311921 1.871315 -0.281575 0.032561 -0.056121 -0.359353 -0.159294 0.917791
1311870506.348187 1.862790 -0.281792 0.027524 -0.057494 -0.359441 -0.157432 0.917994
1311870506.380127 1.857561 -0.279402 0.028454 -0.058837 -0.361683 -0.156860 0.917125
1311870506.412264 1.851465 -0.284738 0.035665 -0.060963 -0.363024 -0.157060 0.916422
1311870506.448069 1.842991 -0.286787 0.035422 -0.059943 -0.361060 -0.156409 0.917376
1311870506.480103 1.834680 -0.286569 0.030622 -0.057548 -0.358057 -0.154787 0.918980
1311870506.512268 1.828068 -0.282628 0.029288 -0.055096 -0.357231 -0.153760 0.919624
1311870506.548161 1.821388 -0.280293 0.029556 -0.054013 -0.357543 -0.152839 0.919721
1311870506.580315 1.813586 -0.281273 0.028508 -0.053401 -0.357238 -0.150932 0.920190
1311870506.612421 1.807381 -0.282034 0.027599 -0.051650 -0.356271 -0.150461 0.920741
1311870506.648075 1.799001 -0.281326 0.027382 -0.049570 -0.354366 -0.149665 0.921720
1311870506.680223 1.791707 -0.279255 0.030900 -0.048125 -0.354282 -0.146014 0.922414
1311870506.712116 1.779212 -0.279188 0.025072 -0.048335 -0.353498 -0.142432 0.923264
1311870506.748348 1.773528 -0.279875 0.027007 -0.047436 -0.355253 -0.141136 0.922836
1311870506.780407 1.764175 -0.281362 0.029402 -0.045632 -0.355198 -0.143658 0.922559
1311870506.812568 1.754228 -0.280477 0.028000 -0.043923 -0.354227 -0.144718 0.922849
1311870506.848233 1.743016 -0.280022 0.027211 -0.044618 -0.354010 -0.143252 0.923128
1311870506.880285 1.735370 -0.281836 0.029703 -0.045994 -0.354962 -0.142183 0.922860
1311870506.912274 1.723641 -0.288064 0.031728 -0.046341 -0.353916 -0.143319 0.923069
1311870506.948074 1.713275 -0.292650 0.033360 -0.044094 -0.352420 -0.143098 0.923785
1311870506.980175 1.700655 -0.292752 0.031690 -0.039955 -0.350386 -0.140359 0.925166
1311870507.012290 1.693085 -0.293488 0.031947 -0.036952 -0.350620 -0.137530 0.925627
1311870507.048124 1.680688 -0.295167 0.028630 -0.035844 -0.350174 -0.136326 0.926017
1311870507.080403 1.669905 -0.295110 0.026027 -0.034516 -0.350925 -0.132906 0.926281
1311870507.112226 1.661992 -0.294877 0.024033 -0.033719 -0.352957 -0.130116 0.925934
1311870507.148230 1.653945 -0.295914 0.026928 -0.034122 -0.354968 -0.128718 0.925346
1311870507.180282 1.645042 -0.296964 0.029345 -0.033152 -0.355345 -0.128336 0.925289
1311870507.212880 1.636691 -0.296559 0.027374 -0.031956 -0.354302 -0.129705 0.925540
1311870507.248294 1.626539 -0.296021 0.025795 -0.032223 -0.353088 -0.130666 0.925860
1311870507.280550 1.616264 -0.297077 0.025135 -0.032934 -0.352213 -0.131640 0.926030
1311870507.312261 1.604759 -0.298043 0.023037 -0.032532 -0.351324 -0.134145 0.926023
1311870507.348220 1.596930 -0.301372 0.023359 -0.032488 -0.351281 -0.136544 0.925690
1311870507.380398 1.589909 -0.304441 0.023668 -0.032415 -0.349805 -0.137720 0.926077
1311870507.412372 1.583348 -0.307821 0.023831 -0.032171 -0.346660 -0.138314 0.927179
1311870507.448147 1.571739 -0.307125 0.021077 -0.030903 -0.341643 -0.138634 0.929035
1311870507.480449 1.561133 -0.304319 0.017414 -0.030605 -0.338102 -0.138066 0.930424
1311870507.512338 1.551806 -0.303465 0.014492 -0.032087 -0.335895 -0.137814 0.931210
1311870507.548409 1.543963 -0.303114 0.011407 -0.033434 -0.333835 -0.137812 0.931903
1311870507.580256 1.534322 -0.304880 0.008669 -0.034540 -0.330734 -0.137521 0.933011
1311870507.612370 1.527516 -0.305682 0.004063 -0.033777 -0.327391 -0.136571 0.934357
1311870507.648289 1.519775 -0.305540 -0.001738 -0.032669 -0.322655 -0.136097 0.936111
1311870507.680356 1.509213 -0.303807 -0.008295 -0.031741 -0.317806 -0.134718 0.938000
1311870507.712294 1.498699 -0.299180 -0.015577 -0.030789 -0.315111 -0.132581 0.939244
1311870507.748317 1.493569 -0.295467 -0.022329 -0.031963 -0.314753 -0.130515 0.939614
1311870507.780969 1.485458 -0.296604 -0.027449 -0.035074 -0.313758 -0.128332 0.940137
1311870507.812477 1.478004 -0.297410 -0.032920 -0.036774 -0.313449 -0.125931 0.940499
1311870507.848660 1.473816 -0.299693 -0.037317 -0.038287 -0.313162 -0.124186 0.940766
1311870507.881029 1.467060 -0.300853 -0.041650 -0.039778 -0.311011 -0.120488 0.941898
1311870507.912585 1.460405 -0.301031 -0.047375 -0.040844 -0.309227 -0.116419 0.942951
1311870507.948307 1.456937 -0.304709 -0.050997 -0.041629 -0.307687 -0.116079 0.943462
1311870507.980465 1.450333 -0.306193 -0.056308 -0.041555 -0.303643 -0.115512 0.944844
1311870508.012439 1.442580 -0.307156 -0.061719 -0.042496 -0.300133 -0.113116 0.946213
1311870508.048355 1.439614 -0.312644 -0.064135 -0.043093 -0.296937 -0.112994 0.947208
1311870508.080440 1.435616 -0.315959 -0.066925 -0.042973 -0.290431 -0.112937 0.949236
1311870508.112310 1.426214 -0.315212 -0.073231 -0.043090 -0.283655 -0.110945 0.951512
1311870508.148533 1.416182 -0.316192 -0.078505 -0.044305 -0.279438 -0.109930 0.952821
1311870508.180363 1.408875 -0.318688 -0.084046 -0.045526 -0.276513 -0.108784 0.953747
1311870508.216310 1.402817 -0.323320 -0.087612 -0.046940 -0.274120 -0.106586 0.954618
1311870508.248163 1.398549 -0.327002 -0.091281 -0.046775 -0.271432 -0.104202 0.955656
1311870508.280508 1.395879 -0.329904 -0.095098 -0.046191 -0.267466 -0.103349 0.956895
1311870508.316252 1.389832 -0.333107 -0.098157 -0.045377 -0.261963 -0.103551 0.958433
1311870508.348284 1.384386 -0.337799 -0.101406 -0.044052 -0.256116 -0.103548 0.960074
1311870508.380490 1.375779 -0.338322 -0.106323 -0.042467 -0.250606 -0.102851 0.961673
1311870508.416350 1.368747 -0.338215 -0.110708 -0.041401 -0.247551 -0.102104 0.962590
1311870508.448193 1.362569 -0.338569 -0.114366 -0.041413 -0.245358 -0.101949 0.963167
1311870508.480243 1.357569 -0.340117 -0.117515 -0.042419 -0.243429 -0.101937 0.963614
1311870508.516262 1.353475 -0.344178 -0.118049 -0.043459 -0.241090 -0.102598 0.964085
1311870508.548342 1.348765 -0.347038 -0.118812 -0.043916 -0.237227 -0.103917 0.964881
1311870508.580613 1.342656 -0.347600 -0.120146 -0.044229 -0.232408 -0.104045 0.966025
1311870508.616329 1.334352 -0.349931 -0.119939 -0.045021 -0.227846 -0.103560 0.967127
1311870508.648331 1.329369 -0.349384 -0.121804 -0.045438 -0.224652 -0.104256 0.967780
1311870508.680410 1.325779 -0.349316 -0.117519 -0.046742 -0.222656 -0.105879 0.968003
1311870508.716325 1.318667 -0.351058 -0.116257 -0.048004 -0.220627 -0.106420 0.968346
1311870508.748532 1.312452 -0.352082 -0.115777 -0.049178 -0.218367 -0.106782 0.968759
1311870508.780358 1.305007 -0.354459 -0.113226 -0.050523 -0.215772 -0.106583 0.969294
1311870508.816297 1.296470 -0.354602 -0.111391 -0.051096 -0.213742 -0.104337 0.969957
1311870508.848360 1.289594 -0.353558 -0.109245 -0.051397 -0.214122 -0.101759 0.970131
1311870508.880221 1.284677 -0.355721 -0.106803 -0.052574 -0.215223 -0.099517 0.970058
1311870508.916285 1.278196 -0.360674 -0.104888 -0.053753 -0.215408 -0.097169 0.970190
1311870508.948861 1.272572 -0.362206 -0.103811 -0.054247 -0.215331 -0.095580 0.970337
1311870508.980480 1.266853 -0.364557 -0.101420 -0.054749 -0.215177 -0.094904 0.970409
1311870509.016227 1.260924 -0.365084 -0.099133 -0.054804 -0.215111 -0.094271 0.970483
1311870509.049529 1.258447 -0.366128 -0.096833 -0.055268 -0.214784 -0.094096 0.970546
1311870509.081271 1.250167 -0.373701 -0.095215 -0.056588 -0.211357 -0.095025 0.971131
1311870509.116238 1.243414 -0.380038 -0.091917 -0.056383 -0.208033 -0.095518 0.971813
1311870509.148336 1.237260 -0.384167 -0.089338 -0.054793 -0.205395 -0.094771 0.972537
1311870509.180552 1.229092 -0.381589 -0.089063 -0.052992 -0.203932 -0.094212 0.972999
1311870509.216279 1.221138 -0.382817 -0.087892 -0.052001 -0.203897 -0.094933 0.972990
1311870509.248341 1.215451 -0.387920 -0.085917 -0.051533 -0.203332 -0.094816 0.973145
1311870509.280562 1.211020 -0.389488 -0.083798 -0.050855 -0.202315 -0.093485 0.973521
1311870509.316445 1.202248 -0.391025 -0.083008 -0.050573 -0.201057 -0.091958 0.973942
1311870509.348401 1.194360 -0.391848 -0.082377 -0.050474 -0.201482 -0.090951 0.973953
1311870509.380502 1.192288 -0.393124 -0.079646 -0.050564 -0.202639 -0.090804 0.973722
1311870509.417033 1.186928 -0.398754 -0.078041 -0.050469 -0.200704 -0.091047 0.974105
1311870509.448306 1.180359 -0.394018 -0.078810 -0.048292 -0.197833 -0.091250 0.974784
1311870509.480826 1.174514 -0.391957 -0.078950 -0.048629 -0.196213 -0.092211 0.975004
1311870509.516377 1.168642 -0.396237 -0.076755 -0.050280 -0.194870 -0.093254 0.975090
1311870509.548536 1.159180 -0.398262 -0.078895 -0.049692 -0.191738 -0.094665 0.975605
1311870509.580402 1.152326 -0.400417 -0.079722 -0.048626 -0.188242 -0.094990 0.976308
1311870509.616459 1.148259 -0.400858 -0.078230 -0.047716 -0.185175 -0.093445 0.977088
1311870509.648358 1.142230 -0.400399 -0.080012 -0.046727 -0.181954 -0.091456 0.977929
1311870509.680313 1.132508 -0.395727 -0.085510 -0.045969 -0.178653 -0.090546 0.978658
1311870509.716502 1.124683 -0.396589 -0.087827 -0.047165 -0.176031 -0.090767 0.979056
1311870509.748527 1.118346 -0.396670 -0.090025 -0.047690 -0.172581 -0.090344 0.979683
1311870509.780511 1.111405 -0.395919 -0.092468 -0.047806 -0.168588 -0.089881 0.980415
1311870509.816617 1.107703 -0.393036 -0.096208 -0.047245 -0.164680 -0.090388 0.981060
1311870509.848435 1.099322 -0.391890 -0.099933 -0.047953 -0.159733 -0.090522 0.981831
1311870509.880414 1.086692 -0.389081 -0.108605 -0.048235 -0.153892 -0.090005 0.982797
1311870509.916377 1.076306 -0.384806 -0.114543 -0.048534 -0.149813 -0.089002 0.983503
1311870509.948447 1.073533 -0.382044 -0.118229 -0.049816 -0.148624 -0.088068 0.983704
1311870509.980798 1.061108 -0.381384 -0.125254 -0.051243 -0.145045 -0.085628 0.984380
1311870510.016412 1.052036 -0.378816 -0.130421 -0.052025 -0.143430 -0.080945 0.984972
1311870510.048898 1.047883 -0.374912 -0.137256 -0.052809 -0.143062 -0.077139 0.985289
1311870510.080560 1.039857 -0.372251 -0.142241 -0.054896 -0.140934 -0.074045 0.985719
1311870510.116341 1.032824 -0.370839 -0.145109 -0.056691 -0.138513 -0.069860 0.986266
1311870510.148444 1.021099 -0.367398 -0.151773 -0.057719 -0.136108 -0.065502 0.986840
1311870510.180473 1.013106 -0.362180 -0.158013 -0.059314 -0.136343 -0.062677 0.986896
1311870510.216558 1.007662 -0.362609 -0.160970 -0.061875 -0.135440 -0.061540 0.986935
1311870510.248324 1.001912 -0.363710 -0.164300 -0.062972 -0.131787 -0.060185 0.987443
1311870510.280622 0.994033 -0.360497 -0.167571 -0.063092 -0.127110 -0.059022 0.988119
1311870510.316572 0.981414 -0.356084 -0.174365 -0.062596 -0.122872 -0.058623 0.988710
1311870510.348425 0.970083 -0.351213 -0.179220 -0.062884 -0.121509 -0.058115 0.988890
1311870510.380363 0.963976 -0.350173 -0.184069 -0.063946 -0.122482 -0.058198 0.988697
1311870510.416479 0.958142 -0.349845 -0.188141 -0.065062 -0.121883 -0.059266 0.988635
1311870510.448483 0.950684 -0.349885 -0.190212 -0.065060 -0.119964 -0.060138 0.988817
1311870510.480414 0.944791 -0.348714 -0.192222 -0.064099 -0.118318 -0.061078 0.989020
1311870510.516466 0.935201 -0.346615 -0.195486 -0.062918 -0.116605 -0.062402 0.989217
1311870510.548480 0.927569 -0.344839 -0.198394 -0.062427 -0.116157 -0.063642 0.989222
1311870510.580413 0.920527 -0.344609 -0.200536 -0.061809 -0.115207 -0.064529 0.989314
1311870510.616534 0.912785 -0.342392 -0.202903 -0.060874 -0.114219 -0.065023 0.989455
1311870510.648602 0.905422 -0.339908 -0.205751 -0.060381 -0.114073 -0.066114 0.989429
1311870510.680582 0.899375 -0.339593 -0.206438 -0.060722 -0.114058 -0.067686 0.989304
1311870510.716517 0.892491 -0.338183 -0.207377 -0.060025 -0.113263 -0.068607 0.989374
1311870510.748610 0.884678 -0.335177 -0.208159 -0.059563 -0.113056 -0.069164 0.989387
1311870510.780777 0.878928 -0.331229 -0.209146 -0.059880 -0.113796 -0.070056 0.989220
1311870510.816493 0.870696 -0.331624 -0.208514 -0.061494 -0.113483 -0.070738 0.989109
1311870510.848414 0.864876 -0.330065 -0.207490 -0.062024 -0.113861 -0.071236 0.988997
1311870510.880533 0.857085 -0.328334 -0.206066 -0.062787 -0.113837 -0.071728 0.988916
1311870510.916516 0.848556 -0.327771 -0.203990 -0.063890 -0.114627 -0.070959 0.988809
1311870510.948628 0.840254 -0.327701 -0.202304 -0.064538 -0.115684 -0.069041 0.988780
1311870510.980593 0.832172 -0.326595 -0.200555 -0.064732 -0.117918 -0.067621 0.988601
1311870511.016518 0.825634 -0.325416 -0.199236 -0.065384 -0.120545 -0.067144 0.988274
1311870511.048272 0.817275 -0.324238 -0.196387 -0.066098 -0.121560 -0.067263 0.988094
1311870511.080594 0.809029 -0.323915 -0.193297 -0.066350 -0.121390 -0.068245 0.988031
1311870511.116574 0.799695 -0.325157 -0.189786 -0.066448 -0.120634 -0.071261 0.987904
1311870511.148539 0.788112 -0.326515 -0.186962 -0.065591 -0.120415 -0.073648 0.987813
1311870511.180618 0.777860 -0.326354 -0.185092 -0.064468 -0.120862 -0.074156 0.987794
1311870511.216596 0.768954 -0.329403 -0.181220 -0.064211 -0.121775 -0.073262 0.987765
1311870511.248758 0.759493 -0.330823 -0.177952 -0.063507 -0.122862 -0.071106 0.987834
1311870511.280598 0.750887 -0.329959 -0.176522 -0.063001 -0.124126 -0.068432 0.987897
1311870511.316555 0.741996 -0.332773 -0.174461 -0.063873 -0.125136 -0.067713 0.987763
1311870511.348626 0.734246 -0.338181 -0.168867 -0.063743 -0.125706 -0.069356 0.987585
1311870511.380430 0.725254 -0.343108 -0.165033 -0.061859 -0.124959 -0.071534 0.987644
1311870511.416519 0.715046 -0.347540 -0.162280 -0.059465 -0.123353 -0.072663 0.987911
1311870511.448601 0.705197 -0.351168 -0.158871 -0.056296 -0.122076 -0.073097 0.988223
1311870511.481030 0.694111 -0.350865 -0.157129 -0.053021 -0.121617 -0.072875 0.988477
1311870511.516401 0.684707 -0.348491 -0.155926 -0.051169 -0.122953 -0.072486 0.988438
1311870511.548648 0.675253 -0.350812 -0.151222 -0.050401 -0.124296 -0.072967 0.988274
1311870511.580577 0.666879 -0.354815 -0.147928 -0.048399 -0.125290 -0.073930 0.988177
1311870511.616618 0.663629 -0.353409 -0.145568 -0.045616 -0.125271 -0.073415 0.988350
1311870511.648634 0.653387 -0.350694 -0.144110 -0.044443 -0.123070 -0.071352 0.988831
1311870511.680528 0.644342 -0.348773 -0.141149 -0.044897 -0.122489 -0.069549 0.989011
1311870511.716482 0.636443 -0.346076 -0.138710 -0.045732 -0.122864 -0.069565 0.988926
1311870511.749418 0.631504 -0.345840 -0.134599 -0.047621 -0.122694 -0.070241 0.988810
1311870511.780714 0.626968 -0.345942 -0.130953 -0.048860 -0.120470 -0.071353 0.988943
1311870511.816641 0.619273 -0.346326 -0.127308 -0.049614 -0.116441 -0.072812 0.989282
1311870511.848452 0.609549 -0.344681 -0.124367 -0.050031 -0.112223 -0.074169 0.989647
1311870511.880710 0.599773 -0.340228 -0.122945 -0.050092 -0.109297 -0.075138 0.989899
1311870511.916572 0.593054 -0.336429 -0.120897 -0.052000 -0.107269 -0.075463 0.989997
1311870511.948849 0.587636 -0.337259 -0.118778 -0.053860 -0.105196 -0.075793 0.990095
1311870511.980637 0.580285 -0.335552 -0.116927 -0.054196 -0.101490 -0.076601 0.990401
1311870512.016557 0.572667 -0.333454 -0.116450 -0.053768 -0.097125 -0.076864 0.990842
1311870512.049201 0.567667 -0.330860 -0.116928 -0.053722 -0.093415 -0.075443 0.991310
1311870512.080554 0.562461 -0.326397 -0.118466 -0.054542 -0.089850 -0.073509 0.991740
1311870512.116670 0.555118 -0.322965 -0.119041 -0.056100 -0.086371 -0.072026 0.992071
1311870512.148844 0.547281 -0.319325 -0.120723 -0.057496 -0.082812 -0.071122 0.992360
1311870512.180555 0.540573 -0.317543 -0.122632 -0.058843 -0.079296 -0.070273 0.992629
1311870512.216636 0.532997 -0.313954 -0.125817 -0.059776 -0.075578 -0.068591 0.992980
1311870512.248891 0.523261 -0.312011 -0.128624 -0.061050 -0.072639 -0.066786 0.993245
1311870512.280825 0.515010 -0.309711 -0.132040 -0.061978 -0.070400 -0.064657 0.993490
1311870512.316616 0.507599 -0.308610 -0.135809 -0.062892 -0.067763 -0.062558 0.993750
1311870512.348749 0.498246 -0.306497 -0.140071 -0.063524 -0.064847 -0.059669 0.994082
1311870512.380530 0.488686 -0.303466 -0.144917 -0.063783 -0.062987 -0.056306 0.994381
1311870512.416611 0.481069 -0.300591 -0.149619 -0.064552 -0.062155 -0.052917 0.994570
1311870512.448649 0.474979 -0.298272 -0.154402 -0.065205 -0.061103 -0.049976 0.994745
1311870512.480873 0.466320 -0.295833 -0.159356 -0.065382 -0.059252 -0.047606 0.994961
1311870512.516478 0.458861 -0.291077 -0.165282 -0.064608 -0.058143 -0.045654 0.995169
1311870512.549111 0.451377 -0.287854 -0.170083 -0.064685 -0.057271 -0.043536 0.995309
1311870512.580550 0.445381 -0.282523 -0.175042 -0.063792 -0.056595 -0.041965 0.995473
1311870512.616585 0.439465 -0.278786 -0.179346 -0.063184 -0.055041 -0.042366 0.995582
1311870512.648878 0.433477 -0.274394 -0.183068 -0.062387 -0.053241 -0.042387 0.995729
1311870512.680697 0.425767 -0.268709 -0.186646 -0.061740 -0.051122 -0.042226 0.995887
1311870512.716466 0.420178 -0.265183 -0.190442 -0.061378 -0.049130 -0.041983 0.996020
1311870512.748564 0.415512 -0.261815 -0.194594 -0.061103 -0.047297 -0.041728 0.996137
1311870512.780680 0.410425 -0.259882 -0.197572 -0.060550 -0.045567 -0.041594 0.996257
1311870512.816492 0.404239 -0.254567 -0.200804 -0.059106 -0.043969 -0.041587 0.996415
1311870512.848544 0.400164 -0.252108 -0.202550 -0.058248 -0.042262 -0.041868 0.996528
1311870512.880656 0.395261 -0.249181 -0.204727 -0.056440 -0.040020 -0.042623 0.996693
1311870512.916597 0.388880 -0.245698 -0.207327 -0.054894 -0.037979 -0.043453 0.996823
1311870512.948751 0.383526 -0.242821 -0.208346 -0.054097 -0.037193 -0.043560 0.996892
1311870512.980644 0.376900 -0.238561 -0.209150 -0.053027 -0.036864 -0.042892 0.996990
1311870513.017021 0.372758 -0.236131 -0.209837 -0.052591 -0.037679 -0.042147 0.997015
1311870513.048599 0.369127 -0.232013 -0.209178 -0.051249 -0.038114 -0.041858 0.997080
1311870513.080592 0.365810 -0.227748 -0.208702 -0.049659 -0.037469 -0.043109 0.997132
1311870513.116693 0.360889 -0.223465 -0.206640 -0.047098 -0.035470 -0.046548 0.997174
1311870513.148876 0.353570 -0.216757 -0.206295 -0.044280 -0.033240 -0.050001 0.997213
1311870513.180660 0.347108 -0.210573 -0.204399 -0.042224 -0.031965 -0.052152 0.997234
1311870513.217798 0.340104 -0.203811 -0.203011 -0.040525 -0.031298 -0.053390 0.997260
1311870513.248768 0.333794 -0.197363 -0.201653 -0.040129 -0.031993 -0.054040 0.997219
1311870513.280795 0.325947 -0.192855 -0.197536 -0.041193 -0.033870 -0.053829 0.997125
1311870513.316689 0.320762 -0.186896 -0.193968 -0.041428 -0.036896 -0.051733 0.997119
1311870513.348727 0.315026 -0.182992 -0.189440 -0.042930 -0.040017 -0.050597 0.996993
1311870513.380578 0.308564 -0.179245 -0.184386 -0.043931 -0.043023 -0.049868 0.996861
1311870513.416927 0.300111 -0.175941 -0.177786 -0.044833 -0.046243 -0.048840 0.996728
1311870513.448685 0.297720 -0.170468 -0.172462 -0.044624 -0.049887 -0.047047 0.996648
1311870513.480618 0.295308 -0.168991 -0.167887 -0.046159 -0.051369 -0.045621 0.996569
1311870513.516695 0.291293 -0.166914 -0.161001 -0.047664 -0.051416 -0.043932 0.996571
1311870513.549145 0.287456 -0.163995 -0.150647 -0.047906 -0.049635 -0.043601 0.996665
1311870513.580726 0.283660 -0.160498 -0.144858 -0.047313 -0.045702 -0.042925 0.996910
1311870513.616593 0.278578 -0.159919 -0.137537 -0.047172 -0.040504 -0.041406 0.997206
1311870513.648886 0.274783 -0.157847 -0.132629 -0.046888 -0.035539 -0.039296 0.997494
1311870513.680668 0.267681 -0.156545 -0.126849 -0.046714 -0.032069 -0.039860 0.997597
1311870513.716551 0.263081 -0.154083 -0.123826 -0.046014 -0.030747 -0.039842 0.997672
1311870513.748940 0.259171 -0.151339 -0.119325 -0.045216 -0.030154 -0.038736 0.997770
1311870513.780628 0.253044 -0.151015 -0.113916 -0.045453 -0.029213 -0.038207 0.997808
1311870513.817448 0.248500 -0.149752 -0.110121 -0.044858 -0.028811 -0.037095 0.997889
1311870513.848769 0.245229 -0.147951 -0.106165 -0.044357 -0.028090 -0.035975 0.997973
1311870513.880831 0.243728 -0.145247 -0.104042 -0.043645 -0.025880 -0.034543 0.998114
1311870513.916620 0.239580 -0.143712 -0.101974 -0.043666 -0.022723 -0.034818 0.998181
1311870513.948819 0.235527 -0.140652 -0.101022 -0.043849 -0.019881 -0.036098 0.998188
1311870513.981164 0.228488 -0.138200 -0.098451 -0.045124 -0.017915 -0.036733 0.998145
1311870514.016691 0.222662 -0.136397 -0.094679 -0.046362 -0.018399 -0.037623 0.998046
1311870514.048717 0.220658 -0.132995 -0.093366 -0.046756 -0.018950 -0.038097 0.998000
1311870514.080776 0.217941 -0.130387 -0.091734 -0.047955 -0.017832 -0.036955 0.998006
1311870514.116775 0.215039 -0.128060 -0.090164 -0.049073 -0.015887 -0.037207 0.997976
1311870514.148748 0.209660 -0.124799 -0.089797 -0.049816 -0.013353 -0.038834 0.997914
1311870514.181035 0.205260 -0.121508 -0.089407 -0.051028 -0.011230 -0.039941 0.997835
1311870514.216614 0.199933 -0.118682 -0.089440 -0.053054 -0.009265 -0.040448 0.997729
1311870514.248703 0.194773 -0.116834 -0.088751 -0.055255 -0.008076 -0.040563 0.997615
1311870514.280757 0.189827 -0.115895 -0.088189 -0.056532 -0.007276 -0.040356 0.997558
1311870514.316734 0.184403 -0.111712 -0.089717 -0.056423 -0.006691 -0.040646 0.997557
1311870514.348655 0.177727 -0.106294 -0.091136 -0.057481 -0.006352 -0.040128 0.997520
1311870514.380725 0.171243 -0.099832 -0.093328 -0.059396 -0.007548 -0.038640 0.997458
1311870514.416768 0.165459 -0.094866 -0.094654 -0.062911 -0.008263 -0.037175 0.997292
1311870514.449389 0.159313 -0.091371 -0.095984 -0.067163 -0.007334 -0.034629 0.997114
1311870514.480759 0.152609 -0.089312 -0.097346 -0.071069 -0.005624 -0.031064 0.996972
1311870514.516662 0.145641 -0.087375 -0.099712 -0.072819 -0.003947 -0.028536 0.996929
1311870514.548705 0.138256 -0.084659 -0.103167 -0.073565 -0.001427 -0.026989 0.996924
1311870514.580866 0.130124 -0.083954 -0.107111 -0.073955 0.000656 -0.025498 0.996935
1311870514.616608 0.122431 -0.082564 -0.111750 -0.073192 0.001298 -0.023761 0.997034
1311870514.649213 0.115710 -0.079660 -0.116737 -0.072310 0.001647 -0.022195 0.997134
1311870514.680698 0.108950 -0.078019 -0.120661 -0.071333 0.002768 -0.019823 0.997252
1311870514.716874 0.102783 -0.074490 -0.125426 -0.069848 0.004637 -0.017070 0.997401
1311870514.748716 0.097930 -0.070690 -0.130117 -0.069129 0.007252 -0.014788 0.997472
1311870514.780725 0.093704 -0.067927 -0.135119 -0.068963 0.010618 -0.013186 0.997476
1311870514.816669 0.089111 -0.064942 -0.140216 -0.068303 0.014765 -0.011496 0.997489
1311870514.848851 0.082902 -0.062240 -0.144571 -0.068902 0.018915 -0.010790 0.997386
1311870514.880752 0.077692 -0.059042 -0.148366 -0.069281 0.022834 -0.009807 0.997288
1311870514.917136 0.071722 -0.056120 -0.152059 -0.069091 0.027384 -0.008880 0.997195
1311870514.948944 0.064964 -0.051333 -0.157581 -0.069189 0.030655 -0.008682 0.997095
1311870514.980839 0.058976 -0.048187 -0.159882 -0.070666 0.032651 -0.008295 0.996931
1311870515.016762 0.053969 -0.045102 -0.163734 -0.072191 0.034530 -0.007142 0.996767
1311870515.049229 0.049205 -0.041582 -0.166824 -0.073693 0.035826 -0.006888 0.996613
1311870515.080871 0.044918 -0.038845 -0.168048 -0.075230 0.037034 -0.007107 0.996453
1311870515.116742 0.040357 -0.037929 -0.168957 -0.076079 0.039091 -0.006409 0.996315
1311870515.149061 0.035343 -0.036174 -0.170806 -0.076139 0.041321 -0.006485 0.996220
1311870515.180825 0.032360 -0.034146 -0.171884 -0.075968 0.042903 -0.005899 0.996169
1311870515.217051 0.028159 -0.032058 -0.174401 -0.075429 0.044906 -0.004984 0.996127
1311870515.249086 0.023373 -0.029336 -0.175504 -0.075495 0.045863 -0.003597 0.996084
1311870515.280873 0.020444 -0.028798 -0.174809 -0.075778 0.046304 -0.002387 0.996046
1311870515.316924 0.016622 -0.025620 -0.175454 -0.074868 0.046882 -0.003094 0.996086
1311870515.348984 0.014677 -0.024342 -0.175924 -0.075062 0.047671 -0.003205 0.996034
1311870515.380828 0.011846 -0.023153 -0.175047 -0.075420 0.049410 -0.001707 0.995926
1311870515.416977 0.008259 -0.021948 -0.172895 -0.075225 0.050890 -0.001209 0.995866
1311870515.448730 0.007239 -0.019314 -0.170993 -0.075032 0.052381 -0.001867 0.995803
1311870515.480677 0.003779 -0.017366 -0.169010 -0.074709 0.054697 -0.000914 0.995704
1311870515.516884 0.003113 -0.014673 -0.166729 -0.074941 0.055606 0.002513 0.995633
1311870515.548761 0.003765 -0.012107 -0.162274 -0.075354 0.058114 0.008085 0.995429
1311870515.580786 0.001611 -0.007188 -0.157263 -0.075258 0.061723 0.011967 0.995180
1311870515.616782 -0.000521 -0.003984 -0.152813 -0.075866 0.064182 0.014551 0.994944
1311870515.648822 -0.002598 -0.000924 -0.147472 -0.076654 0.066047 0.017776 0.994709
1311870515.681287 -0.003075 0.004270 -0.143192 -0.078053 0.067290 0.020295 0.994469
1311870515.717139 -0.002113 0.004943 -0.136155 -0.080932 0.069515 0.021812 0.994053
1311870515.748708 -0.001783 0.004965 -0.129855 -0.081226 0.073697 0.023036 0.993700
1311870515.780993 -0.003657 0.007737 -0.123689 -0.079787 0.078291 0.024190 0.993438
1311870515.816887 -0.006962 0.010288 -0.118609 -0.078538 0.082679 0.024482 0.993175
1311870515.848866 -0.007483 0.012336 -0.113220 -0.077695 0.085871 0.024735 0.992964
1311870515.881091 -0.010165 0.015492 -0.109618 -0.076063 0.089377 0.023905 0.992801
1311870515.916993 -0.016094 0.019438 -0.104840 -0.076108 0.092379 0.019954 0.992611
1311870515.949225 -0.028505 0.031961 -0.094110 -0.074372 0.095482 0.012388 0.992572
1311870515.980823 -0.031559 0.034037 -0.090134 -0.075252 0.095464 0.007870 0.992553
1311870516.017108 -0.034817 0.034617 -0.085421 -0.076095 0.095827 0.005247 0.992471
1311870516.048597 -0.038411 0.037182 -0.081622 -0.075396 0.095626 0.001539 0.992557
1311870516.080984 -0.039721 0.040099 -0.078410 -0.075441 0.095407 -0.001573 0.992574
1311870516.117447 -0.038118 0.040031 -0.075825 -0.075975 0.097137 -0.000601 0.992367
1311870516.148896 -0.040266 0.040322 -0.073105 -0.073769 0.100896 0.001777 0.992157
1311870516.180811 -0.042766 0.044685 -0.071716 -0.072463 0.103971 0.001508 0.991936
1311870516.217019 -0.042889 0.044136 -0.068746 -0.072516 0.106119 0.002961 0.991701
1311870516.249677 -0.044275 0.046669 -0.068728 -0.070927 0.108470 0.005118 0.991553
1311870516.280715 -0.047078 0.049708 -0.069308 -0.071011 0.110632 0.005819 0.991304
1311870516.317211 -0.049473 0.049882 -0.066228 -0.071812 0.112069 0.004618 0.991091
1311870516.348809 -0.052390 0.050873 -0.066055 -0.070536 0.114017 0.003684 0.990965
1311870516.380720 -0.055498 0.055206 -0.067400 -0.069430 0.115738 0.001872 0.990848
1311870516.416952 -0.058226 0.057059 -0.068374 -0.070558 0.118137 -0.000688 0.990487
1311870516.448748 -0.061870 0.061552 -0.068791 -0.071075 0.121349 -0.001554 0.990061
1311870516.480805 -0.066112 0.066598 -0.069190 -0.072869 0.123669 -0.001606 0.989643
1311870516.516852 -0.070068 0.070368 -0.070580 -0.076414 0.124875 0.000027 0.989225
1311870516.549071 -0.073602 0.075833 -0.070691 -0.080437 0.125616 0.000343 0.988813
1311870516.581144 -0.076557 0.077799 -0.071319 -0.084365 0.127669 0.000002 0.988222
1311870516.616924 -0.082730 0.082538 -0.073003 -0.087380 0.130765 0.000096 0.987555
1311870516.648987 -0.089121 0.082694 -0.073266 -0.091259 0.132123 -0.000262 0.987023
1311870516.680804 -0.094531 0.084631 -0.075494 -0.092796 0.132453 0.000235 0.986836
1311870516.716713 -0.098789 0.086374 -0.079009 -0.094201 0.132823 0.001830 0.986651
1311870516.748807 -0.103523 0.087158 -0.082506 -0.095494 0.134442 0.003608 0.986303
1311870516.780766 -0.110067 0.087089 -0.086085 -0.096198 0.136543 0.006136 0.985933
1311870516.817369 -0.116115 0.087720 -0.090123 -0.096447 0.138009 0.009292 0.985680
1311870516.848747 -0.122901 0.088092 -0.093771 -0.096273 0.139576 0.012276 0.985444
1311870516.880949 -0.130194 0.087730 -0.097214 -0.095433 0.140842 0.013811 0.985325
1311870516.916808 -0.137401 0.088882 -0.102802 -0.093985 0.141981 0.015337 0.985278
1311870516.949269 -0.145156 0.088700 -0.106619 -0.093267 0.142968 0.017129 0.985174
1311870516.980822 -0.152142 0.089976 -0.112171 -0.091696 0.143488 0.018650 0.985218
1311870517.016940 -0.161834 0.092896 -0.118131 -0.091690 0.144464 0.021351 0.985021
1311870517.048730 -0.169859 0.093050 -0.120177 -0.093354 0.143689 0.024500 0.984905
1311870517.080915 -0.177172 0.093894 -0.124445 -0.093888 0.142338 0.028196 0.984952
1311870517.117578 -0.183940 0.094850 -0.129365 -0.093779 0.141669 0.029905 0.985008
1311870517.148913 -0.190717 0.096090 -0.134997 -0.093485 0.141977 0.030233 0.984982
1311870517.180897 -0.197911 0.096986 -0.139199 -0.093408 0.142771 0.030870 0.984854
1311870517.216791 -0.204660 0.098063 -0.143513 -0.093249 0.143043 0.030875 0.984830
1311870517.248937 -0.209951 0.099964 -0.149331 -0.093419 0.143459 0.029746 0.984788
1311870517.280881 -0.215984 0.101773 -0.153395 -0.094340 0.145162 0.028455 0.984489
1311870517.316941 -0.222873 0.101965 -0.155434 -0.095360 0.146621 0.027359 0.984205
1311870517.349257 -0.228714 0.103567 -0.159373 -0.095503 0.146867 0.026953 0.984166
1311870517.385883 -0.232112 0.104547 -0.162508 -0.095746 0.147114 0.026705 0.984112
1311870517.417034 -0.236334 0.104556 -0.166035 -0.095670 0.148643 0.026277 0.983901
1311870517.448895 -0.241582 0.105241 -0.167964 -0.095099 0.149752 0.026336 0.983787
1311870517.484795 -0.245325 0.106263 -0.170796 -0.094714 0.150193 0.026481 0.983753
1311870517.523738 -0.249065 0.106901 -0.171362 -0.094944 0.150694 0.025550 0.983679
1311870517.549778 -0.250440 0.106918 -0.171675 -0.094795 0.151280 0.022723 0.983673
1311870517.584888 -0.252314 0.108083 -0.171768 -0.094207 0.152993 0.020717 0.983509
1311870517.618659 -0.254358 0.108873 -0.171100 -0.094089 0.154885 0.020297 0.983232
1311870517.648922 -0.256867 0.109262 -0.169436 -0.094787 0.156564 0.020962 0.982886
1311870517.684853 -0.258960 0.109041 -0.167430 -0.095474 0.157838 0.021901 0.982595
1311870517.716957 -0.260071 0.110067 -0.165602 -0.096291 0.158813 0.023051 0.982331
1311870517.749021 -0.261972 0.109916 -0.161855 -0.097802 0.159980 0.023549 0.981981
1311870517.786038 -0.264165 0.108931 -0.157206 -0.099019 0.160794 0.023065 0.981738
1311870517.816955 -0.265862 0.108820 -0.152500 -0.099421 0.160945 0.022716 0.981680
1311870517.848849 -0.267591 0.107933 -0.147881 -0.100215 0.161108 0.023401 0.981557
1311870517.884894 -0.270217 0.106312 -0.142891 -0.100505 0.161039 0.024164 0.981520
1311870517.916815 -0.271380 0.107391 -0.137695 -0.101671 0.160073 0.024533 0.981549
1311870517.948937 -0.271610 0.105741 -0.129413 -0.103255 0.159591 0.025563 0.981436
1311870517.984866 -0.273009 0.104368 -0.122812 -0.103453 0.159830 0.027458 0.981325
1311870518.016692 -0.275278 0.102802 -0.117634 -0.103578 0.159956 0.029536 0.981230
1311870518.048901 -0.277072 0.100429 -0.111789 -0.103721 0.159382 0.031516 0.981247
1311870518.084929 -0.276942 0.098729 -0.106127 -0.103274 0.158199 0.033423 0.981423
1311870518.116926 -0.275577 0.097188 -0.102023 -0.102966 0.158336 0.034436 0.981398
1311870518.148942 -0.276147 0.095415 -0.095116 -0.102986 0.159950 0.034347 0.981137
1311870518.184855 -0.276246 0.092762 -0.089322 -0.103159 0.160869 0.033690 0.980992
1311870518.216804 -0.275110 0.089431 -0.084728 -0.103052 0.161942 0.033129 0.980845
1311870518.248863 -0.274049 0.086593 -0.080854 -0.102783 0.163937 0.032669 0.980558
1311870518.284884 -0.273213 0.083651 -0.076183 -0.102018 0.166575 0.033608 0.980161
1311870518.317116 -0.273329 0.081987 -0.070842 -0.101052 0.169260 0.035310 0.979741
1311870518.348887 -0.273740 0.081591 -0.065908 -0.100709 0.171172 0.036454 0.979402
1311870518.385605 -0.274919 0.080084 -0.060588 -0.101222 0.172185 0.036572 0.979168
1311870518.417149 -0.276204 0.077672 -0.056787 -0.101381 0.172328 0.035235 0.979175
1311870518.448787 -0.275659 0.074833 -0.055204 -0.100394 0.172324 0.031907 0.979391
1311870518.484955 -0.275737 0.075911 -0.055135 -0.098764 0.174032 0.028443 0.979362
1311870518.516903 -0.277110 0.077879 -0.053531 -0.099016 0.176919 0.027729 0.978839
1311870518.549524 -0.280926 0.078842 -0.049650 -0.100651 0.179212 0.028613 0.978230
1311870518.586884 -0.281999 0.078217 -0.046472 -0.102793 0.179491 0.030529 0.977898
1311870518.616963 -0.282453 0.077752 -0.044982 -0.103585 0.180281 0.033299 0.977579
1311870518.649051 -0.284277 0.078460 -0.043688 -0.104177 0.181835 0.036081 0.977129
1311870518.684945 -0.286264 0.078232 -0.041877 -0.104845 0.183590 0.037959 0.976658
1311870518.717002 -0.288245 0.079261 -0.042149 -0.104944 0.185722 0.038644 0.976218
1311870518.748852 -0.292253 0.078704 -0.042029 -0.105824 0.188723 0.039034 0.975531
1311870518.791123 -0.297749 0.077528 -0.041243 -0.105886 0.191223 0.039905 0.975002
1311870518.816898 -0.302653 0.078347 -0.042823 -0.105284 0.192362 0.041277 0.974786
1311870518.848913 -0.305971 0.078510 -0.044832 -0.105281 0.194004 0.042914 0.974391
1311870518.884981 -0.311208 0.077630 -0.046070 -0.104384 0.197129 0.044865 0.973772
1311870518.916862 -0.317799 0.078824 -0.049713 -0.102513 0.200114 0.045942 0.973311
1311870518.949027 -0.324424 0.079724 -0.053585 -0.101488 0.202897 0.047399 0.972773
1311870518.984982 -0.331707 0.080475 -0.057132 -0.100503 0.205697 0.050310 0.972140
1311870519.017077 -0.338768 0.083356 -0.061121 -0.099394 0.207946 0.053326 0.971615
1311870519.049840 -0.345337 0.086725 -0.065452 -0.100069 0.210447 0.056336 0.970837
1311870519.084921 -0.354159 0.087810 -0.067748 -0.101385 0.213595 0.059703 0.969811
1311870519.117024 -0.362298 0.088479 -0.070336 -0.102442 0.215949 0.061500 0.969066
1311870519.149934 -0.370378 0.089734 -0.072780 -0.102243 0.218407 0.062849 0.968450
1311870519.184993 -0.380219 0.092687 -0.075141 -0.102592 0.220477 0.064788 0.967816
1311870519.216985 -0.388394 0.092318 -0.077734 -0.103589 0.221240 0.066214 0.967439
1311870519.251968 -0.395590 0.093475 -0.082162 -0.103949 0.222290 0.067823 0.967048
1311870519.285449 -0.402547 0.094222 -0.083516 -0.104241 0.224411 0.069787 0.966387
1311870519.317000 -0.411590 0.095332 -0.085148 -0.104104 0.226213 0.071101 0.965885
1311870519.352072 -0.418919 0.096424 -0.087958 -0.104650 0.226876 0.071584 0.965635
1311870519.385668 -0.425175 0.095884 -0.091410 -0.104777 0.228284 0.073070 0.965178
1311870519.417023 -0.432423 0.098057 -0.092669 -0.104358 0.230007 0.074860 0.964677
1311870519.452771 -0.437940 0.098794 -0.095627 -0.103926 0.231701 0.075522 0.964267
1311870519.485733 -0.444902 0.100886 -0.099404 -0.103613 0.234247 0.076847 0.963580
1311870519.517127 -0.452187 0.102790 -0.100295 -0.104303 0.236186 0.078414 0.962906
1311870519.551772 -0.458654 0.105303 -0.101837 -0.104807 0.236764 0.079614 0.962611
1311870519.585163 -0.463998 0.109255 -0.102443 -0.106452 0.237579 0.080702 0.962139
1311870519.616985 -0.470232 0.110905 -0.102468 -0.108444 0.238801 0.081844 0.961517
1311870519.653136 -0.476933 0.113307 -0.101485 -0.110191 0.239174 0.081610 0.961246
1311870519.684937 -0.481902 0.115717 -0.101891 -0.112253 0.239233 0.080536 0.961083
1311870519.716946 -0.486811 0.115548 -0.101823 -0.114316 0.240551 0.079735 0.960578
1311870519.750489 -0.491866 0.115173 -0.102168 -0.115120 0.241486 0.078389 0.960358
1311870519.784901 -0.495459 0.115442 -0.101474 -0.115191 0.242013 0.076713 0.960352
1311870519.817010 -0.497304 0.115875 -0.103856 -0.114710 0.243195 0.075787 0.960184
1311870519.851306 -0.494260 0.120510 -0.103588 -0.114984 0.246054 0.074974 0.959487
1311870519.884968 -0.495306 0.116337 -0.103092 -0.116765 0.253265 0.074291 0.957446
1311870519.917266 -0.505025 0.116733 -0.100829 -0.115034 0.259529 0.077029 0.955761
1311870519.952668 -0.510607 0.119062 -0.098801 -0.115526 0.260106 0.080503 0.955258
1311870519.985059 -0.512071 0.119887 -0.096175 -0.117741 0.258309 0.083107 0.955252
1311870520.016963 -0.512401 0.119721 -0.093222 -0.120070 0.257641 0.084214 0.955046
1311870520.053141 -0.513963 0.118854 -0.090010 -0.121410 0.258063 0.084759 0.954714
1311870520.084858 -0.515987 0.119575 -0.086998 -0.122414 0.258546 0.085828 0.954360
1311870520.116996 -0.516990 0.120088 -0.083024 -0.123437 0.259209 0.085960 0.954036
1311870520.150022 -0.518700 0.120354 -0.078123 -0.124537 0.259828 0.086144 0.953708
1311870520.185705 -0.520180 0.120191 -0.073394 -0.124981 0.259842 0.086238 0.953638
1311870520.217057 -0.521416 0.120732 -0.069644 -0.125545 0.259919 0.085977 0.953566
1311870520.250180 -0.522824 0.120190 -0.063404 -0.126099 0.260363 0.086447 0.953329
1311870520.285839 -0.525234 0.120402 -0.058184 -0.125925 0.260151 0.086970 0.953363
1311870520.317888 -0.525849 0.121188 -0.053164 -0.126064 0.259382 0.088207 0.953440
1311870520.354406 -0.525675 0.120699 -0.047719 -0.126521 0.259143 0.090049 0.953273
1311870520.384950 -0.525636 0.121509 -0.042975 -0.127224 0.259456 0.091981 0.952909
1311870520.421786 -0.525752 0.121417 -0.036051 -0.128887 0.260276 0.093577 0.952307
1311870520.451179 -0.525678 0.119391 -0.027954 -0.129643 0.260868 0.095557 0.951845
1311870520.485176 -0.524484 0.118246 -0.024082 -0.129039 0.260790 0.098046 0.951696
1311870520.517498 -0.522055 0.118768 -0.020224 -0.129101 0.262057 0.101001 0.951030
1311870520.552145 -0.521034 0.117061 -0.010101 -0.130525 0.265033 0.102911 0.949805
1311870520.584912 -0.519906 0.114032 -0.004766 -0.130350 0.266600 0.103299 0.949348
1311870520.617214 -0.516633 0.110702 -0.000314 -0.129422 0.268239 0.102964 0.949050
1311870520.650283 -0.515213 0.107916 0.002151 -0.127537 0.271672 0.102420 0.948387
1311870520.685030 -0.517735 0.107292 0.008030 -0.125798 0.275371 0.101831 0.947616
1311870520.720361 -0.519135 0.106355 0.013705 -0.125090 0.276289 0.101598 0.947468
1311870520.749570 -0.519592 0.105730 0.018167 -0.125240 0.275863 0.102065 0.947522
1311870520.785066 -0.520377 0.104779 0.023773 -0.125483 0.275735 0.102865 0.947440
1311870520.817755 -0.521877 0.104736 0.029294 -0.125399 0.275158 0.102992 0.947605
1311870520.850972 -0.522873 0.103279 0.034514 -0.126552 0.274186 0.102490 0.947788
1311870520.884996 -0.523554 0.101826 0.039445 -0.127353 0.273266 0.102338 0.947963
1311870520.918471 -0.523065 0.099767 0.043121 -0.128411 0.272796 0.102226 0.947968
1311870520.949392 -0.523811 0.098652 0.047165 -0.129143 0.273671 0.102337 0.947604
1311870520.985090 -0.525241 0.096648 0.053027 -0.129432 0.274383 0.103101 0.947276
1311870521.017445 -0.526734 0.094635 0.056064 -0.128644 0.274240 0.104309 0.947292
1311870521.051337 -0.526476 0.092124 0.059167 -0.128439 0.274361 0.104969 0.947212
1311870521.085046 -0.527283 0.089770 0.060226 -0.127275 0.275893 0.105681 0.946845
1311870521.118649 -0.529142 0.088266 0.063796 -0.126552 0.277928 0.106850 0.946216
1311870521.152391 -0.531013 0.087282 0.065736 -0.125376 0.279657 0.108560 0.945668
1311870521.185010 -0.532671 0.086386 0.068008 -0.125203 0.281465 0.110392 0.944942
1311870521.220198 -0.533942 0.086222 0.069292 -0.125192 0.283755 0.112229 0.944042
1311870521.250068 -0.533118 0.084295 0.073091 -0.125981 0.287141 0.113485 0.942762
1311870521.285069 -0.533082 0.080681 0.072556 -0.124779 0.293146 0.113956 0.941015
1311870521.321107 -0.538007 0.080747 0.076195 -0.122234 0.301826 0.114029 0.938593
1311870521.349914 -0.546926 0.081766 0.080879 -0.120843 0.307833 0.115711 0.936614
1311870521.385056 -0.552822 0.081079 0.084277 -0.121179 0.309738 0.118116 0.935642
1311870521.418191 -0.556907 0.079797 0.086236 -0.121604 0.311464 0.120770 0.934675
1311870521.451020 -0.561944 0.078222 0.087973 -0.121860 0.314756 0.123325 0.933204
1311870521.485101 -0.568608 0.076948 0.090985 -0.121932 0.318882 0.126299 0.931394
1311870521.518793 -0.575748 0.073203 0.095872 -0.121450 0.322723 0.129468 0.929698
1311870521.550328 -0.582444 0.067591 0.099014 -0.119284 0.325490 0.131657 0.928706
1311870521.589723 -0.587974 0.066189 0.097032 -0.115309 0.327987 0.133873 0.928012
1311870521.618815 -0.593508 0.066542 0.096688 -0.112952 0.332358 0.137548 0.926208
1311870521.653703 -0.600293 0.065939 0.100242 -0.112105 0.337538 0.142896 0.923624
1311870521.686096 -0.608193 0.062940 0.103007 -0.111462 0.342094 0.149629 0.920956
1311870521.720829 -0.615867 0.061158 0.105041 -0.110182 0.346011 0.155465 0.918677
1311870521.751009 -0.623225 0.059885 0.107211 -0.109409 0.349124 0.158820 0.917016
1311870521.786592 -0.630586 0.058994 0.108732 -0.109082 0.351827 0.160839 0.915669
1311870521.822012 -0.637795 0.058277 0.111255 -0.109416 0.354626 0.163061 0.914155
1311870521.851559 -0.644502 0.056794 0.113417 -0.109690 0.357271 0.164649 0.912807
1311870521.885620 -0.651144 0.056412 0.115945 -0.110068 0.360207 0.165877 0.911384
1311870521.917848 -0.657009 0.054711 0.119156 -0.110367 0.363076 0.167406 0.909929
1311870521.950099 -0.663371 0.054271 0.120186 -0.109406 0.366030 0.169372 0.908496
1311870521.986235 -0.670238 0.055271 0.121252 -0.108991 0.369118 0.171651 0.906868
1311870522.018390 -0.676427 0.054942 0.124494 -0.109665 0.371953 0.173729 0.905231
1311870522.050693 -0.681596 0.054996 0.126441 -0.109743 0.374146 0.175605 0.903955
1311870522.086425 -0.686158 0.054694 0.128650 -0.110146 0.376660 0.177725 0.902446
1311870522.118618 -0.691059 0.053618 0.131803 -0.110037 0.379339 0.179447 0.900995
1311870522.150721 -0.695581 0.054305 0.133537 -0.109865 0.381249 0.180333 0.900032
1311870522.189104 -0.699914 0.054416 0.136669 -0.111132 0.383283 0.181022 0.898874
1311870522.218590 -0.704115 0.052952 0.140783 -0.112838 0.385166 0.181249 0.897811
1311870522.250422 -0.707113 0.051374 0.144954 -0.113666 0.386321 0.180847 0.897291
1311870522.285838 -0.709883 0.050373 0.148873 -0.114115 0.387580 0.180252 0.896810
1311870522.318002 -0.712726 0.049245 0.153948 -0.114244 0.389126 0.180605 0.896053
1311870522.351073 -0.715715 0.048081 0.159985 -0.113921 0.389998 0.181315 0.895571
1311870522.387638 -0.717662 0.046998 0.164064 -0.113922 0.390204 0.181622 0.895420
1311870522.417416 -0.719294 0.045171 0.169673 -0.114483 0.391176 0.181719 0.894904
1311870522.450329 -0.720735 0.043504 0.176180 -0.114623 0.392302 0.181489 0.894440
1311870522.487260 -0.722244 0.041339 0.182941 -0.114234 0.393415 0.181166 0.894066
1311870522.517400 -0.724065 0.040271 0.190317 -0.113092 0.394261 0.181780 0.893714
1311870522.550252 -0.725163 0.038868 0.198332 -0.112472 0.394305 0.182963 0.893532
1311870522.587317 -0.725624 0.036600 0.206115 -0.111785 0.393614 0.184299 0.893648
1311870522.619163 -0.724754 0.032492 0.213434 -0.110741 0.393214 0.185517 0.893702
1311870522.649388 -0.725741 0.030764 0.220564 -0.108385 0.393802 0.186589 0.893509
1311870522.687298 -0.726869 0.030062 0.228262 -0.108389 0.394301 0.187762 0.893042
1311870522.718394 -0.726251 0.026196 0.237892 -0.110249 0.394218 0.189168 0.892554
1311870522.749406 -0.725290 0.022037 0.245526 -0.110203 0.393772 0.190009 0.892578
1311870522.788502 -0.724423 0.018141 0.252783 -0.109985 0.394308 0.190730 0.892215
1311870522.817483 -0.723607 0.013098 0.261118 -0.109432 0.395943 0.190527 0.891601
1311870522.849243 -0.723509 0.010462 0.267872 -0.108362 0.397392 0.190464 0.891101
1311870522.886229 -0.722802 0.007362 0.276063 -0.108269 0.398710 0.191086 0.890390
1311870522.918267 -0.722393 0.003779 0.285102 -0.107925 0.399267 0.191963 0.889994
1311870522.949363 -0.721411 0.000628 0.291441 -0.107414 0.398494 0.192373 0.890313
1311870522.988539 -0.720164 -0.002516 0.298405 -0.107277 0.398530 0.193922 0.889977
1311870523.018171 -0.719807 -0.005682 0.306541 -0.106708 0.398832 0.196096 0.889434
1311870523.049325 -0.719134 -0.008879 0.313659 -0.106440 0.398324 0.196160 0.889679
1311870523.086359 -0.719221 -0.010933 0.319762 -0.106679 0.398844 0.194986 0.889676
1311870523.118084 -0.718977 -0.012397 0.327793 -0.107490 0.400363 0.194310 0.889044
1311870523.149386 -0.720337 -0.012673 0.333987 -0.107532 0.401701 0.194705 0.888348
1311870523.187203 -0.722122 -0.013732 0.339647 -0.108871 0.402564 0.195233 0.887679
1311870523.219284 -0.723418 -0.015270 0.346319 -0.110927 0.403448 0.195880 0.886880
1311870523.249223 -0.725404 -0.018695 0.353857 -0.111970 0.403936 0.195768 0.886551
1311870523.285851 -0.727859 -0.021094 0.359329 -0.111790 0.403640 0.195665 0.886732
1311870523.317780 -0.731041 -0.024050 0.362699 -0.111544 0.403529 0.195405 0.886870
1311870523.349133 -0.733544 -0.027077 0.367654 -0.111371 0.404304 0.194902 0.886650
1311870523.385396 -0.737233 -0.028633 0.370416 -0.109982 0.405599 0.194671 0.886283
1311870523.418510 -0.741408 -0.031075 0.372849 -0.109390 0.407638 0.195847 0.885160
1311870523.449206 -0.746078 -0.032852 0.374814 -0.108022 0.410212 0.198344 0.883582
1311870523.485699 -0.751753 -0.032408 0.376233 -0.107366 0.412713 0.201116 0.881869
1311870523.518696 -0.756649 -0.034122 0.378421 -0.109088 0.415239 0.203045 0.880028
1311870523.549243 -0.762618 -0.035590 0.381072 -0.109947 0.418409 0.204782 0.878015
1311870523.585986 -0.768722 -0.038039 0.384113 -0.110402 0.421385 0.206430 0.876147
1311870523.618533 -0.775642 -0.039489 0.385812 -0.109642 0.424579 0.207493 0.874447
1311870523.649474 -0.782258 -0.040994 0.388228 -0.108633 0.427763 0.209344 0.872578
1311870523.686718 -0.790068 -0.041877 0.388553 -0.107004 0.430889 0.212125 0.870567
1311870523.718226 -0.798217 -0.043125 0.391421 -0.106471 0.433992 0.215038 0.868374
1311870523.749498 -0.805746 -0.044729 0.394029 -0.106048 0.435958 0.218122 0.866670
1311870523.787662 -0.812993 -0.045963 0.395926 -0.105545 0.437842 0.221394 0.864950
1311870523.818614 -0.821194 -0.047606 0.397481 -0.105030 0.440233 0.223989 0.863130
1311870523.849265 -0.829076 -0.049031 0.399587 -0.104623 0.442280 0.225749 0.861673
1311870523.886463 -0.837300 -0.050143 0.401363 -0.104104 0.444067 0.227116 0.860456
1311870523.918332 -0.845715 -0.050871 0.403102 -0.103726 0.445733 0.228478 0.859279
1311870523.949283 -0.854362 -0.051491 0.404111 -0.104137 0.446821 0.228865 0.858561
1311870523.986069 -0.862296 -0.053448 0.405409 -0.105496 0.448304 0.228146 0.857813
1311870524.017326 -0.869692 -0.053788 0.407332 -0.106317 0.450307 0.228284 0.856625
1311870524.049414 -0.876818 -0.054548 0.410518 -0.106818 0.452273 0.228902 0.855361
1311870524.086354 -0.884095 -0.055612 0.411424 -0.106700 0.453547 0.230461 0.854282
1311870524.117218 -0.891244 -0.056699 0.412031 -0.106565 0.455094 0.231452 0.853208
1311870524.149472 -0.897972 -0.057931 0.413363 -0.106583 0.457102 0.232294 0.851902
1311870524.187907 -0.904770 -0.058186 0.415345 -0.106211 0.458951 0.233058 0.850745
1311870524.217310 -0.912267 -0.058263 0.416965 -0.106156 0.460225 0.233216 0.850020
1311870524.249450 -0.919131 -0.058402 0.417988 -0.106836 0.460944 0.232993 0.849606
1311870524.286853 -0.925267 -0.060550 0.419714 -0.108007 0.462180 0.231799 0.849113
1311870524.317431 -0.931500 -0.060670 0.421484 -0.108310 0.463294 0.230769 0.848748
1311870524.349372 -0.936576 -0.062256 0.423172 -0.109189 0.464324 0.230137 0.848244
1311870524.385411 -0.941317 -0.063497 0.424617 -0.108798 0.465333 0.229741 0.847849
1311870524.417294 -0.946163 -0.064541 0.427018 -0.108018 0.466300 0.228934 0.847635
1311870524.449394 -0.950898 -0.065898 0.427881 -0.107421 0.466732 0.227455 0.847871
1311870524.488312 -0.954538 -0.067361 0.429700 -0.107258 0.467321 0.226423 0.847844
1311870524.517401 -0.957373 -0.069007 0.432043 -0.106940 0.468087 0.225537 0.847698
1311870524.549410 -0.960044 -0.070188 0.434294 -0.106682 0.468722 0.224258 0.847719
1311870524.587095 -0.963217 -0.070485 0.436059 -0.106749 0.469361 0.224106 0.847397
1311870524.617332 -0.964730 -0.071827 0.440546 -0.108038 0.470053 0.225262 0.846543
1311870524.649477 -0.964770 -0.073554 0.445542 -0.108692 0.470375 0.226363 0.845987
1311870524.686391 -0.965392 -0.075771 0.449117 -0.108813 0.470878 0.226785 0.845578
1311870524.717336 -0.965565 -0.077631 0.454419 -0.108805 0.471622 0.226877 0.845140
1311870524.749436 -0.966052 -0.079476 0.459983 -0.107767 0.471518 0.226839 0.845341
1311870524.785717 -0.967232 -0.080479 0.465237 -0.106496 0.470331 0.226872 0.846154
1311870524.817299 -0.967478 -0.081490 0.470379 -0.105950 0.468662 0.226775 0.847174
1311870524.849324 -0.967497 -0.082593 0.476753 -0.105293 0.466968 0.226544 0.848253
1311870524.887434 -0.967373 -0.083535 0.483178 -0.104806 0.464981 0.226725 0.849355
1311870524.917322 -0.967701 -0.084163 0.488482 -0.104051 0.462815 0.227331 0.850468
1311870524.949450 -0.968862 -0.083535 0.492477 -0.104934 0.460976 0.228144 0.851140
1311870524.986189 -0.967290 -0.082196 0.500046 -0.107877 0.459907 0.230338 0.850760
1311870525.017647 -0.963673 -0.084440 0.508923 -0.110596 0.458888 0.232434 0.850391
1311870525.049303 -0.961085 -0.086289 0.514841 -0.111559 0.458042 0.233750 0.850361
1311870525.088620 -0.959584 -0.087568 0.521487 -0.111943 0.457951 0.235655 0.849833
1311870525.117394 -0.956889 -0.089605 0.528883 -0.112409 0.456798 0.238498 0.849599
1311870525.149339 -0.953230 -0.093641 0.534344 -0.113323 0.455101 0.239983 0.849970
1311870525.185688 -0.948091 -0.100037 0.540261 -0.114563 0.454871 0.239556 0.850047
1311870525.217352 -0.943368 -0.104998 0.544330 -0.113276 0.455593 0.238428 0.850150
1311870525.249330 -0.941578 -0.106671 0.548839 -0.110165 0.457253 0.238433 0.849666
1311870525.285313 -0.939984 -0.106887 0.553578 -0.107648 0.457415 0.240097 0.849433
1311870525.317479 -0.936562 -0.109990 0.557717 -0.107104 0.456233 0.241691 0.849685
1311870525.349313 -0.933360 -0.112752 0.560236 -0.106449 0.455768 0.242981 0.849649
1311870525.385471 -0.930849 -0.113921 0.564329 -0.105584 0.456405 0.244709 0.848919
1311870525.417354 -0.928722 -0.113680 0.568721 -0.105124 0.456627 0.245871 0.848521
1311870525.449789 -0.926261 -0.113859 0.572467 -0.105521 0.455895 0.246239 0.848759
1311870525.485285 -0.924430 -0.113954 0.575010 -0.106615 0.455485 0.246492 0.848769
1311870525.517329 -0.921522 -0.115106 0.578814 -0.107940 0.455941 0.246436 0.848373
1311870525.549437 -0.920322 -0.114893 0.581574 -0.108253 0.456544 0.245849 0.848179
1311870525.585463 -0.920296 -0.113690 0.583395 -0.109293 0.457158 0.245028 0.847952
1311870525.617355 -0.919320 -0.113451 0.586705 -0.111852 0.458085 0.245377 0.847017
1311870525.649427 -0.917909 -0.114408 0.589990 -0.113432 0.458518 0.245897 0.846422
1311870525.685312 -0.917003 -0.115436 0.592011 -0.114581 0.458875 0.245766 0.846111
1311870525.717436 -0.916221 -0.116426 0.593351 -0.114914 0.460331 0.246160 0.845160
1311870525.749470 -0.916914 -0.116505 0.595450 -0.114649 0.462352 0.246548 0.843979
1311870525.785560 -0.918281 -0.116527 0.597525 -0.115160 0.463686 0.246777 0.843110
1311870525.817423 -0.919231 -0.117252 0.599249 -0.115975 0.464507 0.247558 0.842317
1311870525.849626 -0.920481 -0.117976 0.600693 -0.116266 0.465856 0.248227 0.841334
1311870525.885457 -0.922092 -0.118893 0.601348 -0.116261 0.467856 0.248828 0.840047
1311870525.917424 -0.926437 -0.118769 0.601635 -0.116166 0.470632 0.249828 0.838210
1311870525.949556 -0.929379 -0.119615 0.602726 -0.117064 0.473099 0.251926 0.836066
1311870525.985467 -0.933191 -0.120284 0.604128 -0.117126 0.475972 0.253996 0.833798
1311870526.017460 -0.937382 -0.120443 0.606058 -0.116903 0.478357 0.255331 0.832054
1311870526.049541 -0.942314 -0.121894 0.606549 -0.116820 0.480688 0.256284 0.830428
1311870526.085403 -0.948549 -0.122995 0.607669 -0.116638 0.483935 0.257817 0.828090
1311870526.117461 -0.954153 -0.124864 0.609200 -0.116262 0.486764 0.260698 0.825579
1311870526.149364 -0.959704 -0.127541 0.610364 -0.115424 0.489519 0.263196 0.823272
1311870526.185388 -0.966102 -0.130024 0.611806 -0.114140 0.492571 0.264289 0.821278
1311870526.217318 -0.973338 -0.131598 0.613210 -0.112843 0.495460 0.265062 0.819468
1311870526.249551 -0.980857 -0.133185 0.615107 -0.111685 0.497976 0.266348 0.817683
1311870526.285570 -0.988451 -0.134640 0.616796 -0.111129 0.500020 0.267777 0.816043
1311870526.317484 -0.995424 -0.136644 0.618783 -0.110686 0.502093 0.269516 0.814256
1311870526.349558 -1.002706 -0.138046 0.620256 -0.110169 0.504258 0.271122 0.812453
1311870526.385396 -1.009674 -0.139899 0.621215 -0.110220 0.507086 0.272100 0.810356
1311870526.417624 -1.017053 -0.141940 0.624283 -0.109827 0.510636 0.273038 0.807861
1311870526.449431 -1.025978 -0.142611 0.627010 -0.108974 0.512895 0.274082 0.806190
1311870526.485363 -1.033981 -0.143744 0.630112 -0.109947 0.514036 0.274859 0.805066
1311870526.517648 -1.040802 -0.145861 0.633380 -0.111310 0.514639 0.275219 0.804370
1311870526.553464 -1.047505 -0.147715 0.634839 -0.111354 0.515102 0.275099 0.804109
1311870526.585409 -1.055632 -0.148411 0.635867 -0.111189 0.516287 0.274146 0.803697
1311870526.617493 -1.063106 -0.149073 0.637384 -0.111619 0.517825 0.273544 0.802853
1311870526.653466 -1.069715 -0.150329 0.638982 -0.112122 0.519348 0.274264 0.801552
1311870526.685417 -1.076505 -0.151340 0.641118 -0.112131 0.521081 0.275127 0.800129
1311870526.717629 -1.083452 -0.151813 0.643759 -0.112513 0.522670 0.276128 0.798693
1311870526.753642 -1.089777 -0.152870 0.646790 -0.112878 0.523496 0.276864 0.797845
1311870526.785325 -1.095794 -0.153811 0.649025 -0.113334 0.523822 0.277750 0.797259
1311870526.817661 -1.101341 -0.155263 0.651652 -0.113368 0.524391 0.278893 0.796480
1311870526.853590 -1.106655 -0.158012 0.654242 -0.112949 0.524886 0.278909 0.796208
1311870526.885581 -1.113460 -0.158698 0.655617 -0.111975 0.525273 0.277643 0.796533
1311870526.917599 -1.119329 -0.159717 0.656468 -0.112084 0.525509 0.276934 0.796609
1311870526.953584 -1.123700 -0.160918 0.658295 -0.112298 0.526209 0.276637 0.796220
1311870526.985372 -1.128724 -0.161671 0.659613 -0.111805 0.526902 0.276473 0.795887
1311870527.017688 -1.132077 -0.162617 0.660126 -0.111849 0.527326 0.276634 0.795544
1311870527.053583 -1.134636 -0.164271 0.660795 -0.111579 0.528679 0.276276 0.794808
1311870527.085526 -1.137800 -0.164651 0.661357 -0.110755 0.530112 0.275466 0.794250
1311870527.117691 -1.140066 -0.165065 0.661334 -0.110241 0.531345 0.274551 0.793814
1311870527.153611 -1.141641 -0.165499 0.661355 -0.110397 0.532834 0.273384 0.793197
1311870527.185439 -1.142081 -0.165892 0.661038 -0.110781 0.534460 0.272082 0.792497
1311870527.217746 -1.141528 -0.166732 0.661607 -0.110728 0.536619 0.271342 0.791298
1311870527.253641 -1.141444 -0.166890 0.662519 -0.110060 0.538661 0.271301 0.790017
1311870527.285561 -1.141276 -0.167068 0.664066 -0.109280 0.540309 0.271479 0.788938
1311870527.317499 -1.140340 -0.166535 0.666095 -0.108714 0.541008 0.272679 0.788123
1311870527.353673 -1.138581 -0.167501 0.669678 -0.108256 0.541191 0.274048 0.787586
1311870527.385442 -1.136781 -0.167887 0.672840 -0.107438 0.540497 0.275214 0.787767
1311870527.417505 -1.134009 -0.168836 0.675446 -0.106859 0.539834 0.275347 0.788254
1311870527.453537 -1.131120 -0.170062 0.678877 -0.106055 0.539312 0.274625 0.788972
1311870527.485444 -1.130433 -0.170067 0.681339 -0.104933 0.538692 0.273951 0.789779
1311870527.517495 -1.128354 -0.170226 0.684905 -0.105741 0.538194 0.273799 0.790064
1311870527.553541 -1.124281 -0.173900 0.690615 -0.106325 0.537408 0.274706 0.790206
1311870527.585396 -1.120324 -0.175724 0.692833 -0.104510 0.535901 0.275195 0.791300
1311870527.617786 -1.118352 -0.175968 0.694313 -0.102463 0.535073 0.276351 0.791725
1311870527.653556 -1.116134 -0.177714 0.697023 -0.101501 0.534154 0.278372 0.791761
1311870527.685683 -1.113473 -0.178848 0.699539 -0.100913 0.532412 0.280384 0.792300
1311870527.717743 -1.107574 -0.181661 0.701095 -0.101609 0.530559 0.281359 0.793108
1311870527.753560 -1.102835 -0.184383 0.701890 -0.101181 0.530247 0.279951 0.793869
1311870527.785611 -1.098421 -0.185336 0.701374 -0.100139 0.530599 0.278189 0.794385
1311870527.817660 -1.095346 -0.184348 0.701381 -0.099047 0.532001 0.277699 0.793755
1311870527.853602 -1.091373 -0.184432 0.704017 -0.099174 0.533021 0.278742 0.792689
1311870527.885426 -1.088023 -0.183301 0.704964 -0.098958 0.532815 0.280505 0.792233
1311870527.917615 -1.084027 -0.182255 0.705694 -0.100337 0.532307 0.282739 0.791606
1311870527.953613 -1.078639 -0.182270 0.707042 -0.102239 0.531878 0.284302 0.791091
1311870527.985521 -1.073610 -0.182178 0.707419 -0.102502 0.532112 0.284749 0.790739
1311870528.017688 -1.072094 -0.179059 0.708157 -0.102896 0.532765 0.284927 0.790184
1311870528.053545 -1.068295 -0.178109 0.710023 -0.104970 0.532539 0.286190 0.789607
1311870528.085603 -1.062770 -0.177776 0.710183 -0.106357 0.532199 0.286542 0.789523
1311870528.117562 -1.060490 -0.175358 0.707837 -0.106474 0.533535 0.286748 0.788530
1311870528.153637 -1.059263 -0.174218 0.707984 -0.107691 0.536209 0.287953 0.786108
1311870528.185455 -1.058050 -0.173910 0.709694 -0.108974 0.538313 0.288996 0.784107
1311870528.217554 -1.058035 -0.173556 0.710535 -0.109826 0.539684 0.289747 0.782768
1311870528.253557 -1.057081 -0.173973 0.711401 -0.110252 0.540851 0.290986 0.781442
1311870528.285502 -1.057556 -0.174187 0.712219 -0.109857 0.542178 0.291684 0.780317
1311870528.317676 -1.058218 -0.174222 0.712222 -0.109271 0.543736 0.292400 0.779046
1311870528.353572 -1.060033 -0.174047 0.712598 -0.107856 0.545742 0.294943 0.776879
1311870528.385617 -1.064541 -0.174020 0.713766 -0.106353 0.547673 0.298596 0.774328
1311870528.417630 -1.068223 -0.173531 0.715479 -0.107373 0.548661 0.302121 0.772117
1311870528.453581 -1.070794 -0.175099 0.717179 -0.109342 0.549556 0.303771 0.770556
1311870528.485584 -1.074462 -0.176306 0.718556 -0.110317 0.551140 0.303930 0.769221
1311870528.517605 -1.078697 -0.179184 0.721149 -0.110687 0.553518 0.302342 0.768086
1311870528.553734 -1.086159 -0.181793 0.722572 -0.109660 0.555926 0.300004 0.767410
1311870528.585482 -1.093419 -0.184074 0.724003 -0.108119 0.558069 0.298063 0.766830
1311870528.617711 -1.102420 -0.185020 0.724815 -0.106172 0.559909 0.297976 0.765794
1311870528.653807 -1.110294 -0.186724 0.727524 -0.105362 0.561866 0.298939 0.764095
1311870528.685658 -1.118499 -0.187713 0.730235 -0.104907 0.563245 0.299819 0.762796
1311870528.717725 -1.126183 -0.189613 0.733361 -0.105073 0.564709 0.300973 0.761235
1311870528.753754 -1.133445 -0.190758 0.736802 -0.105330 0.566023 0.302100 0.759775
1311870528.785670 -1.141855 -0.192226 0.740384 -0.105544 0.567289 0.302931 0.758470
1311870528.817695 -1.149956 -0.194033 0.744336 -0.106153 0.568231 0.304038 0.757236
1311870528.853709 -1.157733 -0.195933 0.747853 -0.106375 0.568805 0.305367 0.756238
1311870528.885613 -1.166111 -0.197467 0.751379 -0.106101 0.569615 0.306016 0.755404
1311870528.917710 -1.174841 -0.198543 0.755308 -0.106181 0.570183 0.306184 0.754896
1311870528.953635 -1.182715 -0.200206 0.758140 -0.106737 0.570301 0.306366 0.754655
1311870528.985528 -1.190834 -0.201459 0.761370 -0.106803 0.571253 0.306736 0.753775
1311870529.017633 -1.199257 -0.202588 0.764835 -0.106718 0.572040 0.307768 0.752768
1311870529.053960 -1.207847 -0.203372 0.767937 -0.106866 0.572249 0.308597 0.752249
1311870529.085558 -1.215453 -0.204321 0.770631 -0.107100 0.572011 0.309618 0.751977
1311870529.117636 -1.222535 -0.204823 0.772692 -0.106722 0.572355 0.310732 0.751309
1311870529.153562 -1.230153 -0.205036 0.774620 -0.106556 0.573429 0.311731 0.750099
1311870529.185613 -1.237969 -0.205514 0.777591 -0.106247 0.574380 0.312303 0.749176
1311870529.217784 -1.246193 -0.204908 0.779431 -0.106519 0.574137 0.313149 0.748972
1311870529.253670 -1.250268 -0.206322 0.782248 -0.107773 0.573974 0.314496 0.748352
1311870529.285539 -1.256079 -0.206655 0.784058 -0.107735 0.574310 0.314104 0.748264
1311870529.317748 -1.259608 -0.207954 0.785635 -0.108842 0.574847 0.312863 0.748212
1311870529.353620 -1.263900 -0.209285 0.787072 -0.108331 0.576211 0.311944 0.747620
1311870529.385706 -1.268521 -0.209413 0.788469 -0.108016 0.576969 0.311176 0.747401
1311870529.417814 -1.271203 -0.209965 0.790180 -0.108842 0.576877 0.309907 0.747880
1311870529.453577 -1.271046 -0.211317 0.791653 -0.110126 0.576689 0.308595 0.748379
1311870529.485560 -1.270912 -0.213152 0.792473 -0.110094 0.577545 0.306690 0.748507
1311870529.517835 -1.270848 -0.215222 0.793520 -0.109207 0.578866 0.304582 0.748477
1311870529.553733 -1.271358 -0.216779 0.794576 -0.107159 0.579692 0.303116 0.748729
1311870529.585764 -1.271782 -0.217251 0.795100 -0.104610 0.579516 0.301974 0.749686
1311870529.617609 -1.272944 -0.216028 0.794718 -0.103529 0.578858 0.301359 0.750592
1311870529.653670 -1.270802 -0.216460 0.795141 -0.105418 0.578375 0.301560 0.750621
1311870529.685645 -1.266418 -0.219636 0.797027 -0.105820 0.578399 0.300898 0.750811
1311870529.717693 -1.264724 -0.219548 0.795960 -0.103369 0.578302 0.300340 0.751450
1311870529.753737 -1.263315 -0.219732 0.797053 -0.101579 0.578759 0.301242 0.750981
1311870529.785572 -1.262878 -0.219306 0.798913 -0.099992 0.577523 0.304394 0.750874
1311870529.817686 -1.260913 -0.218696 0.799069 -0.100465 0.574228 0.308247 0.751767
1311870529.853727 -1.254328 -0.221490 0.801039 -0.103120 0.571890 0.309980 0.752476
1311870529.885616 -1.247686 -0.225479 0.799038 -0.103068 0.571685 0.307270 0.753750
1311870529.917708 -1.246043 -0.226596 0.795866 -0.101380 0.574013 0.303041 0.753921
1311870529.953714 -1.245462 -0.226916 0.796720 -0.100065 0.577021 0.301724 0.752327
1311870529.985592 -1.245319 -0.227461 0.797896 -0.098747 0.577737 0.302699 0.751560
1311870530.017922 -1.242992 -0.227162 0.797458 -0.098782 0.575677 0.304287 0.752494
1311870530.053808 -1.239096 -0.227538 0.796924 -0.099315 0.574490 0.304083 0.753413
1311870530.085624 -1.237549 -0.226913 0.796160 -0.100099 0.575141 0.302688 0.753374
1311870530.117774 -1.237074 -0.226893 0.797398 -0.101499 0.576464 0.300400 0.753091
1311870530.153765 -1.236744 -0.227035 0.798922 -0.103100 0.576652 0.298285 0.753570
1311870530.185634 -1.236631 -0.226771 0.799357 -0.103779 0.576121 0.297092 0.754355
1311870530.217786 -1.236791 -0.226784 0.800423 -0.104428 0.575893 0.296195 0.754792
1311870530.253929 -1.237950 -0.226441 0.800636 -0.105112 0.575908 0.295335 0.755022
1311870530.286029 -1.239444 -0.225826 0.800808 -0.106353 0.576222 0.295109 0.754697
1311870530.317935 -1.240765 -0.225937 0.801983 -0.107840 0.577001 0.295712 0.753654
1311870530.353722 -1.241425 -0.226613 0.803672 -0.108895 0.577760 0.296017 0.752801
1311870530.385850 -1.243663 -0.227071 0.804959 -0.109166 0.578682 0.295612 0.752212
1311870530.417758 -1.244866 -0.228771 0.806029 -0.109819 0.580032 0.294008 0.751705
1311870530.453862 -1.247861 -0.229771 0.805806 -0.109366 0.582346 0.293014 0.750369
1311870530.485681 -1.251220 -0.231561 0.808624 -0.108400 0.585387 0.293648 0.747892
1311870530.517600 -1.256862 -0.232405 0.810657 -0.106518 0.587238 0.295518 0.745972
1311870530.553887 -1.261389 -0.233965 0.813349 -0.105736 0.588499 0.297971 0.744111
1311870530.585894 -1.267323 -0.235846 0.816987 -0.104991 0.589455 0.299251 0.742946
1311870530.617876 -1.273275 -0.237615 0.820459 -0.104942 0.589262 0.299561 0.742981
1311870530.653848 -1.280356 -0.239289 0.822617 -0.104541 0.589942 0.300546 0.742100
1311870530.685747 -1.288247 -0.240425 0.826396 -0.104711 0.591269 0.303086 0.739984
1311870530.717879 -1.294079 -0.242203 0.831751 -0.105173 0.591534 0.305121 0.738869
1311870530.753813 -1.301626 -0.244149 0.835193 -0.104905 0.590784 0.306199 0.739061
1311870530.785751 -1.308547 -0.246623 0.838461 -0.105290 0.590451 0.306472 0.739160
1311870530.817694 -1.315697 -0.248750 0.841700 -0.105902 0.591566 0.305000 0.738789
1311870530.853579 -1.323665 -0.250751 0.845557 -0.106368 0.593048 0.303718 0.738062
1311870530.885594 -1.330528 -0.252981 0.849538 -0.106219 0.593807 0.303839 0.737423
1311870530.917651 -1.337705 -0.254957 0.852887 -0.105013 0.594147 0.304413 0.737085
1311870530.953721 -1.344318 -0.256953 0.855615 -0.104264 0.594785 0.304763 0.736532
1311870530.985770 -1.350708 -0.258943 0.859026 -0.103002 0.596043 0.305836 0.735246
1311870531.017632 -1.357676 -0.260894 0.862851 -0.101111 0.597111 0.306881 0.734206
1311870531.053817 -1.364922 -0.262359 0.866291 -0.100145 0.597449 0.307043 0.733996
1311870531.085728 -1.370630 -0.264100 0.869705 -0.100009 0.597842 0.307075 0.733681
1311870531.117833 -1.376366 -0.265690 0.873409 -0.099006 0.598596 0.307872 0.732868
1311870531.153808 -1.382715 -0.267359 0.877195 -0.097665 0.599130 0.308654 0.732283
1311870531.185806 -1.389243 -0.268593 0.880687 -0.096978 0.599190 0.308727 0.732293
1311870531.217648 -1.395055 -0.270133 0.884631 -0.097036 0.599486 0.308270 0.732236
1311870531.253950 -1.401124 -0.271365 0.888181 -0.096963 0.599698 0.308127 0.732133
1311870531.285639 -1.407464 -0.272449 0.891887 -0.097006 0.599668 0.308066 0.732177
1311870531.317741 -1.413957 -0.272940 0.894627 -0.097277 0.599121 0.308836 0.732265
1311870531.353899 -1.418432 -0.273649 0.899270 -0.098124 0.598087 0.309595 0.732676
1311870531.385755 -1.422570 -0.274486 0.902704 -0.098910 0.597118 0.309417 0.733436
1311870531.417753 -1.427311 -0.275243 0.905535 -0.099652 0.596979 0.309023 0.733614
1311870531.453962 -1.430915 -0.275504 0.909319 -0.100326 0.597019 0.308943 0.733524
1311870531.485663 -1.435009 -0.276567 0.911418 -0.100688 0.596600 0.309108 0.733746
1311870531.517943 -1.437852 -0.276983 0.913560 -0.100968 0.596352 0.309984 0.733539
1311870531.553875 -1.441002 -0.277978 0.915647 -0.100693 0.596406 0.310813 0.733182
1311870531.585802 -1.443600 -0.278949 0.917547 -0.100651 0.596351 0.310776 0.733248
1311870531.617744 -1.447059 -0.279645 0.918827 -0.100377 0.596530 0.310066 0.733441
1311870531.653887 -1.450233 -0.280393 0.920475 -0.100457 0.596721 0.309619 0.733463
1311870531.685863 -1.452248 -0.281162 0.922442 -0.100691 0.596818 0.308709 0.733736
1311870531.717776 -1.455308 -0.281935 0.923146 -0.100472 0.596913 0.307707 0.734109
1311870531.753721 -1.458200 -0.282287 0.923692 -0.100039 0.597316 0.307668 0.733857
1311870531.785779 -1.461688 -0.282263 0.923991 -0.099988 0.597491 0.308000 0.733583
1311870531.817896 -1.463952 -0.282234 0.924759 -0.100430 0.597126 0.308806 0.733481
1311870531.853864 -1.465308 -0.282482 0.925769 -0.100765 0.596807 0.309223 0.733518
1311870531.885692 -1.467111 -0.282674 0.924608 -0.101745 0.596814 0.308423 0.733714
1311870531.917945 -1.468066 -0.282752 0.924180 -0.102604 0.598005 0.307795 0.732888
1311870531.953725 -1.469818 -0.282169 0.924266 -0.103066 0.599176 0.307914 0.731816
1311870531.985707 -1.470887 -0.281840 0.924536 -0.104029 0.599469 0.307441 0.731638
1311870532.017814 -1.470939 -0.281508 0.924167 -0.105452 0.599398 0.307065 0.731651
1311870532.053802 -1.470429 -0.281736 0.923452 -0.106635 0.600021 0.306063 0.731389
1311870532.085794 -1.469890 -0.281632 0.923397 -0.107483 0.601345 0.304471 0.730842
1311870532.117752 -1.470547 -0.281225 0.922797 -0.107430 0.602160 0.303508 0.730579
1311870532.153955 -1.469930 -0.280618 0.922068 -0.107512 0.602298 0.303903 0.730289
1311870532.185767 -1.468683 -0.280214 0.921118 -0.107598 0.602333 0.305025 0.729779
1311870532.217912 -1.466277 -0.279680 0.920762 -0.108109 0.602552 0.306244 0.729012
1311870532.253887 -1.463443 -0.279531 0.920946 -0.108518 0.603197 0.306896 0.728143
1311870532.285764 -1.459697 -0.279816 0.921439 -0.108707 0.603772 0.306351 0.727867
1311870532.317766 -1.455623 -0.280448 0.921085 -0.109008 0.604489 0.304156 0.728148
1311870532.353921 -1.451188 -0.281572 0.920055 -0.108765 0.605239 0.302029 0.728447
1311870532.385803 -1.447400 -0.284005 0.918303 -0.106886 0.605743 0.300162 0.729077
1311870532.417808 -1.443162 -0.284441 0.918261 -0.103972 0.606153 0.298127 0.729992
1311870532.454013 -1.439713 -0.284680 0.917455 -0.101525 0.606425 0.297108 0.730526
1311870532.485809 -1.436582 -0.284445 0.915386 -0.101814 0.605379 0.298289 0.730872
1311870532.518264 -1.428690 -0.286658 0.918280 -0.102882 0.604158 0.300078 0.731000
1311870532.553703 -1.421967 -0.288886 0.918425 -0.100570 0.602993 0.300244 0.732215
1311870532.585765 -1.418183 -0.289672 0.916488 -0.097591 0.602632 0.300734 0.732714
1311870532.617834 -1.414116 -0.290799 0.916076 -0.094869 0.602525 0.302616 0.732385
1311870532.653874 -1.411600 -0.291482 0.915481 -0.092525 0.601145 0.304735 0.732940
1311870532.685884 -1.405782 -0.292540 0.915849 -0.092987 0.599133 0.304707 0.734538
1311870532.717871 -1.398985 -0.294604 0.915785 -0.093159 0.598735 0.301959 0.735975
1311870532.753718 -1.395531 -0.295509 0.914387 -0.091905 0.599770 0.299417 0.736328
1311870532.785894 -1.392198 -0.296038 0.914474 -0.090815 0.600632 0.298761 0.736027
1311870532.817873 -1.388686 -0.296417 0.915106 -0.089995 0.600352 0.298502 0.736461
1311870532.853993 -1.384107 -0.296585 0.915402 -0.089786 0.599235 0.298677 0.737325
1311870532.885775 -1.380155 -0.296706 0.915705 -0.089532 0.598261 0.298546 0.738199
1311870532.917754 -1.376478 -0.296548 0.916073 -0.089102 0.597406 0.298272 0.739054
1311870532.953790 -1.374471 -0.294587 0.917277 -0.089655 0.596396 0.298347 0.739772
1311870532.985935 -1.370730 -0.294957 0.919243 -0.091632 0.595095 0.298549 0.740495
1311870533.017890 -1.368350 -0.294823 0.919281 -0.091916 0.593816 0.298075 0.741678
1311870533.053880 -1.366414 -0.294070 0.920162 -0.093039 0.593173 0.296353 0.742741
1311870533.085764 -1.364348 -0.293481 0.921201 -0.093906 0.593126 0.295314 0.743083
1311870533.117910 -1.363087 -0.292680 0.921885 -0.094165 0.593381 0.295149 0.742913
1311870533.153906 -1.362639 -0.291841 0.922337 -0.094930 0.593735 0.295557 0.742369
1311870533.185897 -1.361646 -0.291461 0.923140 -0.095961 0.594104 0.297031 0.741353
1311870533.217947 -1.360804 -0.291283 0.924709 -0.096574 0.594607 0.298848 0.740139
1311870533.253938 -1.360265 -0.291754 0.926290 -0.097219 0.595048 0.300052 0.739213
1311870533.285776 -1.360004 -0.292659 0.927569 -0.098028 0.595619 0.299639 0.738813
1311870533.317840 -1.360466 -0.293773 0.928554 -0.099033 0.596939 0.298235 0.738182
1311870533.353961 -1.361407 -0.295220 0.930453 -0.098703 0.598957 0.297647 0.736827
1311870533.385784 -1.363832 -0.296490 0.931844 -0.097065 0.600696 0.297801 0.735566
1311870533.418074 -1.366468 -0.297482 0.933022 -0.096207 0.602117 0.298233 0.734341
1311870533.453809 -1.369046 -0.299111 0.933725 -0.095421 0.604087 0.299620 0.732258
1311870533.485930 -1.372431 -0.300737 0.936265 -0.093949 0.606467 0.301705 0.729620
1311870533.517844 -1.375815 -0.302074 0.938585 -0.092872 0.608232 0.303166 0.727681
1311870533.553791 -1.379310 -0.303985 0.940698 -0.092394 0.610336 0.303741 0.725737
1311870533.585802 -1.384133 -0.305286 0.943687 -0.091939 0.612182 0.305049 0.723689
1311870533.617883 -1.387356 -0.307258 0.947228 -0.091309 0.613251 0.307173 0.721963
1311870533.653986 -1.392448 -0.308919 0.949732 -0.090157 0.614197 0.309155 0.720456
1311870533.685836 -1.397373 -0.310801 0.953072 -0.090047 0.615087 0.310648 0.719067
1311870533.717851 -1.401563 -0.313519 0.957988 -0.090760 0.615716 0.310853 0.718350
1311870533.754009 -1.406360 -0.316235 0.962526 -0.090469 0.615976 0.310557 0.718292
1311870533.786580 -1.412107 -0.318450 0.965577 -0.090117 0.615626 0.310133 0.718819
1311870533.817830 -1.416199 -0.321283 0.970074 -0.090259 0.616007 0.309122 0.718911
1311870533.854024 -1.422425 -0.323629 0.973097 -0.089704 0.616450 0.308702 0.718780
1311870533.885885 -1.427223 -0.325713 0.977575 -0.089216 0.616186 0.309264 0.718827
1311870533.918070 -1.431839 -0.327882 0.981557 -0.088478 0.615271 0.309560 0.719573
1311870533.953885 -1.435684 -0.330050 0.983579 -0.088058 0.614627 0.309246 0.720309
1311870533.986039 -1.440265 -0.332075 0.986262 -0.087302 0.615260 0.308498 0.720182
1311870534.017845 -1.444840 -0.334183 0.989318 -0.087069 0.615931 0.307779 0.719945
1311870534.053805 -1.448974 -0.336356 0.992564 -0.086391 0.616238 0.307695 0.719800
1311870534.085843 -1.452741 -0.338219 0.995725 -0.085961 0.616161 0.307604 0.719956
1311870534.117829 -1.455747 -0.340551 0.998544 -0.085421 0.616655 0.307171 0.719782
1311870534.153817 -1.461077 -0.342187 1.000650 -0.084083 0.616903 0.306641 0.719953
1311870534.185866 -1.464867 -0.344240 1.003216 -0.083733 0.616561 0.306035 0.720544
1311870534.217924 -1.469440 -0.345916 1.005091 -0.082970 0.616011 0.305835 0.721188
1311870534.254180 -1.473026 -0.347504 1.007212 -0.083063 0.615372 0.305470 0.721876
1311870534.285889 -1.476061 -0.348726 1.009248 -0.083141 0.615475 0.304304 0.722272
1311870534.318155 -1.479737 -0.349843 1.011634 -0.082810 0.616149 0.303907 0.721902
1311870534.353864 -1.483758 -0.350887 1.013098 -0.082144 0.616459 0.303574 0.721854
1311870534.386175 -1.487468 -0.351444 1.014277 -0.082237 0.616544 0.303210 0.721924
1311870534.417874 -1.490582 -0.352182 1.015805 -0.082102 0.616874 0.303384 0.721584
1311870534.453764 -1.493686 -0.352742 1.017551 -0.081685 0.616970 0.303755 0.721393
1311870534.486051 -1.496737 -0.353262 1.018266 -0.081337 0.616956 0.304309 0.721211
1311870534.518420 -1.500196 -0.353629 1.019602 -0.081242 0.617263 0.304684 0.720801
1311870534.553916 -1.502186 -0.354521 1.022231 -0.081368 0.617455 0.304949 0.720510
1311870534.585910 -1.505108 -0.356120 1.024167 -0.080589 0.617430 0.304728 0.720712
1311870534.617855 -1.507966 -0.357168 1.025989 -0.079547 0.617078 0.304805 0.721097
1311870534.654074 -1.511379 -0.358677 1.027040 -0.078186 0.616675 0.304983 0.721515
1311870534.685957 -1.515321 -0.359896 1.027997 -0.076389 0.615908 0.305496 0.722145
1311870534.718130 -1.519234 -0.361000 1.028325 -0.075724 0.614729 0.305521 0.723209
1311870534.754156 -1.520961 -0.361919 1.029906 -0.075469 0.614208 0.305060 0.723872
1311870534.785847 -1.524418 -0.362608 1.030313 -0.075060 0.614529 0.304568 0.723850
1311870534.817908 -1.527474 -0.363205 1.032479 -0.074651 0.614941 0.304721 0.723478
1311870534.853941 -1.530240 -0.364003 1.033337 -0.074178 0.614816 0.304936 0.723542
1311870534.885905 -1.533055 -0.364185 1.034001 -0.074096 0.614845 0.305046 0.723479
1311870534.918048 -1.535811 -0.364549 1.034849 -0.074091 0.615091 0.304906 0.723329
1311870534.954068 -1.537279 -0.364680 1.036368 -0.074650 0.615227 0.304867 0.723173
1311870534.985871 -1.538583 -0.365115 1.036092 -0.074523 0.615754 0.304736 0.722793
1311870535.018049 -1.540408 -0.365191 1.035335 -0.073781 0.617026 0.304973 0.721684
1311870535.054164 -1.543542 -0.364876 1.034769 -0.073635 0.618142 0.305908 0.720346
1311870535.085918 -1.544787 -0.364855 1.035701 -0.074211 0.618661 0.307134 0.719319
1311870535.117922 -1.546209 -0.364780 1.035849 -0.074160 0.618928 0.307543 0.718920
1311870535.154191 -1.547950 -0.364333 1.036274 -0.074096 0.619262 0.307840 0.718512
1311870535.185891 -1.550445 -0.363987 1.035766 -0.074515 0.619462 0.307757 0.718331
1311870535.217963 -1.552745 -0.363451 1.036350 -0.075094 0.619219 0.308243 0.718272
1311870535.254036 -1.554121 -0.362295 1.036638 -0.076325 0.617942 0.308940 0.718942
1311870535.285911 -1.553898 -0.361784 1.036372 -0.079027 0.617129 0.309599 0.719065
1311870535.317996 -1.553193 -0.361066 1.037038 -0.080822 0.617803 0.310473 0.717909
1311870535.354185 -1.553981 -0.360502 1.036882 -0.081116 0.618887 0.310835 0.716785
1311870535.386102 -1.555046 -0.360537 1.036455 -0.081841 0.619487 0.311169 0.716039
1311870535.418054 -1.555672 -0.360260 1.036280 -0.082611 0.619748 0.311445 0.715605
1311870535.454154 -1.556544 -0.359985 1.035826 -0.083607 0.620095 0.310722 0.715503
1311870535.486006 -1.558275 -0.359305 1.034909 -0.084959 0.620235 0.309639 0.715691
1311870535.517985 -1.559790 -0.358106 1.034313 -0.086003 0.619790 0.309618 0.715961
1311870535.554126 -1.560609 -0.356986 1.033387 -0.087391 0.618818 0.309614 0.716636
1311870535.586026 -1.560715 -0.355751 1.031649 -0.088803 0.618080 0.308958 0.717381
1311870535.618203 -1.559658 -0.355518 1.028912 -0.089635 0.618286 0.308261 0.717400
1311870535.653954 -1.560373 -0.355176 1.026051 -0.089067 0.619544 0.306858 0.716987
1311870535.685919 -1.561298 -0.354212 1.022779 -0.088786 0.620047 0.305561 0.717141
1311870535.722020 -1.560606 -0.353853 1.018763 -0.087981 0.620329 0.304931 0.717264
1311870535.753972 -1.560935 -0.352826 1.014173 -0.086680 0.620390 0.304252 0.717659
1311870535.785923 -1.561083 -0.352811 1.008564 -0.086522 0.620427 0.303232 0.718077
1311870535.822043 -1.559090 -0.351413 1.003470 -0.086458 0.620822 0.302635 0.717995
1311870535.854132 -1.556914 -0.349795 0.999279 -0.085541 0.621710 0.302154 0.717539
1311870535.886083 -1.556705 -0.348380 0.993188 -0.083916 0.622550 0.301990 0.717072
1311870535.922048 -1.560452 -0.345609 0.985194 -0.083182 0.622408 0.302379 0.717116
1311870535.954065 -1.558381 -0.342238 0.982563 -0.084561 0.621107 0.302268 0.718129
1311870535.985940 -1.555215 -0.340798 0.979057 -0.085084 0.619257 0.301065 0.720168
1311870536.022118 -1.554740 -0.338431 0.971001 -0.084796 0.617861 0.299838 0.721910
1311870536.053971 -1.553380 -0.335740 0.964486 -0.085066 0.617552 0.299271 0.722378
1311870536.086162 -1.550953 -0.333486 0.958546 -0.085009 0.616869 0.298981 0.723088
1311870536.122071 -1.549360 -0.331191 0.951014 -0.084095 0.615510 0.298572 0.724521
1311870536.154212 -1.547942 -0.328740 0.943371 -0.084705 0.613879 0.296739 0.726584
1311870536.185964 -1.544900 -0.326432 0.935724 -0.086225 0.612989 0.294346 0.728128
1311870536.222145 -1.543121 -0.323800 0.928178 -0.086804 0.612696 0.292642 0.728993
1311870536.254533 -1.542224 -0.320771 0.920224 -0.087144 0.611417 0.291297 0.730562
1311870536.285958 -1.541023 -0.317522 0.912561 -0.088724 0.609628 0.290121 0.732333
1311870536.322117 -1.539521 -0.314670 0.905417 -0.090638 0.607578 0.288981 0.734250
1311870536.354191 -1.537177 -0.311897 0.898012 -0.092764 0.604852 0.288405 0.736458
1311870536.386255 -1.533559 -0.309298 0.891073 -0.093881 0.602594 0.287341 0.738581
1311870536.422203 -1.533089 -0.306388 0.883654 -0.093974 0.600820 0.285712 0.740643
1311870536.453990 -1.531675 -0.303014 0.876001 -0.095459 0.598583 0.283844 0.742980
1311870536.486155 -1.530497 -0.299690 0.868952 -0.096390 0.596619 0.282808 0.744831
1311870536.522243 -1.529912 -0.296262 0.861738 -0.097085 0.593657 0.282415 0.747253
1311870536.554054 -1.528335 -0.292818 0.854820 -0.099192 0.589492 0.281513 0.750607
1311870536.586020 -1.522665 -0.291104 0.849055 -0.101687 0.585897 0.279760 0.753736
1311870536.622194 -1.519460 -0.289492 0.841480 -0.102087 0.584329 0.277173 0.755852
1311870536.654414 -1.518769 -0.287029 0.833897 -0.101786 0.583165 0.274725 0.757684
1311870536.686043 -1.517115 -0.284960 0.828044 -0.101675 0.581686 0.272312 0.759704
1311870536.722157 -1.517320 -0.282050 0.821474 -0.099674 0.579205 0.271443 0.762172
1311870536.754257 -1.517886 -0.279352 0.813582 -0.098336 0.574759 0.272332 0.765387
1311870536.786106 -1.517013 -0.276449 0.805320 -0.098987 0.569560 0.272675 0.769058
1311870536.822151 -1.514364 -0.274944 0.798492 -0.101422 0.566113 0.270059 0.772203
1311870536.854015 -1.513259 -0.273232 0.791979 -0.103853 0.564798 0.267625 0.773689
1311870536.886074 -1.511796 -0.270356 0.788535 -0.105074 0.563115 0.265964 0.775322
1311870536.922146 -1.510964 -0.267575 0.782971 -0.106653 0.559754 0.263399 0.778410
1311870536.954108 -1.507552 -0.266147 0.777914 -0.108166 0.557251 0.261127 0.780759
1311870536.986393 -1.506176 -0.264715 0.773218 -0.108237 0.556657 0.258990 0.781883
1311870537.022074 -1.505452 -0.262690 0.768427 -0.108650 0.555744 0.257094 0.783100
1311870537.054071 -1.504750 -0.261312 0.763848 -0.110072 0.555207 0.253852 0.784340
1311870537.086400 -1.504048 -0.259302 0.760164 -0.111781 0.554939 0.252266 0.784799
1311870537.122159 -1.502580 -0.258032 0.758596 -0.111254 0.554196 0.253815 0.784899
1311870537.154044 -1.501590 -0.256406 0.756144 -0.109626 0.552634 0.256668 0.785302
1311870537.186006 -1.499397 -0.254889 0.751785 -0.108985 0.551717 0.259228 0.785195
1311870537.222178 -1.497326 -0.253824 0.748216 -0.107840 0.553007 0.262039 0.783511
1311870537.254088 -1.496924 -0.252605 0.746406 -0.106173 0.555731 0.264067 0.781126
1311870537.286093 -1.498180 -0.251125 0.745375 -0.105064 0.557572 0.265648 0.779427
1311870537.322226 -1.496249 -0.250533 0.746061 -0.104694 0.558327 0.266621 0.778603
1311870537.354088 -1.495860 -0.250800 0.744058 -0.103757 0.559544 0.266002 0.778067
1311870537.386038 -1.499357 -0.248662 0.741124 -0.103571 0.560766 0.266758 0.776952
1311870537.422153 -1.499015 -0.248278 0.740737 -0.106683 0.560922 0.269118 0.775603
1311870537.454193 -1.494782 -0.250659 0.744273 -0.109304 0.561880 0.270353 0.774114
1311870537.486083 -1.493120 -0.252553 0.745550 -0.109242 0.563319 0.268847 0.773601
1311870537.522105 -1.492070 -0.254706 0.747417 -0.108364 0.565723 0.266705 0.772712
1311870537.554064 -1.494714 -0.255075 0.747544 -0.105579 0.566102 0.267181 0.772655
1311870537.586084 -1.494517 -0.255726 0.747292 -0.104333 0.564634 0.270335 0.772801
1311870537.622154 -1.494286 -0.257318 0.748897 -0.102634 0.564648 0.273358 0.771955
1311870537.654062 -1.494852 -0.258260 0.750579 -0.101089 0.563258 0.276363 0.772104
1311870537.686040 -1.494941 -0.260370 0.749521 -0.100083 0.562566 0.277054 0.772492
1311870537.722168 -1.496433 -0.261011 0.749036 -0.099918 0.563744 0.276269 0.771936
1311870537.754254 -1.495578 -0.262221 0.750032 -0.100307 0.564902 0.275495 0.771315
1311870537.786249 -1.496533 -0.262393 0.751471 -0.099732 0.565703 0.274171 0.771274
1311870537.822222 -1.497118 -0.262647 0.751362 -0.100030 0.564091 0.274003 0.772475
1311870537.854262 -1.494105 -0.264114 0.750998 -0.100536 0.563579 0.273189 0.773071
1311870537.886381 -1.494352 -0.264088 0.749844 -0.099244 0.564577 0.272670 0.772693
1311870537.922171 -1.494305 -0.264157 0.749112 -0.098559 0.564361 0.272523 0.772990
1311870537.954347 -1.492492 -0.263657 0.748023 -0.098175 0.563287 0.273695 0.773408
1311870537.986107 -1.490394 -0.263805 0.746748 -0.097334 0.562358 0.275282 0.773627
1311870538.022288 -1.488485 -0.263641 0.744861 -0.097131 0.561501 0.274741 0.774467
1311870538.054071 -1.486196 -0.263273 0.742713 -0.096931 0.560890 0.274740 0.774935
1311870538.086140 -1.483642 -0.262988 0.741404 -0.095905 0.560596 0.275268 0.775088
1311870538.122594 -1.482568 -0.262130 0.738922 -0.094487 0.559678 0.275000 0.776021
1311870538.154168 -1.480865 -0.260404 0.735164 -0.094230 0.556915 0.274753 0.778125
1311870538.186414 -1.478829 -0.259619 0.730667 -0.094688 0.554555 0.274188 0.779951
1311870538.222265 -1.476685 -0.257935 0.727184 -0.095508 0.553186 0.272574 0.781388
1311870538.254167 -1.473427 -0.255876 0.723756 -0.097300 0.551428 0.270181 0.783239
1311870538.286215 -1.469352 -0.254644 0.719768 -0.098739 0.550160 0.268134 0.784652
1311870538.322310 -1.466090 -0.253165 0.714661 -0.099182 0.549030 0.265882 0.786153
1311870538.354240 -1.462891 -0.251812 0.708472 -0.099459 0.547424 0.262816 0.788266
1311870538.386094 -1.459439 -0.250553 0.701076 -0.099612 0.545834 0.259431 0.790467
1311870538.422217 -1.456438 -0.248114 0.692966 -0.099107 0.544153 0.256929 0.792504
1311870538.454159 -1.452789 -0.246090 0.685338 -0.098662 0.542647 0.255756 0.793970
1311870538.486125 -1.450110 -0.242872 0.677781 -0.098566 0.540779 0.254707 0.795592
1311870538.522200 -1.445058 -0.240837 0.670340 -0.099717 0.538192 0.253764 0.797502
1311870538.554259 -1.440225 -0.239489 0.662820 -0.099529 0.536322 0.252239 0.799268
1311870538.586143 -1.437535 -0.236729 0.654895 -0.099495 0.534562 0.250221 0.801083
1311870538.622362 -1.432869 -0.234903 0.647436 -0.099880 0.533029 0.247611 0.802865
1311870538.654294 -1.430153 -0.231939 0.638983 -0.099293 0.531642 0.245986 0.804356
1311870538.686207 -1.427456 -0.228000 0.630696 -0.099273 0.529940 0.245506 0.805627
1311870538.722309 -1.425051 -0.224435 0.623331 -0.100237 0.527944 0.244955 0.806985
1311870538.754182 -1.421254 -0.220811 0.615753 -0.101393 0.526006 0.243890 0.808427
1311870538.786218 -1.418692 -0.215974 0.607124 -0.102681 0.524333 0.243738 0.809397
1311870538.822228 -1.414017 -0.213238 0.600480 -0.104243 0.523227 0.243881 0.809870
1311870538.854281 -1.411722 -0.210350 0.594043 -0.104964 0.522507 0.243405 0.810384
1311870538.886222 -1.409172 -0.206726 0.586702 -0.105715 0.521370 0.243163 0.811091
1311870538.922182 -1.406896 -0.203789 0.581413 -0.106456 0.519875 0.242355 0.812195
1311870538.954344 -1.405499 -0.199953 0.574734 -0.106858 0.516915 0.242292 0.814048
1311870538.986328 -1.403262 -0.197369 0.569339 -0.107752 0.513610 0.243198 0.815750
1311870539.022372 -1.401156 -0.195658 0.563239 -0.108171 0.510672 0.243711 0.817385
1311870539.054236 -1.399905 -0.193386 0.556212 -0.109190 0.508730 0.242199 0.818908
1311870539.086179 -1.398028 -0.192073 0.551645 -0.110720 0.507429 0.240305 0.820067
1311870539.122393 -1.395963 -0.190590 0.547081 -0.111156 0.505936 0.238631 0.821418
1311870539.154145 -1.396004 -0.188648 0.542054 -0.110756 0.503832 0.237131 0.823198
1311870539.186213 -1.395020 -0.186634 0.536268 -0.110923 0.501169 0.236314 0.825034
1311870539.222410 -1.393480 -0.184952 0.532850 -0.110821 0.499589 0.236646 0.825911
1311870539.254251 -1.393181 -0.182614 0.526699 -0.110527 0.497573 0.237168 0.827016
1311870539.286197 -1.391620 -0.179757 0.522001 -0.111816 0.495784 0.237084 0.827941
1311870539.322337 -1.389032 -0.178091 0.520712 -0.113064 0.495110 0.237677 0.828005
1311870539.354172 -1.387583 -0.175947 0.516557 -0.112855 0.494234 0.238298 0.828378
1311870539.386179 -1.386706 -0.173512 0.513405 -0.113565 0.493770 0.238555 0.828484
1311870539.422287 -1.385676 -0.171386 0.511100 -0.114296 0.493070 0.239437 0.828546
1311870539.454836 -1.384243 -0.169297 0.509338 -0.114453 0.492401 0.241892 0.828209
1311870539.487455 -1.383720 -0.166990 0.507257 -0.114337 0.490973 0.244955 0.828173
1311870539.522354 -1.381141 -0.165621 0.506042 -0.115421 0.489192 0.246914 0.828494
1311870539.554154 -1.378501 -0.163646 0.503222 -0.115984 0.488805 0.248111 0.828287
1311870539.586271 -1.376980 -0.161927 0.502456 -0.116350 0.489088 0.249600 0.827620
1311870539.622380 -1.375907 -0.159728 0.501657 -0.116983 0.488312 0.251634 0.827373
1311870539.654246 -1.373458 -0.158705 0.500802 -0.118904 0.487072 0.254428 0.826976
1311870539.686345 -1.369855 -0.156384 0.501492 -0.120455 0.486504 0.257695 0.826073
1311870539.722235 -1.366994 -0.156903 0.504215 -0.120934 0.486775 0.259360 0.825322
1311870539.754311 -1.365803 -0.156497 0.504268 -0.120508 0.486488 0.259403 0.825541
1311870539.786602 -1.363601 -0.156655 0.503909 -0.119981 0.486311 0.259267 0.825765
1311870539.822291 -1.361920 -0.157564 0.501669 -0.119028 0.486967 0.258686 0.825698
1311870539.854254 -1.360364 -0.158830 0.499311 -0.118769 0.489020 0.256797 0.825112
1311870539.886326 -1.359254 -0.159590 0.498090 -0.119009 0.492515 0.254216 0.823796
1311870539.922326 -1.357809 -0.160915 0.497781 -0.119001 0.496093 0.251832 0.822381
1311870539.954396 -1.358035 -0.162510 0.499389 -0.117981 0.498991 0.250227 0.821264
1311870539.986265 -1.356480 -0.163625 0.497622 -0.116949 0.498933 0.250484 0.821369
1311870540.022451 -1.353272 -0.166468 0.496091 -0.116725 0.498967 0.250956 0.821236
1311870540.054248 -1.349342 -0.168650 0.492719 -0.116007 0.499844 0.251806 0.820544
1311870540.086327 -1.347666 -0.169007 0.490081 -0.115143 0.502289 0.252381 0.818994
1311870540.122405 -1.346982 -0.167956 0.490640 -0.114570 0.504820 0.254831 0.816757
1311870540.154212 -1.344074 -0.168633 0.492758 -0.113773 0.504642 0.257781 0.816052
1311870540.186183 -1.341098 -0.169119 0.490416 -0.112908 0.503701 0.259036 0.816356
1311870540.222385 -1.338838 -0.168012 0.488234 -0.112420 0.503538 0.259640 0.816333
1311870540.254274 -1.336253 -0.167400 0.487273 -0.111990 0.503527 0.260984 0.815970
1311870540.286328 -1.335035 -0.166034 0.486951 -0.111161 0.502265 0.263470 0.816062
1311870540.322198 -1.330386 -0.165389 0.485291 -0.111394 0.499827 0.265396 0.816902
1311870540.354334 -1.323359 -0.165542 0.483316 -0.111475 0.499425 0.265567 0.817081
1311870540.386386 -1.319718 -0.164790 0.480578 -0.109929 0.500466 0.264830 0.816893
1311870540.422311 -1.317059 -0.162889 0.478701 -0.108812 0.500569 0.264821 0.816982
1311870540.454309 -1.312367 -0.161891 0.476530 -0.107675 0.499440 0.265657 0.817553
1311870540.486221 -1.308266 -0.160530 0.474467 -0.106324 0.497799 0.266237 0.818541
1311870540.522337 -1.303468 -0.159604 0.471706 -0.105664 0.495663 0.265145 0.820275
1311870540.554375 -1.298404 -0.158599 0.467441 -0.105617 0.493648 0.263155 0.822135
1311870540.586464 -1.293680 -0.157247 0.463821 -0.105602 0.492381 0.260739 0.823665
1311870540.622414 -1.291117 -0.155522 0.461547 -0.106068 0.490614 0.257116 0.825796
1311870540.654269 -1.285554 -0.155441 0.458505 -0.107003 0.487043 0.254148 0.828703
1311870540.686268 -1.281269 -0.154210 0.454045 -0.106915 0.483399 0.251992 0.831502
1311870540.722364 -1.275608 -0.152862 0.449121 -0.106747 0.478997 0.251062 0.834347
1311870540.754251 -1.269029 -0.151244 0.442301 -0.106905 0.474640 0.249819 0.837185
1311870540.786246 -1.261998 -0.150688 0.437032 -0.107570 0.471398 0.246406 0.839938
1311870540.822468 -1.256116 -0.149433 0.429508 -0.107510 0.468674 0.241586 0.842865
1311870540.854236 -1.250960 -0.147353 0.421333 -0.107670 0.466066 0.237818 0.845359
1311870540.886320 -1.243656 -0.145589 0.414024 -0.108891 0.463444 0.234695 0.847514
1311870540.922347 -1.236441 -0.144357 0.407236 -0.109703 0.461300 0.231712 0.849398
1311870540.954328 -1.230464 -0.142763 0.399461 -0.110146 0.459496 0.228472 0.851195
1311870540.986261 -1.223185 -0.141539 0.391923 -0.111306 0.458407 0.225447 0.852436
1311870541.022351 -1.217044 -0.140234 0.386220 -0.111322 0.457554 0.223621 0.853373
1311870541.054387 -1.213449 -0.138194 0.381017 -0.111099 0.455266 0.223095 0.854763
1311870541.086340 -1.208054 -0.137597 0.375323 -0.112052 0.451756 0.223093 0.856499
1311870541.122437 -1.202644 -0.137226 0.369742 -0.112245 0.448411 0.222215 0.858457
1311870541.154508 -1.197512 -0.135620 0.362043 -0.112728 0.445223 0.219995 0.860622
1311870541.186431 -1.193362 -0.134016 0.355921 -0.113518 0.443190 0.217061 0.862311
1311870541.222493 -1.190758 -0.131457 0.350682 -0.114355 0.440910 0.215218 0.863830
1311870541.254588 -1.186746 -0.129132 0.344671 -0.115696 0.438054 0.214154 0.865367
1311870541.286332 -1.183291 -0.126591 0.338606 -0.116582 0.435741 0.213547 0.866566
1311870541.322625 -1.179968 -0.124325 0.331544 -0.118128 0.433880 0.213402 0.867326
1311870541.354428 -1.176123 -0.122474 0.326218 -0.118876 0.433183 0.213370 0.867579
1311870541.386374 -1.174300 -0.120390 0.321628 -0.119106 0.432181 0.213545 0.868005
1311870541.422454 -1.172645 -0.117411 0.315819 -0.119383 0.430399 0.213196 0.868937
1311870541.454513 -1.170988 -0.114811 0.309876 -0.120375 0.428828 0.212555 0.869734
1311870541.486795 -1.168814 -0.111612 0.303505 -0.120974 0.427459 0.212815 0.870261
1311870541.522439 -1.167165 -0.109100 0.297695 -0.121820 0.426810 0.213317 0.870338
1311870541.555173 -1.166106 -0.106996 0.292455 -0.123413 0.426070 0.213176 0.870511
1311870541.586667 -1.162979 -0.106613 0.289730 -0.125150 0.425954 0.212124 0.870577
1311870541.622463 -1.161087 -0.106084 0.285325 -0.125008 0.426372 0.210849 0.870702
1311870541.654490 -1.159455 -0.106347 0.281505 -0.124254 0.427359 0.209653 0.870615
1311870541.686496 -1.158305 -0.104522 0.277991 -0.122677 0.428321 0.208485 0.870647
1311870541.722353 -1.157401 -0.104809 0.274502 -0.121541 0.429737 0.208401 0.870128
1311870541.754325 -1.155505 -0.105037 0.271100 -0.119545 0.431121 0.210059 0.869321
1311870541.786545 -1.156058 -0.104138 0.269469 -0.116832 0.432177 0.211819 0.868738
1311870541.822399 -1.155911 -0.103358 0.269153 -0.115521 0.432031 0.213105 0.868672
1311870541.854332 -1.154428 -0.103754 0.270646 -0.114171 0.430961 0.214599 0.869014
1311870541.886498 -1.154873 -0.105068 0.269704 -0.112643 0.429211 0.214994 0.869981
1311870541.922427 -1.153521 -0.105717 0.269379 -0.112262 0.428132 0.213783 0.870860
1311870541.954548 -1.152299 -0.107078 0.269472 -0.111632 0.428308 0.212087 0.871269
1311870541.986569 -1.152391 -0.107277 0.270163 -0.110374 0.428637 0.211845 0.871326
1311870542.022417 -1.152298 -0.108654 0.271246 -0.109494 0.428399 0.212299 0.871444
1311870542.054327 -1.151506 -0.109480 0.271781 -0.108588 0.427900 0.212367 0.871786
1311870542.086535 -1.151639 -0.109671 0.270627 -0.108071 0.428420 0.213112 0.871413
1311870542.122433 -1.151462 -0.109550 0.272771 -0.108820 0.429772 0.215485 0.870069
1311870542.154468 -1.151772 -0.111718 0.276979 -0.109716 0.430483 0.215657 0.869563
1311870542.186374 -1.152335 -0.113911 0.281287 -0.110433 0.429770 0.213638 0.870322
1311870542.222469 -1.152042 -0.116558 0.284721 -0.110666 0.428012 0.210870 0.871833
1311870542.254367 -1.150861 -0.118923 0.286531 -0.109977 0.426353 0.210004 0.872942
1311870542.286569 -1.148895 -0.121806 0.287502 -0.108805 0.426101 0.211837 0.872768
1311870542.322368 -1.150688 -0.123405 0.289615 -0.106918 0.427041 0.215168 0.871727
1311870542.354466 -1.152172 -0.125799 0.293766 -0.106813 0.426049 0.218400 0.871421
1311870542.386344 -1.150549 -0.128155 0.296252 -0.107319 0.424310 0.218834 0.872098
1311870542.422546 -1.149203 -0.129654 0.297863 -0.107416 0.423878 0.217043 0.872744
1311870542.454398 -1.148958 -0.130712 0.299050 -0.107181 0.424921 0.215717 0.872594
1311870542.486607 -1.150084 -0.130690 0.301026 -0.106327 0.425721 0.217225 0.871934
1311870542.522398 -1.149585 -0.131410 0.303431 -0.105983 0.425252 0.220278 0.871439
1311870542.554522 -1.148854 -0.132762 0.305103 -0.106065 0.424465 0.221923 0.871395
1311870542.586430 -1.146525 -0.133351 0.305053 -0.107068 0.423779 0.221576 0.871695
1311870542.622435 -1.143879 -0.133848 0.302551 -0.108018 0.424841 0.221177 0.871162
1311870542.654545 -1.143885 -0.133877 0.303406 -0.108970 0.427062 0.220658 0.870088
1311870542.686551 -1.143320 -0.133397 0.305441 -0.110685 0.427167 0.219924 0.870006
1311870542.722485 -1.143033 -0.133082 0.307151 -0.112236 0.425102 0.219809 0.870847
1311870542.754612 -1.141812 -0.133279 0.307464 -0.113762 0.420846 0.220589 0.872518
1311870542.786515 -1.136020 -0.135230 0.305065 -0.115431 0.416110 0.221021 0.874459
1311870542.822618 -1.130341 -0.136430 0.300102 -0.115343 0.414494 0.221844 0.875029
1311870542.854518 -1.127179 -0.135913 0.298168 -0.114122 0.415323 0.222981 0.874507
1311870542.886471 -1.125717 -0.135100 0.296360 -0.113258 0.415125 0.223036 0.874699
1311870542.922511 -1.123154 -0.134287 0.294117 -0.113752 0.413098 0.221420 0.876005
1311870542.954692 -1.119286 -0.133850 0.292381 -0.113925 0.410022 0.219669 0.877866
1311870542.986531 -1.114617 -0.133781 0.288100 -0.112942 0.406388 0.218651 0.879935
1311870543.022361 -1.110567 -0.132333 0.281549 -0.112054 0.403329 0.217051 0.881850
1311870543.054503 -1.104132 -0.131599 0.276598 -0.111700 0.400941 0.215747 0.883302
1311870543.086501 -1.101614 -0.129908 0.270730 -0.110376 0.399182 0.215101 0.884422
1311870543.122447 -1.098134 -0.128202 0.264827 -0.110217 0.396285 0.214553 0.885877
1311870543.154423 -1.093303 -0.126913 0.258371 -0.110596 0.392724 0.213168 0.887747
1311870543.186537 -1.088284 -0.124860 0.250381 -0.111388 0.389398 0.211004 0.889629
1311870543.222444 -1.082336 -0.123185 0.242950 -0.112799 0.386912 0.208027 0.891235
1311870543.254396 -1.078286 -0.121855 0.236284 -0.113740 0.384962 0.204376 0.892803
1311870543.286693 -1.073972 -0.119408 0.229303 -0.115074 0.382272 0.200944 0.894566
1311870543.322559 -1.067455 -0.118476 0.222112 -0.116188 0.379514 0.197703 0.896316
1311870543.354735 -1.062549 -0.116848 0.214664 -0.116659 0.377221 0.194517 0.897919
1311870543.386750 -1.058585 -0.115269 0.207092 -0.117044 0.374653 0.190896 0.899719
1311870543.422566 -1.054297 -0.113491 0.199545 -0.117627 0.371834 0.187520 0.901521
1311870543.454309 -1.049263 -0.111445 0.191846 -0.117671 0.369098 0.184884 0.903182
1311870543.486520 -1.045490 -0.109431 0.183582 -0.117155 0.366751 0.183507 0.904485
1311870543.522582 -1.041842 -0.107249 0.175429 -0.117160 0.364588 0.182608 0.905540
1311870543.554798 -1.038718 -0.104931 0.168168 -0.117576 0.362535 0.181911 0.906451
1311870543.586450 -1.035448 -0.101665 0.161669 -0.117733 0.359881 0.182058 0.907458
1311870543.622532 -1.033598 -0.097905 0.155966 -0.118357 0.356342 0.182823 0.908619
1311870543.654514 -1.030722 -0.096260 0.151246 -0.119765 0.351566 0.183568 0.910143
1311870543.686479 -1.027454 -0.093688 0.143470 -0.121292 0.346390 0.183962 0.911844
1311870543.722474 -1.021632 -0.092244 0.136275 -0.123536 0.343160 0.183722 0.912812
1311870543.754435 -1.016660 -0.091665 0.128894 -0.124930 0.342908 0.182708 0.912921
1311870543.786567 -1.011507 -0.091409 0.126027 -0.124595 0.345464 0.181663 0.912211
1311870543.822562 -1.010857 -0.089809 0.118045 -0.123320 0.348055 0.179182 0.911890
1311870543.854650 -1.008510 -0.087823 0.115778 -0.122983 0.349754 0.178266 0.911465
1311870543.886603 -1.008220 -0.086622 0.112030 -0.121203 0.350596 0.179782 0.911082
1311870543.922562 -1.007420 -0.085944 0.108581 -0.120458 0.350014 0.182466 0.910871
1311870543.954493 -1.002815 -0.084646 0.104580 -0.119834 0.348294 0.183367 0.911432
1311870543.986550 -0.998902 -0.083660 0.102538 -0.119655 0.348579 0.183164 0.911387
1311870544.022508 -0.996167 -0.082883 0.100069 -0.119078 0.350170 0.183506 0.910784
1311870544.054454 -0.994795 -0.080648 0.097632 -0.118716 0.351594 0.184594 0.910062
1311870544.086527 -0.992079 -0.078423 0.095363 -0.119244 0.352608 0.185945 0.909326
1311870544.122512 -0.989894 -0.076955 0.094181 -0.120608 0.353627 0.187030 0.908527
1311870544.154676 -0.987047 -0.074786 0.093414 -0.122370 0.354383 0.187385 0.907923
1311870544.186896 -0.982396 -0.072711 0.092890 -0.124872 0.355321 0.187734 0.907144
1311870544.222602 -0.978624 -0.071864 0.093072 -0.127001 0.357621 0.188805 0.905721
1311870544.254540 -0.976042 -0.070844 0.093018 -0.128414 0.359955 0.189974 0.904352
1311870544.286587 -0.972265 -0.070176 0.093613 -0.129845 0.361946 0.191347 0.903062
1311870544.322554 -0.968529 -0.068936 0.092724 -0.131164 0.364278 0.193548 0.901464
1311870544.354609 -0.963698 -0.068935 0.094551 -0.132421 0.367083 0.195927 0.899626
1311870544.386694 -0.961260 -0.069424 0.094707 -0.132462 0.369065 0.196715 0.898637
1311870544.422518 -0.957300 -0.070804 0.095730 -0.132818 0.370442 0.196451 0.898075
1311870544.454952 -0.953630 -0.072479 0.096220 -0.131451 0.372135 0.195759 0.897727
1311870544.486493 -0.949070 -0.070827 0.094819 -0.129621 0.373595 0.196080 0.897317
1311870544.522511 -0.945433 -0.070814 0.094091 -0.127873 0.375926 0.197669 0.896245
1311870544.554697 -0.942497 -0.070079 0.093855 -0.126087 0.378067 0.199881 0.895106
1311870544.586533 -0.939983 -0.069625 0.092865 -0.125095 0.379833 0.202657 0.893873
1311870544.622497 -0.936884 -0.068549 0.094290 -0.125112 0.381249 0.205511 0.892615
1311870544.654693 -0.933622 -0.068627 0.094829 -0.124763 0.381686 0.207874 0.891930
1311870544.686484 -0.930231 -0.067070 0.093912 -0.124471 0.381440 0.209238 0.891757
1311870544.722542 -0.926153 -0.066547 0.094192 -0.125033 0.381278 0.210372 0.891481
1311870544.754551 -0.923152 -0.065412 0.094056 -0.124990 0.380924 0.212174 0.891211
1311870544.786501 -0.919324 -0.064143 0.095009 -0.125463 0.379736 0.213871 0.891246
1311870544.822618 -0.913439 -0.063528 0.093290 -0.125760 0.377816 0.214776 0.891802
1311870544.855021 -0.907431 -0.062716 0.091663 -0.125809 0.376466 0.215159 0.892274
1311870544.890655 -0.902739 -0.062385 0.090498 -0.125637 0.375658 0.215345 0.892593
1311870544.922592 -0.897755 -0.061934 0.088764 -0.125244 0.374089 0.215084 0.893370
1311870544.954606 -0.892976 -0.061445 0.086551 -0.124514 0.372073 0.214295 0.894503
1311870544.990496 -0.888471 -0.060927 0.083144 -0.123652 0.369757 0.212716 0.895959
1311870545.022553 -0.884590 -0.059390 0.079230 -0.122922 0.367272 0.210211 0.897671
1311870545.054668 -0.880118 -0.058366 0.074954 -0.122715 0.364587 0.207621 0.899395
1311870545.090638 -0.877317 -0.056146 0.070207 -0.122404 0.361725 0.203949 0.901430
1311870545.122537 -0.874710 -0.053542 0.064472 -0.123564 0.357964 0.199766 0.903707
1311870545.154758 -0.870410 -0.051439 0.058670 -0.124942 0.353821 0.196020 0.905967
1311870545.190523 -0.867278 -0.047463 0.051281 -0.126175 0.349138 0.192447 0.908376
1311870545.222656 -0.861453 -0.042769 0.044745 -0.127930 0.344067 0.189255 0.910733
1311870545.254684 -0.857776 -0.038990 0.035949 -0.130340 0.339183 0.186071 0.912877
1311870545.290663 -0.851371 -0.034207 0.029648 -0.132667 0.334268 0.183151 0.914943
1311870545.322603 -0.846806 -0.029750 0.019405 -0.133876 0.329475 0.180247 0.917079
1311870545.354649 -0.840972 -0.026299 0.010430 -0.136065 0.325238 0.178629 0.918585
1311870545.390609 -0.835525 -0.022704 0.001371 -0.137944 0.321735 0.178004 0.919659
1311870545.422677 -0.830624 -0.019318 -0.006177 -0.139403 0.318456 0.177728 0.920633
1311870545.454786 -0.826194 -0.015922 -0.014114 -0.140443 0.314407 0.177401 0.921929
1311870545.490531 -0.821422 -0.013535 -0.022308 -0.141618 0.310265 0.175765 0.923464
1311870545.522543 -0.816938 -0.011527 -0.031069 -0.142224 0.306829 0.173225 0.924998
1311870545.554599 -0.813822 -0.009558 -0.039805 -0.142354 0.304145 0.171094 0.926260
1311870545.590637 -0.811869 -0.006993 -0.048134 -0.142245 0.301109 0.169765 0.927512
1311870545.622567 -0.809266 -0.004049 -0.056147 -0.142848 0.297447 0.168771 0.928782
1311870545.654573 -0.806426 -0.001433 -0.064962 -0.142992 0.294199 0.167979 0.929937
1311870545.690650 -0.804363 0.002147 -0.073075 -0.143407 0.291594 0.167891 0.930709
1311870545.722708 -0.802632 0.005493 -0.080743 -0.144383 0.288807 0.168609 0.931297
1311870545.754829 -0.800672 0.008900 -0.087497 -0.145589 0.285230 0.169941 0.931970
1311870545.790659 -0.798716 0.012035 -0.094152 -0.147032 0.281746 0.171232 0.932567
1311870545.822700 -0.796113 0.014282 -0.101075 -0.148239 0.278640 0.171196 0.933315
1311870545.854783 -0.793171 0.017036 -0.106851 -0.149148 0.276068 0.169934 0.934165
1311870545.890801 -0.788545 0.019503 -0.114232 -0.149653 0.274229 0.168423 0.934899
1311870545.922584 -0.783002 0.021696 -0.121430 -0.150222 0.274055 0.167140 0.935089
1311870545.954811 -0.779306 0.023780 -0.125076 -0.149717 0.275645 0.166788 0.934765
1311870545.990635 -0.778341 0.024640 -0.130831 -0.148854 0.276244 0.167747 0.934555
1311870546.022658 -0.775320 0.026413 -0.136109 -0.148440 0.275479 0.169473 0.934535
1311870546.054892 -0.770133 0.028278 -0.139959 -0.147377 0.275552 0.171231 0.934361
1311870546.090934 -0.765542 0.030165 -0.146111 -0.146418 0.276636 0.171470 0.934148
1311870546.122708 -0.760662 0.031855 -0.149081 -0.145663 0.278153 0.171162 0.933872
1311870546.154630 -0.758182 0.032604 -0.152775 -0.144687 0.280156 0.171902 0.933289
1311870546.190742 -0.755746 0.033917 -0.155791 -0.144062 0.281635 0.173116 0.932716
1311870546.222659 -0.753321 0.035332 -0.158906 -0.144150 0.282275 0.173980 0.932348
1311870546.254715 -0.748430 0.036119 -0.160736 -0.144730 0.282428 0.176168 0.931801
1311870546.290727 -0.744204 0.037519 -0.162919 -0.144678 0.282725 0.178646 0.931247
1311870546.322664 -0.741608 0.039621 -0.163313 -0.145189 0.282383 0.178991 0.931205
1311870546.354807 -0.736333 0.040257 -0.165917 -0.146528 0.280466 0.178460 0.931676
1311870546.390689 -0.732006 0.041163 -0.167304 -0.147380 0.279537 0.178196 0.931872
1311870546.422785 -0.727528 0.042738 -0.167541 -0.148363 0.278581 0.176778 0.932272
1311870546.454649 -0.722109 0.043236 -0.168809 -0.149277 0.277571 0.173306 0.933079
1311870546.490793 -0.716001 0.043633 -0.169327 -0.150248 0.277328 0.170417 0.933527
1311870546.522750 -0.710248 0.043644 -0.169660 -0.150183 0.277340 0.168833 0.933822
1311870546.554861 -0.704196 0.044254 -0.169760 -0.150382 0.276645 0.167714 0.934197
1311870546.590781 -0.697694 0.044188 -0.169985 -0.150711 0.275471 0.166062 0.934786
1311870546.622718 -0.689748 0.043675 -0.168624 -0.151004 0.274286 0.164586 0.935348
1311870546.654864 -0.683827 0.043740 -0.169149 -0.150781 0.273137 0.162443 0.936095
1311870546.690819 -0.676171 0.042376 -0.167462 -0.151733 0.271369 0.160020 0.936872
1311870546.722746 -0.670224 0.041027 -0.166925 -0.151409 0.269298 0.157861 0.937888
1311870546.754758 -0.664187 0.040270 -0.166423 -0.151910 0.266455 0.156943 0.938773
1311870546.790674 -0.656359 0.037368 -0.164580 -0.152316 0.263373 0.155034 0.939893
1311870546.822614 -0.648032 0.035629 -0.164863 -0.152360 0.260655 0.151564 0.941209
1311870546.855436 -0.640282 0.033093 -0.164249 -0.151554 0.259288 0.148219 0.942249
1311870546.890755 -0.633871 0.031153 -0.164311 -0.150375 0.258163 0.146654 0.942991
1311870546.922740 -0.627600 0.029044 -0.164169 -0.148736 0.257086 0.145524 0.943720
1311870546.954680 -0.621476 0.028213 -0.164899 -0.147311 0.255919 0.143532 0.944565
1311870546.990973 -0.614241 0.026453 -0.165192 -0.146324 0.255183 0.141215 0.945267
1311870547.022663 -0.609928 0.025565 -0.165114 -0.144538 0.255274 0.139477 0.945775
1311870547.054663 -0.607444 0.024957 -0.163798 -0.143011 0.254615 0.138490 0.946330
1311870547.090644 -0.605669 0.025615 -0.162862 -0.141275 0.252410 0.137482 0.947327
1311870547.122659 -0.603391 0.026605 -0.162926 -0.140694 0.248745 0.137367 0.948399
1311870547.154863 -0.598624 0.027978 -0.162603 -0.140835 0.244536 0.138108 0.949365
1311870547.190789 -0.593830 0.028874 -0.162650 -0.141924 0.241182 0.138994 0.949931
1311870547.222724 -0.589434 0.028497 -0.161821 -0.143294 0.238840 0.139099 0.950302
1311870547.254843 -0.586135 0.028258 -0.161305 -0.143730 0.237082 0.138512 0.950762
1311870547.290729 -0.583155 0.027667 -0.160353 -0.143650 0.235075 0.138280 0.951306
1311870547.322669 -0.579708 0.027545 -0.161201 -0.142629 0.232709 0.137930 0.952092
1311870547.355067 -0.575862 0.027531 -0.161666 -0.141876 0.231181 0.137922 0.952578
1311870547.390896 -0.573149 0.027254 -0.162474 -0.140977 0.229856 0.138766 0.952909
1311870547.423247 -0.570583 0.027381 -0.163463 -0.140329 0.228105 0.139957 0.953251
1311870547.454876 -0.568018 0.027546 -0.164588 -0.139998 0.225928 0.140692 0.953710
1311870547.490882 -0.565019 0.027573 -0.165613 -0.139603 0.223484 0.140639 0.954351
1311870547.522831 -0.562175 0.028569 -0.167639 -0.139219 0.221011 0.139359 0.955171
1311870547.554861 -0.559354 0.028868 -0.169421 -0.138983 0.218640 0.137060 0.956083
1311870547.590703 -0.556355 0.029190 -0.171499 -0.138480 0.215868 0.134587 0.957137
1311870547.624176 -0.554787 0.030743 -0.174712 -0.137866 0.213158 0.132618 0.958107
1311870547.654989 -0.552531 0.031701 -0.176861 -0.138214 0.210056 0.131596 0.958883
1311870547.690803 -0.549881 0.032090 -0.179645 -0.138419 0.206419 0.130477 0.959795
1311870547.723212 -0.546358 0.033077 -0.182798 -0.138482 0.202882 0.129301 0.960699
1311870547.755090 -0.542816 0.033171 -0.185876 -0.138154 0.199966 0.127741 0.961566
1311870547.790887 -0.539208 0.033791 -0.190805 -0.137429 0.197186 0.126177 0.962450
1311870547.822833 -0.534862 0.033891 -0.194078 -0.136464 0.195146 0.125286 0.963119
1311870547.855177 -0.532609 0.035107 -0.201056 -0.135098 0.193300 0.124171 0.963828
1311870547.890824 -0.529056 0.036236 -0.205840 -0.135228 0.191296 0.123599 0.964283
1311870547.922822 -0.525632 0.037534 -0.211192 -0.135031 0.189419 0.123197 0.964733
1311870547.954984 -0.521458 0.039248 -0.216455 -0.135414 0.187626 0.122159 0.965161
1311870547.990874 -0.516656 0.040477 -0.221575 -0.135788 0.186514 0.120825 0.965492
1311870548.022941 -0.512519 0.043006 -0.226548 -0.135916 0.186145 0.119559 0.965703
1311870548.054917 -0.508932 0.043972 -0.231657 -0.136125 0.186104 0.118919 0.965761
1311870548.090697 -0.506145 0.045988 -0.237929 -0.136199 0.185757 0.118119 0.965915
1311870548.122924 -0.501974 0.048834 -0.242451 -0.136749 0.185233 0.117517 0.966011
1311870548.154835 -0.497951 0.051642 -0.247657 -0.137452 0.185001 0.117523 0.965956
1311870548.191024 -0.495186 0.053231 -0.252613 -0.138913 0.184813 0.117950 0.965730
1311870548.222826 -0.492905 0.054213 -0.256627 -0.140248 0.184157 0.118017 0.965654
1311870548.254853 -0.490375 0.056084 -0.261238 -0.141326 0.183061 0.117133 0.965813
1311870548.290832 -0.487307 0.057719 -0.265614 -0.142687 0.182121 0.115965 0.965932
1311870548.323014 -0.484459 0.058504 -0.269906 -0.143504 0.181480 0.115233 0.966019
1311870548.355018 -0.481932 0.061156 -0.274547 -0.143663 0.180405 0.114036 0.966339
1311870548.390790 -0.478484 0.064571 -0.278871 -0.144207 0.179334 0.113196 0.966556
1311870548.423124 -0.475313 0.065776 -0.282945 -0.144884 0.179028 0.112537 0.966588
1311870548.454948 -0.472554 0.068221 -0.287193 -0.144949 0.179131 0.111566 0.966672
1311870548.490974 -0.470167 0.070301 -0.291145 -0.145411 0.179363 0.111097 0.966614
1311870548.522930 -0.468789 0.071445 -0.294682 -0.145791 0.179296 0.111122 0.966566
1311870548.554992 -0.467183 0.072659 -0.298019 -0.146200 0.178551 0.111172 0.966636
1311870548.590937 -0.464832 0.074836 -0.300776 -0.146195 0.177568 0.110865 0.966853
1311870548.622907 -0.462035 0.078349 -0.301853 -0.146457 0.177578 0.110277 0.966879
1311870548.654863 -0.459968 0.079822 -0.303280 -0.146814 0.178835 0.109343 0.966699
1311870548.690823 -0.460849 0.079604 -0.305178 -0.147054 0.180276 0.108446 0.966496
1311870548.723045 -0.462225 0.079765 -0.307830 -0.147461 0.179883 0.107737 0.966587
1311870548.755029 -0.462058 0.079256 -0.306723 -0.148014 0.178480 0.107751 0.966761
1311870548.790849 -0.463776 0.078373 -0.308330 -0.147445 0.176980 0.108386 0.967053
1311870548.823040 -0.465397 0.079725 -0.307941 -0.147144 0.174347 0.109149 0.967491
1311870548.854973 -0.465775 0.080816 -0.306327 -0.147013 0.171197 0.109642 0.968017
1311870548.890795 -0.467609 0.080877 -0.306757 -0.147078 0.168419 0.110444 0.968404
1311870548.922923 -0.469323 0.081617 -0.306058 -0.147400 0.165462 0.110729 0.968832
1311870548.954848 -0.471199 0.081872 -0.304254 -0.147535 0.163243 0.111393 0.969111
1311870548.991138 -0.473663 0.081046 -0.304095 -0.147655 0.161249 0.111885 0.969370
1311870549.023006 -0.476446 0.079612 -0.302932 -0.147892 0.159516 0.112517 0.969548
1311870549.054757 -0.478336 0.079978 -0.302392 -0.147545 0.157313 0.112539 0.969958
1311870549.090938 -0.480519 0.080451 -0.299648 -0.147651 0.156461 0.113054 0.970019
1311870549.122900 -0.482742 0.078392 -0.297411 -0.147305 0.157067 0.113429 0.969930
1311870549.154892 -0.486014 0.076995 -0.296591 -0.146910 0.157775 0.112869 0.969941
1311870549.190886 -0.489767 0.077260 -0.294112 -0.147351 0.158612 0.112215 0.969813
1311870549.222929 -0.491717 0.074539 -0.288745 -0.147522 0.160316 0.111499 0.969590
1311870549.255420 -0.496202 0.073119 -0.287333 -0.146270 0.162594 0.110475 0.969517
1311870549.291238 -0.499843 0.072195 -0.284792 -0.146121 0.164389 0.110815 0.969198
1311870549.322870 -0.503470 0.069984 -0.280870 -0.146406 0.166130 0.112425 0.968673
1311870549.354935 -0.508716 0.070313 -0.278044 -0.146210 0.167388 0.114169 0.968282
1311870549.390878 -0.512175 0.068630 -0.274331 -0.148073 0.167761 0.116505 0.967656
1311870549.422995 -0.515757 0.063820 -0.270426 -0.149348 0.168522 0.117858 0.967163
1311870549.454798 -0.519052 0.061283 -0.266471 -0.148966 0.169605 0.116932 0.967145
1311870549.490948 -0.522159 0.060519 -0.263020 -0.147750 0.171202 0.115447 0.967229
1311870549.522845 -0.524830 0.058536 -0.258978 -0.146961 0.173643 0.117020 0.966725
1311870549.554992 -0.530635 0.055123 -0.255476 -0.145607 0.175998 0.120221 0.966111
1311870549.590903 -0.537398 0.054756 -0.253531 -0.145193 0.176340 0.122045 0.965882
1311870549.622816 -0.541464 0.052469 -0.249327 -0.146866 0.175852 0.123898 0.965482
1311870549.655066 -0.545435 0.049820 -0.245723 -0.146987 0.176355 0.124507 0.965293
1311870549.691035 -0.549335 0.048572 -0.243458 -0.146841 0.177109 0.123728 0.965278
1311870549.722894 -0.551855 0.046876 -0.239784 -0.146962 0.178144 0.122716 0.965198
1311870549.755228 -0.554879 0.046200 -0.237062 -0.146201 0.179947 0.123109 0.964929
1311870549.791268 -0.559794 0.045871 -0.235130 -0.145861 0.181716 0.123920 0.964545
1311870549.823422 -0.563926 0.044716 -0.233164 -0.146778 0.182228 0.125282 0.964134
1311870549.854982 -0.568183 0.043460 -0.231607 -0.148305 0.181914 0.127080 0.963724
1311870549.891018 -0.570983 0.042925 -0.228841 -0.150032 0.180671 0.127587 0.963623
1311870549.923205 -0.571956 0.042669 -0.227177 -0.151543 0.180039 0.127332 0.963539
1311870549.954941 -0.573253 0.040980 -0.225770 -0.152598 0.180826 0.127487 0.963204
1311870549.990979 -0.576084 0.039614 -0.223186 -0.152735 0.182454 0.127773 0.962838
1311870550.023489 -0.579506 0.039551 -0.220731 -0.152364 0.183329 0.127391 0.962781
1311870550.054924 -0.581474 0.038034 -0.218571 -0.152286 0.183353 0.127027 0.962837
1311870550.090979 -0.583910 0.037819 -0.217615 -0.151489 0.184076 0.126520 0.962891
1311870550.123038 -0.586649 0.037670 -0.216819 -0.151134 0.185294 0.125452 0.962853
1311870550.154996 -0.588231 0.038142 -0.216078 -0.151160 0.186356 0.124943 0.962710
1311870550.190993 -0.591707 0.036757 -0.214181 -0.151607 0.187859 0.125228 0.962311
1311870550.223075 -0.595501 0.036162 -0.214027 -0.151962 0.188029 0.124494 0.962317
1311870550.254889 -0.597070 0.035498 -0.211910 -0.152773 0.187452 0.123288 0.962456
1311870550.290958 -0.599110 0.035261 -0.211511 -0.152623 0.187434 0.122354 0.962603
1311870550.323124 -0.601128 0.034792 -0.210231 -0.152424 0.187733 0.121556 0.962677
1311870550.355127 -0.604212 0.035298 -0.210290 -0.152195 0.188068 0.120601 0.962768
1311870550.391181 -0.605897 0.034376 -0.208374 -0.152690 0.188040 0.120902 0.962658
1311870550.422917 -0.609799 0.034677 -0.209280 -0.152207 0.187775 0.121206 0.962747
1311870550.454866 -0.611120 0.035998 -0.208338 -0.153262 0.186987 0.121173 0.962738
1311870550.492495 -0.611938 0.035495 -0.206445 -0.153767 0.187203 0.120546 0.962694
1311870550.523326 -0.613282 0.035608 -0.205541 -0.153768 0.188112 0.120157 0.962565
1311870550.554989 -0.617114 0.034800 -0.205047 -0.153887 0.188572 0.119685 0.962515
1311870550.591150 -0.620545 0.034106 -0.204956 -0.154310 0.187294 0.118790 0.962808
1311870550.622970 -0.621640 0.035059 -0.204672 -0.154586 0.185439 0.118171 0.963198
1311870550.654870 -0.621349 0.036705 -0.203937 -0.155124 0.184814 0.118322 0.963214
1311870550.690953 -0.622498 0.035768 -0.203547 -0.155347 0.185598 0.119111 0.962930
1311870550.723132 -0.624106 0.036782 -0.203099 -0.155752 0.185993 0.119387 0.962754
1311870550.755207 -0.624436 0.036379 -0.202249 -0.156470 0.186255 0.119700 0.962548
1311870550.790930 -0.623477 0.036630 -0.201737 -0.156434 0.186776 0.120080 0.962405
1311870550.823148 -0.624231 0.038332 -0.200055 -0.155779 0.188245 0.120650 0.962154
1311870550.854892 -0.624262 0.038042 -0.199902 -0.155938 0.189674 0.121088 0.961792
1311870550.890890 -0.624278 0.037080 -0.198790 -0.156190 0.191541 0.121500 0.961329
1311870550.922959 -0.626022 0.035410 -0.199387 -0.155513 0.193346 0.121508 0.961077
1311870550.955055 -0.627955 0.035604 -0.199552 -0.154924 0.194436 0.121957 0.960895
1311870550.990978 -0.630273 0.035005 -0.198488 -0.155151 0.194582 0.122276 0.960788
1311870551.023157 -0.631659 0.033058 -0.197028 -0.154911 0.193542 0.122010 0.961071
1311870551.055074 -0.633220 0.033442 -0.198291 -0.154005 0.192164 0.121266 0.961587
1311870551.091058 -0.633066 0.033748 -0.198033 -0.153930 0.191360 0.120714 0.961829
1311870551.123105 -0.633118 0.033718 -0.197046 -0.153290 0.191487 0.120711 0.961906
1311870551.155407 -0.634329 0.034052 -0.198059 -0.152613 0.191327 0.120309 0.962096
1311870551.190967 -0.634591 0.034093 -0.198008 -0.152724 0.191200 0.119974 0.962146
1311870551.222839 -0.634559 0.034533 -0.197935 -0.152794 0.191343 0.119402 0.962177
1311870551.254952 -0.634906 0.033768 -0.198226 -0.153161 0.192072 0.118743 0.962055
1311870551.291052 -0.635557 0.033115 -0.198131 -0.153378 0.192870 0.118165 0.961932
1311870551.322945 -0.635878 0.032858 -0.198364 -0.153906 0.193299 0.117936 0.961790
1311870551.356465 -0.635692 0.030939 -0.197121 -0.153986 0.193795 0.117884 0.961684
1311870551.391116 -0.636552 0.030499 -0.196508 -0.153335 0.194041 0.117542 0.961780
1311870551.422998 -0.637372 0.030278 -0.195743 -0.152342 0.193874 0.116852 0.962055
1311870551.455289 -0.637786 0.029311 -0.195640 -0.151801 0.193669 0.116134 0.962269
1311870551.491038 -0.638430 0.028058 -0.194481 -0.150896 0.193832 0.115508 0.962454
1311870551.522967 -0.640527 0.027662 -0.194501 -0.149844 0.193435 0.114609 0.962806
1311870551.555084 -0.641758 0.027911 -0.194695 -0.149792 0.192312 0.114166 0.963091
1311870551.591350 -0.641512 0.028437 -0.193739 -0.149968 0.191149 0.113454 0.963379
1311870551.623031 -0.641107 0.028821 -0.193182 -0.149938 0.190685 0.112146 0.963629
1311870551.655008 -0.641404 0.029218 -0.193586 -0.150088 0.190742 0.110698 0.963762
1311870551.693173 -0.641671 0.028354 -0.192989 -0.150792 0.191092 0.110239 0.963635
1311870551.723056 -0.642257 0.027295 -0.192016 -0.150668 0.191285 0.109700 0.963678
1311870551.754947 -0.643019 0.027266 -0.192374 -0.150166 0.190736 0.108747 0.963973
1311870551.791252 -0.643018 0.027513 -0.192768 -0.150039 0.190048 0.108686 0.964136
1311870551.823042 -0.642885 0.027383 -0.192618 -0.150273 0.189716 0.109295 0.964096
1311870551.855921 -0.642453 0.027067 -0.191548 -0.150109 0.189722 0.109405 0.964108
1311870551.891133 -0.643453 0.026304 -0.192577 -0.149585 0.189910 0.108729 0.964229
1311870551.923134 -0.644293 0.026275 -0.193431 -0.149592 0.190011 0.108641 0.964217
1311870551.955109 -0.644036 0.026299 -0.193411 -0.149566 0.189422 0.108675 0.964333
1311870551.991222 -0.644444 0.026929 -0.193750 -0.149495 0.188955 0.108204 0.964489
1311870552.023035 -0.643185 0.027777 -0.193155 -0.149540 0.188875 0.108015 0.964519
1311870552.055106 -0.643634 0.027709 -0.194279 -0.149618 0.189511 0.107830 0.964403
1311870552.091138 -0.644007 0.027745 -0.194585 -0.149764 0.189947 0.108115 0.964262
1311870552.123025 -0.644356 0.026906 -0.194587 -0.149904 0.190027 0.108892 0.964137
1311870552.155057 -0.644444 0.027551 -0.195578 -0.149906 0.189760 0.109032 0.964174
1311870552.191099 -0.643220 0.029063 -0.194912 -0.150155 0.189299 0.108448 0.964292
1311870552.223069 -0.643090 0.029028 -0.194925 -0.150252 0.189485 0.108337 0.964252
1311870552.255003 -0.643389 0.029596 -0.196016 -0.150675 0.189657 0.108992 0.964079
1311870552.291108 -0.642068 0.030646 -0.195377 -0.151265 0.189488 0.110024 0.963902
1311870552.323058 -0.641561 0.031142 -0.195982 -0.151987 0.189456 0.110653 0.963723
1311870552.355142 -0.641276 0.031213 -0.195190 -0.152264 0.189714 0.110526 0.963643
1311870552.391147 -0.641658 0.031253 -0.196799 -0.152319 0.189870 0.110426 0.963615
1311870552.422923 -0.640807 0.031460 -0.196410 -0.152365 0.189869 0.110558 0.963593
1311870552.455187 -0.640605 0.031881 -0.197642 -0.152110 0.190410 0.109933 0.963598
1311870552.491593 -0.637675 0.033041 -0.196235 -0.151887 0.191013 0.109917 0.963516
1311870552.523105 -0.638941 0.031139 -0.198812 -0.151608 0.192352 0.110340 0.963245
1311870552.555087 -0.639967 0.030752 -0.200933 -0.151723 0.192787 0.110767 0.963091
1311870552.591109 -0.638859 0.030987 -0.201095 -0.151791 0.192460 0.111330 0.963081
1311870552.623006 -0.638971 0.030744 -0.202332 -0.151739 0.192718 0.111060 0.963068
1311870552.655129 -0.638597 0.030278 -0.202967 -0.151852 0.193195 0.111100 0.962950
1311870552.691009 -0.638669 0.030826 -0.203046 -0.151622 0.193078 0.111433 0.962972
1311870552.723159 -0.639015 0.030699 -0.203583 -0.151688 0.192853 0.111752 0.962969
1311870552.755159 -0.639066 0.030748 -0.204345 -0.151544 0.192726 0.111586 0.963037
1311870552.791694 -0.636854 0.031699 -0.204712 -0.151251 0.192485 0.111563 0.963134
1311870552.823129 -0.637104 0.030704 -0.205485 -0.151243 0.193162 0.111961 0.962953
1311870552.855106 -0.637814 0.030209 -0.205674 -0.151182 0.193493 0.112340 0.962852
1311870552.891135 -0.636812 0.030608 -0.205735 -0.150834 0.193050 0.112079 0.963026
1311870552.923053 -0.636024 0.030330 -0.206812 -0.150239 0.192845 0.112005 0.963169
1311870552.955086 -0.635464 0.030040 -0.207411 -0.149698 0.193129 0.112197 0.963174
1311870552.991509 -0.636558 0.030160 -0.208442 -0.149099 0.193500 0.112646 0.963140
1311870553.023056 -0.635516 0.030762 -0.209463 -0.148943 0.193066 0.113193 0.963187
1311870553.055187 -0.635379 0.030796 -0.208766 -0.148819 0.193108 0.113226 0.963194
1311870553.091104 -0.634454 0.030370 -0.210398 -0.148944 0.193144 0.112614 0.963239
1311870553.123234 -0.635576 0.031348 -0.210884 -0.148635 0.193778 0.112983 0.963116
1311870553.155044 -0.635305 0.032078 -0.210162 -0.148635 0.193388 0.113350 0.963151
1311870553.191099 -0.635437 0.032026 -0.211394 -0.148719 0.192822 0.113132 0.963278
1311870553.222942 -0.634389 0.032117 -0.212127 -0.149087 0.192592 0.113134 0.963266
1311870553.255409 -0.633203 0.032627 -0.212563 -0.148923 0.192854 0.113650 0.963178
1311870553.291041 -0.633482 0.033127 -0.213052 -0.148943 0.193180 0.113961 0.963073
1311870553.323277 -0.632993 0.032768 -0.213230 -0.149335 0.193034 0.114195 0.963014
1311870553.355140 -0.632475 0.032249 -0.214198 -0.149141 0.193241 0.114192 0.963003
1311870553.391243 -0.632941 0.032983 -0.214234 -0.148907 0.193765 0.114283 0.962923
1311870553.423106 -0.633528 0.032970 -0.214151 -0.148773 0.193852 0.114244 0.962931
1311870553.455151 -0.633390 0.032886 -0.214738 -0.148842 0.193246 0.113623 0.963116
1311870553.491155 -0.633358 0.033295 -0.215679 -0.148683 0.192897 0.113210 0.963259
1311870553.523226 -0.633268 0.033421 -0.216321 -0.148821 0.192874 0.112945 0.963273
1311870553.555238 -0.633402 0.033108 -0.216138 -0.149001 0.192942 0.113014 0.963224
1311870553.597045 -0.633347 0.032939 -0.216589 -0.148927 0.192634 0.113484 0.963242
1311870553.623237 -0.633030 0.033051 -0.217496 -0.148752 0.192301 0.113541 0.963328
1311870553.655202 -0.633140 0.033142 -0.218010 -0.148822 0.192550 0.113130 0.963316
1311870553.691133 -0.633147 0.033310 -0.218252 -0.148636 0.192690 0.113249 0.963303
1311870553.723044 -0.633292 0.032786 -0.218758 -0.148452 0.192645 0.113048 0.963364
1311870553.757175 -0.633423 0.034359 -0.219999 -0.148543 0.192373 0.112380 0.963482
1311870553.792103 -0.632342 0.034594 -0.219366 -0.149411 0.192236 0.112378 0.963376
1311870553.824352 -0.632207 0.034365 -0.219819 -0.149874 0.192606 0.112691 0.963193
1311870553.859890 -0.632588 0.034432 -0.219753 -0.150344 0.193023 0.113309 0.962964
1311870553.891715 -0.631164 0.034533 -0.219402 -0.150541 0.193140 0.113918 0.962838
1311870553.924394 -0.631387 0.034553 -0.220139 -0.150370 0.193881 0.113925 0.962715
1311870553.955671 -0.630123 0.033325 -0.221079 -0.150482 0.194424 0.113637 0.962622
1311870553.991142 -0.629644 0.034198 -0.221323 -0.149642 0.195356 0.113679 0.962559
1311870554.023227 -0.629545 0.034757 -0.221577 -0.149463 0.196175 0.113919 0.962392
1311870554.059131 -0.628948 0.035078 -0.221139 -0.149440 0.196865 0.114157 0.962226
1311870554.091067 -0.628440 0.034928 -0.221054 -0.149626 0.197661 0.114318 0.962015
1311870554.123172 -0.627790 0.034889 -0.220279 -0.149492 0.198352 0.114874 0.961828
1311870554.159427 -0.627782 0.034871 -0.219809 -0.148932 0.198917 0.115031 0.961779
1311870554.194530 -0.627507 0.034581 -0.220520 -0.148481 0.198993 0.114574 0.961888
1311870554.223628 -0.626927 0.034249 -0.219425 -0.147939 0.199361 0.114380 0.961918
1311870554.259452 -0.627865 0.033782 -0.220628 -0.147027 0.199746 0.114182 0.962001
1311870554.291215 -0.626007 0.034018 -0.220692 -0.146548 0.199668 0.113864 0.962129
1311870554.323100 -0.624045 0.033400 -0.221641 -0.146065 0.200360 0.113564 0.962094
1311870554.359316 -0.623732 0.033165 -0.220936 -0.145196 0.202145 0.113678 0.961838
1311870554.391135 -0.625991 0.032884 -0.221650 -0.143931 0.203592 0.113789 0.961710
1311870554.423274 -0.626370 0.032788 -0.221694 -0.143543 0.203802 0.113836 0.961718
1311870554.459365 -0.625860 0.031749 -0.221511 -0.143034 0.203669 0.114256 0.961772
1311870554.491233 -0.625109 0.029496 -0.221210 -0.141614 0.203584 0.114248 0.962001
1311870554.523195 -0.624543 0.029581 -0.223029 -0.139310 0.203644 0.113833 0.962374
1311870554.559252 -0.622881 0.029142 -0.223914 -0.137942 0.204463 0.113368 0.962452
1311870554.591135 -0.622572 0.029158 -0.224861 -0.136334 0.206410 0.112513 0.962366
1311870554.623261 -0.621884 0.029804 -0.222935 -0.133621 0.208354 0.112503 0.962329
1311870554.660149 -0.620641 0.029416 -0.223856 -0.130637 0.209924 0.112542 0.962393
1311870554.692618 -0.620779 0.023608 -0.227115 -0.129233 0.212207 0.112357 0.962103
1311870554.723357 -0.619165 0.024673 -0.225532 -0.124743 0.214613 0.112485 0.962147
1311870554.759191 -0.620775 0.027552 -0.225528 -0.120339 0.217215 0.111538 0.962235
1311870554.791470 -0.621037 0.027345 -0.224787 -0.118186 0.219036 0.110650 0.962191
1311870554.823586 -0.619864 0.027012 -0.221078 -0.114455 0.220752 0.110164 0.962306
1311870554.859491 -0.619100 0.025124 -0.225863 -0.111336 0.222612 0.109514 0.962318
1311870554.891334 -0.620504 0.025666 -0.224757 -0.108267 0.225037 0.108536 0.962214
1311870554.923272 -0.622074 0.022441 -0.225681 -0.105919 0.226737 0.107557 0.962186
1311870554.959174 -0.624440 0.022575 -0.226489 -0.102518 0.227728 0.106935 0.962390
1311870554.991385 -0.626916 0.022810 -0.226762 -0.100708 0.227873 0.106125 0.962637
1311870555.026905 -0.627749 0.021631 -0.226038 -0.099394 0.226340 0.105880 0.963162
1311870555.059273 -0.626655 0.022206 -0.226125 -0.097388 0.224121 0.105317 0.963947
1311870555.091165 -0.624272 0.022602 -0.225085 -0.095250 0.223227 0.104342 0.964474
1311870555.126212 -0.623650 0.019600 -0.228989 -0.093247 0.224452 0.102411 0.964592
1311870555.159123 -0.625578 0.023517 -0.225817 -0.090438 0.226697 0.101703 0.964409
1311870555.191299 -0.625912 0.023595 -0.225142 -0.089120 0.227532 0.101349 0.964373
1311870555.226157 -0.627518 0.022833 -0.225697 -0.087553 0.227426 0.102112 0.964461
1311870555.259282 -0.626968 0.024793 -0.226097 -0.086513 0.226375 0.102446 0.964767
1311870555.291227 -0.624077 0.024774 -0.224547 -0.086163 0.225985 0.102798 0.964852
1311870555.326190 -0.626433 0.022864 -0.225517 -0.085358 0.226851 0.102789 0.964721
1311870555.359267 -0.627291 0.021217 -0.225582 -0.084291 0.226505 0.103007 0.964873
1311870555.391327 -0.628095 0.020886 -0.226509 -0.082910 0.225585 0.102842 0.965226
1311870555.423263 -0.627208 0.021792 -0.225868 -0.082156 0.224717 0.102905 0.965486
1311870555.465388 -0.626191 0.023980 -0.224630 -0.080686 0.224489 0.103687 0.965579
1311870555.493443 -0.627994 0.020769 -0.226312 -0.080532 0.224783 0.103976 0.965493
1311870555.527900 -0.626751 0.022057 -0.225976 -0.079918 0.224315 0.103273 0.965728
1311870555.560098 -0.626039 0.020866 -0.224419 -0.079348 0.224853 0.102141 0.965770
1311870555.591211 -0.625113 0.019202 -0.226094 -0.078095 0.225550 0.101931 0.965732
1311870555.624804 -0.626951 0.020671 -0.226649 -0.076442 0.226219 0.101233 0.965781
1311870555.660116 -0.626720 0.020683 -0.226266 -0.076063 0.226009 0.101492 0.965833
1311870555.691414 -0.625996 0.020522 -0.225694 -0.075047 0.225781 0.102216 0.965890
1311870555.726456 -0.626662 0.019534 -0.228018 -0.074386 0.226288 0.102096 0.965835
1311870555.759372 -0.626304 0.020120 -0.227289 -0.073841 0.226656 0.102185 0.965781
1311870555.791162 -0.626520 0.018647 -0.227217 -0.073423 0.226592 0.102591 0.965785
1311870555.825897 -0.625385 0.019061 -0.227361 -0.072737 0.226317 0.102745 0.965885
1311870555.859347 -0.625361 0.017573 -0.227848 -0.072198 0.226509 0.102424 0.965914
1311870555.891306 -0.626133 0.017740 -0.227785 -0.071223 0.227138 0.101935 0.965891
1311870555.926220 -0.625398 0.017611 -0.227108 -0.070529 0.227091 0.101837 0.965963
1311870555.959431 -0.625045 0.018012 -0.226237 -0.069383 0.227018 0.101308 0.966119
1311870555.991367 -0.625766 0.017792 -0.226561 -0.068632 0.227068 0.100729 0.966221
1311870556.025722 -0.625766 0.017882 -0.226501 -0.068250 0.226926 0.100099 0.966347
1311870556.059292 -0.625328 0.017020 -0.226723 -0.067585 0.227040 0.099695 0.966409
1311870556.091457 -0.625574 0.017497 -0.227200 -0.067001 0.227013 0.099315 0.966495
1311870556.124878 -0.626078 0.016651 -0.226861 -0.067035 0.227080 0.099056 0.966503
1311870556.159233 -0.626045 0.015430 -0.227227 -0.066807 0.226838 0.099241 0.966557
1311870556.191390 -0.624424 0.016281 -0.227758 -0.066348 0.226478 0.099489 0.966648
1311870556.223200 -0.624123 0.015453 -0.226913 -0.066290 0.226789 0.099769 0.966550
1311870556.259965 -0.624742 0.015795 -0.227934 -0.066061 0.226943 0.099868 0.966519
1311870556.295605 -0.623095 0.016635 -0.226719 -0.066217 0.226980 0.100091 0.966477
1311870556.324589 -0.624730 0.015517 -0.227757 -0.066459 0.227604 0.099362 0.966389
1311870556.359340 -0.624206 0.016234 -0.226847 -0.066941 0.227534 0.098915 0.966418
1311870556.391507 -0.623242 0.016054 -0.226794 -0.067395 0.227536 0.099274 0.966349
1311870556.423779 -0.622464 0.015491 -0.226195 -0.067719 0.227467 0.099761 0.966292
1311870556.459405 -0.623066 0.016570 -0.225569 -0.067449 0.227439 0.099528 0.966342
1311870556.495280 -0.622134 0.017227 -0.225627 -0.067572 0.227088 0.099782 0.966389
1311870556.527200 -0.620614 0.016360 -0.225202 -0.067819 0.227122 0.100395 0.966301
1311870556.559413 -0.620729 0.017421 -0.225384 -0.067789 0.227208 0.100021 0.966321
1311870556.594832 -0.619758 0.018241 -0.224371 -0.068411 0.226855 0.100073 0.966355
1311870556.624698 -0.619894 0.019069 -0.223727 -0.068779 0.226668 0.100131 0.966367
1311870556.659280 -0.618527 0.019271 -0.222250 -0.069251 0.226340 0.100335 0.966389
1311870556.695113 -0.619030 0.019495 -0.224189 -0.069733 0.226270 0.099825 0.966423
1311870556.731925 -0.618495 0.019435 -0.223891 -0.071305 0.225971 0.099856 0.966375
1311870556.759291 -0.617747 0.018579 -0.222792 -0.072482 0.226074 0.100261 0.966222
1311870556.794439 -0.616191 0.019682 -0.222653 -0.072835 0.226096 0.100772 0.966137
1311870556.823188 -0.616846 0.020258 -0.221332 -0.073054 0.226322 0.100979 0.966046
1311870556.859318 -0.616638 0.019222 -0.221334 -0.073547 0.225579 0.101187 0.966161
1311870556.891802 -0.614213 0.020254 -0.219980 -0.073437 0.224529 0.101710 0.966358
1311870556.925468 -0.614817 0.018980 -0.221589 -0.073274 0.224696 0.101084 0.966398
1311870556.959298 -0.614062 0.020136 -0.220064 -0.072689 0.224819 0.101211 0.966400
1311870556.994694 -0.615221 0.018883 -0.220938 -0.072562 0.224580 0.100903 0.966497
1311870557.025411 -0.613045 0.020385 -0.219914 -0.072393 0.223453 0.100983 0.966763
1311870557.059416 -0.612778 0.019533 -0.220526 -0.072337 0.223374 0.100930 0.966791
1311870557.092050 -0.612329 0.019684 -0.220986 -0.072233 0.223368 0.101160 0.966776
1311870557.123857 -0.612376 0.019861 -0.220212 -0.072143 0.223335 0.101341 0.966771
1311870557.159497 -0.612728 0.020133 -0.221024 -0.072063 0.223187 0.101072 0.966840
1311870557.193333 -0.611579 0.020076 -0.220449 -0.071889 0.222927 0.101051 0.966915
1311870557.224989 -0.613086 0.018749 -0.222474 -0.071809 0.223125 0.100869 0.966894
1311870557.259366 -0.612168 0.019676 -0.222294 -0.071707 0.222573 0.101002 0.967015
1311870557.294693 -0.611485 0.019687 -0.222120 -0.071667 0.222270 0.101165 0.967071
1311870557.327523 -0.610671 0.020082 -0.222260 -0.071751 0.222365 0.101458 0.967012
1311870557.359424 -0.611008 0.019925 -0.222612 -0.071730 0.222543 0.101767 0.966940
1311870557.391546 -0.611414 0.018654 -0.223259 -0.071905 0.222536 0.101693 0.966936
1311870557.428674 -0.611462 0.019012 -0.223465 -0.071546 0.222153 0.101457 0.967076
1311870557.459894 -0.611902 0.018459 -0.224003 -0.071396 0.221808 0.101439 0.967168
1311870557.493549 -0.611691 0.018533 -0.225369 -0.071380 0.221351 0.101194 0.967300
1311870557.523830 -0.610293 0.018142 -0.225999 -0.071981 0.221123 0.099809 0.967451
1311870557.561270 -0.609780 0.018244 -0.225515 -0.071774 0.221970 0.098398 0.967417
1311870557.592617 -0.606921 0.019838 -0.225065 -0.071218 0.222415 0.099075 0.967287
1311870557.623903 -0.609716 0.017696 -0.227265 -0.071699 0.224110 0.100160 0.966748
1311870557.662509 -0.610187 0.018438 -0.227315 -0.072455 0.224172 0.100912 0.966599
1311870557.695104 -0.608987 0.017759 -0.226134 -0.073144 0.223716 0.100950 0.966649
1311870557.723860 -0.609251 0.017977 -0.226304 -0.072919 0.223674 0.099155 0.966861
1311870557.759892 -0.609385 0.017108 -0.226473 -0.072725 0.223672 0.096632 0.967132
1311870557.791472 -0.610751 0.017960 -0.227456 -0.071981 0.223519 0.095355 0.967350
1311870557.823593 -0.611091 0.018758 -0.228094 -0.071910 0.222473 0.095713 0.967561
1311870557.860252 -0.610504 0.019242 -0.227392 -0.073045 0.221605 0.097432 0.967503
1311870557.892852 -0.606264 0.020658 -0.224314 -0.073367 0.220945 0.098829 0.967488
1311870557.925915 -0.603432 0.019769 -0.224601 -0.072998 0.221452 0.099387 0.967343
1311870557.963591 -0.607360 0.019403 -0.223390 -0.071896 0.223548 0.099286 0.966954
1311870557.991608 -0.609837 0.016415 -0.225250 -0.070710 0.223064 0.098301 0.967254
1311870558.025204 -0.610980 0.016379 -0.228633 -0.069800 0.221199 0.097522 0.967827
1311870558.060552 -0.609388 0.016810 -0.229903 -0.070215 0.219910 0.097296 0.968113
1311870558.093485 -0.607682 0.015337 -0.230097 -0.069915 0.220228 0.097353 0.968057
1311870558.123666 -0.607351 0.015015 -0.231475 -0.068405 0.221139 0.097499 0.967942
1311870558.161355 -0.607890 0.014744 -0.231893 -0.066896 0.222262 0.098078 0.967732
1311870558.191808 -0.609092 0.015895 -0.233236 -0.065532 0.222519 0.099043 0.967668
1311870558.223361 -0.609463 0.016805 -0.233937 -0.065539 0.222069 0.100230 0.967649
1311870558.259368 -0.609192 0.016846 -0.233967 -0.066167 0.221223 0.100994 0.967720
1311870558.293938 -0.608750 0.018141 -0.234804 -0.067399 0.220585 0.100319 0.967851
1311870558.323308 -0.607879 0.017197 -0.233344 -0.068586 0.220749 0.099298 0.967836
1311870558.361109 -0.607899 0.016459 -0.233489 -0.068436 0.221241 0.098835 0.967781
1311870558.391543 -0.608493 0.016705 -0.233518 -0.067891 0.221429 0.098431 0.967818
1311870558.423430 -0.608990 0.016829 -0.233387 -0.067527 0.221079 0.098170 0.967950
1311870558.459503 -0.608676 0.017796 -0.234797 -0.067115 0.220594 0.099005 0.968004
1311870558.491390 -0.608480 0.018767 -0.235100 -0.067640 0.220401 0.100322 0.967876
1311870561.081717 -0.608135 0.018733 -0.234776 -0.068705 0.220104 0.100000 0.967902
1311870561.198313 -0.625558 0.008358 -0.206849 -0.072249 0.224507 0.099113 0.966723
1311870561.361909 -0.621756 0.003307 -0.160805 -0.078012 0.232097 0.081510 0.966127
1311870561.431339 -0.621876 0.000661 -0.160647 -0.075252 0.230938 0.081142 0.966654
1311870561.499130 -0.622398 -0.001856 -0.160730 -0.072313 0.230613 0.079613 0.967084
1311870561.563772 -0.625125 -0.002634 -0.161348 -0.069432 0.228673 0.079352 0.967776
1311870561.631953 -0.625655 -0.004486 -0.159909 -0.069242 0.228924 0.078383 0.967810
1311870561.697054 -0.630109 -0.004973 -0.158830 -0.067942 0.228169 0.078075 0.968105
1311870561.799438 -0.633095 -0.005474 -0.157346 -0.067552 0.226271 0.077441 0.968628
1311870561.829471 -0.639253 -0.006074 -0.155277 -0.068084 0.224494 0.077011 0.969039
1311870561.898860 -0.640272 -0.007390 -0.153395 -0.068389 0.223722 0.077152 0.969185
1311870561.962090 -0.641640 -0.008568 -0.151875 -0.067852 0.223870 0.077320 0.969175
1311870562.031321 -0.644963 -0.008164 -0.151858 -0.066826 0.224405 0.077990 0.969069
1311870562.098947 -0.646621 -0.008897 -0.150694 -0.066929 0.225225 0.080755 0.968645
1311870562.128860 -0.647381 -0.010191 -0.148918 -0.067196 0.226268 0.086088 0.967924
1311870562.196699 -0.648115 -0.010903 -0.148799 -0.066748 0.227311 0.087733 0.967563
1311870562.231536 -0.649027 -0.013430 -0.147394 -0.065595 0.229423 0.087428 0.967170
1311870562.300032 -0.651635 -0.015770 -0.146496 -0.063234 0.230879 0.086001 0.967109
1311870562.364858 -0.651614 -0.016678 -0.146529 -0.061926 0.231614 0.086168 0.967003
1311870562.432335 -0.653193 -0.017889 -0.146089 -0.059504 0.233551 0.088034 0.966521
1311870562.597000 -0.658868 -0.020192 -0.143518 -0.056331 0.237547 0.087209 0.965812
1311870562.667669 -0.660764 -0.018254 -0.142094 -0.056514 0.239705 0.087787 0.965216
1311870562.696764 -0.661077 -0.018018 -0.139872 -0.057726 0.239987 0.089518 0.964915
1311870562.767985 -0.661341 -0.018042 -0.137490 -0.058081 0.240034 0.091587 0.964688
1311870562.898088 -0.663918 -0.018861 -0.133941 -0.056949 0.242334 0.092260 0.964116
1311870562.999413 -0.666223 -0.019745 -0.131940 -0.057661 0.243605 0.091571 0.963819
1311870563.068108 -0.667460 -0.020540 -0.130569 -0.056529 0.244725 0.091888 0.963572
1311870563.131640 -0.669633 -0.021436 -0.128695 -0.056118 0.245988 0.092560 0.963210
1311870563.197720 -0.671401 -0.022048 -0.127087 -0.055662 0.246822 0.092843 0.962996
1311870563.334146 -0.676550 -0.022222 -0.122943 -0.057886 0.248198 0.092340 0.962559
1311870563.398492 -0.678589 -0.021404 -0.119807 -0.059337 0.247951 0.091921 0.962575
1311870563.464704 -0.680898 -0.020563 -0.117857 -0.061070 0.247420 0.091072 0.962684
1311870563.535746 -0.682851 -0.020669 -0.114170 -0.061534 0.247886 0.091614 0.962483
1311870563.597199 -0.686088 -0.021901 -0.112440 -0.061941 0.246599 0.090722 0.962872
1311870563.665851 -0.688468 -0.022269 -0.111067 -0.062285 0.245852 0.088771 0.963222
1311870563.735366 -0.693922 -0.023003 -0.107927 -0.063009 0.243861 0.087022 0.963841
1311870563.798425 -0.696443 -0.022893 -0.106764 -0.063189 0.243621 0.086010 0.963981
1311870563.933834 -0.701009 -0.024263 -0.103999 -0.062727 0.242317 0.084218 0.964497
1311870563.999300 -0.701945 -0.024777 -0.104035 -0.062569 0.242483 0.083953 0.964489
1311870564.067079 -0.705352 -0.024354 -0.103705 -0.062926 0.241696 0.084395 0.964625
1311870564.134885 -0.705770 -0.024688 -0.102317 -0.063928 0.240441 0.083445 0.964955
1311870564.199265 -0.707521 -0.023453 -0.103238 -0.064376 0.239761 0.082889 0.965142
1311870564.264917 -0.708049 -0.023556 -0.102579 -0.065237 0.239716 0.082666 0.965115
1311870564.335238 -0.708622 -0.023075 -0.102593 -0.065665 0.239870 0.081391 0.965156
1311870564.399530 -0.709140 -0.023216 -0.101822 -0.065975 0.239988 0.081816 0.965070
1311870564.465945 -0.708846 -0.022780 -0.102642 -0.066332 0.240313 0.082306 0.964923
1311870564.533196 -0.708278 -0.022035 -0.103624 -0.066402 0.240875 0.082658 0.964747
1311870564.601109 -0.708146 -0.022035 -0.104574 -0.066431 0.241282 0.082674 0.964642
1311870564.667669 -0.707147 -0.021307 -0.105224 -0.066384 0.242368 0.083218 0.964327
1311870564.735751 -0.706472 -0.021240 -0.106056 -0.066315 0.242790 0.083297 0.964218
1311870564.803439 -0.706289 -0.020930 -0.106711 -0.065729 0.243485 0.084618 0.963968
1311870564.835756 -0.705054 -0.020983 -0.109232 -0.065368 0.243165 0.084935 0.964046
1311870564.903714 -0.704115 -0.021262 -0.109295 -0.065069 0.243808 0.084957 0.963901
1311870564.965822 -0.703835 -0.020269 -0.110404 -0.064309 0.244507 0.085383 0.963738
1311870565.033600 -0.701965 -0.020053 -0.111839 -0.064378 0.244904 0.085973 0.963580
1311870565.103730 -0.701370 -0.020506 -0.111123 -0.064810 0.245225 0.085979 0.963469
1311870565.164984 -0.701751 -0.019755 -0.112142 -0.064282 0.245148 0.085258 0.963588
1311870565.235724 -0.701463 -0.019999 -0.113235 -0.063557 0.244959 0.085352 0.963676
1311870565.265740 -0.700620 -0.019769 -0.114553 -0.063527 0.245146 0.085364 0.963629
1311870565.335501 -0.699887 -0.019720 -0.114161 -0.063857 0.245359 0.085942 0.963502
1311870565.400919 -0.700191 -0.019895 -0.114733 -0.063611 0.244847 0.085939 0.963648
1311870565.464919 -0.700433 -0.020295 -0.114926 -0.062886 0.244457 0.085516 0.963833
1311870565.532754 -0.700873 -0.020502 -0.115467 -0.062674 0.243020 0.085682 0.964195
1311870565.664873 -0.701140 -0.020091 -0.116281 -0.062944 0.241916 0.085333 0.964486
1311870565.736099 -0.700159 -0.020400 -0.116105 -0.063070 0.241300 0.084651 0.964692
1311870565.803859 -0.700294 -0.020086 -0.117108 -0.063118 0.241132 0.084095 0.964780
1311870565.869644 -0.699847 -0.019365 -0.117710 -0.062946 0.241172 0.084272 0.964765
1311870565.933144 -0.699910 -0.019126 -0.118322 -0.063391 0.241637 0.085363 0.964524
1311870566.002704 -0.699633 -0.019107 -0.117980 -0.063933 0.241388 0.085706 0.964520
1311870566.071625 -0.700408 -0.019675 -0.117311 -0.064329 0.241203 0.085698 0.964541
1311870566.101903 -0.700456 -0.018416 -0.118517 -0.064092 0.240362 0.085306 0.964801
1311870566.133243 -0.700609 -0.018264 -0.118555 -0.064342 0.240532 0.085960 0.964684
1311870566.201045 -0.700736 -0.017960 -0.117956 -0.065247 0.240562 0.086177 0.964596
1311870566.270321 -0.701205 -0.018432 -0.117433 -0.065359 0.240582 0.085914 0.964607
1311870566.343851 -0.701323 -0.019149 -0.118026 -0.064742 0.240442 0.085272 0.964741
1311870566.401248 -0.701516 -0.018737 -0.118101 -0.064162 0.240629 0.084951 0.964761
1311870566.472310 -0.702097 -0.019169 -0.118586 -0.063780 0.240463 0.085535 0.964776
1311870566.502143 -0.702784 -0.019199 -0.118071 -0.063894 0.240385 0.085574 0.964785
1311870566.570302 -0.703598 -0.019515 -0.117932 -0.064048 0.240021 0.085179 0.964900
1311870566.635198 -0.702898 -0.020067 -0.117416 -0.063962 0.239846 0.084186 0.965037
1311870566.703464 -0.704244 -0.019257 -0.118436 -0.063410 0.239329 0.084198 0.965200
1311870566.777550 -0.704178 -0.020048 -0.118910 -0.062558 0.238972 0.084580 0.965311
1311870566.870075 -0.704673 -0.019652 -0.119591 -0.063202 0.240116 0.083803 0.965053
1311870566.936872 -0.703852 -0.019168 -0.120242 -0.063389 0.239895 0.083551 0.965117
1311870567.004483 -0.703194 -0.018533 -0.120610 -0.063478 0.241220 0.084107 0.964733
1311870567.036902 -0.703223 -0.018476 -0.120440 -0.063816 0.241407 0.084482 0.964631
1311870567.101332 -0.702506 -0.018364 -0.120207 -0.064092 0.241474 0.084443 0.964599
1311870567.473584 -0.701904 -0.018338 -0.123190 -0.062061 0.242552 0.085882 0.964335
1311870567.540209 -0.702203 -0.017961 -0.124572 -0.061815 0.243152 0.085656 0.964219
1311870567.604153 -0.702384 -0.018229 -0.124156 -0.062628 0.242639 0.085740 0.964289
1311870567.739514 -0.702637 -0.017786 -0.124615 -0.062159 0.242949 0.085081 0.964299
1311870567.804034 -0.702082 -0.018217 -0.124501 -0.062015 0.242896 0.085511 0.964284
1311870567.871833 -0.702001 -0.018452 -0.124211 -0.062217 0.243406 0.085315 0.964160
1311870568.003648 -0.701867 -0.019078 -0.124860 -0.062195 0.243056 0.084185 0.964349
1311870568.037029 -0.702571 -0.018578 -0.125566 -0.061849 0.243470 0.083664 0.964312
1311870568.103740 -0.702229 -0.018842 -0.125355 -0.062067 0.243388 0.083216 0.964357
1311870568.173341 -0.701645 -0.019142 -0.125354 -0.062148 0.243583 0.083159 0.964308
1311870568.240977 -0.701470 -0.019140 -0.125932 -0.061953 0.243651 0.082937 0.964322
1311870568.274175 -0.701221 -0.019415 -0.125969 -0.061776 0.243749 0.082705 0.964329
1311870568.337150 -0.701352 -0.019021 -0.126595 -0.061424 0.243838 0.083012 0.964302
1311870568.408980 -0.700879 -0.018837 -0.126654 -0.061576 0.243603 0.083318 0.964326
1311870568.472372 -0.699592 -0.018677 -0.126862 -0.061276 0.243905 0.083694 0.964236
1311870568.505016 -0.699238 -0.018783 -0.126353 -0.061483 0.244872 0.084675 0.963892
1311870568.669323 -0.698119 -0.018703 -0.127247 -0.060850 0.244642 0.085620 0.963907
1311870568.708062 -0.697778 -0.019206 -0.127458 -0.060390 0.244660 0.085213 0.963968
1311870568.838136 -0.696872 -0.019009 -0.128083 -0.059896 0.245071 0.085129 0.963901
