# timestamp tx ty tz qx qy qz qw
1341845820.887882 0.000000 0.000000 0.000000 0.000000 0.000000 0.000000 1.000000
1341845820.920082 -0.001070 -0.000102 -0.000033 -0.001348 -0.000284 -0.000361 0.999999
1341845820.955790 -0.001509 0.001013 -0.000242 -0.002118 -0.001030 -0.000416 0.999997
1341845820.987817 -0.002775 -0.000386 -0.000538 -0.003069 -0.000847 -0.000707 0.999995
1341845821.019783 -0.002317 -0.000994 -0.001302 -0.003106 -0.001172 -0.001012 0.999994
1341845821.055706 -0.004210 0.001059 -0.000732 -0.002108 -0.001494 0.000078 0.999997
1341845821.087831 -0.001936 0.000862 -0.000961 -0.000954 -0.003438 0.002627 0.999990
1341845821.119871 0.001761 0.001319 -0.001036 0.000986 -0.002480 0.004549 0.999986
1341845821.155881 0.002833 0.001314 -0.000808 0.000564 0.000107 0.005777 0.999983
1341845821.188556 0.001951 -0.001789 0.000081 0.000276 0.001843 0.007924 0.999967
1341845821.223751 0.001863 -0.002485 -0.000401 0.003646 0.002344 0.009758 0.999943
1341845821.256005 0.006332 0.001878 -0.002500 0.004464 0.003288 0.009733 0.999937
1341845821.287883 0.006553 -0.000836 -0.002029 0.002384 0.005850 0.008245 0.999946
1341845821.323879 0.006812 -0.002167 -0.002004 0.002807 0.008254 0.006604 0.999940
1341845821.355690 0.004195 -0.001445 -0.002344 0.003523 0.010861 0.007028 0.999910
1341845821.388161 0.005480 -0.002861 -0.001264 0.003456 0.010999 0.008811 0.999895
1341845821.424470 0.009442 -0.003588 -0.001320 0.005338 0.012039 0.008982 0.999873
1341845821.455778 0.006471 -0.001826 -0.001911 0.005563 0.015012 0.008218 0.999838
1341845821.488014 0.003673 -0.005710 -0.000444 0.004985 0.016237 0.008469 0.999820
1341845821.524370 0.005448 -0.006024 -0.000560 0.007034 0.016785 0.008842 0.999795
1341845821.555644 0.003054 -0.005744 -0.000880 0.008469 0.018473 0.008560 0.999757
1341845821.587677 0.001217 -0.005308 -0.002133 0.008170 0.018260 0.008060 0.999767
1341845821.623761 0.003825 -0.006522 -0.001691 0.007518 0.017053 0.007230 0.999800
1341845821.655725 0.004628 -0.005884 -0.002705 0.007412 0.016990 0.006211 0.999809
1341845821.691884 0.002707 -0.005315 -0.003231 0.006437 0.017249 0.005265 0.999817
1341845821.724228 0.001142 -0.007985 -0.002437 0.006175 0.016551 0.005583 0.999828
1341845821.755681 0.002007 -0.008051 -0.001881 0.007036 0.015127 0.006553 0.999839
1341845821.791636 0.003003 -0.008310 -0.001558 0.008086 0.014525 0.006733 0.999839
1341845821.823697 0.004045 -0.005780 -0.002857 0.009043 0.014999 0.005158 0.999833
1341845821.855574 0.001053 -0.007422 -0.002778 0.007762 0.016216 0.003680 0.999832
1341845821.891741 0.000364 -0.009350 -0.002339 0.008364 0.015947 0.003388 0.999832
1341845821.923730 0.002611 -0.008783 -0.002911 0.009970 0.015713 0.004276 0.999818
1341845821.955750 0.000666 -0.007666 -0.004119 0.010704 0.016293 0.004190 0.999801
1341845821.991786 0.002290 -0.007787 -0.003849 0.009967 0.016378 0.003620 0.999810
1341845822.023863 -0.003120 -0.010614 -0.003024 0.009663 0.017653 0.003196 0.999792
1341845822.059759 -0.005076 -0.009001 -0.003574 0.009638 0.017858 0.003367 0.999788
1341845822.091719 -0.004393 -0.011619 -0.002628 0.009654 0.017900 0.003186 0.999788
1341845822.123689 -0.004968 -0.010087 -0.003242 0.011830 0.018895 0.002758 0.999748
1341845822.185916 -0.012814 -0.013657 -0.002525 0.010141 0.019319 0.003783 0.999755
1341845822.221838 -0.013926 -0.012217 -0.002345 0.012159 0.017652 0.004440 0.999760
1341845822.254004 -0.016893 -0.010066 -0.002958 0.011630 0.017219 0.004251 0.999775
1341845822.289876 -0.018970 -0.013663 -0.000789 0.010617 0.016497 0.003158 0.999803
1341845822.321804 -0.022353 -0.013312 -0.000655 0.011808 0.016361 0.001857 0.999795
1341845822.353784 -0.024937 -0.013489 -0.000216 0.012502 0.016515 0.001510 0.999784
1341845822.391662 -0.029959 -0.014165 0.000316 0.013352 0.017437 0.001516 0.999758
1341845822.428074 -0.034336 -0.013718 -0.000127 0.013786 0.017361 0.001659 0.999753
1341845822.459970 -0.037573 -0.014971 0.000809 0.012694 0.016686 0.001630 0.999779
1341845822.495728 -0.043209 -0.019200 0.001383 0.012050 0.016644 0.001482 0.999788
1341845822.527724 -0.048833 -0.014418 0.001525 0.012828 0.016558 0.001674 0.999779
1341845822.559648 -0.053027 -0.013989 0.002182 0.011975 0.015763 0.002356 0.999801
1341845822.595852 -0.055668 -0.015624 0.002826 0.011836 0.015738 0.002546 0.999803
1341845822.627724 -0.061583 -0.013248 0.003294 0.011117 0.016458 0.003081 0.999798
1341845822.663716 -0.070093 -0.017540 0.004447 0.011031 0.015840 0.006177 0.999795
1341845822.695601 -0.070605 -0.018912 0.005941 0.015382 0.012805 0.009304 0.999756
1341845822.731816 -0.071015 -0.016871 0.006196 0.017438 0.012165 0.010517 0.999719
1341845822.789911 -0.076432 -0.016857 0.006433 0.018333 0.012891 0.010301 0.999696
1341845822.825897 -0.084024 -0.018936 0.006959 0.017176 0.014587 0.010528 0.999691
1341845822.859721 -0.089105 -0.021399 0.008927 0.018195 0.013911 0.012211 0.999663
1341845822.889712 -0.091250 -0.020812 0.009762 0.020644 0.011979 0.013555 0.999623
1341845822.925900 -0.092257 -0.022764 0.009429 0.020948 0.010928 0.012968 0.999637
1341845822.957708 -0.094452 -0.022511 0.009147 0.021471 0.011809 0.011531 0.999633
1341845822.989939 -0.098861 -0.023130 0.010003 0.022762 0.012237 0.010782 0.999608
1341845823.025889 -0.099457 -0.024685 0.009972 0.024614 0.011762 0.011403 0.999563
1341845823.057775 -0.097997 -0.023630 0.009894 0.026208 0.012893 0.011016 0.999513
1341845823.093671 -0.103739 -0.022626 0.010556 0.027695 0.015700 0.011004 0.999433
1341845823.125951 -0.108000 -0.022389 0.010102 0.028488 0.016891 0.012152 0.999378
1341845823.157773 -0.110133 -0.022575 0.011415 0.029336 0.018078 0.011947 0.999335
1341845823.193885 -0.118264 -0.024138 0.009872 0.028642 0.018962 0.011619 0.999342
1341845823.225800 -0.120481 -0.025032 0.011232 0.026516 0.017123 0.011617 0.999434
1341845823.261842 -0.121918 -0.024506 0.011296 0.026734 0.015823 0.010493 0.999462
1341845823.293622 -0.122357 -0.020157 0.011221 0.025695 0.015499 0.009856 0.999501
1341845823.325746 -0.124006 -0.020616 0.011133 0.022318 0.018108 0.009028 0.999546
1341845823.361852 -0.127927 -0.026134 0.011863 0.022365 0.021573 0.009593 0.999471
1341845823.394013 -0.136793 -0.026907 0.011723 0.024636 0.025340 0.012917 0.999292
1341845823.426028 -0.144518 -0.028375 0.012329 0.025761 0.026983 0.016106 0.999174
1341845823.461869 -0.145141 -0.029029 0.011857 0.026517 0.025596 0.017240 0.999172
1341845823.493758 -0.147437 -0.029383 0.010834 0.026836 0.026819 0.017359 0.999129
1341845823.529780 -0.156416 -0.031838 0.011036 0.026622 0.029265 0.017629 0.999062
1341845823.561916 -0.166350 -0.032946 0.011613 0.026903 0.028753 0.018285 0.999057
1341845823.593678 -0.168428 -0.034384 0.011935 0.027047 0.025380 0.019961 0.999113
1341845823.629815 -0.166942 -0.033931 0.012008 0.026935 0.025241 0.020101 0.999116
1341845823.661750 -0.176640 -0.037857 0.013159 0.025951 0.026900 0.019504 0.999111
1341845823.695523 -0.180861 -0.041059 0.016161 0.027755 0.024409 0.020973 0.999097
1341845823.729635 -0.182508 -0.041609 0.017003 0.031817 0.021056 0.022440 0.999020
1341845823.761810 -0.187184 -0.040495 0.016907 0.034128 0.019453 0.023165 0.998960
1341845823.797871 -0.194725 -0.040141 0.016791 0.034254 0.016759 0.021987 0.999031
1341845823.829660 -0.195651 -0.043312 0.018146 0.033463 0.012688 0.019990 0.999159
1341845823.861808 -0.199126 -0.044269 0.018985 0.034440 0.009192 0.018133 0.999200
1341845823.929826 -0.206212 -0.046245 0.019212 0.034364 0.002019 0.014729 0.999299
1341845823.961797 -0.210329 -0.045643 0.018915 0.032829 0.001230 0.011185 0.999398
1341845823.998070 -0.217748 -0.050193 0.021503 0.031562 0.001470 0.009224 0.999458
1341845824.029656 -0.222672 -0.051171 0.021361 0.032143 0.001658 0.010442 0.999427
1341845824.065768 -0.221162 -0.050117 0.021473 0.032195 0.002719 0.012826 0.999396
1341845824.097956 -0.229704 -0.047098 0.020575 0.030720 0.009423 0.013187 0.999397
1341845824.130299 -0.232926 -0.046345 0.019987 0.024997 0.029280 0.011934 0.999187
1341845824.165751 -0.235674 -0.047677 0.018408 0.019282 0.039250 0.013428 0.998953
1341845824.197930 -0.246963 -0.059318 0.021088 0.017177 0.042610 0.012338 0.998868
1341845824.229907 -0.257183 -0.059472 0.019754 0.022102 0.043671 0.012237 0.998727
1341845824.265800 -0.264627 -0.058899 0.018494 0.024337 0.039536 0.013248 0.998834
1341845824.298080 -0.267016 -0.059999 0.016307 0.025803 0.030480 0.013569 0.999110
1341845824.333783 -0.262544 -0.066229 0.016108 0.027847 0.026454 0.012598 0.999183
1341845824.365821 -0.267281 -0.060098 0.013925 0.030839 0.027975 0.012206 0.999058
1341845824.398039 -0.273611 -0.060030 0.013520 0.029994 0.027018 0.011154 0.999123
1341845824.433843 -0.277204 -0.065503 0.013298 0.029103 0.022806 0.011597 0.999249
1341845824.465921 -0.282350 -0.066416 0.013364 0.030495 0.019524 0.016094 0.999215
1341845824.501802 -0.282811 -0.062224 0.011529 0.030478 0.016778 0.021739 0.999158
1341845824.533723 -0.285815 -0.063551 0.011786 0.028182 0.013855 0.025670 0.999177
1341845824.565735 -0.289019 -0.065726 0.013134 0.025967 0.010772 0.028757 0.999191
1341845824.601758 -0.294422 -0.065297 0.014774 0.025999 0.008955 0.032272 0.999101
1341845824.633861 -0.297330 -0.064318 0.014371 0.025411 0.006654 0.036476 0.998989
1341845824.665789 -0.303579 -0.065953 0.015805 0.025034 0.004880 0.039319 0.998901
1341845824.701769 -0.309588 -0.067596 0.017647 0.025478 0.002047 0.041128 0.998827
1341845824.733585 -0.315765 -0.065930 0.016811 0.027089 0.000288 0.042750 0.998718
1341845824.769643 -0.318890 -0.059850 0.016199 0.025343 -0.001476 0.044082 0.998705
1341845824.801632 -0.323420 -0.068568 0.017586 0.020928 -0.005370 0.042494 0.998863
1341845824.833654 -0.324876 -0.071185 0.020816 0.022890 -0.007733 0.042142 0.998819
1341845824.869926 -0.329860 -0.065273 0.017874 0.027253 -0.007601 0.043841 0.998638
1341845824.902071 -0.331250 -0.063552 0.015158 0.026112 -0.009265 0.043558 0.998667
1341845824.933752 -0.335693 -0.070418 0.018439 0.025748 -0.009172 0.039961 0.998827
1341845824.969855 -0.332742 -0.061375 0.013292 0.027469 -0.008484 0.039044 0.998824
1341845825.001907 -0.333931 -0.067126 0.013323 0.024763 -0.005856 0.038866 0.998920
1341845825.037975 -0.351465 -0.071866 0.016128 0.023992 -0.000581 0.037173 0.999021
1341845825.075793 -0.361701 -0.083325 0.015434 0.025394 -0.000743 0.038798 0.998924
1341845825.107881 -0.359897 -0.079764 0.015334 0.032093 -0.001463 0.041221 0.998633
1341845825.143675 -0.362278 -0.077843 0.012348 0.034668 0.000387 0.038836 0.998644
1341845825.175707 -0.366796 -0.080019 0.012492 0.035050 0.001701 0.035497 0.998754
1341845825.211865 -0.370221 -0.079899 0.010650 0.036380 0.002026 0.036257 0.998678
1341845825.243814 -0.374307 -0.083457 0.011355 0.038608 0.004163 0.037160 0.998555
1341845825.275795 -0.382474 -0.074693 0.008980 0.042401 0.005920 0.037653 0.998373
1341845825.311665 -0.392440 -0.074883 0.008909 0.042986 0.005021 0.037890 0.998344
1341845825.343650 -0.391600 -0.068459 0.007505 0.043460 0.002786 0.040598 0.998226
1341845825.379771 -0.398014 -0.076811 0.010718 0.039999 0.003193 0.041062 0.998351
1341845825.411924 -0.400665 -0.070472 0.009126 0.042085 0.001268 0.042915 0.998191
1341845825.443786 -0.401702 -0.065664 0.010355 0.038242 -0.002059 0.044613 0.998270
1341845825.480278 -0.406178 -0.069145 0.011832 0.035083 -0.006253 0.046772 0.998270
1341845825.511636 -0.407757 -0.065615 0.012048 0.034104 -0.010034 0.048292 0.998200
1341845825.547911 -0.410621 -0.067250 0.013476 0.031445 -0.012429 0.050251 0.998164
1341845825.579744 -0.412794 -0.071726 0.015610 0.030349 -0.013386 0.053890 0.997996
1341845825.611784 -0.416511 -0.073688 0.014710 0.031755 -0.014879 0.056069 0.997811
1341845825.648004 -0.413261 -0.071826 0.013803 0.032729 -0.015247 0.054431 0.997865
1341845825.679708 -0.421002 -0.071307 0.014702 0.034600 -0.012456 0.054107 0.997858
1341845825.711937 -0.426803 -0.065296 0.014263 0.035919 -0.015721 0.053916 0.997775
1341845825.747617 -0.426632 -0.062768 0.015678 0.034265 -0.018324 0.051329 0.997926
1341845825.779688 -0.432764 -0.062426 0.017480 0.031610 -0.020632 0.048952 0.998088
1341845825.815954 -0.434306 -0.064605 0.018012 0.028830 -0.023059 0.045994 0.998259
1341845825.847829 -0.442665 -0.065649 0.018452 0.027163 -0.023428 0.044214 0.998378
1341845825.879767 -0.451474 -0.068943 0.018543 0.026328 -0.025337 0.044996 0.998319
1341845825.915646 -0.449309 -0.066584 0.017547 0.026745 -0.027113 0.045682 0.998230
1341845825.947881 -0.453394 -0.063954 0.017002 0.026381 -0.026994 0.047723 0.998147
1341845825.979700 -0.457035 -0.066450 0.018226 0.025648 -0.028436 0.050757 0.997977
1341845826.015845 -0.455882 -0.065200 0.016418 0.025308 -0.030356 0.051300 0.997901
1341845826.047945 -0.458031 -0.069369 0.018190 0.024699 -0.030347 0.051203 0.997921
1341845826.079731 -0.466445 -0.064877 0.016700 0.026576 -0.030563 0.053425 0.997750
1341845826.115655 -0.462161 -0.067933 0.017840 0.025939 -0.033631 0.053060 0.997688
1341845826.147949 -0.459656 -0.065130 0.015113 0.026567 -0.033363 0.048118 0.997931
1341845826.183767 -0.465599 -0.062463 0.015040 0.025700 -0.032760 0.043892 0.998168
1341845826.215780 -0.470260 -0.065952 0.015991 0.023863 -0.033081 0.044134 0.998193
1341845826.247732 -0.472995 -0.063231 0.014883 0.024169 -0.033757 0.049317 0.997920
1341845826.283763 -0.479391 -0.065470 0.014796 0.022858 -0.035750 0.053142 0.997685
1341845826.315658 -0.475283 -0.065319 0.015053 0.022768 -0.039878 0.054317 0.997467
1341845826.347773 -0.475887 -0.063056 0.013927 0.021999 -0.041874 0.054670 0.997384
1341845826.383718 -0.479276 -0.067053 0.015029 0.020455 -0.044264 0.055854 0.997248
1341845826.415712 -0.482010 -0.070072 0.015910 0.020383 -0.046694 0.056922 0.997078
1341845826.447806 -0.479550 -0.070660 0.014207 0.021294 -0.049309 0.055998 0.996985
1341845826.483677 -0.480679 -0.068301 0.012420 0.021289 -0.049759 0.057696 0.996866
1341845826.515677 -0.483847 -0.068885 0.012832 0.021052 -0.050882 0.060359 0.996657
1341845826.551684 -0.475691 -0.066696 0.010759 0.019627 -0.052567 0.057904 0.996744
1341845826.583716 -0.484814 -0.066845 0.011120 0.018405 -0.050570 0.056564 0.996948
1341845826.615875 -0.486807 -0.069291 0.012714 0.016907 -0.053483 0.060928 0.996565
1341845826.651722 -0.481192 -0.065579 0.010837 0.017268 -0.054731 0.063643 0.996321
1341845826.683753 -0.486136 -0.063695 0.011169 0.013665 -0.054749 0.059483 0.996633
1341845826.715643 -0.482203 -0.061203 0.011484 0.010570 -0.056409 0.057889 0.996672
1341845826.751884 -0.487139 -0.059276 0.011998 0.007179 -0.055037 0.060747 0.996609
1341845826.783713 -0.485318 -0.059315 0.013446 0.003803 -0.057050 0.060976 0.996500
1341845826.819713 -0.478376 -0.053280 0.015630 0.000100 -0.055693 0.057125 0.996812
1341845826.851701 -0.487643 -0.055117 0.015193 -0.004452 -0.051361 0.059117 0.996919
1341845826.884460 -0.486513 -0.055532 0.018431 -0.005620 -0.053674 0.064125 0.996482
1341845826.945792 -0.482476 -0.051901 0.023372 -0.018597 -0.046695 0.053856 0.997283
1341845826.981873 -0.467156 -0.054115 0.022391 -0.016463 -0.050616 0.074014 0.995836
1341845827.013745 -0.479649 -0.040655 0.020408 -0.020490 -0.049456 0.067085 0.996310
1341845827.045694 -0.489387 -0.030012 0.025627 -0.016965 -0.040555 0.057787 0.997361
1341845827.082458 -0.495857 -0.033324 0.028119 -0.024485 -0.037253 0.053357 0.997580
1341845827.113645 -0.501781 -0.033178 0.024953 -0.022884 -0.038950 0.060629 0.997138
1341845827.145773 -0.487200 -0.028808 0.030676 -0.025653 -0.039520 0.057397 0.997239
1341845827.182474 -0.492102 -0.033161 0.032194 -0.031007 -0.035353 0.051205 0.997580
1341845827.213974 -0.496676 -0.032603 0.028167 -0.027595 -0.034889 0.055914 0.997444
1341845827.251751 -0.488142 -0.023821 0.028854 -0.022937 -0.035917 0.060024 0.997287
1341845827.313888 -0.488968 -0.031887 0.035582 -0.034134 -0.028816 0.056344 0.997412
1341845827.349700 -0.493853 -0.029432 0.029989 -0.027629 -0.030605 0.063444 0.997133
1341845827.381963 -0.497011 -0.043782 0.039571 -0.033760 -0.028780 0.055647 0.997464
1341845827.413850 -0.496798 -0.042097 0.040835 -0.033993 -0.026612 0.052590 0.997683
1341845827.449725 -0.489084 -0.028502 0.034997 -0.027799 -0.028179 0.056742 0.997604
1341845827.488394 -0.507380 -0.048370 0.043162 -0.029756 -0.026207 0.053433 0.997784
1341845827.555964 -0.499978 -0.045081 0.042597 -0.027788 -0.025207 0.050484 0.998020
1341845827.623688 -0.495695 -0.046386 0.043690 -0.023950 -0.025672 0.054964 0.997871
1341845827.656212 -0.491602 -0.046863 0.043556 -0.026857 -0.024887 0.048844 0.998135
1341845827.687624 -0.485521 -0.047901 0.043259 -0.029793 -0.022882 0.043898 0.998329
1341845827.723697 -0.489489 -0.052268 0.045003 -0.028417 -0.019679 0.047619 0.998267
1341845827.755778 -0.485912 -0.048536 0.043299 -0.026377 -0.019323 0.050773 0.998175
1341845827.791657 -0.482382 -0.048797 0.042803 -0.026626 -0.015903 0.049554 0.998290
1341845827.823845 -0.483549 -0.050385 0.044900 -0.026768 -0.011843 0.048298 0.998404
1341845827.855606 -0.482527 -0.055777 0.047068 -0.025232 -0.010495 0.050720 0.998339
1341845827.891685 -0.479112 -0.054868 0.045561 -0.022586 -0.006938 0.052656 0.998333
1341845827.923824 -0.474838 -0.049830 0.044457 -0.021251 -0.002664 0.051368 0.998450
1341845827.959777 -0.469908 -0.053229 0.046263 -0.021394 -0.000560 0.052159 0.998409
1341845827.991672 -0.463816 -0.048542 0.045356 -0.019311 0.001689 0.054071 0.998349
1341845828.023726 -0.459956 -0.049021 0.045315 -0.021319 0.006092 0.053478 0.998323
1341845828.059622 -0.457385 -0.049655 0.047109 -0.021824 0.009423 0.053630 0.998278
1341845828.091720 -0.454924 -0.051237 0.048772 -0.021996 0.011514 0.054232 0.998220
1341845828.127612 -0.452252 -0.048082 0.048402 -0.021996 0.013183 0.055278 0.998142
1341845828.159638 -0.444217 -0.050701 0.050835 -0.023871 0.014888 0.054426 0.998121
1341845828.191711 -0.441963 -0.053484 0.052875 -0.023821 0.017262 0.052556 0.998185
1341845828.227644 -0.434949 -0.048878 0.052015 -0.021689 0.018460 0.053719 0.998150
1341845828.259785 -0.438777 -0.050427 0.053893 -0.021862 0.022484 0.056605 0.997904
1341845828.291687 -0.433585 -0.050178 0.054510 -0.020238 0.023547 0.058159 0.997824
1341845828.327803 -0.429099 -0.045270 0.053363 -0.019169 0.025346 0.057545 0.997837
1341845828.359694 -0.425236 -0.044519 0.054815 -0.020171 0.027253 0.057632 0.997762
1341845828.395928 -0.421214 -0.044921 0.056137 -0.019771 0.029980 0.058980 0.997613
1341845828.427803 -0.417255 -0.044421 0.056384 -0.019934 0.031130 0.058549 0.997600
1341845828.459660 -0.408977 -0.046780 0.058565 -0.020007 0.031953 0.059096 0.997540
1341845828.495761 -0.403257 -0.041597 0.057438 -0.018431 0.033792 0.060858 0.997404
1341845828.527686 -0.398953 -0.037218 0.056703 -0.020309 0.034841 0.059515 0.997412
1341845828.595750 -0.391575 -0.042259 0.058935 -0.021111 0.037701 0.059375 0.997300
1341845828.654055 -0.384924 -0.041939 0.060191 -0.023139 0.041674 0.059497 0.997090
1341845828.689681 -0.385721 -0.037768 0.058803 -0.021155 0.043326 0.060019 0.997032
1341845828.721870 -0.383492 -0.035396 0.057866 -0.021662 0.043690 0.060352 0.996985
1341845828.757706 -0.380037 -0.039364 0.058177 -0.022790 0.044907 0.062580 0.996769
1341845828.789650 -0.379720 -0.039001 0.058159 -0.021842 0.045222 0.065825 0.996567
1341845828.821914 -0.376393 -0.034765 0.057118 -0.021170 0.044142 0.067068 0.996547
1341845828.857781 -0.370451 -0.034376 0.056968 -0.021976 0.043213 0.068228 0.996491
1341845828.889770 -0.367609 -0.035692 0.057133 -0.022243 0.043389 0.068905 0.996431
1341845828.931671 -0.365903 -0.035276 0.056977 -0.022181 0.042245 0.068618 0.996501
1341845828.989696 -0.351627 -0.035261 0.055808 -0.020298 0.038470 0.067860 0.996746
1341845829.025626 -0.345479 -0.030730 0.053787 -0.020009 0.036981 0.065986 0.996934
1341845829.063840 -0.339275 -0.030013 0.053448 -0.020845 0.037084 0.064473 0.997012
1341845829.089737 -0.335423 -0.028372 0.052299 -0.020626 0.037515 0.064891 0.996974
1341845829.125754 -0.329798 -0.029830 0.052217 -0.021361 0.037228 0.064640 0.996985
1341845829.158048 -0.321731 -0.030136 0.051183 -0.020696 0.038665 0.064178 0.996974
1341845829.193669 -0.319832 -0.031978 0.050081 -0.018752 0.040318 0.066124 0.996820
1341845829.225742 -0.315057 -0.032896 0.048233 -0.015325 0.040109 0.068372 0.996736
1341845829.257763 -0.308786 -0.033098 0.047041 -0.013096 0.039234 0.068281 0.996808
1341845829.293851 -0.300854 -0.034500 0.045849 -0.010915 0.038307 0.067703 0.996910
1341845829.325861 -0.300144 -0.035467 0.044908 -0.008583 0.037456 0.066271 0.997061
1341845829.357901 -0.291685 -0.033566 0.042975 -0.004940 0.034008 0.065938 0.997232
1341845829.393704 -0.283806 -0.033621 0.041436 -0.003486 0.032486 0.064303 0.997395
1341845829.425831 -0.281849 -0.032623 0.040276 -0.003855 0.031620 0.062320 0.997548
1341845829.461720 -0.279847 -0.039294 0.041129 -0.004144 0.030541 0.063281 0.997520
1341845829.493662 -0.273887 -0.037250 0.039606 0.002046 0.027730 0.065691 0.997452
1341845829.525846 -0.264880 -0.027534 0.035803 0.003430 0.024851 0.063627 0.997658
1341845829.561864 -0.258708 -0.029333 0.036496 -0.000223 0.025368 0.061104 0.997809
1341845829.593763 -0.257931 -0.038022 0.037473 -0.001686 0.026812 0.061048 0.997773
1341845829.625785 -0.255878 -0.034418 0.035969 0.004663 0.025203 0.063259 0.997668
1341845829.661787 -0.243233 -0.025488 0.034139 0.007338 0.021839 0.062995 0.997748
1341845829.693835 -0.234110 -0.021915 0.033873 0.003800 0.023355 0.057873 0.998043
1341845829.729747 -0.235072 -0.032499 0.033934 0.000773 0.024953 0.055312 0.998157
1341845829.761817 -0.236939 -0.031784 0.035020 0.005485 0.019900 0.054741 0.998287
1341845829.793840 -0.221662 -0.027337 0.034716 0.008219 0.013882 0.053851 0.998419
1341845829.829803 -0.216344 -0.026784 0.032165 0.008388 0.015104 0.049923 0.998604
1341845829.861640 -0.216736 -0.027261 0.033967 0.007038 0.012486 0.048764 0.998707
1341845829.897840 -0.208050 -0.030279 0.034681 0.009262 0.006763 0.051621 0.998601
1341845829.929703 -0.196434 -0.026571 0.032163 0.012152 0.006559 0.051953 0.998554
1341845829.962023 -0.199444 -0.026842 0.032782 0.010381 0.008409 0.053564 0.998475
1341845829.997954 -0.199770 -0.030936 0.033033 0.013232 0.005007 0.054042 0.998438
1341845830.029819 -0.183482 -0.028717 0.030419 0.019302 0.003360 0.054350 0.998330
1341845830.061836 -0.183904 -0.017989 0.027545 0.020251 0.005521 0.055435 0.998242
1341845830.097885 -0.176006 -0.027245 0.030711 0.017811 0.005330 0.055004 0.998313
1341845830.129668 -0.173689 -0.031403 0.030254 0.023302 0.006212 0.056603 0.998105
1341845830.165590 -0.172405 -0.021581 0.029165 0.026655 0.003875 0.059698 0.997853
1341845830.197779 -0.167166 -0.026179 0.029595 0.025233 -0.001382 0.063555 0.997658
1341845830.229883 -0.156593 -0.019615 0.027729 0.028463 -0.000567 0.063331 0.997586
1341845830.265730 -0.158591 -0.021769 0.027619 0.025594 0.000530 0.064725 0.997575
1341845830.297873 -0.153277 -0.024790 0.030456 0.026136 -0.003036 0.067886 0.997346
1341845830.329863 -0.139548 -0.017883 0.029231 0.029906 -0.005068 0.068964 0.997158
1341845830.365740 -0.138784 -0.017931 0.029344 0.028500 -0.004994 0.068882 0.997205
1341845830.397779 -0.130631 -0.017241 0.029495 0.028103 -0.007551 0.067067 0.997324
1341845830.433725 -0.122101 -0.017508 0.029328 0.028919 -0.006234 0.064169 0.997500
1341845830.465762 -0.120754 -0.017249 0.028893 0.029559 -0.005358 0.064020 0.997496
1341845830.507859 -0.110932 -0.018974 0.029830 0.030869 -0.008530 0.065380 0.997346
1341845830.565943 -0.095265 -0.015178 0.025582 0.031771 -0.002447 0.064398 0.997415
1341845830.597841 -0.092488 -0.018042 0.026913 0.031186 -0.003749 0.066627 0.997283
1341845830.633627 -0.079592 -0.015041 0.025665 0.033862 -0.004388 0.066531 0.997200
1341845830.665700 -0.071687 -0.014309 0.024226 0.033343 -0.002802 0.066204 0.997245
1341845830.701788 -0.064028 -0.010149 0.024144 0.033294 -0.002535 0.064607 0.997352
1341845830.733901 -0.056546 -0.008548 0.023030 0.031792 -0.000259 0.059988 0.997693
1341845830.765759 -0.053552 -0.010545 0.021810 0.029217 0.002275 0.056902 0.997950
1341845830.801839 -0.046600 -0.012712 0.022417 0.028732 0.005011 0.055244 0.998047
1341845830.833774 -0.043462 -0.011862 0.022208 0.030779 0.007350 0.054468 0.998014
1341845830.865751 -0.036105 -0.007970 0.020147 0.031171 0.007569 0.052779 0.998091
1341845830.901883 -0.031895 -0.010756 0.019406 0.029118 0.010912 0.049576 0.998286
1341845830.933811 -0.028619 -0.012714 0.019122 0.030010 0.012196 0.049195 0.998264
1341845830.969705 -0.025194 -0.011780 0.017952 0.030838 0.011487 0.047725 0.998318
1341845831.001855 -0.019539 -0.009068 0.017771 0.029466 0.011342 0.044875 0.998494
1341845831.033886 -0.013279 -0.009738 0.017653 0.028700 0.012616 0.042264 0.998614
1341845831.069727 -0.010780 -0.010069 0.017268 0.029425 0.013812 0.041608 0.998605
1341845831.101853 -0.005718 -0.008158 0.016107 0.029918 0.013691 0.042080 0.998572
1341845831.137817 0.001809 -0.006885 0.014133 0.028559 0.015595 0.040291 0.998658
1341845831.169942 0.008140 -0.007311 0.014108 0.027836 0.016638 0.039893 0.998678
1341845831.201715 0.010687 -0.009476 0.013886 0.029980 0.016167 0.040974 0.998579
1341845831.237723 0.017576 -0.004721 0.012688 0.032609 0.015909 0.041463 0.998481
1341845831.269903 0.020974 -0.008103 0.011828 0.030837 0.015725 0.041334 0.998546
1341845831.301755 0.018426 -0.011756 0.011787 0.029912 0.013660 0.040858 0.998624
1341845831.337779 0.024474 -0.008185 0.011018 0.032174 0.009762 0.040090 0.998630
1341845831.369742 0.034353 -0.007809 0.009806 0.032655 0.005845 0.039797 0.998657
1341845831.405710 0.044709 -0.004634 0.009136 0.031431 0.005267 0.037650 0.998783
1341845831.437646 0.052854 -0.007950 0.008908 0.029604 0.007019 0.035457 0.998908
1341845831.469752 0.054338 -0.009579 0.008738 0.030921 0.007019 0.036220 0.998841
1341845831.505745 0.061900 -0.006799 0.007338 0.031469 0.005784 0.035538 0.998856
1341845831.537844 0.070529 -0.006592 0.004528 0.027380 0.009368 0.031771 0.999076
1341845831.569610 0.077127 -0.007891 0.004736 0.024891 0.010986 0.030864 0.999153
1341845831.605848 0.080373 -0.005848 0.004897 0.025977 0.011027 0.031582 0.999103
1341845831.637789 0.083293 -0.006147 0.003635 0.022399 0.013141 0.031119 0.999178
1341845831.673597 0.088894 -0.006190 0.002678 0.016853 0.016706 0.030102 0.999265
1341845831.705652 0.090893 -0.006408 0.003170 0.015101 0.021581 0.031611 0.999153
1341845831.737705 0.096149 -0.005257 0.002502 0.015693 0.023532 0.036069 0.998949
1341845831.773629 0.102102 -0.003578 0.001942 0.014806 0.024746 0.038654 0.998836
1341845831.805810 0.109761 -0.004441 0.001972 0.011391 0.026727 0.039221 0.998808
1341845831.837719 0.110119 -0.003115 0.001916 0.008968 0.028097 0.040493 0.998744
1341845831.873791 0.120759 -0.000292 0.002720 0.008637 0.026571 0.041735 0.998738
1341845831.905728 0.125013 0.002215 0.002549 0.005546 0.029164 0.039552 0.998776
1341845831.941628 0.131352 0.001631 0.003361 0.004227 0.030450 0.039335 0.998753
1341845831.973784 0.138628 0.001611 0.004036 0.003663 0.032221 0.039312 0.998701
1341845832.005729 0.146081 0.004754 0.003414 0.004446 0.033914 0.037736 0.998702
1341845832.041627 0.151528 0.008259 0.001080 0.003447 0.037117 0.036071 0.998654
1341845832.073865 0.152056 0.005707 0.001445 0.001482 0.040441 0.034629 0.998581
1341845832.109730 0.157754 0.002768 0.002787 0.001825 0.039508 0.036170 0.998563
1341845832.141683 0.168551 0.009902 0.000954 0.004727 0.038282 0.035947 0.998609
1341845832.173988 0.173556 0.009668 -0.000454 0.002655 0.040178 0.034232 0.998602
1341845832.209956 0.176301 0.006907 -0.000000 0.001963 0.038313 0.035157 0.998645
1341845832.241796 0.180476 0.013876 0.000102 0.003970 0.036648 0.034895 0.998711
1341845832.273776 0.188073 0.016458 -0.001806 0.002070 0.037238 0.033187 0.998753
1341845832.309916 0.191435 0.017449 -0.002746 -0.001255 0.038271 0.033102 0.998718
1341845832.341687 0.194010 0.017758 -0.002558 -0.002369 0.036897 0.034989 0.998704
1341845832.377708 0.198220 0.022190 -0.003567 -0.003057 0.036179 0.035553 0.998708
1341845832.409802 0.199937 0.021622 -0.003427 -0.005507 0.036083 0.035759 0.998694
1341845832.442187 0.204913 0.025459 -0.003548 -0.005973 0.035273 0.036586 0.998690
1341845832.477743 0.209889 0.021849 -0.003972 -0.008090 0.034992 0.037178 0.998663
1341845832.509635 0.218323 0.025136 -0.004818 -0.008742 0.034312 0.038149 0.998645
1341845832.541586 0.225238 0.028287 -0.005836 -0.009395 0.034937 0.039064 0.998582
1341845832.577871 0.230064 0.028109 -0.006708 -0.010084 0.034648 0.040914 0.998511
1341845832.609738 0.232875 0.028545 -0.006792 -0.010546 0.034520 0.041186 0.998499
1341845832.645699 0.237732 0.034673 -0.008263 -0.010338 0.035112 0.041003 0.998488
1341845832.677817 0.238439 0.036279 -0.008721 -0.012670 0.035536 0.040340 0.998473
1341845832.710177 0.244190 0.035422 -0.008194 -0.013957 0.036204 0.041317 0.998392
1341845832.745710 0.246250 0.037829 -0.009591 -0.013758 0.037704 0.042948 0.998271
1341845832.777849 0.250518 0.039848 -0.010365 -0.014598 0.039166 0.045224 0.998102
1341845832.810110 0.255239 0.041173 -0.011152 -0.015725 0.040388 0.046350 0.997985
1341845832.845797 0.259654 0.042698 -0.012143 -0.017280 0.042318 0.046291 0.997882
1341845832.877696 0.263731 0.039681 -0.012314 -0.018316 0.043585 0.048372 0.997710
1341845832.913787 0.271071 0.043182 -0.012792 -0.017760 0.043073 0.048956 0.997714
1341845832.945664 0.274512 0.046327 -0.014449 -0.018753 0.045113 0.047175 0.997691
1341845832.978015 0.277554 0.040860 -0.013501 -0.020364 0.045584 0.048203 0.997589
1341845833.045857 0.291941 0.049499 -0.015807 -0.020775 0.045650 0.048035 0.997586
1341845833.077785 0.298165 0.051216 -0.016854 -0.022078 0.047187 0.047743 0.997500
1341845833.113636 0.306196 0.048865 -0.018157 -0.021948 0.048432 0.048118 0.997425
1341845833.145767 0.311738 0.053597 -0.020518 -0.022446 0.050019 0.047600 0.997361
1341845833.181891 0.315659 0.055299 -0.023519 -0.025998 0.053183 0.045088 0.997228
1341845833.213878 0.324348 0.050518 -0.021951 -0.027820 0.053523 0.046297 0.997105
1341845833.245714 0.332762 0.051750 -0.021123 -0.025713 0.050841 0.048349 0.997204
1341845833.281847 0.340848 0.046141 -0.023895 -0.023766 0.051907 0.050739 0.997079
1341845833.313771 0.343890 0.053124 -0.029153 -0.020754 0.054753 0.049953 0.997034
1341845833.349756 0.348613 0.057294 -0.031100 -0.021322 0.055643 0.049783 0.996981
1341845833.381840 0.357449 0.053437 -0.033030 -0.022498 0.058196 0.050490 0.996774
1341845833.414644 0.364394 0.052948 -0.035558 -0.023590 0.060236 0.049360 0.996684
1341845833.449819 0.362691 0.052158 -0.035226 -0.023792 0.060598 0.051106 0.996569
1341845833.488616 0.372790 0.053568 -0.035347 -0.022472 0.059552 0.050734 0.996682
1341845833.549835 0.371847 0.050254 -0.035981 -0.026537 0.061185 0.049660 0.996537
1341845833.581733 0.382806 0.048422 -0.033665 -0.023912 0.058313 0.051992 0.996657
1341845833.617817 0.378867 0.055559 -0.036404 -0.022824 0.058684 0.050919 0.996716
1341845833.649899 0.379566 0.054595 -0.035510 -0.025352 0.057853 0.049495 0.996775
1341845833.681671 0.388153 0.053381 -0.033018 -0.024610 0.057038 0.051015 0.996764
1341845833.717606 0.383639 0.056110 -0.033449 -0.023170 0.056187 0.052297 0.996780
1341845833.752940 0.390086 0.063041 -0.033376 -0.024615 0.052817 0.050954 0.997000
1341845833.817827 0.391696 0.056564 -0.031949 -0.028914 0.053905 0.051287 0.996809
1341845833.849860 0.394210 0.060188 -0.030512 -0.027636 0.052311 0.051605 0.996914
1341845833.885667 0.395292 0.056929 -0.030977 -0.027976 0.054271 0.050592 0.996851
1341845833.917724 0.394374 0.060294 -0.032606 -0.029773 0.054917 0.049242 0.996831
1341845833.949675 0.395871 0.054344 -0.029401 -0.029917 0.054007 0.050346 0.996822
1341845833.985662 0.395224 0.059337 -0.031980 -0.027307 0.055928 0.049695 0.996823
1341845834.018158 0.393804 0.061936 -0.034076 -0.029550 0.056328 0.046686 0.996882
1341845834.049769 0.393173 0.057274 -0.032001 -0.031236 0.054721 0.046752 0.996917
1341845834.085753 0.391491 0.058631 -0.032133 -0.030757 0.055253 0.044591 0.997002
1341845834.153871 0.383941 0.057937 -0.033229 -0.032656 0.057387 0.043854 0.996854
1341845834.185736 0.381538 0.057702 -0.032089 -0.033448 0.058136 0.041919 0.996867
1341845834.217802 0.375666 0.056231 -0.032985 -0.034738 0.058954 0.040339 0.996840
1341845834.253824 0.368523 0.061865 -0.031796 -0.037539 0.057357 0.037225 0.996953
1341845834.285756 0.367445 0.054566 -0.029362 -0.041061 0.055075 0.037390 0.996937
1341845834.321783 0.364945 0.051543 -0.026957 -0.038932 0.055158 0.039250 0.996946
1341845834.355135 0.361033 0.050118 -0.026332 -0.033297 0.055509 0.043090 0.996972
1341845834.385801 0.351947 0.054734 -0.030013 -0.029961 0.056785 0.042083 0.997049
1341845834.421748 0.346798 0.053773 -0.030654 -0.030809 0.057630 0.040699 0.997032
1341845834.453840 0.341314 0.052260 -0.029253 -0.031533 0.055550 0.038793 0.997204
1341845834.485639 0.335577 0.050802 -0.027516 -0.031567 0.054513 0.036786 0.997336
1341845834.521785 0.327817 0.050202 -0.027781 -0.031022 0.055097 0.036055 0.997347
1341845834.553727 0.321236 0.049373 -0.027747 -0.031682 0.055179 0.035630 0.997337
1341845834.589787 0.313563 0.046803 -0.023991 -0.031717 0.052783 0.036409 0.997438
1341845834.621791 0.309862 0.049390 -0.024580 -0.029719 0.050312 0.036733 0.997615
1341845834.653808 0.300404 0.048988 -0.025518 -0.032539 0.051522 0.032165 0.997623
1341845834.689847 0.291818 0.045149 -0.024279 -0.035947 0.050990 0.030163 0.997596
1341845834.721856 0.289179 0.041121 -0.019553 -0.036319 0.046632 0.030971 0.997771
1341845834.753919 0.286035 0.039364 -0.018674 -0.033498 0.044382 0.031506 0.997956
1341845834.789834 0.277199 0.041098 -0.021571 -0.032796 0.045609 0.030761 0.997947
1341845834.821826 0.268519 0.040718 -0.019709 -0.033739 0.044506 0.030662 0.997968
1341845834.857804 0.262695 0.037818 -0.019585 -0.034528 0.041273 0.030136 0.998096
1341845834.889796 0.256558 0.035868 -0.019217 -0.034893 0.039740 0.029122 0.998176
1341845834.921771 0.246857 0.031964 -0.017324 -0.034530 0.038512 0.029451 0.998227
1341845834.957942 0.241888 0.030722 -0.016388 -0.034066 0.034598 0.029043 0.998398
1341845834.989806 0.232796 0.029467 -0.015818 -0.033203 0.032405 0.029148 0.998498
1341845835.021804 0.223888 0.029936 -0.015118 -0.031531 0.030001 0.028887 0.998635
1341845835.058003 0.215212 0.029604 -0.014758 -0.029224 0.028366 0.029103 0.998746
1341845835.089820 0.207364 0.027929 -0.015314 -0.028542 0.025792 0.030045 0.998808
1341845835.125663 0.200844 0.030171 -0.015739 -0.028550 0.022156 0.030178 0.998891
1341845835.157750 0.192901 0.028695 -0.015461 -0.029698 0.019771 0.029404 0.998931
1341845835.189830 0.184118 0.021720 -0.012916 -0.028451 0.017588 0.030507 0.998975
1341845835.225912 0.175464 0.025671 -0.012285 -0.023869 0.014363 0.032033 0.999099
1341845835.258001 0.166451 0.027536 -0.013855 -0.023431 0.012977 0.030163 0.999186
1341845835.290164 0.155007 0.022640 -0.010909 -0.025003 0.011422 0.029525 0.999186
1341845835.325788 0.147691 0.022029 -0.008585 -0.022731 0.008081 0.029920 0.999261
1341845835.363902 0.140033 0.020927 -0.007553 -0.021619 0.006517 0.028192 0.999347
1341845835.431742 0.122827 0.018439 -0.007026 -0.022001 0.000494 0.026656 0.999402
1341845835.493790 0.111217 0.016632 -0.003880 -0.018111 -0.004541 0.027262 0.999454
1341845835.527633 0.100850 0.015995 -0.004671 -0.017944 -0.007197 0.027563 0.999433
1341845835.561788 0.097584 0.016658 -0.004109 -0.018902 -0.012233 0.027650 0.999364
1341845835.594173 0.097216 0.014404 -0.002115 -0.020013 -0.013489 0.026736 0.999351
1341845835.625859 0.087302 0.008746 -0.000859 -0.018057 -0.013157 0.027344 0.999376
1341845835.661923 0.079567 0.008260 -0.000810 -0.013931 -0.016673 0.031385 0.999271
1341845835.693994 0.077477 0.011700 -0.000059 -0.010532 -0.017962 0.031527 0.999286
1341845835.725724 0.070760 0.009435 -0.000267 -0.009186 -0.015428 0.032012 0.999326
1341845835.761816 0.061640 0.006033 -0.002049 -0.006563 -0.017348 0.035166 0.999209
1341845835.793927 0.058119 0.012283 -0.002135 -0.003488 -0.020013 0.036556 0.999125
1341845835.829809 0.052219 0.013339 -0.001867 -0.004157 -0.019099 0.034864 0.999201
1341845835.868224 0.040897 0.008050 -0.002072 -0.003736 -0.018426 0.035871 0.999180
1341845835.903857 0.032249 0.007834 -0.003097 -0.001205 -0.021945 0.039276 0.998987
1341845835.935727 0.032432 0.012513 -0.003840 -0.000080 -0.022873 0.038374 0.999002
1341845835.967812 0.023881 0.006033 -0.003397 -0.000493 -0.020357 0.038279 0.999060
1341845836.003789 0.012545 0.002944 -0.002967 0.002817 -0.020685 0.041324 0.998928
1341845836.035920 0.009580 0.004879 -0.003852 0.005503 -0.021233 0.041634 0.998892
1341845836.067671 0.005042 0.004297 -0.004178 0.005270 -0.019706 0.040230 0.998982
1341845836.104034 -0.003919 -0.001345 -0.004885 0.006430 -0.020700 0.041026 0.998923
1341845836.135769 -0.013812 0.001367 -0.006893 0.008993 -0.023826 0.041640 0.998808
1341845836.172097 -0.014692 0.004835 -0.007271 0.008384 -0.026445 0.039868 0.998820
1341845836.203642 -0.020693 0.001050 -0.006727 0.007013 -0.024821 0.038897 0.998910
1341845836.235687 -0.031815 -0.003817 -0.007482 0.008838 -0.024947 0.040434 0.998832
1341845836.271774 -0.038867 -0.002255 -0.008500 0.011846 -0.028721 0.042994 0.998592
1341845836.303797 -0.040449 0.003719 -0.010066 0.013161 -0.030315 0.043377 0.998512
1341845836.335742 -0.042965 0.003492 -0.010418 0.011581 -0.028438 0.043402 0.998586
1341845836.372549 -0.051535 -0.005188 -0.009576 0.012663 -0.025901 0.046991 0.998479
1341845836.403992 -0.055231 -0.002079 -0.010753 0.015751 -0.025842 0.050277 0.998277
1341845836.435705 -0.055214 -0.000755 -0.011970 0.016574 -0.023999 0.051097 0.998268
1341845836.471817 -0.064592 0.001517 -0.014413 0.017193 -0.019984 0.050797 0.998361
1341845836.503945 -0.071179 -0.001085 -0.014713 0.016987 -0.020678 0.052970 0.998237
1341845836.539832 -0.071192 0.000030 -0.014093 0.017164 -0.022976 0.053530 0.998154
1341845836.571973 -0.071813 0.000646 -0.013923 0.016107 -0.023111 0.052915 0.998202
1341845836.604373 -0.077359 0.001047 -0.014661 0.014254 -0.022458 0.051518 0.998318
1341845836.639724 -0.078637 -0.006305 -0.013327 0.012483 -0.023243 0.050423 0.998379
1341845836.672049 -0.080037 -0.008540 -0.014205 0.015122 -0.023490 0.049030 0.998407
1341845836.704020 -0.083682 -0.015350 -0.015183 0.016825 -0.022819 0.049285 0.998382
1341845836.739779 -0.083743 -0.023913 -0.015366 0.021925 -0.023740 0.050566 0.998198
1341845836.771652 -0.082022 -0.024441 -0.015923 0.032008 -0.023129 0.052163 0.997857
1341845836.803601 -0.085651 -0.030875 -0.016761 0.036225 -0.021633 0.054241 0.997636
1341845836.839643 -0.091748 -0.038869 -0.015000 0.038198 -0.022497 0.054878 0.997509
1341845836.871771 -0.086392 -0.040448 -0.014319 0.042128 -0.024238 0.056267 0.997232
1341845836.907663 -0.087519 -0.042840 -0.014130 0.043201 -0.021548 0.058590 0.997114
1341845836.939824 -0.092144 -0.057249 -0.012863 0.042772 -0.019885 0.060444 0.997057
1341845836.971802 -0.089300 -0.058115 -0.014660 0.045474 -0.021359 0.061428 0.996846
1341845837.007714 -0.079614 -0.059646 -0.013676 0.041077 -0.018002 0.062552 0.997034
1341845837.039752 -0.085341 -0.074700 -0.013706 0.036753 -0.012542 0.061155 0.997373
1341845837.071715 -0.090211 -0.084543 -0.013165 0.041118 -0.011521 0.060862 0.997232
1341845837.107691 -0.088235 -0.084677 -0.015405 0.042655 -0.010131 0.063017 0.997049
1341845837.139763 -0.087414 -0.099220 -0.014044 0.042536 -0.006526 0.060421 0.997245
1341845837.171636 -0.089123 -0.106111 -0.015637 0.046644 -0.004760 0.056100 0.997324
1341845837.207675 -0.093951 -0.111469 -0.016228 0.045716 -0.006476 0.053176 0.997517
1341845837.239749 -0.092336 -0.123925 -0.016249 0.043677 -0.006934 0.047607 0.997887
1341845837.275755 -0.090392 -0.137270 -0.017139 0.044627 -0.005052 0.044241 0.998011
1341845837.307686 -0.095065 -0.148195 -0.018702 0.049075 -0.005015 0.048417 0.997608
1341845837.339628 -0.089117 -0.155803 -0.017582 0.053955 -0.008235 0.049358 0.997289
1341845837.375710 -0.086491 -0.162632 -0.019796 0.057617 -0.006537 0.047208 0.997201
1341845837.407709 -0.082876 -0.161760 -0.023138 0.056618 -0.003954 0.044590 0.997392
1341845837.439656 -0.080334 -0.171202 -0.023371 0.049789 -0.002168 0.041906 0.997878
1341845837.475671 -0.073239 -0.181589 -0.023024 0.048258 -0.001660 0.040200 0.998024
1341845837.507973 -0.070634 -0.190030 -0.024985 0.046714 0.002769 0.040078 0.998100
1341845837.543708 -0.073104 -0.198037 -0.025645 0.042488 0.006837 0.036724 0.998398
1341845837.575706 -0.073160 -0.210216 -0.024766 0.041628 0.008625 0.033614 0.998530
1341845837.607609 -0.070207 -0.218302 -0.026070 0.042451 0.011044 0.031758 0.998533
1341845837.643704 -0.070639 -0.227804 -0.025551 0.043638 0.013707 0.028934 0.998534
1341845837.675706 -0.072053 -0.234480 -0.026675 0.046245 0.015707 0.027129 0.998438
1341845837.711803 -0.070239 -0.237063 -0.029815 0.047637 0.017744 0.025897 0.998371
1341845837.743935 -0.068412 -0.245905 -0.029907 0.047193 0.020290 0.024248 0.998385
1341845837.775698 -0.064023 -0.249434 -0.031878 0.050411 0.021932 0.023717 0.998206
1341845837.811909 -0.061315 -0.251168 -0.034411 0.049320 0.024806 0.023816 0.998191
1341845837.843915 -0.064561 -0.256466 -0.033822 0.047296 0.028059 0.021566 0.998254
1341845837.879790 -0.066491 -0.264503 -0.032234 0.048867 0.030672 0.021084 0.998112
1341845837.911946 -0.070764 -0.266590 -0.031652 0.053449 0.031714 0.023381 0.997793
1341845837.946188 -0.065698 -0.266185 -0.033432 0.055206 0.030609 0.024994 0.997693
1341845837.979709 -0.060688 -0.266682 -0.035290 0.054253 0.033560 0.022786 0.997703
1341845838.041927 -0.068935 -0.280386 -0.031082 0.046098 0.038205 0.017770 0.998048
1341845838.073905 -0.068398 -0.282861 -0.030789 0.047531 0.037854 0.016049 0.998023
1341845838.105792 -0.067859 -0.288218 -0.030493 0.049373 0.038979 0.017752 0.997862
1341845838.141667 -0.070283 -0.290875 -0.030548 0.048258 0.039434 0.016676 0.997917
1341845838.173678 -0.063592 -0.294543 -0.030568 0.044959 0.039260 0.011928 0.998146
1341845838.205767 -0.060397 -0.298210 -0.028485 0.039616 0.041485 0.008310 0.998319
1341845838.241893 -0.068179 -0.303221 -0.025030 0.033496 0.044951 0.004717 0.998416
1341845838.273791 -0.071957 -0.312353 -0.020668 0.032164 0.044038 0.002434 0.998509
1341845838.309852 -0.078190 -0.315203 -0.020154 0.032331 0.042920 0.003181 0.998550
1341845838.341805 -0.070472 -0.319612 -0.017649 0.032363 0.040197 0.006252 0.998648
1341845838.373872 -0.067216 -0.322844 -0.017915 0.034444 0.039858 0.007141 0.998586
1341845838.409713 -0.072038 -0.324406 -0.018472 0.034477 0.040380 0.008763 0.998551
1341845838.441818 -0.064472 -0.328502 -0.018412 0.031266 0.038751 0.010645 0.998703
1341845838.473754 -0.063460 -0.332255 -0.018544 0.029625 0.039122 0.007755 0.998765
1341845838.509713 -0.066429 -0.339011 -0.017278 0.028547 0.041083 0.005967 0.998730
1341845838.541649 -0.068100 -0.345914 -0.016852 0.029005 0.040723 0.005452 0.998735
1341845838.577804 -0.064149 -0.349899 -0.019087 0.031866 0.040246 0.002496 0.998678
1341845838.609807 -0.058467 -0.353457 -0.020733 0.033763 0.041551 0.000349 0.998566
1341845838.641690 -0.061152 -0.355828 -0.021483 0.035272 0.043893 0.000156 0.998413
1341845838.677850 -0.062570 -0.358757 -0.022042 0.035897 0.044258 -0.000611 0.998375
1341845838.709635 -0.054758 -0.357228 -0.025836 0.035329 0.044128 -0.001922 0.998399
1341845838.745913 -0.049299 -0.367485 -0.018075 0.025668 0.048749 -0.004601 0.998471
1341845838.777723 -0.060384 -0.369647 -0.022143 0.021334 0.052492 -0.005841 0.998376
1341845838.809656 -0.063721 -0.375514 -0.022226 0.019923 0.051250 -0.006511 0.998466
1341845838.845874 -0.059653 -0.375839 -0.023454 0.020293 0.051023 -0.006215 0.998472
1341845838.877695 -0.052603 -0.383048 -0.022081 0.015188 0.051689 -0.007379 0.998520
1341845838.909636 -0.053453 -0.382202 -0.023618 0.011774 0.056849 -0.011148 0.998251
1341845838.945837 -0.058469 -0.388268 -0.020947 0.011728 0.057382 -0.012324 0.998207
1341845838.977758 -0.051218 -0.387740 -0.022408 0.013643 0.056782 -0.010364 0.998240
1341845839.013907 -0.041032 -0.388982 -0.024447 0.014036 0.057767 -0.011224 0.998168
1341845839.046225 -0.054382 -0.389040 -0.025979 0.012415 0.062136 -0.014852 0.997880
1341845839.077750 -0.058804 -0.395322 -0.023013 0.008912 0.060895 -0.015617 0.997982
1341845839.113934 -0.050050 -0.399450 -0.020594 0.010602 0.057765 -0.014455 0.998169
1341845839.145852 -0.045678 -0.398264 -0.024059 0.013482 0.057624 -0.010670 0.998190
1341845839.177741 -0.040230 -0.401618 -0.024602 0.012299 0.057396 -0.010413 0.998221
1341845839.214000 -0.032508 -0.408938 -0.024250 0.012414 0.058362 -0.011036 0.998157
1341845839.246198 -0.037449 -0.405134 -0.026029 0.016004 0.061713 -0.009829 0.997917
1341845839.281774 -0.029762 -0.406547 -0.027607 0.015715 0.062240 -0.007874 0.997906
1341845839.314004 -0.023014 -0.413077 -0.027437 0.014917 0.064606 -0.010424 0.997745
1341845839.345945 -0.035481 -0.415678 -0.026793 0.015762 0.068148 -0.011633 0.997483
1341845839.381741 -0.032011 -0.417436 -0.027813 0.017486 0.067312 -0.006436 0.997558
1341845839.413801 -0.020762 -0.417506 -0.029814 0.020380 0.066944 -0.005301 0.997534
1341845839.445714 -0.024198 -0.416568 -0.032889 0.021326 0.069767 -0.005755 0.997319
1341845839.481741 -0.021360 -0.415534 -0.035062 0.019796 0.070453 -0.005812 0.997302
1341845839.514001 -0.018398 -0.420945 -0.032099 0.018210 0.072058 -0.006947 0.997210
1341845839.549791 -0.020829 -0.422293 -0.033189 0.020267 0.073789 -0.006871 0.997044
1341845839.587666 -0.020086 -0.416377 -0.034437 0.021486 0.073518 -0.005453 0.997048
1341845839.681817 -0.019074 -0.417308 -0.034797 0.020611 0.076213 -0.005860 0.996861
1341845839.713876 -0.013908 -0.420359 -0.033614 0.019314 0.074516 -0.006326 0.997013
1341845839.749808 -0.009472 -0.417567 -0.034042 0.019549 0.075601 -0.005695 0.996930
1341845839.781785 -0.016195 -0.416352 -0.032816 0.018021 0.076431 -0.005745 0.996895
1341845839.817825 -0.014853 -0.415445 -0.031737 0.016536 0.074498 -0.005500 0.997069
1341845839.849994 -0.011406 -0.412446 -0.031441 0.015434 0.074160 -0.004641 0.997116
1341845839.881829 -0.015928 -0.413722 -0.028323 0.012267 0.074201 -0.005238 0.997154
1341845839.917855 -0.023232 -0.410494 -0.027484 0.010631 0.073207 -0.005702 0.997244
1341845839.950283 -0.025778 -0.406851 -0.026071 0.009006 0.071008 -0.005192 0.997422
1341845839.985757 -0.028928 -0.406395 -0.022715 0.006118 0.069405 -0.005031 0.997557
1341845840.017660 -0.026970 -0.406088 -0.018610 0.000707 0.067555 -0.006226 0.997696
1341845840.049741 -0.031676 -0.403165 -0.016400 -0.003446 0.066669 -0.006677 0.997747
1341845840.085650 -0.039085 -0.399239 -0.015319 -0.005030 0.064873 -0.005647 0.997865
1341845840.117698 -0.037857 -0.390818 -0.014826 -0.005560 0.062960 -0.003784 0.997993
1341845840.149796 -0.041765 -0.385583 -0.012698 -0.009381 0.062499 -0.002783 0.997997
1341845840.186069 -0.038899 -0.383773 -0.010781 -0.014578 0.061203 -0.003222 0.998014
1341845840.217657 -0.042278 -0.378137 -0.009652 -0.018383 0.062437 -0.003209 0.997874
1341845840.253694 -0.053061 -0.376806 -0.006192 -0.022065 0.062731 -0.002399 0.997784
1341845840.285914 -0.052235 -0.370185 -0.004331 -0.023707 0.059096 -0.001523 0.997970
1341845840.317753 -0.051103 -0.363282 -0.003005 -0.026067 0.057283 0.000622 0.998017
1341845840.353861 -0.046891 -0.356730 -0.002253 -0.027841 0.056318 0.001272 0.998024
1341845840.385775 -0.048626 -0.351616 -0.001017 -0.031160 0.056738 -0.001165 0.997902
1341845840.417676 -0.057548 -0.349133 -0.000388 -0.035015 0.056686 -0.001997 0.997776
1341845840.453598 -0.052242 -0.344910 0.003340 -0.036714 0.054387 -0.001184 0.997844
1341845840.485943 -0.053720 -0.339379 0.003557 -0.037053 0.054748 -0.001467 0.997811
1341845840.521810 -0.062681 -0.334351 0.004761 -0.038607 0.055294 -0.000790 0.997723
1341845840.553677 -0.063319 -0.331779 0.005718 -0.041260 0.052937 0.000663 0.997745
1341845840.585765 -0.060111 -0.328014 0.007210 -0.041957 0.051110 -0.000868 0.997811
1341845840.621850 -0.067830 -0.319564 0.006096 -0.042543 0.052087 -0.001952 0.997734
1341845840.653789 -0.070103 -0.322827 0.009700 -0.048611 0.050612 -0.003783 0.997527
1341845840.685850 -0.067687 -0.323362 0.011726 -0.049223 0.048881 -0.006175 0.997572
1341845840.721832 -0.075721 -0.321979 0.013055 -0.046665 0.049426 -0.006743 0.997664
1341845840.753824 -0.079373 -0.318661 0.014018 -0.043350 0.045070 -0.002954 0.998038
1341845840.789783 -0.073878 -0.316337 0.014030 -0.040692 0.042419 -0.002377 0.998268
1341845840.821733 -0.068907 -0.309026 0.011195 -0.039078 0.042910 -0.003592 0.998308
1341845840.853661 -0.079029 -0.306533 0.011251 -0.039398 0.044754 -0.002907 0.998217
1341845840.889737 -0.080237 -0.303355 0.011003 -0.039455 0.043059 -0.000759 0.998293
1341845840.921786 -0.067046 -0.290584 0.008472 -0.038415 0.042057 -0.001048 0.998376
1341845840.957782 -0.072748 -0.285816 0.007761 -0.040901 0.045609 -0.002416 0.998119
1341845840.989777 -0.074542 -0.283790 0.010014 -0.043435 0.046524 -0.001769 0.997971
1341845841.021755 -0.074587 -0.285307 0.013442 -0.042735 0.046995 -0.001239 0.997980
1341845841.057797 -0.073944 -0.280817 0.013457 -0.038330 0.048132 -0.000801 0.998105
1341845841.089861 -0.075378 -0.273003 0.014040 -0.034684 0.050300 -0.001838 0.998130
1341845841.127763 -0.079904 -0.268717 0.014695 -0.033829 0.050764 -0.004700 0.998126
1341845841.189794 -0.081711 -0.261568 0.017249 -0.030457 0.049855 -0.012768 0.998210
1341845841.225871 -0.081267 -0.256175 0.016753 -0.026763 0.049176 -0.014548 0.998326
1341845841.257769 -0.087015 -0.247126 0.016321 -0.023412 0.049841 -0.015886 0.998356
1341845841.289834 -0.085955 -0.235493 0.014620 -0.021737 0.048484 -0.013612 0.998495
1341845841.325856 -0.087280 -0.230853 0.016062 -0.024434 0.048536 -0.013287 0.998434
1341845841.357778 -0.090142 -0.229406 0.018490 -0.026476 0.047897 -0.013085 0.998416
1341845841.389747 -0.097188 -0.226680 0.020741 -0.023212 0.045583 -0.010694 0.998634
1341845841.425648 -0.090540 -0.223282 0.022023 -0.017575 0.042161 -0.006370 0.998936
1341845841.457784 -0.090372 -0.215468 0.022638 -0.008722 0.041528 -0.000832 0.999099
1341845841.493636 -0.085062 -0.201883 0.023072 -0.004821 0.039757 0.002636 0.999194
1341845841.525800 -0.082179 -0.196208 0.024047 -0.008425 0.039589 0.003183 0.999175
1341845841.557776 -0.086706 -0.191217 0.025716 -0.011232 0.040753 0.003482 0.999100
1341845841.593697 -0.088186 -0.189898 0.028586 -0.012894 0.039173 0.006407 0.999129
1341845841.625800 -0.086577 -0.186083 0.029011 -0.009907 0.037592 0.007575 0.999215
1341845841.657778 -0.083639 -0.178353 0.028488 -0.007625 0.037705 0.009753 0.999212
1341845841.693890 -0.085973 -0.173392 0.029107 -0.006733 0.037527 0.011569 0.999206
1341845841.725831 -0.082731 -0.169617 0.030324 -0.007244 0.036144 0.011387 0.999255
1341845841.761977 -0.084523 -0.166746 0.032360 -0.006556 0.035895 0.009481 0.999289
1341845841.793705 -0.089171 -0.159949 0.033317 -0.008612 0.035305 0.009667 0.999293
1341845841.825907 -0.089722 -0.160303 0.035157 -0.010835 0.033543 0.009401 0.999334
1341845841.862456 -0.088759 -0.158777 0.038661 -0.009422 0.031608 0.010385 0.999402
1341845841.893840 -0.089755 -0.157224 0.040139 -0.004357 0.029116 0.014409 0.999463
1341845841.925729 -0.087806 -0.149560 0.039567 -0.001675 0.027090 0.016323 0.999498
1341845841.961799 -0.080547 -0.146656 0.040307 -0.001886 0.025417 0.015752 0.999551
1341845841.994063 -0.081226 -0.140307 0.038995 -0.001830 0.027068 0.013109 0.999546
1341845842.030345 -0.088053 -0.141029 0.039406 -0.005926 0.027441 0.013820 0.999510
1341845842.061842 -0.084135 -0.137203 0.040840 -0.005443 0.024641 0.014768 0.999572
1341845842.095648 -0.083367 -0.130659 0.040121 -0.004783 0.024887 0.015134 0.999564
1341845842.130144 -0.083263 -0.125698 0.040078 -0.005144 0.024996 0.017930 0.999514
1341845842.168651 -0.082729 -0.117554 0.040801 -0.005101 0.024782 0.019469 0.999490
1341845842.204415 -0.083738 -0.116246 0.041690 -0.004973 0.024938 0.019897 0.999479
1341845842.236995 -0.089278 -0.112400 0.041776 -0.003335 0.024127 0.021915 0.999463
1341845842.298056 -0.079537 -0.099021 0.043576 0.001432 0.018200 0.026067 0.999493
1341845842.330531 -0.080456 -0.095363 0.043295 0.001900 0.018792 0.026046 0.999482
1341845842.362365 -0.082049 -0.086456 0.044105 -0.000114 0.017605 0.027621 0.999463
1341845842.399606 -0.079505 -0.084361 0.044951 -0.002975 0.016735 0.027194 0.999486
1341845842.439754 -0.078812 -0.081313 0.046327 -0.003203 0.017442 0.026790 0.999484
1341845842.472222 -0.080172 -0.079794 0.046944 -0.003744 0.017187 0.028319 0.999444
1341845842.506051 -0.077593 -0.078363 0.048623 -0.003438 0.014400 0.028862 0.999474
1341845842.539739 -0.075860 -0.074833 0.048391 -0.002733 0.014839 0.027010 0.999521
1341845842.597810 -0.082931 -0.074388 0.049119 -0.001166 0.015758 0.026474 0.999525
1341845842.671782 -0.083009 -0.060705 0.047248 0.002735 0.015755 0.026955 0.999509
1341845842.733828 -0.086866 -0.055820 0.049820 0.004719 0.014358 0.033374 0.999329
1341845842.772554 -0.085158 -0.046097 0.049075 0.006144 0.013780 0.035445 0.999258
1341845842.803667 -0.085041 -0.042006 0.049823 0.003324 0.013516 0.037232 0.999210
1341845842.839779 -0.081544 -0.037635 0.050601 0.002893 0.013731 0.036120 0.999249
1341845842.871951 -0.086756 -0.033773 0.050072 0.002659 0.015131 0.035431 0.999254
1341845842.903766 -0.087029 -0.026059 0.050291 0.001169 0.014000 0.035418 0.999274
1341845842.939694 -0.085153 -0.021130 0.051103 -0.000186 0.014401 0.033882 0.999322
1341845842.971703 -0.088160 -0.021017 0.051398 0.000322 0.015184 0.033670 0.999318
1341845843.003637 -0.092116 -0.016393 0.051405 0.000243 0.013519 0.037007 0.999224
1341845843.039687 -0.089029 -0.010424 0.051394 0.000984 0.012755 0.038127 0.999191
1341845843.071786 -0.087131 -0.008278 0.051276 0.000718 0.014339 0.038786 0.999144
1341845843.103725 -0.093016 -0.007342 0.051639 0.000993 0.013997 0.041807 0.999027
1341845843.139742 -0.093194 -0.002597 0.052614 0.002559 0.011031 0.042945 0.999013
1341845843.171825 -0.090339 0.005204 0.052615 0.001334 0.010695 0.040070 0.999139
1341845843.207907 -0.093599 0.008155 0.051881 -0.002281 0.011713 0.035848 0.999286
1341845843.240014 -0.097816 0.010785 0.052931 -0.005579 0.010909 0.033514 0.999363
1341845843.281910 -0.098097 0.013033 0.055818 -0.006152 0.008760 0.033426 0.999384
1341845843.307930 -0.097945 0.019332 0.057121 -0.005632 0.007443 0.033371 0.999399
1341845843.339844 -0.095502 0.024190 0.060033 -0.004494 0.006510 0.035307 0.999345
1341845843.407961 -0.100373 0.037488 0.059433 -0.000796 0.011194 0.037061 0.999250
1341845843.469698 -0.093649 0.051090 0.060617 -0.002020 0.012801 0.037623 0.999208
1341845843.501755 -0.101480 0.051170 0.065138 -0.005317 0.016142 0.037859 0.999139
1341845843.537749 -0.104239 0.056742 0.067282 -0.005367 0.014089 0.040816 0.999053
1341845843.601912 -0.101076 0.069895 0.070136 -0.011007 0.014804 0.037936 0.999110
1341845843.637854 -0.099710 0.075646 0.071262 -0.013090 0.014534 0.038385 0.999072
1341845843.669935 -0.096133 0.080371 0.072181 -0.012961 0.015971 0.039233 0.999018
1341845843.705705 -0.097986 0.087184 0.073636 -0.012913 0.019326 0.041043 0.998887
1341845843.738087 -0.100454 0.088377 0.076354 -0.015385 0.021789 0.042718 0.998731
1341845843.769868 -0.098855 0.094253 0.077049 -0.012855 0.022247 0.045412 0.998638
1341845843.805741 -0.096869 0.101474 0.076909 -0.011272 0.023815 0.047480 0.998525
1341845843.837731 -0.094738 0.108421 0.076566 -0.011936 0.026365 0.046217 0.998512
1341845843.869723 -0.096917 0.107856 0.078570 -0.012992 0.029551 0.046165 0.998412
1341845843.905817 -0.096565 0.109802 0.079872 -0.010289 0.030530 0.049510 0.998254
1341845843.937846 -0.093809 0.117549 0.080268 -0.006015 0.032582 0.052223 0.998086
1341845843.973843 -0.092158 0.121690 0.079025 -0.004154 0.037715 0.052600 0.997895
1341845844.005877 -0.098285 0.119209 0.080900 -0.004397 0.040712 0.053143 0.997747
1341845844.037839 -0.095229 0.127303 0.080156 -0.001577 0.039138 0.052014 0.997878
1341845844.073843 -0.091536 0.134585 0.079216 -0.002341 0.040582 0.047877 0.998026
1341845844.105844 -0.090522 0.133843 0.079474 -0.002545 0.042769 0.045781 0.998032
1341845844.137727 -0.094279 0.138446 0.080142 -0.001626 0.043817 0.045486 0.998002
1341845844.173729 -0.093075 0.142737 0.080307 0.000162 0.043635 0.044557 0.998053
1341845844.205772 -0.096554 0.147779 0.079354 -0.002110 0.045543 0.042670 0.998048
1341845844.241826 -0.097389 0.148621 0.081823 -0.001418 0.045068 0.043844 0.998020
1341845844.273743 -0.095588 0.157238 0.082571 0.006442 0.044098 0.047909 0.997857
1341845844.305737 -0.100183 0.163837 0.081374 0.007741 0.045526 0.049892 0.997686
1341845844.341702 -0.100222 0.171335 0.081470 0.004805 0.045032 0.047793 0.997830
1341845844.373700 -0.100860 0.175339 0.081903 0.001321 0.044752 0.047685 0.997859
1341845844.409780 -0.104222 0.180540 0.081786 0.000095 0.044627 0.050738 0.997714
1341845844.441868 -0.101017 0.190032 0.082691 -0.001503 0.043397 0.051978 0.997704
1341845844.473633 -0.099427 0.195741 0.082927 -0.003601 0.044420 0.052451 0.997629
1341845844.509732 -0.100923 0.200461 0.083030 -0.005061 0.045809 0.053549 0.997501
1341845844.541734 -0.106647 0.207239 0.082271 -0.007523 0.045626 0.055286 0.997399
1341845844.573798 -0.104627 0.212278 0.083680 -0.010509 0.043997 0.055319 0.997444
1341845844.609774 -0.104982 0.216325 0.084118 -0.011956 0.044107 0.055782 0.997397
1341845844.641742 -0.106642 0.218148 0.087069 -0.012574 0.041704 0.058106 0.997360
1341845844.677619 -0.107614 0.222849 0.087213 -0.009349 0.036529 0.062335 0.997343
1341845844.709820 -0.110595 0.230493 0.086001 -0.011174 0.034838 0.061713 0.997423
1341845844.741764 -0.113870 0.233180 0.087965 -0.013385 0.030974 0.062383 0.997482
1341845844.778110 -0.112155 0.236978 0.089661 -0.015691 0.026866 0.061116 0.997646
1341845844.811162 -0.110278 0.238686 0.090479 -0.016534 0.021108 0.060887 0.997784
1341845844.842336 -0.115807 0.245556 0.089188 -0.020210 0.017081 0.058696 0.997925
1341845844.883762 -0.113543 0.246243 0.092847 -0.021912 0.013476 0.056107 0.998093
1341845844.947016 -0.116970 0.255638 0.094907 -0.020920 0.003628 0.054156 0.998307
1341845844.977793 -0.114848 0.263269 0.092922 -0.021288 0.001293 0.049523 0.998545
1341845845.009670 -0.119775 0.265228 0.093317 -0.022391 0.000859 0.045727 0.998703
1341845845.045698 -0.118389 0.266759 0.096023 -0.022064 -0.005116 0.043680 0.998789
1341845845.077748 -0.111273 0.273637 0.094473 -0.022533 -0.007205 0.038925 0.998962
1341845845.109679 -0.112711 0.277855 0.094566 -0.024281 -0.005400 0.035464 0.999061
1341845845.145640 -0.113660 0.278584 0.096246 -0.024995 -0.005875 0.035283 0.999047
1341845845.177719 -0.107652 0.287861 0.095535 -0.022957 -0.006260 0.034655 0.999116
1341845845.213604 -0.107923 0.294167 0.093059 -0.024234 -0.002513 0.034338 0.999113
1341845845.245741 -0.107650 0.296781 0.094151 -0.026098 -0.001249 0.034511 0.999063
1341845845.277905 -0.109268 0.297649 0.095422 -0.025279 -0.000483 0.035531 0.999049
1341845845.314159 -0.108466 0.306593 0.094579 -0.024424 -0.000945 0.035150 0.999083
1341845845.345748 -0.107147 0.310530 0.094513 -0.026384 -0.000580 0.034513 0.999056
1341845845.381704 -0.109293 0.314817 0.095181 -0.027326 -0.001191 0.034323 0.999036
1341845845.413648 -0.110354 0.317833 0.096717 -0.028512 -0.002233 0.034178 0.999007
1341845845.445777 -0.108756 0.327987 0.097085 -0.027610 -0.005198 0.033691 0.999037
1341845845.481809 -0.107091 0.333322 0.096570 -0.031861 -0.005726 0.029147 0.999051
1341845845.514332 -0.108819 0.335243 0.098967 -0.033819 -0.006588 0.027614 0.999025
1341845845.545717 -0.111913 0.343194 0.098192 -0.033847 -0.008435 0.028159 0.998995
1341845845.581658 -0.107606 0.349933 0.098402 -0.035834 -0.010943 0.027603 0.998917
1341845845.613959 -0.104700 0.357154 0.097528 -0.039279 -0.010185 0.024144 0.998885
1341845845.649696 -0.109715 0.356787 0.100265 -0.043041 -0.009439 0.024791 0.998721
1341845845.682034 -0.109921 0.363176 0.101989 -0.040939 -0.012867 0.027054 0.998712
1341845845.714232 -0.107281 0.369523 0.100817 -0.040783 -0.013861 0.027707 0.998688
1341845845.751971 -0.105340 0.384912 0.098784 -0.045448 -0.012852 0.023174 0.998615
1341845845.787747 -0.104940 0.382749 0.101899 -0.047732 -0.012541 0.020915 0.998562
1341845845.820616 -0.109414 0.388822 0.101339 -0.047130 -0.012377 0.021734 0.998576
1341845845.887653 -0.098947 0.397040 0.100293 -0.050072 -0.013237 0.019932 0.998459
1341845845.949895 -0.098914 0.408044 0.101618 -0.049428 -0.010757 0.021243 0.998494
1341845845.981855 -0.100761 0.414842 0.098713 -0.050283 -0.008106 0.021051 0.998480
1341845846.017822 -0.101398 0.412604 0.101914 -0.052928 -0.007217 0.021127 0.998349
1341845846.049788 -0.102245 0.422304 0.102483 -0.049868 -0.006340 0.021374 0.998507
1341845846.081697 -0.105124 0.428560 0.100324 -0.049620 -0.006199 0.021964 0.998507
1341845846.117753 -0.105444 0.433681 0.100192 -0.051181 -0.006829 0.020918 0.998447
1341845846.149729 -0.105727 0.439310 0.100838 -0.051393 -0.007585 0.021659 0.998415
1341845846.185551 -0.104524 0.444738 0.101100 -0.052678 -0.009491 0.024575 0.998264
1341845846.217670 -0.101855 0.452042 0.100399 -0.053689 -0.009762 0.025601 0.998182
1341845846.249670 -0.104407 0.454189 0.099220 -0.058272 -0.008910 0.027732 0.997876
1341845846.285621 -0.104798 0.460616 0.100370 -0.059288 -0.009618 0.028895 0.997776
1341845846.318706 -0.102635 0.464589 0.097111 -0.062221 -0.008860 0.028361 0.997620
1341845846.349746 -0.105023 0.467391 0.097592 -0.065575 -0.007525 0.028932 0.997400
1341845846.385823 -0.103189 0.475453 0.097286 -0.066511 -0.008386 0.031016 0.997268
1341845846.417804 -0.100794 0.478291 0.095482 -0.069756 -0.007036 0.030594 0.997070
1341845846.453757 -0.104876 0.482302 0.094775 -0.072660 -0.005940 0.032864 0.996798
1341845846.485915 -0.100504 0.489123 0.094691 -0.074052 -0.007912 0.034197 0.996636
1341845846.517804 -0.097039 0.493883 0.092089 -0.075843 -0.005815 0.033278 0.996547
1341845846.553866 -0.099849 0.494248 0.088800 -0.080680 -0.004163 0.033174 0.996179
1341845846.585802 -0.098386 0.503102 0.091849 -0.080685 -0.005130 0.032305 0.996203
1341845846.621952 -0.095428 0.502806 0.088961 -0.082419 -0.004261 0.031811 0.996081
1341845846.653735 -0.098008 0.503958 0.089312 -0.084986 -0.003630 0.030796 0.995900
1341845846.687048 -0.092510 0.508442 0.090001 -0.084162 -0.004291 0.028974 0.996022
1341845846.721930 -0.092645 0.507920 0.087969 -0.084191 -0.002410 0.027073 0.996079
1341845846.755684 -0.094808 0.505911 0.088466 -0.084108 -0.002072 0.026609 0.996099
1341845846.785987 -0.092183 0.505969 0.087173 -0.082226 -0.002568 0.026706 0.996253
1341845846.821760 -0.090731 0.499157 0.085129 -0.081811 -0.001129 0.025884 0.996311
1341845846.853756 -0.097330 0.496983 0.084413 -0.080275 0.000357 0.024661 0.996468
1341845846.889724 -0.099278 0.495425 0.086135 -0.074696 -0.000843 0.026524 0.996853
1341845846.921756 -0.097506 0.480604 0.084020 -0.072743 -0.000620 0.025078 0.997035
1341845846.953776 -0.100657 0.470565 0.083706 -0.071226 0.000421 0.024175 0.997167
1341845846.989607 -0.104724 0.466217 0.084611 -0.067120 -0.000521 0.025962 0.997407
1341845847.021791 -0.101993 0.454418 0.084856 -0.062895 -0.002062 0.025775 0.997685
1341845847.053671 -0.102827 0.441070 0.084255 -0.063069 -0.002210 0.024906 0.997696
1341845847.089677 -0.105463 0.433272 0.085275 -0.061898 -0.005270 0.023736 0.997786
1341845847.121825 -0.100451 0.431898 0.085949 -0.054774 -0.007725 0.021924 0.998228
1341845847.157737 -0.098203 0.421282 0.084071 -0.052129 -0.006859 0.021879 0.998377
1341845847.189613 -0.096920 0.413681 0.084052 -0.048683 -0.006129 0.023656 0.998515
1341845847.221790 -0.093308 0.407701 0.082374 -0.044651 -0.004438 0.024633 0.998689
1341845847.257718 -0.093466 0.396873 0.079917 -0.042668 -0.002350 0.025571 0.998759
1341845847.289652 -0.094876 0.387465 0.078908 -0.040934 -0.002337 0.026735 0.998801
1341845847.321777 -0.089147 0.379209 0.078776 -0.038634 -0.002490 0.025629 0.998922
1341845847.357899 -0.091279 0.368864 0.076178 -0.037365 -0.000639 0.024050 0.999012
1341845847.390176 -0.090575 0.361792 0.073641 -0.035196 -0.000601 0.023127 0.999113
1341845847.425786 -0.086283 0.352288 0.070972 -0.035104 0.000288 0.021125 0.999160
1341845847.489945 -0.091735 0.332200 0.069515 -0.033982 0.001541 0.021416 0.999192
1341845847.525805 -0.090922 0.325446 0.065704 -0.034087 -0.000342 0.020425 0.999210
1341845847.557741 -0.087827 0.312083 0.061165 -0.039343 -0.002798 0.015933 0.999095
1341845847.593782 -0.088203 0.303697 0.059775 -0.041990 -0.004370 0.012689 0.999028
1341845847.625656 -0.084328 0.290128 0.058740 -0.039865 -0.005210 0.013417 0.999101
1341845847.657670 -0.081944 0.282053 0.054412 -0.037585 -0.005634 0.016462 0.999142
1341845847.693751 -0.078134 0.273926 0.052733 -0.037269 -0.005840 0.017555 0.999134
1341845847.725684 -0.075760 0.265539 0.048558 -0.037650 -0.004972 0.016815 0.999137
1341845847.757787 -0.082440 0.254529 0.045317 -0.036670 -0.003593 0.019951 0.999122
1341845847.793826 -0.082715 0.250068 0.040245 -0.035305 -0.005484 0.022048 0.999118
1341845847.825684 -0.083078 0.242827 0.040215 -0.036421 -0.005772 0.021594 0.999087
1341845847.861928 -0.084373 0.235332 0.037525 -0.036749 -0.006478 0.021949 0.999062
1341845847.893697 -0.085840 0.227034 0.037269 -0.037149 -0.009056 0.025117 0.998953
1341845847.925644 -0.081311 0.225539 0.035095 -0.033744 -0.011712 0.027059 0.998995
1341845847.961946 -0.078346 0.217373 0.033283 -0.035120 -0.011215 0.026818 0.998960
1341845847.993685 -0.084929 0.208267 0.033406 -0.034728 -0.011277 0.028577 0.998924
1341845848.025620 -0.078409 0.205509 0.031665 -0.034026 -0.013444 0.030249 0.998873
1341845848.061715 -0.077957 0.198100 0.030846 -0.033359 -0.013395 0.030457 0.998889
1341845848.093689 -0.082197 0.194369 0.028654 -0.033594 -0.014128 0.030712 0.998864
1341845848.132119 -0.081280 0.183941 0.026428 -0.034823 -0.016957 0.030206 0.998793
1341845848.167711 -0.076281 0.181047 0.025653 -0.034255 -0.017433 0.027524 0.998882
1341845848.200502 -0.080695 0.173049 0.024063 -0.035136 -0.016364 0.026837 0.998888
1341845848.232265 -0.079650 0.165970 0.022449 -0.035694 -0.018619 0.028000 0.998797
1341845848.267873 -0.075218 0.161098 0.021081 -0.034330 -0.019283 0.028048 0.998831
1341845848.301135 -0.075661 0.163078 0.015516 -0.034150 -0.018530 0.027922 0.998855
1341845848.335735 -0.078770 0.151159 0.014075 -0.039728 -0.019814 0.029349 0.998583
1341845848.367757 -0.076916 0.144029 0.013602 -0.040868 -0.021246 0.027630 0.998556
1341845848.399644 -0.077163 0.140255 0.011542 -0.041102 -0.021993 0.027588 0.998532
1341845848.435802 -0.080090 0.135456 0.009200 -0.041974 -0.025964 0.029706 0.998339
1341845848.467705 -0.065026 0.133145 0.007088 -0.042875 -0.028703 0.027791 0.998281
1341845848.503759 -0.071284 0.128555 0.005805 -0.043696 -0.023940 0.026378 0.998410
1341845848.536036 -0.076282 0.121512 0.004824 -0.044616 -0.024323 0.028698 0.998296
1341845848.567958 -0.073810 0.121212 0.003881 -0.043511 -0.026040 0.029941 0.998265
1341845848.603657 -0.074556 0.119681 0.003476 -0.043633 -0.025094 0.028882 0.998315
1341845848.635797 -0.076178 0.109994 0.002206 -0.045371 -0.025634 0.029286 0.998212
1341845848.671815 -0.074896 0.097977 0.002887 -0.044999 -0.027338 0.030295 0.998153
1341845848.703677 -0.071812 0.096283 0.000700 -0.039119 -0.026641 0.030934 0.998400
1341845848.735781 -0.073358 0.092177 -0.001381 -0.035827 -0.025120 0.033132 0.998493
1341845848.771647 -0.072808 0.086792 -0.001321 -0.034112 -0.025369 0.036054 0.998445
1341845848.803783 -0.066731 0.087881 -0.002326 -0.031566 -0.024696 0.036279 0.998538
1341845848.839757 -0.068983 0.090654 -0.003451 -0.032854 -0.021219 0.033641 0.998668
1341845848.871829 -0.066984 0.089306 -0.002621 -0.036991 -0.018873 0.031845 0.998630
1341845848.903622 -0.068553 0.077263 0.000985 -0.034987 -0.014242 0.031170 0.998800
1341845848.940608 -0.070088 0.077328 0.005270 -0.024870 -0.007226 0.035064 0.999049
1341845848.972843 -0.066916 0.078876 0.009091 -0.020854 -0.004845 0.038205 0.999041
1341845849.008613 -0.062891 0.078654 0.013124 -0.019453 -0.003430 0.035706 0.999167
1341845849.072005 -0.073234 0.078957 0.022017 -0.016389 0.002779 0.035226 0.999241
1341845849.133777 -0.066024 0.080382 0.026916 -0.018508 0.008994 0.030178 0.999333
1341845849.165908 -0.072790 0.079866 0.033992 -0.018332 0.014073 0.029867 0.999287
1341845849.201651 -0.080616 0.078315 0.041406 -0.016284 0.015453 0.031994 0.999236
1341845849.233648 -0.071403 0.081232 0.046793 -0.015548 0.014750 0.031600 0.999271
1341845849.265690 -0.075318 0.083797 0.052370 -0.017067 0.017920 0.029680 0.999253
1341845849.301701 -0.086281 0.082919 0.060770 -0.019320 0.019640 0.028759 0.999207
1341845849.333730 -0.087934 0.085375 0.068404 -0.019434 0.018254 0.028550 0.999237
1341845849.369727 -0.084461 0.085872 0.078093 -0.021034 0.016630 0.027624 0.999259
1341845849.401811 -0.086414 0.084185 0.088106 -0.020843 0.016141 0.027893 0.999263
1341845849.433692 -0.084192 0.088196 0.094848 -0.019060 0.016160 0.027288 0.999315
1341845849.469648 -0.088923 0.085465 0.102635 -0.020879 0.016976 0.027524 0.999259
1341845849.501641 -0.087336 0.086597 0.114333 -0.021009 0.015819 0.027650 0.999272
1341845849.533689 -0.087528 0.088808 0.121951 -0.020216 0.016874 0.026762 0.999295
1341845849.569780 -0.090416 0.090212 0.131288 -0.022053 0.017575 0.026309 0.999256
1341845849.601759 -0.088278 0.087297 0.141082 -0.024000 0.017659 0.026191 0.999213
1341845849.637837 -0.085822 0.089614 0.151817 -0.022189 0.019581 0.025898 0.999226
1341845849.669719 -0.090594 0.088948 0.161167 -0.022303 0.022067 0.026072 0.999168
1341845849.701927 -0.089175 0.090500 0.171094 -0.022635 0.023775 0.024962 0.999149
1341845849.737804 -0.092936 0.089672 0.181184 -0.022754 0.027431 0.024122 0.999074
1341845849.769688 -0.099851 0.091463 0.191941 -0.022621 0.029032 0.024624 0.999019
1341845849.805874 -0.101586 0.090060 0.202268 -0.022956 0.027229 0.025549 0.999039
1341845849.838002 -0.095894 0.092663 0.208499 -0.023091 0.026077 0.023655 0.999113
1341845849.873756 -0.099081 0.093683 0.219286 -0.025706 0.028356 0.020969 0.999047
1341845849.905773 -0.102727 0.090664 0.230017 -0.026969 0.028110 0.021656 0.999006
1341845849.942380 -0.093118 0.091501 0.239127 -0.025272 0.027195 0.021569 0.999078
1341845849.969808 -0.099027 0.094443 0.245369 -0.025417 0.031338 0.020187 0.998982
1341845850.006040 -0.102194 0.093125 0.256615 -0.026682 0.031506 0.018720 0.998972
1341845850.038041 -0.099842 0.091538 0.263929 -0.027219 0.030375 0.017324 0.999018
1341845850.073843 -0.100738 0.091475 0.271672 -0.025840 0.031114 0.016509 0.999045
1341845850.137727 -0.110034 0.094902 0.287880 -0.027867 0.030673 0.013258 0.999053
1341845850.173748 -0.107442 0.093228 0.295073 -0.029486 0.027513 0.012047 0.999114
1341845850.205888 -0.107222 0.094132 0.302675 -0.029436 0.026307 0.012031 0.999148
1341845850.242190 -0.108293 0.098830 0.315294 -0.029153 0.024925 0.012615 0.999185
1341845850.276369 -0.106946 0.096879 0.322864 -0.030302 0.022953 0.011614 0.999210
1341845850.311979 -0.108060 0.098746 0.330008 -0.030694 0.022080 0.009961 0.999235
1341845850.343827 -0.105833 0.099852 0.338612 -0.032991 0.020053 0.008838 0.999215
1341845850.380151 -0.102648 0.096277 0.347010 -0.034613 0.019415 0.008106 0.999179
1341845850.412359 -0.101663 0.094915 0.355256 -0.033700 0.020302 0.008654 0.999188
1341845850.447279 -0.101203 0.097504 0.360615 -0.032877 0.021661 0.011085 0.999163
1341845850.511722 -0.099551 0.094241 0.370815 -0.029237 0.024696 0.015854 0.999142
1341845850.573894 -0.100744 0.091709 0.384864 -0.027898 0.027191 0.016775 0.999100
1341845850.609794 -0.100313 0.095546 0.389485 -0.025399 0.027484 0.016507 0.999163
1341845850.641744 -0.102095 0.092021 0.396721 -0.026392 0.027038 0.015931 0.999159
1341845850.673755 -0.094853 0.093714 0.401645 -0.024043 0.025781 0.014325 0.999276
1341845850.709784 -0.097508 0.094916 0.406045 -0.023546 0.028117 0.013569 0.999235
1341845850.741802 -0.103080 0.095483 0.414318 -0.022528 0.028204 0.014460 0.999244
1341845850.777740 -0.094114 0.094122 0.419305 -0.022763 0.025555 0.015300 0.999297
1341845850.841900 -0.097626 0.097767 0.431168 -0.022297 0.026507 0.015006 0.999287
1341845850.877766 -0.094864 0.097764 0.437275 -0.023297 0.025427 0.014414 0.999301
1341845850.909781 -0.091760 0.101032 0.441495 -0.023176 0.025827 0.014316 0.999295
1341845850.941758 -0.096921 0.101278 0.450336 -0.024353 0.027578 0.014337 0.999220
1341845850.977762 -0.097901 0.100908 0.457000 -0.024841 0.026965 0.016932 0.999184
1341845851.009834 -0.094512 0.105305 0.462350 -0.024213 0.025609 0.019147 0.999195
1341845851.045751 -0.093258 0.104382 0.468710 -0.026151 0.026049 0.020547 0.999107
1341845851.077894 -0.095149 0.101790 0.474932 -0.025565 0.026950 0.022442 0.999058
1341845851.109747 -0.092915 0.109672 0.481750 -0.023751 0.026069 0.023585 0.999100
1341845851.145889 -0.092591 0.109457 0.486714 -0.027416 0.024664 0.021464 0.999089
1341845851.177904 -0.087115 0.111366 0.491955 -0.028478 0.024454 0.018120 0.999131
1341845851.209882 -0.095770 0.113062 0.498835 -0.030030 0.026646 0.016636 0.999055
1341845851.251733 -0.096148 0.109987 0.505778 -0.032741 0.023358 0.016014 0.999063
1341845851.313813 -0.093266 0.112411 0.514829 -0.029580 0.025392 0.015775 0.999115
1341845851.345834 -0.097993 0.109597 0.521070 -0.028936 0.024005 0.019034 0.999112
1341845851.377718 -0.092912 0.114422 0.524320 -0.025792 0.020677 0.021063 0.999232
1341845851.413805 -0.091612 0.121297 0.527683 -0.025655 0.020120 0.020550 0.999257
1341845851.445896 -0.095938 0.118742 0.533701 -0.029251 0.018474 0.018903 0.999223
1341845851.478163 -0.096054 0.120710 0.538079 -0.029186 0.015028 0.019399 0.999273
1341845851.514640 -0.090053 0.126459 0.540161 -0.030070 0.014243 0.019673 0.999253
1341845851.546201 -0.095151 0.126619 0.544641 -0.032737 0.016028 0.020379 0.999128
1341845851.581975 -0.092103 0.122674 0.548826 -0.033676 0.015519 0.024343 0.999016
1341845851.616214 -0.093853 0.126585 0.551402 -0.030358 0.017158 0.029130 0.998967
1341845851.681977 -0.089368 0.122504 0.559277 -0.032631 0.014282 0.031151 0.998880
1341845851.714139 -0.090440 0.124653 0.561474 -0.030839 0.015332 0.031233 0.998919
1341845851.745927 -0.093827 0.128771 0.564568 -0.030800 0.013707 0.032527 0.998902
1341845851.781911 -0.085354 0.126145 0.568517 -0.032244 0.010507 0.031082 0.998941
1341845851.813848 -0.081813 0.126567 0.571038 -0.031111 0.011534 0.028913 0.999031
1341845851.849910 -0.088263 0.125972 0.574135 -0.031272 0.012828 0.027230 0.999058
1341845851.881832 -0.082115 0.119381 0.576345 -0.029487 0.011107 0.025826 0.999170
1341845851.913735 -0.074294 0.128384 0.573233 -0.024496 0.012522 0.023178 0.999353
1341845851.949904 -0.078050 0.120586 0.574474 -0.027902 0.014374 0.019830 0.999311
1341845851.982005 -0.071151 0.121228 0.573028 -0.024775 0.014040 0.017519 0.999441
1341845852.017909 -0.070533 0.124367 0.569637 -0.023440 0.016722 0.016721 0.999446
1341845852.050012 -0.065149 0.124872 0.567234 -0.023947 0.017956 0.014686 0.999444
1341845852.082035 -0.065682 0.120207 0.564494 -0.024835 0.021892 0.013576 0.999360
1341845852.121076 -0.064765 0.124506 0.558795 -0.022990 0.024747 0.014380 0.999326
1341845852.163838 -0.062607 0.119459 0.555746 -0.025098 0.028162 0.015148 0.999173
1341845852.190660 -0.068430 0.120955 0.552039 -0.023398 0.031970 0.016537 0.999078
1341845852.223981 -0.070863 0.116245 0.549244 -0.024810 0.032608 0.017713 0.999003
1341845852.286726 -0.071834 0.121820 0.542471 -0.022354 0.031969 0.018764 0.999063
1341845852.349834 -0.071144 0.116807 0.533876 -0.024755 0.028497 0.021145 0.999064
1341845852.385657 -0.075112 0.116221 0.531758 -0.024438 0.027340 0.023921 0.999041
1341845852.417731 -0.069931 0.117265 0.523547 -0.025960 0.023165 0.024059 0.999105
1341845852.449741 -0.071123 0.112810 0.518745 -0.027433 0.023697 0.022368 0.999092
1341845852.485861 -0.074811 0.115616 0.512729 -0.027434 0.022733 0.020876 0.999147
1341845852.517876 -0.077212 0.113184 0.505857 -0.030408 0.020625 0.019309 0.999138
1341845852.553887 -0.079167 0.110961 0.499862 -0.028678 0.019423 0.022137 0.999155
1341845852.617891 -0.083500 0.110153 0.485538 -0.030313 0.015921 0.023577 0.999136
1341845852.653840 -0.079600 0.114535 0.476644 -0.029522 0.014057 0.022862 0.999204
1341845852.685926 -0.087530 0.112687 0.469222 -0.030787 0.015831 0.022259 0.999153
1341845852.717821 -0.091352 0.112417 0.462804 -0.030919 0.014493 0.025385 0.999094
1341845852.753958 -0.085639 0.114603 0.452167 -0.030085 0.013398 0.027972 0.999066
1341845852.785766 -0.088744 0.114464 0.443472 -0.032107 0.016372 0.027768 0.998964
1341845852.822784 -0.095057 0.111111 0.436804 -0.032290 0.016593 0.029245 0.998913
1341845852.885924 -0.089982 0.110315 0.418520 -0.033377 0.017533 0.028740 0.998876
1341845852.921581 -0.096804 0.114137 0.411508 -0.032088 0.018979 0.028078 0.998910
1341845852.953977 -0.092479 0.108423 0.403098 -0.031781 0.019473 0.027501 0.998927
1341845852.989721 -0.099186 0.116325 0.395060 -0.028298 0.022262 0.026225 0.999007
1341845853.021716 -0.109093 0.118851 0.388124 -0.031931 0.020722 0.023625 0.998996
1341845853.053750 -0.105345 0.112651 0.381710 -0.032244 0.017977 0.023317 0.999046
1341845853.089814 -0.105474 0.122460 0.372622 -0.031239 0.017256 0.023144 0.999095
1341845853.121864 -0.106535 0.116958 0.367574 -0.034516 0.015788 0.022154 0.999034
1341845853.159690 -0.111635 0.112521 0.354470 -0.032828 0.016739 0.023240 0.999051
1341845853.195824 -0.115049 0.115351 0.347407 -0.031034 0.016856 0.024079 0.999086
1341845853.227731 -0.114623 0.114854 0.338111 -0.032183 0.015577 0.023573 0.999083
1341845853.263703 -0.113434 0.107106 0.331750 -0.032184 0.016110 0.022860 0.999091
1341845853.296490 -0.120628 0.110162 0.321982 -0.028763 0.018247 0.022795 0.999160
1341845853.327753 -0.124949 0.108712 0.313083 -0.028597 0.016867 0.023476 0.999173
1341845853.363891 -0.117504 0.106893 0.303853 -0.027801 0.014728 0.023987 0.999217
1341845853.395726 -0.119061 0.110730 0.293007 -0.025311 0.017168 0.022797 0.999272
1341845853.463774 -0.123328 0.109130 0.283083 -0.025549 0.015193 0.022410 0.999307
1341845853.525799 -0.130953 0.111659 0.265500 -0.027101 0.015986 0.019929 0.999306
1341845853.557770 -0.128684 0.109946 0.258561 -0.026550 0.013188 0.020803 0.999344
1341845853.589705 -0.129909 0.112835 0.247311 -0.025447 0.013310 0.021202 0.999363
1341845853.625908 -0.135355 0.114982 0.239187 -0.025260 0.013387 0.021668 0.999356
1341845853.657783 -0.133399 0.111876 0.230899 -0.026118 0.011701 0.022672 0.999333
1341845853.689930 -0.132883 0.111731 0.221723 -0.024212 0.012495 0.023964 0.999341
1341845853.725779 -0.134568 0.114753 0.211359 -0.023203 0.013411 0.024502 0.999341
1341845853.757962 -0.139667 0.111020 0.203628 -0.023587 0.014548 0.026292 0.999270
1341845853.793750 -0.139237 0.113265 0.193921 -0.020979 0.014316 0.028156 0.999281
1341845853.825783 -0.140426 0.116093 0.184905 -0.020798 0.014359 0.027118 0.999313
1341845853.857700 -0.147614 0.112550 0.177101 -0.021747 0.014352 0.026393 0.999312
1341845853.893805 -0.146706 0.113271 0.169513 -0.020593 0.011634 0.025258 0.999401
1341845853.925836 -0.144354 0.118032 0.160176 -0.022012 0.010519 0.020535 0.999491
1341845853.957735 -0.146068 0.113579 0.155718 -0.024433 0.011817 0.017510 0.999478
1341845853.993852 -0.155343 0.109808 0.148338 -0.022750 0.013190 0.020710 0.999440
1341845854.025830 -0.149911 0.116619 0.141422 -0.020315 0.010637 0.021709 0.999501
1341845854.061903 -0.148841 0.120208 0.135022 -0.023366 0.011909 0.017513 0.999503
1341845854.093760 -0.158111 0.112247 0.131486 -0.025233 0.013838 0.015491 0.999466
1341845854.125736 -0.162900 0.116988 0.126067 -0.022702 0.011164 0.016559 0.999543
1341845854.161837 -0.153364 0.124040 0.118549 -0.022526 0.007228 0.016281 0.999588
1341845854.193844 -0.153600 0.125362 0.110828 -0.025598 0.009810 0.013912 0.999527
1341845854.229884 -0.165279 0.123613 0.107236 -0.027236 0.012042 0.015552 0.999435
1341845854.261692 -0.162481 0.127672 0.102050 -0.026825 0.009109 0.020293 0.999393
1341845854.293781 -0.154589 0.130738 0.098420 -0.026988 0.008167 0.023219 0.999333
1341845854.330249 -0.158156 0.133876 0.088817 -0.028420 0.010699 0.023176 0.999270
1341845854.361687 -0.165322 0.129528 0.085347 -0.032183 0.011585 0.023688 0.999134
1341845854.393726 -0.164197 0.127262 0.081917 -0.031744 0.010334 0.026010 0.999104
1341845854.429762 -0.152111 0.133411 0.074136 -0.030614 0.010379 0.025821 0.999144
1341845854.462072 -0.153080 0.130851 0.071642 -0.032569 0.012910 0.025616 0.999058
1341845854.497796 -0.160256 0.124216 0.070036 -0.030370 0.014821 0.028978 0.999009
1341845854.529719 -0.157164 0.129126 0.065247 -0.027336 0.014638 0.029670 0.999079
1341845854.561884 -0.156711 0.129193 0.060895 -0.029161 0.015509 0.026354 0.999107
1341845854.597860 -0.163137 0.123395 0.060217 -0.030594 0.015191 0.022629 0.999160
1341845854.629736 -0.161574 0.124610 0.057436 -0.030348 0.013027 0.019316 0.999268
1341845854.662835 -0.157609 0.123574 0.054910 -0.030797 0.012219 0.018042 0.999288
1341845854.697815 -0.159866 0.120531 0.053978 -0.030078 0.012508 0.018567 0.999297
1341845854.729806 -0.162379 0.118481 0.052480 -0.027771 0.012296 0.019285 0.999353
1341845854.765688 -0.157788 0.122902 0.047363 -0.025644 0.010712 0.018072 0.999450
1341845854.797997 -0.156369 0.122788 0.041870 -0.025897 0.011651 0.015840 0.999471
1341845854.829779 -0.162006 0.122795 0.040201 -0.025639 0.011644 0.014781 0.999494
1341845854.865670 -0.157847 0.119708 0.032130 -0.025504 0.008881 0.013641 0.999542
1341845854.897712 -0.153732 0.122887 0.022209 -0.026687 0.009673 0.010404 0.999543
1341845854.930302 -0.158817 0.117838 0.019006 -0.028629 0.012494 0.010884 0.999453
1341845854.965801 -0.162632 0.118804 0.013165 -0.027593 0.012427 0.013375 0.999453
1341845854.997629 -0.155459 0.121746 0.005070 -0.027929 0.011018 0.014162 0.999449
1341845855.033841 -0.154529 0.119255 0.001796 -0.029649 0.013098 0.014640 0.999367
1341845855.065777 -0.166484 0.119224 -0.004834 -0.028832 0.014322 0.017453 0.999329
1341845855.097795 -0.167015 0.123398 -0.013868 -0.029095 0.009840 0.019975 0.999329
1341845855.133841 -0.162244 0.122653 -0.017594 -0.030905 0.007587 0.019106 0.999311
1341845855.165831 -0.168552 0.121353 -0.021458 -0.032258 0.007716 0.017818 0.999291
1341845855.201780 -0.170116 0.122465 -0.024439 -0.032524 0.002682 0.018247 0.999301
1341845855.233747 -0.168368 0.125867 -0.027865 -0.032759 -0.000806 0.018149 0.999298
1341845855.265823 -0.165982 0.121177 -0.028352 -0.033212 -0.000765 0.017976 0.999286
1341845855.301716 -0.170693 0.118389 -0.031830 -0.031486 -0.000207 0.019530 0.999313
1341845855.333726 -0.173082 0.117855 -0.037760 -0.028963 -0.001735 0.023917 0.999293
1341845855.365773 -0.171654 0.121291 -0.044089 -0.027786 -0.003549 0.026928 0.999245
1341845855.401892 -0.163986 0.118019 -0.045859 -0.028485 -0.004259 0.028118 0.999190
1341845855.433652 -0.173251 0.117118 -0.050157 -0.026563 -0.003061 0.029421 0.999209
1341845855.469817 -0.174071 0.118684 -0.055388 -0.025083 -0.005479 0.031488 0.999174
1341845855.502750 -0.172972 0.117243 -0.058237 -0.024812 -0.007094 0.031447 0.999172
1341845855.533846 -0.162808 0.118493 -0.063151 -0.024157 -0.008321 0.028617 0.999264
1341845855.569986 -0.173679 0.115446 -0.067480 -0.024607 -0.006334 0.025767 0.999345
1341845855.601707 -0.175812 0.110910 -0.069382 -0.023496 -0.008136 0.025863 0.999356
1341845855.633953 -0.174250 0.115121 -0.074227 -0.020236 -0.009588 0.024500 0.999449
1341845855.669628 -0.176410 0.117510 -0.078806 -0.021147 -0.009355 0.021276 0.999506
1341845855.701786 -0.181559 0.111207 -0.077499 -0.023360 -0.010678 0.020000 0.999470
1341845855.737762 -0.181169 0.109782 -0.078075 -0.021239 -0.012690 0.020448 0.999485
1341845855.769674 -0.183353 0.114020 -0.082914 -0.020084 -0.014478 0.021585 0.999460
1341845855.802152 -0.177529 0.115228 -0.085451 -0.020862 -0.017221 0.020666 0.999420
1341845855.837801 -0.176265 0.111476 -0.085376 -0.021434 -0.017573 0.018563 0.999443
1341845855.869788 -0.177781 0.111187 -0.087312 -0.019996 -0.016936 0.019070 0.999475
1341845855.901958 -0.176690 0.111744 -0.091972 -0.020039 -0.017182 0.020231 0.999447
1341845855.937711 -0.175904 0.111205 -0.095698 -0.019461 -0.017187 0.019857 0.999466
1341845855.969840 -0.174299 0.110178 -0.099644 -0.019010 -0.015909 0.019685 0.999499
1341845856.038077 -0.173660 0.108924 -0.106556 -0.019152 -0.014504 0.023882 0.999426
1341845856.069815 -0.174402 0.114268 -0.112848 -0.017409 -0.013500 0.026302 0.999411
1341845856.105773 -0.173748 0.116656 -0.117339 -0.020593 -0.013431 0.028116 0.999302
1341845856.137725 -0.178102 0.117589 -0.117810 -0.022687 -0.013658 0.028426 0.999245
1341845856.169966 -0.167758 0.120972 -0.122705 -0.024642 -0.014843 0.028478 0.999180
1341845856.205833 -0.172412 0.119341 -0.124523 -0.028614 -0.012579 0.028766 0.999097
1341845856.237587 -0.176193 0.117546 -0.126011 -0.029523 -0.012916 0.030627 0.999011
1341845856.273683 -0.171373 0.120703 -0.129941 -0.029963 -0.013524 0.030966 0.998980
1341845856.305723 -0.174048 0.119938 -0.133268 -0.030841 -0.011556 0.031477 0.998962
1341845856.337653 -0.177408 0.118627 -0.136492 -0.031734 -0.010917 0.032761 0.998900
1341845856.373714 -0.179052 0.115417 -0.138126 -0.031081 -0.012064 0.033881 0.998870
1341845856.405678 -0.176132 0.121504 -0.143186 -0.029239 -0.013331 0.034406 0.998891
1341845856.441799 -0.175116 0.120932 -0.145882 -0.030860 -0.013474 0.032345 0.998909
1341845856.473680 -0.179828 0.118298 -0.147247 -0.031539 -0.013794 0.030596 0.998939
1341845856.505768 -0.180298 0.119744 -0.148823 -0.030771 -0.015070 0.030243 0.998955
1341845856.541718 -0.170871 0.124366 -0.151838 -0.032152 -0.015540 0.028818 0.998947
1341845856.573678 -0.180130 0.119482 -0.150598 -0.033484 -0.012917 0.028823 0.998940
1341845856.605758 -0.181617 0.118653 -0.151062 -0.032514 -0.014116 0.031281 0.998882
1341845856.641782 -0.175855 0.122255 -0.151153 -0.030934 -0.014602 0.032032 0.998901
1341845856.673977 -0.174268 0.126168 -0.158244 -0.029877 -0.012214 0.031672 0.998977
1341845856.709876 -0.184260 0.120249 -0.157313 -0.032901 -0.010906 0.032566 0.998868
1341845856.741736 -0.181446 0.120058 -0.154933 -0.030309 -0.013394 0.034175 0.998866
1341845856.773960 -0.173982 0.126613 -0.164320 -0.027869 -0.012858 0.033907 0.998954
1341845856.809797 -0.182780 0.124640 -0.165556 -0.032158 -0.010383 0.031804 0.998923
1341845856.841746 -0.183649 0.123063 -0.163987 -0.032708 -0.012186 0.031596 0.998891
1341845856.873762 -0.178493 0.126495 -0.167372 -0.033022 -0.012632 0.031613 0.998875
1341845856.915904 -0.179107 0.125162 -0.168922 -0.035801 -0.011502 0.030908 0.998815
1341845856.977900 -0.181182 0.123847 -0.169166 -0.038671 -0.010280 0.031850 0.998691
1341845857.009735 -0.180316 0.126473 -0.171024 -0.037547 -0.010321 0.034746 0.998637
1341845857.041737 -0.176800 0.126919 -0.172806 -0.036353 -0.010113 0.036962 0.998604
1341845857.077896 -0.175655 0.127682 -0.178072 -0.035659 -0.009342 0.037264 0.998625
1341845857.109633 -0.172664 0.128284 -0.182032 -0.036925 -0.010111 0.036261 0.998609
1341845857.141583 -0.170584 0.126581 -0.184095 -0.038479 -0.010167 0.033818 0.998635
1341845857.178255 -0.165259 0.125072 -0.188202 -0.038513 -0.008929 0.030169 0.998763
1341845857.209846 -0.174445 0.124488 -0.195537 -0.039503 -0.005702 0.027864 0.998815
1341845857.245767 -0.175928 0.120654 -0.196255 -0.040058 -0.006193 0.027543 0.998798
1341845857.277737 -0.168631 0.122685 -0.200915 -0.038284 -0.006713 0.026451 0.998894
1341845857.309994 -0.170771 0.121618 -0.204952 -0.037399 -0.005325 0.025810 0.998953
1341845857.345862 -0.171908 0.121795 -0.209472 -0.037974 -0.005150 0.025210 0.998947
1341845857.377787 -0.171114 0.118101 -0.209527 -0.038043 -0.005607 0.024473 0.998961
1341845857.413693 -0.172020 0.121268 -0.210783 -0.036672 -0.005571 0.025199 0.998994
1341845857.445790 -0.175086 0.122020 -0.215049 -0.038701 -0.006122 0.025637 0.998903
1341845857.477853 -0.171296 0.120334 -0.214289 -0.038608 -0.007789 0.025289 0.998904
1341845857.513902 -0.168950 0.120992 -0.218220 -0.038145 -0.007173 0.023968 0.998959
1341845857.545992 -0.171386 0.115384 -0.217483 -0.039718 -0.006210 0.024106 0.998901
1341845857.613882 -0.165589 0.115614 -0.220141 -0.035869 -0.004324 0.024914 0.999037
1341845857.646056 -0.164365 0.111675 -0.222057 -0.035055 -0.001811 0.026792 0.999025
1341845857.681834 -0.159905 0.112245 -0.226148 -0.033789 -0.000350 0.028580 0.999020
1341845857.713765 -0.156770 0.108595 -0.228981 -0.032105 0.003589 0.027898 0.999089
1341845857.745825 -0.156035 0.106675 -0.231186 -0.029738 0.006875 0.028454 0.999129
1341845857.781799 -0.155826 0.108167 -0.235178 -0.028323 0.007574 0.029141 0.999145
1341845857.813817 -0.148554 0.103575 -0.238776 -0.029755 0.008396 0.027582 0.999141
1341845857.846046 -0.151002 0.102865 -0.243286 -0.029528 0.011095 0.027753 0.999117
1341845857.881939 -0.150595 0.102536 -0.248712 -0.030850 0.011480 0.027752 0.999073
1341845857.913666 -0.153745 0.098637 -0.250278 -0.036526 0.011705 0.025098 0.998949
1341845857.949845 -0.153991 0.100123 -0.255300 -0.039013 0.010046 0.023611 0.998909
1341845857.982166 -0.155174 0.100515 -0.258796 -0.040883 0.008059 0.023638 0.998852
1341845858.013803 -0.149978 0.100719 -0.260345 -0.042418 0.004774 0.025227 0.998770
1341845858.050247 -0.148873 0.104213 -0.261609 -0.042442 0.003311 0.026095 0.998753
1341845858.081715 -0.151029 0.103788 -0.266451 -0.046417 0.003353 0.025366 0.998594
1341845858.113782 -0.150354 0.100529 -0.267885 -0.051035 0.001416 0.025352 0.998374
1341845858.149725 -0.148305 0.106495 -0.270877 -0.052816 0.000000 0.025804 0.998271
1341845858.181831 -0.147756 0.106326 -0.270948 -0.055352 -0.000645 0.027668 0.998083
1341845858.217730 -0.148406 0.106909 -0.273031 -0.055552 -0.002997 0.029183 0.998025
1341845858.281842 -0.140238 0.106271 -0.275207 -0.059101 -0.003601 0.024363 0.997948
1341845858.317768 -0.147252 0.105507 -0.278337 -0.058354 -0.004962 0.024416 0.997985
1341845858.349904 -0.143020 0.108783 -0.280544 -0.057751 -0.007871 0.024112 0.998009
1341845858.381855 -0.130883 0.111733 -0.281880 -0.057745 -0.008883 0.022858 0.998030
1341845858.417827 -0.132064 0.106666 -0.281296 -0.058018 -0.007344 0.022280 0.998040
1341845858.449872 -0.139796 0.106303 -0.282861 -0.055915 -0.007294 0.022790 0.998149
1341845858.485842 -0.130946 0.109023 -0.285525 -0.055655 -0.009698 0.021626 0.998169
1341845858.517682 -0.133236 0.107068 -0.284041 -0.055916 -0.009712 0.019607 0.998196
1341845858.549803 -0.136263 0.106643 -0.285441 -0.055002 -0.010066 0.018609 0.998262
1341845858.585823 -0.134541 0.107599 -0.288282 -0.054280 -0.011504 0.018712 0.998284
1341845858.618138 -0.128960 0.107598 -0.293336 -0.055625 -0.011528 0.016602 0.998247
1341845858.654134 -0.134058 0.104988 -0.293151 -0.057148 -0.009697 0.016054 0.998190
1341845858.685756 -0.138752 0.106862 -0.294720 -0.056665 -0.010335 0.018130 0.998175
1341845858.717690 -0.128621 0.108860 -0.297779 -0.056303 -0.011440 0.018002 0.998186
1341845858.753674 -0.130562 0.108313 -0.303599 -0.058235 -0.008442 0.016207 0.998136
1341845858.785618 -0.135692 0.104771 -0.302778 -0.061641 -0.006904 0.016728 0.997934
1341845858.817756 -0.134638 0.107259 -0.299859 -0.059869 -0.007952 0.017871 0.998015
1341845858.853864 -0.129619 0.108303 -0.306162 -0.058622 -0.007651 0.017785 0.998093
1341845858.885702 -0.130093 0.104380 -0.308891 -0.061262 -0.006174 0.015823 0.997977
1341845858.922000 -0.132245 0.101790 -0.307185 -0.062230 -0.006012 0.014507 0.997938
1341845858.954158 -0.127280 0.104120 -0.308612 -0.060362 -0.006434 0.013639 0.998063
1341845858.985944 -0.127432 0.104110 -0.314357 -0.060544 -0.004246 0.013055 0.998071
1341845859.021830 -0.128182 0.102774 -0.318290 -0.064156 -0.003371 0.011927 0.997863
1341845859.053720 -0.126828 0.101630 -0.317411 -0.066319 -0.003091 0.010967 0.997733
1341845859.085862 -0.127727 0.103665 -0.318921 -0.066324 -0.001955 0.011256 0.997733
1341845859.121873 -0.125963 0.103024 -0.323193 -0.068607 -0.001286 0.010874 0.997584
1341845859.153800 -0.125537 0.099452 -0.323191 -0.070947 -0.000377 0.009891 0.997431
1341845859.189853 -0.125420 0.099526 -0.322524 -0.070526 0.000057 0.009635 0.997463
1341845859.221654 -0.122503 0.100196 -0.325572 -0.070891 0.000385 0.007999 0.997452
1341845859.253689 -0.120721 0.099213 -0.329318 -0.072518 0.001774 0.004416 0.997356
1341845859.289745 -0.122952 0.097498 -0.330623 -0.074712 0.003404 0.001158 0.997199
1341845859.321911 -0.122279 0.095083 -0.329502 -0.075321 0.003555 -0.000255 0.997153
1341845859.353758 -0.118257 0.095915 -0.332087 -0.074658 0.004518 -0.001621 0.997198
1341845859.389950 -0.120017 0.093841 -0.333819 -0.074454 0.006943 -0.001940 0.997198
1341845859.421715 -0.116212 0.093138 -0.337024 -0.074190 0.008093 -0.003665 0.997205
1341845859.457807 -0.116072 0.089875 -0.339297 -0.074735 0.010594 -0.005751 0.997131
1341845859.489859 -0.116359 0.088049 -0.340819 -0.075423 0.011979 -0.006150 0.997061
1341845859.521735 -0.115534 0.082401 -0.339050 -0.075844 0.013295 -0.006746 0.997008
1341845859.557712 -0.113615 0.086479 -0.341705 -0.072993 0.014494 -0.006826 0.997204
1341845859.589783 -0.115848 0.081889 -0.345898 -0.074090 0.016949 -0.008299 0.997073
1341845859.625646 -0.115621 0.083275 -0.345753 -0.073397 0.019308 -0.008773 0.997077
1341845859.657759 -0.112689 0.082519 -0.347871 -0.072643 0.022722 -0.008952 0.997059
1341845859.689869 -0.120460 0.080955 -0.349004 -0.072835 0.026444 -0.006997 0.996969
1341845859.725812 -0.117816 0.086786 -0.347909 -0.068662 0.026052 -0.004101 0.997291
1341845859.757824 -0.110012 0.082871 -0.351391 -0.067215 0.027333 -0.004172 0.997355
1341845859.789818 -0.116071 0.081407 -0.352074 -0.065874 0.030393 -0.004034 0.997357
1341845859.825831 -0.124690 0.086260 -0.352124 -0.061608 0.031574 -0.002908 0.997597
1341845859.857647 -0.121706 0.084213 -0.353571 -0.058618 0.031089 -0.001654 0.997795
1341845859.893646 -0.115490 0.081638 -0.357577 -0.058771 0.031323 -0.002024 0.997778
1341845859.925740 -0.119581 0.081343 -0.357633 -0.059306 0.032172 -0.003910 0.997714
1341845859.957775 -0.133109 0.077782 -0.354981 -0.059150 0.033076 -0.005739 0.997684
1341845859.993847 -0.127263 0.083586 -0.353981 -0.054706 0.029984 -0.006510 0.998031
1341845860.025774 -0.131684 0.080645 -0.357502 -0.054204 0.029665 -0.007674 0.998060
1341845860.057745 -0.140178 0.079698 -0.355544 -0.052945 0.026693 -0.009466 0.998196
1341845860.093794 -0.132357 0.081569 -0.355828 -0.051694 0.021715 -0.010344 0.998373
1341845860.125763 -0.127625 0.081496 -0.353348 -0.049515 0.018934 -0.011031 0.998533
1341845860.161703 -0.134055 0.081208 -0.357075 -0.048325 0.016413 -0.011694 0.998628
1341845860.193724 -0.133834 0.074189 -0.351830 -0.048143 0.011291 -0.013467 0.998686
1341845860.225730 -0.125516 0.076368 -0.351907 -0.044418 0.006631 -0.016539 0.998854
1341845860.261716 -0.127740 0.075103 -0.355054 -0.042943 0.004307 -0.019388 0.998880
1341845860.294553 -0.133394 0.071957 -0.351901 -0.040788 0.000038 -0.021165 0.998944
1341845860.325872 -0.130491 0.075351 -0.354334 -0.036283 -0.004838 -0.021835 0.999091
1341845860.361673 -0.124707 0.069183 -0.354856 -0.036174 -0.008017 -0.022730 0.999055
1341845860.393714 -0.131149 0.072324 -0.355283 -0.032779 -0.010062 -0.023148 0.999144
1341845860.429768 -0.104619 0.066660 -0.359165 -0.033715 -0.017148 -0.022993 0.999020
1341845860.461780 -0.107837 0.062060 -0.358277 -0.034904 -0.020055 -0.023979 0.998902
1341845860.493718 -0.109447 0.061568 -0.358331 -0.034364 -0.021497 -0.023139 0.998910
1341845860.529831 -0.108382 0.063103 -0.359789 -0.034356 -0.023806 -0.021739 0.998890
1341845860.567950 -0.101156 0.071235 -0.362531 -0.034788 -0.026331 -0.021649 0.998813
1341845860.604131 -0.100225 0.071186 -0.362688 -0.036461 -0.027027 -0.023945 0.998683
1341845860.638227 -0.104838 0.066277 -0.361352 -0.038705 -0.027106 -0.024204 0.998590
1341845860.668441 -0.103946 0.062502 -0.359994 -0.039467 -0.029417 -0.022247 0.998540
1341845860.706028 -0.099301 0.067461 -0.361091 -0.037565 -0.031621 -0.020027 0.998593
1341845860.736338 -0.099865 0.073511 -0.364937 -0.037752 -0.033164 -0.018804 0.998560
1341845860.772400 -0.105868 0.065038 -0.362144 -0.040975 -0.036236 -0.017999 0.998341
1341845860.803824 -0.098027 0.071834 -0.364263 -0.040716 -0.039817 -0.018617 0.998203
1341845860.871717 -0.108612 0.064859 -0.360622 -0.044355 -0.042230 -0.018305 0.997955
1341845860.929775 -0.094247 0.068403 -0.364945 -0.044442 -0.046456 -0.020429 0.997722
1341845860.965899 -0.106551 0.063060 -0.361717 -0.045182 -0.045834 -0.022326 0.997677
1341845860.997827 -0.108077 0.062966 -0.360186 -0.043918 -0.047027 -0.021955 0.997686
1341845861.029961 -0.103161 0.067104 -0.363899 -0.041843 -0.048487 -0.021661 0.997712
1341845861.065806 -0.092877 0.068363 -0.364709 -0.042914 -0.049477 -0.022588 0.997597
1341845861.097631 -0.102516 0.064187 -0.359140 -0.042616 -0.047632 -0.024329 0.997659
1341845861.133786 -0.094634 0.071278 -0.362957 -0.040781 -0.047759 -0.024143 0.997734
1341845861.165622 -0.093380 0.072500 -0.362099 -0.042035 -0.046796 -0.024098 0.997729
1341845861.197704 -0.099094 0.069946 -0.357632 -0.041740 -0.045110 -0.024542 0.997808
1341845861.233683 -0.092712 0.073429 -0.358268 -0.040314 -0.044650 -0.024598 0.997886
1341845861.265692 -0.103768 0.068036 -0.356299 -0.041024 -0.042237 -0.023411 0.997990
1341845861.297700 -0.100229 0.073254 -0.357911 -0.039550 -0.043360 -0.021792 0.998038
1341845861.333616 -0.087852 0.071244 -0.356177 -0.041350 -0.043755 -0.021908 0.997946
1341845861.365694 -0.104724 0.066057 -0.351028 -0.041546 -0.040697 -0.022605 0.998051
1341845861.407792 -0.098603 0.072119 -0.353870 -0.039374 -0.042818 -0.020635 0.998093
1341845861.440894 -0.097781 0.065364 -0.351155 -0.040719 -0.042755 -0.020891 0.998037
1341845861.472256 -0.099094 0.064089 -0.350258 -0.039330 -0.042271 -0.021548 0.998099
1341845861.507634 -0.098010 0.066440 -0.350991 -0.039443 -0.042735 -0.022391 0.998056
1341845861.539675 -0.099186 0.059704 -0.348178 -0.039570 -0.043001 -0.023198 0.998022
1341845861.571790 -0.094548 0.069680 -0.349221 -0.037278 -0.042774 -0.023191 0.998120
1341845861.607759 -0.097933 0.063722 -0.347236 -0.038933 -0.042389 -0.023543 0.998065
1341845861.639739 -0.097301 0.056291 -0.344034 -0.038971 -0.042484 -0.023923 0.998050
1341845861.671875 -0.098221 0.060715 -0.344275 -0.036719 -0.041662 -0.022979 0.998192
1341845861.707829 -0.094256 0.056539 -0.341397 -0.035562 -0.042488 -0.023418 0.998189
1341845861.739782 -0.083543 0.064255 -0.343437 -0.033090 -0.043353 -0.027526 0.998132
1341845861.775717 -0.087582 0.064670 -0.341991 -0.034520 -0.041044 -0.032166 0.998043
1341845861.807676 -0.094464 0.052840 -0.336611 -0.036075 -0.040295 -0.032383 0.998011
1341845861.839701 -0.094952 0.057116 -0.336592 -0.033634 -0.041540 -0.030229 0.998113
1341845861.875772 -0.091306 0.057961 -0.335592 -0.033310 -0.043119 -0.029245 0.998086
1341845861.907742 -0.090696 0.057499 -0.334444 -0.033261 -0.043258 -0.028650 0.998099
1341845861.939697 -0.091165 0.056735 -0.333443 -0.032838 -0.043828 -0.027672 0.998116
1341845861.975661 -0.090961 0.054538 -0.333849 -0.032707 -0.045130 -0.028441 0.998040
1341845862.007930 -0.084906 0.060337 -0.334013 -0.032406 -0.044848 -0.030874 0.997991
1341845862.039647 -0.083846 0.053440 -0.332468 -0.032245 -0.044062 -0.029934 0.998059
1341845862.075738 -0.081840 0.051080 -0.331090 -0.030304 -0.043114 -0.028108 0.998215
1341845862.107644 -0.074698 0.059543 -0.333936 -0.027223 -0.042257 -0.029052 0.998313
1341845862.143904 -0.078337 0.062248 -0.336013 -0.029070 -0.037763 -0.032589 0.998332
1341845862.175702 -0.079489 0.058122 -0.333763 -0.032043 -0.036608 -0.032413 0.998290
1341845862.207672 -0.074749 0.063868 -0.334773 -0.032722 -0.036368 -0.034518 0.998206
1341845862.243827 -0.077696 0.064936 -0.334515 -0.037224 -0.033419 -0.036438 0.998083
1341845862.275754 -0.083126 0.059931 -0.330413 -0.040802 -0.032643 -0.034488 0.998038
1341845862.311739 -0.080478 0.056351 -0.328959 -0.040617 -0.033778 -0.030628 0.998134
1341845862.343750 -0.073133 0.060090 -0.329517 -0.039010 -0.033532 -0.027131 0.998307
1341845862.375792 -0.073933 0.057470 -0.329379 -0.038861 -0.030398 -0.024883 0.998472
1341845862.411748 -0.072344 0.055343 -0.328155 -0.037916 -0.027491 -0.023007 0.998638
1341845862.443696 -0.075401 0.055448 -0.327310 -0.035545 -0.024033 -0.019670 0.998885
1341845862.479688 -0.071814 0.055990 -0.327788 -0.032937 -0.022555 -0.017078 0.999057
1341845862.511723 -0.071391 0.062763 -0.331677 -0.031613 -0.019099 -0.017937 0.999157
1341845862.543776 -0.075502 0.059346 -0.328400 -0.033174 -0.016636 -0.018515 0.999140
1341845862.579869 -0.075045 0.057790 -0.328929 -0.032237 -0.016289 -0.017008 0.999203
1341845862.611759 -0.070724 0.062058 -0.332380 -0.030860 -0.015235 -0.016174 0.999277
1341845862.647939 -0.070603 0.064383 -0.335196 -0.031088 -0.012598 -0.017342 0.999287
1341845862.679727 -0.074458 0.058733 -0.332224 -0.032297 -0.010564 -0.017239 0.999274
1341845862.712299 -0.073154 0.062699 -0.335006 -0.030582 -0.009891 -0.016722 0.999343
1341845862.747743 -0.069740 0.063738 -0.336903 -0.030614 -0.008060 -0.018300 0.999331
1341845862.779732 -0.074933 0.058023 -0.334339 -0.030260 -0.005598 -0.019360 0.999339
1341845862.815767 -0.078543 0.059657 -0.335952 -0.028568 -0.005333 -0.019743 0.999383
1341845862.847856 -0.079672 0.059992 -0.335586 -0.028383 -0.006024 -0.020165 0.999376
1341845862.879714 -0.079996 0.059743 -0.336111 -0.027839 -0.006956 -0.020465 0.999379
1341845862.915725 -0.079382 0.060986 -0.337367 -0.027592 -0.008227 -0.020419 0.999377
1341845862.947913 -0.076565 0.058027 -0.336841 -0.026661 -0.008634 -0.020132 0.999404
1341845862.983749 -0.076086 0.064070 -0.340822 -0.024508 -0.006909 -0.020024 0.999475
1341845863.015854 -0.080457 0.065787 -0.342019 -0.025351 -0.005347 -0.020388 0.999456
1341845863.048281 -0.081005 0.060205 -0.339848 -0.026091 -0.006224 -0.020739 0.999425
1341845863.083795 -0.081331 0.066696 -0.343444 -0.024274 -0.005390 -0.022103 0.999446
1341845863.115808 -0.084360 0.061705 -0.341864 -0.026628 -0.005071 -0.022138 0.999387
1341845863.151916 -0.082323 0.058721 -0.340491 -0.026135 -0.006944 -0.021367 0.999406
1341845863.183716 -0.081114 0.064604 -0.342487 -0.024728 -0.007286 -0.021066 0.999446
1341845863.215844 -0.081677 0.065320 -0.343644 -0.025213 -0.006987 -0.021283 0.999431
1341845863.251883 -0.079878 0.066124 -0.344995 -0.026094 -0.006954 -0.021431 0.999406
1341845863.283627 -0.081089 0.062563 -0.342329 -0.026992 -0.006483 -0.021035 0.999393
1341845863.315718 -0.081138 0.067258 -0.344949 -0.026093 -0.006464 -0.020595 0.999426
