# timestamp tx ty tz qx qy qz qw
1305031910.765238 0.000000 0.000000 0.000000 0.000000 0.000000 0.000000 1.000000
1305031910.797230 -0.012632 0.001118 0.002095 0.005205 -0.001789 -0.008820 0.999946
1305031910.835208 -0.021686 -0.002128 0.007608 0.005922 -0.006995 -0.015098 0.999844
1305031910.865025 -0.028982 -0.004113 0.011399 0.007483 -0.013761 -0.022521 0.999624
1305031910.897222 -0.032774 -0.008373 0.017868 0.006933 -0.024025 -0.031218 0.999200
1305031910.935211 -0.028431 -0.018871 0.028734 0.007740 -0.033298 -0.037419 0.998715
1305031910.965249 -0.046938 -0.020950 0.027996 0.013421 -0.034214 -0.041283 0.998471
1305031910.997325 -0.059111 -0.012569 0.032276 0.017218 -0.042417 -0.049664 0.997716
1305031911.035050 -0.072115 -0.021419 0.035234 0.012668 -0.051867 -0.058698 0.996847
1305031911.065269 -0.086087 -0.015257 0.048083 0.015920 -0.067683 -0.069325 0.995168
1305031911.097196 -0.087433 -0.019621 0.053967 0.013420 -0.088770 -0.080092 0.992736
1305031911.135664 -0.085589 -0.029048 0.059935 0.014618 -0.105642 -0.092986 0.989939
1305031911.165177 -0.101409 -0.025660 0.056617 0.019698 -0.114898 -0.100069 0.988128
1305031911.197213 -0.099452 -0.023945 0.065385 0.023200 -0.130629 -0.107031 0.985364
1305031911.235651 -0.105221 -0.026017 0.071005 0.025653 -0.142295 -0.114232 0.982876
1305031911.265104 -0.108588 -0.022764 0.075830 0.029144 -0.154628 -0.123147 0.979834
1305031911.297334 -0.114581 -0.026966 0.079273 0.028762 -0.163952 -0.130350 0.977395
1305031911.333191 -0.120048 -0.030465 0.081625 0.030639 -0.174085 -0.136511 0.974741
1305031911.365235 -0.113520 -0.033321 0.087664 0.033832 -0.185373 -0.141999 0.971766
1305031911.397333 -0.125855 -0.040143 0.086699 0.035724 -0.188179 -0.147103 0.970398
1305031911.433256 -0.136379 -0.035797 0.089696 0.041532 -0.193609 -0.149497 0.968732
1305031911.465250 -0.149117 -0.038231 0.086316 0.041995 -0.199384 -0.149599 0.967524
1305031911.497291 -0.150929 -0.040590 0.088630 0.043863 -0.212808 -0.150092 0.964501
1305031911.533251 -0.152295 -0.040545 0.095041 0.046389 -0.225793 -0.150751 0.961322
1305031911.565335 -0.161795 -0.048416 0.095996 0.046403 -0.234224 -0.148988 0.959577
1305031911.597302 -0.169700 -0.047733 0.100368 0.052727 -0.246720 -0.151424 0.955730
1305031911.633337 -0.168889 -0.042812 0.107758 0.058116 -0.259671 -0.157839 0.950937
1305031911.665124 -0.170294 -0.036238 0.111714 0.062660 -0.269255 -0.165089 0.946742
1305031911.697167 -0.185395 -0.039201 0.116381 0.062112 -0.275294 -0.174542 0.943340
1305031911.733203 -0.188710 -0.036680 0.121261 0.063092 -0.283151 -0.183651 0.939211
1305031911.765284 -0.191542 -0.031251 0.127852 0.064072 -0.290101 -0.192950 0.935150
1305031911.797297 -0.191514 -0.027340 0.135875 0.063899 -0.296453 -0.199511 0.931787
1305031911.833338 -0.202236 -0.025514 0.133257 0.059935 -0.299384 -0.207890 0.929279
1305031911.865269 -0.207398 -0.022510 0.131148 0.055220 -0.306422 -0.214089 0.925863
1305031911.897159 -0.210613 -0.019891 0.135400 0.050272 -0.315577 -0.218613 0.922004
1305031911.933063 -0.215249 -0.018900 0.138426 0.043762 -0.326960 -0.224290 0.916993
1305031911.965140 -0.223772 -0.015779 0.133328 0.036858 -0.338580 -0.230908 0.911420
1305031911.997252 -0.229660 -0.012775 0.123314 0.027684 -0.352292 -0.237148 0.904923
1305031912.033135 -0.222880 -0.017006 0.140126 0.017548 -0.370271 -0.241014 0.896941
1305031912.065365 -0.224478 -0.017836 0.142377 0.010102 -0.380605 -0.242985 0.892186
1305031912.096953 -0.215707 -0.029082 0.153984 0.003220 -0.391992 -0.248870 0.885661
1305031912.133282 -0.223337 -0.026677 0.144400 0.002888 -0.392818 -0.257490 0.882828
1305031912.165138 -0.218342 -0.039478 0.151692 0.003777 -0.401517 -0.269906 0.875169
1305031912.197357 -0.225826 -0.036686 0.146899 0.007626 -0.401473 -0.283258 0.870934
1305031912.233265 -0.219446 -0.026443 0.156497 0.016289 -0.405907 -0.292499 0.865689
1305031912.265090 -0.217481 -0.041694 0.153968 0.017215 -0.407891 -0.301814 0.861532
1305031912.297250 -0.220618 -0.052480 0.156013 0.025161 -0.411628 -0.306046 0.858059
1305031912.333274 -0.214115 -0.044983 0.152445 0.038884 -0.415840 -0.306092 0.855496
1305031912.365250 -0.211903 -0.044825 0.152276 0.044673 -0.419446 -0.306307 0.853373
1305031912.397198 -0.210240 -0.044923 0.153277 0.049161 -0.426401 -0.308240 0.848972
1305031912.433290 -0.207214 -0.045520 0.155632 0.050438 -0.434038 -0.314529 0.842697
1305031912.465142 -0.203923 -0.044243 0.156600 0.052074 -0.441260 -0.320406 0.836611
1305031912.497123 -0.200855 -0.046702 0.155119 0.048912 -0.446298 -0.326454 0.831777
1305031912.533113 -0.199071 -0.048491 0.159436 0.044827 -0.450621 -0.330372 0.828122
1305031912.565146 -0.198538 -0.047740 0.156042 0.041270 -0.454750 -0.332586 0.825158
1305031912.597090 -0.194912 -0.054320 0.155234 0.034723 -0.459611 -0.333417 0.822426
1305031912.633132 -0.189937 -0.053085 0.166506 0.034527 -0.465751 -0.334500 0.818532
1305031912.665220 -0.189534 -0.053892 0.163316 0.031685 -0.469055 -0.339052 0.814879
1305031912.697182 -0.188983 -0.053370 0.168127 0.029769 -0.476367 -0.344696 0.808315
1305031912.733125 -0.187313 -0.055524 0.169400 0.027235 -0.483781 -0.351979 0.800828
1305031912.765193 -0.184905 -0.060822 0.170909 0.025587 -0.488471 -0.358364 0.795183
1305031912.797155 -0.181166 -0.058889 0.171682 0.026570 -0.488653 -0.361909 0.793432
1305031912.833077 -0.179322 -0.060138 0.173604 0.025908 -0.486660 -0.364140 0.793658
1305031912.865153 -0.178409 -0.058428 0.172738 0.028059 -0.482644 -0.366395 0.794998
1305031912.897198 -0.176206 -0.061441 0.174226 0.029935 -0.479192 -0.366258 0.797078
1305031912.933115 -0.175769 -0.065229 0.179488 0.030924 -0.475068 -0.364229 0.800432
1305031912.965034 -0.176241 -0.067010 0.176288 0.035556 -0.471602 -0.365877 0.801537
1305031912.997049 -0.170762 -0.065176 0.175447 0.043684 -0.468173 -0.365542 0.803296
1305031913.033133 -0.171457 -0.071097 0.178447 0.045006 -0.466491 -0.362329 0.805654
1305031913.065209 -0.166711 -0.064044 0.174201 0.049857 -0.463577 -0.357346 0.809268
1305031913.097038 -0.164307 -0.067187 0.173194 0.049594 -0.459689 -0.347913 0.815588
1305031913.133146 -0.160371 -0.066699 0.177765 0.052101 -0.453271 -0.338526 0.822940
1305031913.165211 -0.158642 -0.064775 0.176992 0.053789 -0.442272 -0.325122 0.834145
1305031913.197113 -0.158618 -0.061731 0.186259 0.055457 -0.433818 -0.311564 0.843596
1305031913.233126 -0.156232 -0.059610 0.182423 0.055730 -0.422055 -0.295993 0.855074
1305031913.265022 -0.153666 -0.058086 0.187348 0.056349 -0.411514 -0.278847 0.865867
1305031913.297160 -0.154291 -0.056616 0.189365 0.056664 -0.397903 -0.262719 0.877178
1305031913.333122 -0.147174 -0.051339 0.172227 0.059017 -0.379205 -0.247098 0.889755
1305031913.365070 -0.149658 -0.057991 0.178084 0.057056 -0.367304 -0.235903 0.897877
1305031913.397099 -0.139560 -0.067619 0.182668 0.055334 -0.356579 -0.224527 0.905195
1305031913.433081 -0.135054 -0.058254 0.189433 0.063052 -0.341140 -0.213374 0.913302
1305031913.465231 -0.132122 -0.045196 0.191513 0.070927 -0.317970 -0.197931 0.924493
1305031913.497227 -0.109917 -0.061598 0.200167 0.066742 -0.298011 -0.179905 0.935077
1305031913.533297 -0.110547 -0.041165 0.203986 0.073911 -0.271996 -0.162164 0.945652
1305031913.565261 -0.106007 -0.042212 0.205457 0.073336 -0.249063 -0.147858 0.954320
1305031913.597139 -0.096626 -0.042526 0.200727 0.076070 -0.226736 -0.132152 0.961946
1305031913.633293 -0.090707 -0.031729 0.197403 0.080995 -0.204079 -0.120461 0.968133
1305031913.665421 -0.104448 -0.016739 0.187197 0.080726 -0.172853 -0.103052 0.976210
1305031913.697243 -0.099206 -0.015347 0.183421 0.074891 -0.150140 -0.084264 0.982216
1305031913.733097 -0.096198 -0.008432 0.172003 0.070370 -0.125017 -0.069683 0.987200
1305031913.765028 -0.091167 -0.006787 0.166131 0.062477 -0.102394 -0.054854 0.991263
1305031913.797106 -0.082840 -0.003749 0.158581 0.054146 -0.084349 -0.039174 0.994193
1305031913.833143 -0.076817 -0.007557 0.153067 0.044598 -0.066659 -0.024712 0.996472
1305031913.865063 -0.058181 -0.000433 0.153098 0.042802 -0.053816 -0.007440 0.997605
1305031913.897116 -0.062715 0.002673 0.138281 0.037624 -0.031632 0.009674 0.998744
1305031913.933123 -0.052268 0.006564 0.128962 0.035191 -0.018480 0.024978 0.998897
1305031913.965134 -0.040996 0.014039 0.122521 0.037030 -0.007332 0.036092 0.998635
1305031913.997116 -0.031216 0.019236 0.114610 0.034878 0.005797 0.049613 0.998142
1305031914.033441 -0.017526 0.023550 0.110958 0.035347 0.016465 0.066650 0.997014
1305031914.065072 -0.009445 0.036623 0.102759 0.038852 0.029713 0.078731 0.995695
1305031914.097126 0.006439 0.036111 0.086651 0.034391 0.040983 0.087201 0.994753
1305031914.133245 0.015685 0.040144 0.079418 0.033915 0.053389 0.098042 0.993170
1305031914.165013 0.028029 0.046587 0.071265 0.035605 0.064472 0.107836 0.991437
1305031914.197110 0.047302 0.053782 0.063179 0.037180 0.072933 0.114098 0.990091
1305031914.233108 0.071902 0.050874 0.052175 0.037044 0.081688 0.121274 0.988558
1305031914.265074 0.077812 0.063188 0.045605 0.049082 0.100514 0.124077 0.985948
1305031914.297165 0.089423 0.076148 0.040442 0.057308 0.113183 0.124215 0.984112
1305031914.333148 0.095165 0.096806 0.034382 0.061011 0.123376 0.121612 0.982989
1305031914.365058 0.099488 0.103347 0.032003 0.054199 0.130566 0.118679 0.982818
1305031914.397215 0.112945 0.111380 0.027202 0.048148 0.130729 0.117824 0.983214
1305031914.433060 0.151056 0.118982 0.002040 0.042882 0.119761 0.116531 0.985007
1305031914.465054 0.169069 0.128209 -0.005323 0.039627 0.119771 0.116039 0.985200
1305031914.497127 0.194383 0.140175 -0.016696 0.036978 0.118570 0.112006 0.985915
1305031914.533107 0.209508 0.148061 -0.027436 0.032610 0.121879 0.108441 0.986064
1305031914.565001 0.222873 0.155457 -0.031251 0.030345 0.124999 0.105091 0.986109
1305031914.597122 0.241783 0.171471 -0.036919 0.029487 0.126475 0.100053 0.986470
1305031914.633055 0.257567 0.180763 -0.048239 0.023361 0.129632 0.095882 0.986639
1305031914.665019 0.278818 0.183372 -0.064060 0.015171 0.132132 0.092899 0.986753
1305031914.697129 0.295585 0.187060 -0.070403 0.010764 0.137171 0.092500 0.986160
1305031914.733078 0.310825 0.194171 -0.079061 0.010303 0.141379 0.088842 0.985907
1305031914.764901 0.324816 0.208769 -0.082705 0.009616 0.145560 0.087177 0.985454
1305031914.797119 0.335397 0.209868 -0.089794 0.002824 0.147120 0.087528 0.985234
1305031914.833133 0.349866 0.209565 -0.095590 -0.000910 0.145410 0.086788 0.985557
1305031914.865128 0.362338 0.212993 -0.102531 -0.001945 0.142714 0.082919 0.986283
1305031914.897188 0.378283 0.216233 -0.108178 -0.002728 0.137869 0.081065 0.987124
1305031914.933099 0.390434 0.213511 -0.114587 -0.001779 0.133333 0.080082 0.987829
1305031914.964978 0.412151 0.219902 -0.130633 0.003243 0.122792 0.072770 0.989756
1305031914.997078 0.431167 0.228084 -0.137444 0.005432 0.118498 0.070822 0.990411
1305031915.033152 0.444320 0.229232 -0.142868 0.005186 0.116062 0.070861 0.990697
1305031915.065009 0.465674 0.235554 -0.151011 0.007224 0.110560 0.069433 0.991415
1305031915.097024 0.481575 0.236187 -0.157515 0.007089 0.108373 0.065860 0.991901
1305031915.133208 0.502078 0.234585 -0.166451 0.008391 0.104446 0.058156 0.992793
1305031915.165021 0.522695 0.236386 -0.175859 0.012471 0.101574 0.047676 0.993607
1305031915.197108 0.531430 0.233717 -0.181841 0.017038 0.101378 0.034882 0.994090
1305031915.233111 0.546710 0.242442 -0.194550 0.023665 0.095472 0.022951 0.994886
1305031915.264979 0.561876 0.244081 -0.198127 0.024158 0.091339 0.014018 0.995428
1305031915.297152 0.575783 0.245863 -0.203439 0.025309 0.083821 0.007351 0.996132
1305031915.333207 0.594606 0.246853 -0.207067 0.025470 0.071743 0.001235 0.997097
1305031915.365050 0.613881 0.245184 -0.211965 0.024846 0.059713 -0.006427 0.997886
1305031915.397167 0.634214 0.247445 -0.214964 0.025066 0.047941 -0.014575 0.998429
1305031915.432960 0.652530 0.239758 -0.219516 0.022521 0.036700 -0.024150 0.998781
1305031915.464920 0.668992 0.241052 -0.224039 0.024452 0.025840 -0.041926 0.998487
1305031915.497121 0.685223 0.246473 -0.226713 0.024506 0.013342 -0.058061 0.997923
1305031915.533058 0.702165 0.232597 -0.239800 0.017097 -0.002322 -0.071059 0.997323
1305031915.564985 0.725964 0.228332 -0.242371 0.017122 -0.013398 -0.083113 0.996303
1305031915.601161 0.748633 0.226883 -0.241196 0.018061 -0.018127 -0.096899 0.994965
1305031915.633062 0.767510 0.221741 -0.243270 0.017466 -0.017638 -0.106103 0.994045
1305031915.665003 0.782363 0.216475 -0.244228 0.018838 -0.016117 -0.111452 0.993461
1305031915.701106 0.795689 0.216381 -0.247068 0.022678 -0.017284 -0.116901 0.992734
1305031915.733046 0.798921 0.222625 -0.246887 0.025059 -0.020543 -0.119687 0.992283
1305031915.765010 0.808067 0.232280 -0.250302 0.024593 -0.032244 -0.124555 0.991384
1305031915.801243 0.820466 0.221970 -0.248096 0.017812 -0.047627 -0.131088 0.990066
1305031915.833049 0.839008 0.218974 -0.250982 0.018645 -0.064656 -0.140213 0.987832
1305031915.865069 0.858875 0.216387 -0.255468 0.015895 -0.084160 -0.152979 0.984511
1305031915.901234 0.873079 0.213830 -0.254005 0.012302 -0.096143 -0.163248 0.981812
1305031915.933056 0.893962 0.210549 -0.250327 0.007614 -0.108279 -0.172249 0.979055
1305031915.965061 0.912937 0.196261 -0.245895 0.002432 -0.118104 -0.178682 0.976790
1305031916.001234 0.933217 0.199787 -0.243211 0.004985 -0.124875 -0.186581 0.974458
1305031916.033043 0.947366 0.189471 -0.239910 -0.000478 -0.129135 -0.196235 0.972016
1305031916.065060 0.959450 0.160954 -0.241916 -0.000699 -0.135284 -0.203150 0.969757
1305031916.101115 0.969027 0.151663 -0.247842 0.016458 -0.142702 -0.210102 0.967069
1305031916.133093 0.986430 0.149365 -0.244131 0.039464 -0.159070 -0.211571 0.963523
1305031916.165155 0.997238 0.174928 -0.248999 0.070462 -0.172249 -0.217367 0.958184
1305031916.201031 1.013738 0.181853 -0.253986 0.082988 -0.193834 -0.224723 0.951336
1305031916.233050 1.034833 0.159101 -0.257849 0.084900 -0.212832 -0.225613 0.946886
1305031916.265060 1.052057 0.153115 -0.257671 0.098948 -0.224482 -0.232962 0.941034
1305031916.301076 1.073820 0.148768 -0.252573 0.113222 -0.235274 -0.239581 0.935108
1305031916.333426 1.089914 0.133403 -0.257488 0.126793 -0.241713 -0.245516 0.930172
1305031916.365121 1.112593 0.124222 -0.252234 0.146545 -0.246799 -0.252619 0.924012
1305031916.401006 1.127045 0.120104 -0.256346 0.164567 -0.244972 -0.256100 0.920499
1305031916.433168 1.136123 0.115639 -0.261721 0.180059 -0.244041 -0.252979 0.918708
1305031916.465124 1.143664 0.106462 -0.267495 0.192774 -0.250460 -0.251111 0.914905
1305031916.501025 1.147646 0.106176 -0.271053 0.204229 -0.256712 -0.246610 0.911906
1305031916.533266 1.155853 0.094603 -0.278416 0.214091 -0.269132 -0.244278 0.906676
1305031916.565142 1.172948 0.094586 -0.277781 0.226559 -0.284350 -0.240758 0.899918
1305031916.601238 1.181862 0.095346 -0.278263 0.233484 -0.296762 -0.241038 0.894046
1305031916.633156 1.192386 0.082206 -0.271479 0.239006 -0.311313 -0.240560 0.887745
1305031916.665139 1.223712 0.055972 -0.263945 0.243905 -0.325655 -0.241534 0.880977
1305031916.701048 1.231855 0.046761 -0.256468 0.252617 -0.333390 -0.242188 0.875432
1305031916.733056 1.238892 0.039475 -0.256834 0.259874 -0.341120 -0.242651 0.870186
1305031916.765076 1.244929 0.022213 -0.241957 0.265241 -0.351737 -0.238993 0.865338
1305031916.801088 1.252703 0.014912 -0.234126 0.272927 -0.361142 -0.233868 0.860461
1305031916.833266 1.257913 0.015966 -0.219417 0.280806 -0.373693 -0.231840 0.853083
1305031916.865085 1.267181 0.011601 -0.204230 0.287132 -0.383562 -0.227916 0.847637
1305031916.901017 1.271907 -0.006215 -0.197883 0.292186 -0.394330 -0.223888 0.842024
1305031916.933088 1.279082 -0.016911 -0.188036 0.299334 -0.404375 -0.220324 0.835666
1305031916.965054 1.284596 -0.020869 -0.181284 0.306836 -0.411600 -0.217467 0.830148
1305031917.001132 1.285580 -0.050210 -0.175258 0.310341 -0.420686 -0.213668 0.825262
1305031917.033155 1.238541 -0.059128 -0.220509 0.316733 -0.419875 -0.206658 0.825032
1305031917.065136 1.248532 -0.073377 -0.209582 0.330733 -0.428748 -0.201614 0.816176
1305031917.101130 1.267908 -0.086666 -0.190518 0.346446 -0.435630 -0.202714 0.805672
1305031917.133106 1.270239 -0.097652 -0.181613 0.362610 -0.439403 -0.200771 0.796951
1305031917.165045 1.248825 -0.067543 -0.196884 0.383607 -0.436210 -0.194375 0.790433
1305031917.201175 1.280868 -0.133385 -0.206248 0.390008 -0.446722 -0.196495 0.780847
1305031917.233102 1.284588 -0.155852 -0.213489 0.398273 -0.449103 -0.190567 0.776768
1305031917.265163 1.304382 -0.183598 -0.198138 0.406468 -0.456784 -0.184833 0.769395
1305031917.301107 1.306554 -0.201171 -0.205122 0.412374 -0.461300 -0.180673 0.764531
1305031917.333229 1.299092 -0.154722 -0.149891 0.425111 -0.465019 -0.173881 0.756838
1305031917.365138 1.308686 -0.168842 -0.135976 0.423821 -0.470919 -0.174737 0.753709
1305031917.401065 1.313433 -0.180651 -0.145231 0.417950 -0.473167 -0.177826 0.754857
1305031917.433141 1.327127 -0.175829 -0.171998 0.409348 -0.471197 -0.181242 0.759973
1305031917.465076 1.338457 -0.113843 -0.038993 0.415211 -0.479434 -0.180250 0.751833
1305031917.501158 1.335548 -0.111637 -0.038529 0.401519 -0.476080 -0.186070 0.759940
1305031917.533057 1.343395 -0.118175 -0.023985 0.387857 -0.476043 -0.193506 0.765183
1305031917.565195 1.350900 -0.119686 -0.005430 0.377162 -0.475139 -0.204486 0.768230
1305031917.601069 1.355121 -0.112564 0.007930 0.365689 -0.474381 -0.212823 0.771972
1305031917.633090 1.360512 -0.138076 0.009688 0.350556 -0.475304 -0.222880 0.775578
1305031917.665060 1.375536 -0.127578 0.015004 0.339532 -0.476074 -0.229108 0.778191
1305031917.701096 1.382361 -0.116722 0.028271 0.328172 -0.477720 -0.232804 0.780954
1305031917.733003 1.392112 -0.136540 0.020973 0.310799 -0.480884 -0.237951 0.784559
1305031917.765114 1.397758 -0.122625 0.045842 0.299047 -0.483611 -0.243417 0.785773
1305031917.801048 1.411844 -0.116951 0.057700 0.281084 -0.484942 -0.249695 0.789604
1305031917.833090 1.424341 -0.120578 0.057735 0.261196 -0.485506 -0.256795 0.793799
1305031917.865107 1.446834 -0.126583 0.038185 0.241887 -0.482991 -0.268138 0.797692
1305031917.901060 1.462412 -0.125594 0.038836 0.226401 -0.479126 -0.278906 0.800870
1305031917.932948 1.472150 -0.130869 0.052352 0.205847 -0.478558 -0.289975 0.802822
1305031917.965346 1.480766 -0.147143 0.055121 0.185390 -0.474941 -0.299639 0.806398
1305031918.001098 1.488508 -0.147698 0.070798 0.172524 -0.472359 -0.308943 0.807259
1305031918.033144 1.498082 -0.140665 0.079537 0.159341 -0.468596 -0.319572 0.808024
1305031918.065137 1.501328 -0.150151 0.083738 0.144491 -0.465005 -0.333873 0.807107
1305031918.101060 1.510358 -0.152665 0.083317 0.137054 -0.463872 -0.346403 0.803769
1305031918.133054 1.520112 -0.167930 0.107623 0.123654 -0.468358 -0.356310 0.798996
1305031918.165017 1.527212 -0.181767 0.122087 0.112505 -0.467147 -0.365974 0.796981
1305031918.201086 1.545136 -0.182803 0.133890 0.108017 -0.464610 -0.372442 0.796089
1305031918.233042 1.556563 -0.185626 0.146278 0.100109 -0.460350 -0.380404 0.795832
1305031918.265256 1.562795 -0.187973 0.165712 0.092936 -0.455766 -0.394120 0.792660
1305031918.301124 1.574110 -0.190431 0.178270 0.085649 -0.448859 -0.404721 0.792080
1305031918.333165 1.580347 -0.204170 0.194090 0.074128 -0.441115 -0.418338 0.790516
1305031918.365072 1.589632 -0.220312 0.205064 0.065153 -0.434287 -0.427027 0.790441
1305031918.401030 1.603008 -0.221557 0.220861 0.061001 -0.424970 -0.436158 0.790851
1305031918.433043 1.613228 -0.232879 0.238207 0.050004 -0.415837 -0.445212 0.791433
1305031918.465089 1.617695 -0.249062 0.259584 0.040203 -0.407846 -0.451893 0.792362
1305031918.501125 1.624166 -0.264047 0.274462 0.035798 -0.398530 -0.457520 0.794083
1305031918.533134 1.626731 -0.270040 0.293408 0.035286 -0.391530 -0.464393 0.793598
1305031918.565018 1.635300 -0.281852 0.312206 0.030026 -0.385962 -0.467588 0.794665
1305031918.601029 1.637806 -0.298019 0.327472 0.024822 -0.379956 -0.470890 0.795789
1305031918.633027 1.645306 -0.308024 0.343654 0.023753 -0.376992 -0.474120 0.795313
1305031918.665112 1.650638 -0.320411 0.359350 0.020654 -0.374986 -0.480083 0.792767
1305031918.701017 1.654980 -0.334868 0.369913 0.015605 -0.374150 -0.484153 0.790800
1305031918.732948 1.659485 -0.354172 0.383754 0.011044 -0.375166 -0.488698 0.787593
1305031918.765151 1.659819 -0.375592 0.393949 0.012542 -0.376725 -0.499186 0.780214
1305031918.801097 1.664383 -0.389824 0.405169 0.021325 -0.374069 -0.511125 0.773543
1305031918.833123 1.669205 -0.402407 0.412736 0.028700 -0.371515 -0.520622 0.768183
1305031918.865115 1.671028 -0.416005 0.420823 0.034876 -0.371894 -0.530809 0.760737
1305031918.901084 1.674422 -0.428394 0.426772 0.042073 -0.374577 -0.541494 0.751469
1305031918.933071 1.677770 -0.438999 0.438693 0.047930 -0.381924 -0.551235 0.740255
1305031918.965058 1.682589 -0.450086 0.452449 0.054048 -0.390498 -0.561943 0.727193
1305031919.001053 1.682645 -0.462223 0.460714 0.058233 -0.396954 -0.572337 0.715169
1305031919.033082 1.689075 -0.470326 0.473238 0.062138 -0.407104 -0.578548 0.704050
1305031919.065147 1.690812 -0.481991 0.484027 0.060349 -0.414607 -0.587188 0.692582
1305031919.101028 1.684075 -0.498632 0.493113 0.059571 -0.425918 -0.597517 0.676771
1305031919.133133 1.686970 -0.511904 0.507678 0.060114 -0.433847 -0.604951 0.664979
1305031919.165110 1.687818 -0.521835 0.520228 0.059743 -0.439892 -0.610994 0.655448
1305031919.201124 1.690838 -0.530487 0.532971 0.059037 -0.446918 -0.617214 0.644846
1305031919.233093 1.689345 -0.539498 0.541865 0.057811 -0.454490 -0.626095 0.630953
1305031919.265125 1.693056 -0.551454 0.556969 0.059650 -0.466317 -0.635168 0.612824
1305031919.301119 1.692215 -0.563230 0.564471 0.059785 -0.474808 -0.643529 0.597372
1305031919.333120 1.703517 -0.580577 0.575578 0.059364 -0.488843 -0.645862 0.583413
1305031919.364948 1.710592 -0.593884 0.587992 0.056998 -0.497993 -0.650792 0.570284
1305031919.401124 1.707465 -0.611679 0.593975 0.053175 -0.508559 -0.656026 0.555131
1305031919.433256 1.715412 -0.625295 0.605110 0.050484 -0.516978 -0.659327 0.543574
1305031919.465070 1.721278 -0.644173 0.616683 0.047416 -0.523893 -0.664161 0.531205
1305031919.501049 1.726010 -0.663853 0.625946 0.045002 -0.527632 -0.668522 0.522166
1305031919.533110 1.724623 -0.685602 0.632856 0.043905 -0.529855 -0.671349 0.516349
1305031919.565165 1.731062 -0.700550 0.637787 0.048433 -0.532967 -0.670871 0.513355
1305031919.601094 1.735059 -0.716428 0.640566 0.049249 -0.535773 -0.671459 0.509572
1305031919.633127 1.734222 -0.735389 0.638983 0.049202 -0.541333 -0.670427 0.505040
1305031919.665042 1.730039 -0.756771 0.642980 -0.052022 0.553446 0.666722 -0.496460
1305031919.701092 1.725009 -0.777131 0.653542 -0.053991 0.560248 0.663756 -0.492580
1305031919.733117 1.723401 -0.795799 0.651643 -0.059789 0.563811 0.659994 -0.492900
1305031919.765060 1.729707 -0.802701 0.656076 -0.065107 0.569823 0.653539 -0.493912
1305031919.801129 1.725695 -0.815055 0.651629 -0.061095 0.576842 0.649237 -0.491946
1305031919.833072 1.727379 -0.820481 0.660786 -0.056843 0.589711 0.642527 -0.485972
1305031919.865180 1.719378 -0.831123 0.671362 -0.045313 0.600833 0.640143 -0.476617
1305031919.901067 1.700618 -0.843241 0.680108 -0.035681 0.610861 0.636560 -0.469432
1305031919.933102 1.692557 -0.856622 0.684515 -0.030225 0.619277 0.631039 -0.466232
1305031919.965129 1.680114 -0.866093 0.693701 -0.023846 0.627618 0.625273 -0.463207
1305031920.001054 1.667463 -0.874229 0.694191 -0.019060 0.634552 0.619362 -0.461921
1305031920.033118 1.666100 -0.876623 0.696553 -0.014772 0.642798 0.614212 -0.457533
1305031920.065136 1.641578 -0.884339 0.702022 -0.004463 0.654916 0.609898 -0.446194
1305031920.101055 1.628667 -0.890666 0.711046 0.000191 0.665134 0.605010 -0.437675
1305031920.132987 1.615383 -0.896693 0.721237 0.004503 0.671953 0.602719 -0.430335
1305031920.165140 1.599899 -0.902040 0.733241 0.006097 0.677092 0.601374 -0.424097
1305031920.201166 1.582772 -0.910321 0.747261 0.006359 0.678190 0.601765 -0.421778
1305031920.233083 1.565965 -0.913720 0.749964 0.003630 0.675096 0.601045 -0.427758
1305031920.265120 1.551862 -0.916467 0.758479 -0.002638 0.673647 0.597453 -0.435020
1305031920.301096 1.529201 -0.923230 0.767962 -0.005609 0.670694 0.593670 -0.444629
1305031920.333124 1.518584 -0.920847 0.772295 -0.013733 0.667096 0.585541 -0.460366
1305031920.365130 1.496897 -0.924449 0.777141 -0.017596 0.664735 0.578363 -0.472561
1305031920.401115 1.480923 -0.930482 0.777021 -0.021540 0.658125 0.572631 -0.488366
1305031920.433123 1.473775 -0.928957 0.777293 0.031252 -0.652806 -0.565006 0.503623
1305031920.465148 1.461410 -0.932223 0.777283 0.037698 -0.648195 -0.558754 0.515961
1305031920.501107 1.450607 -0.933603 0.777046 0.046604 -0.645117 -0.552729 0.525492
1305031920.533105 1.445638 -0.935960 0.772769 0.055159 -0.642177 -0.546839 0.534353
1305031920.565153 1.433437 -0.935630 0.774342 0.060961 -0.642245 -0.542626 0.537924
1305031920.601126 1.427106 -0.939732 0.770093 0.066981 -0.641676 -0.536610 0.543889
1305031920.633105 1.414427 -0.943371 0.776965 0.070994 -0.642555 -0.528035 0.550691
1305031920.665129 1.403773 -0.938132 0.788136 0.080020 -0.639198 -0.519091 0.561754
1305031920.701147 1.389590 -0.941683 0.793250 0.086980 -0.631082 -0.508726 0.579109
1305031920.733091 1.387455 -0.966787 0.785953 0.094819 -0.621724 -0.500563 0.594899
1305031920.765152 1.379279 -0.966308 0.789256 0.105236 -0.612992 -0.490019 0.610776
1305031920.801031 1.375159 -0.972394 0.785530 0.114684 -0.603354 -0.479923 0.626487
1305031920.833132 1.369976 -0.973766 0.787690 0.123673 -0.597569 -0.471364 0.636735
1305031920.865163 1.349049 -0.981229 0.785362 0.128325 -0.593222 -0.463691 0.645455
1305031920.901037 1.341432 -0.987743 0.786620 0.133775 -0.587229 -0.453955 0.656652
1305031920.933077 1.335470 -0.995245 0.794614 0.136846 -0.580967 -0.442903 0.669020
1305031920.965217 1.327592 -1.001218 0.795066 0.141127 -0.571641 -0.436381 0.680354
1305031921.001108 1.316639 -1.006616 0.798896 0.145573 -0.562418 -0.429284 0.691527
1305031921.033111 1.309696 -1.011267 0.804584 0.151969 -0.554090 -0.423624 0.700309
1305031921.065147 1.305066 -1.016488 0.804135 0.156198 -0.543793 -0.421633 0.708602
1305031921.101105 1.291607 -1.009968 0.813518 0.160457 -0.534182 -0.417571 0.717313
1305031921.133159 1.284308 -1.014325 0.821283 0.161593 -0.524767 -0.416835 0.724400
1305031921.165116 1.276625 -1.023825 0.824203 0.161675 -0.512835 -0.418603 0.731869
1305031921.201159 1.267057 -1.035628 0.819432 0.164764 -0.500819 -0.420449 0.738414
1305031921.233189 1.258072 -1.042634 0.822019 0.170709 -0.491631 -0.419024 0.744027
1305031921.265164 1.250113 -1.043509 0.823439 0.178140 -0.483550 -0.416465 0.749001
1305031921.301188 1.248199 -1.054364 0.817991 0.179975 -0.478163 -0.413587 0.753601
1305031921.333158 1.238067 -1.048600 0.832208 0.185223 -0.473683 -0.408744 0.757789
1305031921.365112 1.231704 -1.053906 0.836973 0.185684 -0.470691 -0.403742 0.762210
1305031921.401108 1.221570 -1.067759 0.832946 0.183906 -0.468428 -0.399979 0.766010
1305031921.433143 1.218108 -1.075066 0.836864 0.185655 -0.463077 -0.394788 0.771514
1305031921.465014 1.212348 -1.086839 0.840544 0.183857 -0.458301 -0.387828 0.778297
1305031921.501096 1.208726 -1.094323 0.842514 0.184417 -0.451078 -0.380239 0.786090
1305031921.533099 1.202029 -1.105796 0.849242 0.186200 -0.442341 -0.374195 0.793500
1305031921.565119 1.190608 -1.113949 0.847186 0.191491 -0.430762 -0.366472 0.802168
1305031921.601114 1.194643 -1.106385 0.852310 0.202525 -0.420743 -0.358029 0.808563
1305031921.633107 1.183663 -1.111053 0.856766 0.202295 -0.406911 -0.351476 0.818514
1305031921.665162 1.192247 -1.128536 0.867991 0.203606 -0.396565 -0.343757 0.826506
1305031921.701068 1.200076 -1.158085 0.875449 0.203072 -0.384710 -0.335972 0.835394
1305031921.733068 1.197380 -1.161801 0.886312 0.207760 -0.366793 -0.327737 0.845510
1305031921.765060 1.191137 -1.160763 0.883531 0.210284 -0.346052 -0.319324 0.856774
1305031921.801034 1.187338 -1.164052 0.881023 0.210332 -0.330547 -0.313062 0.865154
1305031921.833122 1.163412 -1.151833 0.891529 0.212641 -0.315382 -0.308446 0.871883
1305031921.865148 1.158222 -1.161377 0.898567 0.210617 -0.310903 -0.304372 0.875407
1305031921.901117 1.154389 -1.156718 0.904729 0.212335 -0.302625 -0.301634 0.878834
1305031921.933132 1.146038 -1.165847 0.907771 0.207854 -0.293027 -0.298277 0.884287
1305031921.965107 1.135725 -1.177164 0.911473 0.204970 -0.286676 -0.291609 0.889252
1305031922.001101 1.132115 -1.176087 0.918405 0.206933 -0.274583 -0.283707 0.895150
1305031922.033170 1.125675 -1.179810 0.922998 0.206010 -0.262131 -0.277487 0.901026
1305031922.065166 1.118870 -1.180848 0.921624 0.204231 -0.250131 -0.270408 0.906975
1305031922.101032 1.115513 -1.185293 0.927312 0.203467 -0.243049 -0.264486 0.910810
1305031922.133245 1.102662 -1.182418 0.929639 0.203726 -0.231943 -0.257941 0.915513
1305031922.165062 1.100440 -1.181685 0.932809 0.202533 -0.223024 -0.251029 0.919905
1305031922.201057 1.092950 -1.185512 0.933224 0.199860 -0.214140 -0.246898 0.923711
1305031922.233248 1.087222 -1.184963 0.933329 0.199825 -0.204750 -0.243303 0.926796
1305031922.265183 1.084157 -1.182198 0.936433 0.198874 -0.195269 -0.238872 0.930193
1305031922.301137 1.081912 -1.180959 0.938341 0.196530 -0.184890 -0.236446 0.933426
1305031922.333215 1.073233 -1.178758 0.942453 0.193809 -0.171632 -0.234463 0.937021
1305031922.365143 1.068188 -1.176885 0.942812 0.191297 -0.162102 -0.232376 0.939750
1305031922.401139 1.066694 -1.173822 0.945391 0.189183 -0.153569 -0.229872 0.942223
1305031922.433086 1.062015 -1.171312 0.947131 0.184175 -0.141847 -0.226882 0.945771
1305031922.465219 1.054598 -1.172112 0.948599 0.179957 -0.132530 -0.224645 0.948465
1305031922.501312 1.051042 -1.170186 0.949910 0.177255 -0.124854 -0.221503 0.950752
1305031922.533139 1.047609 -1.169367 0.952145 0.171868 -0.117206 -0.217828 0.953559
1305031922.565031 1.048039 -1.170443 0.954234 0.169229 -0.111467 -0.218196 0.954635
1305031922.601111 1.046643 -1.168202 0.956646 0.166607 -0.101616 -0.217045 0.956456
1305031922.633085 1.036964 -1.164802 0.962738 0.165240 -0.092037 -0.214372 0.958264
1305031922.665318 1.041747 -1.167580 0.961477 0.162840 -0.086197 -0.214476 0.959194
1305031922.701355 1.041368 -1.168617 0.963665 0.161044 -0.075915 -0.211321 0.961065
1305031922.733235 1.037199 -1.168956 0.967057 0.162814 -0.067686 -0.205498 0.962643
1305031922.765373 1.039447 -1.173700 0.963925 0.163740 -0.061516 -0.200153 0.964025
1305031922.801220 1.040776 -1.168227 0.973934 0.169019 -0.054994 -0.190810 0.965401
1305031922.833262 1.045662 -1.173399 0.969554 0.170044 -0.049285 -0.186778 0.966318
1305031922.865045 1.040050 -1.175084 0.968771 0.172315 -0.038229 -0.180798 0.967553
1305031922.901109 1.044117 -1.173459 0.973258 0.177704 -0.032055 -0.174230 0.968007
1305031922.933136 1.047100 -1.170549 0.974994 0.180688 -0.025314 -0.168745 0.968626
1305031922.965220 1.051626 -1.168853 0.978161 0.181437 -0.022243 -0.162702 0.969595
1305031923.001054 1.049261 -1.166650 0.983432 0.181332 -0.018055 -0.157404 0.970575
1305031923.033184 1.059944 -1.168518 0.982705 0.180216 -0.014934 -0.153968 0.971387
1305031923.065085 1.049752 -1.170310 0.979741 0.178795 -0.007585 -0.147918 0.972674
1305031923.101056 1.063954 -1.171197 0.986651 0.180300 -0.007981 -0.145703 0.972728
1305031923.133238 1.067054 -1.170963 0.986946 0.179806 -0.001115 -0.142102 0.973384
1305031923.165168 1.068863 -1.177032 0.986821 0.180894 0.004653 -0.139334 0.973572
1305031923.201181 1.071490 -1.172477 0.990622 0.190722 0.011210 -0.136676 0.972018
1305031923.233162 1.082096 -1.176236 0.979541 0.194021 0.016843 -0.133886 0.971672
1305031923.265159 1.088802 -1.173924 0.977143 0.192894 0.023763 -0.125304 0.972896
1305031923.301183 1.092059 -1.169906 0.985686 0.192952 0.030141 -0.115045 0.973974
1305031923.333169 1.094309 -1.164888 0.988259 0.193336 0.035454 -0.106356 0.974707
1305031923.365230 1.098581 -1.162463 0.987001 0.191806 0.041274 -0.099896 0.975463
1305031923.401139 1.107094 -1.161789 0.982238 0.185366 0.046192 -0.091306 0.977327
1305031923.433112 1.115799 -1.161132 0.983437 0.182846 0.052287 -0.082357 0.978290
1305031923.465290 1.124568 -1.160620 0.978748 0.181791 0.058427 -0.073112 0.978873
1305031923.501145 1.128622 -1.160045 0.973475 0.185134 0.064358 -0.064795 0.978461
1305031923.533199 1.132149 -1.156936 0.966915 0.192254 0.069083 -0.059022 0.977130
1305031923.565198 1.139696 -1.154419 0.961145 0.196659 0.070804 -0.053765 0.976433
1305031923.601069 1.149774 -1.150380 0.952928 0.201651 0.070672 -0.048514 0.975699
1305031923.633244 1.156502 -1.145928 0.944231 0.203158 0.072352 -0.042267 0.975554
1305031923.665141 1.166466 -1.139465 0.937427 0.205814 0.072233 -0.034627 0.975307
1305031923.701144 1.176392 -1.133329 0.927096 0.208711 0.073304 -0.030412 0.974752
1305031923.733145 1.183639 -1.125457 0.918026 0.208735 0.075010 -0.026677 0.974726
1305031923.765175 1.194773 -1.120324 0.911183 0.211197 0.076285 -0.024866 0.974145
1305031923.801150 1.201310 -1.110817 0.902053 0.210213 0.081172 -0.026194 0.973928
1305031923.833045 1.207510 -1.105548 0.893391 0.210282 0.083621 -0.021838 0.973813
1305031923.865161 1.218223 -1.097498 0.884813 0.216082 0.083319 -0.024414 0.972507
1305031923.901121 1.221566 -1.084074 0.873953 0.222025 0.087509 -0.030743 0.970619
1305031923.933140 1.227459 -1.071348 0.862613 0.226356 0.091768 -0.036735 0.969016
1305031923.965198 1.224865 -1.057893 0.848142 0.221490 0.095887 -0.042451 0.969508
1305031924.001096 1.235688 -1.056378 0.845955 0.218349 0.097678 -0.040096 0.970142
1305031924.033250 1.242006 -1.050619 0.828974 0.223969 0.103076 -0.044468 0.968109
1305031924.065224 1.251195 -1.034029 0.827032 0.224808 0.106479 -0.041096 0.967696
1305031924.101175 1.259397 -1.029268 0.820922 0.218961 0.108056 -0.036619 0.969040
1305031924.133285 1.272001 -1.020879 0.817809 0.221660 0.107494 -0.040168 0.968348
1305031924.165591 1.274717 -0.999237 0.803388 0.221516 0.109451 -0.042519 0.968062
1305031924.201130 1.283914 -0.995393 0.800974 0.218603 0.105529 -0.043506 0.969115
1305031924.233238 1.291485 -0.981279 0.791171 0.220626 0.102333 -0.049516 0.968711
1305031924.265335 1.300923 -0.975275 0.785699 0.219080 0.098792 -0.050866 0.969359
1305031924.301099 1.305008 -0.963617 0.774223 0.218094 0.097156 -0.050915 0.969744
1305031924.333113 1.305514 -0.953487 0.762059 0.214717 0.092687 -0.053604 0.970789
1305031924.365169 1.311747 -0.942048 0.753097 0.214648 0.088761 -0.056828 0.970988
1305031924.401095 1.318211 -0.931333 0.744979 0.214021 0.082456 -0.060244 0.971476
1305031924.433069 1.326567 -0.923043 0.738665 0.212307 0.076494 -0.062461 0.972200
1305031924.465394 1.330535 -0.913160 0.730308 0.213000 0.072054 -0.064571 0.972250
1305031924.501116 1.333621 -0.906285 0.727113 0.215968 0.065900 -0.071027 0.971581
1305031924.533245 1.337635 -0.899463 0.718188 0.216947 0.056539 -0.071449 0.971922
1305031924.565264 1.342516 -0.889845 0.712664 0.221874 0.045486 -0.074388 0.971169
1305031924.601161 1.351891 -0.881682 0.704373 0.226718 0.035507 -0.077827 0.970196
1305031924.633221 1.358496 -0.875310 0.700691 0.232329 0.028581 -0.075497 0.969281
1305031924.665187 1.364023 -0.865270 0.690495 0.238843 0.022261 -0.076003 0.967823
1305031924.701168 1.370550 -0.858537 0.686043 0.243695 0.016546 -0.077106 0.966640
1305031924.733166 1.376042 -0.849374 0.681439 0.249790 0.012027 -0.078178 0.965064
1305031924.765170 1.378851 -0.841228 0.670120 0.251856 0.006959 -0.081838 0.964273
1305031924.801057 1.384830 -0.833503 0.667857 0.253016 0.007331 -0.079856 0.964133
1305031924.833187 1.390053 -0.823521 0.663949 0.255728 0.008067 -0.079645 0.963429
1305031924.865165 1.393051 -0.810316 0.655691 0.254308 0.010318 -0.080299 0.963729
1305031924.901110 1.397879 -0.801225 0.653076 0.249333 0.008386 -0.079870 0.965082
1305031924.933186 1.400857 -0.793198 0.652595 0.249047 0.004547 -0.082161 0.964989
1305031924.969060 1.404399 -0.783816 0.649113 0.249536 0.001292 -0.085455 0.964587
1305031925.001103 1.409089 -0.774818 0.641258 0.251247 -0.001664 -0.089766 0.963750
1305031925.033148 1.412692 -0.766551 0.639114 0.254475 -0.004052 -0.091700 0.962714
1305031925.069090 1.415913 -0.757556 0.634905 0.259925 -0.004875 -0.093642 0.961065
1305031925.101107 1.419571 -0.741970 0.625065 0.262743 -0.005481 -0.095752 0.960087
1305031925.133209 1.423426 -0.732666 0.619906 0.256941 -0.007702 -0.093699 0.961843
1305031925.169080 1.425967 -0.726828 0.616063 0.253335 -0.010924 -0.093261 0.962811
1305031925.201117 1.428141 -0.719622 0.610371 0.254822 -0.014158 -0.096296 0.962077
1305031925.233193 1.423332 -0.706182 0.597311 0.253632 -0.019415 -0.101211 0.961795
1305031925.269164 1.427310 -0.697064 0.594089 0.250874 -0.022872 -0.106166 0.961908
1305031925.301283 1.433032 -0.686081 0.587332 0.248778 -0.024563 -0.111539 0.961803
1305031925.333142 1.436276 -0.673307 0.578836 0.244661 -0.023913 -0.115246 0.962438
1305031925.369107 1.439398 -0.664143 0.575967 0.240209 -0.023887 -0.121116 0.962840
1305031925.401456 1.442802 -0.655012 0.571114 0.237540 -0.022949 -0.127376 0.962717
1305031925.433406 1.445949 -0.648855 0.572301 0.238137 -0.024576 -0.131150 0.962022
1305031925.469099 1.455957 -0.639016 0.566797 0.241388 -0.024628 -0.133269 0.960918
1305031925.501267 1.462599 -0.630009 0.564376 0.246621 -0.020439 -0.131070 0.959990
1305031925.533321 1.471556 -0.619375 0.556441 0.252676 -0.015747 -0.126561 0.959109
1305031925.569132 1.480409 -0.608166 0.553388 0.256821 -0.011517 -0.119076 0.959026
1305031925.601218 1.490214 -0.597591 0.545396 0.259487 -0.006860 -0.113301 0.959053
1305031925.633430 1.493134 -0.587674 0.536599 0.260008 -0.005167 -0.109489 0.959365
1305031925.669137 1.499431 -0.579670 0.537934 0.257594 -0.002251 -0.103666 0.960674
1305031925.701322 1.506417 -0.572917 0.536418 0.255546 -0.002356 -0.101572 0.961443
1305031925.733167 1.518244 -0.565077 0.533969 0.253268 -0.003648 -0.101094 0.962093
1305031925.769246 1.530517 -0.554642 0.528884 0.248797 -0.003176 -0.097982 0.963582
1305031925.801208 1.544545 -0.547802 0.525894 0.242738 -0.001100 -0.095202 0.965408
1305031925.833148 1.554552 -0.538477 0.517582 0.234351 0.004192 -0.091682 0.967810
1305031925.869197 1.562844 -0.533083 0.517723 0.225784 0.009970 -0.088440 0.970103
1305031925.901176 1.572837 -0.525044 0.518041 0.218686 0.015390 -0.083485 0.972096
1305031925.933170 1.579360 -0.519289 0.515670 0.211251 0.019514 -0.076443 0.974243
1305031925.969198 1.589933 -0.508570 0.508944 0.203282 0.021446 -0.070741 0.976326
1305031926.001186 1.590274 -0.503842 0.511070 0.196196 0.025298 -0.067403 0.977918
1305031926.033156 1.604676 -0.495289 0.505941 0.192025 0.023545 -0.061452 0.979181
1305031926.069077 1.605860 -0.487877 0.494609 0.187225 0.022082 -0.059662 0.980255
1305031926.101106 1.613688 -0.479382 0.488552 0.184772 0.026880 -0.058697 0.980659
1305031926.133181 1.623662 -0.467085 0.478860 0.183505 0.031617 -0.056179 0.980903
1305031926.169101 1.632616 -0.458691 0.472922 0.179084 0.037810 -0.052562 0.981701
1305031926.201141 1.642572 -0.455499 0.463114 0.177231 0.043298 -0.047819 0.982053
1305031926.233134 1.649847 -0.438738 0.454258 0.178454 0.050195 -0.044854 0.981643
1305031926.269135 1.660135 -0.430293 0.448383 0.176070 0.056125 -0.042560 0.981854
1305031926.301054 1.666317 -0.422357 0.435937 0.175032 0.064236 -0.039711 0.981662
1305031926.333164 1.677742 -0.411033 0.424370 0.174511 0.072815 -0.035576 0.981315
1305031926.369064 1.686740 -0.402721 0.414864 0.174638 0.082093 -0.030146 0.980741
1305031926.401166 1.683032 -0.398688 0.398144 0.174548 0.087334 -0.026358 0.980414
1305031926.433155 1.686982 -0.390330 0.390150 0.174516 0.095969 -0.020695 0.979748
1305031926.469090 1.694061 -0.385131 0.380851 0.173563 0.103544 -0.014053 0.979263
1305031926.501075 1.701823 -0.379528 0.372578 0.175418 0.111243 -0.006203 0.978169
1305031926.533176 1.705989 -0.374044 0.360353 0.176852 0.119813 0.002773 0.976914
1305031926.569122 1.712240 -0.369524 0.351854 0.178090 0.127054 0.012663 0.975695
1305031926.601166 1.710859 -0.362334 0.338011 0.178621 0.135330 0.023454 0.974284
1305031926.633127 1.713645 -0.364076 0.331857 0.176204 0.142263 0.035822 0.973360
1305031926.669140 1.715792 -0.360449 0.325942 0.175258 0.149429 0.047355 0.971963
1305031926.701042 1.717512 -0.350794 0.322384 0.176895 0.158969 0.055837 0.969701
1305031926.733207 1.719601 -0.344388 0.319215 0.176253 0.171772 0.063038 0.967189
1305031926.769141 1.706971 -0.344321 0.315384 0.173190 0.189657 0.076041 0.963459
1305031926.801342 1.714140 -0.333230 0.306041 0.172628 0.200073 0.087651 0.960462
1305031926.833209 1.710175 -0.327749 0.306002 0.171589 0.215787 0.102631 0.955751
1305031926.869333 1.715713 -0.329666 0.305125 0.166734 0.230762 0.120506 0.951014
1305031926.901097 1.711114 -0.318821 0.301523 0.166018 0.248689 0.138406 0.944159
1305031926.933348 1.712407 -0.311694 0.298596 0.164205 0.266477 0.154145 0.937158
1305031926.969122 1.705265 -0.321346 0.299895 0.155203 0.288747 0.170792 0.929176
1305031927.001575 1.684194 -0.297000 0.312382 0.156790 0.311876 0.183233 0.919008
1305031927.033929 1.696590 -0.285302 0.308649 0.152667 0.323553 0.198487 0.912474
1305031927.070528 1.693419 -0.281929 0.316298 0.148393 0.339834 0.215829 0.903278
1305031927.101272 1.685664 -0.276921 0.296612 0.141866 0.344515 0.227878 0.899586
1305031927.133471 1.684943 -0.272098 0.297038 0.134671 0.355800 0.243460 0.892187
1305031927.169161 1.687391 -0.272279 0.296670 0.125707 0.366304 0.260025 0.884537
1305031927.201210 1.691428 -0.267154 0.288403 0.115859 0.372293 0.273693 0.879242
1305031927.233491 1.697022 -0.254031 0.280038 0.104268 0.373061 0.284869 0.876814
1305031927.269153 1.701155 -0.241310 0.281456 0.094493 0.374256 0.293956 0.874410
1305031927.301135 1.703826 -0.233942 0.284199 0.084752 0.377579 0.303229 0.870806
1305031927.333139 1.706304 -0.225141 0.287785 0.077706 0.381414 0.314546 0.865763
1305031927.369147 1.714765 -0.225630 0.293171 0.067255 0.386559 0.326379 0.859957
1305031927.401161 1.719876 -0.214541 0.297105 0.060612 0.391639 0.336456 0.854250
1305031927.433274 1.723889 -0.203469 0.294841 0.054993 0.394078 0.344482 0.850300
1305031927.469105 1.728952 -0.195121 0.291235 0.047283 0.395178 0.350768 0.847679
1305031927.501136 1.735318 -0.189205 0.295509 0.038609 0.397086 0.355053 0.845440
1305031927.533182 1.737775 -0.184675 0.308044 0.033099 0.401288 0.357573 0.842623
1305031927.569225 1.742722 -0.177767 0.304181 0.026861 0.400508 0.359049 0.842588
1305031927.601132 1.744606 -0.168826 0.300686 0.019046 0.398418 0.358850 0.843876
1305031927.633201 1.745311 -0.160700 0.312269 0.010530 0.398427 0.356653 0.844952
1305031927.669158 1.748868 -0.152521 0.309916 0.005395 0.395236 0.351023 0.848848
1305031927.701131 1.742563 -0.143223 0.305653 -0.000473 0.389551 0.339843 0.856012
1305031927.733219 1.747155 -0.140721 0.309394 -0.009375 0.388448 0.332874 0.859194
1305031927.769158 1.753117 -0.134677 0.306331 -0.016046 0.385466 0.327412 0.862531
1305031927.801109 1.757764 -0.121837 0.296810 -0.018917 0.382285 0.322131 0.865871
1305031927.833282 1.763861 -0.119172 0.296093 -0.023434 0.381849 0.319968 0.866754
1305031927.869143 1.771983 -0.111126 0.291323 -0.027810 0.380438 0.319736 0.867331
1305031927.901130 1.773545 -0.103450 0.293965 -0.029076 0.382975 0.318781 0.866524
1305031927.933465 1.781201 -0.091101 0.287419 -0.028264 0.383141 0.317052 0.867111
1305031927.969176 1.787563 -0.083656 0.283003 -0.029941 0.382539 0.317783 0.867053
1305031928.001134 1.794071 -0.078451 0.280376 -0.031947 0.383514 0.318789 0.866181
1305031928.033186 1.800934 -0.071786 0.275072 -0.033261 0.384404 0.319452 0.865493
1305031928.069125 1.806727 -0.065581 0.270634 -0.037310 0.385463 0.321724 0.864014
1305031928.101114 1.812692 -0.060780 0.268012 -0.040362 0.387243 0.324182 0.862160
1305031928.133202 1.818053 -0.054180 0.261722 -0.042681 0.388838 0.325511 0.860829
1305031928.169018 1.822130 -0.049011 0.257331 -0.045411 0.393305 0.326271 0.858369
1305031928.201096 1.824160 -0.045556 0.250559 -0.048065 0.399876 0.326395 0.855135
1305031928.233133 1.827712 -0.039627 0.250955 -0.049707 0.407930 0.329836 0.849900
1305031928.269216 1.825656 -0.033846 0.235874 -0.050458 0.409373 0.330821 0.848779
1305031928.301255 1.831835 -0.020607 0.223005 -0.048660 0.413030 0.335015 0.845461
1305031928.333609 1.834628 -0.016487 0.218139 -0.048600 0.419542 0.340582 0.840015
1305031928.369520 1.840200 -0.007644 0.209568 -0.045931 0.424650 0.347993 0.834544
1305031928.401116 1.847382 -0.007274 0.190667 -0.043812 0.428936 0.357770 0.828309
1305031928.433543 1.851089 -0.003101 0.179878 -0.039475 0.437812 0.368236 0.819246
1305031928.469232 1.850214 -0.001818 0.180232 -0.034333 0.450501 0.379704 0.807276
1305031928.501428 1.859808 0.004290 0.168476 -0.027894 0.459970 0.392166 0.796150
1305031928.533982 1.871180 0.006318 0.160029 -0.019497 0.468606 0.403999 0.785375
1305031928.569299 1.873002 0.018501 0.147017 -0.009402 0.476820 0.411576 0.776634
1305031928.601271 1.885594 -0.004347 0.125068 -0.008720 0.486751 0.421578 0.765029
1305031928.633595 1.885828 -0.016719 0.114628 -0.002735 0.500588 0.426321 0.753429
1305031928.669146 1.887315 -0.007123 0.095503 0.007794 0.507658 0.423632 0.750172
1305031928.701110 1.879952 -0.011849 0.096388 0.015969 0.522856 0.422675 0.740076
1305031928.733185 1.873832 -0.008221 0.091503 0.025782 0.536174 0.421046 0.731145
1305031928.769202 1.860627 -0.008028 0.098733 0.037078 0.551883 0.420294 0.719308
1305031928.801117 1.877508 -0.003999 0.090967 0.046222 0.560567 0.420093 0.712145
1305031928.833193 1.854715 -0.005825 0.107424 0.059141 0.578957 0.414800 0.699465
1305031928.869148 1.853887 -0.025529 0.089671 0.063229 0.588511 0.412195 0.692642
1305031928.901197 1.850428 -0.029794 0.089704 0.073193 0.601513 0.408531 0.682589
1305031928.933215 1.851190 -0.032153 0.080423 0.084354 0.612445 0.404098 0.674167
1305031928.969097 1.851040 -0.038152 0.073492 0.094625 0.625709 0.397639 0.664393
1305031929.001155 1.845497 -0.048893 0.067105 0.101778 0.639806 0.391638 0.653383
1305031929.033640 1.841038 -0.050533 0.066856 0.111494 0.654099 0.384241 0.641936
1305031929.069089 1.839540 -0.056099 0.059507 0.121130 0.668341 0.377515 0.629389
1305031929.101213 1.833725 -0.061907 0.064331 0.129412 0.684588 0.369647 0.614779
1305031929.133202 1.831156 -0.067940 0.051367 0.140034 0.696431 0.364940 0.601825
1305031929.169204 1.828696 -0.068400 0.044422 0.150537 0.707697 0.358794 0.589720
1305031929.201163 1.827631 -0.070634 0.038979 0.158601 0.718355 0.354235 0.577347
1305031929.233293 1.825954 -0.075289 0.032712 0.169224 0.729266 0.349238 0.563531
1305031929.269214 1.819991 -0.079013 0.022422 0.183601 0.738524 0.344201 0.549907
1305031929.301292 1.823154 -0.079991 0.033438 0.186420 0.751804 0.332818 0.537838
1305031929.333529 1.812272 -0.109294 0.021065 0.195892 0.759388 0.333215 0.523378
1305031929.369189 1.802757 -0.118778 0.013818 0.207822 0.762610 0.328205 0.517221
1305031929.401369 1.803593 -0.126735 0.006595 0.216277 0.767242 0.325171 0.508751
1305031929.433239 1.792044 -0.147593 0.002027 0.223760 0.771831 0.320875 0.501247
1305031929.469219 1.783401 -0.158624 -0.004071 0.231212 0.776293 0.316330 0.493806
1305031929.501198 1.777369 -0.168367 -0.002481 0.238809 0.781026 0.311144 0.485960
1305031929.533262 1.770418 -0.181189 -0.004804 0.245394 0.785384 0.306508 0.478546
1305031929.569172 1.764354 -0.189562 -0.006321 0.251045 0.789810 0.300656 0.471999
1305031929.601101 1.757470 -0.202145 -0.008970 0.255666 0.794151 0.293857 0.466484
1305031929.634447 1.751405 -0.215606 -0.008462 0.259131 0.799710 0.285820 0.460023
1305031929.669287 1.745365 -0.223603 -0.007285 0.263259 0.804531 0.277254 0.454482
1305031929.701269 1.737486 -0.237485 -0.010966 0.266161 0.808882 0.269013 0.450000
1305031929.733617 1.730129 -0.242202 -0.005900 0.271652 0.811759 0.260117 0.446757
1305031929.769190 1.725526 -0.243553 -0.000760 0.276815 0.812632 0.251806 0.446761
1305031929.801229 1.716419 -0.263222 -0.007371 0.283778 0.809759 0.245487 0.451106
1305031929.833358 1.705456 -0.269995 -0.006121 0.288564 0.809979 0.238005 0.451683
1305031929.869242 1.699192 -0.276996 -0.004397 0.293121 0.809842 0.231255 0.452501
1305031929.901292 1.694313 -0.289680 -0.003190 0.297296 0.809733 0.226150 0.452552
1305031929.933176 1.680062 -0.287543 -0.007287 0.300148 0.809639 0.218957 0.454373
1305031929.969176 1.670306 -0.293992 -0.007873 0.301126 0.810894 0.215878 0.452957
1305031930.001350 1.663587 -0.300920 -0.012516 0.301354 0.812573 0.215087 0.450165
1305031930.033650 1.643501 -0.304877 -0.026781 0.299919 0.812800 0.217121 0.449737
1305031930.069293 1.637926 -0.298810 -0.025079 0.301924 0.813276 0.219597 0.446319
1305031930.101133 1.629148 -0.299578 -0.029145 0.300197 0.813565 0.223721 0.444908
1305031930.134163 1.622738 -0.294305 -0.031255 0.296339 0.814795 0.227082 0.443538
1305031930.169117 1.619929 -0.302056 -0.037475 0.290443 0.817969 0.232708 0.438653
1305031930.201148 1.606486 -0.277087 -0.038219 0.288559 0.820303 0.235081 0.434251
1305031930.233355 1.601688 -0.269761 -0.039504 0.281733 0.824047 0.240806 0.428469
1305031930.269064 1.596620 -0.263510 -0.040960 0.275309 0.828260 0.246613 0.421157
1305031930.301105 1.583212 -0.250197 -0.046594 0.270793 0.830281 0.254654 0.415278
1305031930.333138 1.567475 -0.235531 -0.058932 0.265721 0.829218 0.262129 0.416027
1305031930.369794 1.569340 -0.249647 -0.052607 0.255679 0.834387 0.272811 0.404969
1305031930.401077 1.573114 -0.246856 -0.048305 0.249452 0.837773 0.282625 0.395011
1305031930.433290 1.560698 -0.221142 -0.048011 0.243981 0.839117 0.288985 0.390952
1305031930.469130 1.555342 -0.223076 -0.047836 0.236707 0.839235 0.301822 0.385433
1305031930.501044 1.569398 -0.224914 -0.035538 0.231086 0.839464 0.315815 0.377041
1305031930.533067 1.563124 -0.223311 -0.048227 0.224363 0.836513 0.330176 0.375354
1305031930.569007 1.562859 -0.210242 -0.044460 0.216562 0.836684 0.338437 0.372183
1305031930.601041 1.562933 -0.201671 -0.031900 0.206993 0.836971 0.347986 0.368156
1305031930.633126 1.577186 -0.216115 -0.039274 0.199810 0.833857 0.365081 0.362594
1305031930.668925 1.569698 -0.215710 -0.027193 0.196956 0.829242 0.377291 0.362241
1305031930.701009 1.570068 -0.222301 -0.040180 0.193365 0.822125 0.392466 0.364267
1305031930.733195 1.581970 -0.187355 0.007949 0.178377 0.822801 0.394007 0.368699
1305031930.769068 1.579999 -0.183279 0.010675 0.170995 0.817238 0.404912 0.372732
1305031930.801055 1.580508 -0.180269 0.006362 0.166190 0.811423 0.416473 0.374864
1305031930.833091 1.574265 -0.168296 0.010494 0.162316 0.807816 0.423309 0.376691
1305031930.869070 1.572812 -0.163487 0.012049 0.155007 0.804406 0.432064 0.377127
1305031930.900829 1.578782 -0.155507 0.025305 0.147469 0.802740 0.439135 0.375528
1305031930.933330 1.578032 -0.153066 0.029240 0.141759 0.798887 0.448797 0.374520
1305031930.969059 1.573001 -0.142046 0.037705 0.137558 0.795383 0.456798 0.373870
1305031931.000795 1.571920 -0.135341 0.044645 0.130444 0.791233 0.466831 0.372832
1305031931.033023 1.570648 -0.131151 0.043108 0.123734 0.785676 0.478402 0.372201
1305031931.068905 1.562502 -0.125458 0.048127 0.118345 0.778930 0.487949 0.375724
1305031931.100819 1.561604 -0.121196 0.044959 0.113265 0.772631 0.501485 0.372459
1305031931.133042 1.555414 -0.112490 0.046421 0.108688 0.767586 0.512370 0.369425
1305031931.168900 1.553371 -0.094180 0.052164 0.101039 0.764870 0.521428 0.364525
1305031931.200696 1.551462 -0.083976 0.056691 0.093022 0.761781 0.533092 0.356161
1305031931.233053 1.550197 -0.079004 0.051866 0.084422 0.756810 0.547838 0.346388
1305031931.268951 1.551181 -0.076013 0.055224 0.074597 0.754335 0.559619 0.335024
1305031931.300955 1.549808 -0.067019 0.053574 0.066723 0.751266 0.571214 0.323825
1305031931.332991 1.552410 -0.066421 0.058077 0.057986 0.750971 0.580652 0.309070
1305031931.369797 1.554761 -0.059018 0.055392 0.052280 0.749480 0.590504 0.294706
1305031931.401337 1.558929 -0.052728 0.057564 0.048946 0.748130 0.599403 0.280394
1305031931.432892 1.566380 -0.048824 0.055370 0.045984 0.746310 0.608576 0.265596
1305031931.469079 1.570357 -0.043289 0.053960 0.045322 0.745460 0.615028 0.252934
1305031931.500852 1.575741 -0.036704 0.056797 0.043974 0.745110 0.620546 0.240417
1305031931.532871 1.583127 -0.029759 0.056563 0.043285 0.743102 0.627844 0.227461
1305031931.569726 1.588296 -0.020749 0.051995 0.046741 0.742186 0.632885 0.215480
1305031931.601199 1.597731 -0.022374 0.053446 0.047671 0.742714 0.635893 0.204313
1305031931.633004 1.606959 -0.013809 0.050640 0.048584 0.742234 0.638912 0.196262
1305031931.669064 1.615293 -0.011688 0.050917 0.046878 0.743211 0.639810 0.189956
1305031931.701060 1.621912 -0.006004 0.052778 0.045625 0.744130 0.640855 0.183012
1305031931.732985 1.632331 -0.000257 0.053628 0.044067 0.744408 0.642335 0.176977
1305031931.768911 1.636347 0.000255 0.054203 0.041681 0.742223 0.644394 0.179229
1305031931.800959 1.646948 0.002811 0.055843 0.041504 0.739912 0.648249 0.174874
1305031931.832926 1.655006 0.007473 0.062799 0.044990 0.738131 0.651657 0.168766
1305031931.868988 1.661606 0.013722 0.063707 0.049792 0.733169 0.658583 0.162024
1305031931.900957 1.665483 0.027251 0.062933 0.055285 0.729527 0.662968 0.158767
1305031931.932907 1.675753 0.026677 0.062622 0.058544 0.728234 0.665528 0.152712
1305031931.968902 1.684022 0.035672 0.067634 0.063452 0.727869 0.666314 0.149017
1305031932.000829 1.687860 0.043625 0.068281 0.068357 0.727727 0.666826 0.145205
1305031932.032913 1.697925 0.044905 0.067623 0.072393 0.727315 0.668355 0.138110
1305031932.068920 1.705355 0.052269 0.072737 0.076117 0.728807 0.667108 0.134217
1305031932.101294 1.715470 0.050639 0.069181 0.078685 0.726248 0.670764 0.128250
1305031932.132895 1.723580 0.056292 0.061565 0.086800 0.722801 0.673790 0.126613
1305031932.169077 1.733610 0.053689 0.061722 0.091795 0.720840 0.674536 0.130247
1305031932.200948 1.743544 0.056755 0.057237 0.095037 0.718124 0.675650 0.136979
1305031932.232821 1.749928 0.061973 0.053688 0.098378 0.716620 0.674603 0.147265
1305031932.268818 1.756548 0.067983 0.048943 0.101378 0.715170 0.673296 0.157882
1305031932.300945 1.762900 0.074645 0.045569 0.103020 0.716054 0.669755 0.167579
1305031932.333175 1.763964 0.079579 0.035381 0.104495 0.714370 0.667925 0.180643
1305031932.368837 1.769572 0.086342 0.028876 0.107305 0.715416 0.664173 0.188523
1305031932.401680 1.779566 0.087582 0.019994 0.110031 0.716163 0.660653 0.196320
1305031932.432994 1.785976 0.091112 0.015845 0.114378 0.716585 0.656993 0.204410
1305031932.469022 1.792041 0.096277 0.009638 0.119318 0.715584 0.654303 0.213521
1305031932.500893 1.801212 0.098462 0.001355 0.122209 0.714502 0.651714 0.223205
1305031932.532959 1.806373 0.107347 -0.006820 0.125213 0.713667 0.648004 0.234717
1305031932.568972 1.812307 0.110985 -0.010207 0.128343 0.714563 0.642344 0.245605
1305031932.600957 1.821979 0.111219 -0.015635 0.129731 0.714796 0.636690 0.258577
1305031932.632929 1.825972 0.117359 -0.027530 0.131993 0.713431 0.630799 0.275113
1305031932.669236 1.834847 0.115024 -0.034789 0.133370 0.713319 0.624988 0.287712
1305031932.700806 1.837994 0.123224 -0.040497 0.136372 0.713577 0.616497 0.303547
1305031932.732848 1.843989 0.122875 -0.046913 0.137206 0.714607 0.608705 0.316213
1305031932.768757 1.847345 0.124412 -0.049480 0.141380 0.716084 0.599832 0.327775
1305031932.800821 1.853241 0.126101 -0.055782 0.146250 0.717721 0.590077 0.339554
1305031932.832891 1.855582 0.131069 -0.060532 0.149745 0.719701 0.579761 0.351404
1305031932.869016 1.858646 0.128394 -0.076636 0.151877 0.718325 0.571561 0.366416
1305031932.901214 1.866507 0.124664 -0.085966 0.155174 0.722533 0.560884 0.373198
1305031932.932932 1.864857 0.125844 -0.088011 0.160073 0.724782 0.551397 0.380828
1305031932.968787 1.880658 0.126241 -0.094452 0.157825 0.726047 0.545341 0.388008
1305031933.001958 1.886631 0.132772 -0.099329 0.157388 0.730175 0.536020 0.393391
1305031933.033045 1.883887 0.145904 -0.095683 0.160461 0.736213 0.525871 0.394591
1305031933.068879 1.899953 0.140231 -0.109020 0.155256 0.737995 0.526351 0.392699
1305031933.100908 1.903721 0.147434 -0.122256 0.155366 0.739114 0.526641 0.390156
1305031933.132911 1.904870 0.153289 -0.130841 0.156673 0.745118 0.524267 0.381309
1305031933.169450 1.906774 0.161414 -0.127504 0.156159 0.752232 0.522338 0.370033
1305031933.200949 1.919253 0.160422 -0.133988 0.152401 0.757728 0.524439 0.357191
1305031933.233374 1.926269 0.159926 -0.134821 0.149748 0.762743 0.524842 0.346899
1305031933.269079 1.926686 0.164363 -0.135732 0.149512 0.767112 0.523160 0.339837
1305031933.300869 1.927053 0.165284 -0.132923 0.148794 0.771659 0.522113 0.331362
1305031933.332881 1.931245 0.170884 -0.129628 0.149118 0.774257 0.523509 0.322845
1305031933.368978 1.928473 0.173235 -0.137578 0.149019 0.774540 0.526821 0.316765
1305031933.400926 1.929468 0.173270 -0.132629 0.149833 0.777238 0.528047 0.307601
1305031933.432912 1.925742 0.176084 -0.134311 0.150331 0.776437 0.532711 0.301274
1305031933.469486 1.924598 0.182973 -0.133023 0.151619 0.777534 0.535237 0.293212
1305031933.500809 1.923914 0.183135 -0.135919 0.151162 0.778874 0.538115 0.284495
1305031933.533065 1.921444 0.184074 -0.135157 0.149288 0.780564 0.540911 0.275405
1305031933.568861 1.915870 0.193333 -0.132278 0.150539 0.783084 0.542173 0.264887
1305031933.600899 1.908939 0.197462 -0.133630 0.151887 0.784832 0.545076 0.252707
1305031933.632949 1.903094 0.202767 -0.131525 0.152092 0.787426 0.548062 0.237606
1305031933.669114 1.899849 0.204516 -0.127803 0.150510 0.790273 0.551493 0.220613
1305031933.700931 1.894615 0.208090 -0.125141 0.151066 0.792025 0.555811 0.202361
1305031933.732901 1.889155 0.207586 -0.121701 0.150816 0.792980 0.560384 0.185490
1305031933.768934 1.890792 0.206923 -0.119895 0.148933 0.793929 0.564987 0.168182
1305031933.800879 1.883404 0.204592 -0.114696 0.146607 0.795352 0.567823 0.153290
1305031933.833132 1.881152 0.205502 -0.108382 0.143506 0.796074 0.571420 0.138391
1305031933.868855 1.873979 0.204733 -0.104185 0.140975 0.794994 0.576373 0.126118
1305031933.900942 1.876338 0.207691 -0.099683 0.138094 0.794205 0.580750 0.113566
1305031933.932925 1.870946 0.197119 -0.092690 0.133486 0.793081 0.585221 0.103542
1305031933.968843 1.869659 0.192890 -0.086868 0.130196 0.791346 0.589944 0.093740
1305031934.000841 1.867845 0.183441 -0.081229 0.126799 0.788871 0.595149 0.086039
1305031934.033000 1.856823 0.190832 -0.074378 0.124835 0.787433 0.597929 0.082737
1305031934.068946 1.849989 0.189056 -0.067626 0.121037 0.785904 0.601455 0.077186
1305031934.100917 1.841854 0.188263 -0.058782 0.117397 0.784418 0.604899 0.070732
1305031934.132845 1.834332 0.185629 -0.054036 0.113850 0.781950 0.609668 0.062429
1305031934.169177 1.826386 0.183260 -0.047600 0.109715 0.780740 0.612666 0.055210
1305031934.200808 1.817754 0.182252 -0.037547 0.105385 0.779702 0.615298 0.048654
1305031934.232870 1.810671 0.173683 -0.034213 0.101739 0.776776 0.620233 0.039752
1305031934.269296 1.802336 0.168659 -0.031972 0.100739 0.774360 0.623801 0.033020
1305031934.300934 1.794107 0.162118 -0.024858 0.098806 0.772370 0.626767 0.029060
1305031934.336871 1.788689 0.154271 -0.022635 0.096557 0.768439 0.632061 0.026021
1305031934.368906 1.775777 0.148974 -0.021023 0.096167 0.766037 0.634979 0.027226
1305031934.400928 1.767059 0.144283 -0.016025 0.094139 0.764877 0.636567 0.029706
1305031934.436865 1.757360 0.136777 -0.014333 0.090974 0.764045 0.637815 0.033932
1305031934.469287 1.745377 0.128727 -0.012864 0.084998 0.765580 0.636383 0.040983
1305031934.501241 1.730286 0.126195 -0.007386 0.077104 0.767183 0.634968 0.047975
1305031934.536876 1.713038 0.116391 -0.008810 0.069430 0.766951 0.635327 0.057674
1305031934.569101 1.700749 0.109689 -0.006582 0.065100 0.768954 0.633270 0.058658
1305031934.600850 1.687838 0.106205 -0.003158 0.061969 0.770359 0.631744 0.060048
1305031934.637030 1.676576 0.103093 -0.004822 0.059460 0.769835 0.632256 0.063802
1305031934.668984 1.660908 0.093620 -0.009251 0.057618 0.770260 0.631305 0.069525
1305031934.700945 1.646585 0.088561 -0.006516 0.053674 0.772201 0.628797 0.073750
1305031934.736903 1.630457 0.086544 -0.010662 0.051422 0.772214 0.628151 0.080421
1305031934.769124 1.615348 0.085327 -0.007852 0.047698 0.774839 0.624103 0.088571
1305031934.801627 1.599440 0.080775 -0.008740 0.044649 0.775594 0.622451 0.094949
1305031934.836769 1.585126 0.079477 -0.009269 0.041978 0.777238 0.619535 0.101570
1305031934.869115 1.561767 0.071329 -0.015023 0.039600 0.777582 0.616648 0.116374
1305031934.901010 1.546758 0.067187 -0.019487 0.036720 0.778376 0.614125 0.125034
1305031934.937234 1.526316 0.068512 -0.022843 0.034919 0.781239 0.608183 0.136234
1305031934.969077 1.511130 0.062671 -0.027502 0.030181 0.784906 0.601762 0.144549
1305031935.001270 1.490801 0.064997 -0.027525 0.027229 0.790310 0.592307 0.154407
1305031935.036852 1.475356 0.061521 -0.030419 0.025423 0.794104 0.585705 0.160321
1305031935.069722 1.460745 0.060804 -0.033359 0.027171 0.798025 0.578668 0.166013
1305031935.100912 1.438389 0.058674 -0.033622 0.029760 0.800775 0.573157 0.171362
1305031935.136853 1.424998 0.056624 -0.040949 0.028707 0.801315 0.571711 0.173829
1305031935.169281 1.405914 0.053528 -0.051628 0.030719 0.801408 0.568729 0.182620
1305031935.200951 1.393072 0.054691 -0.053160 0.034750 0.803423 0.565361 0.183498
1305031935.237095 1.379454 0.059195 -0.057332 0.041092 0.803321 0.564483 0.185326
1305031935.268965 1.365352 0.060713 -0.063296 0.046326 0.802670 0.564215 0.187713
1305031935.300805 1.346895 0.058461 -0.067806 0.049416 0.802525 0.563824 0.188720
1305031935.336810 1.333788 0.059985 -0.075029 0.051137 0.802987 0.564006 0.185724
1305031935.368827 1.317783 0.059701 -0.079857 0.055600 0.803376 0.564901 0.179952
1305031935.400848 1.305115 0.063493 -0.087185 0.061009 0.803519 0.566943 0.170912
1305031935.436887 1.294302 0.065615 -0.094454 0.067335 0.803580 0.568928 0.161387
1305031935.468890 1.283460 0.066344 -0.104887 0.072713 0.803456 0.570487 0.154001
1305031935.500863 1.272287 0.068563 -0.114727 0.077531 0.805637 0.569009 0.145491
1305031935.536900 1.253141 0.066534 -0.130584 0.084478 0.806603 0.566898 0.144506
1305031935.568783 1.238736 0.065384 -0.142219 0.089268 0.810395 0.562851 0.135974
1305031935.600963 1.225522 0.065746 -0.155304 0.092228 0.815812 0.557284 0.124013
1305031935.636916 1.212528 0.062562 -0.165757 0.092377 0.823501 0.548521 0.111520
1305031935.669100 1.196182 0.058606 -0.177914 0.090769 0.832973 0.537185 0.096698
1305031935.700948 1.187979 0.054256 -0.181205 0.083188 0.843217 0.524836 0.081317
1305031935.736900 1.177478 0.051712 -0.170659 0.068382 0.855021 0.509797 0.066113
1305031935.768974 1.166531 0.043930 -0.183192 0.058606 0.863958 0.498060 0.045577
1305031935.801178 1.159905 0.039904 -0.188027 0.049651 0.871194 0.487704 0.026480
1305031935.836877 1.158747 0.046927 -0.196692 0.043541 0.877027 0.478349 0.010472
1305031935.869025 1.160646 0.028376 -0.193245 0.039507 0.881441 0.470612 -0.004986
1305031935.901144 1.162116 0.046481 -0.207669 0.032620 0.886284 0.461696 -0.016555
1305031935.936825 1.120794 0.027241 -0.246745 0.034138 0.887087 0.460114 -0.014350
1305031935.969109 1.115655 0.024994 -0.252141 0.026967 0.892111 0.450585 -0.019615
1305031936.000820 1.110159 0.023743 -0.260145 0.020656 0.896624 0.441617 -0.024753
1305031936.036965 1.099418 0.029255 -0.266264 0.015137 0.901211 0.432116 -0.029421
1305031936.068809 1.094732 0.024998 -0.269387 0.010835 0.904721 0.424300 -0.036506
1305031936.100718 1.090442 0.030176 -0.272730 0.006393 0.908072 0.416369 -0.044734
1305031936.137490 1.092084 0.027326 -0.275914 0.004549 0.910516 0.409744 -0.055228
1305031936.168897 1.084724 0.028783 -0.280140 0.004107 0.911888 0.405607 -0.062664
1305031936.200867 1.074431 0.030599 -0.291956 0.005147 0.913282 0.401153 -0.070476
1305031936.237546 1.068076 0.033633 -0.297170 0.004609 0.915843 0.393830 -0.078151
1305031936.268981 1.066715 0.032061 -0.297938 0.004431 0.917852 0.387158 -0.087387
1305031936.300816 1.059252 0.031143 -0.306236 0.008353 0.919328 0.381284 -0.096895
1305031936.336863 1.048422 0.035990 -0.306894 0.016638 0.921745 0.372817 -0.105440
1305031936.368927 1.037984 0.039073 -0.308564 0.023255 0.923408 0.366014 -0.113185
1305031936.400840 1.032345 0.039783 -0.311611 0.028057 0.924371 0.360156 -0.122636
1305031936.436777 1.025024 0.040443 -0.315629 0.031127 0.925212 0.355231 -0.129712
1305031936.468789 1.019724 0.041598 -0.323243 0.034108 0.925813 0.350653 -0.136931
1305031936.500753 1.014099 0.046405 -0.325612 0.036596 0.927221 0.344405 -0.142505
1305031936.536847 1.012315 0.048370 -0.330341 0.037743 0.928062 0.340030 -0.147157
1305031936.569452 1.006669 0.045782 -0.336611 0.042175 0.928437 0.337299 -0.149854
1305031936.600821 0.988677 0.048393 -0.341497 0.051388 0.929536 0.335460 -0.144180
1305031936.636879 0.986074 0.057882 -0.339577 0.051678 0.930383 0.332516 -0.145430
1305031936.668885 0.968358 0.066028 -0.340418 0.051209 0.931027 0.330623 -0.145788
1305031936.700881 0.969733 0.079605 -0.339147 0.049058 0.931948 0.325363 -0.152330
1305031936.737504 0.974535 0.082052 -0.338666 0.051064 0.930899 0.325890 -0.156890
1305031936.768825 0.955625 0.086951 -0.340842 0.053591 0.929775 0.329737 -0.154662
1305031936.800856 0.953196 0.089383 -0.341931 0.057903 0.927839 0.333495 -0.156662
1305031936.836845 0.957566 0.107970 -0.338126 0.060632 0.926253 0.336912 -0.157699
1305031936.868891 0.935126 0.123611 -0.340433 0.066151 0.923034 0.347384 -0.151513
1305031936.900833 0.924688 0.131610 -0.343785 0.071459 0.919108 0.358828 -0.146206
1305031936.936914 0.907972 0.146196 -0.342688 0.075238 0.915197 0.370867 -0.138605
1305031936.968821 0.894060 0.159345 -0.343884 0.077453 0.909975 0.385370 -0.132046
1305031937.001118 0.873457 0.162924 -0.354819 0.085748 0.904130 0.400903 -0.120300
1305031937.036874 0.866859 0.172237 -0.355804 0.088882 0.899632 0.412430 -0.112535
1305031937.068765 0.856583 0.187435 -0.358269 0.095640 0.893942 0.425606 -0.102861
1305031937.100716 0.852140 0.192122 -0.359535 0.098652 0.888906 0.437285 -0.094320
1305031937.136838 0.846866 0.197788 -0.357941 0.101928 0.883942 0.447712 -0.088382
1305031937.168856 0.839405 0.210410 -0.356496 0.105631 0.877961 0.459390 -0.083583
1305031937.200813 0.826709 0.218169 -0.365090 0.112701 0.870136 0.473283 -0.078513
1305031937.236893 0.825752 0.220396 -0.366515 0.119406 0.862137 0.486780 -0.074210
1305031937.268821 0.815979 0.235971 -0.361652 0.125386 0.854889 0.498759 -0.068424
1305031937.300783 0.809674 0.248552 -0.356465 0.131276 0.847938 0.509540 -0.064313
1305031937.336862 0.810515 0.257200 -0.342302 0.134418 0.841956 0.519040 -0.060334
1305031937.368734 0.807931 0.277298 -0.331820 0.134955 0.836689 0.527409 -0.059827
1305031937.400796 0.802955 0.287778 -0.323888 0.136127 0.830993 0.536006 -0.060142
1305031937.438211 0.790117 0.291084 -0.340178 0.142152 0.819793 0.552259 -0.052364
1305031937.468824 0.787268 0.299914 -0.339912 0.143158 0.812214 0.563390 -0.049047
1305031937.500797 0.785221 0.305536 -0.344840 0.142985 0.802368 0.577643 -0.045698
1305031937.536931 0.784277 0.313488 -0.343640 0.143971 0.792201 0.591409 -0.043887
1305031937.568829 0.783652 0.320231 -0.337121 0.145084 0.782489 0.604063 -0.042054
1305031937.600746 0.784336 0.334275 -0.335984 0.146123 0.772372 0.616748 -0.041371
1305031937.636891 0.781376 0.343484 -0.326455 0.145055 0.764643 0.626531 -0.041700
1305031937.668803 0.783304 0.349929 -0.313998 0.143648 0.756292 0.636748 -0.044040
1305031937.700837 0.765836 0.375925 -0.303360 0.145020 0.749456 0.644485 -0.043862
1305031937.736899 0.765157 0.380690 -0.304991 0.144702 0.740877 0.654144 -0.047517
1305031937.768919 0.756101 0.399137 -0.295270 0.143019 0.735681 0.660381 -0.047082
1305031937.800834 0.749719 0.410401 -0.287620 0.139748 0.732351 0.664599 -0.049410
1305031937.836877 0.750003 0.412459 -0.286559 0.136825 0.726479 0.671164 -0.055184
1305031937.868807 0.747123 0.420131 -0.289740 0.134797 0.719547 0.678427 -0.061803
1305031937.900823 0.732914 0.425969 -0.280964 0.135264 0.713765 0.684429 -0.061637
1305031937.936960 0.736489 0.431905 -0.279690 0.132506 0.706434 0.691274 -0.074391
1305031937.968830 0.732609 0.442381 -0.279465 0.130310 0.699675 0.697176 -0.086141
1305031938.000822 0.730898 0.449295 -0.277526 0.127352 0.693680 0.702082 -0.098339
1305031938.036945 0.722909 0.461493 -0.275946 0.125551 0.687362 0.706929 -0.109644
1305031938.068761 0.715784 0.467714 -0.276998 0.123075 0.682379 0.710300 -0.121184
1305031938.100744 0.717824 0.468337 -0.276151 0.118752 0.676504 0.714414 -0.133613
1305031938.136885 0.710893 0.476173 -0.277273 0.118098 0.668226 0.719531 -0.147653
1305031938.168914 0.705944 0.478382 -0.277493 0.121063 0.658931 0.724231 -0.163227
1305031938.200883 0.697036 0.484538 -0.270525 0.124392 0.650310 0.728689 -0.175030
1305031938.236878 0.698031 0.499808 -0.271334 0.122854 0.642356 0.732637 -0.188491
1305031938.268809 0.689437 0.507365 -0.268401 0.123660 0.635814 0.734386 -0.202793
1305031938.300837 0.684933 0.509821 -0.266217 0.120086 0.631408 0.734697 -0.217079
1305031938.336900 0.687265 0.514694 -0.267295 0.114145 0.627521 0.734647 -0.231262
1305031938.368914 0.666608 0.521010 -0.272950 0.115557 0.621284 0.736284 -0.241950
1305031938.400842 0.667101 0.520798 -0.266405 0.108579 0.620507 0.734338 -0.252841
1305031938.436889 0.665732 0.525299 -0.265984 0.102471 0.619123 0.731582 -0.266409
1305031938.468781 0.662403 0.525324 -0.271291 0.097220 0.617275 0.729230 -0.278826
1305031938.501288 0.658470 0.524168 -0.269630 0.091924 0.616692 0.726754 -0.288218
1305031938.537028 0.659853 0.531339 -0.274099 0.084402 0.617092 0.722631 -0.299795
1305031938.568999 0.646756 0.524197 -0.260077 0.077643 0.624099 0.714784 -0.305869
1305031938.601007 0.633365 0.526536 -0.269381 0.068466 0.624540 0.713308 -0.310570
1305031938.637299 0.630643 0.526249 -0.264829 0.057317 0.631026 0.705367 -0.317770
1305031938.668747 0.624224 0.518735 -0.268691 0.048957 0.636415 0.697607 -0.325458
1305031938.700851 0.598976 0.516486 -0.269513 0.040427 0.644043 0.695186 -0.316686
1305031938.736859 0.591978 0.511377 -0.265324 0.026207 0.655037 0.684137 -0.319682
1305031938.769073 0.583377 0.500686 -0.270622 0.015997 0.661417 0.675898 -0.324706
1305031938.800781 0.588139 0.494432 -0.269015 -0.000202 0.671212 0.663073 -0.331374
1305031938.836754 0.580923 0.492309 -0.291543 -0.012972 0.674077 0.656673 -0.337984
1305031938.869057 0.459284 0.441292 -0.381391 -0.002808 0.658903 0.687861 -0.304444
1305031938.900976 0.446650 0.441770 -0.354346 -0.023531 0.680145 0.668745 -0.299382
1305031938.936828 0.893075 0.584684 -0.204038 -0.093856 0.706567 0.535860 -0.452558
1305031938.969026 0.895093 0.575605 -0.199723 -0.098495 0.712926 0.519644 -0.460440
1305031939.001030 0.886590 0.556927 -0.218114 -0.105862 0.714418 0.514852 -0.461874
1305031939.037090 0.888398 0.550015 -0.222661 -0.112937 0.718289 0.504404 -0.465707
1305031939.069377 0.889610 0.540565 -0.225279 -0.119367 0.723021 0.493138 -0.468836
1305031939.101368 0.892392 0.534069 -0.227140 -0.124280 0.728253 0.480482 -0.472587
1305031939.137143 0.895445 0.529792 -0.227769 -0.131729 0.734059 0.466103 -0.475976
1305031939.168815 0.899764 0.527023 -0.226689 -0.142021 0.741144 0.450083 -0.477452
1305031939.200865 0.901801 0.517399 -0.229650 -0.146832 0.747056 0.437078 -0.478863
1305031939.237165 0.901664 0.502604 -0.234436 -0.151772 0.752990 0.424315 -0.479508
1305031939.268824 0.905630 0.502944 -0.233566 -0.161748 0.759208 0.407995 -0.480605
1305031939.300842 0.906936 0.492702 -0.233273 -0.172237 0.765138 0.393744 -0.479442
1305031939.336729 0.909442 0.489467 -0.231477 -0.183197 0.771447 0.375541 -0.479873
1305031939.368966 0.913381 0.478845 -0.236756 -0.196468 0.777405 0.356805 -0.479303
1305031939.400848 0.918889 0.479277 -0.234299 -0.207215 0.783590 0.337064 -0.478996
1305031939.436845 0.920867 0.466581 -0.245315 -0.210827 0.786678 0.327018 -0.479322
1305031939.468851 0.926097 0.462877 -0.242343 -0.216409 0.791587 0.313896 -0.477521
1305031939.500839 0.929849 0.457509 -0.240145 -0.220441 0.796331 0.303403 -0.474562
1305031939.536755 0.932342 0.452602 -0.238175 -0.222661 0.799908 0.292902 -0.474107
1305031939.568772 0.928361 0.440788 -0.244066 -0.223258 0.803968 0.289898 -0.468776
1305031939.600838 0.923098 0.435675 -0.236514 -0.225243 0.807773 0.280125 -0.467225
1305031939.636792 0.924637 0.428442 -0.234171 -0.226217 0.808917 0.273543 -0.468672
1305031939.668867 0.929472 0.419239 -0.233452 -0.225104 0.809296 0.269256 -0.471030
1305031939.700830 0.922805 0.394360 -0.227945 -0.221581 0.810426 0.271682 -0.469362
1305031939.736750 0.923314 0.394645 -0.225639 -0.220218 0.808950 0.266854 -0.475281
1305031939.768919 0.922312 0.383074 -0.221888 -0.216954 0.807612 0.265422 -0.479839
1305031939.803671 0.919455 0.387634 -0.214534 -0.217955 0.804738 0.260216 -0.487012
1305031939.837145 0.919159 0.380872 -0.218774 -0.214890 0.798225 0.258678 -0.499745
1305031939.869215 0.920723 0.376580 -0.214838 0.215216 -0.791244 -0.255870 0.512001
1305031939.903633 0.906861 0.377514 -0.205995 0.212924 -0.787324 -0.251922 0.520883
1305031939.937192 0.909846 0.372273 -0.209127 0.207146 -0.778869 -0.252892 0.535256
1305031939.968904 0.902421 0.373883 -0.202682 0.204373 -0.769816 -0.256948 0.547351
1305031940.005582 0.898341 0.367707 -0.207805 0.198692 -0.757354 -0.264836 0.562849
1305031940.037088 0.887904 0.376555 -0.199389 0.198874 -0.747056 -0.266337 0.575692
1305031940.068783 0.879979 0.375740 -0.209003 0.198060 -0.733141 -0.270729 0.591593
1305031940.104265 0.868857 0.372853 -0.205457 0.201535 -0.722327 -0.271355 0.603319
1305031940.136746 0.861188 0.373958 -0.205210 0.205306 -0.712094 -0.269875 0.614767
1305031940.168737 0.853352 0.375411 -0.202463 0.207437 -0.703854 -0.266128 0.625088
1305031940.200829 0.851096 0.378458 -0.204228 0.207360 -0.696597 -0.262245 0.634808
1305031940.236742 0.849655 0.373185 -0.204596 0.203146 -0.690502 -0.261385 0.643131
1305031940.269041 0.834392 0.381290 -0.200273 0.200825 -0.683486 -0.256677 0.653172
1305031940.301146 0.824472 0.381493 -0.205761 0.196464 -0.672878 -0.253780 0.666508
1305031940.336732 0.822649 0.383672 -0.205852 0.195949 -0.660184 -0.250829 0.680328
1305031940.369236 0.828416 0.380077 -0.198185 0.189907 -0.647376 -0.249913 0.694538
1305031940.403665 0.823177 0.382258 -0.204893 0.181085 -0.629849 -0.247498 0.713613
1305031940.436756 0.814255 0.387193 -0.201922 0.173332 -0.615067 -0.242023 0.730119
1305031940.468746 0.813795 0.392937 -0.189074 0.163675 -0.604860 -0.234299 0.743276
1305031940.503804 0.786543 0.396432 -0.195972 0.154960 -0.594809 -0.237352 0.752232
1305031940.536724 0.781130 0.403082 -0.190538 0.150730 -0.585702 -0.232651 0.761647
1305031940.568758 0.772563 0.412268 -0.189420 0.146284 -0.576206 -0.229307 0.770718
1305031940.603364 0.756065 0.416799 -0.194078 0.144638 -0.565236 -0.230123 0.778866
1305031940.636761 0.744588 0.418990 -0.194243 0.145192 -0.554612 -0.226831 0.787320
1305031940.668762 0.749541 0.421214 -0.186471 0.144622 -0.545919 -0.223360 0.794460
1305031940.703222 0.736543 0.426064 -0.188006 0.145333 -0.534765 -0.223865 0.801741
1305031940.736947 0.727736 0.427025 -0.184436 0.145485 -0.525286 -0.223697 0.808002
1305031940.768772 0.723109 0.428183 -0.180204 0.144294 -0.516904 -0.223163 0.813750
1305031940.803047 0.724064 0.428787 -0.172490 0.141845 -0.509612 -0.223879 0.818568
1305031940.836755 0.708263 0.432487 -0.171037 0.139831 -0.500114 -0.225759 0.824237
1305031940.869689 0.711703 0.430974 -0.160156 0.137264 -0.494085 -0.230177 0.827078
1305031940.903305 0.692000 0.435401 -0.164341 0.133601 -0.482305 -0.236908 0.832711
1305031940.937034 0.681871 0.438731 -0.156323 0.130289 -0.473735 -0.241503 0.836825
1305031940.968758 0.675701 0.440149 -0.136266 0.127462 -0.467310 -0.245804 0.839616
1305031941.003160 0.665999 0.443907 -0.122250 0.124915 -0.460207 -0.248924 0.842996
1305031941.036777 0.636946 0.435538 -0.133290 0.120204 -0.453597 -0.261160 0.843561
1305031941.071057 0.622200 0.440091 -0.128830 0.118209 -0.447164 -0.264623 0.846195
1305031941.103422 0.607065 0.442237 -0.119517 0.115959 -0.441812 -0.268175 0.848197
1305031941.136774 0.593534 0.443249 -0.106602 0.113865 -0.436369 -0.270131 0.850674
1305031941.171144 0.579139 0.442595 -0.096804 0.109932 -0.430442 -0.268601 0.854686
1305031941.203508 0.565160 0.437314 -0.078928 0.107660 -0.426235 -0.265645 0.858001
1305031941.236705 0.549789 0.442640 -0.069379 0.107884 -0.418245 -0.262173 0.862959
1305031941.271129 0.536525 0.441729 -0.058575 0.106084 -0.411277 -0.257756 0.867847
1305031941.303362 0.517985 0.439192 -0.045827 0.105185 -0.403311 -0.252438 0.873242
1305031941.336734 0.498641 0.439448 -0.042507 0.103976 -0.396843 -0.251092 0.876731
1305031941.371607 0.478383 0.445959 -0.057863 0.099459 -0.385111 -0.242325 0.884916
1305031941.403845 0.464593 0.448589 -0.054092 0.092004 -0.379515 -0.232524 0.890751
1305031941.436799 0.442958 0.441204 -0.054749 0.079690 -0.373259 -0.220299 0.897661
1305031941.469611 0.430335 0.437357 -0.050102 0.069451 -0.371285 -0.204160 0.903130
1305031941.501458 0.418774 0.441131 -0.036510 0.063004 -0.369612 -0.192921 0.906752
1305031941.537220 0.406699 0.437526 -0.012435 0.059451 -0.366173 -0.187117 0.909599
1305031941.570287 0.401945 0.432786 -0.002545 0.057706 -0.358259 -0.181179 0.914054
1305031941.603047 0.390669 0.435053 0.004699 0.056264 -0.345720 -0.175160 0.920126
1305031941.636822 0.378821 0.440822 0.008281 0.053087 -0.331609 -0.171423 0.926192
1305031941.671554 0.359206 0.433359 0.006434 0.044928 -0.317514 -0.164631 0.932772
1305031941.703763 0.342470 0.427057 0.012692 0.043893 -0.310917 -0.165708 0.934850
1305031941.736866 0.329753 0.431232 0.011398 0.045682 -0.300769 -0.162837 0.938581
1305031941.768815 0.308807 0.435824 0.007402 0.045194 -0.289159 -0.161671 0.942447
1305031941.800820 0.294425 0.437569 0.012423 0.046739 -0.282131 -0.162717 0.944320
1305031941.836848 0.278761 0.435674 0.011572 0.048880 -0.274958 -0.163926 0.946117
1305031941.871813 0.265517 0.439763 0.015925 0.052756 -0.270270 -0.163654 0.947306
1305031941.902976 0.248664 0.436353 0.016239 0.056581 -0.265600 -0.162332 0.948632
1305031941.936760 0.236571 0.441867 0.019293 0.064714 -0.262386 -0.160074 0.949390
1305031941.971057 0.221428 0.445706 0.021105 0.070812 -0.258576 -0.156406 0.950611
1305031942.003141 0.205537 0.452956 0.018318 0.078154 -0.254131 -0.151819 0.951977
1305031942.036729 0.183881 0.454854 0.017983 0.083441 -0.255601 -0.156862 0.950316
1305031942.071082 0.164599 0.465237 0.007102 0.088854 -0.254991 -0.154896 0.950311
1305031942.100691 0.154842 0.476091 0.007231 0.085593 -0.253970 -0.158293 0.950324
1305031942.136758 0.140053 0.480782 0.013563 0.079844 -0.251159 -0.163161 0.950748
1305031942.170749 0.131922 0.482266 0.021640 0.079831 -0.250004 -0.166343 0.950502
1305031942.203108 0.119690 0.497533 0.022898 0.079089 -0.245316 -0.169277 0.951268
1305031942.238994 0.110287 0.495311 0.030124 0.073718 -0.242486 -0.173157 0.951726
1305031942.271105 0.103566 0.503625 0.036429 0.073103 -0.237978 -0.174378 0.952688
1305031942.303257 0.093325 0.512223 0.038989 0.064191 -0.233610 -0.174823 0.954328
1305031942.337047 0.080462 0.515611 0.043034 0.056876 -0.230594 -0.174606 0.955565
1305031942.370761 0.066322 0.530900 0.046467 0.050693 -0.227546 -0.172854 0.956961
1305031942.402939 0.048708 0.538297 0.051513 0.045165 -0.229687 -0.182761 0.954883
1305031942.439262 0.042535 0.542053 0.066750 0.045272 -0.233516 -0.190459 0.952442
1305031942.471958 0.037706 0.540839 0.074181 0.048065 -0.235805 -0.192440 0.951342
1305031942.503553 0.028297 0.544478 0.073897 0.047749 -0.234593 -0.191370 0.951874
1305031942.539453 0.018980 0.543236 0.081479 0.046960 -0.236923 -0.190786 0.951453
1305031942.571867 0.009052 0.544637 0.082802 0.049103 -0.239674 -0.191834 0.950445
1305031942.601448 0.002944 0.546423 0.088664 0.049907 -0.244317 -0.192809 0.949022
1305031942.639942 -0.005359 0.547713 0.092351 0.050503 -0.247581 -0.194892 0.947718
1305031942.669006 -0.008693 0.542195 0.094011 0.045654 -0.252159 -0.199811 0.945731
1305031942.704015 -0.020407 0.545119 0.102814 0.042711 -0.255246 -0.205565 0.943805
1305031942.739812 -0.024357 0.546337 0.108367 0.040637 -0.257437 -0.211567 0.941974
1305031942.771708 -0.028383 0.546703 0.120309 0.038494 -0.259154 -0.213730 0.941104
1305031942.801557 -0.047094 0.536138 0.122721 0.035369 -0.255665 -0.218545 0.941075
1305031942.841042 -0.054223 0.532230 0.128543 0.033220 -0.255217 -0.220585 0.940799
1305031942.868828 -0.063237 0.529790 0.135036 0.030804 -0.257306 -0.222533 0.939853
1305031942.903960 -0.066590 0.520868 0.143233 0.026852 -0.262137 -0.226176 0.937767
1305031942.936816 -0.080681 0.517981 0.147993 0.024649 -0.265454 -0.236774 0.934272
1305031942.970936 -0.087818 0.518781 0.152503 0.026770 -0.265121 -0.238697 0.933819
1305031943.001103 -0.093215 0.516712 0.160505 0.027521 -0.266230 -0.240069 0.933130
1305031943.039961 -0.096543 0.507914 0.167053 0.028869 -0.271901 -0.244263 0.930361
1305031943.071743 -0.097897 0.501129 0.171297 0.027917 -0.276577 -0.247319 0.928202
1305031943.104177 -0.109350 0.497873 0.176613 0.026241 -0.276955 -0.249876 0.927453
1305031943.139521 -0.116076 0.488775 0.181997 0.025250 -0.277916 -0.249483 0.927299
1305031943.171912 -0.118944 0.479784 0.188888 0.023975 -0.279543 -0.247302 0.927428
1305031943.201564 -0.122404 0.474531 0.197140 0.025105 -0.280887 -0.245868 0.927373
1305031943.240004 -0.126217 0.461382 0.203555 0.024733 -0.281391 -0.245273 0.927388
1305031943.271805 -0.128991 0.448283 0.212117 0.024623 -0.283003 -0.243478 0.927373
1305031943.303965 -0.141892 0.442685 0.215483 0.030708 -0.282795 -0.243128 0.927347
1305031943.339941 -0.132820 0.417257 0.226248 0.033261 -0.290583 -0.241657 0.925234
1305031943.371774 -0.135622 0.408775 0.228284 0.040884 -0.292661 -0.238907 0.924987
1305031943.404245 -0.141884 0.381232 0.231481 0.042022 -0.298008 -0.243624 0.921994
1305031943.440153 -0.141385 0.362800 0.235151 0.047981 -0.302299 -0.240837 0.921038
1305031943.471431 -0.141352 0.347827 0.233803 0.054524 -0.303675 -0.240750 0.920243
1305031943.501108 -0.141423 0.330479 0.238862 0.057451 -0.305379 -0.238964 0.919967
1305031943.539525 -0.142557 0.314612 0.238098 0.063021 -0.306263 -0.236562 0.919929
1305031943.570021 -0.142690 0.308384 0.236416 0.069820 -0.305710 -0.233406 0.920429
1305031943.607467 -0.136375 0.301790 0.244146 0.074072 -0.307712 -0.231006 0.920034
1305031943.638026 -0.140726 0.301358 0.237955 0.074736 -0.302644 -0.231236 0.921603
1305031943.671504 -0.138960 0.268228 0.243959 0.072634 -0.304215 -0.231336 0.921228
1305031943.707251 -0.143038 0.254843 0.238581 0.082145 -0.303062 -0.230013 0.921140
1305031943.739428 -0.138543 0.247384 0.241165 0.094624 -0.305851 -0.228492 0.919398
1305031943.771329 -0.140181 0.245782 0.236869 0.103654 -0.305377 -0.227938 0.918719
1305031943.806822 -0.138385 0.244288 0.237317 0.112680 -0.307475 -0.228458 0.916826
1305031943.837754 -0.143496 0.216901 0.233937 0.112329 -0.311908 -0.239615 0.912513
1305031943.868873 -0.149934 0.205370 0.224554 0.119284 -0.313523 -0.241412 0.910601
1305031943.907218 -0.146649 0.202385 0.227936 0.131378 -0.319251 -0.240310 0.907232
1305031943.936768 -0.157749 0.186889 0.217442 0.135733 -0.321292 -0.240461 0.905829
1305031943.971278 -0.156961 0.179142 0.216475 0.149319 -0.327394 -0.236875 0.902445
1305031944.007760 -0.147925 0.183465 0.225457 0.162396 -0.330519 -0.231914 0.900334
1305031944.040486 -0.139814 0.159392 0.221646 0.166573 -0.330551 -0.224751 0.901375
1305031944.070886 -0.135663 0.157205 0.222922 0.180161 -0.326613 -0.216941 0.902110
1305031944.107390 -0.137877 0.151197 0.216936 0.189115 -0.319689 -0.207423 0.904992
1305031944.139656 -0.134073 0.153716 0.218696 0.199927 -0.316763 -0.196973 0.906031
1305031944.171370 -0.137310 0.160839 0.212787 0.208868 -0.311583 -0.189132 0.907480
1305031944.206998 -0.129339 0.180262 0.222025 0.220009 -0.311007 -0.178680 0.907163
1305031944.239334 -0.128321 0.145608 0.208620 0.212645 -0.310062 -0.179727 0.909033
1305031944.270963 -0.123037 0.147544 0.206865 0.216017 -0.306590 -0.174139 0.910502
1305031944.306934 -0.121126 0.156800 0.203340 0.221133 -0.299859 -0.166643 0.912915
1305031944.339308 -0.111231 0.174239 0.212435 0.229993 -0.294488 -0.158126 0.913989
1305031944.370745 -0.105954 0.176327 0.210704 0.230785 -0.287454 -0.149382 0.917493
1305031944.406233 -0.102392 0.181310 0.211380 0.231168 -0.279502 -0.139285 0.921434
1305031944.438724 -0.104269 0.183285 0.206574 0.226577 -0.265569 -0.128413 0.928249
1305031944.471304 -0.080852 0.179653 0.206428 0.220681 -0.257362 -0.114555 0.933778
1305031944.506947 -0.073150 0.178485 0.205959 0.219946 -0.243442 -0.104040 0.938901
1305031944.539069 -0.074175 0.186332 0.197676 0.218251 -0.225969 -0.096035 0.944501
1305031944.571530 -0.073466 0.193784 0.202240 0.216359 -0.213668 -0.088340 0.948542
1305031944.607229 -0.064480 0.192331 0.195766 0.208834 -0.203978 -0.084750 0.952680
1305031944.639625 -0.059835 0.194376 0.193710 0.201601 -0.192308 -0.080491 0.957024
1305031944.671779 -0.047181 0.192208 0.189392 0.193257 -0.181224 -0.078239 0.961087
1305031944.707774 -0.042115 0.192652 0.186781 0.182999 -0.164996 -0.076660 0.966132
1305031944.739941 -0.038878 0.181052 0.185351 0.173692 -0.149188 -0.072477 0.970732
1305031944.769058 -0.035512 0.186544 0.186174 0.173062 -0.134215 -0.068314 0.973329
1305031944.807919 -0.033146 0.192150 0.184543 0.170342 -0.121845 -0.065440 0.975630
1305031944.839956 -0.023869 0.194681 0.175382 0.163587 -0.113788 -0.063075 0.977913
1305031944.875719 -0.028844 0.183556 0.180124 0.155206 -0.104453 -0.060317 0.980491
1305031944.904670 -0.021028 0.187422 0.188096 0.153928 -0.098396 -0.057111 0.981510
1305031944.939702 -0.015757 0.185298 0.180718 0.148000 -0.088533 -0.057441 0.983340
1305031944.969076 -0.015373 0.176713 0.182027 0.145878 -0.079506 -0.053040 0.984675
1305031945.007437 -0.023135 0.164851 0.173423 0.155217 -0.074700 -0.048168 0.983874
1305031945.039937 -0.013278 0.159520 0.160656 0.173095 -0.073162 -0.038958 0.981411
1305031945.069177 -0.009601 0.162217 0.150967 0.190069 -0.073488 -0.031702 0.978503
1305031945.107523 -0.004322 0.152954 0.153183 0.206704 -0.078316 -0.022894 0.974995
1305031945.136772 0.001044 0.149709 0.147096 0.227864 -0.080944 -0.022710 0.970057
1305031945.168992 0.008300 0.151873 0.142261 0.246427 -0.085462 -0.021498 0.965146
1305031945.207107 0.015577 0.147125 0.145735 0.263016 -0.088478 -0.024386 0.960416
1305031945.238859 0.027103 0.154695 0.151420 0.276490 -0.086259 -0.029032 0.956697
1305031945.269070 0.029295 0.154692 0.148581 0.283060 -0.080778 -0.031334 0.955181
1305031945.306358 0.027708 0.143473 0.141278 0.287894 -0.078246 -0.030445 0.953975
1305031945.338940 0.028412 0.136892 0.141242 0.298263 -0.080823 -0.029613 0.950595
1305031945.369056 0.040764 0.147289 0.147045 0.309070 -0.087988 -0.025496 0.946617
1305031945.406657 0.044662 0.140712 0.146468 0.316423 -0.095011 -0.024046 0.943542
1305031945.436818 0.057590 0.125144 0.134328 0.326377 -0.102019 -0.026411 0.939347
1305031945.469167 0.073070 0.132104 0.136710 0.339021 -0.106457 -0.028828 0.934291
1305031945.506438 0.073052 0.123016 0.141774 0.343640 -0.105156 -0.033340 0.932600
1305031945.538422 0.078954 0.117741 0.151145 0.351761 -0.100220 -0.037385 0.929959
1305031945.569071 0.142101 0.112679 0.045725 0.349586 -0.104539 -0.048451 0.929792
1305031945.606029 0.159085 0.125379 0.053033 0.352725 -0.100210 -0.044045 0.929303
1305031945.638298 0.156139 0.113021 0.054164 0.349572 -0.094684 -0.042521 0.931142
1305031945.669116 0.189567 0.136608 0.055948 0.349672 -0.097113 -0.041840 0.930886
1305031945.706215 0.203025 0.138337 0.056787 0.343529 -0.095063 -0.042572 0.933348
1305031945.738673 0.213401 0.133612 0.065262 0.337983 -0.090660 -0.043994 0.935742
1305031945.769045 0.231676 0.131300 0.039470 0.327287 -0.084669 -0.044611 0.940066
1305031945.806240 0.237893 0.134124 0.039844 0.315281 -0.077990 -0.043410 0.944791
1305031945.838266 0.253007 0.136025 0.043546 0.303385 -0.073683 -0.043256 0.949030
1305031945.869258 0.259992 0.144979 0.054294 0.290343 -0.067899 -0.040224 0.953663
1305031945.909177 0.266629 0.144152 0.057247 0.269273 -0.060831 -0.038240 0.960380
1305031945.936806 0.279403 0.131283 0.042728 0.246880 -0.051733 -0.037994 0.966918
1305031945.969300 0.284838 0.148226 0.071287 0.236881 -0.044722 -0.036987 0.969804
1305031946.005983 0.294940 0.153672 0.074382 0.219229 -0.032282 -0.033311 0.974570
1305031946.037278 0.300988 0.148609 0.070322 0.199826 -0.019025 -0.029585 0.979200
1305031946.069057 0.307521 0.147226 0.077052 0.185956 -0.009614 -0.021620 0.982273
1305031946.107140 0.316439 0.155217 0.073863 0.176127 0.000190 -0.016637 0.984227
1305031946.137054 0.320542 0.152705 0.072733 0.167438 0.008363 -0.013770 0.985751
1305031946.168867 0.326286 0.159636 0.071796 0.163569 0.015112 -0.013217 0.986328
1305031946.207043 0.333354 0.167131 0.066236 0.157402 0.019693 -0.009680 0.987291
1305031946.237369 0.341119 0.179953 0.064150 0.152506 0.022149 -0.007443 0.988026
1305031946.268902 0.339369 0.184781 0.058399 0.143888 0.023153 -0.007102 0.989298
1305031946.306775 0.343807 0.193067 0.052269 0.135868 0.018363 -0.011156 0.990494
1305031946.337036 0.345934 0.203982 0.042283 0.128224 0.013890 -0.014223 0.991546
1305031946.369021 0.349025 0.213630 0.029050 0.119919 0.011023 -0.017580 0.992567
1305031946.406520 0.350552 0.223061 0.017699 0.112867 0.009206 -0.020463 0.993357
1305031946.437150 0.352411 0.232488 0.002978 0.108257 0.006322 -0.021564 0.993869
1305031946.468964 0.354118 0.243263 -0.011192 0.104701 0.003485 -0.021055 0.994275
1305031946.506586 0.346687 0.254835 -0.024337 0.102575 0.000287 -0.027004 0.994359
1305031946.537148 0.353617 0.263813 -0.039309 0.099380 -0.001590 -0.026843 0.994686
1305031946.569238 0.358592 0.274850 -0.054807 0.098050 -0.000939 -0.024993 0.994867
1305031946.606469 0.362706 0.286370 -0.069402 0.096458 0.002591 -0.021717 0.995097
1305031946.637163 0.366845 0.294224 -0.086135 0.095103 0.007086 -0.019424 0.995253
1305031946.669089 0.368792 0.305086 -0.100314 0.094891 0.012955 -0.018688 0.995228
1305031946.706515 0.371181 0.314880 -0.116371 0.094922 0.018957 -0.019279 0.995117
1305031946.737134 0.370797 0.328230 -0.130163 0.094258 0.023889 -0.020572 0.995048
1305031946.769059 0.372953 0.337405 -0.145492 0.089813 0.027137 -0.021233 0.995362
1305031946.806647 0.368071 0.345894 -0.158463 0.087003 0.030399 -0.026314 0.995396
1305031946.837100 0.366909 0.351965 -0.174657 0.082814 0.034725 -0.024734 0.995653
1305031946.869090 0.367784 0.356262 -0.189349 0.080886 0.036742 -0.025073 0.995730
1305031946.906602 0.365874 0.365129 -0.204321 0.081565 0.035891 -0.025235 0.995702
1305031946.937151 0.370415 0.374468 -0.216479 0.081204 0.031375 -0.024998 0.995890
1305031946.969064 0.375234 0.384685 -0.228127 0.077954 0.029237 -0.025367 0.996205
1305031947.006827 0.376811 0.386656 -0.239970 0.071449 0.027415 -0.026777 0.996708
1305031947.037000 0.384453 0.392708 -0.251946 0.068840 0.023147 -0.027462 0.996981
1305031947.068973 0.393132 0.396079 -0.263375 0.066431 0.022230 -0.027137 0.997174
1305031947.106644 0.400196 0.396580 -0.271477 0.066822 0.023322 -0.030219 0.997034
1305031947.137044 0.413896 0.407844 -0.279055 0.069773 0.024864 -0.032632 0.996719
1305031947.169117 0.413619 0.413753 -0.280602 0.069975 0.028177 -0.034242 0.996563
1305031947.204982 0.420240 0.415395 -0.283621 0.069258 0.029651 -0.033056 0.996610
1305031947.237001 0.423402 0.414382 -0.286093 0.067196 0.032417 -0.035942 0.996565
1305031947.269076 0.440427 0.426944 -0.283862 0.069199 0.027713 -0.039471 0.996436
1305031947.304951 0.453107 0.433769 -0.285411 0.063646 0.025243 -0.043956 0.996684
1305031947.336945 0.460605 0.427052 -0.283333 0.054352 0.024226 -0.047796 0.997083
1305031947.368991 0.474234 0.423851 -0.281042 0.050414 0.019894 -0.057893 0.996851
1305031947.405013 0.487071 0.424706 -0.277618 0.049739 0.016158 -0.065801 0.996461
1305031947.437038 0.500915 0.420398 -0.275875 0.047872 0.010113 -0.068372 0.996459
1305031947.469273 0.509749 0.405873 -0.278031 0.047825 0.004452 -0.071485 0.996285
1305031947.504994 0.522578 0.406321 -0.276170 0.054393 -0.004129 -0.078484 0.995422
1305031947.537022 0.541020 0.411372 -0.274490 0.059637 -0.015258 -0.086596 0.994340
1305031947.568989 0.550812 0.406354 -0.278145 0.058042 -0.025669 -0.092750 0.993665
1305031947.605177 0.571057 0.406412 -0.270810 0.061633 -0.042058 -0.110046 0.991122
1305031947.637085 0.590729 0.402978 -0.269550 0.064436 -0.052324 -0.122078 0.989044
1305031947.669011 0.599937 0.395084 -0.273506 0.066529 -0.061011 -0.130128 0.987380
1305031947.705153 0.619808 0.391104 -0.274128 0.072529 -0.075647 -0.142826 0.984184
1305031947.736979 0.640100 0.389801 -0.276666 0.079511 -0.088386 -0.155763 0.980614
1305031947.769041 0.661966 0.383860 -0.280562 0.086726 -0.100791 -0.166856 0.976974
1305031947.804941 0.683368 0.390439 -0.279317 0.093906 -0.107236 -0.176995 0.973835
1305031947.837022 0.694877 0.381750 -0.280544 0.094443 -0.112812 -0.185719 0.971526
1305031947.868988 0.718208 0.385959 -0.278159 0.102725 -0.122865 -0.196538 0.967329
1305031947.904995 0.730672 0.388569 -0.270614 0.105907 -0.130432 -0.209911 0.963176
1305031947.937025 0.744631 0.388594 -0.271400 0.108574 -0.138171 -0.218234 0.959945
1305031947.968976 0.762581 0.388874 -0.268919 0.107530 -0.145274 -0.225591 0.957310
1305031948.004911 0.772317 0.383551 -0.267935 0.103362 -0.148946 -0.231952 0.955683
1305031948.037003 0.786627 0.375152 -0.266821 0.101924 -0.154893 -0.236079 0.953880
1305031948.068973 0.803986 0.368819 -0.265070 0.103538 -0.159289 -0.237188 0.952706
1305031948.104993 0.813404 0.364786 -0.262053 0.104961 -0.161377 -0.239065 0.951729
1305031948.136951 0.824648 0.362855 -0.257889 0.105831 -0.166545 -0.240221 0.950451
1305031948.168952 0.833854 0.355055 -0.255420 0.105834 -0.172792 -0.243942 0.948385
1305031948.204992 0.845886 0.349968 -0.249817 0.107424 -0.179905 -0.249748 0.945368
1305031948.237002 0.860165 0.345223 -0.240542 0.108013 -0.187662 -0.254705 0.942466
1305031948.269041 0.868921 0.341042 -0.229059 0.109014 -0.196646 -0.261590 0.938625
1305031948.304939 0.885884 0.330633 -0.217846 0.106944 -0.206043 -0.262043 0.936719
1305031948.337101 0.905974 0.320509 -0.206607 0.103989 -0.210519 -0.261375 0.936243
1305031948.368969 0.915506 0.309113 -0.196659 0.099864 -0.208119 -0.261279 0.937255
1305031948.404989 0.929515 0.299023 -0.184039 0.098961 -0.207169 -0.261479 0.937506
1305031948.436942 0.945508 0.293677 -0.170723 0.095753 -0.203836 -0.261962 0.938434
1305031948.469170 0.951744 0.279652 -0.159675 0.088473 -0.199986 -0.261242 0.940176
1305031948.505024 0.962731 0.266963 -0.148402 0.083332 -0.198506 -0.262222 0.940686
1305031948.537017 0.975579 0.254340 -0.133153 0.080453 -0.198296 -0.267081 0.939614
1305031948.568891 0.984995 0.238754 -0.122997 0.076708 -0.193929 -0.268800 0.940348
1305031948.605001 0.997278 0.229485 -0.108178 0.077040 -0.190263 -0.272545 0.939991
1305031948.636912 1.007796 0.216785 -0.099149 0.073854 -0.184896 -0.277447 0.939884
1305031948.669040 1.017697 0.203297 -0.088524 0.072549 -0.181118 -0.281523 0.939509
1305031948.705075 1.033589 0.195383 -0.077412 0.072548 -0.175970 -0.287595 0.938648
1305031948.737063 1.041192 0.184220 -0.067618 0.069154 -0.168202 -0.289907 0.939617
1305031948.768899 1.053370 0.178989 -0.053110 0.068329 -0.165186 -0.288986 0.940495
1305031948.804975 1.063574 0.169958 -0.042735 0.064882 -0.162011 -0.290797 0.940734
1305031948.837073 1.075825 0.162236 -0.030201 0.059515 -0.157513 -0.288273 0.942627
1305031948.868835 1.090551 0.158343 -0.015936 0.051999 -0.153307 -0.285879 0.944493
1305031948.905077 1.097588 0.148885 -0.006094 0.038225 -0.146555 -0.281835 0.947433
1305031948.936996 1.106259 0.143534 0.005429 0.027663 -0.143553 -0.277605 0.949507
1305031948.968952 1.117865 0.146261 0.018370 0.017531 -0.141502 -0.277621 0.950051
1305031949.005006 1.127394 0.140402 0.032466 0.000214 -0.140288 -0.279453 0.949855
1305031949.037089 1.140923 0.133813 0.048023 -0.015791 -0.139274 -0.279785 0.949776
1305031949.069061 1.148372 0.131750 0.061228 -0.030567 -0.133316 -0.281938 0.949633
1305031949.105077 1.151253 0.127388 0.069377 -0.044164 -0.133108 -0.285515 0.948057
1305031949.137263 1.158693 0.125427 0.081511 -0.059011 -0.134856 -0.290564 0.945465
1305031949.168946 1.164360 0.122451 0.092822 -0.071698 -0.138571 -0.295352 0.942563
1305031949.204940 1.171549 0.118545 0.103064 -0.083355 -0.145445 -0.302501 0.938292
1305031949.237011 1.184174 0.117463 0.113988 -0.090979 -0.156479 -0.312035 0.932669
1305031949.268994 1.191917 0.112262 0.123833 -0.100787 -0.164731 -0.320622 0.927312
1305031949.305254 1.199041 0.105426 0.132333 -0.107195 -0.172303 -0.329377 0.922134
1305031949.337227 1.210283 0.100132 0.141243 -0.109800 -0.181627 -0.338364 0.916769
1305031949.368902 1.221252 0.094468 0.149310 -0.114049 -0.187805 -0.349940 0.910639
1305031949.405064 1.227422 0.083601 0.155373 -0.119224 -0.189011 -0.363170 0.904526
1305031949.437094 1.234997 0.071812 0.159732 -0.118171 -0.193568 -0.373062 0.899662
1305031949.468902 1.244920 0.065724 0.163739 -0.114182 -0.200369 -0.380919 0.895386
1305031949.505002 1.246506 0.052127 0.160492 -0.115660 -0.207112 -0.389384 0.890004
1305031949.537017 1.251216 0.041021 0.161529 -0.114022 -0.213743 -0.394187 0.886527
1305031949.568988 1.254819 0.028103 0.160906 -0.108697 -0.223282 -0.398739 0.882801
1305031949.604798 1.262769 0.019114 0.160870 -0.098450 -0.234815 -0.403750 0.878724
1305031949.637172 1.260552 0.002894 0.157763 -0.092465 -0.241390 -0.411407 0.874028
1305031949.668955 1.261828 -0.011841 0.155388 -0.081766 -0.251403 -0.413176 0.871434
1305031949.705003 1.266584 -0.023258 0.154304 -0.066860 -0.261023 -0.415254 0.868885
1305031949.736949 1.265963 -0.036672 0.150983 -0.056435 -0.266009 -0.415683 0.867907
1305031949.768985 1.263869 -0.051723 0.148800 -0.045862 -0.272187 -0.412173 0.868288
1305031949.804939 1.265859 -0.061063 0.144742 -0.027979 -0.279220 -0.409342 0.868155
1305031949.836964 1.264735 -0.074132 0.141247 -0.013925 -0.285420 -0.407721 0.867240
1305031949.868951 1.264001 -0.087123 0.138063 0.001286 -0.293709 -0.403514 0.866551
1305031949.904851 1.259006 -0.102713 0.129848 0.018875 -0.303287 -0.401204 0.864116
1305031949.936858 1.260260 -0.116669 0.126543 0.036629 -0.308520 -0.398342 0.863016
1305031949.968881 1.263596 -0.124418 0.126700 0.055723 -0.310418 -0.392652 0.863921
1305031950.004952 1.263401 -0.140464 0.123713 0.072257 -0.310656 -0.386478 0.865394
1305031950.036989 1.265552 -0.147170 0.120178 0.091509 -0.309710 -0.375991 0.868526
1305031950.069081 1.266284 -0.153599 0.117923 0.111185 -0.308223 -0.363429 0.872099
1305031950.104966 1.262217 -0.168815 0.114805 0.126534 -0.307454 -0.349960 0.875779
1305031950.136997 1.251448 -0.194260 0.102728 0.144700 -0.308001 -0.333650 0.879133
1305031950.168914 1.248955 -0.212172 0.103039 0.169004 -0.313299 -0.315474 0.879635
1305031950.204933 1.251038 -0.220461 0.098944 0.196004 -0.315739 -0.299292 0.878815
1305031950.237027 1.255139 -0.225285 0.098316 0.225390 -0.317489 -0.284607 0.876013
1305031950.269033 1.255046 -0.233678 0.100497 0.248080 -0.318615 -0.272827 0.873216
1305031950.304978 1.262126 -0.235100 0.102646 0.268884 -0.318049 -0.265390 0.869549
1305031950.337197 1.258810 -0.236165 0.101527 0.287312 -0.316480 -0.259410 0.866024
1305031950.368911 1.246980 -0.245074 0.102074 0.304711 -0.317135 -0.251541 0.862151
1305031950.404939 1.239809 -0.260997 0.093939 0.319606 -0.321131 -0.251006 0.855408
1305031950.436983 1.235210 -0.270558 0.087290 0.333295 -0.325762 -0.247881 0.849322
1305031950.468976 1.239019 -0.267981 0.088682 0.347772 -0.331641 -0.244298 0.842252
1305031950.504938 1.245461 -0.255738 0.108291 0.360407 -0.337524 -0.239264 0.836024
1305031950.536894 1.240899 -0.272214 0.102295 0.363040 -0.339695 -0.236941 0.834666
1305031950.568883 1.244731 -0.248041 0.119835 0.373495 -0.338229 -0.235984 0.830912
1305031950.604862 1.259197 -0.305160 0.121745 0.358406 -0.342877 -0.228058 0.837836
1305031950.637006 1.269702 -0.298436 0.137654 0.355193 -0.342508 -0.223403 0.840605
1305031950.668910 1.269965 -0.297628 0.143288 0.346708 -0.341257 -0.221738 0.845086
1305031950.704873 1.251705 -0.191480 0.194039 0.355455 -0.334484 -0.220083 0.844592
1305031950.736893 1.256507 -0.173484 0.209364 0.345725 -0.334011 -0.225271 0.847446
1305031950.768897 1.258056 -0.150108 0.228303 0.334300 -0.336410 -0.230974 0.849543
1305031950.804899 1.260952 -0.142799 0.238456 0.319591 -0.335594 -0.238539 0.853427
1305031950.837135 1.264525 -0.143373 0.252756 0.302330 -0.334602 -0.245434 0.858138
1305031950.869014 1.272499 -0.154257 0.267376 0.284142 -0.335588 -0.250871 0.862385
1305031950.904883 1.276124 -0.150638 0.278634 0.268922 -0.334526 -0.255739 0.866239
1305031950.936970 1.278999 -0.153863 0.285236 0.252084 -0.333158 -0.262135 0.869911
1305031950.968904 1.279869 -0.156315 0.289364 0.237459 -0.332337 -0.269112 0.872206
1305031951.004836 1.290199 -0.168078 0.292610 0.224849 -0.334055 -0.275030 0.873045
1305031951.036930 1.297250 -0.168693 0.298052 0.218732 -0.334856 -0.281344 0.872281
1305031951.069013 1.309420 -0.166031 0.310122 0.212561 -0.335970 -0.287402 0.871402
1305031951.104800 1.317551 -0.165976 0.316789 0.203995 -0.335472 -0.294953 0.871118
1305031951.136893 1.325601 -0.165842 0.320011 0.195206 -0.336478 -0.302307 0.870223
1305031951.168908 1.337823 -0.162692 0.328510 0.187272 -0.339775 -0.310391 0.867836
1305031951.204914 1.348074 -0.145035 0.323644 0.180132 -0.337193 -0.323926 0.865405
1305031951.236957 1.357858 -0.147340 0.327040 0.164663 -0.338333 -0.339349 0.862125
1305031951.268906 1.369374 -0.156487 0.326982 0.152866 -0.337772 -0.358151 0.856895
1305031951.304862 1.377598 -0.155451 0.325686 0.148501 -0.339781 -0.371355 0.851230
1305031951.336937 1.396490 -0.155092 0.335466 0.143626 -0.340747 -0.386561 0.844887
1305031951.368840 1.408936 -0.158468 0.343762 0.135018 -0.338393 -0.401857 0.840102
1305031951.404865 1.423246 -0.162334 0.350952 0.129125 -0.336887 -0.414256 0.835599
1305031951.436903 1.443536 -0.166425 0.367056 0.124206 -0.335370 -0.424753 0.831676
1305031951.468857 1.455547 -0.171755 0.373742 0.116529 -0.329690 -0.431661 0.831501
1305031951.504916 1.468997 -0.176839 0.379721 0.107570 -0.324811 -0.434710 0.833039
1305031951.536888 1.482441 -0.183754 0.390305 0.098678 -0.319542 -0.436187 0.835402
1305031951.569006 1.494325 -0.190381 0.398935 0.090347 -0.312988 -0.435684 0.839080
1305031951.604927 1.501695 -0.201494 0.400852 0.081764 -0.309682 -0.435820 0.841114
1305031951.636936 1.514959 -0.210553 0.412919 0.074976 -0.306565 -0.437275 0.842132
1305031951.668929 1.527910 -0.217814 0.427672 0.069476 -0.300157 -0.439923 0.843532
1305031951.704880 1.535082 -0.223669 0.437444 0.061782 -0.290974 -0.441051 0.846753
1305031951.736828 1.546312 -0.230104 0.452892 0.052335 -0.285317 -0.440016 0.849847
1305031951.768926 1.553780 -0.241044 0.465936 0.040508 -0.278143 -0.441571 0.852063
1305031951.804886 1.559498 -0.250434 0.481498 0.032162 -0.271371 -0.441599 0.854584
1305031951.836932 1.572083 -0.258743 0.499432 0.025933 -0.265873 -0.440198 0.857243
1305031951.868913 1.575590 -0.265764 0.512546 0.017494 -0.255361 -0.440237 0.860625
1305031951.904907 1.579044 -0.277055 0.524699 0.009682 -0.249706 -0.439429 0.862818
1305031951.936962 1.584979 -0.287022 0.537395 0.002826 -0.243410 -0.437469 0.865658
1305031951.968839 1.585158 -0.288362 0.550576 -0.000775 -0.236390 -0.435074 0.868809
1305031952.004839 1.594009 -0.299749 0.566408 -0.008085 -0.241864 -0.433103 0.868250
1305031952.037104 1.593884 -0.310288 0.577343 -0.014848 -0.243963 -0.434033 0.867108
1305031952.068888 1.594160 -0.320835 0.584497 -0.016671 -0.247493 -0.436454 0.864857
1305031952.105135 1.597788 -0.331702 0.599077 -0.014116 -0.257827 -0.439431 0.860364
1305031952.136943 1.598025 -0.336145 0.605823 -0.008444 -0.266080 -0.444686 0.855211
1305031952.168932 1.603604 -0.339910 0.615672 -0.005525 -0.280332 -0.451377 0.847138
1305031952.204914 1.601233 -0.354195 0.620959 -0.010796 -0.291336 -0.462885 0.837105
1305031952.236877 1.596334 -0.365542 0.627330 -0.009642 -0.302221 -0.477147 0.825167
1305031952.268902 1.602903 -0.372162 0.635766 -0.003750 -0.316941 -0.487018 0.813847
1305031952.304888 1.598946 -0.387090 0.637201 -0.005912 -0.324579 -0.499134 0.803417
1305031952.336993 1.594838 -0.404058 0.644199 -0.002897 -0.331606 -0.509008 0.794317
1305031952.368960 1.597998 -0.413963 0.654343 0.005253 -0.336992 -0.513236 0.789302
1305031952.404918 1.595767 -0.426679 0.660818 0.006402 -0.336519 -0.514109 0.788927
1305031952.437054 1.594362 -0.436833 0.669576 0.007722 -0.337622 -0.509132 0.791667
1305031952.468939 1.589402 -0.447122 0.674520 0.007534 -0.336787 -0.506351 0.793805
1305031952.504868 1.587248 -0.458382 0.681270 0.008932 -0.338430 -0.503942 0.794624
1305031952.536948 1.582507 -0.467264 0.687834 0.011166 -0.338327 -0.502169 0.795762
1305031952.568932 1.576884 -0.479474 0.691959 0.014023 -0.339760 -0.501062 0.795803
1305031952.604926 1.576001 -0.484911 0.696958 0.020152 -0.342931 -0.497509 0.796540
1305031952.636992 1.571065 -0.489559 0.702076 0.025017 -0.346218 -0.494749 0.796700
1305031952.668899 1.564621 -0.499093 0.701821 0.028464 -0.349967 -0.492671 0.796234
1305031952.704918 1.558515 -0.500469 0.702155 0.035013 -0.355253 -0.487246 0.796969
1305031952.736938 1.557626 -0.506509 0.705033 0.040036 -0.366999 -0.481044 0.795176
1305031952.768957 1.556705 -0.507438 0.707122 0.045213 -0.379220 -0.476491 0.791899
1305031952.804919 1.548937 -0.508046 0.708755 0.050181 -0.393541 -0.474937 0.785521
1305031952.836931 1.546574 -0.519919 0.698041 0.052484 -0.409885 -0.472821 0.778255
1305031952.868991 1.545788 -0.518486 0.708448 0.058756 -0.430410 -0.468065 0.769552
1305031952.904920 1.534402 -0.528744 0.699405 0.063122 -0.443556 -0.471462 0.759603
1305031952.936984 1.541479 -0.532657 0.703279 0.075788 -0.463899 -0.469790 0.747229
1305031952.972903 1.548443 -0.536229 0.695108 0.079840 -0.474947 -0.474864 0.736583
1305031953.004869 1.535608 -0.541696 0.702184 0.076996 -0.488036 -0.473498 0.729173
1305031953.036943 1.542175 -0.546436 0.705039 0.086921 -0.499858 -0.474816 0.719122
1305031953.073127 1.543166 -0.546912 0.698272 0.096169 -0.502618 -0.480473 0.712231
1305031953.104909 1.538759 -0.560269 0.707075 0.091763 -0.512741 -0.479887 0.705963
1305031953.137098 1.537167 -0.567048 0.709443 0.092634 -0.519079 -0.481456 0.700126
1305031953.172998 1.535713 -0.573887 0.709234 0.096073 -0.523535 -0.483602 0.694846
1305031953.204992 1.535587 -0.579556 0.707401 0.100539 -0.527682 -0.486669 0.688910
1305031953.237103 1.535036 -0.584250 0.704428 0.105849 -0.532376 -0.491071 0.681338
1305031953.273087 1.534397 -0.587551 0.701659 0.109526 -0.538030 -0.494888 0.673509
1305031953.304968 1.531502 -0.593642 0.703284 0.111755 -0.544566 -0.495777 0.667206
1305031953.337012 1.531191 -0.595880 0.699217 0.117332 -0.549196 -0.497279 0.661310
1305031953.372964 1.531035 -0.597154 0.693005 0.120931 -0.554542 -0.497011 0.656383
1305031953.404920 1.532514 -0.599222 0.683257 0.122896 -0.560305 -0.497080 0.651050
1305031953.436876 1.535098 -0.596327 0.684624 0.121920 -0.568627 -0.494795 0.645737
1305031953.473261 1.536375 -0.593906 0.680211 0.119494 -0.572642 -0.494617 0.642773
1305031953.504919 1.536381 -0.592826 0.671744 0.115250 -0.576090 -0.492423 0.642151
1305031953.536948 1.543249 -0.587457 0.667362 0.111798 -0.579485 -0.490765 0.640975
1305031953.572862 1.542379 -0.589257 0.664693 0.105055 -0.580574 -0.493306 0.639176
1305031953.604882 1.546946 -0.584817 0.665157 0.103026 -0.580469 -0.494506 0.638674
1305031953.636962 1.549121 -0.583841 0.657087 0.092826 -0.576145 -0.497037 0.642180
1305031953.673021 1.546853 -0.585332 0.652489 0.083303 -0.572933 -0.496044 0.647108
1305031953.704929 1.551926 -0.582998 0.651593 0.079310 -0.570690 -0.492407 0.652348
1305031953.736982 1.562120 -0.573234 0.650061 0.075750 -0.566859 -0.490849 0.657267
1305031953.772886 1.563238 -0.571257 0.646732 0.067985 -0.562890 -0.489284 0.662672
1305031953.804859 1.565600 -0.567868 0.648594 0.060423 -0.560252 -0.483082 0.670148
1305031953.836840 1.569082 -0.563716 0.649386 0.051331 -0.552712 -0.479473 0.679691
1305031953.872987 1.566885 -0.564143 0.651301 0.043081 -0.545085 -0.475055 0.689455
1305031953.904912 1.571520 -0.557039 0.651445 0.040732 -0.535185 -0.469611 0.700988
1305031953.936924 1.575260 -0.558921 0.645503 0.036384 -0.519569 -0.470764 0.712113
1305031953.972857 1.573212 -0.550812 0.648307 0.037327 -0.506416 -0.467922 0.723325
1305031954.004852 1.572372 -0.552684 0.657172 0.038359 -0.495747 -0.465239 0.732336
1305031954.036921 1.573911 -0.541938 0.647728 0.043463 -0.474927 -0.468404 0.743742
1305031954.072918 1.571622 -0.535359 0.642884 0.045919 -0.459485 -0.470803 0.751737
1305031954.104933 1.573509 -0.532216 0.638868 0.049616 -0.447068 -0.471407 0.758581
1305031954.136939 1.574837 -0.530440 0.627941 0.054061 -0.431398 -0.472850 0.766411
1305031954.172997 1.576536 -0.526666 0.617537 0.058082 -0.417885 -0.471440 0.774431
1305031954.204838 1.575538 -0.524830 0.607025 0.061883 -0.406891 -0.469550 0.781110
1305031954.237023 1.574660 -0.519783 0.593323 0.068864 -0.397248 -0.467590 0.786646
1305031954.272870 1.574641 -0.512409 0.586728 0.076978 -0.393484 -0.463748 0.790052
1305031954.304869 1.579888 -0.505072 0.575670 0.084075 -0.389852 -0.459014 0.793885
1305031954.336921 1.583107 -0.494544 0.563291 0.087914 -0.384265 -0.455449 0.798234
1305031954.372872 1.583312 -0.489578 0.545812 0.088497 -0.380070 -0.454068 0.800960
1305031954.404711 1.582170 -0.484913 0.529219 0.090057 -0.375476 -0.455314 0.802245
1305031954.436896 1.586645 -0.475364 0.518951 0.095077 -0.371733 -0.455535 0.803283
1305031954.472974 1.588000 -0.463911 0.505464 0.095227 -0.364532 -0.453780 0.807547
1305031954.504827 1.586340 -0.457265 0.491166 0.091635 -0.358156 -0.450353 0.812717
1305031954.536934 1.590040 -0.447789 0.479650 0.090808 -0.352773 -0.445542 0.817801
1305031954.572946 1.590332 -0.438265 0.467861 0.086811 -0.343896 -0.441066 0.824415
1305031954.604885 1.580432 -0.433074 0.447322 0.081525 -0.335511 -0.433299 0.832489
1305031954.636862 1.577719 -0.428388 0.432938 0.086074 -0.334066 -0.426015 0.836363
1305031954.672891 1.578634 -0.412718 0.420080 0.096024 -0.332983 -0.421761 0.837866
1305031954.704892 1.579593 -0.401624 0.405568 0.099651 -0.335192 -0.419590 0.837651
1305031954.736939 1.577057 -0.392627 0.394730 0.100998 -0.335283 -0.420257 0.837120
1305031954.773183 1.572776 -0.383938 0.381292 0.103649 -0.335524 -0.421220 0.836215
1305031954.804833 1.572962 -0.374681 0.374103 0.107141 -0.337360 -0.419937 0.835681
1305031954.836924 1.570769 -0.365063 0.363673 0.107858 -0.334185 -0.418117 0.837774
1305031954.873001 1.568751 -0.360452 0.354925 0.109878 -0.332573 -0.416803 0.838807
1305031954.904866 1.570607 -0.350251 0.350046 0.112583 -0.328328 -0.412976 0.842008
1305031954.937022 1.565701 -0.342116 0.341012 0.110683 -0.322378 -0.408375 0.846789
1305031954.972931 1.567095 -0.336115 0.336293 0.112054 -0.319918 -0.406995 0.848205
1305031955.004936 1.565873 -0.328738 0.330333 0.112429 -0.314117 -0.406239 0.850682
1305031955.036969 1.563033 -0.318898 0.325545 0.113275 -0.309197 -0.405437 0.852753
1305031955.073048 1.566487 -0.311112 0.326464 0.113254 -0.306201 -0.405839 0.853645
1305031955.104929 1.562394 -0.301489 0.321435 0.109894 -0.299727 -0.406352 0.856134
1305031955.136878 1.560945 -0.293652 0.317224 0.106791 -0.296406 -0.407928 0.856933
1305031955.173003 1.562653 -0.284043 0.321181 0.103485 -0.294237 -0.408491 0.857817
1305031955.204960 1.556581 -0.277498 0.315799 0.097396 -0.290064 -0.410626 0.858931
1305031955.236857 1.556454 -0.274231 0.315576 0.093973 -0.288977 -0.414874 0.857637
1305031955.272905 1.555849 -0.269013 0.316256 0.091109 -0.285751 -0.417455 0.857775
1305031955.304880 1.552251 -0.265302 0.316569 0.086998 -0.282786 -0.418044 0.858896
1305031955.337035 1.551540 -0.261892 0.317453 0.085148 -0.280735 -0.417510 0.860014
1305031955.372861 1.549888 -0.260714 0.317645 0.081119 -0.276841 -0.415767 0.862506
1305031955.404928 1.547960 -0.261530 0.317117 0.077632 -0.274081 -0.413310 0.864886
1305031955.436909 1.548216 -0.258033 0.319437 0.075836 -0.271382 -0.409106 0.867890
1305031955.472931 1.545397 -0.257710 0.317558 0.073439 -0.268481 -0.407736 0.869641
1305031955.504893 1.545799 -0.255573 0.316523 0.073009 -0.266882 -0.407641 0.870214
1305031955.536891 1.545135 -0.254332 0.318752 0.070452 -0.266109 -0.405047 0.871871
1305031955.572893 1.543390 -0.258237 0.316801 0.069264 -0.266566 -0.405071 0.871816
1305031955.604944 1.544756 -0.256168 0.317373 0.071109 -0.266137 -0.404537 0.872046
1305031955.636881 1.545116 -0.255983 0.317597 0.070722 -0.266518 -0.402654 0.872832
1305031955.672837 1.546351 -0.256626 0.317013 0.069490 -0.267579 -0.401398 0.873185
1305031955.704890 1.544748 -0.257614 0.316452 0.068644 -0.266942 -0.400685 0.873774
1305031955.736903 1.545403 -0.256988 0.315383 0.069652 -0.266674 -0.398997 0.874549
1305031955.772963 1.546862 -0.258210 0.315399 0.069382 -0.267545 -0.397333 0.875061
1305031955.804902 1.545757 -0.259594 0.314954 0.069035 -0.267413 -0.395149 0.876118
1305031955.837019 1.546093 -0.259965 0.314718 0.069138 -0.267480 -0.394260 0.876489
1305031955.872917 1.546759 -0.259282 0.313270 0.070315 -0.267735 -0.392558 0.877082
1305031955.904911 1.551262 -0.258238 0.315753 0.071057 -0.269530 -0.390380 0.877444
1305031955.937291 1.548566 -0.258964 0.311582 0.069158 -0.268133 -0.389463 0.878431
1305031955.973194 1.548897 -0.258471 0.311739 0.069931 -0.269794 -0.388758 0.878173
1305031956.004870 1.550693 -0.262552 0.309803 0.069808 -0.269967 -0.388371 0.878301
1305031956.036937 1.552400 -0.261893 0.310474 0.071180 -0.269552 -0.386552 0.879120
1305031956.073037 1.550940 -0.261782 0.309106 0.072208 -0.269145 -0.385306 0.879708
1305031956.104901 1.553775 -0.262880 0.308015 0.073836 -0.269675 -0.383613 0.880151
1305031956.136924 1.555122 -0.262123 0.308463 0.074576 -0.268412 -0.382648 0.880894
