# timestamp tx ty tz qx qy qz qw
1305031910.765238 0.000000 0.000000 0.000000 0.000000 0.000000 0.000000 1.000000
1305031910.797230 -0.013527 0.001327 0.000563 0.005129 -0.001350 -0.008402 0.999951
1305031910.835208 -0.020302 -0.003314 0.005447 0.005320 -0.007401 -0.014538 0.999853
1305031910.865025 -0.032014 -0.007261 0.006494 0.006370 -0.012515 -0.022838 0.999641
1305031910.897222 -0.036039 -0.011431 0.013772 0.005861 -0.022564 -0.031596 0.999229
1305031910.935211 -0.033547 -0.021031 0.023628 0.006847 -0.031289 -0.037462 0.998785
1305031910.965249 -0.051015 -0.022145 0.024212 0.013040 -0.032590 -0.042079 0.998497
1305031910.997325 -0.064985 -0.017322 0.022228 0.015426 -0.039833 -0.050776 0.997796
1305031911.035050 -0.076939 -0.024182 0.029138 0.011762 -0.050026 -0.060211 0.996862
1305031911.065269 -0.094027 -0.023810 0.029954 0.012223 -0.064024 -0.070572 0.995375
1305031911.097196 -0.096942 -0.027936 0.039620 0.010170 -0.085078 -0.082480 0.992902
1305031911.135664 -0.096862 -0.033661 0.045556 0.012211 -0.101507 -0.093506 0.990355
1305031911.165177 -0.105342 -0.034480 0.040229 0.016081 -0.113391 -0.101589 0.988212
1305031911.197213 -0.113698 -0.034516 0.043222 0.018446 -0.124797 -0.108293 0.986082
1305031911.235651 -0.124090 -0.038312 0.047598 0.019982 -0.134823 -0.115034 0.983967
1305031911.265104 -0.127622 -0.037898 0.046648 0.021982 -0.146430 -0.123592 0.981224
1305031911.297334 -0.137461 -0.041578 0.052474 0.021845 -0.155043 -0.131032 0.978936
1305031911.333191 -0.142505 -0.044956 0.054397 0.023593 -0.165159 -0.136916 0.976432
1305031911.365235 -0.142058 -0.047776 0.061511 0.026551 -0.174527 -0.143059 0.973843
1305031911.397333 -0.151363 -0.049758 0.064030 0.030796 -0.178504 -0.147803 0.972287
1305031911.433256 -0.160651 -0.046574 0.064615 0.035943 -0.184087 -0.149973 0.970736
1305031911.465250 -0.171366 -0.046402 0.066271 0.037766 -0.190904 -0.150327 0.969294
1305031911.497291 -0.181295 -0.049023 0.066696 0.039036 -0.201362 -0.150740 0.967061
1305031911.533251 -0.185046 -0.049747 0.071593 0.041196 -0.213387 -0.151280 0.964304
1305031911.565335 -0.191270 -0.053874 0.075717 0.042825 -0.223180 -0.150687 0.962107
1305031911.597302 -0.198241 -0.055143 0.076768 0.048158 -0.235631 -0.152480 0.958597
1305031911.633337 -0.195847 -0.051020 0.084202 0.053249 -0.249161 -0.159311 0.953784
1305031911.665124 -0.197658 -0.048127 0.089601 0.056539 -0.259389 -0.167212 0.949506
1305031911.697167 -0.201517 -0.047966 0.091667 0.057175 -0.268356 -0.175119 0.945542
1305031911.733203 -0.203526 -0.044726 0.097311 0.058376 -0.276626 -0.183899 0.941409
1305031911.765284 -0.207802 -0.040114 0.101461 0.058662 -0.282643 -0.192704 0.937836
1305031911.797297 -0.210600 -0.037286 0.105763 0.057800 -0.287728 -0.200106 0.934788
1305031911.833338 -0.221229 -0.034165 0.102455 0.054192 -0.290545 -0.208062 0.932393
1305031911.865269 -0.228061 -0.029130 0.100241 0.050142 -0.296982 -0.213883 0.929270
1305031911.897159 -0.233761 -0.028253 0.102405 0.044198 -0.305407 -0.218791 0.925691
1305031911.933063 -0.237447 -0.027278 0.103203 0.037683 -0.316554 -0.224644 0.920820
1305031911.965140 -0.242805 -0.024889 0.103645 0.030716 -0.330402 -0.230914 0.914642
1305031911.997252 -0.236925 -0.028581 0.103770 0.021212 -0.348749 -0.237390 0.906405
1305031912.033135 -0.242611 -0.021523 0.109468 0.013109 -0.361195 -0.240068 0.900963
1305031912.065365 -0.243111 -0.020745 0.114566 0.006625 -0.371992 -0.241745 0.896179
1305031912.096953 -0.236837 -0.032500 0.123479 -0.000877 -0.382562 -0.247885 0.890056
1305031912.133282 -0.235809 -0.044466 0.132066 -0.004864 -0.390116 -0.257239 0.884089
1305031912.165138 -0.233304 -0.045046 0.134114 -0.000435 -0.396345 -0.268674 0.877909
1305031912.197357 -0.231806 -0.046963 0.136772 0.002622 -0.400203 -0.281348 0.872166
1305031912.233265 -0.230154 -0.048788 0.138182 0.006972 -0.402593 -0.292324 0.867420
1305031912.265090 -0.233132 -0.057831 0.139217 0.009402 -0.404253 -0.301368 0.863521
1305031912.297250 -0.237823 -0.067198 0.136427 0.017629 -0.406537 -0.306101 0.860651
1305031912.333274 -0.229593 -0.058057 0.135889 0.032199 -0.411730 -0.305609 0.857931
1305031912.365250 -0.226763 -0.056304 0.136047 0.038579 -0.415501 -0.305686 0.855819
1305031912.397198 -0.224753 -0.052080 0.132095 0.044316 -0.421094 -0.307330 0.852211
1305031912.433290 -0.220923 -0.051374 0.132616 0.046210 -0.428286 -0.313896 0.846112
1305031912.465142 -0.218224 -0.052625 0.131600 0.047069 -0.435231 -0.320282 0.840106
1305031912.497123 -0.212062 -0.049199 0.134107 0.046380 -0.441057 -0.325896 0.834930
1305031912.533113 -0.212868 -0.053530 0.135098 0.041158 -0.444459 -0.330483 0.831590
1305031912.565146 -0.210269 -0.054761 0.134341 0.037052 -0.449717 -0.332059 0.828322
1305031912.597090 -0.207669 -0.060346 0.140638 0.030833 -0.455918 -0.332234 0.825111
1305031912.633132 -0.205558 -0.063236 0.144786 0.028092 -0.460518 -0.333759 0.822033
1305031912.665220 -0.203968 -0.062572 0.145105 0.026250 -0.464800 -0.338460 0.817751
1305031912.697182 -0.203771 -0.065305 0.145829 0.023116 -0.471228 -0.344439 0.811648
1305031912.733125 -0.202450 -0.064995 0.146247 0.021243 -0.478492 -0.351645 0.804326
1305031912.765193 -0.199432 -0.070199 0.148746 0.019634 -0.483348 -0.357367 0.798923
1305031912.797155 -0.194879 -0.069285 0.150140 0.020024 -0.484020 -0.360485 0.797104
1305031912.833077 -0.194429 -0.072339 0.153222 0.018797 -0.482179 -0.362965 0.797124
1305031912.865153 -0.195022 -0.076432 0.156451 0.018920 -0.479448 -0.365166 0.797763
1305031912.897198 -0.193119 -0.075222 0.158902 0.022120 -0.475669 -0.364811 0.800101
1305031912.933115 -0.192036 -0.079552 0.160399 0.022586 -0.470956 -0.362794 0.803785
1305031912.965034 -0.194142 -0.087274 0.162992 0.025264 -0.469121 -0.364283 0.804105
1305031912.997049 -0.189242 -0.084144 0.161668 0.033639 -0.465381 -0.363631 0.806264
1305031913.033133 -0.186875 -0.084661 0.158906 0.037101 -0.462275 -0.361198 0.808988
1305031913.065209 -0.184106 -0.085045 0.159809 0.039408 -0.460901 -0.355990 0.811966
1305031913.097038 -0.179486 -0.083270 0.161043 0.041508 -0.457082 -0.346867 0.817946
1305031913.133146 -0.178178 -0.080037 0.163293 0.044029 -0.449103 -0.336405 0.826559
1305031913.165211 -0.177549 -0.078011 0.163788 0.045975 -0.438036 -0.322977 0.837673
1305031913.197113 -0.172796 -0.081682 0.166430 0.045472 -0.428992 -0.310072 0.847204
1305031913.233126 -0.171871 -0.078162 0.168849 0.046793 -0.418155 -0.294830 0.857923
1305031913.265022 -0.169049 -0.077008 0.170172 0.046728 -0.406434 -0.276782 0.869494
1305031913.297160 -0.166351 -0.077004 0.172848 0.047032 -0.393367 -0.260434 0.880468
1305031913.333122 -0.162951 -0.075968 0.175585 0.047937 -0.379498 -0.245042 0.890864
1305031913.365070 -0.156780 -0.078930 0.179968 0.048277 -0.368307 -0.233734 0.898547
1305031913.397099 -0.150764 -0.077692 0.183107 0.050715 -0.355394 -0.223069 0.906291
1305031913.433081 -0.145264 -0.081708 0.185156 0.052648 -0.339160 -0.211804 0.915062
1305031913.465231 -0.133502 -0.085603 0.181199 0.054479 -0.318694 -0.197830 0.925381
1305031913.497227 -0.128709 -0.083381 0.181413 0.055420 -0.292156 -0.179868 0.937668
1305031913.533297 -0.120388 -0.081384 0.176825 0.055948 -0.267698 -0.163793 0.947829
1305031913.565261 -0.117149 -0.081922 0.176776 0.055618 -0.243089 -0.149786 0.956754
1305031913.597139 -0.112569 -0.083003 0.173304 0.058345 -0.220313 -0.136174 0.964113
1305031913.633293 -0.103653 -0.072390 0.162739 0.062820 -0.196602 -0.122643 0.970752
1305031913.665421 -0.100522 -0.064983 0.156832 0.060801 -0.171573 -0.106682 0.977489
1305031913.697243 -0.091677 -0.064683 0.152031 0.054849 -0.149291 -0.088326 0.983312
1305031913.733097 -0.085947 -0.062490 0.141180 0.048978 -0.125181 -0.074351 0.988131
1305031913.765028 -0.084484 -0.065526 0.122451 0.039297 -0.099178 -0.061617 0.992382
1305031913.797106 -0.078627 -0.060803 0.115175 0.031980 -0.079873 -0.047008 0.995182
1305031913.833143 -0.072518 -0.062234 0.112368 0.023575 -0.061317 -0.031860 0.997331
1305031913.865063 -0.064621 -0.061919 0.103730 0.019228 -0.043224 -0.015808 0.998755
1305031913.897116 -0.061064 -0.058713 0.094714 0.014824 -0.023798 0.001851 0.999605
1305031913.933123 -0.048173 -0.059244 0.089626 0.011256 -0.011670 0.017558 0.999714
1305031913.965134 -0.039473 -0.054837 0.079794 0.012028 0.001141 0.028763 0.999513
1305031913.997116 -0.032500 -0.049012 0.073609 0.010551 0.015859 0.043215 0.998884
1305031914.033441 -0.015864 -0.048437 0.067221 0.009776 0.025713 0.059761 0.997834
1305031914.065072 -0.007006 -0.037801 0.056173 0.012699 0.039303 0.071905 0.996556
1305031914.097126 0.008004 -0.033575 0.049097 0.010922 0.050381 0.081815 0.995313
1305031914.133245 0.021400 -0.029277 0.041770 0.010567 0.061480 0.092533 0.993754
1305031914.165013 0.039069 -0.024152 0.033124 0.011722 0.070458 0.102379 0.992178
1305031914.197110 0.055374 -0.016954 0.024760 0.013831 0.080062 0.108575 0.990762
1305031914.233108 0.078267 -0.016428 0.020081 0.016014 0.090295 0.115924 0.989016
1305031914.265074 0.100779 -0.009386 0.007917 0.024619 0.101611 0.118208 0.987469
1305031914.297165 0.115347 -0.004271 -0.012673 0.028897 0.111383 0.117126 0.986428
1305031914.333148 0.111923 0.005048 -0.026437 0.028541 0.125079 0.115231 0.985019
1305031914.365058 0.119307 0.012804 -0.033090 0.022783 0.130214 0.113378 0.984719
1305031914.397215 0.138121 0.019710 -0.044124 0.016237 0.127195 0.113141 0.985270
1305031914.433060 0.159336 0.027223 -0.053912 0.011553 0.124859 0.112608 0.985696
1305031914.465054 0.181070 0.036152 -0.064621 0.008109 0.122797 0.111575 0.986107
1305031914.497127 0.203250 0.045484 -0.077083 0.004762 0.122788 0.107922 0.986536
1305031914.533107 0.221796 0.053623 -0.089061 0.000358 0.124542 0.103334 0.986819
1305031914.565001 0.238029 0.058780 -0.100723 -0.002900 0.125318 0.100176 0.987042
1305031914.597122 0.257885 0.071353 -0.114168 -0.005096 0.125285 0.095586 0.987492
1305031914.633055 0.273761 0.079500 -0.123857 -0.011434 0.128754 0.090770 0.987447
1305031914.665019 0.290060 0.085609 -0.131029 -0.018108 0.133800 0.088927 0.986844
1305031914.697129 0.307485 0.087909 -0.139505 -0.023143 0.138538 0.088398 0.986133
1305031914.733078 0.322399 0.092978 -0.148836 -0.024210 0.142776 0.084681 0.985829
1305031914.764901 0.334764 0.103968 -0.159840 -0.026265 0.146643 0.083304 0.985325
1305031914.797119 0.348655 0.107626 -0.166275 -0.031848 0.146975 0.083655 0.985082
1305031914.833133 0.363446 0.106943 -0.173034 -0.035765 0.144977 0.082491 0.985342
1305031914.865128 0.377026 0.110963 -0.180977 -0.036238 0.141532 0.078793 0.986127
1305031914.897188 0.393222 0.113830 -0.187919 -0.036968 0.136396 0.077216 0.986948
1305031914.933099 0.406205 0.109532 -0.195271 -0.036651 0.131330 0.076265 0.987721
1305031914.964978 0.427367 0.118586 -0.204359 -0.030958 0.122333 0.071378 0.989435
1305031914.997078 0.447409 0.127777 -0.212667 -0.028283 0.117367 0.069514 0.990249
1305031915.033152 0.462047 0.127608 -0.218877 -0.028961 0.114302 0.069532 0.990587
1305031915.065009 0.483340 0.134364 -0.226957 -0.026567 0.108769 0.068538 0.991346
1305031915.097024 0.500179 0.134239 -0.233396 -0.026897 0.106126 0.064728 0.991879
1305031915.133208 0.519831 0.135797 -0.240058 -0.024186 0.102325 0.056734 0.992837
1305031915.165021 0.537620 0.136487 -0.246546 -0.020247 0.100368 0.046238 0.993669
1305031915.197108 0.553554 0.137803 -0.253389 -0.014004 0.096814 0.034148 0.994618
1305031915.233111 0.572987 0.149022 -0.259902 -0.007162 0.091214 0.023990 0.995517
1305031915.264979 0.588860 0.150075 -0.263868 -0.006847 0.086521 0.015969 0.996099
1305031915.297152 0.602040 0.152574 -0.267210 -0.005230 0.079106 0.009287 0.996809
1305031915.333207 0.620748 0.153691 -0.271842 -0.004972 0.066903 0.003024 0.997743
1305031915.365050 0.640829 0.152633 -0.276469 -0.005220 0.054392 -0.004348 0.998497
1305031915.397167 0.660484 0.153178 -0.280972 -0.005627 0.042515 -0.012128 0.999006
1305031915.432960 0.680534 0.147712 -0.283678 -0.007083 0.030267 -0.021912 0.999277
1305031915.464920 0.697893 0.148268 -0.288898 -0.005286 0.018561 -0.038118 0.999087
1305031915.497121 0.713237 0.150272 -0.294513 -0.006571 0.005917 -0.053595 0.998524
1305031915.533058 0.734106 0.144346 -0.296828 -0.011148 -0.008343 -0.064289 0.997834
1305031915.564985 0.759032 0.139420 -0.301979 -0.011342 -0.020082 -0.076211 0.996825
1305031915.601161 0.782843 0.136348 -0.306303 -0.011123 -0.025348 -0.089747 0.995580
1305031915.633062 0.803370 0.130998 -0.309158 -0.011837 -0.025590 -0.098814 0.994706
1305031915.665003 0.818064 0.124800 -0.309791 -0.010770 -0.024398 -0.104602 0.994157
1305031915.701106 0.830481 0.126897 -0.311555 -0.006117 -0.025398 -0.109907 0.993598
1305031915.733046 0.838717 0.130940 -0.311065 -0.004398 -0.030786 -0.113223 0.993083
1305031915.765010 0.854200 0.133676 -0.310284 -0.007218 -0.046303 -0.117751 0.991937
1305031915.801243 0.869733 0.123366 -0.305629 -0.013494 -0.063860 -0.122997 0.990258
1305031915.833049 0.891486 0.118467 -0.307634 -0.013180 -0.082636 -0.131680 0.987754
1305031915.865069 0.910564 0.121438 -0.306892 -0.014328 -0.097825 -0.141633 0.984970
1305031915.901234 0.928979 0.118654 -0.304547 -0.017701 -0.112048 -0.151474 0.981931
1305031915.933056 0.949048 0.116536 -0.302103 -0.021975 -0.123963 -0.160468 0.978979
1305031915.965061 0.966996 0.103483 -0.298095 -0.026691 -0.133254 -0.166170 0.976688
1305031916.001234 0.988121 0.106070 -0.295877 -0.024583 -0.140513 -0.173806 0.974394
1305031916.033043 1.003912 0.097155 -0.290277 -0.029112 -0.145893 -0.183809 0.971639
1305031916.065060 1.013620 0.070735 -0.288737 -0.027678 -0.151699 -0.193320 0.968942
1305031916.101115 1.024656 0.062702 -0.289974 -0.009273 -0.160244 -0.199575 0.966647
1305031916.133093 1.035887 0.053741 -0.292859 0.010684 -0.173945 -0.202657 0.963618
1305031916.165155 1.054843 0.065429 -0.299365 0.036792 -0.190558 -0.204547 0.959424
1305031916.201031 1.077020 0.070531 -0.300823 0.048017 -0.210712 -0.207842 0.953990
1305031916.233050 1.097875 0.054791 -0.298527 0.053610 -0.228965 -0.211514 0.948664
1305031916.265060 1.119696 0.048067 -0.296197 0.067899 -0.242310 -0.217842 0.942985
1305031916.301076 1.139174 0.042595 -0.295650 0.081301 -0.252019 -0.224384 0.937832
1305031916.333426 1.156583 0.032267 -0.295940 0.096476 -0.258848 -0.230460 0.933048
1305031916.365121 1.176427 0.021733 -0.293678 0.116064 -0.263081 -0.236849 0.928020
1305031916.401006 1.191907 0.015297 -0.297293 0.133964 -0.261457 -0.241163 0.924951
1305031916.433168 1.201681 0.007746 -0.300766 0.148780 -0.261016 -0.238268 0.923560
1305031916.465124 1.212081 0.005505 -0.305512 0.162436 -0.263859 -0.232271 0.921978
1305031916.501025 1.218888 0.003137 -0.311702 0.173018 -0.270083 -0.226291 0.919735
1305031916.533266 1.227095 -0.006376 -0.313967 0.183678 -0.282428 -0.222417 0.914892
1305031916.565142 1.235273 -0.011479 -0.322741 0.195115 -0.294433 -0.220196 0.909260
1305031916.601238 1.249452 -0.012126 -0.320205 0.202033 -0.308066 -0.219448 0.903394
1305031916.633156 1.258443 -0.028115 -0.315442 0.207065 -0.322162 -0.219174 0.897384
1305031916.665139 1.274598 -0.038680 -0.306726 0.214724 -0.333594 -0.220046 0.891172
1305031916.701048 1.283844 -0.046315 -0.298503 0.224056 -0.341365 -0.220841 0.885719
1305031916.733056 1.289461 -0.054459 -0.290420 0.231500 -0.349920 -0.220775 0.880467
1305031916.765076 1.296090 -0.064052 -0.278729 0.237914 -0.361340 -0.218484 0.874697
1305031916.801088 1.304996 -0.073239 -0.270239 0.245199 -0.370965 -0.212686 0.870073
1305031916.833266 1.312818 -0.085171 -0.258491 0.252019 -0.380345 -0.209509 0.864829
1305031916.865085 1.320277 -0.095524 -0.248070 0.257718 -0.389308 -0.206623 0.859841
1305031916.901017 1.323398 -0.106815 -0.242365 0.264295 -0.399254 -0.202113 0.854339
1305031916.933088 1.329885 -0.119195 -0.230500 0.271144 -0.409463 -0.198039 0.848293
1305031916.965054 1.335250 -0.124652 -0.219297 0.278910 -0.416925 -0.195246 0.842770
1305031917.001132 1.337312 -0.146619 -0.222517 0.283289 -0.424166 -0.191553 0.838533
1305031917.033155 1.343181 -0.160000 -0.218176 0.295328 -0.432151 -0.186349 0.831445
1305031917.065136 1.349193 -0.165216 -0.208076 0.310679 -0.439214 -0.181591 0.823161
1305031917.101130 1.350588 -0.188635 -0.218876 0.322647 -0.444118 -0.183776 0.815404
1305031917.133106 1.353121 -0.214944 -0.233625 0.337042 -0.445787 -0.185073 0.808347
1305031917.165045 1.357995 -0.230876 -0.235383 0.352999 -0.449015 -0.180518 0.800744
1305031917.201175 1.362191 -0.231660 -0.226912 0.367981 -0.451104 -0.175786 0.793848
1305031917.233102 1.370935 -0.224829 -0.207897 0.380781 -0.454053 -0.166943 0.788018
1305031917.265163 1.374245 -0.235975 -0.204786 0.389766 -0.458264 -0.159139 0.782785
1305031917.301107 1.381617 -0.228440 -0.184342 0.398215 -0.463032 -0.154214 0.776688
1305031917.333229 1.390945 -0.251270 -0.174501 0.396754 -0.468510 -0.154821 0.774025
1305031917.365138 1.399622 -0.271130 -0.176704 0.393605 -0.472974 -0.157034 0.772471
1305031917.401065 1.402218 -0.269464 -0.168037 0.390747 -0.475640 -0.159070 0.771868
1305031917.433141 1.409761 -0.276071 -0.158365 0.384828 -0.476477 -0.164271 0.773235
1305031917.465076 1.416161 -0.275749 -0.145322 0.374809 -0.475871 -0.167594 0.777802
1305031917.501158 1.419043 -0.288845 -0.146193 0.358403 -0.473836 -0.174752 0.785168
1305031917.533057 1.421655 -0.304770 -0.154693 0.341594 -0.473046 -0.183682 0.791077
1305031917.565195 1.426081 -0.308384 -0.147634 0.329071 -0.471611 -0.194493 0.794649
1305031917.601069 1.432164 -0.317288 -0.139737 0.315111 -0.471225 -0.204752 0.797952
1305031917.633090 1.443174 -0.316556 -0.113083 0.303309 -0.473833 -0.211346 0.799262
1305031917.665060 1.451373 -0.316497 -0.101882 0.291683 -0.475448 -0.217846 0.800883
1305031917.701096 1.459064 -0.314117 -0.087382 0.278759 -0.478173 -0.221447 0.802873
1305031917.733003 1.463953 -0.326396 -0.086375 0.262943 -0.480879 -0.226184 0.805268
1305031917.765114 1.479874 -0.301890 -0.047279 0.251033 -0.485947 -0.229238 0.805163
1305031917.801048 1.489087 -0.303923 -0.036278 0.231525 -0.487701 -0.235333 0.808185
1305031917.833090 1.496827 -0.295821 -0.015294 0.213679 -0.491069 -0.241356 0.809283
1305031917.865107 1.509051 -0.294053 0.001867 0.196424 -0.492191 -0.250913 0.810067
1305031917.901060 1.520012 -0.290951 0.016266 0.182459 -0.490156 -0.261720 0.811146
1305031917.932948 1.531092 -0.286209 0.026307 0.165385 -0.487273 -0.270134 0.813782
1305031917.965346 1.539019 -0.296156 0.037207 0.145762 -0.484858 -0.279971 0.815648
1305031918.001098 1.546397 -0.306175 0.045997 0.129106 -0.482306 -0.289028 0.816808
1305031918.033144 1.559764 -0.301940 0.055906 0.115763 -0.479889 -0.299018 0.816636
1305031918.065137 1.558785 -0.319975 0.064629 0.097887 -0.478023 -0.314096 0.814405
1305031918.101060 1.564464 -0.329246 0.071865 0.087081 -0.479262 -0.324717 0.810731
1305031918.133054 1.577365 -0.329695 0.085312 0.078941 -0.480875 -0.337003 0.805578
1305031918.165017 1.582894 -0.338562 0.098621 0.068681 -0.480350 -0.348227 0.802050
1305031918.201086 1.594026 -0.342072 0.111735 0.061987 -0.477860 -0.354717 0.801238
1305031918.233042 1.605735 -0.346110 0.127925 0.053419 -0.475048 -0.362763 0.799924
1305031918.265256 1.615735 -0.352217 0.144056 0.045010 -0.470587 -0.372881 0.798424
1305031918.301124 1.626450 -0.356413 0.160395 0.036543 -0.465251 -0.383912 0.796755
1305031918.333165 1.633849 -0.364429 0.177401 0.027039 -0.458393 -0.397172 0.794606
1305031918.365072 1.641995 -0.373779 0.195436 0.020480 -0.452301 -0.407719 0.792950
1305031918.401030 1.655264 -0.376148 0.215003 0.015110 -0.445016 -0.415886 0.792951
1305031918.433043 1.660787 -0.385290 0.234833 0.003416 -0.436977 -0.426268 0.792045
1305031918.465089 1.664227 -0.399431 0.253548 -0.006207 -0.428655 -0.433918 0.792421
1305031918.501125 1.667896 -0.412067 0.269159 -0.010793 -0.418609 -0.440374 0.794179
1305031918.533134 1.675798 -0.421326 0.283219 -0.012984 -0.410388 -0.445166 0.795764
1305031918.565018 1.683732 -0.431120 0.301735 -0.018420 -0.404301 -0.449027 0.796603
1305031918.601029 1.686274 -0.447278 0.319489 -0.024144 -0.399259 -0.452679 0.796926
1305031918.633027 1.694696 -0.458182 0.334010 -0.026090 -0.395806 -0.456810 0.796229
1305031918.665112 1.699699 -0.470927 0.348249 -0.030090 -0.393701 -0.462830 0.793651
1305031918.701017 1.701993 -0.482137 0.363418 -0.034499 -0.394278 -0.467497 0.790444
1305031918.732948 1.706625 -0.501595 0.380584 -0.039670 -0.396295 -0.471783 0.786637
1305031918.765151 1.712629 -0.520277 0.396224 -0.037853 -0.397341 -0.479731 0.781374
1305031918.801097 1.717310 -0.535905 0.410237 -0.030368 -0.396087 -0.491295 0.775128
1305031918.833123 1.721792 -0.547817 0.419768 -0.022761 -0.394421 -0.501284 0.769824
1305031918.865115 1.724340 -0.559616 0.430588 -0.016029 -0.395983 -0.511290 0.762577
1305031918.901084 1.727466 -0.569689 0.441618 -0.007729 -0.400505 -0.521898 0.753099
1305031918.933071 1.731326 -0.579547 0.451812 -0.001793 -0.407894 -0.531255 0.742555
1305031918.965058 1.731789 -0.591342 0.464042 0.002653 -0.416522 -0.542053 0.729850
1305031919.001053 1.731652 -0.601958 0.473820 0.007424 -0.423722 -0.551964 0.718151
1305031919.033082 1.739179 -0.609582 0.487137 0.011573 -0.434635 -0.557463 0.707243
1305031919.065147 1.740611 -0.620240 0.501383 0.010264 -0.443527 -0.565439 0.695311
1305031919.101028 1.741233 -0.633504 0.515392 0.009817 -0.452547 -0.573358 0.682910
1305031919.133133 1.743794 -0.644470 0.530151 0.010643 -0.460286 -0.580083 0.671958
1305031919.165110 1.745776 -0.652479 0.543342 0.011086 -0.466827 -0.585670 0.662526
1305031919.201124 1.748905 -0.659423 0.556278 0.010931 -0.474150 -0.591654 0.651926
1305031919.233093 1.747797 -0.668180 0.566509 0.010216 -0.482750 -0.600218 0.637641
1305031919.265125 1.751637 -0.680254 0.580222 0.011942 -0.494770 -0.608641 0.620174
1305031919.301119 1.748581 -0.687744 0.588963 0.013566 -0.503572 -0.616595 0.605014
1305031919.333120 1.759145 -0.699910 0.600820 0.014366 -0.516688 -0.617583 0.592805
1305031919.364948 1.765994 -0.714856 0.616553 0.011245 -0.527378 -0.621456 0.579257
1305031919.401124 1.770943 -0.726683 0.626034 0.009125 -0.534917 -0.625451 0.567972
1305031919.433256 1.778851 -0.741536 0.639288 0.005952 -0.544370 -0.628119 0.555961
1305031919.465070 1.785207 -0.759851 0.653067 0.003185 -0.551913 -0.632476 0.543467
1305031919.501049 1.789533 -0.778097 0.666139 0.001044 -0.556629 -0.636204 0.534235
1305031919.533110 1.788235 -0.798170 0.676784 -0.000138 -0.559532 -0.638402 0.528551
1305031919.565165 1.792870 -0.810612 0.682308 0.004710 -0.562060 -0.638125 0.526178
1305031919.601094 1.793804 -0.825349 0.690115 0.005039 -0.565885 -0.638271 0.521881
1305031919.633127 1.791980 -0.843422 0.693455 0.005742 -0.572289 -0.636801 0.516660
1305031919.665042 1.794322 -0.862931 0.707049 0.008034 -0.582881 -0.631733 0.510978
1305031919.701092 1.788098 -0.884172 0.719950 0.008485 -0.589505 -0.628262 0.507641
1305031919.733117 1.784618 -0.900914 0.724556 0.014560 -0.593947 -0.624085 0.507478
1305031919.765060 1.788754 -0.910100 0.730136 0.017578 -0.599879 -0.617215 0.508804
1305031919.801129 1.786862 -0.917817 0.730154 0.015980 -0.607372 -0.611268 0.507144
1305031919.833072 1.789824 -0.923378 0.737681 0.012959 -0.619149 -0.604501 0.501064
1305031919.865180 1.780497 -0.932213 0.753855 -0.000391 0.631518 0.599472 -0.491749
1305031919.901067 1.757965 -0.948853 0.762708 0.010172 0.640563 0.596780 -0.483145
1305031919.933102 1.750015 -0.956077 0.769969 0.013930 0.648710 0.590220 -0.480232
1305031919.965129 1.736411 -0.965757 0.780247 0.020775 0.656620 0.584107 -0.476694
1305031920.001054 1.726140 -0.972863 0.783528 0.024548 0.663504 0.577164 -0.475438
1305031920.033118 1.722689 -0.975378 0.790903 0.029551 0.672669 0.570291 -0.470545
1305031920.065136 1.705026 -0.981041 0.800538 0.039174 0.682310 0.565930 -0.461131
1305031920.101055 1.692383 -0.986822 0.811135 0.043317 0.692369 0.560433 -0.452397
1305031920.132987 1.679335 -0.989948 0.825191 0.046666 0.699857 0.557288 -0.444355
1305031920.165140 1.663411 -0.995198 0.839586 0.048638 0.705132 0.555398 -0.438129
1305031920.201166 1.645034 -1.000808 0.853515 0.047648 0.705283 0.556766 -0.436254
1305031920.233083 1.623140 -1.002721 0.862789 0.045986 0.703067 0.555831 -0.441173
1305031920.265120 1.608628 -1.008105 0.871993 0.041280 0.701243 0.552907 -0.448161
1305031920.301096 1.591847 -1.007174 0.878653 0.035719 0.696552 0.549353 -0.460163
1305031920.333124 1.579008 -1.009996 0.883332 0.030639 0.692235 0.542310 -0.475154
1305031920.365130 1.567011 -1.009794 0.892102 0.025847 0.686819 0.535618 -0.490636
1305031920.401115 1.549458 -1.009682 0.896164 -0.021811 -0.680054 -0.529590 0.506543
1305031920.433123 1.538182 -1.010361 0.900322 -0.014706 -0.674781 -0.522414 0.521093
1305031920.465148 1.525672 -1.012736 0.901519 -0.008869 -0.669735 -0.516867 0.533127
1305031920.501107 1.514626 -1.015063 0.902839 -0.001430 -0.666234 -0.510575 0.543548
1305031920.533105 1.509429 -1.014891 0.900779 0.006753 -0.663144 -0.504481 0.552896
1305031920.565153 1.495607 -1.015434 0.900952 0.012140 -0.661776 -0.500793 0.557774
1305031920.601126 1.483127 -1.024220 0.901266 0.015409 -0.661579 -0.495911 0.562271
1305031920.633105 1.475148 -1.033658 0.903570 0.019806 -0.660628 -0.488861 0.569380
1305031920.665129 1.461831 -1.041898 0.916615 0.022392 -0.656921 -0.480681 0.580430
1305031920.701147 1.451069 -1.048646 0.917976 0.028522 -0.646953 -0.472659 0.597689
1305031920.733091 1.440309 -1.056022 0.922585 0.037485 -0.638809 -0.463511 0.612924
1305031920.765152 1.431666 -1.059029 0.925349 0.045999 -0.628813 -0.454567 0.629164
1305031920.801031 1.425147 -1.064586 0.924361 0.054252 -0.619241 -0.445972 0.643977
1305031920.833132 1.419881 -1.068674 0.925880 0.062060 -0.612699 -0.438898 0.654307
1305031920.865163 1.412562 -1.074417 0.925477 0.068916 -0.605093 -0.432151 0.665100
1305031920.901037 1.408827 -1.080640 0.921180 0.074692 -0.596854 -0.423377 0.677449
1305031920.933077 1.406724 -1.088301 0.925985 0.077630 -0.589066 -0.414102 0.689561
1305031920.965217 1.399155 -1.098773 0.927543 0.079797 -0.579215 -0.407995 0.701201
1305031921.001108 1.388772 -1.109205 0.930604 0.082086 -0.569559 -0.401882 0.712289
1305031921.033111 1.381594 -1.119266 0.936423 0.087972 -0.560957 -0.398427 0.720308
1305031921.065147 1.377356 -1.125669 0.933990 0.091277 -0.549868 -0.396690 0.729349
1305031921.101105 1.374773 -1.133421 0.933729 0.091777 -0.540036 -0.394011 0.738033
1305031921.133159 1.367181 -1.136992 0.943680 0.092422 -0.530793 -0.393957 0.744658
1305031921.165116 1.358791 -1.146799 0.950500 0.091833 -0.519418 -0.396128 0.751568
1305031921.201159 1.344396 -1.160654 0.956381 0.093521 -0.508607 -0.398591 0.757428
1305031921.233189 1.334748 -1.169715 0.960683 0.098514 -0.499493 -0.398291 0.762998
1305031921.265164 1.327694 -1.177384 0.960844 0.103611 -0.491605 -0.396697 0.768259
1305031921.301188 1.325922 -1.182279 0.960225 0.107440 -0.486043 -0.394379 0.772453
1305031921.333158 1.319680 -1.186781 0.960123 0.108284 -0.480344 -0.390308 0.777949
1305031921.365112 1.314697 -1.194304 0.963961 0.107851 -0.476956 -0.385973 0.782245
1305031921.401108 1.310276 -1.206431 0.970102 0.107726 -0.473069 -0.382329 0.786401
1305031921.433143 1.306850 -1.213206 0.971668 0.108788 -0.466695 -0.377229 0.792502
1305031921.465014 1.303708 -1.220464 0.974121 0.107776 -0.460592 -0.370202 0.799494
1305031921.501096 1.301217 -1.233407 0.982089 0.106847 -0.454381 -0.363247 0.806333
1305031921.533099 1.294461 -1.245841 0.991500 0.109273 -0.445580 -0.358263 0.813121
1305031921.565119 1.284628 -1.261041 0.999070 0.112348 -0.436012 -0.351307 0.820886
1305031921.601114 1.292882 -1.264084 1.000749 0.120961 -0.426612 -0.344978 0.827261
1305031921.633107 1.294720 -1.271672 1.004445 0.120681 -0.413886 -0.339273 0.836079
1305031921.665162 1.284178 -1.277005 1.011268 0.121342 -0.396742 -0.330589 0.847693
1305031921.701068 1.286939 -1.285152 1.023760 0.125614 -0.382351 -0.323092 0.856528
1305031921.733068 1.286083 -1.285543 1.030318 0.130244 -0.362161 -0.315850 0.867245
1305031921.765060 1.283003 -1.291166 1.035499 0.131416 -0.343833 -0.310044 0.876574
1305031921.801034 1.276029 -1.288184 1.037482 0.133328 -0.327273 -0.304851 0.884411
1305031921.833122 1.268528 -1.292325 1.035695 0.130260 -0.313618 -0.301194 0.891044
1305031921.865148 1.259485 -1.298762 1.043340 0.128468 -0.307482 -0.298116 0.894471
1305031921.901117 1.263439 -1.296370 1.047683 0.129315 -0.300417 -0.295203 0.897710
1305031921.933132 1.250108 -1.302022 1.053117 0.125213 -0.289141 -0.292718 0.902793
1305031921.965107 1.241262 -1.304317 1.060146 0.125250 -0.278561 -0.285833 0.908304
1305031922.001101 1.244794 -1.307340 1.067014 0.126047 -0.267748 -0.278840 0.913604
1305031922.033170 1.238019 -1.305728 1.072529 0.126498 -0.254225 -0.273982 0.918859
1305031922.065166 1.227582 -1.304199 1.077165 0.125657 -0.241407 -0.267954 0.924193
1305031922.101032 1.222483 -1.314645 1.075279 0.122066 -0.231651 -0.263211 0.928524
1305031922.133245 1.216861 -1.314147 1.076319 0.121751 -0.221856 -0.257946 0.932427
1305031922.165062 1.217914 -1.314041 1.079433 0.120525 -0.213239 -0.251901 0.936242
1305031922.201057 1.209715 -1.317997 1.082893 0.117843 -0.203903 -0.248498 0.939567
1305031922.233248 1.205395 -1.314979 1.082110 0.118353 -0.194276 -0.245142 0.942419
1305031922.265183 1.206251 -1.314112 1.083786 0.116805 -0.185658 -0.241640 0.945250
1305031922.301137 1.203541 -1.313672 1.082926 0.113865 -0.174321 -0.240218 0.948126
1305031922.333215 1.193965 -1.312160 1.085348 0.111946 -0.160519 -0.239021 0.951089
1305031922.365143 1.186426 -1.310379 1.087922 0.109417 -0.150172 -0.237589 0.953429
1305031922.401139 1.185805 -1.304744 1.087158 0.107710 -0.141621 -0.234919 0.955592
1305031922.433086 1.182023 -1.303472 1.088278 0.102196 -0.129954 -0.232601 0.958418
1305031922.465219 1.172862 -1.303033 1.090477 0.098072 -0.119745 -0.231256 0.960502
1305031922.501312 1.172394 -1.298295 1.093685 0.096563 -0.112564 -0.228240 0.962243
1305031922.533139 1.167705 -1.293607 1.098035 0.092317 -0.103792 -0.224859 0.964439
1305031922.565031 1.168138 -1.296761 1.098949 0.088835 -0.098000 -0.225714 0.965172
1305031922.601111 1.166899 -1.294307 1.100774 0.086095 -0.087949 -0.224971 0.966561
1305031922.633085 1.164410 -1.295136 1.105629 0.083359 -0.080453 -0.224177 0.967638
1305031922.665318 1.163839 -1.296095 1.101544 0.081172 -0.072792 -0.223730 0.968534
1305031922.701355 1.166253 -1.300943 1.103580 0.078366 -0.063666 -0.221733 0.969866
1305031922.733235 1.157113 -1.307817 1.099984 0.076775 -0.053798 -0.216714 0.971723
1305031922.765373 1.158343 -1.307971 1.100039 0.079627 -0.047019 -0.210798 0.973146
1305031922.801220 1.159898 -1.307956 1.100341 0.082402 -0.039902 -0.204302 0.974617
1305031922.833262 1.161586 -1.308922 1.098924 0.084974 -0.032496 -0.199315 0.975703
1305031922.865045 1.161651 -1.309418 1.100516 0.088319 -0.023134 -0.193536 0.976836
1305031922.901109 1.165608 -1.309833 1.101400 0.092978 -0.016226 -0.188751 0.977479
1305031922.933136 1.169268 -1.309024 1.096534 0.095163 -0.009497 -0.184567 0.978156
1305031922.965220 1.171835 -1.307715 1.100789 0.095819 -0.004937 -0.179521 0.979064
1305031923.001054 1.165238 -1.315130 1.079521 0.090688 0.001385 -0.175993 0.980204
1305031923.033184 1.155436 -1.316936 1.066411 0.088218 0.010522 -0.174052 0.980721
1305031923.065085 1.157215 -1.317482 1.067166 0.088215 0.014368 -0.169275 0.981508
1305031923.101056 1.165119 -1.318062 1.064824 0.088681 0.016698 -0.166326 0.981933
1305031923.133238 1.165791 -1.321258 1.058922 0.086775 0.024396 -0.163121 0.982480
1305031923.165168 1.161489 -1.329024 1.059668 0.087318 0.032353 -0.160796 0.982585
1305031923.201181 1.150610 -1.332346 1.043255 0.093021 0.041661 -0.161698 0.981563
1305031923.233162 1.180145 -1.317474 1.065769 0.106146 0.042854 -0.155409 0.981195
1305031923.265159 1.185933 -1.316394 1.059122 0.104906 0.050826 -0.148141 0.982072
1305031923.301183 1.186895 -1.316559 1.058122 0.102790 0.058828 -0.139252 0.983149
1305031923.333169 1.189940 -1.315947 1.053913 0.101754 0.065010 -0.131618 0.983919
1305031923.365230 1.199299 -1.312197 1.052678 0.101476 0.069497 -0.125179 0.984481
1305031923.401139 1.206862 -1.311997 1.047363 0.095757 0.075430 -0.117324 0.985584
1305031923.433112 1.215270 -1.313176 1.049192 0.093319 0.082020 -0.108735 0.986276
1305031923.465290 1.220027 -1.315985 1.038713 0.091488 0.090209 -0.100814 0.986574
1305031923.501145 1.221677 -1.321988 1.030654 0.093404 0.097306 -0.092792 0.986507
1305031923.533199 1.230771 -1.321701 1.017572 0.100614 0.099704 -0.088752 0.985931
1305031923.565198 1.237024 -1.318717 1.009393 0.105737 0.102114 -0.083374 0.985617
1305031923.601069 1.245910 -1.316291 1.000494 0.110920 0.102600 -0.079010 0.985356
1305031923.633244 1.252221 -1.315265 0.978460 0.111694 0.104643 -0.073621 0.985472
1305031923.665141 1.262180 -1.313618 0.971099 0.113851 0.105147 -0.066274 0.985693
1305031923.701144 1.270700 -1.305511 0.957293 0.118219 0.106591 -0.062450 0.985273
1305031923.733145 1.275955 -1.300542 0.946918 0.119297 0.108140 -0.057516 0.985275
1305031923.765175 1.285221 -1.294841 0.936336 0.122476 0.109973 -0.056548 0.984737
1305031923.801150 1.294150 -1.285635 0.921223 0.122144 0.113286 -0.057023 0.984376
1305031923.833045 1.298165 -1.288199 0.909543 0.120837 0.116643 -0.056016 0.984203
1305031923.865161 1.309846 -1.277290 0.898985 0.128288 0.115337 -0.057049 0.983354
1305031923.901121 1.318748 -1.267054 0.894086 0.134038 0.116729 -0.062879 0.982066
1305031923.933140 1.325000 -1.255267 0.877481 0.138558 0.120035 -0.069003 0.980628
1305031923.965198 1.337751 -1.239310 0.870530 0.136670 0.122383 -0.071851 0.980399
1305031924.001096 1.346315 -1.240352 0.868762 0.133394 0.125214 -0.071217 0.980538
1305031924.033250 1.345013 -1.238236 0.828387 0.138203 0.131541 -0.077688 0.978551
1305031924.065224 1.352836 -1.226312 0.792145 0.136595 0.135745 -0.075314 0.978388
1305031924.101175 1.358215 -1.226334 0.775852 0.129547 0.139179 -0.074144 0.978953
1305031924.133285 1.367405 -1.214642 0.779151 0.133604 0.139392 -0.076695 0.978181
1305031924.165591 1.377368 -1.200495 0.761592 0.132195 0.137924 -0.076038 0.978632
1305031924.201130 1.386300 -1.198126 0.755207 0.128311 0.133969 -0.076617 0.979652
1305031924.233238 1.394014 -1.186390 0.746051 0.130722 0.130252 -0.082428 0.979363
1305031924.265335 1.402070 -1.180123 0.738118 0.129518 0.127097 -0.084270 0.979781
1305031924.301099 1.410296 -1.169694 0.725107 0.129126 0.124108 -0.084897 0.980161
1305031924.333113 1.414749 -1.161170 0.716214 0.127587 0.120955 -0.083978 0.980836
1305031924.365169 1.421113 -1.153058 0.706118 0.126917 0.116363 -0.086434 0.981265
1305031924.401095 1.427371 -1.143635 0.693821 0.126058 0.109861 -0.089495 0.981851
1305031924.433069 1.433427 -1.136605 0.685603 0.124301 0.104486 -0.091270 0.982498
1305031924.465394 1.437061 -1.129757 0.680211 0.125224 0.099948 -0.094659 0.982532
1305031924.501116 1.439655 -1.121680 0.670668 0.127187 0.093189 -0.098257 0.982591
1305031924.533245 1.442226 -1.115741 0.661532 0.128001 0.084544 -0.099416 0.983150
1305031924.565264 1.445083 -1.110525 0.654911 0.132040 0.073539 -0.102021 0.983234
1305031924.601161 1.452788 -1.103494 0.645394 0.137338 0.063439 -0.104448 0.982957
1305031924.633221 1.455556 -1.099413 0.640254 0.142573 0.058113 -0.103511 0.982640
1305031924.665187 1.463407 -1.090441 0.629025 0.149615 0.050442 -0.102383 0.982135
1305031924.701168 1.468517 -1.085337 0.619796 0.154045 0.045263 -0.103501 0.981585
1305031924.733166 1.475038 -1.077977 0.612094 0.159900 0.040162 -0.104645 0.980749
1305031924.765170 1.481929 -1.067040 0.606293 0.165251 0.036203 -0.104828 0.979996
1305031924.801057 1.486598 -1.060275 0.601464 0.166569 0.037137 -0.104009 0.979825
1305031924.833187 1.492844 -1.050673 0.594149 0.169440 0.037631 -0.103881 0.979328
1305031924.865165 1.496536 -1.034201 0.588813 0.169939 0.039328 -0.104334 0.979126
1305031924.901110 1.499011 -1.027609 0.583555 0.164248 0.038342 -0.103271 0.980249
1305031924.933186 1.502882 -1.023255 0.577864 0.161717 0.033877 -0.104497 0.980704
1305031924.969060 1.506463 -1.013335 0.574552 0.162991 0.030223 -0.107919 0.980242
1305031925.001103 1.510282 -1.006772 0.568429 0.163782 0.026729 -0.110195 0.979958
1305031925.033148 1.513176 -0.999188 0.563567 0.166962 0.024419 -0.112588 0.979210
1305031925.069090 1.515864 -0.991350 0.557647 0.172523 0.023468 -0.115365 0.977945
1305031925.101107 1.522338 -0.975717 0.546576 0.175509 0.021167 -0.115182 0.977487
1305031925.133209 1.525000 -0.966137 0.540042 0.169986 0.019557 -0.113033 0.978747
1305031925.169080 1.524872 -0.962750 0.535347 0.165957 0.017523 -0.112429 0.979546
1305031925.201117 1.527836 -0.955478 0.529313 0.167549 0.013395 -0.114796 0.979066
1305031925.233193 1.528920 -0.940639 0.520276 0.168772 0.009139 -0.116625 0.978689
1305031925.269164 1.531481 -0.933216 0.513642 0.165440 0.005742 -0.121566 0.978682
1305031925.301283 1.536910 -0.922268 0.506313 0.163638 0.003652 -0.126503 0.978369
1305031925.333142 1.541468 -0.909799 0.499864 0.159741 0.003059 -0.129259 0.978655
1305031925.369107 1.544501 -0.901276 0.494083 0.155074 0.002810 -0.135357 0.978582
1305031925.401456 1.548530 -0.892555 0.489937 0.152774 0.002538 -0.140331 0.978244
1305031925.433406 1.552092 -0.885841 0.483664 0.152538 0.000818 -0.143982 0.977753
1305031925.469099 1.561188 -0.877804 0.478699 0.155747 0.000253 -0.145771 0.976982
1305031925.501267 1.568857 -0.870709 0.474601 0.160790 0.003844 -0.144270 0.976380
1305031925.533321 1.578438 -0.859345 0.464443 0.167816 0.008684 -0.139969 0.975793
1305031925.569132 1.587863 -0.849476 0.456793 0.171933 0.013428 -0.132814 0.976022
1305031925.601218 1.599186 -0.838984 0.446568 0.175285 0.017945 -0.127283 0.976090
1305031925.633430 1.606222 -0.826128 0.434485 0.177419 0.022898 -0.121901 0.976288
1305031925.669137 1.617589 -0.817318 0.426360 0.174754 0.025011 -0.117662 0.977236
1305031925.701322 1.624445 -0.809713 0.421985 0.172812 0.025468 -0.115572 0.977819
1305031925.733167 1.636586 -0.801194 0.417917 0.170926 0.023977 -0.114292 0.978339
1305031925.769246 1.649378 -0.792808 0.415064 0.166802 0.023962 -0.110875 0.979444
1305031925.801208 1.661946 -0.784449 0.411446 0.161098 0.026896 -0.107879 0.980656
1305031925.833148 1.673579 -0.775758 0.407081 0.153282 0.031639 -0.103435 0.982245
1305031925.869197 1.680930 -0.770135 0.404331 0.144613 0.038269 -0.100584 0.983619
1305031925.901176 1.690925 -0.762453 0.400410 0.137477 0.044017 -0.095658 0.984892
1305031925.933170 1.699529 -0.755714 0.396783 0.130610 0.047963 -0.088333 0.986325
1305031925.969198 1.708172 -0.747169 0.391131 0.122644 0.050769 -0.082841 0.987683
1305031926.001186 1.712804 -0.742280 0.386599 0.115092 0.053886 -0.078092 0.988813
1305031926.033156 1.719740 -0.733584 0.379865 0.112514 0.052987 -0.072703 0.989569
1305031926.069077 1.728591 -0.725160 0.372884 0.108466 0.055222 -0.069049 0.990160
1305031926.101106 1.735607 -0.718693 0.366082 0.105771 0.059928 -0.067702 0.990272
1305031926.133181 1.747433 -0.707610 0.355480 0.105105 0.064047 -0.065793 0.990213
1305031926.169101 1.755827 -0.699033 0.349241 0.101425 0.070562 -0.062845 0.990346
1305031926.201141 1.760696 -0.693055 0.341931 0.101166 0.077812 -0.059641 0.990027
1305031926.233134 1.772553 -0.682045 0.328524 0.101214 0.083172 -0.056160 0.989790
1305031926.269135 1.781528 -0.674055 0.321006 0.099250 0.089399 -0.054792 0.989523
1305031926.301054 1.790277 -0.666081 0.312774 0.099424 0.096630 -0.053303 0.988907
1305031926.333164 1.799193 -0.657500 0.302506 0.099247 0.106180 -0.049689 0.988133
1305031926.369064 1.805143 -0.652102 0.294848 0.099420 0.116474 -0.045522 0.987156
1305031926.401166 1.808427 -0.643802 0.280040 0.101727 0.123776 -0.040601 0.986247
1305031926.433155 1.815278 -0.636950 0.266738 0.101611 0.131796 -0.035109 0.985430
1305031926.469090 1.821732 -0.632253 0.258569 0.101579 0.139668 -0.029500 0.984533
1305031926.501075 1.827416 -0.629778 0.248544 0.103217 0.148390 -0.021294 0.983297
1305031926.533176 1.828801 -0.622497 0.235528 0.106099 0.158327 -0.013813 0.981573
1305031926.569122 1.831842 -0.617980 0.223725 0.108025 0.166736 -0.004638 0.980055
1305031926.601166 1.833819 -0.612653 0.211749 0.109370 0.174638 0.005048 0.978527
1305031926.633127 1.836159 -0.606720 0.200914 0.109880 0.181962 0.015398 0.977026
1305031926.669140 1.839678 -0.601275 0.192854 0.110292 0.189223 0.026506 0.975360
1305031926.701042 1.845322 -0.593094 0.188452 0.112186 0.197988 0.034192 0.973163
1305031926.733207 1.843836 -0.591532 0.183162 0.110809 0.212255 0.042499 0.969981
1305031926.769141 1.841747 -0.590163 0.174953 0.108735 0.226801 0.054697 0.966305
1305031926.801342 1.843556 -0.585529 0.170440 0.107625 0.239997 0.067668 0.962413
1305031926.833209 1.842587 -0.582629 0.167869 0.106416 0.255544 0.081829 0.957432
1305031926.869333 1.835592 -0.583077 0.165632 0.103631 0.274247 0.099631 0.950854
1305031926.901097 1.839113 -0.576617 0.164347 0.102802 0.291754 0.116790 0.943754
1305031926.933348 1.843643 -0.566478 0.155848 0.103545 0.306781 0.132092 0.936865
1305031926.969122 1.838715 -0.560538 0.147610 0.100210 0.325956 0.145419 0.928743
1305031927.001575 1.837584 -0.556715 0.142281 0.094037 0.342766 0.159073 0.921067
1305031927.033929 1.843173 -0.550220 0.143719 0.089921 0.358491 0.173285 0.912891
1305031927.070528 1.843450 -0.542418 0.135313 0.086565 0.371897 0.187765 0.904955
1305031927.101272 1.848095 -0.539266 0.122587 0.079667 0.379932 0.202256 0.899109
1305031927.133471 1.851037 -0.527515 0.120436 0.074924 0.390462 0.214800 0.892069
1305031927.169161 1.853930 -0.516864 0.114329 0.069373 0.399953 0.227448 0.885151
1305031927.201210 1.858322 -0.506479 0.103042 0.062005 0.406287 0.240869 0.879243
1305031927.233491 1.859026 -0.487265 0.087267 0.053449 0.407257 0.252490 0.876090
1305031927.269153 1.862867 -0.481265 0.094437 0.042441 0.410943 0.261587 0.872294
1305031927.301135 1.865760 -0.469449 0.095573 0.034404 0.414582 0.271087 0.868015
1305031927.333139 1.866801 -0.456831 0.097350 0.029463 0.418968 0.281893 0.862632
1305031927.369147 1.873961 -0.451120 0.093338 0.021388 0.423052 0.293650 0.856936
1305031927.401161 1.878928 -0.440531 0.091517 0.014948 0.427954 0.303662 0.851129
1305031927.433274 1.877694 -0.425108 0.086689 0.011955 0.429229 0.311378 0.847740
1305031927.469105 1.880245 -0.412094 0.079288 0.006435 0.430356 0.318038 0.844751
1305031927.501136 1.884497 -0.402162 0.076111 -0.000650 0.431510 0.322340 0.842553
1305031927.533182 1.885924 -0.393791 0.074003 -0.005281 0.433206 0.325077 0.840612
1305031927.569225 1.886377 -0.378464 0.067585 -0.008652 0.432510 0.325921 0.840616
1305031927.601132 1.888590 -0.368265 0.063354 -0.016183 0.430461 0.326005 0.841524
1305031927.633201 1.892075 -0.361784 0.064381 -0.025389 0.428419 0.324659 0.842858
1305031927.669158 1.894527 -0.351013 0.063410 -0.030529 0.425490 0.318343 0.846572
1305031927.701131 1.899021 -0.344165 0.057551 -0.039194 0.421628 0.310851 0.850920
1305031927.733219 1.903374 -0.337988 0.056848 -0.047157 0.419333 0.304332 0.854001
1305031927.769158 1.908653 -0.330646 0.053270 -0.053902 0.416287 0.298366 0.857191
1305031927.801109 1.913523 -0.322472 0.050564 -0.057806 0.414762 0.293845 0.859236
1305031927.833282 1.920113 -0.315607 0.044781 -0.061403 0.413072 0.291396 0.860633
1305031927.869143 1.926809 -0.309037 0.040816 -0.065754 0.412369 0.291529 0.860604
1305031927.901130 1.933508 -0.306175 0.041739 -0.068954 0.413982 0.290775 0.859834
1305031927.933465 1.936341 -0.291324 0.028991 -0.066682 0.411695 0.287975 0.862050
1305031927.969176 1.943099 -0.280669 0.019367 -0.067388 0.410089 0.288550 0.862569
1305031928.001134 1.950458 -0.275032 0.013097 -0.069280 0.410403 0.289502 0.861950
1305031928.033186 1.957530 -0.263280 0.000992 -0.069060 0.409801 0.289563 0.862234
1305031928.069125 1.964610 -0.253497 -0.009324 -0.072095 0.409612 0.291599 0.861389
1305031928.101114 1.971228 -0.247063 -0.015370 -0.074592 0.410827 0.293646 0.859901
1305031928.133202 1.979281 -0.238421 -0.027639 -0.076420 0.410892 0.294769 0.859325
1305031928.169018 1.985470 -0.234536 -0.033655 -0.079493 0.414863 0.295351 0.856935
1305031928.201096 1.990673 -0.227872 -0.040956 -0.080950 0.420682 0.295574 0.853879
1305031928.233133 1.993527 -0.220328 -0.051901 -0.082090 0.426930 0.297953 0.849833
1305031928.269216 1.997348 -0.217858 -0.053553 -0.084197 0.434397 0.302809 0.844107
1305031928.301255 1.999086 -0.214790 -0.061911 -0.083718 0.440295 0.307535 0.839377
1305031928.333609 2.001945 -0.210579 -0.070082 -0.082958 0.446363 0.313103 0.834173
1305031928.369520 2.006177 -0.203276 -0.073819 -0.079692 0.451379 0.319658 0.829292
1305031928.401116 2.007239 -0.204179 -0.081070 -0.076841 0.459373 0.328012 0.821876
1305031928.433543 2.013129 -0.199273 -0.091623 -0.071537 0.468495 0.338085 0.813077
1305031928.469232 2.016657 -0.191653 -0.099812 -0.064320 0.479300 0.349237 0.802601
1305031928.501428 2.027235 -0.192836 -0.108656 -0.058249 0.489697 0.362136 0.790988
1305031928.533982 2.028010 -0.189070 -0.114715 -0.047524 0.500542 0.371994 0.780269
1305031928.569299 2.025190 -0.184866 -0.121993 -0.038026 0.511148 0.378797 0.770581
1305031928.601271 2.024081 -0.182556 -0.123821 -0.028297 0.524645 0.385319 0.758602
1305031928.633595 2.008628 -0.213918 -0.173166 -0.025469 0.534258 0.389786 0.749657
1305031928.669146 2.010124 -0.213596 -0.184477 -0.016264 0.547172 0.389720 0.740578
1305031928.701110 2.005666 -0.214098 -0.190557 -0.007007 0.560427 0.387832 0.731750
1305031928.733185 2.010676 -0.217984 -0.199966 0.000412 0.571651 0.387106 0.723439
1305031928.769202 2.008682 -0.226917 -0.202674 0.008639 0.584802 0.386810 0.712958
1305031928.801117 2.009268 -0.230545 -0.210635 0.018189 0.595400 0.384997 0.704944
1305031928.833193 2.003324 -0.234288 -0.217754 0.028732 0.607124 0.381695 0.696336
1305031928.869148 1.998912 -0.235942 -0.230895 0.039724 0.615033 0.379095 0.690249
1305031928.901197 1.995884 -0.241024 -0.237121 0.049701 0.626254 0.375262 0.681553
1305031928.933215 1.995840 -0.245981 -0.245289 0.061615 0.637349 0.370962 0.672590
1305031928.969097 1.993676 -0.252474 -0.253250 0.071552 0.649712 0.362876 0.664135
1305031929.001155 1.989799 -0.261849 -0.255625 0.079532 0.663631 0.356309 0.652926
1305031929.033640 1.988469 -0.266730 -0.264750 0.089742 0.675674 0.350618 0.642245
1305031929.069089 1.982971 -0.274692 -0.268793 0.098457 0.690011 0.341537 0.630511
1305031929.101213 1.976451 -0.279990 -0.271809 0.106813 0.704263 0.332714 0.617985
1305031929.133202 1.976424 -0.286739 -0.277531 0.116904 0.717106 0.326299 0.604666
1305031929.169204 1.971276 -0.294725 -0.284031 0.126194 0.728192 0.320162 0.592713
1305031929.201163 1.963890 -0.301077 -0.282498 0.135548 0.740031 0.313427 0.579435
1305031929.233293 1.965827 -0.313535 -0.294177 0.147057 0.749518 0.310786 0.565694
1305031929.269214 1.962520 -0.321757 -0.300413 0.159223 0.759166 0.304824 0.552627
1305031929.301292 1.955503 -0.334326 -0.304671 0.167701 0.768683 0.299158 0.539914
1305031929.333529 1.955133 -0.337570 -0.304808 0.178297 0.777901 0.292778 0.526652
1305031929.369189 1.952856 -0.345052 -0.300404 0.188118 0.785792 0.286025 0.515105
1305031929.401369 1.946339 -0.356664 -0.306232 0.198020 0.788309 0.283776 0.508752
1305031929.433239 1.939161 -0.367965 -0.308792 0.206701 0.792743 0.278234 0.501418
1305031929.469219 1.932572 -0.377657 -0.309938 0.214075 0.797431 0.272684 0.493881
1305031929.501198 1.926796 -0.389761 -0.311874 0.221326 0.801272 0.268188 0.486881
1305031929.533262 1.919943 -0.402198 -0.313650 0.227823 0.805376 0.262896 0.479950
1305031929.569172 1.913623 -0.414013 -0.315312 0.233614 0.809343 0.257261 0.473504
1305031929.601101 1.906688 -0.427761 -0.316877 0.238297 0.813275 0.250393 0.468083
1305031929.634447 1.899166 -0.439553 -0.316964 0.241981 0.817931 0.242287 0.462311
1305031929.669287 1.892776 -0.450845 -0.316015 0.245586 0.822371 0.233688 0.456929
1305031929.701269 1.887470 -0.458736 -0.311509 0.250370 0.826460 0.224456 0.451550
1305031929.733617 1.881143 -0.468893 -0.309367 0.255890 0.828597 0.216959 0.448193
1305031929.769190 1.875097 -0.477422 -0.305756 0.260914 0.828584 0.210754 0.448280
1305031929.801229 1.865557 -0.484792 -0.304091 0.266899 0.827325 0.203581 0.450391
1305031929.833358 1.858586 -0.490891 -0.302102 0.272111 0.827381 0.195556 0.450725
1305031929.869242 1.853540 -0.497426 -0.300278 0.276373 0.827012 0.188469 0.451829
1305031929.901292 1.845814 -0.504207 -0.300142 0.280501 0.826288 0.182341 0.453121
1305031929.933176 1.837808 -0.513393 -0.303719 0.282084 0.826609 0.176932 0.453697
1305031929.969176 1.830192 -0.518502 -0.306186 0.281639 0.828178 0.172335 0.452881
1305031930.001350 1.819440 -0.534461 -0.317304 0.280533 0.829250 0.173864 0.451017
1305031930.033650 1.808868 -0.533819 -0.317831 0.282360 0.830169 0.175117 0.447691
1305031930.069293 1.799177 -0.530679 -0.318974 0.283668 0.830553 0.177984 0.445013
1305031930.101133 1.794902 -0.530407 -0.322128 0.282654 0.831134 0.181721 0.443059
1305031930.134163 1.779496 -0.526488 -0.323531 0.278446 0.832252 0.185883 0.441896
1305031930.169117 1.776258 -0.525054 -0.324086 0.275059 0.835329 0.190278 0.436306
1305031930.201148 1.763923 -0.518160 -0.327684 0.271247 0.838329 0.195413 0.430631
1305031930.233355 1.759110 -0.519584 -0.326096 0.264148 0.842654 0.202272 0.423375
1305031930.269064 1.750607 -0.502263 -0.336208 0.258576 0.845921 0.206819 0.418070
1305031930.301105 1.735297 -0.494568 -0.337438 0.253813 0.848737 0.214920 0.411137
1305031930.333138 1.731763 -0.486715 -0.343003 0.245872 0.851959 0.223491 0.404678
1305031930.369794 1.733499 -0.496326 -0.336335 0.237443 0.856850 0.233682 0.393474
1305031930.401077 1.726437 -0.475417 -0.343449 0.233264 0.858757 0.241165 0.387251
1305031930.433290 1.710126 -0.463044 -0.348686 0.227055 0.858860 0.251160 0.384350
1305031930.469130 1.732756 -0.491610 -0.330344 0.219065 0.862278 0.266844 0.370515
1305031930.501044 1.722333 -0.475885 -0.335265 0.215884 0.859900 0.279977 0.368211
1305031930.533067 1.709439 -0.467547 -0.344500 0.208245 0.857876 0.292735 0.367407
1305031930.569007 1.698419 -0.448249 -0.343697 0.201424 0.857437 0.300419 0.366030
1305031930.601041 1.689497 -0.441286 -0.339765 0.193649 0.856498 0.311915 0.362795
1305031930.633126 1.688988 -0.442205 -0.337474 0.184273 0.854191 0.325758 0.360946
1305031930.668925 1.701138 -0.452715 -0.324270 0.175576 0.851763 0.339765 0.358096
1305031930.701009 1.695777 -0.468165 -0.334010 0.168845 0.844849 0.356292 0.361632
1305031930.733195 1.721078 -0.440987 -0.299247 0.167041 0.844073 0.362184 0.358415
1305031930.769068 1.718306 -0.431766 -0.294836 0.159900 0.839165 0.372421 0.362681
1305031930.801055 1.716612 -0.427834 -0.294017 0.154083 0.834483 0.382666 0.365327
1305031930.833091 1.711629 -0.421529 -0.292592 0.149080 0.831156 0.390432 0.366767
1305031930.869070 1.709124 -0.423211 -0.295540 0.140523 0.827628 0.400510 0.367255
1305031930.900829 1.706331 -0.418037 -0.295755 0.134660 0.823625 0.410608 0.367300
1305031930.933330 1.704087 -0.392931 -0.275075 0.132268 0.822611 0.414635 0.365915
1305031930.969059 1.700840 -0.383443 -0.269691 0.127419 0.819173 0.423576 0.365108
1305031931.000795 1.697482 -0.373443 -0.263668 0.121871 0.815166 0.433655 0.364137
1305031931.033023 1.694673 -0.365686 -0.262071 0.115630 0.810566 0.444332 0.363567
1305031931.068905 1.693828 -0.357177 -0.257504 0.109217 0.806253 0.455369 0.361479
1305031931.100819 1.692763 -0.351200 -0.257579 0.103758 0.800954 0.468222 0.358433
1305031931.133042 1.684788 -0.338313 -0.253700 0.099837 0.795665 0.479201 0.356814
1305031931.168900 1.676303 -0.322855 -0.252795 0.094837 0.791912 0.489733 0.352197
1305031931.200696 1.673639 -0.314177 -0.250459 0.087953 0.788741 0.502153 0.343504
1305031931.233053 1.674025 -0.309061 -0.253015 0.078475 0.784731 0.516514 0.333544
1305031931.268951 1.676609 -0.305932 -0.252927 0.069931 0.781980 0.529205 0.321806
1305031931.300955 1.680907 -0.301067 -0.255250 0.061440 0.779296 0.541665 0.309066
1305031931.332991 1.675742 -0.283355 -0.251087 0.055536 0.779293 0.548920 0.297163
1305031931.369797 1.680705 -0.278678 -0.249212 0.050123 0.778667 0.558541 0.281420
1305031931.401337 1.685329 -0.272794 -0.247552 0.047163 0.777434 0.567581 0.266877
1305031931.432892 1.695854 -0.273368 -0.248298 0.043800 0.775939 0.576896 0.251377
1305031931.469079 1.701557 -0.274255 -0.248922 0.042863 0.774946 0.584045 0.237722
1305031931.500852 1.704780 -0.268940 -0.246471 0.042130 0.774531 0.589400 0.225685
1305031931.532871 1.712333 -0.264013 -0.247126 0.041759 0.772613 0.596774 0.212571
1305031931.569726 1.724225 -0.259787 -0.252179 0.043438 0.771828 0.602349 0.198925
1305031931.601199 1.732200 -0.255155 -0.250637 0.045641 0.772772 0.604428 0.188166
1305031931.633004 1.740782 -0.251160 -0.251649 0.045805 0.772522 0.607156 0.180205
1305031931.669064 1.748262 -0.247570 -0.252795 0.045008 0.773215 0.608189 0.173838
1305031931.701060 1.757677 -0.244764 -0.249896 0.042875 0.774387 0.608997 0.166162
1305031931.732985 1.769445 -0.241824 -0.249182 0.040996 0.774666 0.610572 0.159417
1305031931.768911 1.779385 -0.237845 -0.245185 0.038449 0.774018 0.612607 0.155339
1305031931.800959 1.789747 -0.233464 -0.243919 0.038839 0.771940 0.616309 0.150873
1305031931.832926 1.794017 -0.228126 -0.240406 0.042757 0.768729 0.620876 0.147449
1305031931.868988 1.803305 -0.222725 -0.239110 0.047971 0.764107 0.627877 0.140040
1305031931.900957 1.811058 -0.217670 -0.241524 0.052710 0.760058 0.633412 0.135361
1305031931.932907 1.819613 -0.214293 -0.241837 0.056957 0.759007 0.635421 0.130017
1305031931.968902 1.827527 -0.208602 -0.240245 0.061321 0.757903 0.637056 0.126419
1305031932.000829 1.833426 -0.203321 -0.240896 0.066075 0.757537 0.637878 0.122001
1305031932.032913 1.842406 -0.199791 -0.241627 0.070700 0.757355 0.638829 0.115382
1305031932.068920 1.849426 -0.194458 -0.241070 0.074950 0.757774 0.638564 0.111343
1305031932.101294 1.858500 -0.191124 -0.240962 0.077480 0.756480 0.640662 0.106247
1305031932.132895 1.871042 -0.191177 -0.246130 0.083161 0.753885 0.643397 0.103834
1305031932.169077 1.881517 -0.188005 -0.245705 0.087469 0.752756 0.643406 0.108328
1305031932.200948 1.888794 -0.180636 -0.252753 0.091162 0.750089 0.644573 0.116540
1305031932.232821 1.897380 -0.176726 -0.257126 0.093396 0.748880 0.643865 0.126073
1305031932.268818 1.904036 -0.171244 -0.263244 0.095975 0.747432 0.642929 0.137029
1305031932.300945 1.908874 -0.168535 -0.271538 0.098378 0.746937 0.641044 0.146527
1305031932.333175 1.916130 -0.163447 -0.277837 0.099368 0.747437 0.638842 0.152786
1305031932.368837 1.921865 -0.159509 -0.286637 0.100244 0.747309 0.636502 0.162312
1305031932.401680 1.929712 -0.158339 -0.293959 0.102813 0.748438 0.632679 0.170254
1305031932.432994 1.935962 -0.156278 -0.298566 0.106643 0.748876 0.629222 0.178584
1305031932.469022 1.943954 -0.151453 -0.306366 0.110235 0.748161 0.626703 0.188009
1305031932.500893 1.949571 -0.150083 -0.313512 0.112908 0.747358 0.623968 0.198422
1305031932.532959 1.959286 -0.146050 -0.322891 0.114337 0.746712 0.621267 0.208268
1305031932.568972 1.965854 -0.143069 -0.329874 0.116384 0.747189 0.616469 0.219385
1305031932.600957 1.973363 -0.142905 -0.336004 0.116777 0.747362 0.611157 0.233024
1305031932.632929 1.976906 -0.144608 -0.342402 0.117965 0.747011 0.605340 0.248239
1305031932.669236 1.971690 -0.105837 -0.324456 0.125771 0.753657 0.587344 0.266852
1305031932.700806 1.978642 -0.103900 -0.333423 0.126342 0.753557 0.580555 0.281328
1305031932.732848 1.985482 -0.103987 -0.341612 0.126453 0.754334 0.572886 0.294604
1305031932.768757 1.989305 -0.109440 -0.346938 0.128029 0.755030 0.565625 0.305954
1305031932.800821 1.981153 -0.085681 -0.336278 0.138389 0.760076 0.547601 0.321349
1305031932.832891 1.980354 -0.059644 -0.329365 0.145155 0.765070 0.531318 0.333614
1305031932.869016 1.990738 -0.061697 -0.341860 0.144884 0.767169 0.522754 0.342328
1305031932.901214 1.994912 -0.059616 -0.345237 0.148591 0.772200 0.509160 0.349835
1305031932.932932 1.997863 -0.059131 -0.344433 0.152181 0.775050 0.498961 0.356618
1305031932.968787 2.004349 -0.059045 -0.355233 0.150984 0.774827 0.493509 0.365097
1305031933.001958 2.008948 -0.057292 -0.367573 0.149331 0.775759 0.487318 0.372048
1305031933.033045 2.012725 -0.053099 -0.372190 0.150088 0.780208 0.479711 0.372326
1305031933.068879 2.018227 -0.048322 -0.374277 0.149423 0.783679 0.475488 0.370717
1305031933.100908 2.027587 -0.040790 -0.384923 0.149487 0.785881 0.474747 0.366960
1305031933.132911 2.025903 -0.035208 -0.393826 0.151124 0.791094 0.471733 0.358885
1305031933.169450 2.025037 -0.033501 -0.394946 0.151260 0.796748 0.471035 0.347043
1305031933.200949 2.029107 -0.029705 -0.397491 0.150722 0.801879 0.471179 0.335057
1305031933.233374 2.039008 -0.028815 -0.397484 0.148827 0.807076 0.471018 0.323452
1305031933.269079 2.044380 -0.026999 -0.399928 0.147591 0.811231 0.469876 0.315179
1305031933.300869 2.041599 -0.025468 -0.398130 0.147915 0.814973 0.468600 0.307170
1305031933.332881 2.038434 -0.024037 -0.397979 0.149209 0.816257 0.470710 0.299822
1305031933.368978 2.035871 -0.020129 -0.401560 0.149843 0.817244 0.472731 0.293574
1305031933.400926 2.029394 -0.016775 -0.398277 0.152231 0.818959 0.473278 0.286601
1305031933.432912 2.037099 -0.008464 -0.391996 0.153713 0.820350 0.476171 0.276875
1305031933.469486 2.036205 -0.005322 -0.395100 0.154860 0.820547 0.479871 0.269155
1305031933.500809 2.031413 -0.001542 -0.395052 0.156598 0.821836 0.481486 0.261215
1305031933.533065 2.028266 0.001940 -0.395360 0.156222 0.823128 0.484163 0.252271
1305031933.568861 2.023998 0.000974 -0.395657 0.156635 0.824450 0.487437 0.241149
1305031933.600899 2.022687 0.004709 -0.393886 0.158346 0.826669 0.489725 0.227407
1305031933.632949 2.012938 0.005373 -0.394465 0.159077 0.827947 0.493347 0.214024
1305031933.669114 2.009880 0.001659 -0.389347 0.159156 0.829933 0.497764 0.195222
1305031933.700931 2.006200 0.007529 -0.386517 0.160069 0.831601 0.501357 0.177364
1305031933.732901 2.001938 0.007755 -0.381798 0.160987 0.832285 0.505746 0.160015
1305031933.768934 1.995832 0.011722 -0.379567 0.161899 0.832571 0.509673 0.144388
1305031933.800879 1.987849 0.012936 -0.375164 0.161364 0.833263 0.512541 0.130140
1305031933.833132 1.982830 0.010947 -0.365943 0.159064 0.833709 0.516028 0.115515
1305031933.868855 1.977427 0.011585 -0.360564 0.157316 0.832688 0.520826 0.103063
1305031933.900942 1.972531 0.012236 -0.354811 0.155186 0.831509 0.525364 0.092207
1305031933.932925 1.965956 0.010021 -0.347923 0.152870 0.830226 0.529618 0.082833
1305031933.968843 1.961217 0.006822 -0.339279 0.150469 0.828558 0.534220 0.073882
1305031934.000841 1.955101 0.006715 -0.332863 0.148937 0.826507 0.538565 0.068201
1305031934.033000 1.948060 0.008554 -0.325834 0.146628 0.824721 0.542522 0.063285
1305031934.068946 1.939431 0.009770 -0.318123 0.144065 0.823223 0.546039 0.058225
1305031934.100917 1.931021 0.011454 -0.309589 0.141318 0.821630 0.549772 0.052012
1305031934.132845 1.922395 0.012384 -0.302224 0.138720 0.819636 0.554060 0.044391
1305031934.169177 1.913167 0.011419 -0.294861 0.136001 0.818172 0.557398 0.037489
1305031934.200808 1.899354 0.013063 -0.285772 0.133211 0.815815 0.561737 0.033939
1305031934.232870 1.890073 0.011765 -0.279107 0.131227 0.813656 0.565731 0.026311
1305031934.269296 1.880765 0.008202 -0.273157 0.130573 0.811884 0.568674 0.020127
1305031934.300934 1.871591 0.004323 -0.264405 0.129306 0.810094 0.571625 0.016508
1305031934.336871 1.860450 0.002941 -0.259505 0.128553 0.806959 0.576230 0.015816
1305031934.368906 1.850513 -0.000062 -0.255623 0.127489 0.805317 0.578739 0.016514
1305031934.400928 1.839176 -0.002332 -0.250611 0.125860 0.804098 0.580680 0.019893
1305031934.436865 1.827391 -0.004176 -0.248072 0.123078 0.803781 0.581520 0.024954
1305031934.469287 1.814335 -0.006018 -0.243125 0.117266 0.806238 0.578952 0.032291
1305031934.501241 1.798985 -0.006133 -0.236225 0.108968 0.808189 0.577451 0.038826
1305031934.536876 1.784162 -0.008419 -0.235310 0.102851 0.808745 0.577586 0.041811
1305031934.569101 1.770465 -0.011551 -0.231345 0.099183 0.810821 0.575224 0.042999
1305031934.600850 1.753617 -0.013538 -0.226421 0.095738 0.811431 0.574649 0.046814
1305031934.637030 1.741261 -0.017054 -0.226239 0.093315 0.811075 0.575224 0.050662
1305031934.668984 1.725974 -0.017889 -0.223713 0.090280 0.813615 0.571534 0.056816
1305031934.700945 1.711449 -0.021307 -0.219814 0.085768 0.815589 0.568973 0.061058
1305031934.736903 1.696299 -0.025510 -0.220248 0.082703 0.816188 0.567943 0.066618
1305031934.769124 1.680250 -0.025891 -0.217819 0.078479 0.818517 0.564156 0.074825
1305031934.801627 1.664378 -0.026741 -0.215763 0.074633 0.819992 0.561627 0.081351
1305031934.836769 1.647101 -0.028562 -0.215970 0.072039 0.821264 0.559029 0.088442
1305031934.869115 1.630250 -0.030157 -0.213951 0.067787 0.823851 0.554382 0.096615
1305031934.901010 1.611744 -0.031203 -0.214642 0.064834 0.825322 0.550776 0.106233
1305031934.937234 1.590715 -0.030742 -0.215375 0.061599 0.827627 0.545244 0.118105
1305031934.969077 1.572067 -0.033311 -0.216861 0.056816 0.831533 0.537777 0.126966
1305031935.001270 1.554401 -0.035366 -0.216719 0.052010 0.836201 0.528961 0.135141
1305031935.036852 1.536119 -0.036539 -0.219579 0.051079 0.839399 0.522365 0.141194
1305031935.069722 1.518669 -0.038722 -0.221278 0.052599 0.842805 0.515068 0.147029
1305031935.100912 1.501380 -0.038669 -0.220282 0.053211 0.845453 0.509247 0.151810
1305031935.136853 1.484706 -0.038569 -0.224776 0.052659 0.846374 0.506945 0.154548
1305031935.169281 1.469208 -0.038367 -0.230019 0.053709 0.847888 0.503458 0.157259
1305031935.200951 1.454834 -0.037647 -0.231632 0.057378 0.849333 0.500073 0.158962
1305031935.237095 1.437831 -0.035401 -0.235615 0.063204 0.848080 0.500065 0.163403
1305031935.268965 1.423319 -0.033706 -0.241156 0.068332 0.847346 0.499620 0.166481
1305031935.300805 1.407075 -0.031894 -0.244752 0.071557 0.847295 0.498881 0.167596
1305031935.336810 1.393125 -0.032246 -0.252214 0.074185 0.847239 0.499621 0.164505
1305031935.368827 1.378378 -0.030513 -0.255915 0.078820 0.847536 0.500185 0.159012
1305031935.400848 1.365981 -0.030864 -0.262964 0.084353 0.847167 0.502561 0.150417
1305031935.436887 1.353461 -0.029248 -0.269837 0.091457 0.846799 0.504450 0.141768
1305031935.468890 1.340905 -0.028472 -0.278738 0.098089 0.846443 0.505848 0.134281
1305031935.500863 1.327674 -0.029983 -0.289793 0.103080 0.847665 0.504743 0.126778
1305031935.536900 1.315620 -0.029826 -0.298594 0.108932 0.850188 0.501207 0.118771
1305031935.568783 1.296364 -0.032603 -0.310273 0.113771 0.852162 0.498052 0.113223
1305031935.600963 1.280696 -0.037555 -0.320836 0.116235 0.856723 0.492041 0.102031
1305031935.636916 1.267927 -0.038562 -0.331649 0.117470 0.863367 0.482653 0.088568
1305031935.669100 1.251550 -0.043513 -0.338935 0.115666 0.871451 0.470884 0.073903
1305031935.700948 1.238303 -0.047551 -0.347731 0.109387 0.879726 0.459072 0.058049
1305031935.736900 1.221654 -0.054004 -0.352919 0.100433 0.888325 0.446320 0.039868
1305031935.768974 1.210739 -0.059217 -0.356126 0.089401 0.896454 0.433610 0.018976
1305031935.801178 1.202210 -0.062285 -0.360089 0.080357 0.902399 0.423341 -0.000463
1305031935.836877 1.197226 -0.062368 -0.365220 0.073510 0.906976 0.414404 -0.016091
1305031935.869025 1.182474 -0.056122 -0.381534 0.069786 0.910233 0.407098 -0.029607
1305031935.901144 1.178920 -0.061033 -0.381708 0.065147 0.913562 0.399337 -0.041107
1305031935.936825 1.161430 -0.055945 -0.401905 0.061497 0.916403 0.392651 -0.047431
1305031935.969109 1.158364 -0.056396 -0.411154 0.054925 0.920282 0.383493 -0.054745
1305031936.000820 1.150371 -0.056943 -0.417424 0.048343 0.924168 0.374124 -0.060060
1305031936.036965 1.144583 -0.055321 -0.420634 0.041941 0.927919 0.364475 -0.066074
1305031936.068809 1.138410 -0.055059 -0.425509 0.037464 0.930516 0.356894 -0.073237
1305031936.100718 1.130017 -0.052603 -0.431294 0.034340 0.932756 0.349456 -0.081652
1305031936.137490 1.128683 -0.053661 -0.432438 0.032090 0.934567 0.342365 -0.091328
1305031936.168897 1.122258 -0.050471 -0.435395 0.031969 0.935462 0.337734 -0.099117
1305031936.200867 1.116950 -0.048557 -0.445592 0.032869 0.936218 0.332713 -0.108251
1305031936.237546 1.104432 -0.046468 -0.451278 0.033682 0.937904 0.325393 -0.115417
1305031936.268981 1.099677 -0.046882 -0.451476 0.033913 0.939142 0.318640 -0.123816
1305031936.300816 1.092168 -0.043036 -0.456957 0.038160 0.940168 0.311214 -0.133315
1305031936.336863 1.085293 -0.039767 -0.459571 0.045646 0.941313 0.302635 -0.142331
1305031936.368927 1.077486 -0.041224 -0.459315 0.052317 0.941906 0.295974 -0.149920
1305031936.400840 1.071461 -0.042016 -0.461321 0.056982 0.942002 0.290121 -0.158790
1305031936.436777 1.060101 -0.040388 -0.465290 0.060608 0.942255 0.284955 -0.165174
1305031936.468789 1.051361 -0.038992 -0.469686 0.064110 0.942490 0.279732 -0.171325
1305031936.500753 1.042231 -0.037681 -0.472677 0.067721 0.943007 0.274016 -0.176261
1305031936.536847 1.035779 -0.036096 -0.475123 0.069385 0.943567 0.269409 -0.179680
1305031936.569452 1.030364 -0.034730 -0.480209 0.073472 0.943908 0.266566 -0.180505
1305031936.600821 1.026114 -0.031547 -0.481940 0.078010 0.944358 0.262556 -0.182119
1305031936.636879 1.017528 -0.024679 -0.480093 0.079794 0.944948 0.259810 -0.182222
1305031936.668885 1.001140 -0.013044 -0.479250 0.078681 0.945675 0.256932 -0.183014
1305031936.700881 0.996559 -0.009542 -0.480329 0.078933 0.945411 0.253867 -0.188465
1305031936.737504 1.007789 -0.005729 -0.481531 0.080835 0.944128 0.253581 -0.194383
1305031936.768825 0.992072 0.001309 -0.485044 0.082510 0.943246 0.257321 -0.193040
1305031936.800856 0.991735 0.009091 -0.482239 0.086492 0.941940 0.259423 -0.194854
1305031936.836845 0.992042 0.000899 -0.491756 0.095709 0.938420 0.267809 -0.196177
1305031936.868891 0.989502 0.014271 -0.483204 0.098833 0.936706 0.275245 -0.192494
1305031936.900833 0.989374 0.013179 -0.481237 0.105895 0.933392 0.286111 -0.188962
1305031936.936914 0.993121 0.033993 -0.474466 0.103299 0.931430 0.297154 -0.182939
1305031936.968821 0.981419 0.045542 -0.476876 0.105924 0.927535 0.311847 -0.176665
1305031937.001118 0.965085 0.054646 -0.479036 0.111560 0.924124 0.323438 -0.170110
1305031937.036874 0.951136 0.057269 -0.482841 0.116867 0.920406 0.336572 -0.160980
1305031937.068765 0.943817 0.061483 -0.485847 0.124614 0.915620 0.350920 -0.151545
1305031937.100716 0.928656 0.084678 -0.483567 0.127859 0.913597 0.360489 -0.137988
1305031937.136838 0.921486 0.094594 -0.482691 0.130493 0.910047 0.371084 -0.130702
1305031937.168856 0.910322 0.106203 -0.482941 0.135494 0.905180 0.383035 -0.124795
1305031937.200813 0.903891 0.114176 -0.483104 0.141058 0.899957 0.394923 -0.119230
1305031937.236893 0.896787 0.124916 -0.482987 0.148025 0.894268 0.407161 -0.112218
1305031937.268821 0.892226 0.141740 -0.477045 0.152756 0.888937 0.418495 -0.106393
1305031937.300783 0.884603 0.150394 -0.477008 0.160490 0.882215 0.430767 -0.101884
1305031937.336862 0.881891 0.166162 -0.472386 0.164172 0.876878 0.441292 -0.096920
1305031937.368734 0.879227 0.185140 -0.464600 0.164211 0.872443 0.450325 -0.095320
1305031937.400796 0.874627 0.192808 -0.463495 0.166794 0.866358 0.460838 -0.096087
1305031937.438211 0.868084 0.197522 -0.467041 0.169918 0.859233 0.473321 -0.093888
1305031937.468824 0.864422 0.205571 -0.465241 0.171080 0.853310 0.484297 -0.089726
1305031937.500797 0.858726 0.218917 -0.462338 0.171132 0.846385 0.497472 -0.082870
1305031937.536931 0.856747 0.231208 -0.458818 0.171893 0.838567 0.510820 -0.079509
1305031937.568829 0.853759 0.241606 -0.457172 0.175665 0.829562 0.524386 -0.077385
1305031937.600746 0.852188 0.255835 -0.450395 0.175678 0.821820 0.536838 -0.074527
1305031937.636891 0.852165 0.269490 -0.441687 0.173955 0.815472 0.547002 -0.074394
1305031937.668803 0.851193 0.279446 -0.437400 0.173927 0.807236 0.558878 -0.075989
1305031937.700837 0.849607 0.291847 -0.431845 0.173018 0.800448 0.568474 -0.078644
1305031937.736899 0.844683 0.299786 -0.430824 0.173784 0.793244 0.577968 -0.080725
1305031937.768919 0.845204 0.311894 -0.420375 0.171277 0.788814 0.584521 -0.082294
1305031937.800834 0.844379 0.323747 -0.408669 0.167007 0.786489 0.588423 -0.085451
1305031937.836877 0.843694 0.325188 -0.412680 0.165475 0.780057 0.596464 -0.091432
1305031937.868807 0.844897 0.332972 -0.408052 0.163355 0.774986 0.602549 -0.098218
1305031937.900823 0.841956 0.341901 -0.403249 0.162142 0.770175 0.607591 -0.106647
1305031937.936960 0.841946 0.340130 -0.401658 0.160843 0.762948 0.614932 -0.117895
1305031937.968830 0.835538 0.355529 -0.395434 0.159237 0.756866 0.620982 -0.127198
1305031938.000822 0.831956 0.359918 -0.395562 0.158065 0.750309 0.626687 -0.138976
1305031938.036945 0.820818 0.374508 -0.388729 0.157671 0.744852 0.630914 -0.149276
1305031938.068761 0.814498 0.383714 -0.388887 0.156593 0.739907 0.634070 -0.161157
1305031938.100744 0.812330 0.382001 -0.388777 0.155169 0.733298 0.638984 -0.172907
1305031938.136885 0.805228 0.390754 -0.385147 0.155338 0.725830 0.643659 -0.186396
1305031938.168914 0.793044 0.392499 -0.382857 0.161312 0.716567 0.648684 -0.199297
1305031938.200883 0.791149 0.395517 -0.384647 0.164422 0.706363 0.655014 -0.212067
1305031938.236878 0.789491 0.403932 -0.376672 0.165858 0.699556 0.657730 -0.224730
1305031938.268809 0.782661 0.410768 -0.374697 0.167685 0.692320 0.659783 -0.239294
1305031938.300837 0.783169 0.409126 -0.367283 0.164791 0.688221 0.659096 -0.254535
1305031938.336900 0.769125 0.414741 -0.354630 0.164532 0.685953 0.657836 -0.263913
1305031938.368914 0.760361 0.418790 -0.349725 0.163228 0.682401 0.657368 -0.274869
1305031938.400842 0.751117 0.420354 -0.341630 0.160480 0.680270 0.656007 -0.284840
1305031938.436889 0.751906 0.425044 -0.329667 0.155158 0.680729 0.650977 -0.297933
1305031938.468781 0.744261 0.419975 -0.329571 0.151750 0.678790 0.648543 -0.309205
1305031938.501288 0.747249 0.417788 -0.327948 0.145042 0.677850 0.645866 -0.319906
1305031938.537028 0.750042 0.411729 -0.338135 0.136497 0.676752 0.642777 -0.331983
1305031938.568999 0.743756 0.426256 -0.334394 0.128132 0.680524 0.635959 -0.340625
1305031938.601007 0.738763 0.422767 -0.328343 0.118250 0.683743 0.630050 -0.348640
1305031938.637299 0.749712 0.422470 -0.341215 0.104749 0.685600 0.623877 -0.360219
1305031938.668747 0.779492 0.395449 -0.366003 0.088372 0.686915 0.617137 -0.373470
1305031938.700851 0.780550 0.389964 -0.362662 0.076810 0.692818 0.607817 -0.380346
1305031938.736859 0.776239 0.382229 -0.362656 0.063925 0.699290 0.597116 -0.387762
1305031938.769073 0.775470 0.372187 -0.360947 0.051500 0.705120 0.586621 -0.395005
1305031938.800781 0.769827 0.367124 -0.361729 0.037568 0.711403 0.575966 -0.400945
1305031938.836754 0.771567 0.359418 -0.358580 0.022612 0.718092 0.563136 -0.408302
1305031938.869057 0.765861 0.346121 -0.370784 0.008687 0.721506 0.554587 -0.414471
1305031938.900976 0.758040 0.334865 -0.381709 -0.004523 0.724439 0.545478 -0.421452
1305031938.936828 0.761076 0.329833 -0.379953 -0.015733 0.729711 0.530566 -0.431015
1305031938.969026 0.755635 0.317133 -0.386909 -0.021220 0.733396 0.519282 -0.438209
1305031939.001030 0.753161 0.306901 -0.392833 -0.027571 0.737055 0.508986 -0.443761
1305031939.037090 0.753871 0.298360 -0.396455 -0.033998 0.740718 0.498974 -0.448560
1305031939.069377 0.752640 0.287549 -0.400637 -0.038716 0.744704 0.488342 -0.453255
1305031939.101368 0.754563 0.279946 -0.398004 -0.043983 0.750371 0.475583 -0.456979
1305031939.137143 0.753521 0.269358 -0.400373 -0.049347 0.755231 0.463422 -0.460903
1305031939.168815 0.753535 0.258355 -0.403189 -0.055332 0.760988 0.450469 -0.463588
1305031939.200865 0.755883 0.249655 -0.408371 -0.060758 0.765665 0.437624 -0.467495
1305031939.237165 0.753449 0.236666 -0.409967 -0.066614 0.771529 0.424762 -0.468917
1305031939.268824 0.751109 0.227062 -0.415096 -0.073449 0.776659 0.414189 -0.468886
1305031939.300842 0.752562 0.216459 -0.421118 -0.083079 0.781264 0.400335 -0.471653
1305031939.336729 0.753517 0.207083 -0.417857 -0.092880 0.787845 0.383762 -0.472653
1305031939.368966 0.755509 0.197036 -0.421910 -0.104900 0.794040 0.364813 -0.474771
1305031939.400848 0.759917 0.196373 -0.418832 -0.116252 0.800617 0.344623 -0.476165
1305031939.436845 0.762019 0.190438 -0.421180 -0.123143 0.805262 0.330126 -0.476870
1305031939.468851 0.769012 0.186934 -0.419705 -0.127728 0.809389 0.317273 -0.477402
1305031939.500839 0.772803 0.179953 -0.416120 -0.130224 0.813591 0.308293 -0.475465
1305031939.536755 0.774566 0.168095 -0.418582 -0.133687 0.815708 0.301518 -0.475221
1305031939.568772 0.777624 0.162326 -0.416029 -0.138049 0.817501 0.291954 -0.476863
1305031939.600838 0.779322 0.148960 -0.416807 -0.137836 0.818275 0.286515 -0.478891
1305031939.636792 0.781972 0.142617 -0.414701 -0.139192 0.818779 0.280080 -0.481438
1305031939.668867 0.784620 0.135575 -0.410067 -0.137516 0.819597 0.274579 -0.483690
1305031939.700830 0.788498 0.130138 -0.403787 -0.135963 0.819286 0.271109 -0.486605
1305031939.736750 0.790320 0.113375 -0.407253 -0.131194 0.816140 0.272292 -0.492504
1305031939.768919 0.790511 0.105775 -0.401205 -0.128749 0.814284 0.269788 -0.497574
1305031939.803671 0.792565 0.099053 -0.396734 0.127239 -0.810156 -0.268490 0.505342
1305031939.837145 0.790405 0.091355 -0.395130 0.124660 -0.803979 -0.268252 0.515867
1305031939.869215 0.789610 0.090632 -0.390044 0.124778 -0.797473 -0.265325 0.527322
1305031939.903633 0.797036 0.088444 -0.388500 0.125357 -0.789194 -0.264368 0.539971
1305031939.937192 0.796846 0.088409 -0.375936 0.121532 -0.783490 -0.265497 0.548529
1305031939.968904 0.793566 0.081647 -0.375021 0.115996 -0.773013 -0.273468 0.560546
1305031940.005582 0.786236 0.089921 -0.360674 0.113963 -0.764285 -0.275999 0.571582
1305031940.037088 0.777744 0.089038 -0.368362 0.111062 -0.750324 -0.283318 0.586865
1305031940.068783 0.762692 0.085423 -0.377692 0.111160 -0.735816 -0.291841 0.600871
1305031940.104265 0.751539 0.089206 -0.377803 0.115970 -0.724245 -0.293426 0.613125
1305031940.136746 0.744204 0.092704 -0.381290 0.120577 -0.712615 -0.293730 0.625591
1305031940.168737 0.736314 0.096245 -0.380849 0.123860 -0.703391 -0.291791 0.636206
1305031940.200829 0.730809 0.097467 -0.375392 0.123332 -0.697098 -0.288709 0.644586
1305031940.236742 0.723253 0.100830 -0.375041 0.120403 -0.690336 -0.286474 0.653355
1305031940.269041 0.716340 0.103469 -0.374938 0.116411 -0.682077 -0.284189 0.663668
1305031940.301146 0.706711 0.103006 -0.377840 0.112022 -0.671466 -0.282530 0.675841
1305031940.336732 0.709745 0.086460 -0.376703 0.110469 -0.658842 -0.285688 0.687100
1305031940.369236 0.700375 0.109694 -0.372816 0.106434 -0.643472 -0.279173 0.704754
1305031940.403665 0.690463 0.112331 -0.374571 0.099144 -0.625883 -0.278726 0.721632
1305031940.436756 0.680328 0.118901 -0.375577 0.092059 -0.608895 -0.275736 0.738066
1305031940.468746 0.686939 0.139212 -0.360982 0.084596 -0.597713 -0.263516 0.752424
1305031940.503804 0.667902 0.148714 -0.361519 0.079379 -0.583840 -0.261206 0.764592
1305031940.536724 0.665862 0.157111 -0.353691 0.075500 -0.573748 -0.257209 0.773923
1305031940.568758 0.666399 0.166540 -0.351419 0.070993 -0.566320 -0.254765 0.780600
1305031940.603364 0.650618 0.173919 -0.354051 0.069724 -0.555818 -0.255425 0.788012
1305031940.636761 0.641082 0.177702 -0.347697 0.071128 -0.545807 -0.253122 0.795591
1305031940.668762 0.642107 0.179570 -0.349057 0.070293 -0.534637 -0.251010 0.803876
1305031940.703222 0.633641 0.183055 -0.345055 0.071386 -0.524583 -0.253180 0.809702
1305031940.736947 0.627686 0.187668 -0.341849 0.072091 -0.514959 -0.253059 0.815832
1305031940.768772 0.625531 0.189978 -0.338693 0.071026 -0.506300 -0.252883 0.821380
1305031940.803047 0.617332 0.195638 -0.332537 0.069395 -0.497419 -0.253577 0.826715
1305031940.836755 0.612228 0.197522 -0.335091 0.067168 -0.488438 -0.256132 0.831452
1305031940.869689 0.595337 0.210525 -0.320214 0.066315 -0.480187 -0.259677 0.835219
1305031940.903305 0.584861 0.215341 -0.316540 0.062768 -0.470597 -0.265936 0.838974
1305031940.937034 0.567143 0.223842 -0.312789 0.060061 -0.460165 -0.271557 0.843147
1305031940.968758 0.556209 0.229005 -0.305468 0.056905 -0.451113 -0.276573 0.846620
1305031941.003160 0.538596 0.235774 -0.300691 0.054857 -0.443115 -0.282520 0.849012
1305031941.036777 0.525433 0.240636 -0.295009 0.053867 -0.435701 -0.287598 0.851205
1305031941.071057 0.512425 0.246159 -0.290119 0.051773 -0.429311 -0.291375 0.853295
1305031941.103422 0.498000 0.250913 -0.281307 0.049502 -0.423760 -0.294960 0.854971
1305031941.136774 0.484077 0.254865 -0.271806 0.047355 -0.417546 -0.297217 0.857365
1305031941.171144 0.469213 0.259407 -0.262261 0.044032 -0.410867 -0.295581 0.861325
1305031941.203508 0.452551 0.259637 -0.250473 0.041911 -0.404778 -0.292544 0.865342
1305031941.236705 0.438281 0.263085 -0.242914 0.041488 -0.396442 -0.290032 0.870054
1305031941.271129 0.423550 0.265802 -0.236420 0.040005 -0.387605 -0.286104 0.875389
1305031941.303362 0.403370 0.266913 -0.222736 0.040265 -0.380816 -0.282568 0.879496
1305031941.336734 0.388128 0.267557 -0.223312 0.038780 -0.369283 -0.275323 0.886749
1305031941.371607 0.375318 0.271588 -0.221440 0.035075 -0.360688 -0.266654 0.893068
1305031941.403845 0.361547 0.272736 -0.218849 0.026945 -0.353697 -0.256681 0.899048
1305031941.436799 0.344130 0.270134 -0.208834 0.016035 -0.347964 -0.243605 0.905163
1305031941.469611 0.331147 0.269978 -0.203251 0.006854 -0.344503 -0.227410 0.910799
1305031941.501458 0.318383 0.272541 -0.194669 -0.000108 -0.340594 -0.216598 0.914921
1305031941.537220 0.313298 0.269706 -0.168229 -0.003422 -0.337838 -0.210962 0.917251
1305031941.570287 0.302618 0.268073 -0.161564 -0.004764 -0.327564 -0.205541 0.922189
1305031941.603047 0.294456 0.270775 -0.160467 -0.006276 -0.313929 -0.200431 0.928028
1305031941.636822 0.282013 0.275615 -0.154877 -0.009308 -0.299100 -0.198593 0.933281
1305031941.671554 0.263490 0.276100 -0.146345 -0.013758 -0.287121 -0.194265 0.937888
1305031941.703763 0.252033 0.273203 -0.145025 -0.015352 -0.276613 -0.187476 0.942392
1305031941.736866 0.241415 0.277622 -0.145926 -0.013381 -0.266582 -0.184986 0.945799
1305031941.768815 0.227156 0.280507 -0.142456 -0.013544 -0.257191 -0.185111 0.948369
1305031941.800820 0.211031 0.281943 -0.137900 -0.012510 -0.249273 -0.186999 0.950125
1305031941.836848 0.194554 0.284765 -0.134698 -0.009258 -0.242277 -0.188257 0.951723
1305031941.871813 0.180345 0.290995 -0.131436 -0.005119 -0.236900 -0.188728 0.953013
1305031941.902976 0.163172 0.291268 -0.129312 -0.000419 -0.232168 -0.187448 0.954443
1305031941.936760 0.149910 0.299611 -0.126841 0.008140 -0.228424 -0.185607 0.955671
1305031941.971057 0.134979 0.304188 -0.123885 0.014256 -0.224577 -0.182231 0.957159
1305031942.003141 0.120407 0.311000 -0.124607 0.021615 -0.220793 -0.178405 0.958621
1305031942.036729 0.099715 0.316695 -0.125548 0.027317 -0.220431 -0.177390 0.958747
1305031942.071082 0.086052 0.328605 -0.128573 0.033829 -0.221696 -0.176240 0.958460
1305031942.100691 0.077959 0.343821 -0.122900 0.032107 -0.221644 -0.179569 0.957913
1305031942.136758 0.060897 0.346848 -0.121771 0.024627 -0.217383 -0.183986 0.958273
1305031942.170749 0.047765 0.353262 -0.119859 0.024839 -0.214072 -0.187387 0.958354
1305031942.203108 0.039031 0.365359 -0.113664 0.023082 -0.211170 -0.190060 0.958515
1305031942.238994 0.024446 0.369203 -0.109036 0.018892 -0.205835 -0.194036 0.958971
1305031942.271105 0.010378 0.376660 -0.108780 0.016340 -0.199370 -0.194119 0.960366
1305031942.303257 0.003308 0.385361 -0.106218 0.006674 -0.195261 -0.194975 0.961152
1305031942.337047 -0.003393 0.393824 -0.102730 0.001026 -0.193184 -0.194835 0.961623
1305031942.370761 -0.014686 0.403311 -0.101766 -0.006573 -0.189978 -0.193627 0.962483
1305031942.402939 -0.027238 0.406440 -0.094390 -0.014344 -0.191968 -0.197121 0.961294
1305031942.439262 -0.037116 0.407707 -0.086944 -0.017476 -0.194304 -0.203053 0.959536
1305031942.471958 -0.044453 0.410382 -0.082535 -0.014407 -0.195266 -0.204417 0.959102
1305031942.503553 -0.052308 0.414602 -0.082843 -0.014516 -0.194305 -0.203496 0.959492
1305031942.539453 -0.063122 0.412312 -0.071949 -0.015964 -0.196500 -0.202965 0.959134
1305031942.571867 -0.069604 0.414454 -0.070197 -0.013794 -0.200344 -0.204141 0.958122
1305031942.601448 -0.076561 0.416640 -0.064644 -0.013211 -0.204661 -0.205212 0.956989
1305031942.639942 -0.083102 0.417682 -0.061390 -0.013154 -0.208292 -0.207502 0.955712
1305031942.669006 -0.086851 0.422865 -0.065753 -0.015056 -0.211994 -0.211826 0.953919
1305031942.704015 -0.095041 0.422033 -0.053893 -0.019686 -0.216016 -0.217719 0.951603
1305031942.739812 -0.101033 0.423165 -0.047914 -0.022232 -0.217627 -0.223476 0.949844
1305031942.771708 -0.106738 0.421820 -0.035630 -0.025886 -0.219047 -0.225329 0.948986
1305031942.801557 -0.115816 0.418503 -0.024300 -0.027307 -0.217981 -0.227631 0.948642
1305031942.841042 -0.124694 0.417796 -0.021678 -0.029010 -0.216121 -0.229902 0.948470
1305031942.868828 -0.134250 0.420352 -0.015068 -0.030175 -0.217999 -0.231504 0.947614
1305031942.903960 -0.142179 0.417676 -0.014050 -0.033328 -0.219569 -0.233689 0.946609
1305031942.936816 -0.146830 0.417068 0.002037 -0.034581 -0.226228 -0.236539 0.944285
1305031942.970936 -0.149017 0.412937 0.010712 -0.034170 -0.228275 -0.239120 0.943157
1305031943.001103 -0.155285 0.410916 0.017393 -0.034141 -0.228693 -0.240628 0.942673
1305031943.039961 -0.161600 0.406211 0.021990 -0.032263 -0.232909 -0.244224 0.940780
1305031943.071743 -0.163965 0.399971 0.027801 -0.032952 -0.237683 -0.247809 0.938622
1305031943.104177 -0.168375 0.398091 0.035317 -0.033885 -0.240176 -0.249629 0.937471
1305031943.139521 -0.171293 0.394450 0.043615 -0.033099 -0.242227 -0.248539 0.937261
1305031943.171912 -0.174802 0.385564 0.050223 -0.034602 -0.243279 -0.246522 0.937467
1305031943.201564 -0.174637 0.380002 0.060678 -0.033480 -0.245872 -0.245170 0.937186
1305031943.240004 -0.176610 0.368359 0.068089 -0.033525 -0.246835 -0.244445 0.937121
1305031943.271805 -0.178576 0.353836 0.078049 -0.034657 -0.248448 -0.242148 0.937250
1305031943.303965 -0.182578 0.341087 0.083778 -0.031298 -0.250686 -0.240487 0.937199
1305031943.339941 -0.179675 0.328678 0.089820 -0.025350 -0.255161 -0.238083 0.936785
1305031943.371774 -0.182274 0.312436 0.097324 -0.020466 -0.258348 -0.236483 0.936437
1305031943.404245 -0.186928 0.297056 0.102396 -0.014970 -0.262361 -0.234055 0.936035
1305031943.440153 -0.188189 0.276494 0.107898 -0.010117 -0.266094 -0.231580 0.935662
1305031943.471431 -0.190597 0.266109 0.106306 -0.001953 -0.266194 -0.231870 0.935614
1305031943.501108 -0.188062 0.246902 0.113855 0.000387 -0.268904 -0.229732 0.935368
1305031943.539525 -0.188804 0.231425 0.115593 0.006052 -0.269788 -0.227694 0.935592
1305031943.570021 -0.187829 0.227308 0.114518 0.014157 -0.269162 -0.224671 0.936416
1305031943.607467 -0.189686 0.209423 0.114402 0.013518 -0.268271 -0.223203 0.937032
1305031943.638026 -0.188830 0.199187 0.117459 0.012748 -0.266813 -0.223249 0.937448
1305031943.671504 -0.190563 0.185752 0.114570 0.015701 -0.263997 -0.223335 0.938179
1305031943.707251 -0.193037 0.153032 0.111744 0.018308 -0.264735 -0.223510 0.937882
1305031943.739428 -0.198359 0.143021 0.106900 0.030096 -0.265578 -0.224492 0.937105
1305031943.771329 -0.200242 0.131290 0.104927 0.036288 -0.266073 -0.225904 0.936406
1305031943.806822 -0.202064 0.121797 0.102945 0.042718 -0.267493 -0.228122 0.935192
1305031943.837754 -0.202909 0.116033 0.102357 0.048960 -0.269330 -0.229274 0.934076
1305031943.868873 -0.205231 0.100893 0.100332 0.055318 -0.273520 -0.230178 0.932279
1305031943.907218 -0.206664 0.096566 0.099372 0.066871 -0.277505 -0.230883 0.930168
1305031943.936768 -0.199550 0.109025 0.101879 0.084633 -0.284767 -0.226873 0.927509
1305031943.971278 -0.206091 0.085742 0.095942 0.091507 -0.288660 -0.225815 0.925910
1305031944.007760 -0.205895 0.082466 0.089732 0.101610 -0.286998 -0.224931 0.925588
1305031944.040486 -0.206983 0.069649 0.085566 0.109586 -0.283364 -0.218942 0.927232
1305031944.070886 -0.205740 0.065692 0.086839 0.122910 -0.278718 -0.211950 0.928594
1305031944.107390 -0.198428 0.068919 0.086902 0.137314 -0.274109 -0.201719 0.930225
1305031944.139656 -0.201714 0.058121 0.081767 0.142727 -0.268828 -0.194296 0.932528
1305031944.171370 -0.199866 0.055454 0.079098 0.149603 -0.265846 -0.187042 0.933788
1305031944.206998 -0.197588 0.061337 0.075880 0.156914 -0.262872 -0.180892 0.934641
1305031944.239334 -0.193503 0.066432 0.070682 0.161642 -0.260604 -0.176029 0.935399
1305031944.270963 -0.188245 0.065143 0.069500 0.164434 -0.257270 -0.170918 0.936782
1305031944.306934 -0.181997 0.060219 0.068996 0.165880 -0.252879 -0.164545 0.938861
1305031944.339308 -0.170566 0.057697 0.068813 0.168117 -0.247906 -0.158062 0.940902
1305031944.370745 -0.168543 0.061216 0.062723 0.169380 -0.238959 -0.149782 0.944338
1305031944.406233 -0.160614 0.061688 0.060736 0.168716 -0.231822 -0.140373 0.947675
1305031944.438724 -0.142815 0.068244 0.061152 0.167138 -0.223071 -0.129256 0.951629
1305031944.471304 -0.137391 0.058750 0.058633 0.159855 -0.209564 -0.117532 0.957453
1305031944.506947 -0.129307 0.055619 0.052730 0.158523 -0.194228 -0.107741 0.962049
1305031944.539069 -0.122375 0.065552 0.052268 0.158622 -0.178794 -0.099774 0.965876
1305031944.571530 -0.121598 0.068407 0.047066 0.154680 -0.165458 -0.093355 0.969527
1305031944.607229 -0.110701 0.072692 0.042884 0.149329 -0.155666 -0.088881 0.972404
1305031944.639625 -0.104365 0.073088 0.040158 0.142226 -0.144326 -0.086482 0.975430
1305031944.671779 -0.093581 0.075757 0.037792 0.135605 -0.132654 -0.085812 0.978085
1305031944.707774 -0.084312 0.078276 0.039029 0.126211 -0.117544 -0.084264 0.981404
1305031944.739941 -0.087353 0.067413 0.033168 0.117708 -0.102018 -0.079723 0.984572
1305031944.769058 -0.082759 0.069961 0.030527 0.116335 -0.086812 -0.076562 0.986442
1305031944.807919 -0.081581 0.071118 0.026837 0.112404 -0.073651 -0.075373 0.988059
1305031944.839956 -0.082925 0.072897 0.024238 0.106419 -0.062799 -0.072912 0.989654
1305031944.875719 -0.073763 0.069929 0.025455 0.100046 -0.056843 -0.068920 0.990964
1305031944.904670 -0.067649 0.069667 0.024679 0.096934 -0.049204 -0.066880 0.991822
1305031944.939702 -0.062281 0.068110 0.022862 0.091798 -0.040154 -0.066282 0.992758
1305031944.969076 -0.050439 0.051838 0.026574 0.087991 -0.035042 -0.062604 0.993534
1305031945.007437 -0.047569 0.035987 0.025342 0.096005 -0.029645 -0.053424 0.993504
1305031945.039937 -0.046382 0.034845 0.019096 0.115967 -0.025737 -0.046745 0.991819
1305031945.069177 -0.050067 0.041198 0.020192 0.135128 -0.023380 -0.039681 0.989757
1305031945.107523 -0.048092 0.030572 0.004989 0.151391 -0.026238 -0.036551 0.987449
1305031945.136772 -0.040234 0.027013 0.002893 0.172797 -0.030377 -0.034808 0.983873
1305031945.168992 -0.034659 0.022193 -0.001329 0.189483 -0.034896 -0.032710 0.980718
1305031945.207107 -0.024535 0.026384 0.001925 0.209197 -0.038808 -0.036594 0.976418
1305031945.238859 -0.018346 0.025474 -0.004664 0.219076 -0.034956 -0.042502 0.974155
1305031945.269070 -0.012907 0.023499 -0.006324 0.225061 -0.030764 -0.045376 0.972801
1305031945.306358 -0.012037 0.016041 -0.008494 0.231601 -0.029195 -0.044389 0.971359
1305031945.338940 -0.004357 0.011501 -0.010860 0.242567 -0.033346 -0.041364 0.968679
1305031945.369056 0.003657 0.013743 -0.008755 0.251626 -0.038744 -0.040619 0.966195
1305031945.406657 0.009490 0.004098 -0.015318 0.258091 -0.045653 -0.039257 0.964243
1305031945.436818 0.018904 -0.002908 -0.018160 0.270980 -0.052779 -0.041599 0.960236
1305031945.469167 0.033686 -0.000021 -0.014640 0.283294 -0.057695 -0.044790 0.956248
1305031945.506438 0.044028 -0.007751 -0.016461 0.287990 -0.060682 -0.049594 0.954421
1305031945.538422 0.050028 -0.014311 -0.019717 0.294697 -0.056891 -0.054124 0.952359
1305031945.569071 0.073225 -0.005199 -0.023813 0.304565 -0.053636 -0.049817 0.949674
1305031945.606029 0.086372 0.001159 -0.025288 0.305880 -0.047377 -0.046945 0.949731
1305031945.638298 0.095879 -0.000025 -0.019887 0.304814 -0.044329 -0.045797 0.950277
1305031945.669116 0.104212 0.010363 -0.017337 0.303533 -0.041601 -0.043128 0.950935
1305031945.706215 0.117020 0.012376 -0.012742 0.297710 -0.039523 -0.043302 0.952854
1305031945.738673 0.128713 0.007300 -0.012197 0.291089 -0.035095 -0.044865 0.954999
1305031945.769045 0.145842 0.022046 0.001169 0.286620 -0.029538 -0.042824 0.956631
1305031945.806240 0.157763 0.027892 0.004509 0.275572 -0.024463 -0.040220 0.960127
1305031945.838266 0.168808 0.028853 0.005560 0.262832 -0.019242 -0.039857 0.963826
1305031945.869258 0.188868 0.037525 0.010525 0.248881 -0.016823 -0.036899 0.967685
1305031945.909177 0.202581 0.041316 0.008672 0.228893 -0.011744 -0.032898 0.972825
1305031945.936806 0.210188 0.035226 0.017963 0.208912 -0.002048 -0.031220 0.977434
1305031945.969300 0.221761 0.037652 0.007735 0.190011 0.008436 -0.026528 0.981387
1305031946.005983 0.233472 0.043132 0.010121 0.172166 0.019829 -0.021032 0.984644
1305031946.037278 0.239568 0.043798 0.012775 0.154406 0.032406 -0.015960 0.987347
1305031946.069057 0.248656 0.045843 0.013936 0.141768 0.041958 -0.009924 0.988961
1305031946.107140 0.255701 0.047778 0.016545 0.130097 0.051892 -0.002985 0.990138
1305031946.137054 0.263217 0.048133 0.015377 0.122497 0.058700 -0.000516 0.990731
1305031946.168867 0.268863 0.055799 0.012945 0.118700 0.065111 0.000061 0.990793
1305031946.207043 0.272646 0.063772 0.009915 0.112858 0.071098 0.002901 0.991060
1305031946.237369 0.270004 0.066090 0.002853 0.104254 0.076658 0.006667 0.991570
1305031946.268902 0.280268 0.079239 0.001986 0.099313 0.073650 0.006827 0.992303
1305031946.306775 0.281032 0.087258 -0.004561 0.091155 0.069616 0.003796 0.993393
1305031946.337036 0.284834 0.096001 -0.014947 0.082629 0.063832 0.000294 0.994534
1305031946.369021 0.287401 0.107896 -0.026166 0.075821 0.060639 -0.002510 0.995273
1305031946.406520 0.288035 0.115654 -0.038178 0.068349 0.058290 -0.005525 0.995942
1305031946.437150 0.289160 0.124514 -0.051728 0.064022 0.055068 -0.006408 0.996407
1305031946.468964 0.290499 0.134841 -0.065522 0.062095 0.050041 -0.006355 0.996795
1305031946.506586 0.294241 0.145903 -0.080496 0.058661 0.046576 -0.006425 0.997170
1305031946.537148 0.297979 0.153382 -0.095932 0.055515 0.045048 -0.005763 0.997424
1305031946.569238 0.302484 0.163827 -0.111294 0.054558 0.045334 -0.003775 0.997474
1305031946.606469 0.306876 0.174213 -0.125839 0.053109 0.047966 -0.001014 0.997436
1305031946.637163 0.309744 0.182915 -0.141541 0.052675 0.052427 0.000749 0.997234
1305031946.669089 0.312234 0.192943 -0.156700 0.052548 0.057403 0.001237 0.996966
1305031946.706515 0.312699 0.202648 -0.172921 0.052898 0.063397 0.000155 0.996585
1305031946.737134 0.310290 0.215276 -0.188630 0.052201 0.068239 -0.000920 0.996302
1305031946.769059 0.313118 0.223698 -0.203150 0.049179 0.068879 -0.002042 0.996410
1305031946.806647 0.314685 0.230780 -0.217396 0.044744 0.072999 -0.001763 0.996326
1305031946.837100 0.315584 0.237659 -0.232361 0.041323 0.076249 -0.000520 0.996232
1305031946.869090 0.314515 0.240799 -0.246892 0.039273 0.078283 -0.001268 0.996156
1305031946.906602 0.310206 0.248282 -0.261314 0.040077 0.077784 -0.001238 0.996164
1305031946.937151 0.315119 0.258587 -0.275524 0.040324 0.072474 -0.000944 0.996554
1305031946.969064 0.320329 0.268032 -0.288309 0.037210 0.069543 -0.001193 0.996884
1305031947.006827 0.321160 0.270675 -0.299742 0.031431 0.067380 -0.002099 0.997230
1305031947.037000 0.329200 0.275399 -0.312406 0.028534 0.062475 -0.002726 0.997635
1305031947.068973 0.339373 0.278055 -0.323336 0.026246 0.060750 -0.002461 0.997805
1305031947.106644 0.347278 0.279285 -0.333270 0.026823 0.061095 -0.005846 0.997754
1305031947.137044 0.357477 0.288121 -0.339750 0.030015 0.061808 -0.008568 0.997600
1305031947.169117 0.364343 0.293077 -0.345779 0.028459 0.065704 -0.006296 0.997413
1305031947.204982 0.372782 0.293775 -0.350587 0.027189 0.066429 -0.005649 0.997405
1305031947.237001 0.381270 0.297383 -0.355024 0.027067 0.066617 -0.006989 0.997387
1305031947.269076 0.389532 0.303429 -0.357729 0.025426 0.064865 -0.012072 0.997497
1305031947.304951 0.404929 0.310893 -0.358780 0.020023 0.060839 -0.015797 0.997822
1305031947.336945 0.414585 0.305924 -0.358351 0.011015 0.058810 -0.019912 0.998010
1305031947.368991 0.428605 0.304179 -0.356730 0.007222 0.053993 -0.029675 0.998074
1305031947.405013 0.443203 0.306299 -0.355723 0.006212 0.049174 -0.037637 0.998062
1305031947.437038 0.457205 0.301873 -0.354260 0.003955 0.043085 -0.040021 0.998262
1305031947.469273 0.470938 0.294505 -0.355557 0.006752 0.035617 -0.043506 0.998395
1305031947.504994 0.485452 0.297204 -0.356172 0.013758 0.026277 -0.050907 0.998263
1305031947.537022 0.502111 0.304343 -0.355422 0.019580 0.015640 -0.057759 0.998016
1305031947.568989 0.517953 0.301951 -0.354692 0.020643 0.001347 -0.064847 0.997681
1305031947.605177 0.541319 0.301416 -0.354324 0.022009 -0.013739 -0.078118 0.996606
1305031947.637085 0.559923 0.297306 -0.354744 0.024064 -0.023961 -0.089735 0.995387
1305031947.669011 0.574094 0.295551 -0.356302 0.028740 -0.034646 -0.098513 0.994117
1305031947.705153 0.595663 0.293809 -0.356879 0.035431 -0.050155 -0.111230 0.991896
1305031947.736979 0.616771 0.295561 -0.357430 0.043376 -0.063312 -0.125538 0.989116
1305031947.769041 0.640257 0.293371 -0.357311 0.052015 -0.076296 -0.137739 0.986155
1305031947.804941 0.663875 0.300971 -0.357077 0.059478 -0.084109 -0.146230 0.983872
1305031947.837022 0.676447 0.294018 -0.357886 0.062005 -0.091088 -0.155415 0.981685
1305031947.868988 0.698800 0.298844 -0.357314 0.069858 -0.100905 -0.166187 0.978427
1305031947.904995 0.712496 0.299440 -0.355932 0.070488 -0.106843 -0.175437 0.976134
1305031947.937025 0.728447 0.299720 -0.355080 0.073187 -0.115738 -0.184262 0.973291
1305031947.968976 0.748713 0.303217 -0.352292 0.073282 -0.123840 -0.191506 0.970886
1305031948.004911 0.760888 0.298420 -0.349686 0.069319 -0.128935 -0.197400 0.969332
1305031948.037003 0.775712 0.291077 -0.347979 0.068178 -0.135034 -0.201107 0.967819
1305031948.068973 0.793296 0.288150 -0.345021 0.070701 -0.139146 -0.202784 0.966705
1305031948.104993 0.803024 0.286057 -0.342468 0.072586 -0.141184 -0.204580 0.965891
1305031948.136951 0.815403 0.284176 -0.337929 0.073366 -0.146741 -0.205953 0.964711
1305031948.168952 0.827367 0.277516 -0.333214 0.075316 -0.154852 -0.209759 0.962470
1305031948.204992 0.842161 0.274055 -0.326845 0.077529 -0.163005 -0.215390 0.959701
1305031948.237002 0.855017 0.271629 -0.319802 0.078435 -0.169879 -0.220874 0.957185
1305031948.269041 0.865870 0.265896 -0.311792 0.077117 -0.177513 -0.224406 0.955083
1305031948.304939 0.883473 0.259126 -0.302180 0.075959 -0.186476 -0.224998 0.953327
1305031948.337101 0.905902 0.253316 -0.288219 0.074306 -0.191451 -0.224192 0.952661
1305031948.368969 0.918943 0.241521 -0.276945 0.069634 -0.190455 -0.224108 0.953233
1305031948.404989 0.933716 0.233031 -0.267133 0.068389 -0.189248 -0.224415 0.953491
1305031948.436942 0.952740 0.228649 -0.250881 0.066427 -0.187763 -0.225337 0.953706
1305031948.469170 0.959955 0.216553 -0.239046 0.059236 -0.183904 -0.225193 0.954965
1305031948.505024 0.976248 0.205727 -0.225434 0.054749 -0.184645 -0.225797 0.954947
1305031948.537017 0.992293 0.193946 -0.210682 0.049955 -0.183390 -0.227527 0.955041
1305031948.568891 1.005500 0.178392 -0.198535 0.045796 -0.180376 -0.229370 0.955383
1305031948.605001 1.019933 0.170251 -0.186617 0.045446 -0.176988 -0.233261 0.955091
1305031948.636912 1.032638 0.158550 -0.173619 0.042183 -0.172867 -0.238576 0.954683
1305031948.669040 1.045303 0.146528 -0.163864 0.042155 -0.170252 -0.243193 0.953989
1305031948.705075 1.062912 0.138620 -0.152120 0.041150 -0.166311 -0.248808 0.953280
1305031948.737063 1.071193 0.129581 -0.141542 0.037797 -0.158623 -0.251235 0.954092
1305031948.768899 1.084641 0.123320 -0.130729 0.035278 -0.155309 -0.250041 0.955047
1305031948.804975 1.099001 0.115685 -0.118754 0.029956 -0.151362 -0.248630 0.956230
1305031948.837073 1.113215 0.110215 -0.106654 0.024558 -0.147306 -0.245720 0.957768
1305031948.868835 1.129411 0.107768 -0.093574 0.016430 -0.143736 -0.242640 0.959268
1305031948.905077 1.138561 0.101325 -0.080903 0.003612 -0.137966 -0.239295 0.961088
1305031948.936996 1.149872 0.097994 -0.069137 -0.006619 -0.136013 -0.234858 0.962444
1305031948.968952 1.163632 0.097003 -0.055415 -0.018164 -0.136822 -0.233983 0.962394
1305031949.005006 1.173499 0.092838 -0.041179 -0.035682 -0.136164 -0.235899 0.961529
1305031949.037089 1.186646 0.090525 -0.026213 -0.050486 -0.134927 -0.237652 0.960608
1305031949.069061 1.194234 0.089033 -0.013932 -0.066241 -0.129582 -0.239115 0.960023
1305031949.105077 1.197388 0.092173 -0.002375 -0.078366 -0.126129 -0.241185 0.959052
1305031949.137263 1.202827 0.091988 0.009303 -0.093186 -0.127538 -0.246618 0.956154
1305031949.168946 1.208424 0.087185 0.019664 -0.107379 -0.131830 -0.250909 0.952962
1305031949.204940 1.216841 0.086690 0.029762 -0.117801 -0.139444 -0.257091 0.948990
1305031949.237011 1.228069 0.086948 0.039668 -0.125841 -0.149736 -0.265479 0.944068
1305031949.268994 1.236436 0.082593 0.049606 -0.135568 -0.158834 -0.273720 0.938867
1305031949.305254 1.243371 0.073321 0.058162 -0.144189 -0.166922 -0.282128 0.933676
1305031949.337227 1.256761 0.071468 0.066377 -0.143546 -0.177604 -0.291498 0.928914
1305031949.368902 1.269187 0.066281 0.074473 -0.148076 -0.185132 -0.302958 0.923047
1305031949.405064 1.275900 0.054820 0.082149 -0.154439 -0.187546 -0.316123 0.917083
1305031949.437094 1.283170 0.044261 0.087541 -0.153573 -0.191850 -0.326036 0.912858
1305031949.468902 1.294053 0.039240 0.090888 -0.149491 -0.198949 -0.333662 0.909253
1305031949.505002 1.301151 0.029112 0.094865 -0.150491 -0.205557 -0.340014 0.905257
1305031949.537017 1.303897 0.016114 0.097635 -0.150869 -0.211399 -0.344761 0.902047
1305031949.568988 1.308390 0.004369 0.098336 -0.144837 -0.220855 -0.348990 0.899139
1305031949.604798 1.315381 -0.006963 0.099341 -0.136233 -0.232155 -0.354850 0.895336
1305031949.637172 1.313972 -0.022723 0.098619 -0.130396 -0.238892 -0.360844 0.892031
1305031949.668955 1.316290 -0.038422 0.098369 -0.119667 -0.249098 -0.363095 0.889827
1305031949.705003 1.322404 -0.049073 0.097232 -0.104167 -0.258164 -0.365132 0.888358
1305031949.736949 1.321987 -0.063249 0.096076 -0.092607 -0.263136 -0.366020 0.887814
1305031949.768985 1.320448 -0.077665 0.093973 -0.081198 -0.267927 -0.363060 0.888712
1305031949.804939 1.321146 -0.091556 0.092313 -0.065933 -0.274453 -0.360656 0.888963
1305031949.836964 1.321709 -0.102593 0.089208 -0.049668 -0.279926 -0.359016 0.888978
1305031949.868951 1.320271 -0.114712 0.085396 -0.033702 -0.286041 -0.355585 0.889159
1305031949.904851 1.321177 -0.130747 0.084018 -0.016323 -0.294190 -0.352890 0.888062
1305031949.936858 1.327882 -0.139011 0.080731 0.005252 -0.299035 -0.350057 0.887700
1305031949.968881 1.331460 -0.149895 0.077607 0.023547 -0.299374 -0.346499 0.888684
1305031950.004952 1.331934 -0.164388 0.075170 0.040203 -0.298113 -0.339900 0.891056
1305031950.036989 1.333745 -0.175232 0.072511 0.058627 -0.296185 -0.330382 0.894251
1305031950.069081 1.335010 -0.187111 0.070939 0.075743 -0.294050 -0.318091 0.898118
1305031950.104966 1.331951 -0.199379 0.069701 0.092753 -0.291637 -0.304463 0.902024
1305031950.136997 1.328077 -0.213144 0.063562 0.117585 -0.291664 -0.288905 0.904234
1305031950.168914 1.331073 -0.217932 0.062436 0.146404 -0.294354 -0.270774 0.904767
1305031950.204933 1.332653 -0.234221 0.060056 0.171636 -0.296017 -0.254783 0.904434
1305031950.237027 1.335331 -0.244120 0.058684 0.199299 -0.296405 -0.241927 0.902162
1305031950.269033 1.336669 -0.253221 0.057800 0.221764 -0.295614 -0.231796 0.899835
1305031950.304978 1.339244 -0.260354 0.057992 0.240114 -0.293920 -0.224126 0.897621
1305031950.337197 1.334334 -0.274021 0.057311 0.257111 -0.291920 -0.219345 0.894743
1305031950.368911 1.330370 -0.291262 0.051563 0.273500 -0.292233 -0.214350 0.890984
1305031950.404939 1.330347 -0.296500 0.054033 0.289316 -0.295062 -0.208368 0.886464
1305031950.436983 1.328050 -0.305681 0.051633 0.302942 -0.299551 -0.204584 0.881272
1305031950.468976 1.326371 -0.308264 0.051562 0.317095 -0.304491 -0.201665 0.875253
1305031950.504938 1.323681 -0.314824 0.050263 0.326173 -0.307967 -0.200039 0.871064
1305031950.536894 1.326892 -0.308926 0.065297 0.333081 -0.311006 -0.196823 0.868097
1305031950.568883 1.321589 -0.291096 0.074998 0.338015 -0.309121 -0.193010 0.867720
1305031950.604862 1.313293 -0.264244 0.092519 0.341652 -0.305378 -0.186803 0.868978
1305031950.637006 1.318589 -0.254042 0.107704 0.338478 -0.304243 -0.181662 0.871704
1305031950.668910 1.313568 -0.258037 0.111740 0.329713 -0.302557 -0.179978 0.875989
1305031950.704873 1.308825 -0.254619 0.118658 0.319754 -0.302977 -0.179392 0.879648
1305031950.736893 1.303570 -0.246140 0.124196 0.308350 -0.301871 -0.184465 0.883044
1305031950.768897 1.302531 -0.242385 0.131558 0.292702 -0.302179 -0.190661 0.886939
1305031950.804899 1.307133 -0.238825 0.143197 0.276839 -0.303564 -0.197083 0.890150
1305031950.837135 1.307930 -0.229007 0.156641 0.260855 -0.301684 -0.204219 0.894000
1305031950.869014 1.309008 -0.229767 0.161604 0.242512 -0.300876 -0.208780 0.898372
1305031950.904883 1.315118 -0.220010 0.175021 0.228416 -0.301305 -0.212100 0.901141
1305031950.936970 1.320274 -0.219620 0.181210 0.211529 -0.301077 -0.216624 0.904258
1305031950.968904 1.322294 -0.228224 0.182644 0.193859 -0.301053 -0.223309 0.906597
1305031951.004836 1.323858 -0.244029 0.183276 0.178711 -0.301902 -0.230365 0.907661
1305031951.036930 1.331234 -0.242494 0.189217 0.172799 -0.303381 -0.236361 0.906771
1305031951.069013 1.343303 -0.237174 0.198758 0.166645 -0.304988 -0.242610 0.905733
1305031951.104800 1.351184 -0.234589 0.203460 0.157896 -0.304736 -0.249495 0.905515
1305031951.136893 1.359124 -0.233308 0.206777 0.148932 -0.306665 -0.256620 0.904390
1305031951.168908 1.370836 -0.227412 0.211458 0.142701 -0.310456 -0.264981 0.901686
1305031951.204914 1.382613 -0.220035 0.216067 0.131184 -0.313949 -0.275783 0.898983
1305031951.236957 1.395573 -0.217773 0.219036 0.117114 -0.317185 -0.290640 0.895101
1305031951.268906 1.406414 -0.224548 0.224878 0.104305 -0.319474 -0.306582 0.890542
1305031951.304862 1.418139 -0.223073 0.224557 0.098984 -0.319886 -0.322800 0.885254
1305031951.336937 1.436897 -0.217771 0.233314 0.094781 -0.321893 -0.337872 0.879343
1305031951.368840 1.451463 -0.219809 0.240301 0.085901 -0.321323 -0.353520 0.874298
1305031951.404865 1.465372 -0.221858 0.247379 0.079868 -0.320960 -0.366569 0.869616
1305031951.436903 1.483724 -0.222753 0.256767 0.073892 -0.318873 -0.376493 0.866668
1305031951.468857 1.496880 -0.225285 0.264134 0.065922 -0.314223 -0.383012 0.866152
1305031951.504916 1.512997 -0.227495 0.274426 0.059343 -0.311742 -0.386284 0.866071
1305031951.536888 1.526579 -0.232969 0.284128 0.049491 -0.306704 -0.387425 0.867978
1305031951.569006 1.540648 -0.236660 0.294461 0.041228 -0.301314 -0.386179 0.870848
1305031951.604927 1.552980 -0.241313 0.305049 0.033110 -0.297128 -0.385602 0.872886
1305031951.636936 1.568433 -0.247461 0.318613 0.026406 -0.294848 -0.386456 0.873510
1305031951.668929 1.581960 -0.251945 0.332857 0.020438 -0.288730 -0.389392 0.874409
1305031951.704880 1.592839 -0.256522 0.346018 0.012741 -0.281976 -0.390527 0.876251
1305031951.736828 1.606404 -0.261119 0.360944 0.002725 -0.277047 -0.389554 0.878342
1305031951.768926 1.615486 -0.268027 0.377350 -0.007307 -0.271130 -0.390403 0.879785
1305031951.804886 1.624672 -0.275371 0.392978 -0.015740 -0.265662 -0.389914 0.881557
1305031951.836932 1.637838 -0.281547 0.410395 -0.023067 -0.260025 -0.388971 0.883491
1305031951.868913 1.647320 -0.287537 0.427883 -0.031340 -0.253309 -0.389065 0.885144
1305031951.904907 1.651594 -0.295920 0.441631 -0.040618 -0.245740 -0.388026 0.887354
1305031951.936962 1.660314 -0.302252 0.457529 -0.046465 -0.240670 -0.386097 0.889297
1305031951.968839 1.668137 -0.307389 0.471161 -0.051564 -0.238306 -0.383608 0.890728
1305031952.004839 1.672084 -0.313176 0.484172 -0.058240 -0.238788 -0.382155 0.890812
1305031952.037104 1.673991 -0.321399 0.497133 -0.063595 -0.241626 -0.383345 0.889168
1305031952.068888 1.674701 -0.332086 0.508446 -0.064805 -0.246834 -0.385826 0.886573
1305031952.105135 1.677441 -0.340846 0.518921 -0.062007 -0.254418 -0.388989 0.883241
1305031952.136943 1.680248 -0.343666 0.528492 -0.054943 -0.264471 -0.394065 0.878493
1305031952.168932 1.686489 -0.347640 0.537300 -0.052549 -0.278864 -0.400193 0.871389
1305031952.204914 1.688329 -0.359109 0.549120 -0.055206 -0.293905 -0.410584 0.861390
1305031952.236877 1.685718 -0.371134 0.557662 -0.053580 -0.306757 -0.424907 0.849990
1305031952.268902 1.691947 -0.377463 0.565686 -0.048333 -0.321007 -0.434319 0.840230
1305031952.304888 1.687342 -0.393485 0.575656 -0.051785 -0.330328 -0.447054 0.829666
1305031952.336993 1.684805 -0.411897 0.584227 -0.049393 -0.338091 -0.457480 0.820955
1305031952.368960 1.688488 -0.424680 0.593580 -0.043522 -0.343472 -0.462439 0.816262
1305031952.404918 1.687359 -0.439246 0.600909 -0.043979 -0.343099 -0.463769 0.815639
1305031952.437054 1.685858 -0.450218 0.608926 -0.042167 -0.343140 -0.460345 0.817655
1305031952.468939 1.683388 -0.460747 0.616985 -0.042232 -0.343239 -0.456908 0.819536
1305031952.504868 1.682289 -0.471114 0.624650 -0.040423 -0.344368 -0.454859 0.820293
1305031952.536948 1.679860 -0.480988 0.632252 -0.038897 -0.344657 -0.452894 0.821331
1305031952.568932 1.674689 -0.490531 0.637883 -0.035163 -0.344973 -0.450663 0.822593
1305031952.604926 1.673949 -0.496738 0.644457 -0.029425 -0.348274 -0.447633 0.823082
1305031952.636992 1.670097 -0.502292 0.649959 -0.025210 -0.351244 -0.444479 0.823669
1305031952.668899 1.663996 -0.508765 0.654119 -0.020063 -0.355439 -0.441832 0.823435
1305031952.704918 1.659882 -0.512043 0.658038 -0.013492 -0.362658 -0.435714 0.823681
1305031952.736938 1.659465 -0.514960 0.662053 -0.006497 -0.373429 -0.428528 0.822722
1305031952.768957 1.658193 -0.516196 0.662693 0.000431 -0.384333 -0.425994 0.819034
1305031952.804919 1.651291 -0.520259 0.662899 0.005092 -0.398047 -0.424527 0.813210
1305031952.836931 1.649987 -0.522456 0.664151 0.013396 -0.415973 -0.420662 0.806121
1305031952.868991 1.650545 -0.524867 0.668936 0.019326 -0.434668 -0.417338 0.797822
1305031952.904920 1.644153 -0.532318 0.669538 0.027373 -0.451632 -0.417354 0.788096
1305031952.936984 1.652197 -0.535297 0.673974 0.040399 -0.472223 -0.413684 0.777328
1305031952.972903 1.655208 -0.539303 0.677429 0.042364 -0.487257 -0.415334 0.766996
1305031953.004869 1.648746 -0.551617 0.674226 0.041282 -0.497109 -0.417312 0.759624
1305031953.036943 1.651643 -0.557707 0.680281 0.047705 -0.508890 -0.416966 0.751595
1305031953.073127 1.653254 -0.564010 0.683684 0.052551 -0.516657 -0.418611 0.745029
1305031953.104909 1.654909 -0.570661 0.686016 0.055141 -0.523832 -0.419936 0.739062
1305031953.137098 1.653744 -0.577706 0.689544 0.057790 -0.530739 -0.421914 0.732779
1305031953.172998 1.653062 -0.584905 0.690425 0.061623 -0.535410 -0.423976 0.727862
1305031953.204992 1.653058 -0.590372 0.690000 0.066741 -0.539828 -0.427172 0.722257
1305031953.237103 1.653331 -0.594644 0.687855 0.072677 -0.544776 -0.431096 0.715607
1305031953.273087 1.652166 -0.599584 0.685986 0.076357 -0.550869 -0.435018 0.708147
1305031953.304968 1.650650 -0.604845 0.685122 0.080779 -0.556472 -0.437036 0.702007
1305031953.337012 1.650406 -0.607988 0.680607 0.086658 -0.560889 -0.438700 0.696733
1305031953.372964 1.649809 -0.610539 0.674899 0.090403 -0.566361 -0.438397 0.692005
1305031953.404920 1.652152 -0.610943 0.670125 0.093687 -0.573379 -0.436966 0.686673
1305031953.436876 1.655252 -0.610875 0.663774 0.093149 -0.579844 -0.436009 0.681909
1305031953.473261 1.654981 -0.612204 0.659381 0.089165 -0.584306 -0.435609 0.678882
1305031953.504919 1.655230 -0.613265 0.651135 0.084697 -0.588037 -0.433077 0.677852
1305031953.536948 1.660478 -0.607956 0.648602 0.081271 -0.592200 -0.430889 0.676040
1305031953.572862 1.660224 -0.609298 0.644187 0.075311 -0.593081 -0.433431 0.674329
1305031953.604882 1.664420 -0.606351 0.640650 0.072444 -0.592429 -0.435078 0.674156
1305031953.636962 1.667564 -0.604094 0.636008 0.063452 -0.589640 -0.437149 0.676165
1305031953.673021 1.666736 -0.607341 0.630890 0.053148 -0.586594 -0.435773 0.680577
1305031953.704929 1.671353 -0.602421 0.625792 0.049227 -0.583138 -0.432224 0.686083
1305031953.736982 1.676625 -0.596745 0.621916 0.043444 -0.578951 -0.431946 0.690182
1305031953.772886 1.675535 -0.596359 0.617702 0.034527 -0.574783 -0.430689 0.694939
1305031953.804859 1.680262 -0.591524 0.617395 0.027817 -0.571576 -0.424279 0.701794
1305031953.836840 1.683849 -0.586073 0.619294 0.018516 -0.564479 -0.420321 0.710177
1305031953.872987 1.682623 -0.584170 0.617263 0.010311 -0.555252 -0.415702 0.720265
1305031953.904912 1.689842 -0.582268 0.617111 0.005407 -0.545627 -0.410490 0.730588
1305031953.936924 1.689358 -0.573240 0.617661 0.002131 -0.530657 -0.409821 0.741920
1305031953.972857 1.688585 -0.573454 0.616510 0.000440 -0.517087 -0.409110 0.751831
1305031954.004852 1.693765 -0.569745 0.612739 0.004608 -0.501791 -0.408328 0.762531
1305031954.036921 1.696648 -0.563622 0.604909 0.007348 -0.483217 -0.412160 0.772381
1305031954.072918 1.696231 -0.561920 0.597083 0.007744 -0.467714 -0.415455 0.780116
1305031954.104933 1.698061 -0.561577 0.592576 0.009845 -0.455256 -0.416850 0.786690
1305031954.136939 1.698979 -0.560482 0.585672 0.013058 -0.441392 -0.418263 0.793762
1305031954.172997 1.698753 -0.556924 0.574911 0.016575 -0.427497 -0.418361 0.801216
1305031954.204838 1.696791 -0.556935 0.565213 0.019524 -0.416374 -0.417238 0.807567
1305031954.237023 1.695160 -0.558279 0.548342 0.024072 -0.406285 -0.416725 0.812831
1305031954.272870 1.694545 -0.553486 0.534406 0.031540 -0.399826 -0.413865 0.817227
1305031954.304869 1.698159 -0.547550 0.520647 0.038359 -0.395010 -0.410115 0.821158
1305031954.336921 1.699721 -0.539138 0.506567 0.041229 -0.388874 -0.406882 0.825545
1305031954.372872 1.698941 -0.532670 0.492825 0.042221 -0.383724 -0.405487 0.828585
1305031954.404711 1.696720 -0.528960 0.479108 0.044124 -0.379940 -0.406992 0.829492
1305031954.436896 1.700068 -0.520828 0.465866 0.048628 -0.375333 -0.407359 0.831156
1305031954.472974 1.699176 -0.510850 0.450490 0.048340 -0.367692 -0.406125 0.835181
1305031954.504827 1.695983 -0.503907 0.435543 0.044907 -0.360658 -0.402406 0.840225
1305031954.536934 1.699086 -0.496830 0.424015 0.043393 -0.355531 -0.397856 0.844645
1305031954.572946 1.696085 -0.486911 0.409067 0.039042 -0.344986 -0.393474 0.851257
1305031954.604885 1.683193 -0.483944 0.391642 0.033828 -0.336522 -0.386102 0.858215
1305031954.636862 1.679484 -0.482394 0.378858 0.037934 -0.335060 -0.379478 0.861564
1305031954.672891 1.679914 -0.466765 0.364806 0.048040 -0.333472 -0.374502 0.863850
1305031954.704892 1.677963 -0.453671 0.351026 0.052355 -0.334053 -0.372619 0.864189
1305031954.736939 1.674465 -0.446894 0.340161 0.053697 -0.334313 -0.373436 0.863653
1305031954.773183 1.667409 -0.438843 0.326868 0.056721 -0.334172 -0.374646 0.862990
1305031954.804833 1.668216 -0.431685 0.317682 0.059880 -0.335910 -0.373157 0.862747
1305031954.836924 1.664729 -0.423169 0.307963 0.060784 -0.333027 -0.371488 0.864520
1305031954.873001 1.661719 -0.420337 0.298277 0.062442 -0.331044 -0.370324 0.865662
1305031954.904866 1.662369 -0.409285 0.290256 0.065054 -0.325576 -0.366136 0.869317
1305031954.937022 1.655990 -0.402690 0.281327 0.063041 -0.319533 -0.362217 0.873340
1305031954.972931 1.657377 -0.396995 0.276381 0.064399 -0.317061 -0.360832 0.874715
1305031955.004936 1.654633 -0.389207 0.269745 0.064927 -0.310756 -0.360382 0.877120
1305031955.036969 1.651980 -0.381358 0.263944 0.065178 -0.306032 -0.359757 0.879017
1305031955.073048 1.653961 -0.371174 0.261337 0.065465 -0.301901 -0.359957 0.880341
1305031955.104929 1.649148 -0.361633 0.256409 0.061934 -0.295759 -0.360158 0.882597
1305031955.136878 1.648068 -0.353608 0.254536 0.058815 -0.293365 -0.360966 0.883279
1305031955.173003 1.646987 -0.344377 0.252891 0.054870 -0.289853 -0.362324 0.884136
1305031955.204960 1.642453 -0.338381 0.251455 0.048677 -0.287238 -0.363831 0.884733
1305031955.236857 1.641900 -0.335464 0.250978 0.045011 -0.286489 -0.368013 0.883439
1305031955.272905 1.640675 -0.329019 0.250667 0.042413 -0.283238 -0.370664 0.883507
1305031955.304880 1.636451 -0.326215 0.249740 0.037827 -0.280193 -0.371407 0.884374
1305031955.337035 1.636944 -0.324519 0.250326 0.035575 -0.278694 -0.370909 0.885150
1305031955.372861 1.634823 -0.320848 0.250229 0.032089 -0.274403 -0.368999 0.887419
1305031955.404928 1.633710 -0.320599 0.250552 0.028897 -0.271728 -0.365797 0.889675
1305031955.436909 1.632429 -0.319091 0.250672 0.026102 -0.268195 -0.362413 0.892214
1305031955.472931 1.630197 -0.318250 0.250067 0.024139 -0.265741 -0.361061 0.893551
1305031955.504893 1.631546 -0.316284 0.250573 0.023478 -0.264889 -0.360554 0.894026
1305031955.536891 1.628856 -0.315888 0.249846 0.020555 -0.262807 -0.358764 0.895432
1305031955.572893 1.627420 -0.318964 0.249032 0.019628 -0.263341 -0.358288 0.895486
1305031955.604944 1.629393 -0.317526 0.249488 0.021288 -0.263277 -0.357911 0.895618
1305031955.636881 1.628400 -0.315915 0.248676 0.021197 -0.262633 -0.355725 0.896680
1305031955.672837 1.629323 -0.316182 0.248620 0.020291 -0.263600 -0.354717 0.896816
1305031955.704890 1.629386 -0.318432 0.248568 0.019389 -0.263600 -0.353931 0.897146
1305031955.736903 1.629478 -0.318454 0.248176 0.019732 -0.263435 -0.351956 0.897964
1305031955.772963 1.630141 -0.319040 0.247984 0.019724 -0.263803 -0.350331 0.898492
1305031955.804902 1.630695 -0.320440 0.247677 0.019680 -0.263963 -0.348183 0.899280
1305031955.837019 1.631740 -0.320132 0.247460 0.020165 -0.263992 -0.346709 0.899830
1305031955.872917 1.631738 -0.321457 0.246534 0.020281 -0.264373 -0.345223 0.900287
1305031955.904911 1.634663 -0.319306 0.246543 0.021052 -0.264849 -0.342968 0.900991
1305031955.937291 1.633230 -0.320494 0.245123 0.019546 -0.264622 -0.342109 0.901418
1305031955.973194 1.633997 -0.322228 0.244463 0.019529 -0.266219 -0.341540 0.901164
1305031956.004870 1.636960 -0.323652 0.244969 0.020408 -0.266950 -0.340299 0.901398
1305031956.036937 1.636391 -0.324280 0.243820 0.021120 -0.265468 -0.339231 0.902221
1305031956.073037 1.636074 -0.325188 0.242731 0.022116 -0.265584 -0.337829 0.902689
1305031956.104901 1.639185 -0.324858 0.242990 0.024206 -0.266062 -0.335973 0.903187
1305031956.136924 1.639213 -0.324235 0.242345 0.024602 -0.264173 -0.335372 0.903954
