# timestamp tx ty tz qx qy qz qw
1305031910.765238 -0.868428 0.601535 1.562572 0.821627 -0.392448 0.161121 -0.380728
1305031910.797230 -0.867470 0.609438 1.563100 0.824350 -0.383960 0.161037 -0.383522
1305031910.835208 -0.866329 0.619027 1.562900 0.827721 -0.375333 0.157745 -0.386160
1305031910.865025 -0.865634 0.626747 1.562734 0.831814 -0.365979 0.154328 -0.387721
1305031910.897222 -0.864968 0.635408 1.562146 0.836043 -0.356416 0.149805 -0.389305
1305031910.935211 -0.864171 0.645328 1.561743 0.836609 -0.349115 0.150623 -0.394356
1305031910.965249 -0.864472 0.653952 1.561343 0.837097 -0.341600 0.149079 -0.400441
1305031910.997325 -0.865410 0.663147 1.560268 0.841935 -0.331150 0.143263 -0.401199
1305031911.035050 -0.867940 0.673786 1.559700 0.848071 -0.316615 0.134990 -0.402876
1305031911.065269 -0.870619 0.682515 1.559342 0.853330 -0.301413 0.123849 -0.406988
1305031911.097196 -0.873620 0.690801 1.559372 0.858378 -0.286025 0.113670 -0.410435
1305031911.135664 -0.877540 0.700056 1.560608 0.861535 -0.269287 0.107476 -0.416764
1305031911.165177 -0.879897 0.706863 1.561257 0.862192 -0.259038 0.102050 -0.423215
1305031911.197213 -0.882571 0.713997 1.561909 0.864468 -0.249051 0.095148 -0.426163
1305031911.235651 -0.885569 0.722876 1.562723 0.865968 -0.235841 0.088532 -0.432018
1305031911.265104 -0.887388 0.729565 1.563055 0.868291 -0.225798 0.083426 -0.433735
1305031911.297334 -0.889470 0.737023 1.563257 0.870416 -0.216207 0.078903 -0.435206
1305031911.333191 -0.891281 0.745271 1.563400 0.871092 -0.206419 0.073445 -0.439540
1305031911.365235 -0.893200 0.752149 1.563200 0.872738 -0.198848 0.071081 -0.440153
1305031911.397333 -0.894970 0.759145 1.563522 0.871715 -0.192910 0.070073 -0.444958
1305031911.433256 -0.896725 0.766926 1.562925 0.870857 -0.187053 0.065588 -0.449798
1305031911.465250 -0.898257 0.773965 1.561955 0.870547 -0.182491 0.059152 -0.453152
1305031911.497291 -0.899917 0.781274 1.560414 0.868544 -0.176248 0.051594 -0.460333
1305031911.533251 -0.901448 0.788127 1.558889 0.868756 -0.169415 0.041466 -0.463511
1305031911.565335 -0.903150 0.794484 1.557467 0.867455 -0.164857 0.033799 -0.468190
1305031911.597302 -0.904890 0.801360 1.555632 0.863641 -0.156583 0.026406 -0.478444
1305031911.633337 -0.906792 0.808191 1.553231 0.863911 -0.145380 0.021455 -0.481728
1305031911.665124 -0.908637 0.814056 1.550950 0.864444 -0.133671 0.017545 -0.484316
1305031911.697167 -0.910737 0.819727 1.548087 0.865449 -0.122844 0.013203 -0.485523
1305031911.733203 -0.913159 0.825818 1.544430 0.866757 -0.110026 0.009689 -0.486347
1305031911.765284 -0.915105 0.830568 1.541179 0.868842 -0.099724 0.007153 -0.484890
1305031911.797297 -0.917147 0.835195 1.537818 0.870525 -0.091325 0.004996 -0.483550
1305031911.833338 -0.918954 0.839799 1.534016 0.873351 -0.081148 0.000294 -0.480284
1305031911.865269 -0.920473 0.843650 1.530881 0.875772 -0.072775 -0.007242 -0.477153
1305031911.897159 -0.921553 0.846766 1.528311 0.878068 -0.065074 -0.015651 -0.473832
1305031911.933063 -0.922471 0.850185 1.525651 0.880073 -0.053896 -0.028154 -0.470930
1305031911.965140 -0.923113 0.852451 1.523462 0.882299 -0.041515 -0.042534 -0.466921
1305031911.997252 -0.923300 0.854894 1.521384 0.884096 -0.029649 -0.059108 -0.462604
1305031912.033135 -0.922255 0.857018 1.519182 0.885953 -0.021482 -0.073954 -0.457336
1305031912.065365 -0.921009 0.858633 1.517767 0.886117 -0.015361 -0.083956 -0.455535
1305031912.096953 -0.919577 0.859549 1.516603 0.887430 -0.007346 -0.088915 -0.452226
1305031912.133282 -0.918390 0.860000 1.516100 0.888110 0.005808 -0.090638 -0.450568
1305031912.165138 -0.917326 0.860245 1.515745 0.887102 0.019641 -0.090061 -0.452277
1305031912.197357 -0.916190 0.860045 1.515600 0.886930 0.033403 -0.087525 -0.452304
1305031912.233265 -0.914736 0.859625 1.515775 0.886253 0.046366 -0.083421 -0.453263
1305031912.265090 -0.913167 0.859034 1.516166 0.884207 0.055087 -0.080601 -0.456779
1305031912.297250 -0.911086 0.857747 1.517107 0.878921 0.061580 -0.078638 -0.466392
1305031912.333274 -0.908336 0.856587 1.518213 0.872897 0.066942 -0.079617 -0.476686
1305031912.365250 -0.905682 0.855312 1.519073 0.870295 0.069849 -0.080889 -0.480797
1305031912.397198 -0.903066 0.854424 1.519905 0.866787 0.077085 -0.084941 -0.485307
1305031912.433290 -0.900135 0.853938 1.520614 0.865054 0.088724 -0.089594 -0.485574
1305031912.465142 -0.897236 0.853756 1.520800 0.862779 0.098706 -0.093847 -0.486890
1305031912.497123 -0.893861 0.853800 1.520724 0.863743 0.107602 -0.097511 -0.482557
1305031912.533113 -0.889674 0.853765 1.520465 0.864048 0.113069 -0.102340 -0.479752
1305031912.565146 -0.885822 0.853800 1.520044 0.863858 0.116908 -0.109242 -0.477649
1305031912.597090 -0.882013 0.853448 1.520100 0.865007 0.118901 -0.115012 -0.473706
1305031912.633132 -0.877937 0.853364 1.520200 0.864657 0.123080 -0.119299 -0.472215
1305031912.665220 -0.874885 0.853157 1.520243 0.864185 0.130404 -0.123532 -0.470021
1305031912.697182 -0.872662 0.852946 1.520200 0.862924 0.139383 -0.128884 -0.468320
1305031912.733125 -0.870855 0.852764 1.520164 0.862049 0.151750 -0.134298 -0.464552
1305031912.765193 -0.869472 0.852657 1.519943 0.860993 0.158198 -0.136201 -0.463804
1305031912.797155 -0.868094 0.853177 1.519547 0.861567 0.160684 -0.135418 -0.462109
1305031912.833077 -0.866457 0.853436 1.518928 0.862888 0.161634 -0.131769 -0.460365
1305031912.865153 -0.865020 0.853500 1.518644 0.863250 0.161433 -0.127773 -0.460883
1305031912.897198 -0.863544 0.853124 1.518700 0.864408 0.158084 -0.123812 -0.460954
1305031912.933115 -0.861347 0.852455 1.518700 0.865141 0.153189 -0.119028 -0.462490
1305031912.965034 -0.859316 0.851280 1.519120 0.863352 0.154306 -0.115019 -0.466458
1305031912.997049 -0.856904 0.850028 1.519849 0.861803 0.152507 -0.109283 -0.471269
1305031913.033133 -0.854246 0.848555 1.520600 0.861245 0.149162 -0.106799 -0.473922
1305031913.065209 -0.851643 0.847686 1.520800 0.860707 0.142972 -0.106428 -0.476881
1305031913.097038 -0.848903 0.847225 1.520925 0.861131 0.131738 -0.105450 -0.479561
1305031913.133146 -0.845270 0.847100 1.520593 0.862707 0.116330 -0.100391 -0.481794
1305031913.165211 -0.841315 0.846943 1.519686 0.863879 0.098705 -0.095432 -0.484627
1305031913.197113 -0.837402 0.846650 1.518501 0.865423 0.080759 -0.090905 -0.486064
1305031913.233126 -0.832256 0.845727 1.516955 0.866814 0.059455 -0.087169 -0.487341
1305031913.265022 -0.827672 0.845179 1.515024 0.866837 0.038056 -0.082108 -0.490309
1305031913.297160 -0.823151 0.843817 1.513340 0.867626 0.016944 -0.076292 -0.491038
1305031913.333122 -0.818665 0.841746 1.511283 0.867801 -0.005128 -0.067803 -0.492237
1305031913.365070 -0.815243 0.839354 1.509266 0.867557 -0.021152 -0.060139 -0.493234
1305031913.397099 -0.812224 0.836573 1.507524 0.866813 -0.037788 -0.050715 -0.494607
1305031913.433081 -0.808545 0.832710 1.506094 0.865887 -0.057671 -0.037271 -0.495504
1305031913.465231 -0.804912 0.828840 1.505128 0.864822 -0.081372 -0.021205 -0.494987
1305031913.497227 -0.801605 0.823823 1.503994 0.863517 -0.110386 -0.004422 -0.492071
1305031913.533297 -0.798510 0.817417 1.502824 0.862148 -0.138218 0.012808 -0.487271
1305031913.565261 -0.797314 0.811142 1.502414 0.860006 -0.161064 0.027602 -0.483411
1305031913.597139 -0.795374 0.804543 1.502369 0.853650 -0.182542 0.044301 -0.485795
1305031913.633293 -0.793747 0.795580 1.502462 0.850498 -0.204936 0.060645 -0.480600
1305031913.665421 -0.792204 0.787461 1.502400 0.847217 -0.229302 0.072574 -0.473684
1305031913.697243 -0.790790 0.778855 1.502932 0.843818 -0.254734 0.082757 -0.465008
1305031913.733097 -0.789292 0.768457 1.503708 0.840452 -0.279047 0.095595 -0.454571
1305031913.765028 -0.788234 0.758642 1.504721 0.837868 -0.300101 0.105540 -0.443597
1305031913.797106 -0.787572 0.748290 1.505852 0.835381 -0.320999 0.111671 -0.432004
1305031913.833143 -0.786618 0.735725 1.507446 0.830458 -0.342702 0.119447 -0.422643
1305031913.865063 -0.785789 0.723986 1.508723 0.823912 -0.362055 0.126404 -0.417261
1305031913.897116 -0.785248 0.711530 1.509728 0.817319 -0.382557 0.131822 -0.410198
1305031913.933123 -0.785264 0.697051 1.511045 0.810077 -0.400550 0.136952 -0.405683
1305031913.965134 -0.785131 0.683465 1.512113 0.804035 -0.413095 0.142420 -0.403234
1305031913.997116 -0.784552 0.669099 1.512748 0.796854 -0.429200 0.146891 -0.399041
1305031914.033441 -0.783982 0.651848 1.513679 0.786974 -0.447173 0.151352 -0.397242
1305031914.065072 -0.783090 0.636597 1.514110 0.780108 -0.460611 0.156067 -0.393589
1305031914.097126 -0.782095 0.620187 1.514653 0.774411 -0.471933 0.161252 -0.389313
1305031914.133245 -0.780490 0.600875 1.515474 0.767296 -0.484573 0.165540 -0.386061
1305031914.165013 -0.778779 0.582892 1.516276 0.760677 -0.494469 0.170650 -0.384382
1305031914.197110 -0.776943 0.564058 1.517052 0.755354 -0.502678 0.176146 -0.381743
1305031914.233108 -0.774411 0.541827 1.518680 0.746809 -0.511738 0.186611 -0.381544
1305031914.265074 -0.771754 0.521477 1.520023 0.739651 -0.516001 0.199606 -0.383167
1305031914.297165 -0.768887 0.500464 1.520877 0.736138 -0.517882 0.208309 -0.382762
1305031914.333148 -0.765535 0.476656 1.520691 0.737383 -0.518740 0.211842 -0.377225
1305031914.365058 -0.762544 0.455121 1.519778 0.740725 -0.517987 0.209937 -0.372751
1305031914.397215 -0.759783 0.432677 1.518769 0.744102 -0.517595 0.205381 -0.369088
1305031914.433060 -0.756825 0.406984 1.517965 0.746697 -0.516631 0.202582 -0.366739
1305031914.465054 -0.754811 0.383901 1.517544 0.748567 -0.516304 0.201219 -0.364128
1305031914.497127 -0.753119 0.360685 1.517224 0.751568 -0.513993 0.202812 -0.360311
1305031914.533107 -0.751456 0.334775 1.516900 0.755000 -0.511583 0.204231 -0.355733
1305031914.565001 -0.749982 0.312327 1.516945 0.757154 -0.508969 0.204911 -0.354513
1305031914.597122 -0.748294 0.290101 1.516371 0.760374 -0.506414 0.206607 -0.350272
1305031914.633055 -0.745951 0.265883 1.515593 0.764892 -0.504288 0.207992 -0.342599
1305031914.665019 -0.743614 0.244513 1.514845 0.766416 -0.505935 0.209433 -0.335819
1305031914.697129 -0.740927 0.224089 1.514400 0.766813 -0.506009 0.212626 -0.332781
1305031914.733078 -0.737371 0.201489 1.514228 0.767951 -0.503974 0.216726 -0.330592
1305031914.764901 -0.733757 0.182241 1.513639 0.769879 -0.504356 0.216626 -0.325552
1305031914.797119 -0.729786 0.163281 1.513300 0.772040 -0.504452 0.213264 -0.322493
1305031914.833133 -0.724968 0.142850 1.513808 0.774202 -0.501401 0.211078 -0.323503
1305031914.865128 -0.720508 0.124980 1.514667 0.777291 -0.496832 0.208310 -0.324935
1305031914.897188 -0.715920 0.107082 1.515631 0.778914 -0.494386 0.204404 -0.327253
1305031914.933099 -0.710508 0.087366 1.517148 0.780096 -0.488812 0.201241 -0.334688
1305031914.964978 -0.705414 0.069742 1.518164 0.782046 -0.483598 0.198800 -0.339141
1305031914.997078 -0.699999 0.051637 1.518777 0.783000 -0.481952 0.196504 -0.340617
1305031915.033152 -0.693543 0.031382 1.519137 0.783847 -0.479387 0.192937 -0.344306
1305031915.065009 -0.687637 0.013223 1.519300 0.784623 -0.477529 0.190712 -0.346354
1305031915.097024 -0.681646 -0.005013 1.519626 0.787169 -0.472130 0.190379 -0.348159
1305031915.133208 -0.674351 -0.025598 1.519950 0.789838 -0.462612 0.193606 -0.353076
1305031915.165021 -0.667850 -0.043576 1.520874 0.793110 -0.452807 0.197095 -0.356506
1305031915.197108 -0.660474 -0.061284 1.521804 0.795895 -0.440716 0.200775 -0.363332
1305031915.233111 -0.651153 -0.080850 1.522672 0.800118 -0.430521 0.200726 -0.366294
1305031915.264979 -0.641988 -0.098028 1.523610 0.804371 -0.421758 0.198741 -0.368252
1305031915.297152 -0.632288 -0.114943 1.524805 0.808582 -0.412909 0.192784 -0.372203
1305031915.333207 -0.620440 -0.133391 1.526122 0.813582 -0.402160 0.184482 -0.377251
1305031915.365050 -0.609502 -0.149464 1.527933 0.818509 -0.391800 0.177444 -0.380853
1305031915.397167 -0.597717 -0.165257 1.529937 0.823275 -0.381844 0.170659 -0.383781
1305031915.432960 -0.584689 -0.182226 1.532711 0.829499 -0.366869 0.164286 -0.387749
1305031915.464920 -0.573249 -0.197093 1.535588 0.836789 -0.348705 0.160592 -0.390383
1305031915.497121 -0.561551 -0.211698 1.538100 0.844590 -0.331698 0.153274 -0.391345
1305031915.533058 -0.548519 -0.228001 1.541020 0.850719 -0.317149 0.145041 -0.393265
1305031915.564985 -0.536661 -0.242213 1.543794 0.855322 -0.303641 0.142964 -0.394700
1305031915.601161 -0.522319 -0.258014 1.547149 0.859801 -0.290402 0.145974 -0.393828
1305031915.633062 -0.509311 -0.271632 1.549821 0.861884 -0.284468 0.149386 -0.392324
1305031915.665003 -0.496326 -0.284919 1.552388 0.862506 -0.278785 0.151680 -0.394151
1305031915.701106 -0.481491 -0.299578 1.554691 0.863735 -0.271835 0.150762 -0.396659
1305031915.733046 -0.468461 -0.311664 1.556005 0.866175 -0.264208 0.143034 -0.399346
1305031915.765010 -0.455451 -0.322884 1.556345 0.870995 -0.254234 0.128914 -0.400142
1305031915.801243 -0.440834 -0.335702 1.556482 0.875160 -0.241662 0.114035 -0.403350
1305031915.833049 -0.427574 -0.346171 1.556029 0.877505 -0.226954 0.104668 -0.409294
1305031915.865069 -0.414072 -0.356359 1.555089 0.882458 -0.212946 0.094837 -0.408567
1305031915.901234 -0.398129 -0.367225 1.553865 0.886955 -0.197385 0.084461 -0.408921
1305031915.933056 -0.383906 -0.376418 1.552564 0.890777 -0.187153 0.077320 -0.406831
1305031915.965061 -0.369042 -0.385913 1.551789 0.892213 -0.179110 0.072433 -0.408201
1305031916.001234 -0.352102 -0.396555 1.550631 0.894454 -0.168075 0.069942 -0.408425
1305031916.033043 -0.337406 -0.406363 1.549800 0.897405 -0.157315 0.068505 -0.406477
1305031916.065060 -0.322723 -0.417027 1.550575 0.894126 -0.145421 0.070097 -0.417705
1305031916.101115 -0.306496 -0.429566 1.552577 0.886626 -0.131919 0.069671 -0.437766
1305031916.133093 -0.292083 -0.440965 1.554587 0.877416 -0.120002 0.064919 -0.459919
1305031916.165155 -0.277612 -0.452079 1.556839 0.869182 -0.106922 0.057702 -0.479334
1305031916.201031 -0.261733 -0.463685 1.558576 0.865648 -0.092801 0.043685 -0.490033
1305031916.233050 -0.247418 -0.474095 1.560681 -0.860825 0.081634 -0.035319 0.501067
1305031916.265060 -0.232842 -0.484224 1.563456 -0.854567 0.068422 -0.033601 0.513716
1305031916.301076 -0.216791 -0.493973 1.567521 -0.847470 0.055214 -0.033049 0.526928
1305031916.333426 -0.202626 -0.503196 1.572018 -0.840688 0.045783 -0.035578 0.538406
1305031916.365121 -0.189241 -0.511578 1.577137 -0.832399 0.036778 -0.042633 0.551309
1305031916.401006 -0.174560 -0.519955 1.583970 -0.823975 0.032258 -0.051185 0.563387
1305031916.433168 -0.162091 -0.526743 1.590643 -0.816339 0.032395 -0.053837 0.574145
1305031916.465124 -0.150119 -0.532869 1.597325 -0.808628 0.031887 -0.052994 0.585060
1305031916.501025 -0.137082 -0.538829 1.603959 -0.801152 0.028702 -0.047219 0.595905
1305031916.533266 -0.125741 -0.543481 1.609293 -0.792713 0.023459 -0.038688 0.607914
1305031916.565142 -0.114469 -0.547121 1.613777 -0.783688 0.016489 -0.029906 0.620215
1305031916.601238 -0.101268 -0.549988 1.617458 -0.779304 0.008031 -0.019003 0.626306
1305031916.633156 -0.089411 -0.551483 1.620056 -0.773353 0.001778 -0.009505 0.633901
1305031916.665139 -0.076319 -0.551756 1.622038 -0.767102 -0.004740 -0.003949 0.641495
1305031916.701048 -0.061256 -0.550941 1.623573 -0.759962 -0.010949 0.000107 0.649875
1305031916.733056 -0.046794 -0.548986 1.624740 -0.754475 -0.017288 0.005398 0.656079
1305031916.765076 -0.032124 -0.546175 1.626035 -0.748274 -0.020413 0.012738 0.662954
1305031916.801088 -0.015654 -0.543157 1.627564 -0.739716 -0.022075 0.021150 0.672225
1305031916.833266 -0.000805 -0.540148 1.628888 -0.732891 -0.025214 0.027753 0.679312
1305031916.865085 0.013426 -0.536736 1.630495 -0.727158 -0.028763 0.034665 0.684991
1305031916.901017 0.028984 -0.532751 1.632809 -0.718626 -0.032255 0.043694 0.693273
1305031916.933088 0.042407 -0.529105 1.635559 -0.710839 -0.034923 0.051102 0.700626
1305031916.965054 0.055449 -0.525349 1.638961 -0.704531 -0.037585 0.056236 0.706443
1305031917.001132 0.069326 -0.521135 1.643747 -0.696586 -0.039530 0.063193 0.713591
1305031917.033155 0.080892 -0.518405 1.648791 -0.685964 -0.041057 0.068478 0.723242
1305031917.065136 0.092144 -0.516159 1.654209 -0.673443 -0.044865 0.070856 0.734466
1305031917.101130 0.104338 -0.513802 1.660061 -0.660879 -0.051361 0.070351 0.745420
1305031917.133106 0.114890 -0.512192 1.665241 -0.648504 -0.055353 0.068865 0.756066
1305031917.165045 0.125064 -0.510889 1.670387 -0.634622 -0.056956 0.068745 0.767649
1305031917.201175 0.136345 -0.508959 1.676099 -0.621223 -0.057867 0.068137 0.778518
1305031917.233102 0.146117 -0.507192 1.680804 -0.612517 -0.056550 0.068582 0.785443
1305031917.265163 0.156012 -0.505473 1.685693 -0.601958 -0.055830 0.071140 0.793390
1305031917.301107 0.167141 -0.503399 1.690369 -0.593432 -0.057603 0.074320 0.799373
1305031917.333229 0.177431 -0.501239 1.693436 -0.591092 -0.059523 0.077783 0.800636
1305031917.365138 0.187861 -0.498593 1.695169 -0.590397 -0.062451 0.081663 0.800539
1305031917.401065 0.200138 -0.495489 1.694953 -0.594217 -0.065697 0.085129 0.797085
1305031917.433141 0.211574 -0.492672 1.693182 -0.600545 -0.066963 0.087518 0.791961
1305031917.465076 0.223663 -0.489542 1.689775 -0.609572 -0.066844 0.089090 0.784868
1305031917.501158 0.237468 -0.485924 1.683648 -0.625118 -0.067649 0.091065 0.772242
1305031917.533057 0.250058 -0.483115 1.676982 -0.635443 -0.070543 0.091296 0.763479
1305031917.565195 0.263474 -0.480297 1.669662 -0.645630 -0.076352 0.090372 0.754430
1305031917.601069 0.278997 -0.478205 1.660804 -0.659279 -0.083007 0.092380 0.741571
1305031917.633090 0.293381 -0.476681 1.652787 -0.669215 -0.087836 0.095017 0.731716
1305031917.665060 0.308366 -0.475188 1.644899 -0.676900 -0.091822 0.098019 0.723717
1305031917.701096 0.324850 -0.474500 1.636133 -0.687069 -0.094192 0.104631 0.712822
1305031917.733003 0.339776 -0.474635 1.628494 -0.695910 -0.097120 0.111105 0.702803
1305031917.765114 0.354782 -0.474644 1.621065 -0.706541 -0.100226 0.117949 0.690538
1305031917.801048 0.371328 -0.475031 1.612775 -0.721491 -0.102440 0.125048 0.673290
1305031917.833090 0.385544 -0.475672 1.605910 -0.733031 -0.106375 0.131075 0.658915
1305031917.865107 0.399711 -0.476314 1.599002 -0.744888 -0.111455 0.134884 0.643838
1305031917.901060 0.415593 -0.476800 1.591801 -0.757728 -0.115975 0.135480 0.627729
1305031917.932948 0.430097 -0.477471 1.585661 -0.771891 -0.120166 0.137525 0.608959
1305031917.965346 0.444573 -0.478000 1.580085 -0.784017 -0.125046 0.138946 0.591925
1305031918.001098 0.460926 -0.477600 1.574109 -0.792900 -0.129177 0.138935 0.579069
1305031918.033144 0.475320 -0.477326 1.568337 -0.802680 -0.137017 0.138855 0.563605
1305031918.065137 0.490206 -0.476644 1.562585 -0.809365 -0.147438 0.138060 0.551479
1305031918.101060 0.507149 -0.476553 1.556435 -0.813270 -0.158253 0.140684 0.541993
1305031918.133054 0.522362 -0.475624 1.550901 -0.818389 -0.168714 0.141663 0.530760
1305031918.165017 0.538800 -0.474126 1.545525 -0.823220 -0.174615 0.140848 0.521517
1305031918.201086 0.558004 -0.471889 1.539115 -0.827885 -0.178990 0.139792 0.512862
1305031918.233042 0.575676 -0.469036 1.532735 -0.833560 -0.184553 0.137497 0.502208
1305031918.265256 0.593955 -0.465497 1.525812 0.838751 0.190567 -0.133418 -0.492322
1305031918.301124 0.614558 -0.460989 1.517094 0.845766 0.198800 -0.127988 -0.478307
1305031918.333165 0.633884 -0.456108 1.509212 0.851363 0.206553 -0.121483 -0.466646
1305031918.365072 0.653526 -0.450489 1.501496 0.855319 0.211306 -0.115958 -0.458621
1305031918.401030 0.676064 -0.443079 1.492717 0.861855 0.215996 -0.108447 -0.445859
1305031918.433043 0.696704 -0.435626 1.484762 0.868301 0.219223 -0.102006 -0.433116
1305031918.465089 0.717774 -0.427848 1.477561 0.872802 0.220450 -0.096233 -0.424686
1305031918.501125 0.742262 -0.418739 1.470193 0.875901 0.221485 -0.088124 -0.419494
1305031918.533134 0.763996 -0.409836 1.464376 0.878450 0.222979 -0.083195 -0.414348
1305031918.565018 0.785608 -0.399858 1.459057 0.882281 0.223189 -0.079707 -0.406711
1305031918.601029 0.809404 -0.388921 1.454561 0.884316 0.223135 -0.077437 -0.402739
1305031918.633027 0.829887 -0.379142 1.451953 0.885773 0.227300 -0.075694 -0.397507
1305031918.665112 0.850141 -0.369386 1.450272 0.886573 0.232754 -0.075385 -0.392595
1305031918.701017 0.871854 -0.358547 1.449732 0.887613 0.237087 -0.077816 -0.387139
1305031918.732948 0.890600 -0.349466 1.450134 0.887528 0.242125 -0.078128 -0.384143
1305031918.765151 0.909411 -0.340245 1.451128 0.884504 0.252241 -0.073301 -0.385558
1305031918.801097 0.929950 -0.330008 1.452668 0.880016 0.265934 -0.064992 -0.388107
1305031918.833123 0.947454 -0.320994 1.454147 0.876004 0.276851 -0.060694 -0.390240
1305031918.865115 0.964142 -0.311916 1.455740 0.870725 0.290460 -0.058074 -0.392553
1305031918.901084 0.982145 -0.301525 1.457579 0.863440 0.307656 -0.057942 -0.395553
1305031918.933071 0.996972 -0.292110 1.459009 0.856833 0.323325 -0.061163 -0.396935
1305031918.965058 1.011370 -0.282516 1.459912 0.849789 0.339861 -0.063595 -0.397880
1305031919.001053 1.026852 -0.271403 1.460284 0.841706 0.356774 -0.068240 -0.399483
1305031919.033082 1.040195 -0.260897 1.459591 0.835642 0.370663 -0.074455 -0.398457
1305031919.065147 1.053296 -0.250061 1.458229 0.830306 0.384555 -0.080557 -0.395247
1305031919.101028 1.068045 -0.237552 1.456503 0.823246 0.399598 -0.086326 -0.393873
1305031919.133133 1.080868 -0.226316 1.454443 0.817657 0.411120 -0.090862 -0.392635
1305031919.165110 1.094041 -0.215301 1.452500 0.812927 0.422605 -0.095543 -0.389135
1305031919.201124 1.109073 -0.203726 1.450085 0.806870 0.437452 -0.101793 -0.383712
1305031919.233093 1.122372 -0.193703 1.447881 0.797295 0.453249 -0.110288 -0.383045
1305031919.265125 1.136494 -0.184413 1.446173 0.786789 0.471033 -0.117448 -0.381178
1305031919.301119 1.153191 -0.174019 1.445266 0.775948 0.485830 -0.127452 -0.381615
1305031919.333120 1.168486 -0.165296 1.444588 0.768112 0.496579 -0.137980 -0.379967
1305031919.364948 1.184159 -0.156939 1.444246 0.761692 0.507914 -0.145448 -0.375092
1305031919.401124 1.202565 -0.147752 1.444652 0.754076 0.518457 -0.155114 -0.372171
1305031919.433256 1.219367 -0.140175 1.445516 0.747951 0.528279 -0.162571 -0.367507
1305031919.465070 1.236019 -0.132696 1.447367 0.742221 0.537289 -0.166957 -0.364080
1305031919.501049 1.254641 -0.124004 1.450548 0.738396 0.543315 -0.170476 -0.361272
1305031919.533110 1.271315 -0.116161 1.454631 0.735083 0.546007 -0.172301 -0.363101
1305031919.565165 1.287354 -0.107859 1.459713 0.730982 0.548825 -0.175098 -0.365784
1305031919.601094 1.304696 -0.097492 1.466239 0.727267 0.551901 -0.179895 -0.366231
1305031919.633127 1.319412 -0.087628 1.472733 0.721382 0.554196 -0.188354 -0.370132
1305031919.665042 1.332779 -0.076733 1.479017 0.716907 0.554863 -0.196217 -0.373725
1305031919.701092 1.346675 -0.063540 1.486021 0.713629 0.554147 -0.200271 -0.378875
1305031919.733117 1.357615 -0.051250 1.492069 0.709626 0.552344 -0.204735 -0.386563
1305031919.765060 1.366576 -0.038647 1.497077 0.706876 0.551760 -0.212026 -0.388500
1305031919.801129 1.374796 -0.023876 1.501914 0.702187 0.551898 -0.226506 -0.388634
1305031919.833072 1.379841 -0.009948 1.505567 0.697849 0.554598 -0.241391 -0.383612
1305031919.865180 1.383020 0.004401 1.508778 0.695785 0.557396 -0.255208 -0.374249
1305031919.901067 1.385495 0.020644 1.512558 0.692515 0.557137 -0.268801 -0.371171
1305031919.933102 1.386711 0.035603 1.515159 0.690135 0.555886 -0.279814 -0.369335
1305031919.965129 1.387015 0.050435 1.516886 0.688938 0.553222 -0.290151 -0.367590
1305031920.001054 1.386551 0.066770 1.517916 0.685103 0.550545 -0.303946 -0.367628
1305031920.033118 1.385508 0.081418 1.517590 0.681655 0.551612 -0.316519 -0.361781
1305031920.065136 1.383656 0.096139 1.516785 0.676925 0.552756 -0.329809 -0.357015
1305031920.101055 1.380874 0.112654 1.515221 0.670745 0.554238 -0.342759 -0.354172
1305031920.132987 1.377642 0.127555 1.513189 0.666809 0.556572 -0.350046 -0.350801
1305031920.165140 1.373511 0.142740 1.510941 0.663700 0.557689 -0.354703 -0.350244
1305031920.201166 1.368517 0.159930 1.508176 0.664736 0.558502 -0.351621 -0.350092
1305031920.233083 1.363617 0.174677 1.506145 0.667350 0.553946 -0.348880 -0.355065
1305031920.265120 1.358542 0.189274 1.504357 0.669913 0.547837 -0.345962 -0.362493
1305031920.301096 1.352695 0.204846 1.502632 0.676517 0.538396 -0.339491 -0.370405
1305031920.333124 1.346579 0.218427 1.501588 0.682404 0.526440 -0.336645 -0.379282
1305031920.365130 1.341022 0.231526 1.500687 0.691109 0.514391 -0.330151 -0.385707
1305031920.401115 1.334908 0.245752 1.500217 0.699446 0.500589 -0.322972 -0.394811
1305031920.433123 1.329704 0.257440 1.500612 0.705334 0.488946 -0.317093 -0.403594
1305031920.465148 1.324689 0.268164 1.501728 0.709427 0.479178 -0.312290 -0.411796
1305031920.501107 1.319397 0.279390 1.503935 0.712123 0.469075 -0.307954 -0.421916
1305031920.533105 1.314844 0.288674 1.506496 0.713835 0.462306 -0.304751 -0.428766
1305031920.565153 1.309895 0.297811 1.509475 0.713666 0.457452 -0.304338 -0.434507
1305031920.601126 1.304744 0.307896 1.513405 0.714589 0.450115 -0.303864 -0.440938
1305031920.633105 1.300367 0.317037 1.517045 0.716609 0.440085 -0.303830 -0.447755
1305031920.665129 1.297933 0.326402 1.520767 0.724566 0.427572 -0.295376 -0.452703
1305031920.701147 1.295221 0.336821 1.524637 0.731732 0.408922 -0.285863 -0.464363
1305031920.733091 1.293615 0.346170 1.528569 0.735430 0.392970 -0.277915 -0.476950
1305031920.765152 1.292239 0.355151 1.531738 0.739346 0.377313 -0.269086 -0.488462
1305031920.801031 1.291371 0.364458 1.536200 0.745026 0.361640 -0.258355 -0.497398
1305031920.833132 1.290618 0.372853 1.540545 -0.747829 -0.351438 0.251062 0.504194
1305031920.865163 1.290042 0.381771 1.545322 -0.750080 -0.340657 0.244613 0.511367
1305031920.901037 1.290200 0.392407 1.551278 -0.753892 -0.326753 0.238491 0.517689
1305031920.933077 1.290036 0.402201 1.556655 -0.760004 -0.313164 0.232359 0.519934
1305031920.965217 1.290200 0.412485 1.562437 -0.765686 -0.301029 0.224177 0.522351
1305031921.001108 1.290617 0.424564 1.568907 -0.770524 -0.288108 0.214916 0.526401
1305031921.033111 1.291536 0.435404 1.574420 -0.773633 -0.278869 0.205968 0.530379
1305031921.065147 1.292115 0.446254 1.579619 -0.778471 -0.272451 0.195551 0.530578
1305031921.101105 1.292468 0.458563 1.585039 -0.783243 -0.263228 0.187506 0.531114
1305031921.133159 1.293475 0.468778 1.589426 -0.789863 -0.257714 0.176299 0.527844
1305031921.165116 1.293457 0.479354 1.593236 -0.794835 -0.252647 0.165690 0.526264
1305031921.201159 1.294784 0.490303 1.597801 -0.797617 -0.248155 0.152724 0.528111
1305031921.233189 1.296152 0.499837 1.602130 -0.798552 -0.242613 0.143396 0.531876
1305031921.265164 1.297871 0.508998 1.606542 -0.798594 -0.237455 0.136107 0.536039
1305031921.301188 1.300391 0.519110 1.611413 -0.799812 -0.232745 0.131206 0.537509
1305031921.333158 1.302801 0.527877 1.615551 -0.801523 -0.225651 0.129001 0.538518
1305031921.365112 1.305457 0.536328 1.619543 -0.803534 -0.219673 0.127215 0.538418
1305031921.401108 1.308529 0.545302 1.624093 -0.805622 -0.212235 0.123101 0.539236
1305031921.433143 1.311099 0.553473 1.628087 -0.807361 -0.203808 0.119467 0.540702
1305031921.465014 1.313846 0.561381 1.631857 -0.810279 -0.193218 0.116787 0.540810
1305031921.501096 1.316836 0.570207 1.635870 -0.813345 -0.180997 0.111221 0.541609
1305031921.533099 1.319632 0.577964 1.639096 -0.815934 -0.170643 0.102922 0.542715
1305031921.565119 1.322415 0.585815 1.642058 -0.815644 -0.158524 0.094540 0.548321
1305031921.601114 1.325971 0.594680 1.644703 -0.816859 -0.147252 0.084286 0.551320
1305031921.633107 1.329556 0.603327 1.646448 -0.820681 -0.134177 0.074505 0.550389
1305031921.665162 1.333534 0.611556 1.647730 -0.824494 -0.117579 0.063297 0.549890
1305031921.701068 1.337798 0.620529 1.648917 -0.827496 -0.100270 0.047372 0.550411
1305031921.733068 1.341408 0.629217 1.649582 -0.830278 -0.083296 0.031031 0.550216
1305031921.765060 1.344183 0.637392 1.649834 -0.832415 -0.068746 0.016380 0.549628
1305031921.801034 1.346346 0.646618 1.649084 -0.835481 -0.057159 0.004560 0.546520
1305031921.833122 1.348186 0.654879 1.648388 -0.838880 -0.049532 -0.001607 0.542055
1305031921.865148 1.348972 0.662680 1.647685 -0.839628 -0.043481 -0.005147 0.541394
1305031921.901117 1.349817 0.671912 1.646548 -0.841653 -0.036853 -0.011812 0.538630
1305031921.933132 1.350073 0.679515 1.645454 -0.844644 -0.028565 -0.018068 0.534261
1305031921.965107 1.350443 0.687270 1.644586 -0.844906 -0.016846 -0.025370 0.534047
1305031922.001101 1.349933 0.695620 1.643983 -0.846447 -0.003112 -0.035804 0.531259
1305031922.033170 1.349074 0.702722 1.643538 -0.849002 0.007491 -0.045100 0.526407
1305031922.065166 1.347254 0.708669 1.643527 -0.854063 0.019945 -0.052168 0.517163
1305031922.101032 1.344386 0.716192 1.642300 -0.846963 0.029244 -0.058630 0.527599
1305031922.133245 1.342746 0.723861 1.642062 -0.844223 0.035622 -0.063468 0.531028
1305031922.165062 1.340639 0.730303 1.641896 -0.843416 0.043027 -0.068841 0.531092
1305031922.201057 1.337043 0.734170 1.643087 -0.851671 0.053860 -0.076098 0.515718
1305031922.233248 1.333457 0.738548 1.642824 -0.852871 0.061755 -0.084194 0.511575
1305031922.265183 1.329664 0.742778 1.642142 -0.853928 0.069330 -0.091373 0.507593
1305031922.301137 1.325744 0.747061 1.640796 -0.856674 0.076831 -0.100609 0.500084
1305031922.333215 1.322442 0.750781 1.638971 0.857714 -0.083650 0.110808 -0.495026
1305031922.365143 1.318931 0.754112 1.636902 0.858765 -0.088609 0.117180 -0.490857
1305031922.401139 1.315728 0.757555 1.633945 0.859927 -0.095750 0.124399 -0.485678
1305031922.433086 1.312879 0.760132 1.630905 0.862446 -0.103463 0.131300 -0.477747
1305031922.465219 1.310516 0.762841 1.628189 0.863166 -0.108538 0.136742 -0.473779
1305031922.501312 1.307947 0.765734 1.624847 0.864161 -0.115744 0.142196 -0.468624
1305031922.533139 1.305964 0.768162 1.622064 0.866118 -0.121824 0.145575 -0.462392
1305031922.565031 1.304418 0.770238 1.619250 0.866631 -0.124964 0.150983 -0.458846
1305031922.601111 1.303049 0.772103 1.616263 0.867773 -0.131006 0.159271 -0.452151
1305031922.633085 1.302064 0.773773 1.613708 0.868138 -0.134688 0.163542 -0.448831
1305031922.665318 1.302159 0.774678 1.611327 0.867750 -0.138744 0.170072 -0.445909
1305031922.701355 1.302675 0.775175 1.608988 0.866459 -0.147060 0.178279 -0.442536
1305031922.733235 1.303614 0.775462 1.607586 0.863641 -0.153220 0.183102 -0.443983
1305031922.765373 1.304699 0.774940 1.606721 0.860804 -0.161417 0.187460 -0.444769
1305031922.801220 1.306573 0.774327 1.605564 0.857724 -0.170334 0.191870 -0.445512
1305031922.833262 1.308609 0.773123 1.604984 0.855254 -0.177287 0.197148 -0.445245
1305031922.865045 1.310582 0.771974 1.604487 0.851538 -0.185295 0.203382 -0.446300
1305031922.901109 1.313137 0.770149 1.604283 0.848506 -0.191773 0.209475 -0.446521
1305031922.933136 1.315862 0.768413 1.603788 0.846479 -0.197023 0.214100 -0.445889
1305031922.965220 1.318466 0.766376 1.603025 0.844982 -0.202809 0.215637 -0.445392
1305031923.001054 1.321749 0.764068 1.602167 0.844480 -0.207447 0.216949 -0.443568
1305031923.033184 1.324878 0.761735 1.601462 0.843314 -0.214028 0.219225 -0.441536
1305031923.065085 1.327898 0.759245 1.600843 0.841558 -0.218736 0.219952 -0.442217
1305031923.101056 1.331415 0.756384 1.600267 0.840153 -0.223616 0.223366 -0.440734
1305031923.133238 1.334522 0.753516 1.599685 0.838720 -0.228875 0.226967 -0.438920
1305031923.165168 1.337277 0.750481 1.599400 0.835012 -0.232417 0.231813 -0.441588
1305031923.201181 1.340125 0.746804 1.599800 0.829446 -0.235184 0.239526 -0.446469
1305031923.233162 1.342963 0.743311 1.599487 0.825347 -0.240545 0.246281 -0.447534
1305031923.265159 1.346076 0.739294 1.598170 0.823030 -0.249845 0.249678 -0.444815
1305031923.301183 1.349160 0.734450 1.596829 0.820538 -0.260869 0.251341 -0.442145
1305031923.333169 1.351802 0.729559 1.595649 0.818145 -0.268799 0.252659 -0.441078
1305031923.365230 1.354611 0.723667 1.594524 0.817712 -0.277323 0.254046 -0.435775
1305031923.401139 1.358004 0.716374 1.593070 0.816479 -0.289428 0.254392 -0.429975
1305031923.433112 1.361094 0.708981 1.592774 0.813054 -0.299540 0.256163 -0.428486
1305031923.465290 1.363854 0.700924 1.593570 0.809379 -0.308777 0.258655 -0.427388
1305031923.501145 1.366604 0.690916 1.595738 0.801376 -0.314968 0.264297 -0.434440
1305031923.533199 1.368352 0.681422 1.598366 0.796368 -0.319008 0.267404 -0.438780
1305031923.565198 1.369632 0.670987 1.600806 0.791867 -0.323466 0.268501 -0.442972
1305031923.601069 1.370450 0.658199 1.603934 0.787966 -0.327540 0.268955 -0.446643
1305031923.633244 1.370900 0.645786 1.606446 0.785508 -0.333368 0.267375 -0.447609
1305031923.665141 1.370843 0.632718 1.609044 0.781590 -0.339014 0.266436 -0.450776
1305031923.701144 1.370365 0.617485 1.611587 0.777902 -0.342212 0.267767 -0.453939
1305031923.733145 1.369275 0.603727 1.613325 0.776433 -0.345822 0.267336 -0.453972
1305031923.765175 1.367869 0.589759 1.615089 0.773982 -0.346348 0.270040 -0.456150
1305031923.801150 1.366125 0.574113 1.616470 0.774934 -0.347807 0.272311 -0.452057
1305031923.833045 1.363415 0.560243 1.617595 0.773118 -0.349706 0.273718 -0.452850
1305031923.865161 1.360324 0.545608 1.618573 0.770934 -0.345747 0.276946 -0.457625
1305031923.901121 1.356439 0.529326 1.618915 0.769449 -0.340469 0.282752 -0.460522
1305031923.933140 1.352963 0.514480 1.618725 0.769505 -0.336296 0.287830 -0.460349
1305031923.965198 1.350283 0.499602 1.617470 0.771874 -0.335651 0.290320 -0.455261
1305031924.001096 1.347423 0.482426 1.616484 0.771597 -0.335818 0.293210 -0.453753
1305031924.033250 1.345031 0.467052 1.615885 0.767422 -0.334112 0.298936 -0.458334
1305031924.065224 1.343309 0.452063 1.614192 0.766895 -0.337359 0.300643 -0.455712
1305031924.101175 1.341293 0.435537 1.611893 0.768223 -0.339572 0.300146 -0.452146
1305031924.133285 1.339367 0.421252 1.610545 0.767620 -0.336046 0.302535 -0.454208
1305031924.165591 1.337272 0.407010 1.608694 0.769958 -0.335294 0.301244 -0.451658
1305031924.201130 1.334960 0.391714 1.607183 0.771157 -0.331040 0.299537 -0.453880
1305031924.233238 1.332327 0.377445 1.606222 0.773052 -0.326588 0.297827 -0.455005
1305031924.265335 1.329825 0.363389 1.605222 0.774785 -0.324378 0.295119 -0.455403
1305031924.301099 1.326630 0.347201 1.604049 0.776521 -0.323528 0.292008 -0.455056
1305031924.333113 1.323354 0.332929 1.603089 0.778593 -0.322153 0.288864 -0.454498
1305031924.365169 1.319292 0.318762 1.602385 0.781190 -0.317819 0.285703 -0.455090
1305031924.401095 1.314782 0.303529 1.601366 0.783420 -0.312357 0.280938 -0.457995
1305031924.433069 1.310376 0.290532 1.600663 0.785432 -0.309944 0.276533 -0.458870
1305031924.465394 1.305401 0.277922 1.600540 0.786661 -0.304142 0.274261 -0.462000
1305031924.501116 1.300025 0.264665 1.600500 0.788040 -0.297433 0.270011 -0.466498
1305031924.533245 1.295162 0.253054 1.600538 0.789057 -0.292971 0.263155 -0.471494
1305031924.565264 1.290896 0.242048 1.600717 0.789507 -0.286697 0.255859 -0.478560
1305031924.601161 1.286963 0.230112 1.600489 0.788742 -0.282650 0.249859 -0.485352
1305031924.633221 1.283418 0.219477 1.600085 0.785961 -0.281155 0.246178 -0.492558
1305031924.665187 1.280670 0.209316 1.599065 -0.783466 0.277732 -0.242837 0.500076
1305031924.701168 1.277660 0.197957 1.597530 -0.781332 0.274708 -0.239896 0.506464
1305031924.733166 1.275336 0.187995 1.595836 -0.778867 0.271230 -0.238617 0.512701
1305031924.765170 1.272996 0.177869 1.593265 -0.777512 0.270089 -0.237985 0.515646
1305031924.801057 1.270668 0.166873 1.590453 -0.777202 0.270603 -0.238576 0.515570
1305031924.833187 1.267771 0.157514 1.587486 -0.775291 0.270445 -0.240102 0.517818
1305031924.865165 1.264824 0.148086 1.583608 -0.776718 0.271330 -0.239796 0.515350
1305031924.901110 1.260995 0.137821 1.578778 -0.780204 0.269925 -0.236594 0.512294
1305031924.933186 1.256834 0.128712 1.574634 -0.780497 0.266366 -0.234422 0.514704
1305031924.969060 1.252044 0.118588 1.570041 -0.780715 0.263016 -0.232986 0.516744
1305031925.001103 1.246893 0.109289 1.566196 -0.780924 0.259156 -0.231487 0.519046
1305031925.033148 1.241870 0.100554 1.562659 -0.779042 0.256834 -0.231564 0.522979
1305031925.069090 1.236043 0.090583 1.559625 -0.776816 0.253228 -0.233370 0.527230
1305031925.101107 1.231544 0.082139 1.556963 -0.776064 0.251883 -0.233076 0.529108
1305031925.133209 1.226529 0.073510 1.554233 -0.780613 0.254751 -0.228189 0.523139
1305031925.169080 1.221045 0.063886 1.551822 -0.781827 0.253526 -0.224622 0.523466
1305031925.201117 1.215625 0.055654 1.549863 -0.781430 0.249589 -0.222922 0.526667
1305031925.233193 1.210138 0.046649 1.547211 -0.784157 0.246728 -0.220662 0.524912
1305031925.269164 1.203942 0.037166 1.543822 -0.786278 0.241337 -0.219105 0.524895
1305031925.301283 1.198399 0.027792 1.540055 -0.789292 0.238147 -0.218378 0.522126
1305031925.333142 1.193168 0.018546 1.535503 -0.792134 0.235928 -0.218228 0.518881
1305031925.369107 1.187247 0.007394 1.529750 -0.795774 0.231039 -0.218686 0.515306
1305031925.401456 1.182412 -0.003020 1.524492 -0.797862 0.227053 -0.219697 0.513416
1305031925.433406 1.178279 -0.013682 1.519459 -0.797654 0.223712 -0.219133 0.515443
1305031925.469099 1.174530 -0.026393 1.513945 -0.795211 0.224363 -0.221366 0.517975
1305031925.501267 1.171769 -0.038528 1.509439 -0.790696 0.227523 -0.225941 0.521521
1305031925.533321 1.169965 -0.051108 1.505390 -0.785213 0.232552 -0.230547 0.525555
1305031925.569132 1.168503 -0.065435 1.501218 -0.780798 0.240155 -0.232889 0.527676
1305031925.601218 1.168100 -0.078327 1.497582 -0.777564 0.246052 -0.236215 0.528257
1305031925.633430 1.168440 -0.090972 1.493676 -0.775604 0.251046 -0.239122 0.527480
1305031925.669137 1.169197 -0.104601 1.489036 -0.775805 0.256196 -0.238616 0.524931
1305031925.701322 1.170096 -0.116473 1.484569 -0.776406 0.257053 -0.236700 0.524491
1305031925.733167 1.171451 -0.128118 1.480235 -0.777545 0.258171 -0.235007 0.523013
1305031925.769246 1.173491 -0.140846 1.475220 -0.778602 0.263771 -0.233009 0.519529
1305031925.801208 1.175208 -0.152351 1.470429 -0.781042 0.268225 -0.232499 0.513783
1305031925.833148 1.177114 -0.163972 1.465729 -0.784306 0.274785 -0.232456 0.505293
1305031925.869197 1.179090 -0.176529 1.460526 0.786375 -0.281458 0.233190 -0.498015
1305031925.901176 1.180537 -0.188724 1.455959 0.787718 -0.288764 0.233963 -0.491302
1305031925.933170 1.181100 -0.201008 1.452048 0.788801 -0.296849 0.231857 -0.485711
1305031925.969198 1.181300 -0.215019 1.447624 0.791885 -0.303364 0.228619 -0.478143
1305031926.001186 1.181044 -0.227628 1.444395 0.793006 -0.308964 0.225764 -0.474040
1305031926.033156 1.180150 -0.240440 1.441462 0.793015 -0.314305 0.222718 -0.471949
1305031926.069077 1.178616 -0.255068 1.438423 0.793991 -0.320059 0.220995 -0.467229
1305031926.101106 1.176498 -0.268399 1.436215 0.793400 -0.323358 0.223576 -0.464725
1305031926.133181 1.174273 -0.281926 1.434473 0.792817 -0.326258 0.226759 -0.462145
1305031926.169101 1.171227 -0.297865 1.432412 0.793109 -0.333327 0.228792 -0.455550
1305031926.201141 1.168626 -0.312101 1.431030 0.789538 -0.338247 0.233511 -0.455731
1305031926.233134 1.165589 -0.326718 1.429751 0.788530 -0.342374 0.237149 -0.452505
1305031926.269135 1.162124 -0.342983 1.428608 0.787590 -0.347157 0.241458 -0.448199
1305031926.301054 1.158835 -0.357844 1.428300 0.785519 -0.351389 0.246753 -0.445644
1305031926.333164 1.155424 -0.372494 1.428575 0.782610 -0.358146 0.252911 -0.441916
1305031926.369064 1.151144 -0.388749 1.429683 0.779014 -0.365324 0.259743 -0.438416
1305031926.401166 1.147070 -0.402642 1.431206 0.775493 -0.371865 0.264761 -0.436152
1305031926.433155 1.142793 -0.415717 1.433066 0.772103 -0.378833 0.269372 -0.433337
1305031926.469090 1.137840 -0.429679 1.435678 0.766386 -0.386641 0.275436 -0.432778
1305031926.501075 1.132549 -0.441486 1.438551 0.762475 -0.396590 0.278855 -0.428472
1305031926.533176 1.127558 -0.452484 1.441602 0.755959 -0.405595 0.283938 -0.428250
1305031926.569122 1.121847 -0.464611 1.444575 0.749981 -0.414837 0.288676 -0.426737
1305031926.601166 1.116835 -0.474077 1.447006 0.744355 -0.424752 0.291244 -0.425087
1305031926.633127 1.112104 -0.482469 1.449061 0.738273 -0.435442 0.293416 -0.423379
1305031926.669140 1.106936 -0.491036 1.450790 0.731261 -0.448205 0.295178 -0.420998
1305031926.701042 1.102587 -0.497645 1.451733 0.724973 -0.457456 0.300448 -0.418186
1305031926.733207 1.098557 -0.504185 1.452100 0.718354 -0.467907 0.307768 -0.412685
1305031926.769141 1.094121 -0.510871 1.451803 0.710456 -0.482546 0.314088 -0.404660
1305031926.801342 1.090567 -0.516930 1.451122 0.701250 -0.497069 0.319269 -0.399047
1305031926.833209 1.087105 -0.523000 1.449710 0.691108 -0.511746 0.324894 -0.393610
1305031926.869333 1.083496 -0.530007 1.447597 0.677701 -0.531533 0.330915 -0.385602
1305031926.901097 1.080186 -0.536438 1.445075 0.663703 -0.548931 0.338373 -0.379047
1305031926.933348 1.076387 -0.542211 1.442945 0.650954 -0.565869 0.346344 -0.368912
1305031926.969122 1.071622 -0.548171 1.439122 0.640193 -0.583939 0.352567 -0.353362
1305031927.001575 1.067292 -0.554195 1.434992 0.629368 -0.598735 0.358441 -0.341954
1305031927.033929 1.062368 -0.560215 1.430560 0.617532 -0.613281 0.363533 -0.332241
1305031927.070528 1.057176 -0.566669 1.425220 -0.602922 0.630003 -0.368574 0.322078
1305031927.101272 1.053027 -0.571932 1.420088 -0.593062 0.643288 -0.368893 0.313650
1305031927.133471 1.048581 -0.577485 1.414598 -0.583644 0.655689 -0.370694 0.303346
1305031927.169161 1.043733 -0.584252 1.408145 -0.573180 0.669537 -0.371312 0.292083
1305031927.201210 1.039547 -0.590680 1.402038 -0.565640 0.681080 -0.369706 0.281955
1305031927.233491 1.035219 -0.597354 1.395270 -0.562480 0.691726 -0.363090 0.270733
1305031927.269153 1.030825 -0.605343 1.388149 -0.559722 0.699647 -0.358014 0.262739
1305031927.301135 1.026392 -0.613134 1.381970 -0.556457 0.708472 -0.352668 0.253078
1305031927.333139 1.022244 -0.621388 1.375878 -0.550566 0.717686 -0.348220 0.246061
1305031927.369147 1.017730 -0.631032 1.368748 -0.543456 0.727844 -0.344522 0.237072
1305031927.401161 1.013379 -0.639597 1.362450 -0.537306 0.736488 -0.341153 0.229132
1305031927.433274 1.009335 -0.648030 1.356470 -0.533395 0.742525 -0.338273 0.222977
1305031927.469105 1.004341 -0.657029 1.349359 -0.530614 0.748750 -0.333749 0.215484
1305031927.501136 0.999664 -0.665018 1.343809 -0.530341 0.752383 -0.330136 0.208969
1305031927.533182 0.995346 -0.672232 1.338557 -0.529805 0.754263 -0.329019 0.205281
1305031927.569225 0.990521 -0.680262 1.332828 -0.531998 0.755410 -0.325826 0.200428
1305031927.601132 0.986592 -0.687098 1.327723 -0.536673 0.755859 -0.320689 0.194469
1305031927.633201 0.982492 -0.694336 1.322730 -0.543002 0.754282 -0.316686 0.189516
1305031927.669158 0.978031 -0.702442 1.317536 -0.552621 0.748638 -0.314913 0.187031
1305031927.701131 0.974375 -0.710267 1.313158 -0.561420 0.743846 -0.313158 0.182846
1305031927.733219 0.970614 -0.718942 1.309099 -0.569712 0.739233 -0.311158 0.179287
1305031927.769158 0.966627 -0.729723 1.304827 -0.578146 0.734342 -0.308812 0.176421
1305031927.801109 0.963112 -0.740098 1.301529 -0.581954 0.732048 -0.307891 0.175036
1305031927.833282 0.959608 -0.751472 1.298586 -0.585666 0.730630 -0.305544 0.172680
1305031927.869143 0.955631 -0.765202 1.295321 -0.587591 0.730800 -0.302642 0.170517
1305031927.901130 0.951858 -0.778109 1.293196 -0.588567 0.729846 -0.303199 0.170248
1305031927.933465 0.947715 -0.791698 1.291217 -0.589768 0.728643 -0.303731 0.170296
1305031927.969176 0.943129 -0.807199 1.289211 -0.590496 0.729291 -0.300913 0.170002
1305031928.001134 0.938757 -0.821798 1.287613 -0.590841 0.729021 -0.300907 0.169971
1305031928.033186 0.934494 -0.836379 1.286311 -0.591161 0.728809 -0.300976 0.169642
1305031928.069125 0.929836 -0.852679 1.285003 -0.590989 0.730861 -0.298120 0.166432
1305031928.101114 0.925584 -0.866890 1.284264 -0.590103 0.732361 -0.296810 0.165316
1305031928.133202 0.921388 -0.880772 1.283663 -0.589784 0.733263 -0.296509 0.162984
1305031928.169018 0.916646 -0.895943 1.283404 -0.588417 0.734390 -0.298461 0.159241
1305031928.201096 0.912346 -0.909112 1.283400 -0.585976 0.735732 -0.301836 0.155645
1305031928.233133 0.907977 -0.922119 1.283400 -0.581808 0.738778 -0.305153 0.150292
1305031928.269216 0.903025 -0.935731 1.283798 -0.575418 0.743860 -0.306765 0.146499
1305031928.301255 0.898348 -0.947258 1.284539 -0.569549 0.748182 -0.308451 0.143860
1305031928.333609 0.893684 -0.958273 1.285510 -0.562464 0.753123 -0.310487 0.141554
1305031928.369520 0.888382 -0.970135 1.286907 -0.552648 0.759514 -0.313197 0.140092
1305031928.401116 0.883809 -0.979945 1.288691 -0.541329 0.766394 -0.316572 0.139232
1305031928.433543 0.878737 -0.989726 1.291007 -0.527427 0.774442 -0.321175 0.137502
1305031928.469232 0.873210 -0.999981 1.293695 -0.509928 0.784075 -0.326986 0.135203
1305031928.501428 0.868142 -1.008427 1.296932 -0.492539 0.792314 -0.333732 0.135156
1305031928.533982 0.862798 -1.016277 1.300562 -0.476950 0.798909 -0.340073 0.136429
1305031928.569299 0.857500 -1.024100 1.304800 -0.461014 0.804424 -0.348710 0.137004
1305031928.601271 0.853046 -1.030432 1.309412 -0.445287 0.808922 -0.358747 0.136623
1305031928.633595 0.848713 -1.035713 1.314613 -0.431705 0.811108 -0.370551 0.135748
1305031928.669146 0.844328 -1.040870 1.321052 -0.418885 0.811792 -0.384112 0.134112
1305031928.701110 0.840863 -1.044971 1.327359 -0.408554 0.811767 -0.395651 0.132583
1305031928.733185 0.838097 -1.048341 1.334095 -0.397901 0.811676 -0.406875 0.131569
1305031928.769202 0.835218 -1.051584 1.342551 -0.385763 0.811510 -0.419051 0.130518
1305031928.801117 0.833397 -1.053620 1.350229 -0.375192 0.809731 -0.431499 0.131815
1305031928.833193 0.831566 -1.055495 1.358651 -0.364519 0.807536 -0.444545 0.131874
1305031928.869148 0.829806 -1.057092 1.368356 -0.352357 0.804632 -0.459046 0.132998
1305031928.901197 0.828192 -1.057718 1.376721 -0.342954 0.803353 -0.468572 0.132086
1305031928.933215 0.826509 -1.058100 1.385892 -0.332750 0.799864 -0.481416 0.133166
1305031928.969097 0.825010 -1.058598 1.396141 -0.320676 0.793659 -0.499526 0.133213
1305031929.001155 0.823327 -1.058600 1.405833 -0.311031 0.790142 -0.511959 0.129742
1305031929.033640 0.821929 -1.058543 1.415670 -0.299479 0.785381 -0.526328 0.128325
1305031929.069089 0.820411 -1.058202 1.427030 -0.286879 0.779126 -0.543100 0.125327
1305031929.101213 0.819110 -1.057646 1.437714 -0.275041 0.774035 -0.557193 0.121487
1305031929.133202 0.817848 -1.056738 1.448531 -0.263004 0.768453 -0.571118 0.118886
1305031929.169204 0.817006 -1.055114 1.461029 -0.249464 0.762882 -0.584923 0.116809
1305031929.201163 0.816382 -1.053371 1.472264 -0.237160 0.757751 -0.597023 0.114594
1305031929.233293 0.815862 -1.050960 1.483923 -0.223006 0.752816 -0.608795 0.113603
1305031929.269214 0.815899 -1.047410 1.497168 -0.208038 0.745422 -0.623079 0.113306
1305031929.301292 0.816038 -1.043790 1.508388 -0.196136 0.739437 -0.634304 0.111450
1305031929.333529 0.816740 -1.039384 1.519350 -0.184552 0.734154 -0.644138 0.109742
1305031929.369189 0.817797 -1.033917 1.531166 -0.172835 0.727023 -0.655370 0.109798
1305031929.401369 0.819045 -1.028166 1.541121 -0.165000 0.722633 -0.661962 0.111284
1305031929.433239 0.820458 -1.021891 1.550682 -0.156820 0.716458 -0.670260 0.113343
1305031929.469219 0.822091 -1.014340 1.560851 -0.148639 0.709637 -0.679259 0.113700
1305031929.501198 0.823772 -1.007168 1.569368 -0.141762 0.704014 -0.686397 0.114575
1305031929.533262 0.825398 -0.999149 1.577391 -0.134849 0.698319 -0.693462 0.115223
1305031929.569172 0.827386 -0.990059 1.585946 0.129421 -0.691608 0.701315 -0.114399
1305031929.601101 0.829190 -0.981514 1.593214 0.125552 -0.684752 0.708725 -0.114285
1305031929.634447 0.831006 -0.971959 1.600381 0.121484 -0.677678 0.716392 -0.113035
1305031929.669287 0.832699 -0.962703 1.607697 0.117900 -0.667895 0.726487 -0.110599
1305031929.701269 0.834338 -0.953988 1.614054 0.114883 -0.660320 0.734037 -0.109401
1305031929.733617 0.836356 -0.945131 1.619969 0.114915 -0.653683 0.739922 -0.109587
1305031929.769190 0.838396 -0.936325 1.626081 0.116593 -0.647518 0.744689 -0.112091
1305031929.801229 0.839619 -0.928342 1.631286 0.116838 -0.639892 0.750526 -0.116610
1305031929.833358 0.840179 -0.921090 1.636194 0.118057 -0.633620 0.755166 -0.119636
1305031929.869242 0.840001 -0.913612 1.641292 0.120194 -0.626597 0.760069 -0.123388
1305031929.901292 0.839103 -0.907452 1.645232 0.121455 -0.621732 0.763254 -0.127051
1305031929.933176 0.837367 -0.902219 1.648926 0.122043 -0.616740 0.766952 -0.128537
1305031929.969176 0.834518 -0.897031 1.652282 0.120918 -0.613616 0.769588 -0.128798
1305031930.001350 0.831073 -0.893211 1.654751 0.118066 -0.612495 0.771027 -0.128174
1305031930.033650 0.826754 -0.890099 1.656629 0.113838 -0.612818 0.771442 -0.127955
1305031930.069293 0.821201 -0.887700 1.657700 0.109598 -0.614387 0.770884 -0.127498
1305031930.101133 0.815770 -0.886445 1.657782 0.107729 -0.616380 0.769828 -0.125838
1305031930.134163 0.809279 -0.885451 1.657003 0.105416 -0.620935 0.767200 -0.121373
1305031930.169117 0.801342 -0.885104 1.655707 0.099731 -0.623761 0.766494 -0.116029
1305031930.201148 0.793356 -0.885637 1.653971 0.094422 -0.627290 0.765346 -0.108800
1305031930.233355 0.784730 -0.886582 1.651871 0.090083 -0.633576 0.761912 -0.099789
1305031930.269064 0.774671 -0.887691 1.649417 0.082366 -0.637709 0.760451 -0.090864
1305031930.301105 0.765348 -0.888957 1.646948 0.075996 -0.642944 0.757622 -0.082806
1305031930.333138 0.755940 -0.890346 1.644508 0.071177 -0.649181 0.753746 -0.073238
1305031930.369794 0.744540 -0.891625 1.641460 0.063365 -0.656197 0.749332 -0.062380
1305031930.401077 0.734918 -0.892875 1.638712 0.055986 -0.662020 0.745368 -0.054973
1305031930.433290 0.725420 -0.893857 1.635407 0.051407 -0.668211 0.740760 -0.046099
1305031930.469130 0.715320 -0.895297 1.631408 0.045815 -0.678197 0.732439 -0.038513
1305031930.501044 0.707257 -0.896374 1.627342 0.040223 -0.688133 0.723619 -0.035068
1305031930.533067 0.699744 -0.897178 1.622756 0.036951 -0.697937 0.714582 -0.029840
1305031930.569007 0.691521 -0.897700 1.617115 0.033408 -0.705854 0.707204 -0.022720
1305031930.601041 0.685035 -0.897881 1.611435 -0.030723 0.714414 -0.698884 0.015196
1305031930.633126 0.678916 -0.897860 1.605055 -0.030362 0.724149 -0.688908 0.009577
1305031930.668925 0.672433 -0.897502 1.597240 -0.031592 0.735758 -0.676479 0.006211
1305031930.701009 0.667056 -0.897043 1.589642 -0.032794 0.744717 -0.666537 0.007038
1305031930.733195 0.661717 -0.896180 1.581736 -0.034881 0.753681 -0.656274 0.007239
1305031930.769068 0.655905 -0.894901 1.572808 -0.037699 0.764216 -0.643833 0.005702
1305031930.801055 0.650607 -0.893463 1.565150 -0.038099 0.770133 -0.636719 0.005622
1305031930.833091 0.645558 -0.891519 1.557678 -0.037940 0.776200 -0.629331 0.004019
1305031930.869070 0.639889 -0.889596 1.549584 -0.038298 0.783602 -0.620081 0.000094
1305031930.900829 0.635026 -0.888109 1.542379 -0.037281 0.789708 -0.612342 -0.002910
1305031930.933330 0.630150 -0.886427 1.535104 -0.035952 0.796563 -0.603468 -0.004503
1305031930.969059 0.624892 -0.885399 1.526987 -0.033898 0.803560 -0.594214 -0.007205
1305031931.000795 0.620431 -0.884864 1.519887 -0.032329 0.811150 -0.583854 -0.010272
1305031931.033023 0.615837 -0.884500 1.512675 -0.030938 0.818615 -0.573354 -0.013323
1305031931.068905 0.610813 -0.884399 1.504820 -0.027511 0.826689 -0.561735 -0.016794
1305031931.100819 0.606682 -0.884100 1.497936 -0.022709 0.834470 -0.550240 -0.019464
1305031931.133042 0.602449 -0.884200 1.491280 -0.017380 0.840868 -0.540463 -0.023215
1305031931.168900 0.597900 -0.884800 1.484100 -0.008900 0.847425 -0.530015 -0.029601
1305031931.200696 0.594147 -0.885734 1.477744 0.000058 0.853682 -0.519461 -0.037241
1305031931.233053 0.590795 -0.886703 1.471330 0.009235 0.859737 -0.508514 -0.046693
1305031931.268951 0.587597 -0.888301 1.464292 0.020217 0.864589 -0.498848 -0.056815
1305031931.300955 0.585363 -0.889798 1.458648 0.032003 0.870884 -0.485835 -0.067084
1305031931.332991 0.583057 -0.891943 1.452911 0.044019 0.873732 -0.478118 -0.077833
1305031931.369797 0.580952 -0.894672 1.446365 0.059032 0.876035 -0.470657 -0.086948
1305031931.401337 0.579606 -0.897736 1.440799 0.072244 0.877756 -0.464429 -0.092900
1305031931.432892 0.578822 -0.901245 1.435616 0.084804 0.878992 -0.458866 -0.098104
1305031931.469079 0.578600 -0.906030 1.430371 0.098260 0.879413 -0.454112 -0.103729
1305031931.500852 0.578837 -0.911278 1.425641 0.109521 0.879434 -0.450393 -0.108383
1305031931.532871 0.579774 -0.916626 1.421092 0.122223 0.880019 -0.445162 -0.111615
1305031931.569726 0.582274 -0.923055 1.415994 0.136356 0.877808 -0.444991 -0.113328
1305031931.601199 0.585028 -0.928932 1.412150 0.144455 0.877055 -0.443186 -0.116159
1305031931.633004 0.588721 -0.935001 1.408179 0.150781 0.876623 -0.441241 -0.118761
1305031931.669064 0.593709 -0.942412 1.403392 0.156606 0.874873 -0.441382 -0.123507
1305031931.701060 0.598630 -0.948933 1.398912 0.162493 0.874223 -0.439247 -0.128030
1305031931.732985 0.603788 -0.955949 1.393953 0.165985 0.873779 -0.437754 -0.131645
1305031931.768911 0.609487 -0.963979 1.387914 0.169099 0.874638 -0.433931 -0.134604
1305031931.800959 0.614285 -0.971408 1.381953 0.174566 0.874427 -0.432408 -0.133898
1305031931.832926 0.618600 -0.978208 1.376107 0.182835 0.875468 -0.427360 -0.132248
1305031931.868988 0.623611 -0.986320 1.368683 0.194012 0.876053 -0.422476 -0.128081
1305031931.900957 0.627854 -0.992891 1.362787 0.201132 0.875530 -0.421084 -0.125223
1305031931.932907 0.631455 -0.999168 1.357350 0.207225 0.874145 -0.421551 -0.123385
1305031931.968902 0.635389 -1.006679 1.351315 0.213082 0.873410 -0.420900 -0.120808
1305031932.000829 0.638672 -1.013420 1.346633 0.219636 0.871253 -0.422242 -0.119957
1305031932.032913 0.641852 -1.020361 1.342291 0.226333 0.869846 -0.422199 -0.117854
1305031932.068920 0.645094 -1.028682 1.337810 0.232273 0.867355 -0.424276 -0.117193
1305031932.101294 0.647684 -1.036051 1.334271 0.237401 0.867943 -0.420875 -0.114803
1305031932.132895 0.650360 -1.044219 1.331480 0.238718 0.867172 -0.423496 -0.108060
1305031932.169077 0.653305 -1.053151 1.328991 0.235056 0.869787 -0.422003 -0.100664
1305031932.200948 0.655477 -1.061851 1.327902 0.229038 0.872175 -0.421785 -0.094604
1305031932.232821 0.657453 -1.070808 1.326862 0.221982 0.873640 -0.423822 -0.088612
1305031932.268818 0.658896 -1.081642 1.326896 0.212844 0.876060 -0.424763 -0.082420
1305031932.300945 0.660359 -1.091368 1.327100 0.207175 0.876465 -0.427455 -0.078549
1305031932.333175 0.661242 -1.101497 1.327927 0.202094 0.876862 -0.429670 -0.075205
1305031932.368837 0.661699 -1.112880 1.329397 0.193923 0.876723 -0.434406 -0.071012
1305031932.401680 0.661872 -1.123001 1.331256 0.186262 0.877388 -0.437134 -0.066414
1305031932.432994 0.662160 -1.133331 1.332302 0.181133 0.877188 -0.440567 -0.060274
1305031932.469022 0.662600 -1.144939 1.333605 0.173466 0.877407 -0.444210 -0.052383
1305031932.500893 0.662980 -1.155218 1.335099 0.165881 0.878413 -0.445717 -0.047021
1305031932.532959 0.663679 -1.165388 1.337198 0.156929 0.879151 -0.448070 -0.041227
1305031932.568972 0.664500 -1.176591 1.339897 0.144808 0.879372 -0.452182 -0.035603
1305031932.600957 0.666003 -1.186117 1.342523 0.131756 0.880112 -0.455129 -0.030027
1305031932.632929 0.667259 -1.195251 1.345637 0.118433 0.879992 -0.459380 -0.023626
1305031932.669236 0.669013 -1.205186 1.349347 0.103562 0.878896 -0.465297 -0.017750
1305031932.700806 0.670891 -1.213511 1.353355 0.090528 0.878537 -0.468844 -0.012745
1305031932.732848 0.672556 -1.221738 1.357630 0.077909 0.877657 -0.472838 -0.008497
1305031932.768757 0.674691 -1.231259 1.362579 0.065749 0.874879 -0.479851 -0.002529
1305031932.800821 0.676954 -1.240019 1.367169 0.056343 0.871530 -0.487086 0.002988
1305031932.832891 0.679450 -1.248712 1.371484 0.047511 0.868104 -0.494058 0.006628
1305031932.869016 0.682211 -1.258230 1.376315 0.038075 0.863555 -0.502727 0.009408
1305031932.901214 0.684699 -1.265698 1.380344 0.027646 0.859893 -0.509576 0.012299
1305031932.932932 0.687523 -1.274008 1.383563 0.020492 0.856367 -0.515725 0.015623
1305031932.968787 0.690781 -1.283047 1.386583 0.012044 0.854727 -0.518657 0.017102
1305031933.001958 0.693314 -1.291656 1.388883 0.007594 0.850694 -0.525385 0.015263
1305031933.033045 0.695545 -1.299721 1.390423 0.006337 0.846958 -0.531470 0.012691
1305031933.068879 0.697593 -1.308869 1.391098 0.007287 0.846293 -0.532595 0.008813
1305031933.100908 0.698977 -1.316524 1.390919 0.012282 0.844175 -0.535900 0.005292
1305031933.132911 0.699779 -1.323434 1.390760 0.021171 0.840281 -0.541736 -0.001393
1305031933.169450 0.700005 -1.330498 1.390089 0.032468 0.838228 -0.544254 -0.010330
1305031933.200949 0.700000 -1.335604 1.389559 0.041129 0.835923 -0.547017 -0.017727
1305031933.233374 0.699759 -1.340054 1.389017 0.047801 0.833925 -0.549293 -0.023701
1305031933.269079 0.698795 -1.343809 1.388395 0.053633 0.831323 -0.552392 -0.029824
1305031933.300869 0.697388 -1.346031 1.387544 0.060250 0.830103 -0.553304 -0.033969
1305031933.332881 0.695565 -1.347696 1.386382 0.067200 0.829926 -0.552606 -0.036530
1305031933.368978 0.693102 -1.349099 1.385001 0.075295 0.828115 -0.554008 -0.040398
1305031933.400926 0.690883 -1.349481 1.383261 0.083188 0.826824 -0.554666 -0.042275
1305031933.432912 0.688419 -1.349660 1.381899 0.090525 0.828257 -0.551231 -0.044042
1305031933.469486 0.685753 -1.349094 1.380177 0.099739 0.827832 -0.550037 -0.046964
1305031933.500809 0.683247 -1.348285 1.378843 0.107277 0.826140 -0.550848 -0.050510
1305031933.533065 0.680815 -1.346815 1.377637 0.115961 0.825506 -0.549566 -0.055410
1305031933.568861 0.677811 -1.344710 1.376008 0.128252 0.823419 -0.549409 -0.060684
1305031933.600899 0.675020 -1.342340 1.374320 0.140522 0.820754 -0.549789 -0.065941
1305031933.632949 0.671861 -1.339381 1.372601 0.154494 0.818554 -0.548474 -0.072637
1305031933.669114 0.667979 -1.335370 1.370287 0.172118 0.815338 -0.546896 -0.080643
1305031933.700931 0.664577 -1.331216 1.367978 0.187161 0.812500 -0.545091 -0.087688
1305031933.732901 0.661300 -1.326640 1.365540 0.202256 0.810400 -0.541907 -0.093178
1305031933.768934 0.657806 -1.320513 1.362705 0.217861 0.807160 -0.539475 -0.099983
1305031933.800879 0.654642 -1.314804 1.360042 0.229764 0.804071 -0.537742 -0.107292
1305031933.833132 0.651561 -1.308454 1.357177 0.240633 0.802481 -0.533960 -0.114045
1305031933.868855 0.648610 -1.301030 1.353711 0.251372 0.801133 -0.529630 -0.120377
1305031933.900942 0.646257 -1.293951 1.350196 0.259998 0.800970 -0.524657 -0.124832
1305031933.932925 0.644022 -1.286569 1.346804 0.267208 0.800322 -0.520878 -0.129502
1305031933.968843 0.641603 -1.277316 1.342707 0.274294 0.800803 -0.515418 -0.133497
1305031934.000841 0.639565 -1.269162 1.339069 0.278936 0.801061 -0.511864 -0.135986
1305031934.033000 0.637776 -1.260179 1.335351 0.283262 0.801751 -0.507601 -0.138918
1305031934.068946 0.635402 -1.249516 1.331208 0.288080 0.802088 -0.503094 -0.143392
1305031934.100917 0.633388 -1.239184 1.327395 0.293903 0.802617 -0.497688 -0.147423
1305031934.132845 0.631403 -1.228380 1.323666 0.300272 0.802083 -0.493371 -0.151935
1305031934.169177 0.628582 -1.215811 1.319977 0.305535 0.801015 -0.490141 -0.157433
1305031934.200808 0.626190 -1.204494 1.317266 0.310459 0.801903 -0.484335 -0.161201
1305031934.232870 0.623192 -1.192500 1.315031 0.316791 0.800973 -0.480544 -0.164815
1305031934.269296 0.619757 -1.178660 1.313184 0.321229 0.800295 -0.478062 -0.166726
1305031934.300934 0.616156 -1.166927 1.311839 0.323309 0.801466 -0.474149 -0.168246
1305031934.336871 0.611884 -1.153151 1.310900 0.324135 0.803914 -0.469577 -0.167799
1305031934.368906 0.607599 -1.140798 1.310600 0.321700 0.805502 -0.468600 -0.167600
1305031934.400928 0.603355 -1.128050 1.310700 0.318432 0.808671 -0.465915 -0.166057
1305031934.436865 0.597426 -1.114194 1.311359 0.311335 0.810654 -0.466805 -0.167340
1305031934.469287 0.591926 -1.101449 1.312512 0.302488 0.812989 -0.467583 -0.170049
1305031934.501241 0.585190 -1.089127 1.314162 0.294358 0.815655 -0.466162 -0.175366
1305031934.536876 0.577345 -1.074989 1.316518 0.289529 0.816622 -0.465950 -0.179422
1305031934.569101 0.569453 -1.062127 1.319211 0.286080 0.816465 -0.467392 -0.181901
1305031934.600850 0.561451 -1.049639 1.321656 0.282616 0.817218 -0.467696 -0.183147
1305031934.637030 0.552191 -1.035680 1.324830 0.276605 0.819430 -0.467936 -0.181825
1305031934.668984 0.543778 -1.023467 1.328108 0.269802 0.818963 -0.471930 -0.183816
1305031934.700945 0.535168 -1.011023 1.331484 0.263230 0.821037 -0.471356 -0.185558
1305031934.736903 0.525540 -0.997389 1.335013 0.255272 0.822778 -0.472727 -0.185475
1305031934.769124 0.516264 -0.985251 1.338311 0.246073 0.824298 -0.474591 -0.186398
1305031934.801627 0.506473 -0.972564 1.341545 0.238850 0.825857 -0.475709 -0.186042
1305031934.836769 0.494961 -0.958995 1.345591 0.229548 0.825702 -0.479885 -0.187707
1305031934.869115 0.484329 -0.946416 1.349428 0.219137 0.825916 -0.483904 -0.188889
1305031934.901010 0.473661 -0.933877 1.353495 0.209542 0.827050 -0.486479 -0.188196
1305031934.937234 0.461066 -0.920216 1.358450 0.197817 0.826052 -0.492835 -0.188734
1305031934.969077 0.449937 -0.907634 1.363831 0.186529 0.825672 -0.497015 -0.190913
1305031935.001270 0.438389 -0.895605 1.369556 0.176198 0.824465 -0.502027 -0.192824
1305031935.036852 0.425937 -0.882437 1.375911 0.168830 0.823663 -0.506249 -0.191802
1305031935.069722 0.413602 -0.871750 1.382345 0.162053 0.821115 -0.513324 -0.189759
1305031935.100912 0.401403 -0.862342 1.388059 0.157527 0.820334 -0.516381 -0.188648
1305031935.136853 0.387698 -0.852553 1.394332 0.154341 0.819634 -0.518499 -0.188514
1305031935.169281 0.375663 -0.844509 1.399969 0.151383 0.817628 -0.522900 -0.187465
1305031935.200951 0.364141 -0.837590 1.405428 0.150080 0.816603 -0.525925 -0.184493
1305031935.237095 0.351132 -0.830343 1.411129 0.150150 0.816703 -0.528005 -0.177938
1305031935.268965 0.339577 -0.824588 1.416310 0.150193 0.816252 -0.530267 -0.173184
1305031935.300805 0.328252 -0.818719 1.421662 0.152060 0.816465 -0.529982 -0.171412
1305031935.336810 0.315481 -0.812317 1.428099 0.157408 0.814945 -0.530985 -0.170709
1305031935.368827 0.304026 -0.807111 1.433886 0.164481 0.813491 -0.531395 -0.169699
1305031935.400848 0.292286 -0.802111 1.440047 0.174711 0.810923 -0.532456 -0.168437
1305031935.436887 0.279305 -0.796782 1.446918 0.185590 0.808175 -0.533662 -0.166175
1305031935.468890 0.267704 -0.792301 1.453498 0.194393 0.805884 -0.534789 -0.163597
1305031935.500863 0.256392 -0.787997 1.460319 0.201507 0.801091 -0.539209 -0.164016
1305031935.536900 0.243420 -0.783260 1.468740 0.209555 0.795040 -0.545126 -0.163816
1305031935.568783 0.232241 -0.779414 1.476471 0.217365 0.789406 -0.549971 -0.164687
1305031935.600963 0.220537 -0.775214 1.484836 0.226010 0.780522 -0.557461 -0.170126
1305031935.636916 0.208175 -0.770498 1.494404 0.235374 0.768585 -0.567446 -0.178552
1305031935.669100 0.197333 -0.765913 1.503173 0.242270 0.757002 -0.576443 -0.189650
1305031935.700948 0.186845 -0.761093 1.511853 0.248746 0.745788 -0.583340 -0.204061
1305031935.736900 0.175240 -0.755520 1.521580 0.256816 0.730984 -0.590896 -0.224834
1305031935.768974 0.165277 -0.750689 1.529818 0.264405 0.717838 -0.595983 -0.244136
1305031935.801178 0.155217 -0.745881 1.537301 0.270682 0.706785 -0.599107 -0.261260
1305031935.836877 0.144587 -0.741143 1.545155 0.277353 0.696458 -0.601990 -0.275009
1305031935.869025 0.135593 -0.737197 1.551905 0.282409 0.688207 -0.604612 -0.284711
1305031935.901144 0.126294 -0.734098 1.558471 0.286692 0.678803 -0.608571 -0.294408
1305031935.936825 0.117031 -0.730801 1.565691 0.287950 0.669966 -0.612138 -0.305805
1305031935.969109 0.108548 -0.728483 1.572140 0.285197 0.663171 -0.616224 -0.314856
1305031936.000820 0.100320 -0.726404 1.578246 0.283764 0.656645 -0.619535 -0.323221
1305031936.036965 0.090822 -0.724377 1.584932 0.283247 0.648100 -0.623670 -0.332826
1305031936.068809 0.082325 -0.722805 1.590185 0.284598 0.641226 -0.626402 -0.339784
1305031936.100718 0.073436 -0.721027 1.595291 0.287701 0.633475 -0.629030 -0.346783
1305031936.137490 0.063595 -0.718856 1.600417 -0.292140 -0.625201 0.631864 0.352883
1305031936.168897 0.055301 -0.717100 1.604200 -0.296994 -0.620688 0.632587 0.355493
1305031936.200867 0.047497 -0.714343 1.607845 -0.302672 -0.614153 0.633887 0.359712
1305031936.237546 0.037849 -0.711516 1.612340 -0.304763 -0.603979 0.639942 0.364421
1305031936.268981 0.030082 -0.708189 1.616107 -0.309430 -0.596802 0.642719 0.367415
1305031936.300816 0.022633 -0.704330 1.619444 -0.316137 -0.588224 0.646675 0.368594
1305031936.336863 0.013689 -0.699744 1.622917 -0.322674 -0.577113 0.654058 0.367465
1305031936.368927 0.005793 -0.695597 1.625702 -0.329499 -0.569283 0.658494 0.365694
1305031936.400840 -0.002285 -0.691528 1.628116 -0.335610 -0.561550 0.662015 0.365738
1305031936.436777 -0.011606 -0.687164 1.630290 -0.339870 -0.554277 0.665484 0.366602
1305031936.468789 -0.019771 -0.682814 1.631297 -0.343569 -0.549391 0.667753 0.366383
1305031936.500753 -0.027982 -0.678696 1.631937 -0.345644 -0.544685 0.670662 0.366143
1305031936.536847 -0.037825 -0.674705 1.632279 -0.346427 -0.540521 0.673223 0.366874
1305031936.569452 -0.047264 -0.671051 1.632095 -0.347311 -0.536724 0.676720 0.365174
1305031936.600821 -0.056434 -0.667846 1.631162 -0.348877 -0.533357 0.680072 0.362376
1305031936.636879 -0.068173 -0.664482 1.629621 -0.348503 -0.531126 0.682587 0.361285
1305031936.668885 -0.079194 -0.661801 1.628300 -0.350189 -0.525792 0.684680 0.363488
1305031936.700881 -0.090653 -0.658282 1.625742 -0.352096 -0.521459 0.685892 0.365597
1305031936.737504 -0.104928 -0.654354 1.622054 -0.354057 -0.521386 0.686039 0.363524
1305031936.768825 -0.118169 -0.650909 1.618409 -0.353900 -0.522896 0.685405 0.362705
1305031936.800856 -0.132391 -0.646971 1.614032 -0.356230 -0.524457 0.685274 0.358391
1305031936.836845 -0.149155 -0.642267 1.607870 -0.359586 -0.530886 0.682790 0.350223
1305031936.868891 -0.165195 -0.638501 1.602202 -0.360003 -0.539703 0.678908 0.343805
1305031936.900833 -0.181405 -0.634668 1.596033 -0.360105 -0.549718 0.674894 0.335638
1305031936.936914 -0.200247 -0.630458 1.589238 -0.359372 -0.563973 0.667201 0.328070
1305031936.968821 -0.216960 -0.626611 1.583314 -0.360496 -0.575476 0.660409 0.320515
1305031937.001118 -0.232887 -0.622634 1.577745 -0.360092 -0.586376 0.654514 0.313224
1305031937.036874 -0.249968 -0.618243 1.571944 -0.357468 -0.599960 0.648119 0.303656
1305031937.068765 -0.264922 -0.615060 1.566991 -0.355942 -0.611593 0.643377 0.292105
1305031937.100716 -0.279217 -0.611700 1.561828 -0.353597 -0.623146 0.638510 0.281005
1305031937.136838 -0.295751 -0.608365 1.555930 -0.353459 -0.631708 0.633586 0.273095
1305031937.168856 -0.309581 -0.605904 1.550208 0.354306 0.639602 -0.628520 -0.265215
1305031937.200813 -0.322007 -0.603691 1.543519 0.354814 0.650533 -0.621016 -0.255448
1305031937.236893 -0.335531 -0.601622 1.535566 0.357469 0.663832 -0.610969 -0.241371
1305031937.268821 -0.346672 -0.600203 1.527920 0.360808 0.674106 -0.601838 -0.230628
1305031937.300783 -0.357206 -0.599284 1.520076 0.363477 0.680712 -0.596544 -0.220571
1305031937.336862 -0.368209 -0.598820 1.510910 0.367186 0.691272 -0.586192 -0.209037
1305031937.368734 -0.377129 -0.598503 1.503263 0.371868 0.696661 -0.578363 -0.204630
1305031937.400796 -0.384812 -0.598238 1.495445 0.375676 0.702804 -0.569659 -0.201054
1305031937.438211 -0.393555 -0.598600 1.486172 0.377473 0.711814 -0.559352 -0.194835
1305031937.468824 -0.400183 -0.598899 1.478419 0.378204 0.719287 -0.551029 -0.189617
1305031937.500797 -0.407017 -0.599300 1.469488 0.379395 0.728654 -0.539619 -0.184208
1305031937.536931 -0.415047 -0.599780 1.458891 0.382409 0.738700 -0.525937 -0.177416
1305031937.568829 -0.421587 -0.600499 1.448623 0.386281 0.746355 -0.514821 -0.169413
1305031937.600746 -0.428488 -0.600418 1.438646 0.389852 0.753546 -0.503475 -0.163394
1305031937.636891 -0.436576 -0.599839 1.427678 0.394409 0.760166 -0.491061 -0.159526
1305031937.668803 -0.443977 -0.599501 1.418227 0.399294 0.765699 -0.479543 -0.155912
1305031937.700837 -0.451365 -0.598542 1.409696 0.404163 0.769378 -0.469968 -0.154400
1305031937.736899 -0.459920 -0.597460 1.400680 0.408890 0.774201 -0.458849 -0.151256
1305031937.768919 -0.467705 -0.596399 1.393296 0.412303 0.777704 -0.450202 -0.150002
1305031937.800834 -0.476117 -0.594604 1.386498 0.415763 0.778391 -0.445051 -0.152242
1305031937.836877 -0.485934 -0.592961 1.379105 0.421411 0.780670 -0.435642 -0.152259
1305031937.868807 -0.494874 -0.591505 1.372818 0.428983 0.781010 -0.427730 -0.151805
1305031937.900823 -0.504377 -0.589904 1.366715 0.437137 0.780513 -0.419759 -0.153341
1305031937.936960 -0.515118 -0.587897 1.359588 0.449163 0.779576 -0.408105 -0.154803
1305031937.968830 -0.524480 -0.586004 1.353514 0.459377 0.777295 -0.400213 -0.156893
1305031938.000822 -0.533838 -0.583746 1.347516 0.468982 0.775582 -0.391151 -0.159780
1305031938.036945 -0.543953 -0.580715 1.340932 0.480668 0.772088 -0.382468 -0.162964
1305031938.068761 -0.552661 -0.577615 1.335422 0.489060 0.768405 -0.377614 -0.166680
1305031938.100744 -0.560779 -0.573779 1.329831 0.498375 0.766593 -0.367970 -0.168982
1305031938.136885 -0.569796 -0.568682 1.323343 0.512449 0.761154 -0.358859 -0.171057
1305031938.168914 -0.577203 -0.564098 1.317997 0.525415 0.757113 -0.349703 -0.168602
1305031938.200883 -0.584316 -0.558982 1.312903 0.536961 0.754307 -0.339116 -0.166417
1305031938.236878 -0.592155 -0.554263 1.307383 0.550649 0.747009 -0.332894 -0.167164
1305031938.268809 -0.597984 -0.549612 1.303708 0.563272 0.740827 -0.325028 -0.168100
1305031938.300837 -0.603310 -0.544848 1.300745 0.572994 0.734384 -0.319496 -0.174013
1305031938.336900 -0.608800 -0.539800 1.298060 0.582260 0.728421 -0.313080 -0.179880
1305031938.368914 -0.613202 -0.535698 1.296299 0.589879 0.723069 -0.308386 -0.184696
1305031938.400842 -0.617231 -0.531269 1.295242 0.596596 0.717686 -0.303742 -0.191678
1305031938.436889 -0.620899 -0.526402 1.295000 0.605340 0.709410 -0.300352 -0.200224
1305031938.468781 -0.624078 -0.522328 1.295696 0.610171 0.703634 -0.298915 -0.207943
1305031938.501288 -0.626567 -0.518190 1.297043 0.615037 0.698924 -0.295593 -0.214149
1305031938.537028 -0.628806 -0.513725 1.300013 0.618611 0.692000 -0.295374 -0.226297
1305031938.568999 -0.630204 -0.509688 1.303613 0.619582 0.687063 -0.295485 -0.238223
1305031938.601007 -0.631363 -0.505947 1.307716 0.620552 0.682342 -0.295166 -0.249403
1305031938.637299 -0.631600 -0.501324 1.313528 0.621709 0.674929 -0.297021 -0.264061
1305031938.668747 -0.631205 -0.497718 1.319172 0.621273 0.669395 -0.299377 -0.276229
1305031938.700851 -0.630602 -0.494607 1.325590 0.620529 0.663535 -0.302037 -0.288858
1305031938.736859 -0.629002 -0.490304 1.333731 0.618039 0.654865 -0.307653 -0.307457
1305031938.769073 -0.626988 -0.486981 1.341545 0.615578 0.648964 -0.310114 -0.322083
1305031938.800781 -0.624712 -0.483650 1.350008 0.611980 0.641510 -0.314796 -0.338892
1305031938.836754 -0.621293 -0.480136 1.360099 0.608038 0.633517 -0.318401 -0.357165
1305031938.869057 -0.618284 -0.476887 1.369542 0.604168 0.625754 -0.322017 -0.373789
1305031938.900976 -0.615060 -0.473940 1.378319 0.600062 0.617303 -0.325861 -0.390739
1305031938.936828 -0.611207 -0.470766 1.388620 0.597618 0.606956 -0.330103 -0.406804
1305031938.969026 -0.607786 -0.468087 1.397634 0.595690 0.597973 -0.335518 -0.418341
1305031939.001030 -0.604323 -0.465651 1.406375 0.593784 0.590571 -0.340329 -0.427577
1305031939.037090 -0.600245 -0.462927 1.415929 0.591249 0.583374 -0.345376 -0.436824
1305031939.069377 -0.596847 -0.460361 1.424425 0.588865 0.574644 -0.351401 -0.446698
1305031939.101368 -0.593054 -0.458127 1.432942 0.587604 0.566035 -0.358381 -0.453750
1305031939.137143 -0.588081 -0.455623 1.442243 0.583415 0.558221 -0.364839 -0.463582
1305031939.168815 -0.583912 -0.453707 1.450777 0.578926 0.550331 -0.372593 -0.472393
1305031939.200865 -0.579775 -0.451616 1.458872 0.574608 0.541639 -0.380565 -0.481273
1305031939.237165 -0.575243 -0.449287 1.468166 0.568294 0.531033 -0.390000 -0.492896
1305031939.268824 -0.571609 -0.447504 1.475982 -0.562381 -0.523388 0.396662 0.502446
1305031939.300842 -0.567645 -0.445682 1.483771 -0.555931 -0.514534 0.403295 0.513370
1305031939.336729 -0.563037 -0.443557 1.492638 -0.547687 -0.503042 0.411579 0.526869
1305031939.368966 -0.558889 -0.441595 1.500916 -0.537180 -0.490685 0.421102 0.541607
1305031939.400848 -0.554366 -0.439225 1.508767 -0.529821 -0.483042 0.428074 0.550193
1305031939.436845 -0.549488 -0.436164 1.517007 -0.522974 -0.474996 0.435854 0.557592
1305031939.468851 -0.545106 -0.433104 1.524189 -0.516910 -0.469509 0.442293 0.562799
1305031939.500839 -0.540809 -0.429767 1.531007 -0.512118 -0.464560 0.449123 0.565869
1305031939.536755 -0.535643 -0.425879 1.538471 -0.508485 -0.458436 0.454678 0.569691
1305031939.568772 -0.530719 -0.422019 1.544774 -0.505935 -0.452840 0.458203 0.573599
1305031939.600838 -0.525767 -0.417646 1.550613 -0.504487 -0.447591 0.461324 0.576486
1305031939.636792 -0.520295 -0.412595 1.556284 -0.504405 -0.442284 0.464252 0.578300
1305031939.668867 -0.515804 -0.407705 1.560895 -0.505389 -0.438196 0.467187 0.578190
1305031939.700830 -0.512097 -0.402467 1.564803 -0.508567 -0.434841 0.468252 0.577073
1305031939.736750 -0.508158 -0.396109 1.568528 -0.513573 -0.430211 0.468039 0.576281
1305031939.768919 -0.504899 -0.390196 1.571202 -0.518710 -0.425902 0.467010 0.575715
1305031939.803671 -0.502363 -0.383281 1.573789 -0.524290 -0.418324 0.464568 0.578188
1305031939.837145 -0.500288 -0.376304 1.575430 -0.533520 -0.411452 0.459613 0.578636
1305031939.869215 -0.498794 -0.369734 1.576509 -0.541378 -0.403931 0.454560 0.580624
1305031939.903633 -0.498448 -0.362692 1.577148 -0.550376 -0.395795 0.448795 0.582251
1305031939.937192 -0.499515 -0.356207 1.576934 -0.562305 -0.390263 0.440603 0.580842
1305031939.968904 -0.501800 -0.350199 1.576200 -0.574801 -0.387499 0.429598 0.578699
1305031940.005582 -0.505669 -0.343631 1.574833 -0.590664 -0.382092 0.415854 0.576357
1305031940.037088 -0.510041 -0.338359 1.573669 -0.602136 -0.377374 0.403625 0.576288
1305031940.068783 -0.514682 -0.333616 1.572604 -0.611462 -0.372516 0.390042 0.578976
1305031940.104265 -0.520158 -0.328603 1.571693 -0.618967 -0.364963 0.376419 0.584799
1305031940.136746 -0.525827 -0.324628 1.571041 -0.625455 -0.357951 0.365659 0.589042
1305031940.168737 -0.532161 -0.320621 1.570405 -0.629887 -0.350042 0.357321 0.594166
1305031940.200829 -0.538929 -0.316925 1.569403 -0.635933 -0.343075 0.350773 0.595690
1305031940.236742 -0.547361 -0.313316 1.567729 -0.644796 -0.335004 0.345488 0.593842
1305031940.269041 -0.555236 -0.309786 1.565790 -0.653738 -0.324246 0.339675 0.593390
1305031940.301146 -0.563087 -0.306712 1.563189 -0.664017 -0.311951 0.333232 0.592220
1305031940.336732 -0.572215 -0.303017 1.559682 -0.675155 -0.296933 0.322581 0.593244
1305031940.369236 -0.580881 -0.299369 1.555649 -0.689411 -0.283468 0.309180 0.590565
1305031940.403665 -0.589430 -0.296081 1.550638 -0.707170 -0.268042 0.295277 0.583846
1305031940.436756 -0.598104 -0.292527 1.545230 -0.719465 -0.251502 0.284853 0.581356
1305031940.468746 -0.606585 -0.289505 1.539709 -0.730613 -0.238230 0.275726 0.577431
1305031940.503804 -0.615126 -0.286161 1.534064 -0.740396 -0.226240 0.265328 0.574657
1305031940.536724 -0.623197 -0.283189 1.528935 -0.748290 -0.216749 0.257187 0.571784
1305031940.568758 -0.630668 -0.280414 1.524321 -0.755478 -0.209932 0.249838 0.568122
1305031940.603364 -0.638048 -0.276854 1.519864 -0.760825 -0.203173 0.241009 0.567257
1305031940.636761 -0.644294 -0.272957 1.516078 -0.764276 -0.191594 0.232002 0.570394
1305031940.668762 -0.650274 -0.268917 1.512517 -0.769401 -0.185124 0.222750 0.569328
1305031940.703222 -0.656878 -0.263952 1.508925 -0.773665 -0.180623 0.211875 0.569146
1305031940.736947 -0.662885 -0.258678 1.504922 -0.777976 -0.174776 0.202861 0.568379
1305031940.768772 -0.668595 -0.252705 1.501004 -0.781593 -0.168805 0.195207 0.567902
1305031940.803047 -0.675049 -0.246151 1.495820 -0.786634 -0.164862 0.186553 0.565001
1305031940.836755 -0.681691 -0.239029 1.490089 -0.791026 -0.162309 0.177978 0.562368
1305031940.869689 -0.688883 -0.231201 1.483733 -0.795747 -0.161870 0.168955 0.558604
1305031940.903305 -0.696723 -0.222399 1.476766 -0.801469 -0.161467 0.158710 0.553523
1305031940.937034 -0.704752 -0.212941 1.469592 -0.806448 -0.160724 0.148890 0.549218
1305031940.968758 -0.712466 -0.203343 1.462631 -0.811270 -0.159205 0.139839 0.544922
1305031941.003160 -0.721419 -0.192694 1.455453 -0.815809 -0.158442 0.130794 0.540596
1305031941.036777 -0.730048 -0.181374 1.448409 -0.818966 -0.158582 0.122172 0.537793
1305031941.071057 -0.739666 -0.169459 1.441464 -0.822056 -0.158845 0.116143 0.534325
1305031941.103422 -0.748825 -0.157710 1.434886 -0.825132 -0.158221 0.110535 0.530948
1305031941.136774 -0.758333 -0.144870 1.428385 -0.828453 -0.155139 0.104242 0.527950
1305031941.171144 -0.767956 -0.131439 1.421948 -0.832484 -0.148898 0.099363 0.524335
1305031941.203508 -0.777103 -0.118438 1.416655 -0.834445 -0.142172 0.094857 0.523919
1305031941.236705 -0.786634 -0.104659 1.411593 -0.836938 -0.134480 0.088518 0.523082
1305031941.271129 -0.796530 -0.090177 1.407130 -0.840079 -0.125069 0.082340 0.521387
1305031941.303362 -0.805472 -0.076507 1.403749 -0.842208 -0.114941 0.076353 0.521195
1305031941.336734 -0.814284 -0.062268 1.400786 -0.845275 -0.101727 0.070748 0.519766
1305031941.371607 -0.823330 -0.047121 1.397747 -0.848913 -0.087590 0.068582 0.516692
1305031941.403845 -0.831599 -0.033452 1.394950 -0.853436 -0.073855 0.069953 0.511173
1305031941.436799 -0.838976 -0.020188 1.392162 -0.857748 -0.057173 0.073478 0.505570
1305031941.469611 -0.845762 -0.007516 1.389435 -0.860239 -0.040385 0.079672 0.502007
1305031941.501458 -0.852594 0.004182 1.386819 0.863789 0.028422 -0.083223 -0.496120
1305031941.537220 -0.860330 0.017448 1.384323 0.865854 0.017481 -0.079216 -0.493676
1305031941.570287 -0.867122 0.029276 1.381988 0.867942 0.005126 -0.070979 -0.491541
1305031941.603047 -0.874080 0.040608 1.379323 0.871115 -0.006776 -0.062076 -0.487093
1305031941.636822 -0.881080 0.051801 1.376100 0.874807 -0.017900 -0.052439 -0.481292
1305031941.671554 -0.888489 0.062660 1.372655 0.876877 -0.030310 -0.044535 -0.477688
1305031941.703763 -0.896041 0.072190 1.369404 0.876452 -0.039491 -0.037457 -0.478403
1305031941.736866 -0.904492 0.081814 1.365454 0.876637 -0.045909 -0.029627 -0.478040
1305031941.768815 -0.913505 0.091205 1.361398 0.877867 -0.049099 -0.021796 -0.475882
1305031941.800820 -0.923613 0.100639 1.357259 0.877567 -0.050517 -0.013947 -0.476582
1305031941.836848 -0.935710 0.111189 1.352376 0.876561 -0.052303 -0.006475 -0.478396
1305031941.871813 -0.948064 0.121104 1.347378 0.875554 -0.053994 -0.000648 -0.480093
1305031941.902976 -0.959447 0.129440 1.342945 0.873131 -0.056073 0.004027 -0.484233
1305031941.936760 -0.971817 0.138644 1.338309 0.869517 -0.059272 0.009012 -0.490250
1305031941.971057 -0.984728 0.148188 1.333739 0.864897 -0.064749 0.013927 -0.497560
1305031942.003141 -0.996871 0.156757 1.329686 -0.860829 0.068858 -0.017586 0.503908
1305031942.036729 -1.009972 0.165182 1.325111 -0.857853 0.069316 -0.018682 0.508856
1305031942.071082 -1.023836 0.174025 1.319412 -0.855831 0.068634 -0.018661 0.512342
1305031942.100691 -1.035875 0.181354 1.313603 -0.860158 0.067607 -0.019714 0.505143
1305031942.136758 -1.049924 0.189790 1.306208 0.863369 -0.065042 0.023114 -0.499829
1305031942.170749 -1.062421 0.197309 1.299352 0.864092 -0.064999 0.027993 -0.498333
1305031942.203108 -1.073460 0.204535 1.291822 0.866700 -0.064646 0.031326 -0.493630
1305031942.238994 -1.084456 0.212538 1.283552 0.867418 -0.065416 0.036825 -0.491884
1305031942.271105 -1.093479 0.219290 1.275788 0.870690 -0.068624 0.039790 -0.485393
1305031942.303257 -1.101325 0.226147 1.268030 0.875780 -0.070278 0.040166 -0.475875
1305031942.337047 -1.108914 0.233249 1.260221 0.878679 -0.073087 0.039221 -0.470153
1305031942.370761 -1.116131 0.240112 1.252747 0.883732 -0.074382 0.036923 -0.460567
1305031942.402939 -1.122604 0.246869 1.246738 0.887344 -0.070618 0.034975 -0.454323
1305031942.439262 -1.128765 0.255202 1.240940 0.886973 -0.066714 0.034709 -0.455658
1305031942.471958 -1.133247 0.262526 1.236521 0.885956 -0.066502 0.035601 -0.457594
1305031942.503553 -1.136923 0.269841 1.232382 0.886558 -0.067511 0.034578 -0.456358
1305031942.539453 -1.140472 0.278576 1.228235 0.885382 -0.064868 0.032561 -0.459163
1305031942.571867 -1.143476 0.286667 1.224763 0.884637 -0.062002 0.030024 -0.461164
1305031942.601448 -1.145912 0.294289 1.221635 0.884614 -0.059034 0.026835 -0.461793
1305031942.639942 -1.148965 0.304394 1.217469 0.884933 -0.054693 0.024102 -0.461867
1305031942.669006 -1.151012 0.312262 1.214079 0.887513 -0.049161 0.020692 -0.457685
1305031942.704015 -1.153109 0.322464 1.210174 0.889377 -0.041862 0.018905 -0.454861
1305031942.739812 -1.154651 0.332863 1.206399 0.891500 -0.037349 0.018899 -0.451082
1305031942.771708 -1.155657 0.342194 1.203173 0.892983 -0.035929 0.017928 -0.448295
1305031942.801557 -1.156200 0.350859 1.200685 0.893642 -0.033840 0.019422 -0.447081
1305031942.841042 -1.156455 0.362850 1.197221 0.894418 -0.031441 0.020120 -0.445672
1305031942.868828 -1.156401 0.370681 1.195206 0.895208 -0.028410 0.017208 -0.444409
1305031942.903960 -1.156297 0.380593 1.192690 0.896354 -0.024932 0.013932 -0.442418
1305031942.936816 -1.155379 0.389564 1.190519 0.897275 -0.021478 0.011959 -0.440788
1305031942.970936 -1.154015 0.398555 1.189336 0.897088 -0.019357 0.012586 -0.441248
1305031943.001103 -1.152762 0.406253 1.189077 0.897517 -0.016286 0.012139 -0.440512
1305031943.039961 -1.150430 0.416590 1.189200 0.895530 -0.009214 0.009760 -0.444799
1305031943.071743 -1.147935 0.425253 1.189429 0.896629 -0.005247 0.006776 -0.442700
1305031943.104177 -1.144107 0.434699 1.190360 0.897500 -0.002547 0.004367 -0.440986
1305031943.139521 -1.138481 0.445401 1.192244 0.897312 -0.003325 0.001750 -0.441381
1305031943.171912 -1.132178 0.456127 1.194649 0.897223 -0.004393 -0.000880 -0.441556
1305031943.201564 -1.125781 0.465888 1.197623 0.897420 -0.004327 -0.002534 -0.441149
1305031943.240004 -1.116608 0.478786 1.202687 0.897271 -0.004924 -0.004447 -0.441430
1305031943.271805 -1.108619 0.489362 1.208071 0.897171 -0.005410 -0.006280 -0.441606
1305031943.303965 -1.100270 0.499688 1.214626 0.895096 -0.003998 -0.008558 -0.445773
1305031943.339941 -1.090703 0.511142 1.222997 0.891798 -0.002723 -0.010857 -0.452295
1305031943.371774 -1.082105 0.520783 1.231166 0.889024 -0.003241 -0.012806 -0.457669
1305031943.404245 -1.073734 0.530213 1.239713 0.885994 -0.004094 -0.015475 -0.463421
1305031943.440153 -1.064289 0.540279 1.250179 0.881690 -0.004000 -0.016914 -0.471509
1305031943.471431 -1.056642 0.548305 1.258937 0.879097 -0.003821 -0.016799 -0.476331
1305031943.501108 -1.049597 0.555026 1.267263 0.877927 -0.004069 -0.016877 -0.478480
1305031943.539525 -1.040819 0.563423 1.278196 0.873758 -0.005400 -0.016707 -0.486044
1305031943.570021 -1.033656 0.569244 1.286442 0.872135 -0.007186 -0.016712 -0.488927
1305031943.607467 -1.026056 0.576058 1.296750 0.871897 -0.008673 -0.017186 -0.489312
1305031943.638026 -1.020055 0.580876 1.305268 0.873056 -0.009046 -0.015546 -0.487288
1305031943.671504 -1.013940 0.585752 1.314938 0.870429 -0.008981 -0.012365 -0.492056
1305031943.707251 -1.008048 0.590699 1.326104 -0.864527 0.007893 0.010093 0.502423
1305031943.739428 -1.003412 0.595082 1.336295 -0.860606 0.006750 0.008263 0.509159
1305031943.771329 -0.999371 0.599654 1.346309 -0.858315 0.003621 0.006850 0.513064
1305031943.806822 -0.995418 0.604363 1.357467 -0.855855 0.000397 0.006200 0.517179
1305031943.837754 -0.992379 0.608541 1.367348 -0.854820 -0.002886 0.004811 0.518894
1305031943.868873 -0.990296 0.612609 1.377023 -0.850234 -0.006313 0.005202 0.526342
1305031943.907218 -0.988232 0.617463 1.388441 -0.845500 -0.010310 0.006305 0.533838
1305031943.936768 -0.986663 0.620797 1.396890 -0.841513 -0.012300 0.009017 0.540021
1305031943.971278 -0.984626 0.625574 1.405743 -0.832124 -0.014002 0.008023 0.554354
1305031944.007760 -0.983146 0.628775 1.415038 -0.829500 -0.009262 0.006791 0.558389
1305031944.040486 -0.981683 0.631200 1.422801 -0.824117 -0.001916 0.003216 0.566407
1305031944.070886 -0.979800 0.632800 1.429741 -0.818308 0.004321 -0.002401 0.574759
1305031944.107390 -0.978071 0.633443 1.437429 -0.812548 0.013887 -0.007515 0.582680
1305031944.139656 -0.976757 0.633683 1.443237 -0.806661 0.022637 -0.010143 0.590493
1305031944.171370 -0.975300 0.632775 1.448074 -0.801707 0.028674 -0.012125 0.596905
1305031944.206998 -0.974095 0.630833 1.452791 -0.799214 0.034235 -0.013505 0.599919
1305031944.239334 -0.973079 0.628447 1.456369 -0.796996 0.038901 -0.014232 0.602562
1305031944.270963 -0.971913 0.625705 1.459638 -0.796042 0.045721 -0.016530 0.603286
1305031944.306934 -0.970393 0.621905 1.463232 -0.794491 0.054728 -0.019977 0.604475
1305031944.339308 -0.968764 0.617944 1.466451 -0.794091 0.063744 -0.024492 0.603951
1305031944.370745 -0.966803 0.614244 1.469275 -0.792770 0.074177 -0.028254 0.604331
1305031944.406233 -0.964354 0.610459 1.472495 -0.790546 0.089622 -0.032719 0.604925
1305031944.438724 -0.961814 0.605133 1.475086 -0.793899 0.105404 -0.037475 0.597670
1305031944.471304 -0.958820 0.599733 1.477380 -0.793710 0.124019 -0.043696 0.593915
1305031944.506947 -0.955385 0.593152 1.479970 -0.792446 0.140374 -0.054461 0.591065
1305031944.539069 -0.952470 0.586946 1.481813 -0.793440 0.153189 -0.062956 0.585681
1305031944.571530 -0.949327 0.580509 1.483082 -0.794764 0.164059 -0.069007 0.580235
1305031944.607229 -0.945578 0.573853 1.484055 -0.797368 0.174181 -0.075146 0.572903
1305031944.639625 -0.942501 0.567884 1.484508 -0.799025 0.181326 -0.082370 0.567357
1305031944.671779 -0.939013 0.562794 1.484611 -0.801880 0.188856 -0.091625 0.559399
1305031944.707774 -0.935003 0.556785 1.484400 -0.808413 0.201497 -0.101583 0.543643
1305031944.739941 -0.931375 0.552152 1.484500 -0.808763 0.211825 -0.111091 0.537300
1305031944.769058 -0.928064 0.547972 1.484803 -0.809565 0.219034 -0.120077 0.531234
1305031944.807919 -0.923397 0.542450 1.484544 -0.811707 0.226777 -0.128787 0.522607
1305031944.839956 -0.919250 0.538361 1.483677 -0.814674 0.232105 -0.132095 0.514767
1305031944.875719 -0.914531 0.534170 1.482992 -0.814955 0.240738 -0.134938 0.509593
1305031944.904670 -0.910529 0.530829 1.482481 -0.815901 0.245238 -0.139094 0.504794
1305031944.939702 -0.905374 0.526910 1.481700 0.817204 -0.250181 0.145732 -0.498347
1305031944.969076 -0.901259 0.523661 1.481806 0.814464 -0.256654 0.149747 -0.498350
1305031945.007437 -0.895416 0.518875 1.483233 -0.802691 0.262518 -0.155866 0.512325
1305031945.039937 -0.890707 0.514141 1.485457 -0.791568 0.266087 -0.159334 0.526527
1305031945.069177 -0.886243 0.510143 1.487630 -0.782370 0.268100 -0.159884 0.538940
1305031945.107523 -0.880402 0.505064 1.491548 -0.768883 0.265723 -0.161197 0.558772
1305031945.136772 -0.876373 0.501134 1.494966 -0.758321 0.262521 -0.163871 0.573741
1305031945.168992 -0.871875 0.497177 1.498623 -0.748845 0.258171 -0.164997 0.587669
1305031945.207107 -0.866554 0.492835 1.502931 -0.738713 0.251838 -0.169195 0.601875
1305031945.238859 -0.862089 0.489294 1.506205 -0.735665 0.248587 -0.175709 0.605085
1305031945.269070 -0.856954 0.486173 1.508924 -0.732953 0.246695 -0.181621 0.607400
1305031945.306358 -0.850340 0.481969 1.512531 -0.727384 0.244970 -0.184251 0.613966
1305031945.338940 -0.844275 0.477876 1.515813 -0.719356 0.241471 -0.184373 0.624680
1305031945.369056 -0.838548 0.473464 1.518823 -0.716972 0.239175 -0.180758 0.629343
1305031945.406657 -0.831007 0.467943 1.522586 -0.711259 0.234946 -0.175624 0.638801
1305031945.436818 -0.824736 0.463037 1.525522 -0.703693 0.229056 -0.174480 0.649543
1305031945.469167 -0.817415 0.458041 1.527822 -0.697526 0.223554 -0.175626 0.657751
1305031945.506438 -0.808317 0.452643 1.529454 -0.695152 0.218094 -0.178104 0.661421
1305031945.538422 -0.799813 0.447253 1.529796 -0.689414 0.217041 -0.183124 0.666384
1305031945.569071 -0.790821 0.442451 1.529286 -0.682130 0.219750 -0.189938 0.671068
1305031945.606029 -0.779859 0.436843 1.527022 -0.682600 0.224682 -0.194243 0.667716
1305031945.638298 -0.770156 0.432365 1.524450 -0.682617 0.226674 -0.195384 0.666692
1305031945.669116 -0.761208 0.428249 1.521462 -0.684765 0.229016 -0.195894 0.663532
1305031945.706215 -0.750650 0.422888 1.517136 -0.690368 0.231363 -0.196268 0.656767
1305031945.738673 -0.742132 0.418119 1.513118 -0.691987 0.234279 -0.198683 0.653294
1305031945.769045 -0.734439 0.413463 1.508968 -0.696125 0.240057 -0.201419 0.645920
1305031945.806240 -0.725514 0.407435 1.503410 -0.704378 0.247089 -0.202148 0.633983
1305031945.838266 -0.718228 0.401696 1.498191 -0.710747 0.253179 -0.202986 0.624128
1305031945.869258 -0.711599 0.395708 1.492708 -0.720172 0.261237 -0.201048 0.610481
1305031945.909177 -0.703163 0.387762 1.485063 -0.733136 0.273363 -0.197698 0.590508
1305031945.936806 -0.697679 0.381717 1.479941 -0.740161 0.282862 -0.197928 0.577040
1305031945.969300 -0.691205 0.374585 1.473910 -0.747037 0.293793 -0.199947 0.561821
1305031946.005983 -0.684579 0.366048 1.467379 -0.755694 0.307695 -0.202527 0.541510
1305031946.037278 -0.679554 0.358565 1.462138 -0.760993 0.319670 -0.203780 0.526475
1305031946.069057 -0.675067 0.350631 1.457261 -0.763721 0.329983 -0.205911 0.515211
1305031946.107140 -0.670773 0.340325 1.452173 -0.766305 0.341559 -0.207237 0.503157
1305031946.137054 -0.668687 0.331989 1.448892 0.767477 -0.345817 0.209438 -0.497520
1305031946.168867 -0.667298 0.323281 1.445794 0.767978 -0.348600 0.212998 -0.493275
1305031946.207043 -0.667116 0.312019 1.442167 0.769968 -0.354809 0.213363 -0.485526
1305031946.237369 -0.668600 0.302844 1.439529 0.772757 -0.357808 0.211754 -0.479563
1305031946.268902 -0.672114 0.293167 1.436893 0.776209 -0.357189 0.208681 -0.475781
1305031946.306775 -0.678815 0.280848 1.434221 0.783560 -0.352725 0.201966 -0.469925
1305031946.337036 -0.685846 0.269939 1.432301 0.788583 -0.349970 0.197478 -0.465467
1305031946.369021 -0.694569 0.258007 1.430793 0.792676 -0.347391 0.194776 -0.461571
1305031946.406520 -0.706093 0.242280 1.430000 0.798063 -0.343943 0.190777 -0.456513
1305031946.437150 -0.715955 0.228859 1.429833 0.800143 -0.343155 0.187092 -0.454985
1305031946.468964 -0.726552 0.214526 1.430103 0.801489 -0.342293 0.183582 -0.454696
1305031946.506586 -0.738717 0.197182 1.430836 0.802846 -0.342038 0.180583 -0.453694
1305031946.537148 -0.748798 0.182837 1.432037 0.803478 -0.342857 0.179080 -0.452552
1305031946.569238 -0.759433 0.167601 1.433218 0.803247 -0.345945 0.178538 -0.450822
1305031946.606469 -0.771131 0.150426 1.435037 0.801696 -0.350431 0.180762 -0.449229
1305031946.637163 -0.781009 0.136137 1.436551 0.800561 -0.352776 0.184400 -0.447937
1305031946.669089 -0.791590 0.121770 1.438420 0.799982 -0.355416 0.187958 -0.445398
1305031946.706515 -0.803492 0.105205 1.441063 0.798829 -0.356384 0.194253 -0.443991
1305031946.737134 -0.813250 0.091816 1.443083 0.800218 -0.356543 0.195863 -0.440642
1305031946.769059 -0.822778 0.077889 1.445223 0.801713 -0.357807 0.197495 -0.436149
1305031946.806647 -0.833519 0.061512 1.448555 0.802305 -0.360778 0.199473 -0.431690
1305031946.837100 -0.842258 0.048614 1.451247 0.803211 -0.362412 0.199780 -0.428482
1305031946.869090 -0.851382 0.035577 1.454732 0.803514 -0.360796 0.201191 -0.428618
1305031946.906602 -0.861072 0.020401 1.458858 0.804184 -0.359229 0.197628 -0.430331
1305031946.937151 -0.867854 0.008260 1.461835 0.805317 -0.358549 0.194147 -0.430364
1305031946.969064 -0.874345 -0.004309 1.464519 0.807546 -0.358691 0.190969 -0.427482
1305031947.006827 -0.880144 -0.019311 1.467442 0.811070 -0.355950 0.185983 -0.425294
1305031947.037000 -0.883538 -0.031016 1.469392 0.811884 -0.355559 0.183043 -0.425344
1305031947.068973 -0.886412 -0.043368 1.471207 0.812555 -0.355605 0.183024 -0.424030
1305031947.106644 -0.888035 -0.057459 1.472892 0.812889 -0.351506 0.186727 -0.425192
1305031947.137044 -0.887467 -0.068598 1.473383 0.812376 -0.352705 0.189677 -0.423871
1305031947.169117 -0.885465 -0.080115 1.473097 0.812049 -0.356074 0.190090 -0.421490
1305031947.204982 -0.881473 -0.092540 1.472453 0.812454 -0.355777 0.189619 -0.421172
1305031947.237001 -0.876588 -0.102842 1.471454 0.813294 -0.353242 0.189705 -0.421646
1305031947.269076 -0.870036 -0.112886 1.469678 0.817433 -0.347168 0.188175 -0.419365
1305031947.304951 -0.861412 -0.124138 1.466675 0.823078 -0.344791 0.183720 -0.412201
1305031947.336945 -0.852723 -0.133819 1.464035 0.827533 -0.339221 0.181084 -0.409057
1305031947.368991 -0.842840 -0.143562 1.461488 0.831850 -0.329266 0.180491 -0.408695
1305031947.405013 -0.830412 -0.155238 1.458762 0.835406 -0.321797 0.177424 -0.408734
1305031947.437038 -0.818604 -0.165829 1.456401 0.836998 -0.317162 0.172448 -0.411223
1305031947.469273 -0.807020 -0.176051 1.454976 0.836385 -0.309238 0.170040 -0.419425
1305031947.504994 -0.793422 -0.187906 1.453552 0.837586 -0.296984 0.165764 -0.427520
1305031947.537022 -0.780547 -0.199096 1.452071 0.839591 -0.287632 0.159608 -0.432296
1305031947.568989 -0.768024 -0.210467 1.450794 0.842967 -0.276014 0.151373 -0.436244
1305031947.605177 -0.753158 -0.223859 1.449645 0.847529 -0.257634 0.146551 -0.440275
1305031947.637085 -0.739785 -0.236631 1.448849 0.849244 -0.244602 0.143478 -0.445386
1305031947.669011 -0.726372 -0.249631 1.447997 0.850287 -0.231238 0.137932 -0.452234
1305031947.705153 -0.711105 -0.264205 1.447173 0.850955 -0.211423 0.133154 -0.462001
1305031947.736979 -0.697483 -0.277172 1.446273 0.851701 -0.194423 0.130296 -0.468858
1305031947.769041 -0.683446 -0.290033 1.445386 0.850418 -0.179489 0.127906 -0.477716
1305031947.804941 -0.666871 -0.304481 1.443952 0.851542 -0.167512 0.126653 -0.480391
1305031947.837022 -0.652764 -0.316378 1.442407 0.851061 -0.154979 0.125115 -0.485822
1305031947.868988 -0.638982 -0.327295 1.440986 0.850902 -0.141204 0.123576 -0.490669
1305031947.904995 -0.624297 -0.338615 1.438887 0.853210 -0.128249 0.120863 -0.490894
1305031947.937025 -0.611767 -0.347173 1.437485 0.853729 -0.117183 0.117124 -0.493657
1305031947.968976 -0.599092 -0.355066 1.435786 0.856075 -0.108548 0.113576 -0.492395
1305031948.004911 -0.584733 -0.363367 1.434094 0.858785 -0.100297 0.109614 -0.490319
1305031948.037003 -0.571637 -0.370223 1.433036 0.858368 -0.095379 0.106179 -0.492782
1305031948.068973 -0.558427 -0.376631 1.432093 0.857571 -0.092583 0.105288 -0.494889
1305031948.104993 -0.543199 -0.382467 1.430890 0.856302 -0.088371 0.102585 -0.498411
1305031948.136951 -0.529552 -0.387155 1.429570 0.857200 -0.083945 0.098174 -0.498520
1305031948.168952 -0.515731 -0.390715 1.428192 -0.856581 0.076755 -0.093678 0.501600
1305031948.204992 -0.499472 -0.393485 1.426389 -0.856559 0.066943 -0.089253 0.503844
1305031948.237002 -0.484245 -0.395792 1.424508 -0.858211 0.058405 -0.084914 0.502844
1305031948.269041 -0.468126 -0.395897 1.422373 -0.857233 0.052756 -0.079230 0.506054
1305031948.304939 -0.448841 -0.395253 1.419668 -0.856837 0.050014 -0.072496 0.508009
1305031948.337101 -0.430343 -0.394164 1.417212 -0.857959 0.050552 -0.070669 0.506316
1305031948.368969 -0.411336 -0.392787 1.414881 -0.859489 0.051399 -0.070307 0.503680
1305031948.404989 -0.389039 -0.390481 1.412367 -0.859873 0.051377 -0.071758 0.502821
1305031948.436942 -0.368254 -0.388042 1.409842 0.863974 -0.052810 0.073181 -0.495383
1305031948.469170 -0.347588 -0.385539 1.408272 0.868342 -0.054607 0.069598 -0.488012
1305031948.505024 -0.323892 -0.381515 1.406351 0.870316 -0.054300 0.069013 -0.484601
1305031948.537017 -0.302877 -0.378178 1.405336 0.873110 -0.054549 0.070060 -0.479369
1305031948.568891 -0.281943 -0.374994 1.404500 0.873289 -0.054396 0.073305 -0.478574
1305031948.605001 -0.258991 -0.371874 1.404049 0.875906 -0.051562 0.077593 -0.473402
1305031948.636912 -0.239755 -0.368697 1.403636 0.878013 -0.049516 0.081487 -0.469043
1305031948.669040 -0.220789 -0.366166 1.403190 0.879248 -0.046077 0.084980 -0.466452
1305031948.705075 -0.199213 -0.363321 1.402211 0.881330 -0.044189 0.092446 -0.461258
1305031948.737063 -0.180159 -0.361466 1.401250 0.883142 -0.045369 0.096186 -0.456892
1305031948.768899 -0.161442 -0.359593 1.399694 0.884569 -0.047806 0.096701 -0.453764
1305031948.804975 -0.140182 -0.357526 1.397426 0.887525 -0.051810 0.098311 -0.447158
1305031948.837073 -0.121473 -0.355484 1.395034 0.889825 -0.057099 0.098335 -0.441907
1305031948.868835 -0.102923 -0.353393 1.391688 0.894456 -0.062930 0.097899 -0.431746
1305031948.905077 -0.082327 -0.351547 1.387579 0.900344 -0.070136 0.094879 -0.418878
1305031948.936996 -0.064765 -0.349807 1.382968 0.904431 -0.074241 0.090187 -0.410315
1305031948.968952 -0.047566 -0.347377 1.376945 0.910482 -0.075794 0.085359 -0.397481
1305031949.005006 -0.028935 -0.344341 1.369011 0.918192 -0.076273 0.079170 -0.380575
1305031949.037089 -0.013073 -0.341929 1.361403 0.923953 -0.077669 0.076949 -0.366549
1305031949.069061 0.001917 -0.339882 1.353735 0.930000 -0.078586 0.074752 -0.351194
1305031949.105077 0.017662 -0.337761 1.345031 0.936000 -0.076058 0.067444 -0.337002
1305031949.137263 0.031091 -0.336061 1.337235 0.941073 -0.070988 0.060449 -0.325097
1305031949.168946 0.043555 -0.335200 1.330369 0.944838 -0.064360 0.052355 -0.316855
1305031949.204940 0.057496 -0.334575 1.322890 0.949242 -0.052616 0.042602 -0.307175
1305031949.237011 0.069951 -0.334137 1.316710 0.952199 -0.040776 0.034393 -0.300785
1305031949.268994 0.082315 -0.333900 1.311462 0.954850 -0.030204 0.026433 -0.294366
1305031949.305254 0.096479 -0.333800 1.306891 0.955835 -0.018008 0.019398 -0.292709
1305031949.337227 0.109411 -0.333600 1.303647 0.957100 -0.005189 0.014962 -0.289325
1305031949.368902 0.122261 -0.333198 1.301604 0.958668 0.008161 0.013003 -0.284112
1305031949.405064 0.137346 -0.333664 1.301591 0.959287 0.021964 0.014027 -0.281229
1305031949.437094 0.150366 -0.334100 1.302898 0.957930 0.032785 0.012719 -0.284840
1305031949.468902 0.162939 -0.334299 1.305310 0.957430 0.043431 0.009687 -0.285214
1305031949.505002 0.176581 -0.334100 1.309740 0.956629 0.052702 0.005011 -0.286458
1305031949.537017 0.187911 -0.333700 1.315080 0.954511 0.060130 0.000069 -0.292051
1305031949.568988 0.198357 -0.332992 1.321540 0.950883 0.068869 -0.005129 -0.301749
1305031949.604798 0.209107 -0.331656 1.329564 0.947151 0.080504 -0.009066 -0.310390
1305031949.637172 0.217968 -0.330446 1.337683 0.943001 0.088528 -0.012499 -0.320555
1305031949.668955 0.225761 -0.328782 1.345969 0.937509 0.094544 -0.015812 -0.334496
1305031949.705003 0.233787 -0.326359 1.355928 0.931938 0.100871 -0.016274 -0.347926
1305031949.736949 0.240164 -0.323941 1.364987 0.927391 0.103150 -0.016994 -0.359191
1305031949.768985 0.246043 -0.321480 1.374483 0.921772 0.102994 -0.018612 -0.373340
1305031949.804939 0.251712 -0.318906 1.385353 0.914902 0.105078 -0.019114 -0.389291
1305031949.836964 0.256740 -0.316622 1.395279 0.908569 0.107398 -0.018970 -0.403246
1305031949.868951 0.261438 -0.314177 1.405078 0.901118 0.108216 -0.020717 -0.419340
1305031949.904851 0.266623 -0.311146 1.416207 0.891548 0.109496 -0.021601 -0.438960
1305031949.936858 0.271805 -0.308711 1.425847 0.883974 0.109774 -0.018640 -0.454084
1305031949.968881 0.277231 -0.306086 1.435254 0.876441 0.107868 -0.014169 -0.469057
1305031950.004952 0.283419 -0.302941 1.445802 0.868330 0.101517 -0.009241 -0.485398
1305031950.036989 0.288992 -0.300454 1.455221 0.861889 0.093463 -0.006154 -0.498371
1305031950.069081 0.294351 -0.296763 1.464482 -0.852929 -0.083195 0.002766 0.515348
1305031950.104966 0.300540 -0.292999 1.475242 -0.843314 -0.071733 0.000187 0.532612
1305031950.136997 0.305910 -0.289470 1.485455 -0.829762 -0.060778 -0.000383 0.554797
1305031950.168914 0.310616 -0.285987 1.495336 -0.815624 -0.050562 -0.000401 0.576368
1305031950.204933 0.315867 -0.282057 1.506358 -0.798465 -0.040275 -0.002281 0.600688
1305031950.237027 0.320397 -0.278420 1.516276 -0.782295 -0.033405 -0.006280 0.621980
1305031950.269033 0.324431 -0.274574 1.525666 -0.769439 -0.028377 -0.009931 0.638012
1305031950.304978 0.328828 -0.270286 1.535395 -0.756942 -0.024200 -0.015802 0.652842
1305031950.337197 0.332338 -0.266962 1.543695 -0.746603 -0.022565 -0.020155 0.664581
1305031950.368911 0.335491 -0.263409 1.551478 -0.734815 -0.021303 -0.022895 0.677546
1305031950.404939 0.338749 -0.259690 1.559581 -0.721934 -0.022905 -0.024683 0.691142
1305031950.436983 0.341463 -0.256389 1.566357 -0.711345 -0.025928 -0.024220 0.701947
1305031950.468976 0.344125 -0.252967 1.571841 -0.701646 -0.028518 -0.022084 0.711612
1305031950.504938 0.347199 -0.248651 1.576749 -0.693197 -0.029663 -0.020188 0.719855
1305031950.536894 0.350019 -0.244635 1.579674 -0.689386 -0.028854 -0.018354 0.723587
1305031950.568883 0.352918 -0.240369 1.581102 -0.688303 -0.026478 -0.018304 0.724709
1305031950.604862 0.356531 -0.235199 1.580715 -0.690095 -0.020591 -0.017738 0.723209
1305031950.637006 0.359548 -0.230820 1.578569 -0.693972 -0.015636 -0.016902 0.719633
1305031950.668910 0.362721 -0.226673 1.574771 -0.700414 -0.013291 -0.016387 0.713425
1305031950.704873 0.366250 -0.222167 1.569000 -0.708909 -0.013989 -0.013811 0.705026
1305031950.736893 0.369483 -0.218717 1.562661 -0.719290 -0.016784 -0.011645 0.694409
1305031950.768897 0.373126 -0.215882 1.555453 -0.730909 -0.019520 -0.008773 0.682139
1305031950.804899 0.377968 -0.213228 1.546750 -0.744646 -0.022734 -0.005204 0.667052
1305031950.837135 0.382834 -0.211583 1.538433 -0.757087 -0.023866 -0.003050 0.652871
1305031950.869014 0.388350 -0.210491 1.530218 -0.767993 -0.024310 0.000441 0.639997
1305031950.904883 0.394837 -0.209900 1.520892 -0.779517 -0.025423 0.004371 0.625849
1305031950.936970 0.401401 -0.210309 1.512799 -0.790126 -0.027265 0.006764 0.612301
1305031950.968904 0.408443 -0.211008 1.504751 -0.798051 -0.030229 0.010514 0.601740
1305031951.004836 0.416973 -0.213091 1.496389 -0.804760 -0.034898 0.012830 0.592435
1305031951.036930 0.425230 -0.215292 1.489679 -0.807401 -0.040111 0.014128 0.588469
1305031951.069013 0.433891 -0.218322 1.483241 -0.812728 -0.044862 0.014800 0.580725
1305031951.104800 0.444291 -0.221871 1.476602 -0.818153 -0.051136 0.015544 0.572511
1305031951.136893 0.454222 -0.225965 1.471207 -0.822826 -0.058283 0.018255 0.565001
1305031951.168908 0.463767 -0.230427 1.465867 -0.827265 -0.067062 0.021422 0.557383
1305031951.204914 0.475464 -0.236643 1.459681 -0.835749 -0.080600 0.026071 0.542539
1305031951.236957 0.486238 -0.242604 1.453814 -0.842892 -0.094635 0.028701 0.528917
1305031951.268906 0.498180 -0.249343 1.448161 -0.847764 -0.108383 0.027792 0.518438
1305031951.304862 0.512450 -0.256971 1.441391 -0.849394 -0.124636 0.026284 0.512158
1305031951.336937 0.525842 -0.263647 1.435335 -0.852913 -0.139893 0.023795 0.502397
1305031951.368840 0.540364 -0.269724 1.429375 0.856696 0.153049 -0.020193 -0.492179
1305031951.404865 0.557621 -0.275825 1.422990 0.858784 0.165132 -0.017661 -0.484675
1305031951.436903 0.574230 -0.280730 1.417205 0.862496 0.172391 -0.013551 -0.475602
1305031951.468857 0.591383 -0.284714 1.411575 0.866015 0.175500 -0.011198 -0.468074
1305031951.504916 0.611019 -0.287735 1.405343 0.870669 0.175222 -0.010313 -0.459484
1305031951.536888 0.628785 -0.289609 1.399908 0.875737 0.171577 -0.008891 -0.451185
1305031951.569006 0.646671 -0.290803 1.394348 0.880368 0.166768 -0.007891 -0.443935
1305031951.604927 0.666400 -0.290538 1.387817 0.884688 0.163789 -0.007825 -0.436394
1305031951.636936 0.683830 -0.289106 1.381553 0.887711 0.162780 -0.005565 -0.430629
1305031951.668929 0.701216 -0.286598 1.375294 0.891720 0.162001 -0.000796 -0.422600
1305031951.704880 0.720737 -0.282273 1.367802 0.896596 0.158603 0.002133 -0.413468
1305031951.736828 0.737908 -0.277337 1.360912 0.902273 0.154867 0.004169 -0.402370
1305031951.768926 0.754920 -0.271962 1.353853 0.907092 0.150862 0.005716 -0.392927
1305031951.804886 0.773885 -0.265598 1.346414 0.911725 0.145741 0.008390 -0.383987
1305031951.836932 0.790581 -0.259354 1.339589 0.915748 0.141231 0.012488 -0.375904
1305031951.868913 0.807209 -0.252851 1.332857 0.919688 0.136964 0.015608 -0.367656
1305031951.904907 0.825403 -0.245497 1.325859 0.923407 0.131253 0.017572 -0.360253
1305031951.936962 0.841066 -0.239165 1.319995 0.926647 0.126622 0.019430 -0.353432
1305031951.968839 0.856364 -0.232369 1.314576 0.928811 0.123697 0.016879 -0.348891
1305031952.004839 0.872514 -0.224563 1.308988 0.930635 0.122966 0.010845 -0.344501
1305031952.037104 0.886214 -0.217567 1.304892 0.931261 0.125206 0.005287 -0.342125
1305031952.068888 0.898873 -0.210555 1.301785 0.930020 0.129737 -0.000434 -0.343847
1305031952.105135 0.912481 -0.202120 1.299278 0.926342 0.138914 -0.006865 -0.350067
1305031952.136943 0.923220 -0.194357 1.297688 0.922726 0.152109 -0.014208 -0.353888
1305031952.168932 0.933070 -0.185742 1.296595 0.920393 0.166808 -0.024279 -0.352792
1305031952.204914 0.943240 -0.176322 1.296262 0.916761 0.185065 -0.034091 -0.352332
1305031952.236877 0.951808 -0.167629 1.297127 0.910979 0.204805 -0.040717 -0.355689
1305031952.268902 0.959649 -0.158743 1.298510 0.906769 0.221588 -0.047228 -0.355581
1305031952.304888 0.968070 -0.148685 1.300874 0.903218 0.237087 -0.051551 -0.354019
1305031952.336993 0.975590 -0.139112 1.303446 0.897962 0.247507 -0.051734 -0.360178
1305031952.368960 0.983168 -0.129017 1.305818 0.895478 0.252603 -0.050588 -0.362977
1305031952.404918 0.991807 -0.117661 1.308580 0.895960 0.251118 -0.050046 -0.362892
1305031952.437054 0.999305 -0.107277 1.311152 0.896533 0.247420 -0.051202 -0.363854
1305031952.468939 1.006057 -0.097423 1.313417 0.896409 0.244686 -0.052505 -0.365819
1305031952.504868 1.013635 -0.086436 1.315694 0.895833 0.242821 -0.053123 -0.368373
1305031952.536948 1.019950 -0.077191 1.317512 0.895057 0.241079 -0.053320 -0.371364
1305031952.568932 1.025442 -0.068639 1.319512 0.892914 0.239626 -0.054407 -0.377257
1305031952.604926 1.030868 -0.059687 1.320948 0.890450 0.239254 -0.056497 -0.382968
1305031952.636992 1.034895 -0.052376 1.322132 0.888203 0.238957 -0.059444 -0.387895
1305031952.668899 1.038016 -0.045560 1.323006 0.884587 0.238999 -0.063740 -0.395377
1305031952.704918 1.040735 -0.038843 1.323562 0.879927 0.237437 -0.071779 -0.405216
1305031952.736938 1.042412 -0.033400 1.324082 0.874876 0.238248 -0.080368 -0.413970
1305031952.768957 1.043805 -0.028464 1.324400 0.869703 0.242636 -0.090290 -0.420229
1305031952.804919 1.044849 -0.023654 1.324949 0.861722 0.249244 -0.105237 -0.429229
1305031952.836931 1.045829 -0.019612 1.325829 0.853177 0.255989 -0.119273 -0.438558
1305031952.868991 1.046823 -0.015483 1.327015 0.844839 0.262844 -0.133699 -0.446414
1305031952.904920 1.049173 -0.011829 1.329560 0.833891 0.271360 -0.147902 -0.457291
1305031952.936984 1.051663 -0.007823 1.333011 0.823780 0.282260 -0.159017 -0.465220
1305031952.972903 1.054778 -0.003154 1.337120 0.818281 0.293508 -0.170555 -0.463876
1305031953.004869 1.058040 0.001002 1.341664 0.810481 0.299005 -0.181709 -0.469787
1305031953.036943 1.062122 0.005274 1.346704 0.805115 0.306218 -0.186995 -0.472284
1305031953.073127 1.066187 0.010520 1.352164 0.798659 0.313646 -0.192211 -0.476261
1305031953.104909 1.069859 0.014969 1.356507 0.794843 0.319436 -0.196659 -0.476980
1305031953.137098 1.073072 0.019008 1.361076 0.790882 0.324199 -0.201022 -0.478530
1305031953.172998 1.076630 0.022787 1.366002 0.786209 0.330259 -0.203042 -0.481226
1305031953.204992 1.079140 0.025766 1.370281 0.781125 0.337051 -0.204436 -0.484196
1305031953.237103 1.081136 0.027904 1.374408 0.775148 0.345249 -0.206486 -0.487147
1305031953.273087 1.082532 0.029675 1.379214 0.768520 0.353900 -0.210620 -0.489665
1305031953.304968 1.083263 0.030688 1.383315 0.762859 0.359146 -0.213093 -0.493611
1305031953.337012 1.083649 0.030900 1.387747 0.757126 0.364841 -0.215063 -0.497392
1305031953.372964 1.082885 0.029985 1.392860 -0.751353 -0.368251 0.220343 0.501307
1305031953.404920 1.081665 0.028189 1.397633 -0.746419 -0.371916 0.226387 0.503276
1305031953.436876 1.079504 0.025557 1.402421 -0.743734 -0.376082 0.232696 0.501273
1305031953.473261 1.076677 0.021800 1.407892 0.743241 0.376775 -0.238883 -0.498566
1305031953.504919 1.074927 0.017029 1.412408 0.744211 0.376543 -0.243347 -0.495123
1305031953.536948 1.072075 0.012063 1.416390 0.745965 0.377111 -0.247556 -0.489937
1305031953.572862 1.069709 0.005992 1.420175 0.747630 0.378986 -0.248502 -0.485454
1305031953.604882 1.067929 0.000473 1.423033 0.750069 0.379656 -0.247425 -0.481704
1305031953.636962 1.065639 -0.005252 1.425013 0.756055 0.378119 -0.246889 -0.473764
1305031953.673021 1.064157 -0.012078 1.426773 0.762578 0.371093 -0.247027 -0.468768
1305031953.704929 1.062813 -0.018021 1.427662 0.767052 0.364474 -0.246894 -0.466726
1305031953.736982 1.061569 -0.023491 1.427500 0.771405 0.361244 -0.245525 -0.462769
1305031953.772886 1.060442 -0.030034 1.427258 0.778223 0.354273 -0.244599 -0.457198
1305031953.804859 1.059400 -0.035815 1.426538 0.785383 0.344126 -0.244097 -0.452955
1305031953.836840 1.058156 -0.041565 1.425474 0.795800 0.335127 -0.239245 -0.444020
1305031953.872987 1.056571 -0.047672 1.424671 0.806056 0.322599 -0.233071 -0.438042
1305031953.904912 1.055252 -0.053318 1.423714 0.815030 0.311180 -0.224858 -0.433971
1305031953.936924 1.053389 -0.058998 1.422736 0.824449 0.301666 -0.212326 -0.429185
1305031953.972857 1.050792 -0.065265 1.422158 0.831561 0.288993 -0.197812 -0.431114
1305031954.004852 1.048931 -0.071307 1.421962 0.838134 0.280527 -0.180729 -0.431478
1305031954.036921 1.046342 -0.076798 1.422264 0.843046 0.274419 -0.164671 -0.432262
1305031954.072918 1.043074 -0.083810 1.423513 0.847880 0.268137 -0.149570 -0.432238
1305031954.104933 1.040010 -0.089991 1.425702 0.852110 0.262778 -0.135127 -0.431968
1305031954.136939 1.036594 -0.096348 1.428724 0.855567 0.256979 -0.120901 -0.432840
1305031954.172997 1.032421 -0.104301 1.433209 0.858842 0.249150 -0.107648 -0.434426
1305031954.204838 1.028079 -0.111912 1.437882 0.860217 0.242332 -0.097897 -0.437856
1305031954.237023 1.022885 -0.119881 1.443215 0.860000 0.237427 -0.089206 -0.442798
1305031954.272870 1.016166 -0.129526 1.449551 0.858528 0.232156 -0.082674 -0.449664
1305031954.304869 1.008995 -0.138730 1.455240 0.858552 0.226450 -0.077636 -0.453411
1305031954.336921 1.001145 -0.147884 1.460518 0.859865 0.221630 -0.072885 -0.454092
1305031954.372872 0.990778 -0.159291 1.466374 0.860928 0.218000 -0.068126 -0.454574
1305031954.404711 0.981137 -0.169624 1.471302 0.860388 0.217657 -0.063298 -0.456455
1305031954.436896 0.971059 -0.180205 1.476029 0.861174 0.216126 -0.056743 -0.456562
1305031954.472974 0.959432 -0.191853 1.480613 0.863901 0.210203 -0.050902 -0.454860
1305031954.504827 0.948756 -0.202583 1.484497 0.866875 0.202309 -0.047710 -0.453126
1305031954.536934 0.938065 -0.213335 1.488023 0.869873 0.194385 -0.043135 -0.451304
1305031954.572946 0.926294 -0.225120 1.491387 0.875254 0.182861 -0.037684 -0.446175
1305031954.604885 0.915373 -0.235441 1.494780 0.876675 0.170549 -0.037339 -0.448286
1305031954.636862 0.904343 -0.245530 1.498216 0.874567 0.164576 -0.035164 -0.454765
1305031954.672891 0.890949 -0.256173 1.501635 0.871161 0.161457 -0.032842 -0.462527
1305031954.704892 0.878747 -0.264886 1.504095 0.870135 0.161368 -0.033175 -0.464462
1305031954.736939 0.866431 -0.273118 1.506517 0.869321 0.162262 -0.031299 -0.465803
1305031954.773183 0.852821 -0.282098 1.508972 0.867493 0.164000 -0.030791 -0.468627
1305031954.804833 0.841354 -0.289411 1.510707 0.866953 0.162565 -0.029910 -0.470181
1305031954.836924 0.830022 -0.296309 1.512029 0.867426 0.159095 -0.027342 -0.470652
1305031954.873001 0.818053 -0.303660 1.513386 0.866251 0.156013 -0.023955 -0.474020
1305031954.904866 0.808746 -0.309528 1.513963 0.867833 0.149423 -0.019574 -0.473451
1305031954.937022 0.799593 -0.314936 1.514382 0.869477 0.143043 -0.017135 -0.472499
1305031954.972931 0.789785 -0.320886 1.514557 0.869786 0.140159 -0.012571 -0.472937
1305031955.004936 0.782041 -0.325798 1.513875 0.871223 0.136841 -0.007476 -0.471370
1305031955.036969 0.774115 -0.330558 1.512487 0.871766 0.134669 -0.003925 -0.471035
1305031955.073048 0.766034 -0.335383 1.509849 0.874162 0.132840 0.001615 -0.467110
1305031955.104929 0.759184 -0.339052 1.506811 0.876767 0.130426 0.004551 -0.462870
1305031955.136878 0.752870 -0.342277 1.503297 0.878470 0.130446 0.006027 -0.459606
1305031955.173003 0.746268 -0.345501 1.498741 0.881743 0.129040 0.008243 -0.453662
1305031955.204960 0.740936 -0.347963 1.494849 0.884061 0.129536 0.008625 -0.448979
1305031955.236857 0.736055 -0.349827 1.491101 0.884367 0.131735 0.010009 -0.447706
1305031955.272905 0.731774 -0.351713 1.487416 0.887297 0.131725 0.013683 -0.441775
1305031955.304880 0.728501 -0.352687 1.484438 0.888936 0.130211 0.014462 -0.438894
1305031955.337035 0.725917 -0.353383 1.482033 0.890401 0.127883 0.016000 -0.436550
1305031955.372861 0.723930 -0.353700 1.479744 0.892951 0.123120 0.017128 -0.432651
1305031955.404928 0.722611 -0.353763 1.478311 0.894331 0.118018 0.017526 -0.431204
1305031955.436909 0.721754 -0.353918 1.477154 0.896257 0.113032 0.018364 -0.428497
1305031955.472931 0.720770 -0.354200 1.476413 0.897224 0.111460 0.018987 -0.426855
1305031955.504893 0.720138 -0.354262 1.475776 0.897893 0.109864 0.019562 -0.425835
1305031955.536891 0.719838 -0.354581 1.475419 0.899125 0.107247 0.019056 -0.423920
1305031955.572893 0.719643 -0.354986 1.475543 0.898495 0.107185 0.018443 -0.425298
1305031955.604944 0.719700 -0.355426 1.475500 0.898055 0.106422 0.018937 -0.426396
1305031955.636881 0.719700 -0.355600 1.475582 0.898481 0.104669 0.018117 -0.425967
1305031955.672837 0.719925 -0.355842 1.475925 0.898978 0.104018 0.016833 -0.425129
1305031955.704890 0.720325 -0.356038 1.476225 0.898923 0.102526 0.016749 -0.425612
1305031955.736903 0.720600 -0.356264 1.476664 0.898605 0.101052 0.016126 -0.426658
1305031955.772963 0.720986 -0.356643 1.477243 0.898628 0.099042 0.014971 -0.427123
1305031955.804902 0.721624 -0.356962 1.477662 0.897980 0.096788 0.014538 -0.429014
1305031955.837019 0.722350 -0.357467 1.478367 0.898373 0.095832 0.014300 -0.428412
1305031955.872917 0.722984 -0.357858 1.478942 0.897358 0.093937 0.013400 -0.430980
1305031955.904911 0.723525 -0.358250 1.479425 0.897121 0.091738 0.013188 -0.431954
1305031955.937291 0.723986 -0.359386 1.480172 0.898009 0.091940 0.011628 -0.430106
1305031955.973194 0.724590 -0.360115 1.480835 0.897039 0.091532 0.010275 -0.432246
1305031956.004870 0.724924 -0.360924 1.481586 0.897095 0.089911 0.010610 -0.432462
1305031956.036937 0.725482 -0.361865 1.482365 0.896749 0.089154 0.011283 -0.433319
1305031956.073037 0.725844 -0.362444 1.483088 0.895680 0.087436 0.010900 -0.435883
1305031956.104901 0.726062 -0.362862 1.483624 0.894953 0.085850 0.011534 -0.437671
1305031956.136924 0.726300 -0.363418 1.484100 0.895486 0.084645 0.012994 -0.436774
