# timestamp tx ty tz qx qy qz qw
1305031910.765238 0.000000 0.000000 0.000000 0.000000 0.000000 0.000000 1.000000
1305031910.797230 -0.013527 0.001327 0.000563 0.005129 -0.001350 -0.008402 0.999951
1305031910.835208 -0.020302 -0.003314 0.005447 0.005320 -0.007401 -0.014538 0.999853
1305031910.865025 -0.032014 -0.007261 0.006494 0.006370 -0.012515 -0.022838 0.999641
1305031910.897222 -0.036039 -0.011431 0.013772 0.005861 -0.022564 -0.031596 0.999229
1305031910.935211 -0.033547 -0.021031 0.023628 0.006847 -0.031289 -0.037462 0.998785
1305031910.965249 -0.051015 -0.022145 0.024212 0.013040 -0.032590 -0.042079 0.998497
1305031910.997325 -0.064985 -0.017322 0.022228 0.015426 -0.039833 -0.050776 0.997796
1305031911.035050 -0.076939 -0.024182 0.029138 0.011762 -0.050026 -0.060211 0.996862
1305031911.065269 -0.094027 -0.023810 0.029954 0.012223 -0.064024 -0.070572 0.995375
1305031911.097196 -0.096942 -0.027936 0.039620 0.010170 -0.085078 -0.082480 0.992902
1305031911.135664 -0.096862 -0.033661 0.045556 0.012211 -0.101507 -0.093506 0.990355
1305031911.165177 -0.105342 -0.034480 0.040229 0.016081 -0.113391 -0.101589 0.988212
1305031911.197213 -0.113698 -0.034516 0.043222 0.018446 -0.124797 -0.108293 0.986082
1305031911.235651 -0.124090 -0.038312 0.047598 0.019982 -0.134823 -0.115034 0.983967
1305031911.265104 -0.127622 -0.037898 0.046648 0.021982 -0.146430 -0.123592 0.981224
1305031911.297334 -0.137435 -0.042526 0.052637 0.021043 -0.155466 -0.132092 0.978744
1305031911.333191 -0.142488 -0.045890 0.054561 0.022782 -0.165587 -0.137965 0.976231
1305031911.365235 -0.142053 -0.048701 0.061679 0.025733 -0.174962 -0.144097 0.973633
1305031911.397333 -0.151364 -0.050658 0.064195 0.029975 -0.178947 -0.148835 0.972074
1305031911.433256 -0.160645 -0.047450 0.064769 0.035117 -0.184537 -0.150998 0.970522
1305031911.465250 -0.171360 -0.047251 0.066419 0.036933 -0.191356 -0.151345 0.969079
1305031911.497291 -0.181296 -0.049848 0.066841 0.038193 -0.201815 -0.151748 0.966842
1305031911.533251 -0.185052 -0.050556 0.071737 0.040340 -0.213842 -0.152276 0.964083
1305031911.565335 -0.191288 -0.054662 0.075862 0.041959 -0.223635 -0.151674 0.961885
1305031911.597302 -0.198263 -0.055913 0.076910 0.047280 -0.236094 -0.153453 0.958372
1305031911.633337 -0.195864 -0.051786 0.084341 0.052360 -0.249632 -0.160266 0.953550
1305031911.665124 -0.197671 -0.048881 0.089735 0.055643 -0.259868 -0.168155 0.949261
1305031911.697167 -0.201531 -0.048708 0.091798 0.056273 -0.268840 -0.176051 0.945285
1305031911.733203 -0.203535 -0.045456 0.097436 0.057470 -0.277116 -0.184820 0.941141
1305031911.765284 -0.207803 -0.040828 0.101577 0.057754 -0.283139 -0.193616 0.937555
1305031911.797297 -0.210598 -0.037988 0.105874 0.056891 -0.288227 -0.201012 0.934496
1305031911.833338 -0.221216 -0.034846 0.102555 0.053283 -0.291043 -0.208964 0.932088
1305031911.865269 -0.228035 -0.029797 0.100330 0.049230 -0.297478 -0.214778 0.928953
1305031911.897159 -0.233734 -0.028904 0.102489 0.043279 -0.305899 -0.219679 0.925362
1305031911.933063 -0.237419 -0.027919 0.103283 0.036756 -0.317040 -0.225520 0.920476
1305031911.965140 -0.242771 -0.025517 0.103718 0.029779 -0.330882 -0.231775 0.914281
1305031911.997252 -0.236900 -0.029223 0.103853 0.020261 -0.349219 -0.238232 0.906025
1305031912.033135 -0.242573 -0.022144 0.109538 0.012147 -0.361656 -0.240898 0.900570
1305031912.065365 -0.243075 -0.021358 0.114633 0.005654 -0.372445 -0.242564 0.895776
1305031912.096953 -0.236834 -0.033115 0.123567 -0.001855 -0.383008 -0.248692 0.889637
1305031912.133282 -0.235840 -0.045072 0.132171 -0.005844 -0.390562 -0.258035 0.883655
1305031912.165138 -0.233337 -0.045655 0.134221 -0.001414 -0.396802 -0.269457 0.877462
1305031912.197357 -0.231845 -0.047573 0.136882 0.001646 -0.400670 -0.282121 0.871704
1305031912.233265 -0.230200 -0.049400 0.138296 0.005999 -0.403071 -0.293087 0.866947
1305031912.265090 -0.233199 -0.058434 0.139341 0.008433 -0.404738 -0.302125 0.863039
1305031912.297250 -0.237911 -0.067793 0.136560 0.016661 -0.407035 -0.306851 0.860167
1305031912.333274 -0.229659 -0.058673 0.136016 0.031226 -0.412244 -0.306347 0.857456
1305031912.365250 -0.226825 -0.056927 0.136173 0.037604 -0.416022 -0.306417 0.855348
1305031912.397198 -0.224802 -0.052713 0.132217 0.043337 -0.421622 -0.308052 0.851740
1305031912.433290 -0.220971 -0.052015 0.132739 0.045228 -0.428818 -0.314605 0.845632
1305031912.465142 -0.218274 -0.053274 0.131727 0.046085 -0.435767 -0.320979 0.839617
1305031912.497123 -0.212105 -0.049859 0.134233 0.045394 -0.441595 -0.326583 0.834432
1305031912.533113 -0.212923 -0.054187 0.135229 0.040172 -0.444993 -0.331165 0.831082
1305031912.565146 -0.210327 -0.055425 0.134476 0.036062 -0.450246 -0.332735 0.827808
1305031912.597090 -0.207743 -0.061008 0.140782 0.029838 -0.456438 -0.332904 0.824590
1305031912.633132 -0.205642 -0.063898 0.144935 0.027094 -0.461035 -0.334423 0.821507
1305031912.665220 -0.204051 -0.063237 0.145254 0.025251 -0.465317 -0.339117 0.817216
1305031912.697182 -0.203861 -0.065970 0.145982 0.022116 -0.471742 -0.345085 0.811102
1305031912.733125 -0.202539 -0.065662 0.146400 0.020241 -0.479007 -0.352278 0.803768
1305031912.765193 -0.199535 -0.070870 0.148908 0.018632 -0.483864 -0.357991 0.798356
1305031912.797155 -0.194980 -0.069965 0.150304 0.019023 -0.484537 -0.361106 0.796533
1305031912.833077 -0.194540 -0.073015 0.153390 0.017799 -0.482696 -0.363588 0.796550
1305031912.865153 -0.195145 -0.077103 0.156624 0.017925 -0.479967 -0.365791 0.797187
1305031912.897198 -0.193240 -0.075894 0.159075 0.021128 -0.476193 -0.365440 0.799529
1305031912.933115 -0.192169 -0.080224 0.160579 0.021596 -0.471480 -0.363431 0.803217
1305031912.965034 -0.194295 -0.087938 0.163180 0.024277 -0.469650 -0.364921 0.803538
1305031912.997049 -0.189387 -0.084822 0.161855 0.032655 -0.465919 -0.364271 0.805704
1305031913.033133 -0.187020 -0.085348 0.159095 0.036118 -0.462816 -0.361843 0.808434
1305031913.065209 -0.184252 -0.085738 0.160000 0.038423 -0.461443 -0.356638 0.811421
1305031913.097038 -0.179628 -0.083972 0.161236 0.040521 -0.457622 -0.347525 0.817415
1305031913.133146 -0.178314 -0.080739 0.163482 0.043042 -0.449642 -0.337077 0.826044
1305031913.165211 -0.177681 -0.078714 0.163975 0.044990 -0.438572 -0.323669 0.837179
1305031913.197113 -0.172938 -0.082392 0.166624 0.044487 -0.429521 -0.310782 0.846727
1305031913.233126 -0.172006 -0.078871 0.169039 0.045809 -0.418679 -0.295560 0.857469
1305031913.265022 -0.169182 -0.077722 0.170362 0.045745 -0.406949 -0.277533 0.869066
1305031913.297160 -0.166485 -0.077722 0.173040 0.046051 -0.393876 -0.261207 0.880064
1305031913.333122 -0.163085 -0.076690 0.175778 0.046961 -0.380000 -0.245836 0.890482
1305031913.365070 -0.156924 -0.079661 0.180168 0.047306 -0.368805 -0.234545 0.898183
1305031913.397099 -0.150907 -0.078432 0.183310 0.049751 -0.355890 -0.223897 0.905946
1305031913.433081 -0.145417 -0.082460 0.185367 0.051694 -0.339654 -0.212653 0.914736
1305031913.465231 -0.133662 -0.086388 0.181423 0.053538 -0.319183 -0.198704 0.925080
1305031913.497227 -0.128864 -0.084177 0.181637 0.054497 -0.292639 -0.180775 0.937397
1305031913.533297 -0.120536 -0.082205 0.177052 0.055043 -0.268173 -0.164728 0.947585
1305031913.565261 -0.117298 -0.082752 0.177005 0.054731 -0.243558 -0.150748 0.956535
1305031913.597139 -0.112719 -0.083849 0.173538 0.057477 -0.220778 -0.137160 0.963919
1305031913.633293 -0.103770 -0.073271 0.162964 0.061971 -0.197065 -0.123651 0.970585
1305031913.665421 -0.100618 -0.065879 0.157050 0.059973 -0.172026 -0.107716 0.977347
1305031913.697243 -0.091769 -0.065607 0.152253 0.054037 -0.149726 -0.089384 0.983195
1305031913.733097 -0.086027 -0.063442 0.141403 0.048187 -0.125601 -0.075433 0.988035
1305031913.765028 -0.084560 -0.066507 0.122679 0.038530 -0.099579 -0.062725 0.992303
1305031913.797106 -0.078687 -0.061807 0.115401 0.031230 -0.080256 -0.048134 0.995121
1305031913.833143 -0.072579 -0.063258 0.112600 0.022841 -0.061681 -0.033003 0.997289
1305031913.865063 -0.064676 -0.062973 0.103967 0.018510 -0.043572 -0.016967 0.998735
1305031913.897116 -0.061106 -0.059787 0.094948 0.014123 -0.024129 0.000677 0.999609
1305031913.933123 -0.048213 -0.060356 0.089869 0.010564 -0.011986 0.016374 0.999738
1305031913.965134 -0.039496 -0.055982 0.080037 0.011348 0.000831 0.027571 0.999555
1305031913.997116 -0.032506 -0.050183 0.073848 0.009885 0.015561 0.042014 0.998947
1305031914.033441 -0.015864 -0.049656 0.067469 0.009117 0.025426 0.058554 0.997919
1305031914.065072 -0.006974 -0.039056 0.056413 0.012053 0.039022 0.070691 0.996662
1305031914.097126 0.008051 -0.034876 0.049341 0.010287 0.050109 0.080595 0.995433
1305031914.133245 0.019971 -0.021260 0.042004 0.014280 0.061479 0.097027 0.993279
1305031914.165013 0.037590 -0.015915 0.033388 0.015394 0.070422 0.106901 0.991653
1305031914.197110 0.053826 -0.008511 0.025071 0.017458 0.080010 0.113129 0.990200
1305031914.233108 0.076711 -0.007752 0.020382 0.019593 0.090222 0.120510 0.988410
1305031914.265074 0.099154 -0.000421 0.008261 0.028144 0.101565 0.122830 0.986816
1305031914.297165 0.113663 0.004982 -0.012297 0.032376 0.111359 0.121780 0.985759
1305031914.333148 0.110150 0.014380 -0.025984 0.031954 0.125060 0.119934 0.984355
1305031914.365058 0.117463 0.022252 -0.032580 0.026173 0.130178 0.118102 0.984084
1305031914.397215 0.134618 0.038749 -0.043494 0.023265 0.127290 0.123204 0.983909
1305031914.433060 0.155673 0.046810 -0.053192 0.018605 0.124916 0.122660 0.984380
1305031914.465054 0.177219 0.056312 -0.063788 0.015183 0.122831 0.121617 0.984831
1305031914.497127 0.199199 0.066253 -0.076132 0.011837 0.122821 0.117971 0.985321
1305031914.533107 0.217570 0.074926 -0.088005 0.007415 0.124573 0.113405 0.985680
1305031914.565001 0.233682 0.080571 -0.099607 0.004150 0.125345 0.110258 0.985959
1305031914.597122 0.253278 0.093726 -0.112877 0.001953 0.125330 0.105674 0.986469
1305031914.633055 0.267303 0.111645 -0.122294 -0.001091 0.128877 0.105553 0.986026
1305031914.665019 0.283410 0.118361 -0.129357 -0.007841 0.133853 0.103773 0.985522
1305031914.697129 0.300741 0.121331 -0.137819 -0.012949 0.138529 0.103298 0.984871
1305031914.733078 0.315484 0.127022 -0.147061 -0.014081 0.142796 0.099631 0.984624
1305031914.764901 0.327516 0.138602 -0.157827 -0.016195 0.146652 0.098297 0.984159
1305031914.797119 0.341283 0.142786 -0.164206 -0.021784 0.146904 0.098656 0.983977
1305031914.833133 0.356067 0.142662 -0.171016 -0.025672 0.144868 0.097477 0.984303
1305031914.865128 0.369509 0.147236 -0.178893 -0.026095 0.141464 0.093750 0.985149
1305031914.897188 0.385601 0.150703 -0.185805 -0.026748 0.136338 0.092123 0.986007
1305031914.933099 0.396918 0.156246 -0.193051 -0.023288 0.131329 0.095126 0.986489
1305031914.964978 0.417722 0.166294 -0.201918 -0.017426 0.122511 0.090119 0.988214
1305031914.997078 0.437406 0.176416 -0.209998 -0.014658 0.117622 0.088186 0.989027
1305031915.033152 0.452015 0.176937 -0.216258 -0.015280 0.114546 0.088163 0.989380
1305031915.065009 0.473032 0.184662 -0.224190 -0.012782 0.109073 0.087091 0.990129
1305031915.097024 0.489838 0.185310 -0.230684 -0.013066 0.106485 0.083251 0.990737
1305031915.133208 0.509398 0.187743 -0.237357 -0.010291 0.102858 0.075210 0.991795
1305031915.165021 0.527124 0.189239 -0.243878 -0.006326 0.101134 0.064694 0.992747
1305031915.197108 0.541176 0.200615 -0.250411 0.002960 0.098127 0.055725 0.993608
1305031915.233111 0.560114 0.212836 -0.256569 0.009905 0.092859 0.045468 0.994591
1305031915.264979 0.575912 0.214668 -0.260552 0.010305 0.088327 0.037372 0.995337
1305031915.297152 0.588965 0.217813 -0.263848 0.012067 0.081075 0.030563 0.996166
1305031915.333207 0.607589 0.219846 -0.268505 0.012570 0.069002 0.024089 0.997246
1305031915.365050 0.627671 0.219762 -0.273246 0.012568 0.056632 0.016500 0.998180
1305031915.397167 0.647265 0.221257 -0.277800 0.012388 0.044899 0.008509 0.998878
1305031915.432960 0.667501 0.216699 -0.280788 0.011158 0.032813 -0.001495 0.999398
1305031915.464920 0.684796 0.218140 -0.286049 0.013147 0.021453 -0.017924 0.999523
1305031915.497121 0.698201 0.230274 -0.291253 0.015113 0.009612 -0.031507 0.999343
1305031915.533058 0.719295 0.225378 -0.293919 0.010807 -0.004509 -0.042512 0.999027
1305031915.564985 0.744380 0.221785 -0.299390 0.010817 -0.015987 -0.054709 0.998316
1305031915.601161 0.768275 0.219955 -0.303949 0.011088 -0.020951 -0.068381 0.997378
1305031915.633062 0.788998 0.215644 -0.307127 0.010337 -0.021012 -0.077467 0.996720
1305031915.665003 0.803945 0.210132 -0.308097 0.011349 -0.019671 -0.083240 0.996271
1305031915.701106 0.816247 0.212848 -0.309821 0.015995 -0.020454 -0.088590 0.995730
1305031915.733046 0.824301 0.217224 -0.309189 0.017811 -0.025730 -0.092038 0.995264
1305031915.765010 0.839653 0.220602 -0.308356 0.015296 -0.041205 -0.096922 0.994321
1305031915.801243 0.854429 0.221046 -0.304383 0.012635 -0.057656 -0.101178 0.993116
1305031915.833049 0.876370 0.217287 -0.306756 0.013298 -0.076203 -0.110391 0.990873
1305031915.865069 0.895293 0.221115 -0.305971 0.012404 -0.091167 -0.120784 0.988406
1305031915.901234 0.913837 0.219089 -0.303874 0.009257 -0.105223 -0.131038 0.985734
1305031915.933056 0.934002 0.217801 -0.301653 0.005161 -0.117014 -0.140383 0.983145
1305031915.965061 0.952574 0.205425 -0.298413 0.000589 -0.126274 -0.146354 0.981140
1305031916.001234 0.973572 0.208891 -0.296185 0.002783 -0.133294 -0.154230 0.978998
1305031916.033043 0.989807 0.200462 -0.291134 -0.001721 -0.138534 -0.164413 0.976613
1305031916.065060 0.999562 0.184770 -0.291055 0.003012 -0.142751 -0.173749 0.974384
1305031916.101115 1.010963 0.177371 -0.292827 0.021521 -0.150671 -0.180377 0.971751
1305031916.133093 1.022588 0.169152 -0.296298 0.041699 -0.163799 -0.184005 0.968284
1305031916.165155 1.040890 0.182108 -0.302251 0.068066 -0.179726 -0.186579 0.963459
1305031916.201031 1.062778 0.188366 -0.303564 0.079606 -0.199519 -0.190627 0.957871
1305031916.233050 1.084395 0.173562 -0.302318 0.085473 -0.217538 -0.194973 0.952553
1305031916.265060 1.106538 0.167795 -0.300527 0.099889 -0.230367 -0.201875 0.946678
1305031916.301076 1.126263 0.163262 -0.300427 0.113344 -0.239576 -0.208872 0.941344
1305031916.333426 1.144149 0.153834 -0.301429 0.128513 -0.245875 -0.215319 0.936305
1305031916.365121 1.163377 0.154490 -0.299889 0.150959 -0.248046 -0.222890 0.930594
1305031916.401006 1.179111 0.149067 -0.304031 0.168686 -0.245861 -0.227309 0.927053
1305031916.433168 1.189202 0.142243 -0.308059 0.183448 -0.245158 -0.224507 0.925117
1305031916.465124 1.199646 0.140824 -0.313021 0.197140 -0.247863 -0.218709 0.922966
1305031916.501025 1.206490 0.139193 -0.319403 0.207823 -0.254024 -0.213038 0.920269
1305031916.533266 1.215125 0.130259 -0.322339 0.218640 -0.266245 -0.209731 0.915054
1305031916.565142 1.223444 0.126134 -0.331487 0.230192 -0.278058 -0.208087 0.909063
1305031916.601238 1.237665 0.126026 -0.329110 0.237254 -0.291562 -0.207953 0.903027
1305031916.633156 1.247475 0.110229 -0.325453 0.242437 -0.305560 -0.208300 0.896922
1305031916.665139 1.264220 0.099938 -0.317561 0.250166 -0.316797 -0.209726 0.890546
1305031916.701048 1.273917 0.092260 -0.309918 0.259503 -0.324333 -0.210947 0.884854
1305031916.733056 1.280012 0.083904 -0.302418 0.266983 -0.332726 -0.211318 0.879408
1305031916.765076 1.288930 0.080021 -0.291269 0.275688 -0.341898 -0.209942 0.873514
1305031916.801088 1.298410 0.070743 -0.283532 0.283089 -0.351557 -0.204645 0.868556
1305031916.833266 1.306992 0.058450 -0.272723 0.289980 -0.360897 -0.201971 0.863060
1305031916.865085 1.315113 0.047804 -0.263125 0.295749 -0.369837 -0.199559 0.857863
1305031916.901017 1.318881 0.036323 -0.258250 0.302412 -0.379796 -0.195578 0.852086
1305031916.933088 1.326155 0.023508 -0.247341 0.309331 -0.390000 -0.192057 0.845771
1305031916.965054 1.331948 0.017579 -0.236601 0.317107 -0.397388 -0.189714 0.839961
1305031917.001132 1.335071 -0.003980 -0.241356 0.321544 -0.404665 -0.186410 0.835528
1305031917.033155 1.341670 -0.017308 -0.238016 0.333563 -0.412560 -0.181743 0.827949
1305031917.065136 1.348082 -0.022890 -0.228366 0.348824 -0.419440 -0.177540 0.819067
1305031917.101130 1.352219 -0.039272 -0.240579 0.362814 -0.422015 -0.181224 0.810819
1305031917.133106 1.355852 -0.064250 -0.257284 0.376964 -0.423312 -0.182878 0.803281
1305031917.165045 1.361514 -0.079728 -0.260292 0.392742 -0.426347 -0.178771 0.794999
1305031917.201175 1.365892 -0.080912 -0.251961 0.407544 -0.428270 -0.174419 0.787446
1305031917.233102 1.374603 -0.075050 -0.232611 0.420259 -0.431255 -0.165947 0.780937
1305031917.265163 1.378539 -0.086204 -0.230385 0.429211 -0.435556 -0.158515 0.775204
1305031917.301107 1.385867 -0.079820 -0.209538 0.437589 -0.440328 -0.153998 0.768708
1305031917.333229 1.396536 -0.102788 -0.201556 0.436169 -0.445837 -0.154867 0.766161
1305031917.365138 1.406190 -0.121944 -0.205354 0.433065 -0.450308 -0.157260 0.764818
1305031917.401065 1.408847 -0.120787 -0.196622 0.430242 -0.452975 -0.159386 0.764396
1305031917.433141 1.416890 -0.127681 -0.187574 0.424361 -0.453763 -0.164530 0.766125
1305031917.465076 1.423492 -0.127986 -0.174632 0.414481 -0.453262 -0.167630 0.771142
1305031917.501158 1.427033 -0.140810 -0.176517 0.398257 -0.451335 -0.174384 0.779281
1305031917.533057 1.432620 -0.152564 -0.186297 0.382906 -0.449136 -0.183751 0.786063
1305031917.565195 1.437371 -0.156466 -0.179613 0.370401 -0.447586 -0.194285 0.790394
1305031917.601069 1.444071 -0.165611 -0.172532 0.356483 -0.447146 -0.204305 0.794506
1305031917.633090 1.455558 -0.166340 -0.146080 0.344756 -0.449798 -0.210851 0.796471
1305031917.665060 1.463965 -0.166701 -0.135041 0.333191 -0.451455 -0.217258 0.798731
1305031917.701096 1.471809 -0.165033 -0.120522 0.320399 -0.454366 -0.220792 0.801341
1305031917.733003 1.477358 -0.177070 -0.120554 0.304724 -0.457285 -0.225423 0.804498
1305031917.765114 1.492744 -0.154824 -0.079923 0.292932 -0.462549 -0.228566 0.804983
1305031917.801048 1.502269 -0.157198 -0.069262 0.273557 -0.464558 -0.234466 0.808937
1305031917.833090 1.512878 -0.149783 -0.047879 0.256377 -0.467227 -0.240422 0.811275
1305031917.865107 1.525358 -0.148690 -0.030848 0.239111 -0.468434 -0.249822 0.813009
1305031917.901060 1.536446 -0.146122 -0.016440 0.225044 -0.466347 -0.260370 0.814913
1305031917.932948 1.547470 -0.141574 -0.006248 0.207933 -0.463576 -0.268421 0.818420
1305031917.965346 1.556154 -0.151890 0.003690 0.188245 -0.461294 -0.277909 0.821303
1305031918.001098 1.564248 -0.162142 0.011528 0.171497 -0.458830 -0.286659 0.823341
1305031918.033144 1.577580 -0.157963 0.021508 0.157999 -0.456388 -0.296416 0.823944
1305031918.065137 1.577761 -0.176652 0.028789 0.139859 -0.454440 -0.311289 0.822814
1305031918.101060 1.584086 -0.186131 0.035167 0.128851 -0.455589 -0.321941 0.819872
1305031918.133054 1.597281 -0.186917 0.048310 0.120442 -0.456989 -0.334337 0.815398
1305031918.165017 1.607023 -0.198652 0.060875 0.109582 -0.456199 -0.344741 0.813036
1305031918.201086 1.618623 -0.202525 0.073471 0.102730 -0.453656 -0.351082 0.812640
1305031918.233042 1.630898 -0.207128 0.089081 0.093961 -0.450788 -0.358958 0.811857
1305031918.265256 1.641578 -0.213882 0.104502 0.085276 -0.446190 -0.368848 0.810921
1305031918.301124 1.652872 -0.218709 0.120267 0.076493 -0.440685 -0.379619 0.809836
1305031918.333165 1.661080 -0.227578 0.136459 0.066591 -0.433609 -0.392560 0.808360
1305031918.365072 1.670132 -0.237811 0.153558 0.059699 -0.427315 -0.402838 0.807192
1305031918.401030 1.683948 -0.240924 0.172636 0.054048 -0.419872 -0.410658 0.807556
1305031918.433043 1.693857 -0.253398 0.191688 0.041591 -0.411952 -0.419784 0.807680
1305031918.465089 1.698515 -0.268686 0.209199 0.031676 -0.403621 -0.426997 0.808555
1305031918.501125 1.703246 -0.282229 0.223726 0.026808 -0.393454 -0.432966 0.810565
1305031918.533134 1.711975 -0.292048 0.236887 0.024396 -0.385107 -0.437372 0.812283
1305031918.565018 1.720869 -0.302734 0.254450 0.018784 -0.379027 -0.440917 0.813374
1305031918.601029 1.724722 -0.320010 0.270865 0.012898 -0.374012 -0.444304 0.813967
1305031918.633027 1.734073 -0.331471 0.284350 0.010786 -0.370469 -0.448299 0.813427
1305031918.665112 1.740110 -0.344942 0.297477 0.006571 -0.368279 -0.454264 0.811154
1305031918.701017 1.746819 -0.359263 0.311801 0.001524 -0.369275 -0.458234 0.808490
1305031918.732948 1.752950 -0.379624 0.327375 -0.003768 -0.371320 -0.462648 0.805024
1305031918.765151 1.760373 -0.399020 0.341460 -0.002201 -0.372071 -0.470798 0.799942
1305031918.801097 1.766262 -0.415334 0.354176 0.004888 -0.370236 -0.482560 0.793749
1305031918.833123 1.771635 -0.427631 0.362705 0.012137 -0.368035 -0.492709 0.788442
1305031918.865115 1.775102 -0.440023 0.372563 0.018533 -0.369103 -0.503042 0.781261
1305031918.901084 1.779053 -0.450678 0.382749 0.026494 -0.373083 -0.514167 0.771842
1305031918.933071 1.783703 -0.461015 0.392104 0.032149 -0.380052 -0.524156 0.761438
1305031918.965058 1.788558 -0.475772 0.403516 0.035801 -0.388908 -0.535009 0.749156
1305031919.001053 1.789259 -0.487050 0.412495 0.040255 -0.395720 -0.545562 0.737663
1305031919.033082 1.797515 -0.495147 0.425082 0.044270 -0.406411 -0.551814 0.726892
1305031919.065147 1.799885 -0.506693 0.438485 0.042712 -0.415164 -0.560440 0.715347
1305031919.101028 1.801593 -0.520866 0.451476 0.042001 -0.424027 -0.569038 0.703301
1305031919.133133 1.805119 -0.532690 0.465348 0.042589 -0.431602 -0.576366 0.692609
1305031919.165110 1.807860 -0.541491 0.477881 0.042827 -0.438017 -0.582466 0.683403
1305031919.201124 1.811679 -0.549146 0.490218 0.042443 -0.445228 -0.589020 0.673073
1305031919.233093 1.811313 -0.558663 0.499802 0.041378 -0.453675 -0.598299 0.659170
1305031919.265125 1.816156 -0.571438 0.512526 0.042739 -0.465504 -0.607680 0.642031
1305031919.301119 1.817169 -0.581836 0.520869 0.043688 -0.474988 -0.615736 0.627173
1305031919.333120 1.828686 -0.594140 0.531648 0.044438 -0.488152 -0.617555 0.615109
1305031919.364948 1.836742 -0.609706 0.546161 0.041125 -0.498920 -0.622170 0.601907
1305031919.401124 1.842582 -0.621845 0.554693 0.038795 -0.506485 -0.626741 0.590901
1305031919.433256 1.851636 -0.637082 0.566721 0.035459 -0.516047 -0.630063 0.579188
1305031919.465070 1.859355 -0.655896 0.579056 0.032437 -0.523634 -0.635024 0.567009
1305031919.501049 1.865030 -0.674714 0.590727 0.030078 -0.528369 -0.639168 0.558020
1305031919.533110 1.865145 -0.695520 0.599946 0.028762 -0.531283 -0.641623 0.552477
1305031919.565165 1.874046 -0.710139 0.604619 0.033374 -0.534682 -0.640890 0.549783
1305031919.601094 1.876010 -0.725284 0.611382 0.033669 -0.538529 -0.641297 0.545519
1305031919.633127 1.875325 -0.743619 0.613506 0.034398 -0.545004 -0.640208 0.540297
1305031919.665042 1.879096 -0.763822 0.625691 0.036859 -0.555743 -0.635698 0.534491
1305031919.701092 1.874406 -0.786220 0.637210 0.037426 -0.562495 -0.632559 0.531101
1305031919.733117 1.872016 -0.803414 0.640716 0.043660 -0.566894 -0.628600 0.530648
1305031919.765060 1.876802 -0.812689 0.645584 0.046962 -0.572951 -0.621928 0.531721
1305031919.801129 1.875369 -0.820489 0.645105 0.045589 -0.580702 -0.616276 0.530010
1305031919.833072 1.878810 -0.826356 0.652183 0.042780 -0.592844 -0.610069 0.523948
1305031919.865180 1.870359 -0.836807 0.667868 0.030325 -0.605833 -0.605627 0.515037
1305031919.901067 1.852459 -0.857448 0.676074 0.019476 -0.616367 -0.602767 0.506345
1305031919.933102 1.845090 -0.865592 0.682965 0.015926 -0.624858 -0.596534 0.503435
1305031919.965129 1.832281 -0.876719 0.692791 0.009260 -0.633195 -0.590732 0.500014
1305031920.001054 1.822511 -0.884626 0.695755 -0.005716 0.640423 0.584026 -0.498737
1305031920.033118 1.819359 -0.887817 0.703001 -0.000890 0.649996 0.577562 -0.493889
1305031920.065136 1.802251 -0.895143 0.712515 0.008707 0.660139 0.573718 -0.484756
1305031920.101055 1.790179 -0.902349 0.722903 0.012786 0.670569 0.568780 -0.476092
1305031920.132987 1.777614 -0.907159 0.736924 0.016146 0.678323 0.566093 -0.468142
1305031920.165140 1.762310 -0.914279 0.751187 0.018147 0.683767 0.564545 -0.461977
1305031920.201166 1.747989 -0.923672 0.765189 0.018563 0.685063 0.564643 -0.459915
1305031920.233083 1.726429 -0.927434 0.774677 0.016810 0.682786 0.563512 -0.464731
1305031920.265120 1.712437 -0.934215 0.783764 0.011921 0.680853 0.560372 -0.471466
1305031920.301096 1.695764 -0.934682 0.790738 0.006103 0.676005 0.556377 -0.483141
1305031920.333124 1.683205 -0.938536 0.795439 0.000632 0.671625 0.548814 -0.497718
1305031920.365130 1.671391 -0.939575 0.804396 0.004530 -0.666141 -0.541552 0.512794
1305031920.401115 1.653945 -0.940747 0.808739 0.008906 -0.659305 -0.534892 0.528325
1305031920.433123 1.642811 -0.942342 0.813028 0.016360 -0.653919 -0.527199 0.542386
1305031920.465148 1.630486 -0.945520 0.814277 0.022461 -0.648770 -0.521203 0.554023
1305031920.501107 1.619621 -0.948571 0.815628 0.030167 -0.645153 -0.514570 0.563990
1305031920.533105 1.614384 -0.948582 0.813666 0.038592 -0.641930 -0.508187 0.572873
1305031920.565153 1.604041 -0.951737 0.814229 0.042478 -0.641625 -0.503255 0.577276
1305031920.601126 1.592089 -0.961234 0.814243 0.045910 -0.641432 -0.498272 0.581534
1305031920.633105 1.584707 -0.971233 0.816132 0.050542 -0.640492 -0.491036 0.588302
1305031920.665129 1.572138 -0.980951 0.828900 0.053407 -0.636848 -0.482464 0.599000
1305031920.701147 1.561805 -0.988376 0.830047 0.059807 -0.626785 -0.473725 0.615750
1305031920.733091 1.551575 -0.996610 0.834401 0.069044 -0.618513 -0.463997 0.630382
1305031920.765152 1.543172 -1.000263 0.837129 0.077805 -0.608390 -0.454387 0.646020
1305031920.801031 1.536962 -1.006124 0.835931 0.086274 -0.598700 -0.445175 0.660253
1305031920.833132 1.531968 -1.010589 0.837299 0.094244 -0.592048 -0.437695 0.670090
1305031920.865163 1.524981 -1.016714 0.836687 0.101244 -0.584346 -0.430490 0.680417
1305031920.901037 1.521522 -1.022892 0.832102 0.107208 -0.576087 -0.421186 0.692266
1305031920.933077 1.519952 -1.030919 0.836494 0.110347 -0.568376 -0.411377 0.703947
1305031920.965217 1.513024 -1.041883 0.837573 0.112614 -0.558539 -0.404681 0.715252
1305031921.001108 1.503313 -1.053054 0.840200 0.114994 -0.548900 -0.398001 0.726003
1305031921.033111 1.500251 -1.065606 0.845763 0.118841 -0.541184 -0.393524 0.733577
1305031921.065147 1.496326 -1.072102 0.843066 0.122087 -0.529977 -0.391276 0.742377
1305031921.101105 1.494170 -1.079964 0.842437 0.122564 -0.520131 -0.388104 0.750878
1305031921.133159 1.486982 -1.084467 0.852309 0.123125 -0.510819 -0.387628 0.757396
1305031921.165116 1.479279 -1.095069 0.858739 0.122381 -0.499350 -0.389302 0.764275
1305031921.201159 1.465789 -1.109998 0.864115 0.123898 -0.488383 -0.391331 0.770059
1305031921.233189 1.456740 -1.119797 0.868090 0.128781 -0.479095 -0.390682 0.775403
1305031921.265164 1.450126 -1.127848 0.867961 0.133807 -0.471065 -0.388782 0.780411
1305031921.301188 1.448615 -1.132796 0.867114 0.137608 -0.465425 -0.386238 0.784388
1305031921.333158 1.442630 -1.137631 0.866876 0.138473 -0.459764 -0.381875 0.789692
1305031921.365112 1.438146 -1.145611 0.870393 0.138098 -0.456465 -0.377330 0.793845
1305031921.401108 1.434521 -1.158269 0.875957 0.138005 -0.452643 -0.373471 0.797865
1305031921.433143 1.431505 -1.165298 0.877219 0.139094 -0.446323 -0.368047 0.803735
1305031921.465014 1.428817 -1.172839 0.879336 0.138159 -0.440375 -0.360662 0.810497
1305031921.501096 1.427200 -1.186297 0.886648 0.137299 -0.434315 -0.353351 0.817106
1305031921.533099 1.424737 -1.201341 0.895725 0.137457 -0.426579 -0.347919 0.823462
1305031921.565119 1.415870 -1.217390 0.902710 0.140522 -0.417033 -0.340558 0.830877
1305031921.601114 1.424304 -1.220060 0.904104 0.149087 -0.407505 -0.333913 0.836789
1305031921.633107 1.426612 -1.227704 0.907398 0.148729 -0.394854 -0.327668 0.845342
1305031921.665162 1.416498 -1.233916 0.914127 0.149285 -0.377809 -0.318274 0.856549
1305031921.701068 1.419923 -1.242486 0.926162 0.153448 -0.363416 -0.310239 0.864948
1305031921.733068 1.419214 -1.243233 0.932707 0.157855 -0.343195 -0.302272 0.875175
1305031921.765060 1.416535 -1.249254 0.937659 0.158811 -0.324905 -0.295790 0.884151
1305031921.801034 1.409451 -1.246750 0.939898 0.160513 -0.308360 -0.290011 0.891652
1305031921.833122 1.402148 -1.251199 0.938036 0.157273 -0.294826 -0.285824 0.898135
1305031921.865148 1.393606 -1.258470 0.945508 0.155428 -0.288785 -0.282494 0.901467
1305031921.901117 1.397509 -1.256077 0.949896 0.156189 -0.281744 -0.279334 0.904543
1305031921.933132 1.384602 -1.262691 0.955267 0.151931 -0.270601 -0.276409 0.909555
1305031921.965107 1.376024 -1.265790 0.962320 0.151878 -0.260143 -0.269127 0.914784
1305031922.001101 1.379841 -1.268941 0.968976 0.152574 -0.249437 -0.261745 0.919778
1305031922.033170 1.373096 -1.267960 0.974672 0.152833 -0.235982 -0.256429 0.924770
1305031922.065166 1.362682 -1.267217 0.979547 0.151831 -0.223293 -0.249947 0.929846
1305031922.101032 1.358110 -1.277821 0.977241 0.148127 -0.213714 -0.244827 0.934047
1305031922.133245 1.352490 -1.277678 0.978396 0.147690 -0.204026 -0.239223 0.937728
1305031922.165062 1.353594 -1.277663 0.981493 0.146379 -0.195560 -0.232863 0.941331
1305031922.201057 1.345683 -1.282215 0.984891 0.143559 -0.186354 -0.229125 0.944545
1305031922.233248 1.341196 -1.279400 0.984327 0.143909 -0.176776 -0.225469 0.947209
1305031922.265183 1.342036 -1.278569 0.986028 0.142230 -0.168264 -0.221673 0.949905
1305031922.301137 1.339291 -1.278235 0.985235 0.139071 -0.157021 -0.219878 0.952711
1305031922.333215 1.333105 -1.279134 0.988122 0.134592 -0.144262 -0.219134 0.955538
1305031922.365143 1.325533 -1.277854 0.990891 0.131864 -0.133997 -0.217398 0.957807
1305031922.401139 1.324615 -1.272231 0.990386 0.130010 -0.125534 -0.214474 0.959864
1305031922.433086 1.320794 -1.271204 0.991620 0.124284 -0.114040 -0.211784 0.962650
1305031922.465219 1.311665 -1.271329 0.993983 0.119960 -0.103954 -0.210131 0.964701
1305031922.501312 1.311017 -1.266764 0.997402 0.118333 -0.096866 -0.206903 0.966336
1305031922.533139 1.306177 -1.262513 1.002028 0.113943 -0.088262 -0.203241 0.968463
1305031922.565031 1.306785 -1.265677 1.002796 0.110325 -0.082537 -0.203921 0.969243
1305031922.601111 1.305456 -1.263371 1.004746 0.107367 -0.072566 -0.202901 0.970586
1305031922.633085 1.303101 -1.264535 1.009599 0.104472 -0.065152 -0.201895 0.971637
1305031922.665318 1.302505 -1.265344 1.005486 0.102115 -0.057554 -0.201240 0.972503
1305031922.701355 1.305197 -1.270146 1.007268 0.099124 -0.048536 -0.198988 0.973767
1305031922.733235 1.296352 -1.277318 1.003520 0.097366 -0.038808 -0.193696 0.975446
1305031922.765373 1.297589 -1.277411 1.003549 0.100126 -0.032076 -0.187625 0.976598
1305031922.801220 1.299147 -1.277329 1.003826 0.102806 -0.025022 -0.180964 0.977782
1305031922.833262 1.300855 -1.278146 1.002342 0.105253 -0.017655 -0.175814 0.978621
1305031922.865045 1.300975 -1.278705 1.003909 0.108433 -0.008329 -0.169834 0.979454
1305031922.901109 1.304963 -1.278955 1.004711 0.112968 -0.001405 -0.164926 0.979814
1305031922.933136 1.308488 -1.277751 0.999827 0.115031 0.005290 -0.160599 0.980279
1305031922.965220 1.311062 -1.276497 1.004094 0.115634 0.009763 -0.155439 0.981006
1305031923.001054 1.304463 -1.283318 0.982630 0.110399 0.015883 -0.151703 0.982113
1305031923.033184 1.294528 -1.285058 0.969611 0.107727 0.024915 -0.149531 0.982555
1305031923.065085 1.296346 -1.285544 0.970313 0.107684 0.028661 -0.144653 0.983188
1305031923.101056 1.304225 -1.285618 0.967821 0.108125 0.030941 -0.141649 0.983508
1305031923.133238 1.304951 -1.288518 0.961775 0.106064 0.038521 -0.138248 0.983948
1305031923.165168 1.301060 -1.296520 0.962249 0.106426 0.046437 -0.135754 0.983915
1305031923.201181 1.290066 -1.299685 0.945881 0.111858 0.055896 -0.136527 0.982712
1305031923.233162 1.319217 -1.284302 0.968551 0.124991 0.057282 -0.130338 0.981890
1305031923.265159 1.324821 -1.282642 0.961867 0.123630 0.065067 -0.122868 0.982540
1305031923.301183 1.325772 -1.282715 0.960845 0.121411 0.072827 -0.113764 0.983368
1305031923.333169 1.328705 -1.281767 0.956620 0.120300 0.078819 -0.105972 0.983913
1305031923.365230 1.337839 -1.277494 0.955400 0.119976 0.083161 -0.099423 0.984279
1305031923.401139 1.345285 -1.276678 0.949980 0.114200 0.088784 -0.091367 0.985255
1305031923.433112 1.353773 -1.277502 0.951621 0.111685 0.095128 -0.082601 0.985725
1305031923.465290 1.358475 -1.279611 0.940954 0.109721 0.103095 -0.074484 0.985791
1305031923.501145 1.360279 -1.285169 0.932614 0.111522 0.110062 -0.066331 0.985418
1305031923.533199 1.369108 -1.283855 0.919414 0.118689 0.112549 -0.062317 0.984562
1305031923.565198 1.375052 -1.280205 0.911275 0.123786 0.114969 -0.056942 0.983980
1305031923.601069 1.383642 -1.276948 0.902350 0.128986 0.115489 -0.052621 0.983492
1305031923.633244 1.389491 -1.274653 0.880285 0.129755 0.117435 -0.047194 0.983436
1305031923.665141 1.399220 -1.272182 0.872845 0.131966 0.117835 -0.039853 0.983418
1305031923.701144 1.407067 -1.263064 0.859273 0.136318 0.119303 -0.036048 0.982794
1305031923.733145 1.415280 -1.259152 0.849286 0.135468 0.120469 -0.032509 0.982893
1305031923.765175 1.424070 -1.252599 0.838791 0.138599 0.122355 -0.031545 0.982255
1305031923.801150 1.432274 -1.242389 0.823913 0.138176 0.125664 -0.031961 0.981883
1305031923.833045 1.436198 -1.244299 0.812079 0.136793 0.128966 -0.030882 0.981683
1305031923.865161 1.447149 -1.232432 0.801775 0.144246 0.127855 -0.032024 0.980725
1305031923.901121 1.455460 -1.221591 0.797144 0.149885 0.129489 -0.037904 0.979454
1305031923.933140 1.460839 -1.208877 0.780921 0.154242 0.133011 -0.044032 0.978048
1305031923.965198 1.472681 -1.192060 0.774405 0.152269 0.135365 -0.046823 0.977905
1305031924.001096 1.481252 -1.192613 0.772461 0.148935 0.138105 -0.046103 0.978070
1305031924.033250 1.482527 -1.190743 0.732472 0.151682 0.144528 -0.053830 0.976323
1305031924.065224 1.489134 -1.177210 0.696554 0.149995 0.148650 -0.051372 0.976097
1305031924.101175 1.494212 -1.176413 0.680183 0.142891 0.151902 -0.050067 0.976730
1305031924.133285 1.502912 -1.164427 0.683746 0.146906 0.152248 -0.052667 0.975943
1305031924.165591 1.511892 -1.149226 0.666541 0.145545 0.150740 -0.052014 0.976416
1305031924.201130 1.520589 -1.146222 0.660099 0.141767 0.146716 -0.052605 0.977553
1305031924.233238 1.527587 -1.133826 0.651240 0.144208 0.143156 -0.058506 0.977388
1305031924.265335 1.535201 -1.126918 0.643404 0.143069 0.140011 -0.060382 0.977897
1305031924.301099 1.542701 -1.115668 0.630640 0.142748 0.137030 -0.061051 0.978324
1305031924.333113 1.549990 -1.108370 0.622230 0.139535 0.133932 -0.061244 0.979204
1305031924.365169 1.555797 -1.099670 0.612289 0.138953 0.129370 -0.063757 0.979740
1305031924.401095 1.561399 -1.089597 0.600193 0.138221 0.122904 -0.066897 0.980466
1305031924.433069 1.566981 -1.082049 0.592100 0.136580 0.117526 -0.068727 0.981229
1305031924.465394 1.570206 -1.074880 0.586867 0.137573 0.113064 -0.072193 0.981366
1305031924.501116 1.572259 -1.066401 0.577543 0.139655 0.106409 -0.075913 0.981535
1305031924.533245 1.574392 -1.060071 0.568558 0.140660 0.097809 -0.077203 0.982185
1305031924.565264 1.576890 -1.054529 0.562059 0.144921 0.086941 -0.080015 0.982363
1305031924.601161 1.584095 -1.046865 0.552639 0.150417 0.077000 -0.082653 0.982148
1305031924.633221 1.586582 -1.042506 0.547585 0.155773 0.071775 -0.081855 0.981775
1305031924.665187 1.593814 -1.032844 0.536514 0.162986 0.064243 -0.080923 0.981203
1305031924.701168 1.598519 -1.027231 0.527365 0.167511 0.059177 -0.082175 0.980656
1305031924.733166 1.604561 -1.019349 0.519790 0.173454 0.054221 -0.083470 0.979799
1305031924.765170 1.614241 -1.009650 0.514469 0.177101 0.050643 -0.084527 0.979247
1305031924.801057 1.618517 -1.002557 0.509747 0.178404 0.051592 -0.083711 0.979032
1305031924.833187 1.624195 -0.992493 0.502593 0.181257 0.052142 -0.083614 0.978486
1305031924.865165 1.627065 -0.975734 0.497660 0.181713 0.053854 -0.084052 0.978272
1305031924.901110 1.629148 -0.968898 0.492545 0.176071 0.052740 -0.082925 0.979460
1305031924.933186 1.632714 -0.964223 0.486909 0.173632 0.048243 -0.084179 0.980020
1305031924.969060 1.635796 -0.954068 0.483814 0.174947 0.044661 -0.087673 0.979649
1305031925.001103 1.639206 -0.947178 0.477811 0.175788 0.041215 -0.090011 0.979438
1305031925.033148 1.641672 -0.939344 0.473113 0.178983 0.039002 -0.092482 0.978719
1305031925.069090 1.643901 -0.931235 0.467369 0.184519 0.038199 -0.095352 0.977446
1305031925.101107 1.649472 -0.915035 0.456627 0.187549 0.035957 -0.095240 0.976966
1305031925.133209 1.651588 -0.905172 0.450320 0.182101 0.034209 -0.093034 0.978271
1305031925.169080 1.651221 -0.901664 0.445726 0.178135 0.032087 -0.092402 0.979132
1305031925.201117 1.653748 -0.894107 0.439847 0.179787 0.028024 -0.094852 0.978721
1305031925.233193 1.657399 -0.880687 0.431461 0.179327 0.024257 -0.097226 0.978673
1305031925.269164 1.659500 -0.873003 0.424965 0.176019 0.020850 -0.102174 0.978848
1305031925.301283 1.664302 -0.861658 0.417804 0.174207 0.018780 -0.107123 0.978685
1305031925.333142 1.668187 -0.848852 0.411578 0.170300 0.018141 -0.109838 0.979084
1305031925.369107 1.670732 -0.840070 0.405952 0.165576 0.017865 -0.115891 0.979201
1305031925.401456 1.674297 -0.831086 0.401946 0.163227 0.017601 -0.120850 0.979001
1305031925.433406 1.677437 -0.824075 0.395772 0.162985 0.015917 -0.124529 0.978609
1305031925.469099 1.686075 -0.815536 0.390828 0.166177 0.015435 -0.126374 0.977843
1305031925.501267 1.693347 -0.808020 0.386756 0.171150 0.019108 -0.124895 0.977110
1305031925.533321 1.702219 -0.796013 0.376695 0.178106 0.024038 -0.120620 0.976295
1305031925.569132 1.711051 -0.785565 0.369106 0.182196 0.028784 -0.113447 0.976271
1305031925.601218 1.721698 -0.774352 0.358921 0.185508 0.033304 -0.107895 0.976133
1305031925.633430 1.731308 -0.762596 0.347267 0.185885 0.038870 -0.102733 0.976413
1305031925.669137 1.742102 -0.753139 0.339089 0.183234 0.040890 -0.098422 0.977275
1305031925.701322 1.748528 -0.745158 0.334731 0.181312 0.041290 -0.096294 0.977828
1305031925.733167 1.760200 -0.736042 0.330585 0.179478 0.039752 -0.094998 0.978357
1305031925.769246 1.772556 -0.727056 0.327636 0.175406 0.039625 -0.091513 0.979433
1305031925.801208 1.784672 -0.718092 0.323927 0.169687 0.042417 -0.088397 0.980608
1305031925.833148 1.795823 -0.708821 0.319499 0.161840 0.046962 -0.083784 0.982132
1305031925.869197 1.802863 -0.702831 0.316711 0.153078 0.053390 -0.080737 0.983462
1305031925.901176 1.812431 -0.694647 0.312741 0.145890 0.058945 -0.075644 0.984642
1305031925.933170 1.820656 -0.687471 0.309074 0.139039 0.062681 -0.068173 0.985947
1305031925.969198 1.828798 -0.678447 0.303422 0.131091 0.065272 -0.062535 0.987241
1305031926.001186 1.833114 -0.673270 0.298897 0.123541 0.068190 -0.057646 0.988314
1305031926.033156 1.842898 -0.665809 0.292441 0.119385 0.068060 -0.052227 0.989135
1305031926.069077 1.851205 -0.656888 0.285409 0.115340 0.070181 -0.048493 0.989656
1305031926.101106 1.857768 -0.650005 0.278562 0.112562 0.074816 -0.047068 0.989706
1305031926.133181 1.868843 -0.638236 0.267888 0.111830 0.078902 -0.045116 0.989562
1305031926.169101 1.876704 -0.629195 0.261611 0.108048 0.085310 -0.042063 0.989585
1305031926.201141 1.881131 -0.622885 0.254299 0.107668 0.092519 -0.038798 0.989112
1305031926.233134 1.892171 -0.611138 0.240821 0.107640 0.097845 -0.035276 0.988734
1305031926.269135 1.900606 -0.602636 0.233240 0.105557 0.104011 -0.033834 0.988380
1305031926.301054 1.908799 -0.594147 0.224951 0.105588 0.111222 -0.032296 0.987643
1305031926.333164 1.917083 -0.585009 0.214635 0.105242 0.120723 -0.028611 0.986677
1305031926.369064 1.922606 -0.579225 0.206938 0.105235 0.130968 -0.024376 0.985484
1305031926.401166 1.928541 -0.572177 0.192447 0.105834 0.139387 -0.019321 0.984377
1305031926.433155 1.934725 -0.564838 0.179078 0.105608 0.147349 -0.013788 0.983334
1305031926.469090 1.940745 -0.559743 0.170816 0.105471 0.155164 -0.008140 0.982209
1305031926.501075 1.946043 -0.556874 0.160685 0.107016 0.163841 0.000079 0.980665
1305031926.533176 1.946758 -0.549353 0.147753 0.109765 0.173758 0.007555 0.978623
1305031926.569122 1.949279 -0.544536 0.135946 0.111616 0.182118 0.016731 0.976778
1305031926.601166 1.950699 -0.538955 0.124007 0.112904 0.189953 0.026421 0.974922
1305031926.633127 1.952484 -0.532768 0.113208 0.113379 0.197188 0.036783 0.973092
1305031926.669140 1.955543 -0.527058 0.105144 0.113767 0.204350 0.047900 0.971084
1305031926.701042 1.960703 -0.518572 0.100723 0.115553 0.213066 0.055575 0.968587
1305031926.733207 1.959008 -0.517002 0.095499 0.113949 0.227193 0.063934 0.965045
1305031926.769141 1.956641 -0.515608 0.087370 0.111691 0.241548 0.076185 0.960924
1305031926.801342 1.958124 -0.510834 0.082884 0.110434 0.254566 0.089179 0.956581
1305031926.833209 1.956960 -0.507943 0.080385 0.109035 0.269908 0.103358 0.951093
1305031926.869333 1.949934 -0.508667 0.078326 0.106027 0.288322 0.121186 0.943897
1305031926.901097 1.953132 -0.502040 0.077049 0.104988 0.305582 0.138325 0.936196
1305031926.933348 1.960358 -0.493214 0.068824 0.104218 0.321943 0.153550 0.928393
1305031926.969122 1.954927 -0.487409 0.060810 0.100597 0.340836 0.166855 0.919712
1305031927.001575 1.953467 -0.483580 0.055566 0.094200 0.357304 0.180523 0.911522
1305031927.033929 1.958798 -0.476855 0.056924 0.089890 0.372723 0.194701 0.902823
1305031927.070528 1.958476 -0.468953 0.048614 0.086397 0.385844 0.209127 0.894386
1305031927.101272 1.962596 -0.465447 0.035800 0.079497 0.393546 0.223631 0.888139
1305031927.133471 1.964941 -0.453551 0.033716 0.074658 0.403786 0.236145 0.880692
1305031927.169161 1.967170 -0.442710 0.027665 0.069039 0.412969 0.248771 0.873386
1305031927.201210 1.970754 -0.432008 0.016389 0.061692 0.418966 0.262200 0.867129
1305031927.233491 1.970126 -0.412602 0.000848 0.053268 0.419625 0.273876 0.863753
1305031927.269153 1.973904 -0.406516 0.007979 0.042292 0.422950 0.283068 0.859766
1305031927.301135 1.976294 -0.394595 0.009183 0.034289 0.426285 0.292608 0.855270
1305031927.333139 1.976820 -0.381964 0.011091 0.029376 0.430413 0.303388 0.849610
1305031927.369147 1.983593 -0.375888 0.006945 0.021350 0.434158 0.315154 0.843640
1305031927.401161 1.988023 -0.365065 0.005117 0.014913 0.438767 0.325157 0.837577
1305031927.433274 1.989327 -0.351265 0.000749 0.010911 0.441570 0.332958 0.833088
1305031927.469105 1.991026 -0.338082 -0.006598 0.005461 0.442487 0.339640 0.829952
1305031927.501136 1.994703 -0.327934 -0.009808 -0.001590 0.443419 0.344009 0.827669
1305031927.533182 1.995668 -0.319487 -0.011875 -0.006223 0.444961 0.346782 0.825659
1305031927.569225 1.995195 -0.304101 -0.018148 -0.009563 0.444182 0.347677 0.825670
1305031927.601132 1.996790 -0.293773 -0.022344 -0.017037 0.441971 0.347894 0.826644
1305031927.633201 2.000000 -0.287144 -0.021364 -0.026207 0.439743 0.346719 0.828085
1305031927.669158 2.001913 -0.276262 -0.022303 -0.031360 0.436784 0.340562 0.832018
1305031927.701131 2.005889 -0.269160 -0.028234 -0.040032 0.432826 0.333297 0.836643
1305031927.733219 2.009924 -0.262779 -0.029013 -0.048029 0.430426 0.326971 0.839951
1305031927.769158 2.014734 -0.255166 -0.032684 -0.054781 0.427303 0.321178 0.843360
1305031927.801109 2.019127 -0.246749 -0.035462 -0.058711 0.425741 0.316762 0.845553
1305031927.833282 2.025196 -0.239532 -0.041383 -0.062300 0.424001 0.314397 0.847051
1305031927.869143 2.031445 -0.232619 -0.045494 -0.066630 0.423196 0.314596 0.847051
1305031927.901130 2.038030 -0.229454 -0.044757 -0.069882 0.424724 0.313883 0.846288
1305031927.933465 2.043122 -0.215961 -0.057222 -0.068758 0.424214 0.311617 0.847473
1305031927.969176 2.049000 -0.204930 -0.066998 -0.069412 0.422598 0.312211 0.848008
1305031928.001134 2.055846 -0.198900 -0.073481 -0.071296 0.422851 0.313182 0.847367
1305031928.033186 2.061896 -0.186743 -0.085739 -0.071060 0.422259 0.313244 0.847659
1305031928.069125 2.068115 -0.176563 -0.096224 -0.074055 0.421974 0.315311 0.846778
1305031928.101114 2.074190 -0.169775 -0.102451 -0.076549 0.423094 0.317369 0.845227
1305031928.133202 2.081366 -0.160675 -0.114931 -0.078360 0.423099 0.318510 0.844629
1305031928.169018 2.087138 -0.156455 -0.121132 -0.081527 0.426949 0.319101 0.842165
1305031928.201096 2.091744 -0.149499 -0.128562 -0.083132 0.432675 0.319294 0.839007
1305031928.233133 2.093832 -0.141760 -0.139543 -0.084397 0.438811 0.321614 0.834797
1305031928.269216 2.097466 -0.139095 -0.141311 -0.086620 0.446105 0.326390 0.828829
1305031928.301255 2.098752 -0.135896 -0.149702 -0.086218 0.451912 0.331008 0.823879
1305031928.333609 2.101108 -0.131502 -0.157936 -0.085526 0.457884 0.336453 0.818429
1305031928.369520 2.108211 -0.125541 -0.161557 -0.083373 0.464622 0.343520 0.811893
1305031928.401116 2.109032 -0.126364 -0.168849 -0.080583 0.472523 0.351638 0.804102
1305031928.433543 2.114242 -0.121125 -0.179597 -0.075340 0.481584 0.361393 0.794856
1305031928.469232 2.117047 -0.113306 -0.187878 -0.068210 0.492342 0.372148 0.783870
1305031928.501428 2.127317 -0.113910 -0.197133 -0.062185 0.502637 0.384642 0.771712
1305031928.533982 2.127657 -0.110089 -0.203199 -0.051576 0.513524 0.394030 0.760509
1305031928.569299 2.124341 -0.106015 -0.210339 -0.042246 0.524168 0.400414 0.750421
1305031928.601271 2.123043 -0.103760 -0.212110 -0.032770 0.537662 0.406460 0.737995
1305031928.633595 2.107312 -0.135725 -0.260978 -0.030124 0.547159 0.410658 0.728745
1305031928.669146 2.108345 -0.135290 -0.272337 -0.021280 0.560128 0.410203 0.719401
1305031928.701110 2.103684 -0.136003 -0.278241 -0.012427 0.573447 0.407934 0.710348
1305031928.733185 2.108516 -0.139594 -0.287858 -0.005335 0.584697 0.406870 0.701824
1305031928.769202 2.106883 -0.148610 -0.290533 0.002518 0.597850 0.406170 0.691083
1305031928.801117 2.107343 -0.152177 -0.298529 0.011736 0.608537 0.403984 0.682892
1305031928.833193 2.101326 -0.156202 -0.305431 0.021886 0.620367 0.400280 0.674124
1305031928.869148 2.099865 -0.159582 -0.318195 0.031795 0.630294 0.397420 0.666165
1305031928.901197 2.096853 -0.164816 -0.324301 0.041368 0.641596 0.393147 0.657327
1305031928.933215 2.096726 -0.169762 -0.332475 0.052871 0.652819 0.388359 0.648235
1305031928.969097 2.094576 -0.176358 -0.340355 0.062282 0.665271 0.379845 0.639729
1305031929.001155 2.091116 -0.185929 -0.342590 0.069724 0.679163 0.372817 0.628397
1305031929.033640 2.089660 -0.190868 -0.351665 0.079467 0.691252 0.366629 0.617607
1305031929.069089 2.084435 -0.199115 -0.355491 0.087578 0.705573 0.357059 0.605810
1305031929.101213 2.078088 -0.204758 -0.358239 0.095338 0.719782 0.347734 0.593216
1305031929.133202 2.078181 -0.211495 -0.363976 0.104921 0.732611 0.340754 0.579793
1305031929.169204 2.073199 -0.219744 -0.370272 0.113759 0.743691 0.334104 0.567766
1305031929.201163 2.066244 -0.226491 -0.368442 0.122626 0.755497 0.326820 0.554415
1305031929.233293 2.068349 -0.238816 -0.380232 0.133800 0.764997 0.323568 0.540537
1305031929.269214 2.065228 -0.247201 -0.386346 0.145553 0.774695 0.316999 0.527421
1305031929.301292 2.058728 -0.260131 -0.390336 0.153632 0.784168 0.310816 0.514657
1305031929.333529 2.058529 -0.263390 -0.390466 0.163820 0.793389 0.303858 0.501366
1305031929.369189 2.056855 -0.270989 -0.385992 0.173262 0.801300 0.296589 0.489830
1305031929.401369 2.054109 -0.284455 -0.391375 0.182257 0.805502 0.293222 0.481632
1305031929.433239 2.047470 -0.296148 -0.393604 0.190675 0.810004 0.287268 0.474355
1305031929.469219 2.041393 -0.306199 -0.394448 0.197780 0.814719 0.281333 0.466870
1305031929.501198 2.036226 -0.318614 -0.396121 0.204810 0.818596 0.276469 0.459912
1305031929.533262 2.030012 -0.331421 -0.397584 0.211062 0.822715 0.270830 0.453038
1305031929.569172 2.024300 -0.343577 -0.398957 0.216603 0.826690 0.264878 0.446662
1305031929.601101 2.018088 -0.357699 -0.400208 0.221009 0.830622 0.257749 0.441347
1305031929.634447 2.011250 -0.369898 -0.399951 0.224366 0.835242 0.249397 0.435697
1305031929.669287 2.005562 -0.381532 -0.398713 0.227638 0.839652 0.240565 0.430458
1305031929.701269 2.000932 -0.389704 -0.393969 0.232084 0.843746 0.231074 0.425247
1305031929.733617 1.995299 -0.400199 -0.391540 0.237362 0.845956 0.223355 0.422054
1305031929.769190 1.989924 -0.409052 -0.387656 0.242235 0.846088 0.217037 0.422318
1305031929.801229 1.984285 -0.418450 -0.385366 0.247372 0.846380 0.208702 0.422956
1305031929.833358 1.977793 -0.424937 -0.383013 0.252370 0.846587 0.200557 0.423528
1305031929.869242 1.973239 -0.431747 -0.380925 0.256454 0.846362 0.193398 0.424852
1305031929.901292 1.965938 -0.438966 -0.380383 0.260440 0.845787 0.187205 0.426345
1305031929.933176 1.958307 -0.448616 -0.383533 0.261871 0.846163 0.181776 0.427071
1305031929.969176 1.950884 -0.454168 -0.385597 0.261262 0.847691 0.177169 0.426349
1305031930.001350 1.940519 -0.470766 -0.396132 0.260168 0.848684 0.178670 0.424412
1305031930.033650 1.929915 -0.470743 -0.396110 0.262003 0.849569 0.179776 0.421031
1305031930.069293 1.920010 -0.468175 -0.396750 0.263377 0.849925 0.182529 0.418262
1305031930.101133 1.915570 -0.468165 -0.399678 0.262445 0.850429 0.186232 0.416185
1305031930.134163 1.899910 -0.465154 -0.400283 0.258317 0.851399 0.190464 0.414869
1305031930.169117 1.896569 -0.463912 -0.400670 0.254963 0.854234 0.194778 0.409071
1305031930.201148 1.883684 -0.457761 -0.403627 0.251207 0.856980 0.199839 0.403168
1305031930.233355 1.879051 -0.459456 -0.401791 0.244172 0.860914 0.206661 0.395598
1305031930.269064 1.869041 -0.442698 -0.411461 0.238633 0.863884 0.211191 0.390074
1305031930.301105 1.853265 -0.435911 -0.411900 0.234010 0.866388 0.219204 0.382831
1305031930.333138 1.848996 -0.428298 -0.417280 0.226211 0.869218 0.227783 0.376036
1305031930.369794 1.851632 -0.437766 -0.410703 0.217922 0.873581 0.237853 0.364407
1305031930.401077 1.843004 -0.417330 -0.417456 0.213892 0.875212 0.245255 0.357917
1305031930.433290 1.829136 -0.407431 -0.421678 0.207486 0.876258 0.254214 0.352841
1305031930.469130 1.854426 -0.434491 -0.404568 0.199871 0.879079 0.269690 0.338436
1305031930.501044 1.842822 -0.419444 -0.408933 0.197138 0.876571 0.282837 0.335802
1305031930.533067 1.828955 -0.411943 -0.417448 0.189927 0.874326 0.295780 0.334659
1305031930.569007 1.816864 -0.393331 -0.416075 0.183344 0.873661 0.303609 0.333052
1305031930.601041 1.807777 -0.386888 -0.411663 0.175934 0.872423 0.315220 0.329487
1305031930.633126 1.807453 -0.387822 -0.409345 0.167027 0.869816 0.329265 0.327271
1305031930.668925 1.820931 -0.397512 -0.396820 0.158811 0.867080 0.343425 0.324055
1305031930.701009 1.815965 -0.413311 -0.406203 0.152749 0.860105 0.360247 0.327275
1305031930.733195 1.841507 -0.384471 -0.372991 0.151143 0.859197 0.366091 0.323903
1305031930.769068 1.838441 -0.375405 -0.368454 0.144433 0.854222 0.376658 0.327983
1305031930.801055 1.836564 -0.371576 -0.367551 0.139044 0.849466 0.387147 0.330440
1305031930.833091 1.831301 -0.365570 -0.365863 0.134360 0.846050 0.395096 0.331731
1305031930.869070 1.828739 -0.367416 -0.368661 0.126198 0.842305 0.405429 0.331999
1305031930.900829 1.825634 -0.362418 -0.368732 0.120743 0.838153 0.415694 0.331842
1305031930.933330 1.823058 -0.337369 -0.348022 0.118500 0.837038 0.419746 0.330362
1305031930.969059 1.819557 -0.328060 -0.342488 0.114010 0.833454 0.428798 0.329375
1305031931.000795 1.815950 -0.318242 -0.336311 0.108873 0.829279 0.439004 0.328205
1305031931.033023 1.812777 -0.310656 -0.334577 0.103076 0.824504 0.449841 0.327433
1305031931.068905 1.811682 -0.302186 -0.329991 0.097112 0.819967 0.460995 0.325126
1305031931.100819 1.810259 -0.296283 -0.330022 0.092184 0.814451 0.473912 0.321836
1305031931.133042 1.805145 -0.285342 -0.325579 0.088597 0.810295 0.484168 0.318047
1305031931.168900 1.795793 -0.270425 -0.324232 0.084050 0.806286 0.494711 0.313208
1305031931.200696 1.792744 -0.261908 -0.321778 0.077673 0.802683 0.507070 0.304214
1305031931.233053 1.792660 -0.256799 -0.324376 0.068791 0.798132 0.521410 0.293913
1305031931.268951 1.795046 -0.253518 -0.324459 0.060761 0.794806 0.533995 0.281851
1305031931.300955 1.798889 -0.248418 -0.327060 0.052778 0.791519 0.546316 0.268794
1305031931.332991 1.792902 -0.231021 -0.322672 0.047136 0.790998 0.553377 0.256660
1305031931.369797 1.797671 -0.226034 -0.321122 0.042088 0.789763 0.562670 0.240637
1305031931.401337 1.802014 -0.219864 -0.319772 0.039489 0.788030 0.571348 0.225858
1305031931.432892 1.812491 -0.219799 -0.321150 0.036505 0.785995 0.580284 0.210120
1305031931.469079 1.818190 -0.220340 -0.322114 0.035859 0.784585 0.587038 0.196285
1305031931.500852 1.821221 -0.214817 -0.319887 0.035340 0.783801 0.592041 0.184105
1305031931.532871 1.828402 -0.209442 -0.321020 0.035292 0.781501 0.599022 0.170833
1305031931.569726 1.839686 -0.204538 -0.326803 0.037206 0.780374 0.604123 0.157057
1305031931.601199 1.847439 -0.199413 -0.325766 0.039475 0.781067 0.605800 0.146224
1305031931.633004 1.855682 -0.194909 -0.327315 0.039754 0.780590 0.608277 0.138194
1305031931.669064 1.862844 -0.190877 -0.328927 0.038988 0.781069 0.609135 0.131777
1305031931.701060 1.872225 -0.187475 -0.326615 0.036870 0.781946 0.609767 0.124042
1305031931.732985 1.883811 -0.183814 -0.326629 0.035054 0.781968 0.611189 0.117240
1305031931.768911 1.893709 -0.179201 -0.323259 0.032603 0.781126 0.613176 0.113115
1305031931.800959 1.903839 -0.174183 -0.322642 0.033183 0.778939 0.616732 0.108603
1305031931.832926 1.911358 -0.170017 -0.319278 0.037533 0.776718 0.620255 0.102876
1305031931.868988 1.920345 -0.164023 -0.318621 0.043146 0.772059 0.626864 0.095422
1305031931.900957 1.927587 -0.158512 -0.321564 0.048209 0.768039 0.632109 0.090721
1305031931.932907 1.935871 -0.154602 -0.322451 0.052573 0.766961 0.633813 0.085371
1305031931.968902 1.943489 -0.148403 -0.321412 0.057036 0.765889 0.635195 0.081779
1305031932.000829 1.948984 -0.142765 -0.322477 0.061841 0.765536 0.635723 0.077371
1305031932.032913 1.957653 -0.138680 -0.323811 0.066527 0.765293 0.636314 0.070755
1305031932.068920 1.964339 -0.132905 -0.323743 0.070768 0.765716 0.635781 0.066734
1305031932.101294 1.973169 -0.129001 -0.324244 0.073425 0.764348 0.637638 0.061628
1305031932.132895 1.985331 -0.128312 -0.330212 0.079283 0.761872 0.640122 0.059239
1305031932.169077 1.995587 -0.124477 -0.330486 0.083603 0.761027 0.640141 0.063783
1305031932.200948 2.001910 -0.116735 -0.338037 0.087380 0.758750 0.641461 0.072051
1305031932.232821 2.009929 -0.112335 -0.342982 0.089586 0.757917 0.640991 0.081645
1305031932.268818 2.015814 -0.106507 -0.349553 0.092131 0.756902 0.640329 0.092677
1305031932.300945 2.019927 -0.103584 -0.358160 0.094446 0.756783 0.638674 0.102252
1305031932.333175 2.026424 -0.098112 -0.364948 0.095321 0.757507 0.636641 0.108563
1305031932.368837 2.034698 -0.095345 -0.373999 0.096208 0.758782 0.633716 0.115747
1305031932.401680 2.041930 -0.093753 -0.381855 0.098562 0.760248 0.630069 0.123782
1305031932.432994 2.047699 -0.091342 -0.386899 0.102209 0.761081 0.626759 0.132223
1305031932.469022 2.054797 -0.086100 -0.395272 0.105684 0.760797 0.624437 0.141765
1305031932.500893 2.059809 -0.084454 -0.402801 0.108230 0.760427 0.621966 0.152299
1305031932.532959 2.068569 -0.079909 -0.412861 0.109534 0.760154 0.619550 0.162254
1305031932.568972 2.074430 -0.076591 -0.420306 0.111337 0.761054 0.615056 0.173512
1305031932.600957 2.081475 -0.076009 -0.426941 0.111469 0.761681 0.610191 0.187309
1305031932.632929 2.084679 -0.077556 -0.433554 0.112385 0.761861 0.604848 0.202719
1305031932.669236 2.078115 -0.038986 -0.415618 0.119242 0.769303 0.587190 0.221724
1305031932.700806 2.084292 -0.036710 -0.425060 0.119505 0.769683 0.580873 0.236417
1305031932.732848 2.090548 -0.036450 -0.433700 0.119255 0.770878 0.573648 0.249907
1305031932.768757 2.094355 -0.041707 -0.439231 0.120495 0.771977 0.566716 0.261470
1305031932.800821 2.085376 -0.018403 -0.428234 0.129972 0.777796 0.548844 0.277330
1305031932.832891 2.083309 0.007611 -0.421502 0.135939 0.783343 0.532729 0.289989
1305031932.869016 2.092930 0.006089 -0.434667 0.135256 0.785684 0.524464 0.298905
1305031932.901214 2.096714 0.008397 -0.438342 0.138284 0.791018 0.510982 0.306703
1305031932.932932 2.099674 0.009087 -0.437748 0.141387 0.794162 0.500882 0.313740
1305031932.968787 2.105387 0.009462 -0.448970 0.139966 0.794162 0.495761 0.322393
1305031933.001958 2.112381 0.009944 -0.461496 0.137468 0.796728 0.489278 0.327008
1305031933.033045 2.115508 0.014318 -0.466422 0.137788 0.801159 0.481635 0.327393
1305031933.068879 2.120494 0.019433 -0.468957 0.136858 0.804517 0.477363 0.325803
1305031933.100908 2.128501 0.027433 -0.480340 0.136841 0.806576 0.476475 0.321997
1305031933.132911 2.125784 0.032748 -0.489151 0.138235 0.811524 0.473089 0.313857
1305031933.169450 2.124721 0.034373 -0.490221 0.138222 0.816737 0.471936 0.301848
1305031933.200949 2.128317 0.038403 -0.493098 0.137587 0.821403 0.471648 0.289681
1305031933.233374 2.138105 0.039978 -0.493830 0.135582 0.826101 0.471116 0.277894
1305031933.269079 2.143143 0.042125 -0.496681 0.134213 0.829896 0.469705 0.269512
1305031933.300869 2.140400 0.043487 -0.494699 0.134409 0.833343 0.468115 0.261423
1305031933.332881 2.137162 0.044697 -0.494329 0.135781 0.834414 0.469909 0.253972
1305031933.368978 2.134076 0.048362 -0.497751 0.136494 0.835206 0.471678 0.247629
1305031933.400926 2.127635 0.051308 -0.494035 0.138883 0.836750 0.471882 0.240599
1305031933.432912 2.135173 0.060230 -0.488424 0.140483 0.837853 0.474368 0.230742
1305031933.469486 2.133836 0.063253 -0.491485 0.141806 0.837831 0.477749 0.222903
1305031933.500809 2.128806 0.066692 -0.491122 0.143606 0.838899 0.479012 0.214880
1305031933.533065 2.125408 0.069942 -0.491233 0.143341 0.839865 0.481378 0.205805
1305031933.568861 2.121208 0.068677 -0.491205 0.143899 0.840812 0.484235 0.194537
1305031933.600899 2.119770 0.072339 -0.489381 0.145701 0.842599 0.485962 0.180662
1305031933.632949 2.109982 0.072315 -0.489246 0.146604 0.843434 0.489076 0.167128
1305031933.669114 2.107574 0.068476 -0.483879 0.146896 0.844758 0.492813 0.148124
1305031933.700931 2.103706 0.074120 -0.480846 0.147996 0.845825 0.495732 0.130108
1305031933.732901 2.099793 0.074121 -0.475828 0.149160 0.845932 0.499470 0.112608
1305031933.768934 2.093601 0.077688 -0.473193 0.150304 0.845701 0.502809 0.096860
1305031933.800879 2.085894 0.078412 -0.468227 0.149942 0.845869 0.505190 0.082501
1305031933.833132 2.081712 0.076220 -0.458641 0.147851 0.845720 0.508241 0.067742
1305031933.868855 2.076684 0.076564 -0.452886 0.146396 0.844213 0.512669 0.055164
1305031933.900942 2.072186 0.076962 -0.446794 0.144546 0.842592 0.516906 0.044193
1305031933.932925 2.066302 0.074401 -0.439418 0.142493 0.840913 0.520919 0.034715
1305031933.968843 2.062442 0.071013 -0.430416 0.140380 0.838865 0.525301 0.025660
1305031934.000841 2.056832 0.070580 -0.423567 0.139117 0.836582 0.529511 0.019900
1305031934.033000 2.050209 0.072033 -0.416057 0.137051 0.834562 0.533386 0.014903
1305031934.068946 2.042100 0.072765 -0.407744 0.134704 0.832814 0.536825 0.009765
1305031934.100917 2.034236 0.073991 -0.398631 0.132194 0.830922 0.540446 0.003470
1305031934.132845 2.026125 0.074432 -0.390661 0.129875 0.828588 0.544570 -0.004235
1305031934.169177 2.017549 0.072941 -0.382628 0.127377 0.826799 0.547770 -0.011208
1305031934.200808 2.007736 0.072371 -0.372464 0.124618 0.825030 0.550901 -0.017402
1305031934.232870 1.999117 0.070520 -0.365080 0.122928 0.822535 0.554702 -0.025097
1305031934.269296 1.990582 0.066395 -0.358379 0.122500 0.820524 0.557453 -0.031315
1305031934.300934 1.982421 0.062016 -0.348892 0.121442 0.818572 0.560329 -0.034978
1305031934.336871 1.971823 0.059915 -0.343120 0.120990 0.815421 0.564954 -0.035721
1305031934.368906 1.962464 0.056266 -0.338439 0.120080 0.813788 0.567539 -0.035061
1305031934.400928 1.951745 0.053267 -0.332529 0.118548 0.812657 0.569674 -0.031723
1305031934.436865 1.940359 0.050616 -0.329056 0.115776 0.812441 0.570809 -0.026708
1305031934.469287 1.927894 0.047918 -0.323083 0.109728 0.814947 0.568721 -0.019427
1305031934.501241 1.913172 0.046809 -0.315005 0.101263 0.816832 0.567770 -0.012984
1305031934.536876 1.898673 0.043468 -0.312908 0.095118 0.817280 0.568247 -0.010076
1305031934.569101 1.885590 0.039419 -0.307849 0.091279 0.819247 0.566059 -0.008911
1305031934.600850 1.872753 0.034930 -0.301517 0.087604 0.820644 0.564635 -0.007560
1305031934.637030 1.860761 0.030493 -0.300270 0.085190 0.820358 0.565457 -0.003746
1305031934.668984 1.845839 0.028555 -0.296485 0.081859 0.822997 0.562111 0.002409
1305031934.700945 1.831983 0.024127 -0.291358 0.077138 0.824946 0.559884 0.006623
1305031934.736903 1.817217 0.018782 -0.290485 0.073964 0.825645 0.559188 0.012162
1305031934.769124 1.801494 0.017236 -0.286740 0.069433 0.828111 0.555874 0.020370
1305031934.801627 1.785954 0.015229 -0.283376 0.065377 0.829682 0.553743 0.026889
1305031934.836769 1.768909 0.012102 -0.282136 0.062572 0.831120 0.551515 0.033993
1305031934.869115 1.752449 0.009277 -0.278716 0.057968 0.833834 0.547340 0.042189
1305031934.901010 1.734084 0.006820 -0.277869 0.054734 0.835551 0.544215 0.051844
1305031934.937234 1.716488 0.004324 -0.276805 0.050867 0.838981 0.538283 0.061440
1305031934.969077 1.698046 0.000269 -0.276636 0.045531 0.842998 0.531348 0.070368
1305031935.001270 1.680678 -0.003159 -0.274938 0.040091 0.847731 0.523031 0.078632
1305031935.036852 1.662371 -0.005827 -0.276191 0.038694 0.851081 0.516695 0.084790
1305031935.069722 1.645071 -0.009408 -0.276343 0.039707 0.854721 0.509545 0.090772
1305031935.100912 1.627980 -0.010687 -0.273861 0.039917 0.857536 0.503871 0.095669
1305031935.136853 1.611031 -0.011996 -0.276901 0.039204 0.858528 0.501697 0.098448
1305031935.169281 1.595178 -0.013128 -0.280790 0.040016 0.860164 0.498264 0.101238
1305031935.200951 1.580707 -0.013574 -0.281169 0.043460 0.861792 0.494781 0.103046
1305031935.237095 1.566705 -0.014087 -0.283645 0.049004 0.861800 0.493770 0.105315
1305031935.268965 1.551669 -0.013709 -0.287883 0.054099 0.861410 0.493230 0.108494
1305031935.300805 1.535077 -0.013306 -0.290028 0.057274 0.861533 0.492394 0.109675
1305031935.336810 1.520598 -0.014972 -0.296193 0.059966 0.861454 0.492889 0.106590
1305031935.368827 1.505488 -0.014530 -0.298577 0.064665 0.861700 0.493017 0.101121
1305031935.400848 1.492588 -0.016059 -0.304470 0.070402 0.861199 0.494792 0.092522
1305031935.436887 1.479418 -0.015634 -0.310212 0.077686 0.860755 0.496009 0.083906
1305031935.468890 1.466101 -0.016099 -0.317955 0.084465 0.860351 0.496804 0.076464
1305031935.500863 1.452114 -0.018953 -0.327741 0.089428 0.861428 0.495158 0.069020
1305031935.536900 1.439356 -0.019992 -0.335418 0.095094 0.863788 0.491011 0.061123
1305031935.568783 1.422845 -0.025920 -0.345209 0.099668 0.866441 0.486305 0.053421
1305031935.600963 1.406745 -0.032444 -0.354142 0.101786 0.870500 0.479665 0.042321
1305031935.636916 1.393162 -0.034805 -0.363676 0.102460 0.876438 0.469593 0.028985
1305031935.669100 1.376661 -0.041297 -0.369281 0.099942 0.883602 0.457220 0.014444
1305031935.700948 1.363050 -0.046662 -0.376703 0.092962 0.890712 0.444960 -0.001342
1305031935.736900 1.346602 -0.054615 -0.380164 0.083284 0.897912 0.431787 -0.019459
1305031935.768974 1.335920 -0.060801 -0.382220 0.071585 0.904428 0.418644 -0.040286
1305031935.801178 1.327354 -0.064675 -0.385297 0.062060 0.908947 0.407930 -0.059639
1305031935.836877 1.321941 -0.065313 -0.389931 0.054801 0.912387 0.398621 -0.075155
1305031935.869025 1.305264 -0.060766 -0.404897 0.050766 0.914760 0.390896 -0.088533
1305031935.901144 1.302141 -0.065957 -0.404637 0.045770 0.917255 0.382845 -0.099893
1305031935.936825 1.285897 -0.064190 -0.423146 0.041740 0.919760 0.374879 -0.108464
1305031935.969109 1.282000 -0.065177 -0.432035 0.034660 0.922870 0.365700 -0.115642
1305031936.000820 1.273517 -0.066588 -0.437468 0.027534 0.926082 0.356394 -0.120818
1305031936.036965 1.267326 -0.065559 -0.440123 0.020588 0.929128 0.346774 -0.126669
1305031936.068809 1.260710 -0.065968 -0.444367 0.015730 0.931077 0.339087 -0.133674
1305031936.100718 1.251614 -0.064407 -0.449342 0.012259 0.932668 0.331427 -0.141900
1305031936.137490 1.250273 -0.065608 -0.450326 0.009713 0.933811 0.324022 -0.151367
1305031936.168897 1.243337 -0.063064 -0.452699 0.009427 0.934257 0.319060 -0.158984
1305031936.200867 1.236920 -0.061914 -0.462359 0.010163 0.934536 0.313602 -0.167907
1305031936.237546 1.223775 -0.061065 -0.466820 0.010635 0.935807 0.305928 -0.174814
1305031936.268981 1.219078 -0.061887 -0.466537 0.010589 0.936553 0.298800 -0.182961
1305031936.300816 1.210766 -0.058857 -0.471328 0.014540 0.937198 0.290760 -0.192114
1305031936.336863 1.203412 -0.056263 -0.473317 0.021656 0.938109 0.281428 -0.200699
1305031936.368927 1.195823 -0.058368 -0.472258 0.028057 0.938529 0.274120 -0.207928
1305031936.400840 1.189724 -0.059728 -0.473640 0.032535 0.938316 0.267667 -0.216470
1305031936.436777 1.177934 -0.059188 -0.476497 0.035970 0.938344 0.262055 -0.222583
1305031936.468789 1.168722 -0.058671 -0.480034 0.039277 0.938360 0.256404 -0.228462
1305031936.500753 1.159265 -0.058229 -0.482133 0.042642 0.938715 0.250303 -0.233118
1305031936.536847 1.152493 -0.057271 -0.483962 0.044095 0.939119 0.245471 -0.236337
1305031936.569452 1.149928 -0.057796 -0.488488 0.047907 0.939298 0.241111 -0.239351
1305031936.600821 1.145257 -0.055050 -0.489841 0.052231 0.939808 0.236800 -0.240745
1305031936.636879 1.136323 -0.048894 -0.487272 0.053844 0.940432 0.233957 -0.240733
1305031936.668885 1.119131 -0.038700 -0.485001 0.052565 0.941028 0.231097 -0.241448
1305031936.700881 1.114169 -0.035644 -0.485679 0.052746 0.940453 0.227790 -0.246734
1305031936.737504 1.124834 -0.030914 -0.488128 0.054767 0.938948 0.227164 -0.252533
1305031936.768825 1.108276 -0.025378 -0.490152 0.056651 0.938264 0.230880 -0.251290
1305031936.800856 1.107531 -0.017569 -0.487508 0.060814 0.937072 0.232711 -0.253069
1305031936.836845 1.107602 -0.026006 -0.496814 0.070613 0.934015 0.240594 -0.254450
1305031936.868891 1.104758 -0.012635 -0.488355 0.074137 0.932735 0.248036 -0.250972
1305031936.900833 1.104928 -0.013670 -0.486361 0.081838 0.930072 0.258715 -0.247659
1305031936.936914 1.107468 0.007597 -0.480498 0.079819 0.928464 0.270158 -0.242072
1305031936.968821 1.094596 0.018007 -0.481946 0.083278 0.925219 0.285012 -0.236225
1305031937.001118 1.077379 0.025589 -0.482608 0.089557 0.922563 0.296621 -0.229942
1305031937.036874 1.062938 0.026872 -0.485004 0.095564 0.919739 0.309904 -0.221148
1305031937.068765 1.055005 0.030338 -0.487330 0.104111 0.915991 0.324302 -0.212015
1305031937.100716 1.041560 0.050940 -0.484015 0.107703 0.914938 0.332925 -0.201120
1305031937.136838 1.033644 0.060206 -0.482611 0.110951 0.912065 0.343733 -0.194101
1305031937.168856 1.021500 0.070767 -0.481934 0.116714 0.907931 0.355724 -0.188414
1305031937.200813 1.014384 0.078129 -0.481594 0.123057 0.903448 0.367610 -0.183036
1305031937.236893 1.006378 0.088197 -0.480972 0.130816 0.898646 0.379844 -0.176186
1305031937.268821 1.000949 0.104745 -0.474987 0.136298 0.894023 0.391236 -0.170532
1305031937.300783 0.992612 0.112687 -0.474337 0.144909 0.888091 0.403363 -0.166112
1305031937.336862 0.988970 0.128302 -0.469839 0.149315 0.883358 0.413967 -0.161295
1305031937.368734 0.985418 0.147227 -0.462281 0.150015 0.879155 0.423112 -0.159867
1305031937.400796 0.980278 0.154492 -0.460873 0.153444 0.873317 0.433515 -0.160742
1305031937.438211 0.972992 0.158483 -0.463803 0.157519 0.866654 0.446002 -0.158683
1305031937.468824 0.968818 0.166234 -0.461815 0.159474 0.861185 0.457163 -0.154692
1305031937.500797 0.965683 0.177877 -0.458647 0.160569 0.855188 0.469298 -0.150435
1305031937.536931 0.962953 0.190059 -0.455250 0.162385 0.847825 0.482845 -0.147253
1305031937.568829 0.959198 0.200196 -0.453550 0.167291 0.839354 0.496403 -0.145200
1305031937.600746 0.957050 0.214463 -0.447015 0.168315 0.831991 0.509074 -0.142495
1305031937.636891 0.956699 0.228370 -0.438722 0.167459 0.825748 0.519413 -0.142505
1305031937.668803 0.955271 0.238347 -0.434616 0.168504 0.817632 0.531314 -0.144185
1305031937.700837 0.953145 0.250749 -0.429245 0.168492 0.810823 0.540919 -0.146912
1305031937.736899 0.947638 0.258239 -0.427883 0.170155 0.803708 0.550360 -0.149012
1305031937.768919 0.948163 0.270720 -0.417882 0.168252 0.799189 0.557033 -0.150672
1305031937.800834 0.947520 0.282870 -0.406473 0.164370 0.796558 0.561054 -0.153938
1305031937.836877 0.946264 0.284095 -0.410418 0.163686 0.789864 0.568982 -0.159940
1305031937.868807 0.947231 0.292121 -0.406162 0.162255 0.784425 0.574934 -0.166739
1305031937.900823 0.944009 0.300917 -0.401293 0.161684 0.779178 0.579715 -0.175128
1305031937.936960 0.944341 0.299211 -0.399665 0.161313 0.771397 0.586700 -0.186301
1305031937.968830 0.940656 0.312964 -0.393184 0.160815 0.765269 0.591050 -0.197895
1305031938.000822 0.936672 0.316991 -0.393013 0.160490 0.758086 0.596353 -0.209549
1305031938.036945 0.925022 0.330732 -0.385327 0.160778 0.752098 0.600189 -0.219710
1305031938.068761 0.917859 0.339294 -0.384998 0.160323 0.746478 0.602913 -0.231437
1305031938.100744 0.915896 0.337391 -0.384586 0.159703 0.739219 0.607444 -0.243026
1305031938.136885 0.908437 0.345577 -0.380392 0.160727 0.731076 0.611576 -0.256261
1305031938.168914 0.896484 0.346264 -0.376735 0.167636 0.721460 0.615776 -0.268725
1305031938.200883 0.894111 0.349019 -0.378372 0.171808 0.710799 0.621467 -0.281114
1305031938.236878 0.892565 0.357548 -0.370496 0.173937 0.703390 0.623600 -0.293449
1305031938.268809 0.885373 0.363787 -0.367923 0.176469 0.695450 0.624965 -0.307616
1305031938.300837 0.886883 0.362491 -0.360578 0.173996 0.690326 0.623789 -0.322589
1305031938.336900 0.873899 0.367259 -0.346522 0.173930 0.687485 0.622136 -0.331751
1305031938.368914 0.865402 0.370660 -0.340736 0.172957 0.683236 0.621281 -0.342467
1305031938.400842 0.857037 0.371669 -0.331657 0.170408 0.680377 0.619643 -0.352265
1305031938.436889 0.858729 0.376876 -0.320005 0.165007 0.679733 0.614303 -0.365194
1305031938.468781 0.851675 0.371123 -0.318869 0.161750 0.676941 0.611568 -0.376262
1305031938.501288 0.855028 0.369289 -0.317548 0.155131 0.675015 0.608793 -0.386861
1305031938.537028 0.857214 0.363124 -0.327819 0.146688 0.672757 0.605651 -0.398833
1305031938.568999 0.850013 0.377135 -0.323773 0.137916 0.675499 0.598863 -0.407484
1305031938.601007 0.846108 0.373434 -0.317081 0.127700 0.677670 0.593109 -0.415545
1305031938.637299 0.855490 0.373659 -0.331139 0.113986 0.678098 0.587154 -0.427129
1305031938.668747 0.884727 0.348591 -0.358493 0.097426 0.677741 0.580731 -0.440370
1305031938.700851 0.886689 0.343364 -0.355147 0.085189 0.682516 0.571683 -0.447317
1305031938.736859 0.883180 0.335266 -0.354418 0.071535 0.687742 0.561301 -0.454792
1305031938.769073 0.883594 0.325270 -0.352350 0.058379 0.692362 0.551115 -0.462060
1305031938.800781 0.878418 0.319675 -0.352321 0.043668 0.697435 0.540913 -0.468072
1305031938.836754 0.881249 0.312295 -0.349184 0.027814 0.702744 0.528526 -0.475434
1305031938.869057 0.875507 0.298056 -0.360256 0.013373 0.704979 0.520461 -0.481608
1305031938.900976 0.867620 0.285699 -0.369866 -0.000350 0.706711 0.511764 -0.488525
1305031938.936828 0.871313 0.281046 -0.368339 -0.012486 0.710624 0.497003 -0.497841
1305031938.969026 0.866374 0.267631 -0.374249 0.018668 -0.713427 -0.485665 0.504780
1305031939.001030 0.864247 0.256989 -0.379553 0.025681 -0.716275 -0.475442 0.510143
1305031939.037090 0.865366 0.248416 -0.382992 0.032767 -0.719172 -0.465543 0.514770
1305031939.069377 0.864724 0.237382 -0.386696 0.038201 -0.722468 -0.454925 0.519253
1305031939.101368 0.867666 0.230101 -0.384096 0.044403 -0.727435 -0.442238 0.522774
1305031939.137143 0.867396 0.219377 -0.386030 0.050625 -0.731591 -0.430156 0.526477
1305031939.168815 0.868160 0.208322 -0.388519 0.057577 -0.736670 -0.417365 0.528970
1305031939.200865 0.870735 0.199684 -0.393696 0.063891 -0.740630 -0.404607 0.532614
1305031939.237165 0.869411 0.186472 -0.394631 0.070735 -0.745898 -0.391958 0.533856
1305031939.268824 0.870869 0.175297 -0.399212 0.077944 -0.749659 -0.380467 0.535893
1305031939.300842 0.872650 0.164642 -0.405050 0.088555 -0.753363 -0.367021 0.538421
1305031939.336729 0.874918 0.155543 -0.401654 0.099630 -0.759087 -0.350926 0.539178
1305031939.368966 0.877408 0.145573 -0.405620 0.113022 -0.764207 -0.332549 0.540948
1305031939.400848 0.882194 0.145463 -0.403086 0.125854 -0.769762 -0.312923 0.541946
1305031939.436845 0.884585 0.139664 -0.405496 0.133814 -0.773754 -0.298771 0.542342
1305031939.468851 0.892019 0.136909 -0.404783 0.139353 -0.777382 -0.286136 0.542573
1305031939.500839 0.896886 0.130477 -0.401482 0.142623 -0.781404 -0.277355 0.540500
1305031939.536755 0.899521 0.118750 -0.403789 0.146593 -0.783239 -0.270785 0.540113
1305031939.568772 0.903422 0.113410 -0.401459 0.151576 -0.784542 -0.261403 0.541467
1305031939.600838 0.906342 0.100248 -0.402042 0.151694 -0.785105 -0.255855 0.543265
1305031939.636792 0.909844 0.094280 -0.400089 0.153414 -0.785272 -0.249388 0.545543
1305031939.668867 0.913713 0.087722 -0.395606 0.152075 -0.785937 -0.243679 0.547537
1305031939.700830 0.918832 0.082945 -0.389688 0.150669 -0.785465 -0.239989 0.550226
1305031939.736750 0.921896 0.066304 -0.392852 0.145585 -0.782228 -0.240647 0.555890
1305031939.768919 0.923561 0.059015 -0.386651 0.143117 -0.780147 -0.237788 0.560666
1305031939.803671 0.926792 0.052711 -0.382267 0.141349 -0.775614 -0.236095 0.568069
1305031939.837145 0.925617 0.044914 -0.380184 0.138303 -0.768943 -0.235296 0.578130
1305031939.869215 0.925507 0.044331 -0.375020 0.138074 -0.761709 -0.231940 0.589015
1305031939.903633 0.933246 0.042928 -0.374330 0.138078 -0.752647 -0.230548 0.601086
1305031939.937192 0.937976 0.042212 -0.361889 0.133401 -0.745484 -0.229983 0.611200
1305031939.968904 0.935540 0.035209 -0.360357 0.126635 -0.734718 -0.237177 0.622816
1305031940.005582 0.929220 0.043351 -0.345464 0.123806 -0.725480 -0.239185 0.633357
1305031940.037088 0.919983 0.041309 -0.351984 0.119471 -0.710894 -0.245796 0.648028
1305031940.068783 0.904348 0.035840 -0.359219 0.118046 -0.695717 -0.253869 0.661509
1305031940.104265 0.892939 0.038510 -0.358037 0.121931 -0.683208 -0.255354 0.673168
1305031940.136746 0.884914 0.041121 -0.360677 0.125687 -0.670614 -0.255540 0.684967
1305031940.168737 0.876817 0.043893 -0.359354 0.128418 -0.660557 -0.253455 0.694934
1305031940.200829 0.871927 0.044811 -0.353285 0.127612 -0.653729 -0.250049 0.702729
1305031940.236742 0.864168 0.047434 -0.352087 0.124329 -0.646547 -0.247328 0.710879
1305031940.269041 0.857086 0.049390 -0.351193 0.119886 -0.637829 -0.244441 0.720452
1305031940.301146 0.847272 0.047864 -0.352839 0.114855 -0.626681 -0.242105 0.731754
1305031940.336732 0.852096 0.031759 -0.351577 0.112266 -0.613534 -0.244829 0.742315
1305031940.369236 0.840951 0.054117 -0.347266 0.107550 -0.597192 -0.237490 0.758547
1305031940.403665 0.830682 0.055697 -0.347835 0.099115 -0.578964 -0.236076 0.774109
1305031940.436756 0.819882 0.061198 -0.347757 0.091081 -0.561305 -0.232151 0.789143
1305031940.468746 0.826125 0.082676 -0.334758 0.083577 -0.549407 -0.218998 0.802001
1305031940.503804 0.806296 0.090246 -0.333181 0.077598 -0.535038 -0.216022 0.813048
1305031940.536724 0.804385 0.098740 -0.325425 0.073302 -0.524516 -0.211521 0.821443
1305031940.568758 0.807658 0.107101 -0.323597 0.067698 -0.515345 -0.207307 0.828770
1305031940.603364 0.790987 0.112747 -0.324388 0.065708 -0.504481 -0.207712 0.835486
1305031940.636761 0.781990 0.115855 -0.316970 0.066593 -0.493899 -0.205320 0.842302
1305031940.668762 0.782634 0.117751 -0.318514 0.065163 -0.482235 -0.202961 0.849712
1305031940.703222 0.774425 0.120560 -0.313558 0.065482 -0.471828 -0.205096 0.855001
1305031940.736947 0.768476 0.124703 -0.309754 0.065579 -0.461805 -0.204899 0.860495
1305031940.768772 0.766509 0.126931 -0.306423 0.063977 -0.452870 -0.204544 0.865435
1305031940.803047 0.758609 0.132028 -0.299438 0.061747 -0.443774 -0.205034 0.870180
1305031940.836755 0.753054 0.133276 -0.301364 0.058810 -0.434684 -0.207373 0.874407
1305031940.869689 0.736919 0.145213 -0.284846 0.057235 -0.426333 -0.210822 0.877792
1305031940.903305 0.726548 0.149131 -0.279996 0.052733 -0.416841 -0.216828 0.881163
1305031940.937034 0.708657 0.155996 -0.274245 0.049057 -0.406427 -0.222248 0.884882
1305031940.968758 0.698260 0.160382 -0.265733 0.045057 -0.397444 -0.227046 0.887952
1305031941.003160 0.684211 0.164434 -0.258998 0.041166 -0.388041 -0.231548 0.891131
1305031941.036777 0.671458 0.168211 -0.251767 0.039409 -0.380667 -0.236581 0.893067
1305031941.071057 0.658684 0.172623 -0.245365 0.036695 -0.374350 -0.240230 0.894877
1305031941.103422 0.645106 0.176317 -0.234863 0.033870 -0.368902 -0.243679 0.896317
1305031941.136774 0.632199 0.179300 -0.223716 0.031207 -0.362712 -0.245791 0.898361
1305031941.171144 0.618305 0.182776 -0.212421 0.027574 -0.355934 -0.243874 0.901707
1305031941.203508 0.603393 0.181894 -0.198511 0.025261 -0.349648 -0.240625 0.905101
1305031941.236705 0.589944 0.184246 -0.189225 0.024474 -0.340999 -0.238024 0.909101
1305031941.271129 0.575980 0.185774 -0.180904 0.022686 -0.331836 -0.233920 0.913593
1305031941.303362 0.561181 0.184372 -0.164763 0.021612 -0.323330 -0.229030 0.917898
1305031941.336734 0.546021 0.183414 -0.163247 0.019855 -0.311266 -0.221583 0.923916
1305031941.371607 0.533214 0.186196 -0.159769 0.016161 -0.302279 -0.212549 0.929080
1305031941.403845 0.519870 0.186054 -0.155342 0.008240 -0.295120 -0.201897 0.933849
1305031941.436799 0.504336 0.182191 -0.142923 -0.002173 -0.289284 -0.187930 0.938612
1305031941.469611 0.492312 0.180987 -0.135595 -0.010520 -0.285581 -0.170950 0.942926
1305031941.501458 0.480607 0.182660 -0.125430 -0.017014 -0.281538 -0.159573 0.946036
1305031941.537220 0.479442 0.180676 -0.098454 -0.020128 -0.278685 -0.153670 0.947795
1305031941.570287 0.469991 0.178298 -0.090320 -0.021749 -0.268067 -0.148144 0.951694
1305031941.603047 0.461803 0.180198 -0.088204 -0.023760 -0.254054 -0.142942 0.956274
1305031941.636822 0.449767 0.184013 -0.081128 -0.027559 -0.239047 -0.140952 0.960328
1305031941.671554 0.436039 0.181911 -0.070238 -0.033594 -0.225579 -0.135076 0.964230
1305031941.703763 0.425263 0.177908 -0.067194 -0.035380 -0.214729 -0.128205 0.967576
1305031941.736866 0.414198 0.181139 -0.066751 -0.033865 -0.204337 -0.125912 0.970178
1305031941.768815 0.400316 0.182701 -0.061408 -0.034604 -0.194817 -0.126106 0.972083
1305031941.800820 0.384907 0.182689 -0.054670 -0.034175 -0.186797 -0.128147 0.973405
1305031941.836848 0.368813 0.183943 -0.049276 -0.031440 -0.179572 -0.129703 0.974650
1305031941.871813 0.354581 0.188821 -0.044276 -0.027672 -0.173914 -0.130517 0.975681
1305031941.902976 0.337936 0.187413 -0.039749 -0.023192 -0.168818 -0.129604 0.976814
1305031941.936760 0.324293 0.194446 -0.035749 -0.014771 -0.164498 -0.128391 0.977874
1305031941.971057 0.309493 0.197590 -0.030884 -0.008688 -0.160154 -0.125465 0.979047
1305031942.003141 0.294294 0.202794 -0.029796 -0.001330 -0.155796 -0.122179 0.980203
1305031942.036729 0.276594 0.205137 -0.028123 0.003153 -0.153715 -0.120459 0.980740
1305031942.071082 0.261386 0.215341 -0.029616 0.009795 -0.154609 -0.119764 0.980641
1305031942.100691 0.252498 0.229911 -0.023456 0.007853 -0.154773 -0.122988 0.980234
1305031942.136758 0.235529 0.231172 -0.019987 -0.000153 -0.151024 -0.126935 0.980347
1305031942.170749 0.222154 0.236256 -0.016452 -0.000370 -0.147794 -0.130412 0.980382
1305031942.203108 0.213062 0.247691 -0.009556 -0.002474 -0.145054 -0.133011 0.980439
1305031942.238994 0.198927 0.250224 -0.003021 -0.007235 -0.140038 -0.136775 0.980627
1305031942.271105 0.184281 0.256150 -0.001031 -0.010171 -0.133643 -0.136756 0.981496
1305031942.303257 0.176701 0.264183 0.002173 -0.020101 -0.130049 -0.136975 0.981795
1305031942.337047 0.169640 0.272073 0.006247 -0.025840 -0.128254 -0.136456 0.981969
1305031942.370761 0.157595 0.280349 0.008452 -0.033517 -0.125389 -0.134741 0.982344
1305031942.402939 0.149354 0.281460 0.017319 -0.042657 -0.126723 -0.136469 0.981579
1305031942.439262 0.140558 0.282096 0.026086 -0.046033 -0.129504 -0.142183 0.980252
1305031942.471958 0.133667 0.284224 0.031415 -0.043013 -0.130357 -0.143765 0.980045
1305031942.503553 0.125415 0.287547 0.032095 -0.043118 -0.129354 -0.142843 0.980308
1305031942.539453 0.116600 0.284758 0.044561 -0.044389 -0.131632 -0.142172 0.980046
1305031942.571867 0.110232 0.286291 0.047162 -0.042073 -0.135442 -0.143459 0.979441
1305031942.601448 0.103933 0.288041 0.053586 -0.041301 -0.139816 -0.144520 0.978703
1305031942.639942 0.097847 0.288564 0.057726 -0.041175 -0.143580 -0.146781 0.977827
1305031942.669006 0.092942 0.293046 0.053749 -0.043132 -0.147614 -0.150952 0.976506
1305031942.704015 0.086678 0.292043 0.066717 -0.047886 -0.152197 -0.156506 0.974705
1305031942.739812 0.081509 0.292876 0.073465 -0.050706 -0.154219 -0.162108 0.973327
1305031942.771708 0.077807 0.291656 0.086505 -0.054377 -0.155948 -0.163697 0.972588
1305031942.801557 0.070881 0.288061 0.099188 -0.056011 -0.155050 -0.165931 0.972260
1305031942.841042 0.062609 0.286560 0.103126 -0.057972 -0.153365 -0.168124 0.972035
1305031942.868828 0.053862 0.288461 0.110964 -0.059121 -0.155403 -0.169634 0.971380
1305031942.903960 0.046520 0.285012 0.113262 -0.062306 -0.157272 -0.171595 0.970535
1305031942.936816 0.047742 0.283796 0.129745 -0.064653 -0.163239 -0.173071 0.969133
1305031942.970936 0.047335 0.279998 0.138828 -0.064289 -0.165407 -0.175679 0.968320
1305031943.001103 0.042382 0.277725 0.146465 -0.064335 -0.165898 -0.177198 0.967956
1305031943.039961 0.037396 0.272654 0.152171 -0.062443 -0.170225 -0.180910 0.966641
1305031943.071743 0.036646 0.266567 0.158550 -0.063066 -0.175273 -0.184421 0.965034
1305031943.104177 0.033624 0.264689 0.166724 -0.063957 -0.177942 -0.186161 0.964153
1305031943.139521 0.032387 0.261274 0.175524 -0.062972 -0.179924 -0.185091 0.964055
1305031943.171912 0.030939 0.252486 0.182982 -0.064263 -0.180988 -0.182932 0.964183
1305031943.201564 0.033269 0.247636 0.193532 -0.062891 -0.183489 -0.181615 0.964050
1305031943.240004 0.033769 0.236331 0.201676 -0.062825 -0.184435 -0.180868 0.964014
1305031943.271805 0.034983 0.222329 0.212466 -0.063693 -0.186033 -0.178447 0.964102
1305031943.303965 0.033376 0.209600 0.219305 -0.060098 -0.188028 -0.176987 0.964214
1305031943.339941 0.038558 0.197982 0.225395 -0.053734 -0.192110 -0.174939 0.964159
1305031943.371774 0.038995 0.182051 0.233933 -0.048563 -0.194987 -0.173644 0.964090
1305031943.404245 0.040388 0.165547 0.240207 -0.044021 -0.197822 -0.170502 0.964291
1305031943.440153 0.042401 0.145373 0.246812 -0.038780 -0.201216 -0.168321 0.964197
1305031943.471431 0.041035 0.134704 0.246106 -0.030671 -0.200858 -0.169227 0.964405
1305031943.501108 0.046917 0.116426 0.254084 -0.028018 -0.203378 -0.167214 0.964309
1305031943.539525 0.048281 0.101108 0.256651 -0.022182 -0.203857 -0.165576 0.964642
1305031943.570021 0.049569 0.097062 0.255637 -0.013948 -0.202620 -0.163151 0.965470
1305031943.607467 0.049853 0.079112 0.256661 -0.014542 -0.201682 -0.161632 0.965913
1305031943.638026 0.052359 0.069254 0.260035 -0.015407 -0.200245 -0.161636 0.966198
1305031943.671504 0.051827 0.055551 0.258091 -0.012657 -0.197221 -0.161983 0.966802
1305031943.707251 0.052868 0.022643 0.257243 -0.010026 -0.197833 -0.162351 0.966646
1305031943.739428 0.051546 0.010770 0.253617 0.000300 -0.197247 -0.163484 0.966626
1305031943.771329 0.050810 -0.001203 0.252553 0.006401 -0.197476 -0.165389 0.966234
1305031943.806822 0.049864 -0.010952 0.251358 0.012747 -0.198675 -0.168118 0.965454
1305031943.837754 0.049637 -0.016801 0.251200 0.019008 -0.200261 -0.169753 0.964737
1305031943.868873 0.048870 -0.032207 0.250323 0.025561 -0.204226 -0.171120 0.963512
1305031943.907218 0.047839 -0.036722 0.249817 0.037295 -0.207704 -0.172712 0.962101
1305031943.936768 0.053702 -0.023410 0.250554 0.055773 -0.213985 -0.170024 0.960308
1305031943.971278 0.049187 -0.047624 0.246887 0.062967 -0.217551 -0.169476 0.959158
1305031944.007760 0.048845 -0.051272 0.240894 0.073000 -0.215311 -0.169439 0.958959
1305031944.040486 0.048692 -0.064384 0.237598 0.081136 -0.210930 -0.164106 0.960206
1305031944.070886 0.050576 -0.068083 0.238857 0.094619 -0.205223 -0.158230 0.961194
1305031944.107390 0.057375 -0.064069 0.237616 0.109419 -0.199374 -0.149198 0.962298
1305031944.139656 0.054678 -0.075489 0.233606 0.115000 -0.193410 -0.142252 0.963915
1305031944.171370 0.056414 -0.078110 0.230818 0.122187 -0.189732 -0.135578 0.964723
1305031944.206998 0.057464 -0.072243 0.226993 0.129736 -0.186101 -0.130058 0.965204
1305031944.239334 0.060087 -0.067092 0.220972 0.134659 -0.183369 -0.125606 0.965643
1305031944.270963 0.065226 -0.067868 0.219050 0.137595 -0.179632 -0.120754 0.966550
1305031944.306934 0.071874 -0.072093 0.217825 0.139206 -0.174831 -0.114535 0.967955
1305031944.339308 0.083368 -0.073340 0.215986 0.141581 -0.169405 -0.108285 0.969294
1305031944.370745 0.084023 -0.070040 0.209485 0.142852 -0.159921 -0.100211 0.971584
1305031944.406233 0.091452 -0.068829 0.206265 0.142401 -0.152323 -0.090817 0.973793
1305031944.438724 0.108199 -0.060329 0.203567 0.141060 -0.143074 -0.079666 0.976363
1305031944.471304 0.114284 -0.069313 0.200712 0.133757 -0.129264 -0.067506 0.980226
1305031944.506947 0.121713 -0.071924 0.193784 0.132158 -0.113439 -0.057851 0.983015
1305031944.539069 0.127257 -0.061338 0.191748 0.131861 -0.097548 -0.050168 0.985180
1305031944.571530 0.126901 -0.058775 0.186351 0.127550 -0.084038 -0.043664 0.987300
1305031944.607229 0.136459 -0.053603 0.180310 0.121917 -0.074252 -0.038926 0.988993
1305031944.639625 0.142224 -0.052695 0.176612 0.114287 -0.063077 -0.036155 0.990784
1305031944.671779 0.152135 -0.049015 0.172461 0.106996 -0.051624 -0.035172 0.992295
1305031944.707774 0.161116 -0.045407 0.172107 0.096794 -0.036835 -0.033168 0.994069
1305031944.739941 0.161990 -0.057942 0.167197 0.086348 -0.020271 -0.027911 0.995668
1305031944.769058 0.165788 -0.055092 0.163730 0.084284 -0.004981 -0.025021 0.996115
1305031944.807919 0.166244 -0.054075 0.159844 0.079649 0.008045 -0.023845 0.996505
1305031944.839956 0.164317 -0.052645 0.157403 0.073205 0.018692 -0.021173 0.996917
1305031944.875719 0.173848 -0.054482 0.157303 0.066789 0.024470 -0.016812 0.997325
1305031944.904670 0.179760 -0.054116 0.155581 0.063380 0.032018 -0.014727 0.997367
1305031944.939702 0.184939 -0.055192 0.153018 0.057761 0.040812 -0.013956 0.997398
1305031944.969076 0.199086 -0.069743 0.155651 0.053938 0.045850 -0.010113 0.997440
1305031945.007437 0.203631 -0.085224 0.154812 0.062313 0.051968 -0.001776 0.996701
1305031945.039937 0.203985 -0.086665 0.148526 0.082516 0.057095 0.003092 0.994948
1305031945.069177 0.199769 -0.080700 0.149857 0.102055 0.060615 0.008431 0.992895
1305031945.107523 0.200686 -0.092087 0.135113 0.118714 0.058637 0.010230 0.991143
1305031945.136772 0.208507 -0.094890 0.131985 0.140496 0.055543 0.010212 0.988469
1305031945.168992 0.213919 -0.099347 0.127190 0.157620 0.051839 0.010954 0.986077
1305031945.207107 0.223838 -0.093836 0.128571 0.177289 0.048642 0.005422 0.982941
1305031945.238859 0.229020 -0.094516 0.121139 0.186501 0.052691 -0.001477 0.981040
1305031945.269070 0.234343 -0.095987 0.118742 0.192028 0.057016 -0.005011 0.979719
1305031945.306358 0.235769 -0.103436 0.116856 0.198563 0.058876 -0.004673 0.978307
1305031945.338940 0.243493 -0.107249 0.113541 0.210033 0.055270 -0.002547 0.976127
1305031945.369056 0.251403 -0.103987 0.114227 0.219494 0.050258 -0.002490 0.974315
1305031945.406657 0.257297 -0.113363 0.107336 0.226495 0.043652 -0.001539 0.973032
1305031945.436818 0.266947 -0.119462 0.103407 0.239674 0.036930 -0.004888 0.970139
1305031945.469167 0.281634 -0.114708 0.104377 0.252084 0.032348 -0.009103 0.967122
1305031945.506438 0.292849 -0.120375 0.100604 0.255699 0.030779 -0.014155 0.966163
1305031945.538422 0.299030 -0.126441 0.096779 0.261853 0.034636 -0.019435 0.964290
1305031945.569071 0.320030 -0.115113 0.088501 0.271905 0.038377 -0.016196 0.961422
1305031945.606029 0.331918 -0.107448 0.084579 0.273070 0.044776 -0.013640 0.960855
1305031945.638298 0.342217 -0.107165 0.088428 0.271905 0.047824 -0.012478 0.961054
1305031945.669116 0.349513 -0.095752 0.089032 0.270662 0.050599 -0.009770 0.961294
1305031945.706215 0.362534 -0.091991 0.091381 0.264673 0.052470 -0.009434 0.962863
1305031945.738673 0.374702 -0.095674 0.090301 0.257635 0.056606 -0.010478 0.964526
1305031945.769045 0.391759 -0.078172 0.099906 0.252973 0.062064 -0.008174 0.965446
1305031945.806240 0.403249 -0.070802 0.100955 0.241783 0.066824 -0.004662 0.968015
1305031945.838266 0.414123 -0.068538 0.100153 0.228716 0.071573 -0.003239 0.970853
1305031945.869258 0.433908 -0.056353 0.100588 0.213922 0.074920 0.001049 0.973973
1305031945.909177 0.446589 -0.051192 0.096298 0.193899 0.079333 0.006780 0.977785
1305031945.936806 0.456249 -0.055679 0.104534 0.173440 0.088219 0.010018 0.980834
1305031945.969300 0.465689 -0.052736 0.092424 0.154274 0.097998 0.016102 0.983024
1305031946.005983 0.476865 -0.045811 0.092545 0.136191 0.108714 0.022829 0.984435
1305031946.037278 0.483173 -0.044268 0.094120 0.118106 0.120554 0.029056 0.985228
1305031946.069057 0.492009 -0.041133 0.093655 0.105407 0.129631 0.035862 0.985291
1305031946.107140 0.499084 -0.038229 0.094960 0.093735 0.139141 0.043450 0.984868
1305031946.137054 0.506222 -0.037119 0.092554 0.085954 0.145590 0.046331 0.984515
1305031946.168867 0.510431 -0.029070 0.088806 0.081843 0.151763 0.047006 0.983900
1305031946.207043 0.512683 -0.020970 0.084758 0.075900 0.157486 0.050122 0.983324
1305031946.237369 0.508702 -0.019495 0.078109 0.067302 0.162670 0.054411 0.982878
1305031946.268902 0.517007 -0.005377 0.074840 0.062556 0.159450 0.055111 0.983679
1305031946.306775 0.515743 0.002167 0.067822 0.054401 0.154945 0.052951 0.985002
1305031946.337036 0.516766 0.010484 0.056485 0.045945 0.148666 0.050413 0.986532
1305031946.369021 0.516060 0.021723 0.044354 0.039114 0.145056 0.048322 0.987468
1305031946.406520 0.513845 0.028587 0.031991 0.031557 0.142233 0.046043 0.988258
1305031946.437150 0.511734 0.036483 0.017972 0.027358 0.138782 0.045647 0.988892
1305031946.468964 0.510022 0.046834 0.002841 0.024858 0.135031 0.046315 0.989446
1305031946.506586 0.509932 0.057072 -0.013152 0.021631 0.131410 0.046666 0.989993
1305031946.537148 0.510208 0.063724 -0.029394 0.018640 0.129746 0.047649 0.990226
1305031946.569238 0.510881 0.073408 -0.045862 0.017833 0.130044 0.049697 0.990101
1305031946.606469 0.511579 0.083083 -0.061502 0.016464 0.132664 0.052471 0.989634
1305031946.637163 0.510809 0.090828 -0.077931 0.015917 0.137116 0.054098 0.988948
1305031946.669089 0.509591 0.099887 -0.093838 0.015544 0.142051 0.054411 0.988241
1305031946.706515 0.506262 0.108315 -0.110433 0.015458 0.147964 0.053084 0.987446
1305031946.737134 0.499836 0.119352 -0.126211 0.014398 0.152677 0.051892 0.986808
1305031946.769059 0.499656 0.127912 -0.142212 0.010347 0.154464 0.051299 0.986611
1305031946.806647 0.498000 0.133988 -0.156905 0.005718 0.158296 0.051801 0.986015
1305031946.837100 0.495600 0.139731 -0.172181 0.002228 0.161356 0.053204 0.985459
1305031946.869090 0.491811 0.141581 -0.186477 0.000009 0.163224 0.052557 0.985188
1305031946.906602 0.484325 0.147374 -0.200367 0.000840 0.162777 0.052538 0.985263
1305031946.937151 0.485548 0.157025 -0.215782 0.001415 0.157556 0.053015 0.986085
1305031946.969064 0.487400 0.165971 -0.229795 -0.001537 0.154474 0.053148 0.986565
1305031947.006827 0.486034 0.167787 -0.241337 -0.007239 0.151975 0.052824 0.986945
1305031947.037000 0.491265 0.172387 -0.255437 -0.009891 0.146937 0.052635 0.987695
1305031947.068973 0.499123 0.175317 -0.268073 -0.012045 0.145108 0.053159 0.987913
1305031947.106644 0.505101 0.176655 -0.279260 -0.011773 0.145366 0.049731 0.988057
1305031947.137044 0.513335 0.187072 -0.288648 -0.009827 0.147534 0.047049 0.987889
1305031947.169117 0.518437 0.192279 -0.296058 -0.011410 0.151376 0.049291 0.987181
1305031947.204982 0.525815 0.193547 -0.302285 -0.012661 0.152042 0.050014 0.987027
1305031947.237001 0.532935 0.197732 -0.308331 -0.012907 0.152174 0.048685 0.987070
1305031947.269076 0.539811 0.204444 -0.312780 -0.014867 0.150162 0.043841 0.987577
1305031947.304951 0.553760 0.213509 -0.316921 -0.020321 0.145731 0.040759 0.988275
1305031947.336945 0.563903 0.209725 -0.317870 -0.029507 0.143041 0.037515 0.988565
1305031947.368991 0.578106 0.209728 -0.318595 -0.033816 0.137684 0.028307 0.989494
1305031947.405013 0.592285 0.213574 -0.320255 -0.035204 0.132551 0.020648 0.990336
1305031947.437038 0.606783 0.210908 -0.320972 -0.037288 0.126296 0.018697 0.991115
1305031947.469273 0.620934 0.205075 -0.324179 -0.034358 0.118930 0.015267 0.992191
1305031947.504994 0.634692 0.209355 -0.327453 -0.027452 0.109798 0.007638 0.993545
1305031947.537022 0.650213 0.218387 -0.330022 -0.021595 0.099315 0.000695 0.994821
1305031947.568989 0.666533 0.218909 -0.332669 -0.021278 0.086176 -0.005625 0.996037
1305031947.605177 0.689509 0.221087 -0.336377 -0.020108 0.070694 -0.018450 0.997125
1305031947.637085 0.708152 0.219115 -0.339804 -0.018401 0.060135 -0.029876 0.997573
1305031947.669011 0.721970 0.218873 -0.343714 -0.013814 0.049373 -0.038692 0.997935
1305031947.705153 0.743186 0.219572 -0.347961 -0.007238 0.033716 -0.051480 0.998079
1305031947.736979 0.763510 0.223679 -0.352316 0.000327 0.020366 -0.066075 0.997607
1305031947.769041 0.786772 0.224212 -0.356189 0.008758 0.007291 -0.078654 0.996837
1305031947.804941 0.808938 0.234462 -0.360574 0.016000 -0.000523 -0.087590 0.996028
1305031947.837022 0.821970 0.229099 -0.363128 0.016877 -0.007203 -0.096753 0.995139
1305031947.868988 0.843302 0.236479 -0.366838 0.024463 -0.017167 -0.107969 0.993705
1305031947.904995 0.856847 0.238751 -0.367948 0.024731 -0.023575 -0.117132 0.992528
1305031947.937025 0.872547 0.240923 -0.369958 0.027293 -0.032827 -0.125976 0.991114
1305031947.968976 0.892380 0.246936 -0.371037 0.027339 -0.041353 -0.133025 0.989872
1305031948.004911 0.905330 0.243801 -0.370330 0.023257 -0.047011 -0.138440 0.988981
1305031948.037003 0.921043 0.238372 -0.370814 0.022228 -0.053412 -0.141888 0.988191
1305031948.068973 0.939101 0.237735 -0.370841 0.024881 -0.057503 -0.143688 0.987638
1305031948.104993 0.949306 0.236992 -0.369925 0.026752 -0.059552 -0.145609 0.987186
1305031948.136951 0.962409 0.236930 -0.367543 0.027790 -0.065180 -0.146905 0.986609
1305031948.168952 0.975735 0.232264 -0.364590 0.028606 -0.072908 -0.150561 0.985493
1305031948.204992 0.991714 0.231081 -0.360759 0.030912 -0.081335 -0.156203 0.983885
1305031948.237002 1.005782 0.230761 -0.355987 0.031846 -0.088542 -0.161618 0.982357
1305031948.269041 1.018478 0.227024 -0.349690 0.030772 -0.096528 -0.164844 0.981102
1305031948.304939 1.038175 0.223171 -0.342959 0.030181 -0.105680 -0.165091 0.980136
1305031948.337101 1.063203 0.221198 -0.332888 0.028938 -0.110751 -0.163993 0.979798
1305031948.368969 1.079363 0.211997 -0.323376 0.024221 -0.109992 -0.163503 0.980093
1305031948.404989 1.096547 0.206137 -0.315829 0.022874 -0.108857 -0.163730 0.980214
1305031948.436942 1.118444 0.205557 -0.302976 0.019381 -0.106985 -0.164350 0.980392
1305031948.469170 1.129063 0.195474 -0.291841 0.011966 -0.103471 -0.163647 0.981005
1305031948.505024 1.148693 0.187837 -0.280691 0.007501 -0.104506 -0.163821 0.980910
1305031948.537017 1.168397 0.179330 -0.268313 0.002505 -0.103610 -0.165160 0.980806
1305031948.568891 1.185365 0.166533 -0.257719 -0.001987 -0.100912 -0.166721 0.980825
1305031948.605001 1.202545 0.161190 -0.248079 -0.002873 -0.097749 -0.170709 0.980457
1305031948.636912 1.218675 0.152226 -0.236823 -0.006819 -0.094100 -0.175889 0.979878
1305031948.669040 1.234242 0.142824 -0.228704 -0.008753 -0.091235 -0.180458 0.979303
1305031948.705075 1.254479 0.138080 -0.219844 -0.010463 -0.087675 -0.186151 0.978546
1305031948.737063 1.265549 0.131054 -0.210343 -0.014511 -0.080270 -0.188528 0.978674
1305031948.768899 1.281351 0.127382 -0.201753 -0.017147 -0.076997 -0.187196 0.979150
1305031948.804975 1.298420 0.122562 -0.192091 -0.022595 -0.073235 -0.185408 0.979668
1305031948.837073 1.315090 0.119879 -0.182435 -0.028005 -0.069276 -0.182109 0.980435
1305031948.868835 1.333479 0.120500 -0.172393 -0.036082 -0.065963 -0.178378 0.981085
1305031948.905077 1.345427 0.116335 -0.161182 -0.048939 -0.060709 -0.174036 0.981647
1305031948.936996 1.358931 0.115407 -0.151474 -0.058879 -0.059086 -0.168712 0.982129
1305031948.968952 1.374855 0.117442 -0.140446 -0.071567 -0.060021 -0.166621 0.981587
1305031949.005006 1.387501 0.115786 -0.128008 -0.089142 -0.060589 -0.167023 0.980044
1305031949.037089 1.403240 0.116403 -0.115596 -0.104039 -0.060414 -0.167537 0.978498
1305031949.069061 1.412978 0.116949 -0.104849 -0.120117 -0.056175 -0.167829 0.976857
1305031949.105077 1.417669 0.121508 -0.094332 -0.132515 -0.053656 -0.168996 0.975193
1305031949.137263 1.425036 0.123047 -0.083876 -0.147517 -0.056446 -0.173170 0.972144
1305031949.168946 1.432920 0.119911 -0.074402 -0.161604 -0.062038 -0.176162 0.969021
1305031949.204940 1.442960 0.121330 -0.066021 -0.171884 -0.070852 -0.181280 0.965698
1305031949.237011 1.455615 0.123792 -0.058401 -0.179794 -0.082360 -0.188748 0.961907
1305031949.268994 1.466072 0.121371 -0.049886 -0.189426 -0.092803 -0.195986 0.957651
1305031949.305254 1.475521 0.113796 -0.042100 -0.198038 -0.102183 -0.203530 0.953370
1305031949.337227 1.490250 0.114451 -0.036369 -0.198729 -0.113118 -0.212420 0.950047
1305031949.368902 1.504466 0.111507 -0.030361 -0.203560 -0.121901 -0.223416 0.945404
1305031949.405064 1.513836 0.101675 -0.023228 -0.210673 -0.125799 -0.236166 0.940222
1305031949.437094 1.523233 0.092574 -0.018505 -0.210272 -0.130836 -0.246158 0.937056
1305031949.468902 1.535086 0.089159 -0.016873 -0.206327 -0.138299 -0.254013 0.934762
1305031949.505002 1.544011 0.080327 -0.013536 -0.207323 -0.145562 -0.260184 0.931737
1305031949.537017 1.548845 0.068052 -0.010355 -0.207639 -0.151885 -0.264804 0.929352
1305031949.568988 1.554859 0.057011 -0.009621 -0.201335 -0.161359 -0.269318 0.927844
1305031949.604798 1.563312 0.046688 -0.009084 -0.192474 -0.172660 -0.275660 0.925826
1305031949.637172 1.563831 0.030874 -0.008343 -0.186672 -0.179559 -0.282052 0.923774
1305031949.668955 1.568062 0.015586 -0.007836 -0.175509 -0.189342 -0.284954 0.923118
1305031949.705003 1.575195 0.005630 -0.009287 -0.159690 -0.197629 -0.288083 0.923282
1305031949.736949 1.576389 -0.008340 -0.009262 -0.149318 -0.201603 -0.289458 0.923729
1305031949.768985 1.576365 -0.022975 -0.009913 -0.137468 -0.205455 -0.287300 0.925392
1305031949.804939 1.578535 -0.036796 -0.010593 -0.121706 -0.210882 -0.286010 0.926777
1305031949.836964 1.579951 -0.047956 -0.012883 -0.105075 -0.215257 -0.285631 0.927922
1305031949.868951 1.579428 -0.060479 -0.015405 -0.088545 -0.220193 -0.283408 0.929169
1305031949.904851 1.582126 -0.076369 -0.015682 -0.070499 -0.227213 -0.282033 0.929442
1305031949.936858 1.589147 -0.084117 -0.019520 -0.048507 -0.230625 -0.281009 0.930319
1305031949.968881 1.593482 -0.094789 -0.022407 -0.030038 -0.229606 -0.279083 0.931929
1305031950.004952 1.595373 -0.109308 -0.023759 -0.013075 -0.226834 -0.273974 0.934512
1305031950.036989 1.598061 -0.120093 -0.025862 0.005833 -0.223086 -0.266111 0.937754
1305031950.069081 1.600541 -0.131853 -0.026717 0.023657 -0.219027 -0.255341 0.941418
1305031950.104966 1.598911 -0.144448 -0.026403 0.041478 -0.214634 -0.243244 0.945010
1305031950.136997 1.595797 -0.158887 -0.030608 0.066136 -0.211812 -0.229719 0.947624
1305031950.168914 1.599134 -0.163400 -0.031897 0.096567 -0.211860 -0.214236 0.948627
1305031950.204933 1.602343 -0.179569 -0.033226 0.123216 -0.211285 -0.200645 0.948640
1305031950.237027 1.605983 -0.189196 -0.034288 0.152000 -0.209620 -0.190567 0.946911
1305031950.269033 1.608299 -0.198134 -0.034681 0.175302 -0.207228 -0.182770 0.944945
1305031950.304978 1.611762 -0.204877 -0.034412 0.194230 -0.204292 -0.177069 0.942967
1305031950.337197 1.608607 -0.219004 -0.033057 0.211559 -0.201327 -0.174165 0.940413
1305031950.368911 1.605928 -0.237076 -0.036555 0.228484 -0.200767 -0.170938 0.937159
1305031950.404939 1.607020 -0.242004 -0.033716 0.245119 -0.202765 -0.166610 0.933297
1305031950.436983 1.605530 -0.251581 -0.034896 0.259508 -0.206707 -0.164226 0.928955
1305031950.468976 1.604212 -0.254329 -0.034441 0.274404 -0.211180 -0.162779 0.923909
1305031950.504938 1.602199 -0.261246 -0.034679 0.283969 -0.214397 -0.162100 0.920391
1305031950.536894 1.607260 -0.253522 -0.021046 0.291446 -0.217124 -0.159588 0.917850
1305031950.568883 1.601528 -0.235497 -0.011969 0.296601 -0.214815 -0.156369 0.917295
1305031950.604862 1.593116 -0.208088 0.004610 0.300504 -0.210477 -0.150640 0.917989
1305031950.637006 1.599683 -0.195861 0.017651 0.297636 -0.209054 -0.145129 0.920134
1305031950.668910 1.596020 -0.199957 0.022872 0.288792 -0.207436 -0.142463 0.923728
1305031950.704873 1.592190 -0.196401 0.030269 0.278817 -0.208089 -0.140717 0.926908
1305031950.736893 1.586963 -0.188039 0.036009 0.266802 -0.207597 -0.144540 0.929962
1305031950.768897 1.586782 -0.183691 0.043111 0.250532 -0.208771 -0.148991 0.933515
1305031950.804899 1.592894 -0.178469 0.053343 0.234124 -0.211101 -0.153638 0.936492
1305031950.837135 1.594811 -0.167302 0.065566 0.217303 -0.210170 -0.159093 0.939839
1305031950.869014 1.596847 -0.167426 0.070278 0.198421 -0.210280 -0.161692 0.943540
1305031950.904883 1.603950 -0.155728 0.081470 0.184017 -0.211454 -0.163493 0.945883
1305031950.936970 1.610036 -0.154136 0.086518 0.166676 -0.212165 -0.166241 0.948456
1305031950.968904 1.613368 -0.162269 0.088225 0.148404 -0.213299 -0.171098 0.950371
1305031951.004836 1.617037 -0.177654 0.089806 0.132713 -0.215282 -0.176595 0.951239
1305031951.036930 1.625097 -0.174706 0.094098 0.126417 -0.217465 -0.181985 0.950584
1305031951.069013 1.637891 -0.167127 0.100721 0.119873 -0.219814 -0.187607 0.949798
1305031951.104800 1.646087 -0.163212 0.103621 0.110544 -0.220429 -0.193656 0.949573
1305031951.136893 1.654260 -0.160722 0.105258 0.101151 -0.223317 -0.199877 0.948655
1305031951.168908 1.665750 -0.152882 0.107156 0.093244 -0.227608 -0.207375 0.946835
1305031951.204914 1.677116 -0.143802 0.108804 0.081138 -0.232531 -0.217018 0.944589
1305031951.236957 1.689998 -0.139817 0.109040 0.066158 -0.237654 -0.230532 0.941275
1305031951.268906 1.702494 -0.144698 0.113234 0.052303 -0.241875 -0.245326 0.937324
1305031951.304862 1.713681 -0.141971 0.110553 0.045777 -0.243862 -0.261227 0.932843
1305031951.336937 1.732869 -0.133732 0.115091 0.040592 -0.247369 -0.276057 0.927875
1305031951.368840 1.748595 -0.133398 0.119303 0.030515 -0.248546 -0.291091 0.923342
1305031951.404865 1.763697 -0.133138 0.123729 0.023504 -0.249602 -0.303779 0.919165
1305031951.436903 1.783400 -0.131002 0.129470 0.016654 -0.248633 -0.313347 0.916361
1305031951.468857 1.797883 -0.131273 0.134364 0.007876 -0.244853 -0.319322 0.915434
1305031951.504916 1.815724 -0.130353 0.141532 -0.000451 -0.242624 -0.321785 0.915198
1305031951.536888 1.831434 -0.133223 0.148852 -0.010733 -0.238093 -0.322114 0.916209
1305031951.569006 1.847502 -0.134209 0.156543 -0.019279 -0.232909 -0.320184 0.918076
1305031951.604927 1.862047 -0.136311 0.164902 -0.027633 -0.229024 -0.318922 0.919278
1305031951.636936 1.880368 -0.139227 0.175692 -0.034535 -0.227148 -0.319209 0.919411
1305031951.668929 1.896720 -0.140638 0.187377 -0.041147 -0.221492 -0.321800 0.919616
1305031951.704880 1.910307 -0.142551 0.198525 -0.049390 -0.215132 -0.322413 0.920505
1305031951.736828 1.926835 -0.143998 0.210881 -0.059638 -0.210600 -0.320612 0.921574
1305031951.768926 1.939546 -0.147816 0.225751 -0.071442 -0.204896 -0.320417 0.922088
1305031951.804886 1.952308 -0.152353 0.239861 -0.080181 -0.199785 -0.319291 0.922882
1305031951.836932 1.969126 -0.155102 0.254841 -0.087797 -0.194402 -0.317817 0.923846
1305031951.868913 1.982344 -0.158066 0.270594 -0.096502 -0.188081 -0.317354 0.924445
1305031951.904907 1.990108 -0.164376 0.283915 -0.106175 -0.180867 -0.315678 0.925398
1305031951.936962 2.002335 -0.167935 0.298292 -0.112195 -0.175908 -0.313339 0.926438
1305031951.968839 2.013119 -0.170659 0.310528 -0.117230 -0.173610 -0.310414 0.927232
1305031952.004839 2.020095 -0.174521 0.322969 -0.123693 -0.174410 -0.308307 0.926946
1305031952.037104 2.025388 -0.181020 0.335969 -0.128869 -0.177764 -0.308937 0.925392
1305031952.068888 2.029516 -0.190004 0.347811 -0.131182 -0.183011 -0.310883 0.923390
1305031952.105135 2.035251 -0.197188 0.358275 -0.128086 -0.190848 -0.314110 0.921144
1305031952.136943 2.040117 -0.198599 0.367317 -0.120721 -0.201111 -0.319605 0.918060
1305031952.168932 2.048338 -0.200859 0.375039 -0.117712 -0.216239 -0.325619 0.912884
1305031952.204914 2.053793 -0.210668 0.387232 -0.119940 -0.232809 -0.335518 0.904899
1305031952.236877 2.054379 -0.221878 0.397149 -0.118356 -0.247281 -0.349925 0.895766
1305031952.268902 2.062746 -0.226552 0.404317 -0.112708 -0.262517 -0.359638 0.888281
1305031952.304888 2.062169 -0.241771 0.416374 -0.116265 -0.273630 -0.372109 0.879286
1305031952.336993 2.063656 -0.259280 0.426869 -0.113988 -0.282551 -0.382818 0.872137
1305031952.368960 2.070621 -0.270459 0.436406 -0.108080 -0.288238 -0.388314 0.868590
1305031952.404918 2.072754 -0.284153 0.445071 -0.108652 -0.288023 -0.389646 0.867994
1305031952.437054 2.074173 -0.293992 0.454172 -0.107923 -0.287343 -0.385901 0.869981
1305031952.468939 2.074628 -0.303744 0.463478 -0.107746 -0.287085 -0.382366 0.871648
1305031952.504868 2.076324 -0.313229 0.472114 -0.105723 -0.287918 -0.380405 0.872478
1305031952.536948 2.076649 -0.322381 0.480907 -0.104055 -0.287912 -0.378527 0.873497
1305031952.568932 2.073894 -0.331730 0.488292 -0.100180 -0.287764 -0.376583 0.874838
1305031952.604926 2.075199 -0.337192 0.495416 -0.094020 -0.290491 -0.373935 0.875756
1305031952.636992 2.073189 -0.342472 0.502052 -0.089384 -0.292965 -0.371027 0.876653
1305031952.668899 2.068858 -0.349057 0.507909 -0.083756 -0.296705 -0.368698 0.876934
1305031952.704918 2.066005 -0.352298 0.512847 -0.076223 -0.303135 -0.362879 0.877849
1305031952.736938 2.066723 -0.354767 0.517111 -0.067890 -0.313124 -0.355932 0.877871
1305031952.768957 2.065763 -0.356054 0.518101 -0.059927 -0.323754 -0.353750 0.875473
1305031952.804919 2.059603 -0.360796 0.520040 -0.054037 -0.337569 -0.352391 0.871176
1305031952.836931 2.058850 -0.362966 0.521718 -0.043983 -0.355345 -0.348866 0.866076
1305031952.868991 2.060596 -0.364742 0.526495 -0.036228 -0.374171 -0.345680 0.859761
1305031952.904920 2.055444 -0.372729 0.529026 -0.026727 -0.391463 -0.346188 0.852172
1305031952.936984 2.064491 -0.374289 0.532027 -0.011657 -0.411965 -0.343399 0.843935
1305031952.972903 2.068584 -0.377523 0.535162 -0.008434 -0.427850 -0.345073 0.835343
1305031953.004869 2.063283 -0.390752 0.534434 -0.008729 -0.438506 -0.346867 0.829047
1305031953.036943 2.068019 -0.395762 0.540318 -0.001203 -0.450570 -0.347023 0.822533
1305031953.073127 2.071035 -0.401424 0.543889 0.004250 -0.458706 -0.349120 0.817120
1305031953.104909 2.073941 -0.407546 0.546437 0.007429 -0.466317 -0.350675 0.812108
1305031953.137098 2.074357 -0.413952 0.550754 0.009417 -0.473477 -0.352401 0.807183
1305031953.172998 2.074789 -0.421031 0.552415 0.013555 -0.478470 -0.354871 0.803087
1305031953.204992 2.075411 -0.426478 0.552506 0.018879 -0.483262 -0.358647 0.798420
1305031953.237103 2.075827 -0.430914 0.550755 0.025029 -0.488672 -0.363259 0.792853
1305031953.273087 2.074980 -0.436135 0.549621 0.029053 -0.495431 -0.367638 0.786477
1305031953.304968 2.074022 -0.441594 0.549569 0.033900 -0.501430 -0.370146 0.781288
1305031953.337012 2.073342 -0.445247 0.545505 0.040111 -0.506063 -0.372457 0.776896
1305031953.372964 2.072019 -0.448492 0.540292 0.044432 -0.511713 -0.372519 0.772920
1305031953.404920 2.073455 -0.449189 0.535204 0.048530 -0.518925 -0.371372 0.768404
1305031953.436876 2.075271 -0.449521 0.528382 0.048728 -0.525786 -0.370316 0.764225
1305031953.473261 2.074354 -0.451371 0.524274 0.045242 -0.530727 -0.369477 0.761426
1305031953.504919 2.073185 -0.453348 0.516280 0.041335 -0.534664 -0.366394 0.760382
1305031953.536948 2.077133 -0.447828 0.512267 0.038495 -0.539061 -0.363778 0.758681
1305031953.572862 2.076230 -0.449692 0.508135 0.032477 -0.540594 -0.365774 0.756910
1305031953.604882 2.079270 -0.446737 0.503572 0.029441 -0.540222 -0.367171 0.756623
1305031953.636962 2.081168 -0.444704 0.498207 0.020046 -0.537907 -0.368372 0.757995
1305031953.673021 2.079820 -0.448593 0.493680 0.009545 -0.534999 -0.365894 0.761451
1305031953.704929 2.082722 -0.443825 0.487328 0.005506 -0.531081 -0.361840 0.766156
1305031953.736982 2.086393 -0.438096 0.481967 -0.000670 -0.526858 -0.360973 0.769492
1305031953.772886 2.084491 -0.438323 0.478039 -0.009892 -0.522727 -0.358787 0.773260
1305031953.804859 2.088411 -0.433070 0.476346 -0.016473 -0.518941 -0.351529 0.779010
1305031953.836840 2.091556 -0.427078 0.476976 -0.026178 -0.511430 -0.346563 0.785906
1305031953.872987 2.089735 -0.425568 0.475065 -0.034949 -0.501540 -0.341057 0.794303
1305031953.904912 2.096489 -0.422923 0.473294 -0.040422 -0.491003 -0.335293 0.803032
1305031953.936924 2.094955 -0.413999 0.473093 -0.045099 -0.475204 -0.334415 0.812597
1305031953.972857 2.094013 -0.414428 0.472145 -0.048041 -0.460837 -0.333661 0.820970
1305031954.004852 2.097869 -0.410639 0.467086 -0.045308 -0.444325 -0.333455 0.830259
1305031954.036921 2.098414 -0.405188 0.458306 -0.044596 -0.424973 -0.337909 0.838586
1305031954.072918 2.096318 -0.404459 0.450599 -0.045861 -0.408987 -0.341565 0.844961
1305031954.104933 2.097209 -0.404444 0.445805 -0.045005 -0.395932 -0.343415 0.850458
1305031954.136939 2.096665 -0.404063 0.438786 -0.043159 -0.381369 -0.345434 0.856371
1305031954.172997 2.093964 -0.401822 0.428007 -0.040904 -0.366649 -0.346158 0.862595
1305031954.204838 2.090233 -0.403170 0.418942 -0.038869 -0.354759 -0.345535 0.867894
1305031954.237023 2.085650 -0.406628 0.402938 -0.035189 -0.343935 -0.345685 0.872337
1305031954.272870 2.081816 -0.403603 0.389031 -0.028134 -0.336511 -0.343660 0.876280
1305031954.304869 2.081984 -0.398945 0.374338 -0.021498 -0.330743 -0.340625 0.879842
1305031954.336921 2.079774 -0.392102 0.359515 -0.018933 -0.323885 -0.337757 0.883550
1305031954.372872 2.075598 -0.387393 0.345670 -0.018280 -0.318346 -0.336559 0.886030
1305031954.404711 2.070379 -0.385561 0.332393 -0.016814 -0.314469 -0.338382 0.886749
1305031954.436896 2.070101 -0.378703 0.318056 -0.012746 -0.309485 -0.339329 0.888208
1305031954.472974 2.065055 -0.370730 0.302315 -0.013580 -0.301463 -0.338237 0.891365
1305031954.504827 2.058242 -0.365955 0.287734 -0.017308 -0.294003 -0.334278 0.895277
1305031954.536934 2.058184 -0.359966 0.275215 -0.018904 -0.288336 -0.329621 0.898808
1305031954.572946 2.051172 -0.352231 0.260320 -0.023772 -0.277259 -0.325005 0.903844
1305031954.604885 2.034966 -0.352737 0.245637 -0.029103 -0.268114 -0.317214 0.909199
1305031954.636862 2.028753 -0.353093 0.233768 -0.024645 -0.265743 -0.310921 0.912196
1305031954.672891 2.024514 -0.339243 0.218532 -0.014349 -0.263076 -0.306920 0.914541
1305031954.704892 2.018333 -0.328125 0.204272 -0.009867 -0.263262 -0.305424 0.915048
1305031954.736939 2.012012 -0.323074 0.193750 -0.008572 -0.263535 -0.306383 0.914661
1305031954.773183 2.001605 -0.317432 0.181454 -0.005664 -0.263342 -0.307927 0.914221
1305031954.804833 1.999741 -0.311342 0.171672 -0.002268 -0.264823 -0.306682 0.914226
1305031954.836924 1.993420 -0.304439 0.162103 -0.001474 -0.261647 -0.305160 0.915651
1305031954.873001 1.988304 -0.303093 0.152997 0.000106 -0.259408 -0.304203 0.916607
1305031954.904866 1.986003 -0.293040 0.144022 0.002588 -0.253250 -0.300372 0.919584
1305031954.937022 1.977263 -0.288257 0.135982 0.000401 -0.246776 -0.296364 0.922643
1305031954.972931 1.976948 -0.283056 0.130354 0.001662 -0.244035 -0.295169 0.923753
1305031955.004936 1.972025 -0.276440 0.123713 0.001724 -0.237492 -0.294964 0.925522
1305031955.036969 1.967338 -0.269651 0.117860 0.001652 -0.232572 -0.294502 0.926917
1305031955.073048 1.967462 -0.259683 0.113980 0.001600 -0.228338 -0.294866 0.927854
1305031955.104929 1.960617 -0.251357 0.109255 -0.002410 -0.222247 -0.294908 0.929317
1305031955.136878 1.958177 -0.243769 0.106903 -0.005762 -0.220034 -0.295489 0.929644
1305031955.173003 1.955623 -0.234963 0.104662 -0.010064 -0.216774 -0.296583 0.930025
1305031955.204960 1.950164 -0.229702 0.103615 -0.016543 -0.214572 -0.297574 0.930126
1305031955.236857 1.949159 -0.226937 0.102992 -0.020566 -0.214394 -0.301480 0.928828
1305031955.272905 1.947075 -0.220744 0.102338 -0.023601 -0.211459 -0.304023 0.928600
1305031955.304880 1.942426 -0.218542 0.102022 -0.028451 -0.208666 -0.304419 0.928966
1305031955.337035 1.942797 -0.216746 0.102337 -0.030766 -0.207213 -0.303737 0.929441
1305031955.372861 1.940239 -0.213363 0.102328 -0.034415 -0.202843 -0.301590 0.930975
1305031955.404928 1.939184 -0.213200 0.102844 -0.037546 -0.199991 -0.298107 0.932591
1305031955.436909 1.937765 -0.211837 0.103078 -0.040333 -0.196228 -0.294510 0.934415
1305031955.472931 1.935369 -0.211319 0.102857 -0.042365 -0.193709 -0.293026 0.935317
1305031955.504893 1.936524 -0.209173 0.102898 -0.043047 -0.192831 -0.292474 0.935640
1305031955.536891 1.933717 -0.209158 0.102692 -0.045970 -0.190709 -0.290437 0.936570
1305031955.572893 1.932563 -0.212446 0.102470 -0.046815 -0.191264 -0.289844 0.936599
1305031955.604944 1.934383 -0.210759 0.102386 -0.045141 -0.191068 -0.289627 0.936788
1305031955.636881 1.933056 -0.209370 0.101644 -0.045112 -0.190216 -0.287420 0.937642
1305031955.672837 1.933979 -0.209540 0.101430 -0.045862 -0.191163 -0.286272 0.937764
1305031955.704890 1.934322 -0.211761 0.101574 -0.046697 -0.191144 -0.285385 0.937997
1305031955.736903 1.934340 -0.211818 0.101176 -0.046216 -0.190777 -0.283419 0.938692
1305031955.772963 1.935026 -0.212347 0.100909 -0.046071 -0.191005 -0.281755 0.939153
1305031955.804902 1.935688 -0.213704 0.100629 -0.045937 -0.190977 -0.279564 0.939820
1305031955.837019 1.936625 -0.213311 0.100179 -0.045338 -0.190845 -0.278115 0.940306
1305031955.872917 1.936620 -0.214728 0.099399 -0.045078 -0.191093 -0.276605 0.940713
1305031955.904911 1.939192 -0.212285 0.098622 -0.044102 -0.191332 -0.274376 0.941363
1305031955.937291 1.937684 -0.213778 0.097634 -0.045547 -0.191110 -0.273363 0.941634
1305031955.973194 1.938530 -0.215484 0.096998 -0.045400 -0.192690 -0.272728 0.941504
1305031956.004870 1.941695 -0.216508 0.097029 -0.044375 -0.193275 -0.271531 0.941779
1305031956.036937 1.941005 -0.217324 0.096080 -0.043696 -0.191625 -0.270569 0.942424
1305031956.073037 1.940610 -0.218381 0.095166 -0.042588 -0.191561 -0.269241 0.942868
1305031956.104901 1.943645 -0.217687 0.094764 -0.040331 -0.191764 -0.267550 0.943407
1305031956.136924 1.943470 -0.217144 0.094072 -0.040033 -0.189759 -0.267046 0.943968
