# timestamp tx ty tz qx qy qz qw
1305031910.765238 0.000000 0.000000 0.000000 0.000000 0.000000 0.000000 1.000000
1305031910.797230 -0.013527 0.001327 0.000563 0.005129 -0.001350 -0.008402 0.999951
1305031910.835208 -0.020302 -0.003314 0.005447 0.005320 -0.007401 -0.014538 0.999853
1305031910.865025 -0.032014 -0.007261 0.006494 0.006370 -0.012515 -0.022838 0.999641
1305031910.897222 -0.036039 -0.011431 0.013772 0.005861 -0.022564 -0.031596 0.999229
1305031910.935211 -0.033547 -0.021031 0.023628 0.006847 -0.031289 -0.037462 0.998785
1305031910.965249 -0.051015 -0.022145 0.024212 0.013040 -0.032590 -0.042079 0.998497
1305031910.997325 -0.064985 -0.017322 0.022228 0.015426 -0.039833 -0.050776 0.997796
1305031911.035050 -0.076939 -0.024182 0.029138 0.011762 -0.050026 -0.060211 0.996862
1305031911.065269 -0.094027 -0.023810 0.029954 0.012223 -0.064024 -0.070572 0.995375
1305031911.097196 -0.096942 -0.027936 0.039620 0.010170 -0.085078 -0.082480 0.992902
1305031911.135664 -0.096862 -0.033661 0.045556 0.012211 -0.101507 -0.093506 0.990355
1305031911.165177 -0.106934 -0.035151 0.043375 0.015991 -0.112930 -0.100752 0.988352
1305031911.197213 -0.112306 -0.034731 0.044591 0.018501 -0.125174 -0.107663 0.986102
1305031911.235651 -0.120923 -0.039221 0.048041 0.019697 -0.136023 -0.114731 0.983843
1305031911.265104 -0.123007 -0.037024 0.050204 0.022752 -0.148898 -0.123997 0.980784
1305031911.297334 -0.133741 -0.040767 0.055770 0.022501 -0.156801 -0.131248 0.978612
1305031911.333191 -0.138693 -0.044763 0.057514 0.024063 -0.167122 -0.137232 0.976042
1305031911.365235 -0.138976 -0.048728 0.062938 0.026491 -0.175916 -0.142917 0.973615
1305031911.397333 -0.145639 -0.050268 0.064845 0.030831 -0.180637 -0.147807 0.971892
1305031911.433256 -0.154930 -0.047084 0.065382 0.035980 -0.186217 -0.149965 0.970329
1305031911.465250 -0.165650 -0.046906 0.066999 0.037805 -0.193031 -0.150312 0.968874
1305031911.497291 -0.175582 -0.049524 0.067383 0.039076 -0.203485 -0.150720 0.966618
1305031911.533251 -0.179354 -0.050245 0.072264 0.041235 -0.215505 -0.151252 0.963836
1305031911.565335 -0.185596 -0.054367 0.076363 0.042863 -0.225292 -0.150652 0.961618
1305031911.597302 -0.192572 -0.055635 0.077384 0.048199 -0.237738 -0.152430 0.958083
1305031911.633337 -0.190210 -0.051507 0.084827 0.053304 -0.251259 -0.159246 0.953241
1305031911.665124 -0.192043 -0.048612 0.090217 0.056611 -0.261480 -0.167136 0.948941
1305031911.697167 -0.195642 -0.046694 0.094290 0.057976 -0.270764 -0.175093 0.944811
1305031911.733203 -0.198425 -0.043505 0.098296 0.059067 -0.278640 -0.184046 0.940743
1305031911.765284 -0.204415 -0.039284 0.099902 0.058996 -0.283746 -0.192855 0.937451
1305031911.797297 -0.206869 -0.036793 0.104636 0.058039 -0.289062 -0.200309 0.934318
1305031911.833338 -0.214745 -0.033259 0.105466 0.055019 -0.293208 -0.208059 0.931511
1305031911.865269 -0.220025 -0.028232 0.106711 0.051219 -0.300718 -0.213957 0.927991
1305031911.897159 -0.225631 -0.027507 0.108036 0.045252 -0.309036 -0.218913 0.924406
1305031911.933063 -0.230187 -0.026960 0.106175 0.038570 -0.319174 -0.224717 0.919860
1305031911.965140 -0.234613 -0.025339 0.108101 0.031353 -0.333754 -0.231150 0.913343
1305031911.997252 -0.235114 -0.022721 0.106165 0.023185 -0.350006 -0.236838 0.906016
1305031912.033135 -0.232318 -0.028680 0.110871 0.011698 -0.364465 -0.240779 0.899475
1305031912.065365 -0.231671 -0.033124 0.116033 0.003566 -0.375789 -0.242845 0.894313
1305031912.096953 -0.230555 -0.035420 0.119511 -0.001090 -0.383339 -0.248617 0.889517
1305031912.133282 -0.230101 -0.044745 0.127328 -0.004169 -0.390818 -0.258299 0.883474
1305031912.165138 -0.224507 -0.052471 0.127142 -0.001977 -0.397428 -0.269843 0.877059
1305031912.197357 -0.223369 -0.053973 0.129057 0.001197 -0.401000 -0.282547 0.871415
1305031912.233265 -0.221687 -0.056010 0.130654 0.005439 -0.403461 -0.293453 0.866646
1305031912.265090 -0.225199 -0.065902 0.130633 0.007529 -0.404822 -0.302758 0.862786
1305031912.297250 -0.228236 -0.075003 0.131151 0.016286 -0.408249 -0.306478 0.859732
1305031912.333274 -0.222652 -0.070317 0.130587 0.028691 -0.413175 -0.306387 0.857083
1305031912.365250 -0.220182 -0.071320 0.131981 0.034158 -0.417416 -0.306014 0.854957
1305031912.397198 -0.216962 -0.063683 0.125518 0.040688 -0.422255 -0.307783 0.851655
1305031912.433290 -0.212591 -0.063680 0.125154 0.042408 -0.429450 -0.314403 0.845532
1305031912.465142 -0.210624 -0.064235 0.123250 0.043335 -0.436127 -0.320709 0.839679
1305031912.497123 -0.203288 -0.060491 0.121879 0.043039 -0.441341 -0.326930 0.834556
1305031912.533113 -0.204161 -0.064046 0.123825 0.038038 -0.444875 -0.330997 0.831312
1305031912.565146 -0.201365 -0.064108 0.124446 0.034359 -0.450432 -0.332414 0.827908
1305031912.597090 -0.197853 -0.069744 0.128276 0.028221 -0.456095 -0.332851 0.824858
1305031912.633132 -0.195677 -0.071589 0.130174 0.025925 -0.460063 -0.334416 0.822093
1305031912.665220 -0.193822 -0.073485 0.130610 0.023160 -0.464542 -0.339129 0.817714
1305031912.697182 -0.193951 -0.073937 0.131236 0.020737 -0.470780 -0.345084 0.811698
1305031912.733125 -0.191128 -0.076208 0.131681 0.018155 -0.478429 -0.352203 0.804194
1305031912.765193 -0.188017 -0.079607 0.133936 0.017208 -0.483193 -0.358357 0.798629
1305031912.797155 -0.183744 -0.077799 0.136013 0.018074 -0.483817 -0.361601 0.796768
1305031912.833077 -0.183249 -0.080313 0.139741 0.017084 -0.482108 -0.364209 0.796638
1305031912.865153 -0.184940 -0.084875 0.142289 0.016709 -0.479168 -0.366067 0.797567
1305031912.897198 -0.184885 -0.084847 0.142183 0.018957 -0.474599 -0.364996 0.800733
1305031912.933115 -0.182809 -0.087559 0.144234 0.020258 -0.470079 -0.363460 0.804060
1305031912.965034 -0.184996 -0.097238 0.147718 0.022131 -0.468670 -0.365124 0.804079
1305031912.997049 -0.179792 -0.094307 0.144870 0.030615 -0.464607 -0.364708 0.806344
1305031913.033133 -0.176184 -0.093229 0.141160 0.034906 -0.461243 -0.362353 0.809158
1305031913.065209 -0.172896 -0.095411 0.140466 0.036729 -0.459693 -0.357587 0.812075
1305031913.097038 -0.169073 -0.094462 0.142200 0.038405 -0.455958 -0.348213 0.818153
1305031913.133146 -0.166199 -0.095622 0.145767 0.039757 -0.448770 -0.338041 0.826289
1305031913.165211 -0.165031 -0.095422 0.144387 0.041013 -0.437681 -0.324839 0.837397
1305031913.197113 -0.161397 -0.096706 0.146496 0.041318 -0.427949 -0.311893 0.847275
1305031913.233126 -0.159159 -0.096074 0.150411 0.041870 -0.417876 -0.296978 0.857573
1305031913.265022 -0.157288 -0.094934 0.149668 0.041578 -0.405549 -0.279119 0.869422
1305031913.297160 -0.151748 -0.096890 0.154622 0.041498 -0.393756 -0.262920 0.879834
1305031913.333122 -0.148298 -0.093711 0.156562 0.043505 -0.379101 -0.247791 0.890500
1305031913.365070 -0.144400 -0.095104 0.158796 0.044172 -0.366888 -0.236631 0.898581
1305031913.397099 -0.137097 -0.097180 0.161860 0.045576 -0.354546 -0.226357 0.906081
1305031913.433081 -0.130862 -0.102023 0.163873 0.047327 -0.338659 -0.215357 0.914708
1305031913.465231 -0.120863 -0.098083 0.162870 0.052220 -0.317678 -0.200940 0.925190
1305031913.497227 -0.115889 -0.093475 0.166828 0.054447 -0.290465 -0.182164 0.937807
1305031913.533297 -0.107335 -0.094105 0.161351 0.054080 -0.266714 -0.166933 0.947667
1305031913.565261 -0.104095 -0.095462 0.160795 0.053633 -0.242050 -0.153232 0.956585
1305031913.597139 -0.097721 -0.096830 0.158873 0.056428 -0.220427 -0.139831 0.963678
1305031913.633293 -0.087420 -0.088756 0.145253 0.060102 -0.196743 -0.127097 0.970323
1305031913.665421 -0.088972 -0.079324 0.137675 0.058681 -0.169215 -0.110667 0.977587
1305031913.697243 -0.078638 -0.077643 0.133858 0.053535 -0.148050 -0.092669 0.983172
1305031913.733097 -0.073339 -0.073739 0.128493 0.048434 -0.123939 -0.077753 0.988053
1305031913.765028 -0.068856 -0.072150 0.118329 0.041038 -0.100491 -0.064275 0.992011
1305031913.797106 -0.069018 -0.071973 0.101707 0.031716 -0.077153 -0.050539 0.995232
1305031913.833143 -0.059576 -0.074804 0.096506 0.022915 -0.060193 -0.035663 0.997286
1305031913.865063 -0.049617 -0.073623 0.088257 0.018808 -0.042837 -0.018919 0.998726
1305031913.897116 -0.047927 -0.068174 0.082138 0.015640 -0.022925 -0.002495 0.999612
1305031913.933123 -0.030665 -0.071088 0.071647 0.010841 -0.012135 0.014415 0.999764
1305031913.965134 -0.019356 -0.066280 0.062403 0.011871 -0.000785 0.025359 0.999608
1305031913.997116 -0.010778 -0.060613 0.055021 0.010266 0.013347 0.039625 0.999073
1305031914.033441 0.004959 -0.058587 0.051051 0.010380 0.023402 0.055980 0.998104
1305031914.065072 0.019524 -0.050477 0.038489 0.011776 0.034106 0.068681 0.996986
1305031914.097126 0.031880 -0.045217 0.032695 0.010683 0.046630 0.078228 0.995787
1305031914.133245 0.045417 -0.040987 0.025446 0.010379 0.057451 0.088932 0.994325
1305031914.165013 0.062876 -0.035213 0.017421 0.011918 0.066686 0.098733 0.992805
1305031914.197110 0.080190 -0.028715 0.008713 0.013699 0.075777 0.105080 0.991478
1305031914.233108 0.103975 -0.028486 0.001209 0.015634 0.085301 0.111742 0.989946
1305031914.265074 0.118787 -0.026826 -0.013882 0.022259 0.099232 0.113725 0.988294
1305031914.297165 0.130601 -0.030694 -0.036947 0.022436 0.109979 0.112209 0.987325
1305031914.333148 0.137664 -0.016661 -0.047717 0.023749 0.119180 0.110056 0.986468
1305031914.365058 0.138653 -0.016989 -0.057672 0.014523 0.126612 0.107420 0.986012
1305031914.397215 0.155018 -0.012298 -0.065907 0.007227 0.125189 0.107142 0.986304
1305031914.433060 0.176005 -0.004656 -0.075766 0.002765 0.122897 0.106508 0.986684
1305031914.465054 0.195970 0.002777 -0.086235 -0.001102 0.121715 0.105370 0.986956
1305031914.497127 0.219068 0.012134 -0.098814 -0.004279 0.121338 0.101603 0.987388
1305031914.533107 0.233541 0.017307 -0.110761 -0.009609 0.124997 0.097402 0.987318
1305031914.565001 0.252697 0.024011 -0.122739 -0.012201 0.124565 0.093995 0.987674
1305031914.597122 0.271200 0.034782 -0.136364 -0.014917 0.125177 0.089454 0.987981
1305031914.633055 0.288405 0.043160 -0.146896 -0.020974 0.127864 0.084497 0.987963
1305031914.665019 0.305373 0.048935 -0.154270 -0.027514 0.132584 0.082781 0.987326
1305031914.697129 0.323067 0.052157 -0.163280 -0.031960 0.137205 0.082354 0.986596
1305031914.733078 0.337873 0.055881 -0.174835 -0.033360 0.141079 0.078820 0.986292
1305031914.764901 0.351700 0.066297 -0.186656 -0.035584 0.144556 0.077330 0.985828
1305031914.797119 0.364975 0.069562 -0.193663 -0.041139 0.145062 0.077839 0.985498
1305031914.833133 0.380356 0.068543 -0.201401 -0.045246 0.142829 0.076794 0.985726
1305031914.865128 0.393967 0.071891 -0.209022 -0.045896 0.139338 0.073101 0.986476
1305031914.897188 0.410711 0.074787 -0.215804 -0.046543 0.133961 0.071447 0.987311
1305031914.933099 0.423134 0.070817 -0.222640 -0.046030 0.129098 0.070303 0.988065
1305031914.964978 0.445141 0.079803 -0.232529 -0.040247 0.119695 0.065741 0.989814
1305031914.997078 0.465006 0.088512 -0.241021 -0.037640 0.114818 0.064036 0.990606
1305031915.033152 0.480229 0.088257 -0.247420 -0.038298 0.111497 0.064057 0.990958
1305031915.065009 0.501277 0.094442 -0.255498 -0.036014 0.106089 0.063117 0.991698
1305031915.097024 0.518458 0.093956 -0.262011 -0.036375 0.103226 0.059362 0.992218
1305031915.133208 0.538590 0.095147 -0.268591 -0.033718 0.099175 0.051393 0.993170
1305031915.165021 0.556571 0.095545 -0.275287 -0.029751 0.097008 0.040810 0.994001
1305031915.197108 0.572294 0.098000 -0.281086 -0.022958 0.093324 0.029101 0.994946
1305031915.233111 0.592496 0.109571 -0.287858 -0.015728 0.087417 0.018545 0.995875
1305031915.264979 0.607725 0.111044 -0.291490 -0.015141 0.082924 0.010526 0.996385
1305031915.297152 0.621509 0.113038 -0.294928 -0.013663 0.075224 0.003910 0.997065
1305031915.333207 0.640135 0.113933 -0.299170 -0.013433 0.063045 -0.002292 0.997918
1305031915.365050 0.660896 0.112400 -0.303846 -0.013813 0.050101 -0.009549 0.998603
1305031915.397167 0.680199 0.112886 -0.307976 -0.014149 0.038382 -0.017169 0.999015
1305031915.432960 0.700753 0.106309 -0.310734 -0.016023 0.025773 -0.026632 0.999185
1305031915.464920 0.718484 0.107003 -0.315761 -0.014069 0.013714 -0.042743 0.998893
1305031915.497121 0.734656 0.108245 -0.321284 -0.015512 0.000433 -0.058341 0.998176
1305031915.533058 0.754157 0.101826 -0.323977 -0.020224 -0.013219 -0.068639 0.997349
1305031915.564985 0.779988 0.094477 -0.330116 -0.021243 -0.025614 -0.080507 0.996198
1305031915.601161 0.806062 0.091153 -0.333273 -0.020948 -0.031959 -0.093903 0.994848
1305031915.633062 0.826011 0.085895 -0.336117 -0.021464 -0.032032 -0.102841 0.993950
1305031915.665003 0.840061 0.079805 -0.336344 -0.020281 -0.030702 -0.108516 0.993413
1305031915.701106 0.853138 0.081318 -0.338145 -0.015711 -0.031891 -0.114034 0.992841
1305031915.733046 0.862374 0.085552 -0.336142 -0.013776 -0.037551 -0.117482 0.992269
1305031915.765010 0.876958 0.088401 -0.335330 -0.016556 -0.052555 -0.121620 0.991046
1305031915.801243 0.891814 0.080096 -0.332443 -0.022238 -0.069261 -0.126899 0.989245
1305031915.833049 0.911017 0.077970 -0.332827 -0.020834 -0.086761 -0.135179 0.986795
1305031915.865069 0.931997 0.081055 -0.330890 -0.021751 -0.103049 -0.145148 0.983788
1305031915.901234 0.949317 0.077063 -0.329846 -0.025640 -0.116788 -0.154867 0.980673
1305031915.933056 0.969766 0.074910 -0.327085 -0.029867 -0.128959 -0.163732 0.977583
1305031915.965061 0.987195 0.063474 -0.322065 -0.033801 -0.137858 -0.169164 0.975313
1305031916.001234 1.008418 0.066658 -0.320375 -0.031392 -0.145076 -0.177008 0.972952
1305031916.033043 1.024737 0.057185 -0.314211 -0.036081 -0.150739 -0.186719 0.970109
1305031916.065060 1.034740 0.027386 -0.315126 -0.035895 -0.156444 -0.196142 0.967349
1305031916.101115 1.044924 0.014283 -0.318625 -0.019925 -0.164841 -0.201308 0.965352
1305031916.133093 1.053317 0.005860 -0.323795 0.000470 -0.177438 -0.205692 0.962396
1305031916.165155 1.073460 0.015170 -0.327307 0.025418 -0.195232 -0.206390 0.958458
1305031916.201031 1.095687 0.020046 -0.328779 0.036625 -0.215456 -0.209405 0.953093
1305031916.233050 1.116394 0.004185 -0.326025 0.042210 -0.233763 -0.212832 0.947774
1305031916.265060 1.138146 -0.002669 -0.323440 0.056519 -0.247228 -0.218948 0.942203
1305031916.301076 1.157573 -0.008294 -0.322677 0.069952 -0.257057 -0.225327 0.937153
1305031916.333426 1.174892 -0.018774 -0.322650 0.085165 -0.264010 -0.231268 0.932502
1305031916.365121 1.195250 -0.028550 -0.320756 0.104986 -0.268144 -0.237643 0.927687
1305031916.401006 1.210688 -0.035198 -0.324159 0.122936 -0.266639 -0.241925 0.924804
1305031916.433168 1.220411 -0.042908 -0.327421 0.137761 -0.266227 -0.238998 0.923593
1305031916.465124 1.230811 -0.045344 -0.332071 0.151409 -0.269058 -0.232935 0.922185
1305031916.501025 1.237621 -0.047909 -0.338177 0.161977 -0.275255 -0.226854 0.920074
1305031916.533266 1.245755 -0.057542 -0.340193 0.172629 -0.287592 -0.222798 0.915342
1305031916.565142 1.253919 -0.062910 -0.348827 0.184072 -0.299606 -0.220396 0.909824
1305031916.601238 1.268084 -0.063621 -0.346217 0.190995 -0.313248 -0.219455 0.904011
1305031916.633156 1.276915 -0.079575 -0.341057 0.196033 -0.327349 -0.218986 0.898030
1305031916.665139 1.292942 -0.090082 -0.332038 0.203713 -0.338811 -0.219688 0.891877
1305031916.701048 1.302089 -0.097608 -0.323607 0.213074 -0.346619 -0.220352 0.886510
1305031916.733056 1.307604 -0.105616 -0.315321 0.220539 -0.355193 -0.220152 0.881325
1305031916.765076 1.317367 -0.116480 -0.303147 0.227321 -0.365306 -0.217037 0.876226
1305031916.801088 1.326199 -0.125533 -0.294438 0.234620 -0.374885 -0.211112 0.871692
1305031916.833266 1.333923 -0.137252 -0.282414 0.241463 -0.384246 -0.207808 0.866525
1305031916.865085 1.341250 -0.147476 -0.271861 0.247171 -0.393177 -0.204804 0.861611
1305031916.901017 1.344250 -0.158624 -0.265992 0.253772 -0.403069 -0.200176 0.856192
1305031916.933088 1.350715 -0.170773 -0.253672 0.260663 -0.413279 -0.195949 0.850212
1305031916.965054 1.356026 -0.176013 -0.242336 0.268463 -0.420729 -0.193049 0.844776
1305031917.001132 1.357952 -0.198060 -0.245072 0.272862 -0.427938 -0.189259 0.840593
1305031917.033155 1.363729 -0.211376 -0.240425 0.284947 -0.435897 -0.183934 0.833647
1305031917.065136 1.369689 -0.216406 -0.230200 0.300362 -0.442948 -0.179057 0.825541
1305031917.101130 1.374225 -0.241540 -0.240244 0.312798 -0.446719 -0.180764 0.818489
1305031917.133106 1.376639 -0.268173 -0.254419 0.327264 -0.448434 -0.182028 0.811585
1305031917.165045 1.381443 -0.284161 -0.255832 0.343297 -0.451648 -0.177422 0.804165
1305031917.201175 1.385637 -0.284779 -0.247347 0.358349 -0.453719 -0.172656 0.797443
1305031917.233102 1.389164 -0.297302 -0.247525 0.368546 -0.455520 -0.165930 0.793185
1305031917.265163 1.395354 -0.298240 -0.232470 0.379228 -0.460504 -0.156760 0.787114
1305031917.301107 1.399901 -0.302470 -0.224576 0.385322 -0.464553 -0.153024 0.782497
1305031917.333229 1.412152 -0.323465 -0.213346 0.384131 -0.470765 -0.151466 0.779667
1305031917.365138 1.421292 -0.342779 -0.213822 0.381157 -0.475344 -0.153653 0.777919
1305031917.401065 1.423311 -0.341316 -0.205829 0.378164 -0.478003 -0.155485 0.777386
1305031917.433141 1.428541 -0.335923 -0.186518 0.373737 -0.479214 -0.158596 0.778153
1305031917.465076 1.435189 -0.249881 -0.107324 0.381223 -0.482151 -0.148650 0.774663
1305031917.501158 1.440654 -0.252145 -0.091353 0.367118 -0.481639 -0.154801 0.780567
1305031917.533057 1.446350 -0.256407 -0.087006 0.353048 -0.480341 -0.162987 0.786171
1305031917.565195 1.451772 -0.272497 -0.086828 0.338661 -0.479319 -0.175086 0.790511
1305031917.601069 1.458419 -0.274487 -0.076722 0.325652 -0.479112 -0.184970 0.793844
1305031917.633090 1.466725 -0.276185 -0.063488 0.313660 -0.480486 -0.192739 0.795991
1305031917.665060 1.474588 -0.276748 -0.052790 0.301987 -0.482300 -0.199476 0.797747
1305031917.701096 1.481779 -0.273096 -0.037236 0.289352 -0.485314 -0.203127 0.799678
1305031917.733003 1.487077 -0.285331 -0.036126 0.273633 -0.488329 -0.208068 0.802102
1305031917.765114 1.500973 -0.260079 0.003491 0.261881 -0.493607 -0.211271 0.801957
1305031917.801048 1.509922 -0.261783 0.014761 0.242495 -0.495743 -0.217599 0.805038
1305031917.833090 1.520078 -0.254742 0.036241 0.225095 -0.498665 -0.223268 0.806732
1305031917.865107 1.531743 -0.252512 0.053733 0.207998 -0.500117 -0.233049 0.807656
1305031917.901060 1.542178 -0.248998 0.068426 0.194151 -0.498359 -0.244032 0.808945
1305031917.932948 1.552794 -0.243845 0.078762 0.177144 -0.495829 -0.252638 0.811756
1305031917.965346 1.560764 -0.253485 0.089903 0.157619 -0.493804 -0.262717 0.813814
1305031918.001098 1.568248 -0.263220 0.098921 0.141047 -0.491576 -0.271985 0.815158
1305031918.033144 1.581170 -0.258493 0.109189 0.127804 -0.489407 -0.282165 0.815187
1305031918.065137 1.580597 -0.276540 0.117925 0.110113 -0.487847 -0.297532 0.813238
1305031918.101060 1.586400 -0.285590 0.125338 0.099485 -0.489238 -0.308367 0.809728
1305031918.133054 1.598926 -0.285556 0.139142 0.091554 -0.490936 -0.320855 0.804768
1305031918.165017 1.607717 -0.295542 0.152917 0.081657 -0.490091 -0.331552 0.802008
1305031918.201086 1.618615 -0.298609 0.166335 0.075007 -0.487724 -0.338148 0.801345
1305031918.233042 1.630027 -0.302177 0.182845 0.066497 -0.485065 -0.346335 0.800214
1305031918.265256 1.639811 -0.307877 0.199255 0.058145 -0.480755 -0.356597 0.798957
1305031918.301124 1.650232 -0.311640 0.215888 0.049729 -0.475568 -0.367776 0.797561
1305031918.333165 1.657466 -0.319346 0.233107 0.040279 -0.468876 -0.381207 0.795747
1305031918.365072 1.665470 -0.328353 0.251378 0.033752 -0.462899 -0.391878 0.794366
1305031918.401030 1.678285 -0.330190 0.271301 0.028354 -0.455725 -0.400122 0.794615
1305031918.433043 1.686936 -0.340425 0.291589 0.016796 -0.447719 -0.409904 0.794509
1305031918.465089 1.690437 -0.354385 0.310428 0.007111 -0.439605 -0.417680 0.795136
1305031918.501125 1.694190 -0.366839 0.326166 0.002410 -0.429683 -0.424172 0.797148
1305031918.533134 1.702080 -0.375753 0.340453 0.000119 -0.421533 -0.428969 0.798934
1305031918.565018 1.709902 -0.385191 0.359201 -0.005387 -0.415572 -0.432891 0.799923
1305031918.601029 1.712613 -0.401205 0.377060 -0.011161 -0.410653 -0.436617 0.800378
1305031918.633027 1.721072 -0.411741 0.391829 -0.013120 -0.407235 -0.440790 0.799807
1305031918.665112 1.726198 -0.424252 0.406230 -0.017078 -0.405183 -0.446915 0.797372
1305031918.701017 1.731859 -0.436668 0.421777 -0.021332 -0.405859 -0.450993 0.794625
1305031918.732948 1.736835 -0.455881 0.439122 -0.026398 -0.407938 -0.455422 0.790874
1305031918.765151 1.743191 -0.474265 0.454975 -0.024449 -0.408889 -0.463450 0.785765
1305031918.801097 1.748142 -0.489656 0.469156 -0.016833 -0.407414 -0.475042 0.779785
1305031918.833123 1.752712 -0.500590 0.478996 -0.008905 -0.405520 -0.485003 0.774756
1305031918.865115 1.755842 -0.513947 0.488930 -0.002507 -0.406792 -0.495203 0.767652
1305031918.901084 1.759177 -0.523191 0.499109 0.005965 -0.410650 -0.505595 0.758752
1305031918.933071 1.763154 -0.533321 0.509147 0.012080 -0.417769 -0.515242 0.748230
1305031918.965058 1.767033 -0.546038 0.521447 0.016977 -0.426186 -0.525547 0.736124
1305031919.001053 1.767089 -0.556568 0.531291 0.022057 -0.433158 -0.535629 0.724562
1305031919.033082 1.774626 -0.563880 0.544786 0.026508 -0.443852 -0.541296 0.713646
1305031919.065147 1.776161 -0.574425 0.559104 0.025508 -0.452636 -0.549526 0.701778
1305031919.101028 1.777006 -0.587611 0.573175 0.025371 -0.461523 -0.557698 0.689438
1305031919.133133 1.779670 -0.598416 0.588035 0.026463 -0.469121 -0.564632 0.678540
1305031919.165110 1.781668 -0.606296 0.601300 0.027130 -0.475544 -0.570403 0.669151
1305031919.201124 1.784772 -0.613063 0.614336 0.027223 -0.482748 -0.576601 0.658592
1305031919.233093 1.783788 -0.621830 0.624571 0.026821 -0.491200 -0.585463 0.644389
1305031919.265125 1.787802 -0.633689 0.638420 0.028937 -0.502979 -0.594216 0.626962
1305031919.301119 1.788184 -0.642603 0.647399 0.031053 -0.511942 -0.601981 0.612022
1305031919.333120 1.798968 -0.654253 0.659572 0.032177 -0.524886 -0.603199 0.599675
1305031919.364948 1.806065 -0.668830 0.675539 0.029367 -0.535478 -0.607383 0.586077
1305031919.401124 1.811286 -0.680396 0.685196 0.027485 -0.542928 -0.611636 0.574783
1305031919.433256 1.819500 -0.694842 0.698711 0.024577 -0.552304 -0.614585 0.562710
1305031919.465070 1.826301 -0.712812 0.712729 0.022055 -0.559757 -0.619233 0.550215
1305031919.501049 1.831090 -0.730806 0.725989 0.020085 -0.564409 -0.623180 0.541005
1305031919.533110 1.830402 -0.750879 0.736690 0.019005 -0.567271 -0.625510 0.535331
1305031919.565165 1.838766 -0.764408 0.742674 0.024127 -0.570135 -0.624820 0.532883
1305031919.601094 1.840147 -0.779054 0.750583 0.024552 -0.573896 -0.625048 0.528542
1305031919.633127 1.839039 -0.797176 0.753974 0.025390 -0.580211 -0.623669 0.523209
1305031919.665042 1.841888 -0.816503 0.767730 0.027865 -0.590663 -0.618674 0.517285
1305031919.701092 1.836276 -0.837944 0.780582 0.028425 -0.597223 -0.615255 0.513788
1305031919.733117 1.833421 -0.854803 0.785189 0.034543 -0.601516 -0.610994 0.513489
1305031919.765060 1.837814 -0.863772 0.790923 0.037599 -0.607381 -0.604044 0.514593
1305031919.801129 1.836265 -0.871565 0.790935 0.036095 -0.614871 -0.598137 0.512702
1305031919.833072 1.839274 -0.876957 0.798566 0.033264 -0.626615 -0.591517 0.506314
1305031919.865180 1.829930 -0.886127 0.814542 -0.020932 0.639126 0.586829 -0.496700
1305031919.901067 1.811265 -0.905031 0.823194 -0.010702 0.648814 0.584132 -0.487561
1305031919.933102 1.803449 -0.912563 0.830285 -0.007046 0.656983 0.577666 -0.484382
1305031919.965129 1.790012 -0.922785 0.840257 -0.000307 0.664977 0.571703 -0.480584
1305031920.001054 1.779982 -0.930324 0.843306 0.003402 0.671905 0.564822 -0.479071
1305031920.033118 1.776447 -0.932951 0.850602 0.008278 0.681092 0.558100 -0.473888
1305031920.065136 1.758799 -0.939344 0.859794 0.017715 0.690803 0.554052 -0.464223
1305031920.101055 1.746141 -0.945627 0.870085 0.021683 0.700818 0.548778 -0.455222
1305031920.132987 1.732869 -0.949258 0.883806 0.024883 0.708261 0.545835 -0.447003
1305031920.165140 1.716809 -0.955134 0.897802 0.026745 0.713487 0.544096 -0.440659
1305031920.201166 1.701660 -0.962490 0.911579 0.026644 0.714324 0.544544 -0.438752
1305031920.233083 1.679630 -0.965290 0.920289 0.025067 0.712135 0.543488 -0.443686
1305031920.265120 1.665126 -0.971233 0.929157 0.020472 0.710288 0.540356 -0.450652
1305031920.301096 1.648149 -0.970988 0.935363 0.015115 0.705620 0.536487 -0.462659
1305031920.333124 1.635325 -0.974333 0.939727 0.010290 0.701362 0.529068 -0.477570
1305031920.365130 1.626832 -0.974119 0.945686 0.004821 0.695493 0.522148 -0.493586
1305031920.401115 1.611842 -0.976343 0.947275 -0.000859 -0.688235 -0.515786 0.510193
1305031920.433123 1.599490 -0.977595 0.951932 0.005968 -0.683142 -0.508215 0.524404
1305031920.465148 1.584714 -0.982479 0.954883 0.010205 -0.678904 -0.502641 0.535105
1305031920.501107 1.573419 -0.985234 0.955857 0.017452 -0.675330 -0.496115 0.545431
1305031920.533105 1.568970 -0.990467 0.952556 0.024680 -0.672101 -0.490707 0.553966
1305031920.565153 1.565098 -0.996567 0.946877 0.030552 -0.669828 -0.486957 0.559706
1305031920.601126 1.554716 -1.002410 0.947035 0.034583 -0.669516 -0.481188 0.564810
1305031920.633105 1.546730 -1.012626 0.948920 0.038366 -0.668475 -0.473794 0.572005
1305031920.665129 1.541453 -1.023077 0.953807 0.042206 -0.662809 -0.466015 0.584579
1305031920.701147 1.530978 -1.030348 0.954967 0.047987 -0.652875 -0.457538 0.601756
1305031920.733091 1.520494 -1.038184 0.959359 0.056655 -0.644673 -0.447951 0.616868
1305031920.765152 1.511943 -1.041587 0.961949 0.064821 -0.634643 -0.438551 0.633008
1305031920.801031 1.505714 -1.047445 0.960838 0.072741 -0.625028 -0.429534 0.647726
1305031920.833132 1.500614 -1.051773 0.962257 0.080307 -0.618408 -0.422146 0.657963
1305031920.865163 1.493582 -1.057852 0.961715 0.086902 -0.610751 -0.415084 0.668682
1305031920.901037 1.490233 -1.064250 0.957357 0.092377 -0.602500 -0.405973 0.680916
1305031920.933077 1.488389 -1.071993 0.962136 0.095020 -0.594764 -0.396395 0.692891
1305031920.965217 1.481288 -1.082806 0.963561 0.096879 -0.584981 -0.390005 0.704491
1305031921.001108 1.471341 -1.093706 0.966430 0.098866 -0.575385 -0.383621 0.715536
1305031921.033111 1.467857 -1.105083 0.972410 0.103086 -0.567368 -0.379504 0.723494
1305031921.065147 1.463967 -1.111684 0.969926 0.106096 -0.556298 -0.377555 0.732618
1305031921.101105 1.461746 -1.119548 0.969654 0.106321 -0.546543 -0.374698 0.741342
1305031921.133159 1.455881 -1.127792 0.975896 0.105557 -0.537130 -0.374984 0.748155
1305031921.165116 1.447000 -1.137447 0.982688 0.104694 -0.525652 -0.376985 0.755388
1305031921.201159 1.431191 -1.147654 0.992349 0.107500 -0.515267 -0.379418 0.760911
1305031921.233189 1.421866 -1.157121 0.996489 0.112272 -0.506102 -0.378960 0.766580
1305031921.265164 1.415163 -1.165098 0.996537 0.117163 -0.498155 -0.377211 0.771898
1305031921.301188 1.413347 -1.168696 0.996125 0.121086 -0.492414 -0.374591 0.776240
1305031921.333158 1.407830 -1.174976 0.997409 0.121479 -0.487320 -0.370453 0.781362
1305031921.365112 1.403235 -1.183458 1.000834 0.120705 -0.483954 -0.366106 0.785611
1305031921.401108 1.399490 -1.195176 1.006324 0.120559 -0.479945 -0.362322 0.789836
1305031921.433143 1.396624 -1.201356 1.007151 0.121561 -0.473489 -0.357070 0.795947
1305031921.465014 1.393623 -1.208709 1.008779 0.120301 -0.467211 -0.349898 0.803002
1305031921.501096 1.391684 -1.221772 1.017214 0.119143 -0.461203 -0.342796 0.809684
1305031921.533099 1.387699 -1.234119 1.025523 0.119996 -0.452491 -0.337636 0.816612
1305031921.565119 1.379786 -1.244630 1.030380 0.123662 -0.442280 -0.329747 0.824841
1305031921.601114 1.396372 -1.256075 1.028391 0.129376 -0.434679 -0.324089 0.830230
1305031921.633107 1.396640 -1.260710 1.031484 0.129480 -0.421488 -0.318285 0.839212
1305031921.665162 1.390850 -1.275843 1.042136 0.127765 -0.407125 -0.310404 0.849456
1305031921.701068 1.393596 -1.283726 1.054799 0.131614 -0.392723 -0.302776 0.858355
1305031921.733068 1.389817 -1.289955 1.071331 0.135265 -0.373371 -0.297150 0.868332
1305031921.765060 1.385926 -1.293037 1.077893 0.136739 -0.355136 -0.291039 0.877768
1305031921.801034 1.382270 -1.293026 1.081991 0.137820 -0.340444 -0.286284 0.884955
1305031921.833122 1.375551 -1.296717 1.083801 0.134710 -0.328768 -0.282930 0.890907
1305031921.865148 1.365957 -1.301829 1.092496 0.133186 -0.322348 -0.279551 0.894541
1305031921.901117 1.369992 -1.299731 1.098405 0.133874 -0.315982 -0.276740 0.897579
1305031921.933132 1.357387 -1.305767 1.103828 0.129574 -0.305174 -0.274223 0.902708
1305031921.965107 1.348472 -1.309287 1.109744 0.129011 -0.294270 -0.267432 0.908428
1305031922.001101 1.351858 -1.312119 1.116775 0.129480 -0.283500 -0.260410 0.913810
1305031922.033170 1.348146 -1.314959 1.120746 0.128412 -0.271177 -0.255834 0.918979
1305031922.065166 1.337490 -1.315225 1.123087 0.126651 -0.258190 -0.250088 0.924529
1305031922.101032 1.331936 -1.319319 1.127332 0.125052 -0.249419 -0.245016 0.928504
1305031922.133245 1.329574 -1.317180 1.131023 0.125362 -0.239928 -0.238838 0.932564
1305031922.165062 1.330542 -1.317070 1.134154 0.123835 -0.231406 -0.232818 0.936436
1305031922.201057 1.322273 -1.321176 1.137350 0.120936 -0.222129 -0.229453 0.939886
1305031922.233248 1.320033 -1.319431 1.137879 0.121123 -0.213449 -0.226262 0.942642
1305031922.265183 1.320326 -1.319117 1.138942 0.119115 -0.204563 -0.222768 0.945695
1305031922.301137 1.322190 -1.319257 1.140764 0.116106 -0.195136 -0.221152 0.948437
1305031922.333215 1.316800 -1.320230 1.140807 0.111909 -0.182588 -0.220665 0.951549
1305031922.365143 1.309312 -1.321401 1.139253 0.108119 -0.172360 -0.220118 0.954018
1305031922.401139 1.312580 -1.318960 1.140262 0.105650 -0.165348 -0.218188 0.955977
1305031922.433086 1.308715 -1.317777 1.141141 0.099897 -0.153803 -0.216080 0.958997
1305031922.465219 1.299451 -1.317536 1.142924 0.095590 -0.143690 -0.214910 0.961265
1305031922.501312 1.301452 -1.314655 1.144109 0.093302 -0.137467 -0.212273 0.962984
1305031922.533139 1.293903 -1.309859 1.149235 0.089002 -0.127644 -0.209419 0.965365
1305031922.565031 1.294059 -1.312802 1.147875 0.085220 -0.121719 -0.209932 0.966359
1305031922.601111 1.291507 -1.313208 1.148080 0.081254 -0.111454 -0.209979 0.967928
1305031922.633085 1.286730 -1.311390 1.153360 0.079150 -0.103116 -0.209053 0.969226
1305031922.665318 1.289201 -1.313627 1.149077 0.076475 -0.096828 -0.208774 0.970149
1305031922.701355 1.283868 -1.311691 1.155847 0.075363 -0.084698 -0.205815 0.972001
1305031922.733235 1.277390 -1.310809 1.161499 0.077086 -0.075198 -0.201167 0.973619
1305031922.765373 1.276949 -1.310814 1.160857 0.079530 -0.067989 -0.195213 0.975164
1305031922.801220 1.279092 -1.311341 1.160864 0.081872 -0.061087 -0.188671 0.976713
1305031922.833262 1.293400 -1.318907 1.159302 0.083248 -0.057234 -0.185319 0.977472
1305031922.865045 1.294557 -1.319733 1.161620 0.086354 -0.048215 -0.179418 0.978789
1305031922.901109 1.296727 -1.319940 1.160793 0.090618 -0.040632 -0.174935 0.979559
1305031922.933136 1.300182 -1.321029 1.151763 0.091707 -0.033898 -0.171530 0.980315
1305031922.965220 1.300150 -1.320904 1.151403 0.091262 -0.028524 -0.166621 0.981374
1305031923.001054 1.305881 -1.322708 1.147732 0.089946 -0.026211 -0.163469 0.982090
1305031923.033184 1.308573 -1.323674 1.148917 0.088656 -0.020455 -0.158890 0.983095
1305031923.065085 1.310314 -1.324164 1.149793 0.088451 -0.016613 -0.154125 0.983944
1305031923.101056 1.318363 -1.324569 1.147961 0.088790 -0.014277 -0.151170 0.984408
1305031923.133238 1.321753 -1.325762 1.148252 0.087854 -0.007335 -0.147711 0.985094
1305031923.165168 1.322181 -1.326689 1.170528 0.092131 -0.000915 -0.144722 0.985173
1305031923.201181 1.326851 -1.328359 1.167592 0.099622 0.004907 -0.143449 0.984619
1305031923.233162 1.329416 -1.329900 1.145586 0.103347 0.013112 -0.142034 0.984365
1305031923.265159 1.340047 -1.322909 1.145173 0.103821 0.020085 -0.132478 0.985529
1305031923.301183 1.341069 -1.323056 1.144229 0.101316 0.028071 -0.123690 0.986736
1305031923.333169 1.347318 -1.321953 1.143755 0.100536 0.033069 -0.116394 0.987548
1305031923.365230 1.354468 -1.318210 1.137339 0.099341 0.038425 -0.109978 0.988210
1305031923.401139 1.357258 -1.316506 1.134246 0.093271 0.046175 -0.100821 0.989446
1305031923.433112 1.364207 -1.317767 1.132935 0.090027 0.053426 -0.092189 0.990223
1305031923.465290 1.369655 -1.320546 1.122777 0.087841 0.061619 -0.084369 0.990641
1305031923.501145 1.371955 -1.326575 1.114907 0.089417 0.068782 -0.076332 0.990680
1305031923.533199 1.377585 -1.323194 1.105960 0.097312 0.073423 -0.071540 0.989960
1305031923.565198 1.384191 -1.320086 1.098111 0.102248 0.075941 -0.066038 0.989655
1305031923.601069 1.393483 -1.317461 1.089695 0.107302 0.076530 -0.061538 0.989365
1305031923.633244 1.401094 -1.312802 1.078121 0.109376 0.078336 -0.055178 0.989371
1305031923.665141 1.411397 -1.310873 1.071323 0.111317 0.078887 -0.047772 0.989496
1305031923.701144 1.420425 -1.302563 1.057966 0.115553 0.080421 -0.043837 0.989069
1305031923.733145 1.429409 -1.298528 1.048281 0.115123 0.081809 -0.039989 0.989169
1305031923.765175 1.439086 -1.292633 1.038186 0.118248 0.083709 -0.038947 0.988683
1305031923.801150 1.448582 -1.283279 1.023514 0.117882 0.087022 -0.039451 0.988420
1305031923.833045 1.453324 -1.285811 1.012104 0.116498 0.090367 -0.038498 0.988322
1305031923.865161 1.465258 -1.274637 1.002121 0.123997 0.089193 -0.039327 0.987483
1305031923.901121 1.474098 -1.266079 0.990421 0.129301 0.090770 -0.045394 0.986398
1305031923.933140 1.480584 -1.254364 0.976228 0.134059 0.094049 -0.051247 0.985168
1305031923.965198 1.488876 -1.245146 0.961413 0.129854 0.097565 -0.055083 0.985183
1305031924.001096 1.497548 -1.245964 0.960119 0.126522 0.100350 -0.054556 0.985366
1305031924.033250 1.506806 -1.234718 0.947095 0.134618 0.103958 -0.056476 0.983810
1305031924.065224 1.514396 -1.219455 0.927285 0.134311 0.108868 -0.054415 0.983437
1305031924.101175 1.520731 -1.219341 0.911342 0.127172 0.112162 -0.053452 0.984068
1305031924.133285 1.529114 -1.211492 0.902416 0.129359 0.112721 -0.056248 0.983563
1305031924.165591 1.536875 -1.198842 0.886592 0.127315 0.112202 -0.055969 0.983905
1305031924.201130 1.546067 -1.196216 0.880695 0.123512 0.108150 -0.056621 0.984806
1305031924.233238 1.553879 -1.184295 0.871866 0.126151 0.104458 -0.062348 0.984524
1305031924.265335 1.562151 -1.177818 0.864333 0.125053 0.101264 -0.064200 0.984879
1305031924.301099 1.570735 -1.167216 0.851698 0.124729 0.098257 -0.064819 0.985184
1305031924.333113 1.578702 -1.159656 0.843397 0.121922 0.095263 -0.064774 0.985832
1305031924.365169 1.585348 -1.151447 0.833564 0.121394 0.090635 -0.067212 0.986170
1305031924.401095 1.591967 -1.141955 0.821511 0.120725 0.084086 -0.070245 0.986621
1305031924.433069 1.598237 -1.134819 0.813551 0.119104 0.078658 -0.072026 0.987137
1305031924.465394 1.601938 -1.127911 0.808280 0.120196 0.074116 -0.075359 0.987107
1305031924.501116 1.604792 -1.119858 0.798791 0.122370 0.067370 -0.078859 0.987050
1305031924.533245 1.607670 -1.113939 0.789735 0.123356 0.058720 -0.079934 0.987393
1305031924.565264 1.610719 -1.108704 0.783216 0.127648 0.047770 -0.082357 0.987239
1305031924.601161 1.618706 -1.101524 0.774048 0.133181 0.037758 -0.084579 0.986754
1305031924.633221 1.621621 -1.097410 0.769017 0.138478 0.032536 -0.083470 0.986305
1305031924.665187 1.629688 -1.088687 0.758781 0.145549 0.024940 -0.082033 0.985629
1305031924.701168 1.634774 -1.083019 0.752743 0.150278 0.019856 -0.082614 0.984986
1305031924.733166 1.642308 -1.075601 0.743653 0.156098 0.014790 -0.083117 0.984127
1305031924.765170 1.650819 -1.065750 0.737625 0.160054 0.012081 -0.084521 0.983409
1305031924.801057 1.656326 -1.059337 0.731384 0.161000 0.012916 -0.083362 0.983343
1305031924.833187 1.662634 -1.049636 0.724255 0.163861 0.013472 -0.083169 0.982879
1305031924.865165 1.666061 -1.033128 0.718851 0.164346 0.015178 -0.083624 0.982734
1305031924.901110 1.668595 -1.026535 0.713625 0.158637 0.014075 -0.082688 0.983768
1305031924.933186 1.672620 -1.022135 0.708076 0.156211 0.009548 -0.083939 0.984104
1305031924.969060 1.676582 -1.012522 0.703119 0.156901 0.005848 -0.086520 0.983800
1305031925.001103 1.679252 -1.004858 0.699238 0.158679 0.002803 -0.089146 0.983294
1305031925.033148 1.682536 -0.997400 0.692662 0.161956 0.000517 -0.091930 0.982506
1305031925.069090 1.685385 -0.989722 0.686892 0.167497 -0.000398 -0.094394 0.981343
1305031925.101107 1.689427 -0.974865 0.676617 0.171081 -0.001563 -0.095897 0.980578
1305031925.133209 1.696469 -0.968393 0.667750 0.163333 -0.004686 -0.090858 0.982367
1305031925.169080 1.698983 -0.968087 0.660540 0.157510 -0.007999 -0.089444 0.983426
1305031925.201117 1.702393 -0.960787 0.652801 0.159055 -0.012044 -0.091393 0.982957
1305031925.233193 1.706136 -0.947010 0.642787 0.159008 -0.015433 -0.093959 0.982675
1305031925.269164 1.709562 -0.940817 0.637048 0.155440 -0.019396 -0.098287 0.982752
1305031925.301283 1.714622 -0.930215 0.629094 0.153691 -0.021463 -0.103269 0.982473
1305031925.333142 1.718250 -0.918735 0.623104 0.149381 -0.021885 -0.106365 0.982798
1305031925.369107 1.722064 -0.909168 0.617737 0.145330 -0.022595 -0.111847 0.982781
1305031925.401456 1.725532 -0.900099 0.614375 0.143170 -0.022824 -0.117248 0.982463
1305031925.433406 1.728581 -0.893526 0.609399 0.142981 -0.024395 -0.120912 0.982009
1305031925.469099 1.737770 -0.884556 0.602651 0.146489 -0.024655 -0.123289 0.981189
1305031925.501267 1.744572 -0.877008 0.596893 0.151382 -0.020289 -0.121593 0.980758
1305031925.533321 1.753395 -0.866164 0.587597 0.157916 -0.015238 -0.116983 0.980380
1305031925.569132 1.762916 -0.856310 0.581710 0.161721 -0.010512 -0.109405 0.980697
1305031925.601218 1.774810 -0.845331 0.570817 0.164868 -0.005712 -0.103760 0.980826
1305031925.633430 1.786391 -0.834101 0.559226 0.165211 -0.000518 -0.098391 0.981338
1305031925.669137 1.794792 -0.824989 0.551301 0.162093 0.002793 -0.093253 0.982355
1305031925.701322 1.801540 -0.817232 0.547026 0.160082 0.003227 -0.091208 0.982876
1305031925.733167 1.813510 -0.808328 0.543285 0.158189 0.001704 -0.089941 0.983302
1305031925.769246 1.826073 -0.799493 0.540795 0.153967 0.001629 -0.086605 0.984272
1305031925.801208 1.838452 -0.790718 0.537529 0.148113 0.004456 -0.083770 0.985406
1305031925.833148 1.849923 -0.781673 0.533462 0.140070 0.009063 -0.079561 0.986898
1305031925.869197 1.857164 -0.775826 0.530897 0.131177 0.015517 -0.076998 0.988242
1305031925.901176 1.867016 -0.767846 0.527224 0.123784 0.021157 -0.072312 0.989445
1305031925.933170 1.875510 -0.760857 0.523810 0.116638 0.025033 -0.065190 0.990717
1305031925.969198 1.884066 -0.752122 0.518317 0.108461 0.027721 -0.059913 0.991906
1305031926.001186 1.888714 -0.747176 0.513864 0.100715 0.030724 -0.055377 0.992898
1305031926.033156 1.898938 -0.739406 0.507620 0.096685 0.030753 -0.049982 0.993584
1305031926.069077 1.907757 -0.730836 0.500776 0.092496 0.032948 -0.046451 0.994083
1305031926.101106 1.914817 -0.724296 0.494092 0.089670 0.037613 -0.045242 0.994232
1305031926.133181 1.926669 -0.713060 0.483680 0.088874 0.041750 -0.043420 0.994220
1305031926.169101 1.934989 -0.704335 0.477549 0.084986 0.048228 -0.040667 0.994383
1305031926.201141 1.939951 -0.698390 0.470274 0.084504 0.055528 -0.037597 0.994164
1305031926.233134 1.951970 -0.687316 0.457068 0.084360 0.060950 -0.034211 0.993981
1305031926.269135 1.960956 -0.679192 0.449707 0.082239 0.067159 -0.032999 0.993800
1305031926.301054 1.969751 -0.671117 0.441624 0.082235 0.074428 -0.031639 0.993326
1305031926.333164 1.978786 -0.662495 0.431497 0.081783 0.084047 -0.028205 0.992699
1305031926.369064 1.984868 -0.657094 0.423944 0.081657 0.094430 -0.024228 0.991881
1305031926.401166 1.991837 -0.650147 0.409445 0.082406 0.103030 -0.019249 0.991072
1305031926.433155 1.998993 -0.643465 0.396217 0.082008 0.111158 -0.013924 0.990315
1305031926.469090 2.005608 -0.638773 0.388175 0.081697 0.119144 -0.008477 0.989474
1305031926.501075 2.011633 -0.636399 0.378326 0.082983 0.128070 -0.000422 0.988287
1305031926.533176 2.015551 -0.631022 0.364837 0.085054 0.137466 0.007348 0.986821
1305031926.569122 2.019676 -0.626932 0.352827 0.086565 0.145990 0.016455 0.985354
1305031926.601166 2.021593 -0.621431 0.340735 0.087625 0.154229 0.025671 0.983807
1305031926.633127 2.023057 -0.616811 0.330147 0.087540 0.162118 0.036274 0.982211
1305031926.669140 2.026855 -0.611914 0.321543 0.087403 0.169573 0.047364 0.980491
1305031926.701042 2.030786 -0.603658 0.318105 0.089006 0.179065 0.054724 0.978273
1305031926.733207 2.032996 -0.600968 0.309974 0.087535 0.191794 0.062658 0.975513
1305031926.769141 2.028513 -0.599755 0.303083 0.085057 0.207769 0.074313 0.971635
1305031926.801342 2.026307 -0.599007 0.300253 0.082413 0.222763 0.087686 0.967417
1305031926.833209 2.025901 -0.595533 0.296666 0.080875 0.238186 0.101283 0.962532
1305031926.869333 2.021183 -0.593743 0.293442 0.078040 0.256747 0.118099 0.956056
1305031926.901097 2.026442 -0.587088 0.290775 0.076512 0.273846 0.135058 0.949165
1305031926.933348 2.033642 -0.579401 0.283283 0.075178 0.290982 0.149736 0.941943
1305031926.969122 2.033309 -0.573396 0.272076 0.071093 0.308882 0.162841 0.934356
1305031927.001575 2.030215 -0.568969 0.267233 0.064450 0.328161 0.175890 0.925861
1305031927.033929 2.033417 -0.562486 0.269929 0.060018 0.344415 0.189307 0.917572
1305031927.070528 2.032562 -0.556639 0.262303 0.055756 0.358758 0.203786 0.909206
1305031927.101272 2.027317 -0.549934 0.257223 0.050628 0.371674 0.218073 0.900966
1305031927.133471 2.033346 -0.543385 0.250604 0.043521 0.380467 0.230215 0.894624
1305031927.169161 2.036910 -0.534665 0.243743 0.036999 0.389844 0.242357 0.887646
1305031927.201210 2.030929 -0.522266 0.234738 0.031119 0.397885 0.254203 0.880965
1305031927.233491 2.031055 -0.502778 0.218080 0.022694 0.398896 0.265471 0.877435
1305031927.269153 2.031528 -0.488584 0.220466 0.014356 0.401651 0.273208 0.873972
1305031927.301135 2.034142 -0.482270 0.222851 0.004429 0.405881 0.283072 0.868971
1305031927.333139 2.034535 -0.469555 0.224208 -0.000681 0.410454 0.293585 0.863328
1305031927.369147 2.041602 -0.463683 0.220182 -0.008933 0.414661 0.305003 0.857292
1305031927.401161 2.046158 -0.452955 0.218117 -0.015535 0.419700 0.314683 0.851226
1305031927.433274 2.047745 -0.438793 0.213040 -0.019470 0.422747 0.322430 0.846726
1305031927.469105 2.049928 -0.425972 0.205196 -0.025052 0.423923 0.328913 0.843492
1305031927.501136 2.053819 -0.415984 0.201746 -0.032181 0.425031 0.333032 0.841072
1305031927.533182 2.054926 -0.407645 0.199343 -0.036851 0.426703 0.335619 0.839003
1305031927.569225 2.054879 -0.392575 0.192327 -0.040216 0.425946 0.336427 0.838910
1305031927.601132 2.056755 -0.382456 0.187754 -0.047715 0.423712 0.336459 0.839635
1305031927.633201 2.059907 -0.375784 0.188619 -0.056875 0.421412 0.335047 0.840785
1305031927.669158 2.061895 -0.364957 0.187285 -0.061924 0.418185 0.328802 0.844497
1305031927.701131 2.066250 -0.358140 0.181287 -0.070469 0.413911 0.321362 0.848786
1305031927.733219 2.070338 -0.351797 0.180462 -0.078338 0.411258 0.314844 0.851824
1305031927.769158 2.075384 -0.344362 0.176745 -0.084983 0.407892 0.308915 0.854970
1305031927.801109 2.079959 -0.336082 0.173853 -0.088822 0.406157 0.304415 0.857017
1305031927.833282 2.086403 -0.329147 0.167991 -0.092369 0.404315 0.301980 0.858374
1305031927.869143 2.092911 -0.322430 0.163960 -0.096703 0.403515 0.302061 0.858244
1305031927.901130 2.099442 -0.319225 0.164961 -0.099911 0.405050 0.301209 0.857453
1305031927.933465 2.105323 -0.305760 0.152078 -0.098539 0.404366 0.299106 0.858670
1305031927.969176 2.111829 -0.295196 0.142185 -0.099224 0.402749 0.299718 0.859138
1305031928.001134 2.119082 -0.289469 0.135872 -0.101122 0.403045 0.300621 0.858461
1305031928.033186 2.125917 -0.277896 0.123463 -0.100895 0.402446 0.300705 0.858740
1305031928.069125 2.132804 -0.268213 0.112924 -0.103933 0.402237 0.302683 0.857780
1305031928.101114 2.139274 -0.261718 0.106782 -0.106454 0.403455 0.304634 0.856207
1305031928.133202 2.147242 -0.253208 0.094367 -0.108285 0.403506 0.305716 0.855567
1305031928.169018 2.153402 -0.249277 0.088351 -0.111411 0.407445 0.306116 0.853153
1305031928.201096 2.158481 -0.242674 0.080909 -0.112946 0.413271 0.306123 0.850140
1305031928.233133 2.161273 -0.235458 0.069729 -0.114183 0.419591 0.308257 0.846099
1305031928.269216 2.165017 -0.232874 0.068072 -0.116414 0.427181 0.312787 0.840314
1305031928.301255 2.166837 -0.230073 0.059639 -0.116041 0.433250 0.317277 0.835562
1305031928.333609 2.169716 -0.226069 0.051372 -0.115394 0.439519 0.322599 0.830323
1305031928.369520 2.177038 -0.219716 0.047796 -0.113128 0.446540 0.329658 0.824093
1305031928.401116 2.178318 -0.220878 0.040618 -0.110415 0.454871 0.337675 0.816625
1305031928.433543 2.184208 -0.216141 0.029988 -0.105268 0.464446 0.347378 0.807798
1305031928.469232 2.187546 -0.208714 0.021545 -0.098227 0.475795 0.358101 0.797329
1305031928.501428 2.198381 -0.209736 0.012999 -0.092318 0.486759 0.370537 0.785649
1305031928.533982 2.199111 -0.206202 0.006795 -0.081752 0.498211 0.380001 0.775049
1305031928.569299 2.196261 -0.202470 -0.000724 -0.072395 0.509315 0.386428 0.765526
1305031928.601271 2.195082 -0.200302 -0.002677 -0.062826 0.523333 0.392456 0.753760
1305031928.633595 2.201695 -0.196650 -0.019298 -0.052921 0.534342 0.395860 0.744965
1305031928.669146 2.203323 -0.195712 -0.031409 -0.043560 0.547374 0.395478 0.736262
1305031928.701110 2.203230 -0.197714 -0.039601 -0.035176 0.559982 0.393933 0.728011
1305031928.733185 2.203584 -0.201757 -0.047732 -0.027283 0.572188 0.392302 0.719692
1305031928.769202 2.200999 -0.203836 -0.055228 -0.017421 0.584350 0.391489 0.710611
1305031928.801117 2.184210 -0.203823 -0.054476 -0.004729 0.598403 0.387237 0.701383
1305031928.833193 2.182256 -0.209054 -0.060036 0.005122 0.610163 0.384152 0.692894
1305031928.869148 2.179696 -0.214579 -0.065002 0.015019 0.621652 0.380886 0.684287
1305031928.901197 2.179433 -0.220210 -0.071890 0.024872 0.632889 0.377198 0.675688
1305031928.933215 2.176780 -0.225401 -0.082115 0.037141 0.644085 0.372498 0.667099
1305031928.969097 2.170000 -0.229972 -0.083195 0.047976 0.658020 0.362356 0.658335
1305031929.001155 2.166645 -0.239161 -0.087997 0.056133 0.671469 0.355641 0.647687
1305031929.033640 2.163749 -0.244792 -0.094549 0.065866 0.684120 0.348511 0.637324
1305031929.069089 2.156639 -0.250536 -0.095253 0.074153 0.699200 0.336499 0.626409
1305031929.101213 2.151597 -0.257612 -0.101162 0.082510 0.712410 0.329008 0.614344
1305031929.133202 2.146858 -0.268927 -0.106404 0.091472 0.725008 0.321752 0.602056
1305031929.169204 2.147606 -0.273062 -0.110716 0.101476 0.737099 0.314210 0.589626
1305031929.201163 2.143726 -0.284605 -0.117715 0.110002 0.746966 0.310599 0.577469
1305031929.233293 2.142746 -0.293988 -0.125712 0.121765 0.756991 0.306093 0.564309
1305031929.269214 2.139268 -0.303429 -0.131288 0.133757 0.766916 0.299354 0.551667
1305031929.301292 2.134153 -0.314535 -0.136085 0.142380 0.776449 0.293162 0.539362
1305031929.333529 2.133170 -0.324509 -0.139022 0.151678 0.785042 0.288238 0.526898
1305031929.369189 2.129976 -0.329005 -0.137813 0.163239 0.792420 0.281650 0.515845
1305031929.401369 2.127265 -0.342085 -0.142960 0.172587 0.796638 0.278612 0.507896
1305031929.433239 2.120538 -0.353745 -0.145097 0.181327 0.801141 0.272855 0.500843
1305031929.469219 2.114331 -0.363722 -0.145881 0.188760 0.805873 0.267081 0.493565
1305031929.501198 2.109032 -0.376110 -0.147367 0.196073 0.809775 0.262386 0.486798
1305031929.533262 2.102670 -0.388857 -0.148670 0.202629 0.813910 0.256893 0.480102
1305031929.569172 2.096816 -0.400962 -0.149888 0.208473 0.817887 0.251067 0.473883
1305031929.601101 2.090422 -0.415018 -0.150936 0.213191 0.821784 0.244026 0.468692
1305031929.634447 2.083361 -0.427087 -0.150584 0.216904 0.826361 0.235728 0.463155
1305031929.669287 2.077407 -0.438576 -0.149214 0.220536 0.830710 0.226948 0.458017
1305031929.701269 2.072394 -0.446486 -0.144419 0.225355 0.834721 0.217543 0.452914
1305031929.733617 2.066456 -0.456790 -0.141898 0.230906 0.836823 0.209950 0.449812
1305031929.769190 2.060732 -0.465402 -0.137973 0.235934 0.836788 0.203755 0.450116
1305031929.801229 2.054814 -0.474092 -0.135764 0.241334 0.836830 0.195655 0.450768
1305031929.833358 2.048095 -0.480380 -0.133514 0.246529 0.836829 0.187633 0.451369
1305031929.869242 2.043317 -0.487034 -0.131415 0.250768 0.836403 0.180576 0.452700
1305031929.901292 2.035869 -0.494108 -0.130987 0.254878 0.835641 0.174486 0.454197
1305031929.933176 2.028235 -0.503743 -0.134173 0.256437 0.835886 0.169083 0.454913
1305031929.969176 2.020827 -0.509248 -0.136412 0.255973 0.837352 0.164441 0.454180
1305031930.001350 2.010739 -0.511102 -0.136359 0.257472 0.838708 0.163179 0.451276
1305031930.033650 1.997487 -0.513021 -0.139000 0.258778 0.839512 0.164883 0.448404
1305031930.069293 1.988989 -0.511669 -0.141233 0.260063 0.839932 0.168088 0.445677
1305031930.101133 1.980708 -0.510079 -0.143643 0.258999 0.840487 0.171548 0.443928
1305031930.134163 1.970326 -0.505123 -0.146401 0.255170 0.841664 0.175079 0.442536
1305031930.169117 1.966985 -0.503813 -0.147004 0.251858 0.844759 0.179317 0.436802
1305031930.201148 1.954459 -0.497509 -0.150822 0.248132 0.847791 0.184300 0.430946
1305031930.233355 1.945506 -0.490974 -0.154431 0.241534 0.851368 0.189975 0.425139
1305031930.269064 1.944975 -0.489335 -0.154339 0.235588 0.856021 0.196331 0.416150
1305031930.301105 1.933608 -0.489175 -0.153196 0.230525 0.859373 0.205344 0.407639
1305031930.333138 1.924210 -0.480362 -0.159585 0.222614 0.862192 0.213317 0.401951
1305031930.369794 1.923816 -0.476844 -0.158028 0.215379 0.866486 0.221631 0.392039
1305031930.401077 1.920152 -0.475848 -0.158671 0.209436 0.869449 0.231811 0.382701
1305031930.433290 1.912643 -0.461298 -0.163786 0.203575 0.871100 0.239955 0.377046
1305031930.469130 1.920876 -0.472183 -0.151212 0.196863 0.873228 0.253622 0.366599
1305031930.501044 1.909618 -0.482820 -0.154593 0.191812 0.871062 0.270555 0.362297
1305031930.533067 1.905923 -0.478567 -0.160616 0.185102 0.869652 0.283254 0.359457
1305031930.569007 1.909229 -0.473228 -0.162158 0.176828 0.869891 0.293443 0.354841
1305031930.601041 1.899462 -0.461900 -0.152844 0.168827 0.869371 0.303606 0.351447
1305031930.633126 1.889179 -0.470756 -0.172550 0.160763 0.864381 0.321466 0.351655
1305031930.668925 1.887428 -0.469518 -0.172842 0.153966 0.860192 0.335318 0.352030
1305031930.701009 1.883499 -0.468364 -0.177584 0.150101 0.854010 0.349488 0.354957
1305031930.733195 1.881918 -0.463006 -0.177595 0.144036 0.848222 0.361843 0.358947
1305031930.769068 1.876925 -0.461405 -0.178099 0.136567 0.842535 0.373758 0.363028
1305031930.801055 1.874869 -0.455300 -0.175848 0.130950 0.837990 0.383566 0.365378
1305031930.833091 1.870838 -0.449767 -0.175398 0.125647 0.834515 0.391732 0.366530
1305031930.869070 1.867731 -0.443319 -0.172493 0.119061 0.831461 0.400262 0.366452
1305031930.900829 1.865061 -0.428045 -0.157145 0.113496 0.830206 0.405505 0.365298
1305031930.933330 1.862299 -0.421005 -0.153653 0.108683 0.826801 0.414519 0.364366
1305031930.969059 1.858068 -0.411068 -0.148256 0.104273 0.823385 0.423300 0.363293
1305031931.000795 1.854286 -0.399423 -0.140295 0.098714 0.819794 0.432603 0.362005
1305031931.033023 1.852276 -0.393572 -0.139714 0.091960 0.815127 0.443630 0.360976
1305031931.068905 1.850387 -0.383377 -0.134396 0.085654 0.810926 0.454279 0.358737
1305031931.100819 1.849201 -0.376582 -0.133117 0.080523 0.805931 0.466738 0.355172
1305031931.133042 1.844970 -0.367308 -0.130473 0.075674 0.801842 0.477344 0.351376
1305031931.168900 1.841950 -0.357040 -0.131231 0.069792 0.798138 0.488815 0.345202
1305031931.200696 1.834979 -0.347286 -0.130737 0.063978 0.794511 0.501183 0.336860
1305031931.233053 1.831852 -0.337441 -0.129263 0.055034 0.791255 0.513634 0.327210
1305031931.268951 1.831494 -0.330726 -0.128192 0.047310 0.788775 0.525237 0.315789
1305031931.300955 1.828955 -0.317639 -0.127852 0.040193 0.786731 0.535559 0.304328
1305031931.332991 1.832180 -0.318038 -0.131573 0.032371 0.785004 0.546640 0.289665
1305031931.369797 1.836981 -0.313194 -0.129767 0.027090 0.784445 0.555911 0.273631
1305031931.401337 1.841260 -0.306991 -0.128191 0.024292 0.783328 0.564615 0.258877
1305031931.432892 1.851799 -0.307115 -0.128820 0.021093 0.781946 0.573587 0.243135
1305031931.469079 1.858535 -0.300437 -0.130252 0.020063 0.781576 0.579606 0.229767
1305031931.500852 1.860897 -0.295979 -0.128008 0.020115 0.781127 0.584963 0.217379
1305031931.532871 1.868580 -0.288622 -0.128549 0.019898 0.779571 0.591859 0.203901
1305031931.569726 1.882951 -0.285027 -0.133771 0.021185 0.778972 0.597370 0.189478
1305031931.601199 1.889526 -0.281080 -0.132542 0.023669 0.779803 0.599345 0.179256
1305031931.633004 1.897808 -0.276611 -0.133820 0.024042 0.779584 0.601952 0.171241
1305031931.669064 1.905479 -0.272643 -0.134621 0.023104 0.780407 0.602735 0.164750
1305031931.701060 1.915968 -0.268839 -0.131514 0.020731 0.781726 0.603296 0.156550
1305031931.732985 1.927170 -0.265396 -0.130769 0.018984 0.781961 0.604723 0.149955
1305031931.768911 1.936773 -0.261067 -0.126556 0.016702 0.781364 0.606603 0.145683
1305031931.800959 1.947712 -0.256265 -0.125096 0.016889 0.779391 0.610254 0.140906
1305031931.832926 1.955824 -0.250900 -0.121089 0.020935 0.777390 0.614019 0.134938
1305031931.868988 1.965177 -0.245537 -0.120015 0.026224 0.772934 0.621035 0.127283
1305031931.900957 1.972396 -0.238542 -0.121854 0.031140 0.769416 0.626089 0.122645
1305031931.932907 1.981087 -0.233912 -0.122092 0.035537 0.768702 0.627756 0.117289
1305031931.968902 1.988617 -0.227850 -0.120904 0.040099 0.767601 0.629472 0.113778
1305031932.000829 1.994208 -0.222826 -0.121734 0.044788 0.767319 0.630255 0.109517
1305031932.032913 2.002924 -0.218553 -0.122851 0.049721 0.767211 0.631125 0.102935
1305031932.068920 2.009906 -0.213218 -0.122408 0.053940 0.767711 0.630823 0.098854
1305031932.101294 2.019173 -0.209466 -0.122458 0.056603 0.766520 0.632843 0.093558
1305031932.132895 2.032512 -0.208255 -0.126073 0.061819 0.764616 0.635025 0.091015
1305031932.169077 2.039651 -0.205235 -0.127704 0.066752 0.762916 0.635772 0.096423
1305031932.200948 2.048958 -0.200420 -0.132527 0.069857 0.760753 0.636899 0.103603
1305031932.232821 2.056122 -0.196938 -0.136491 0.072333 0.759543 0.636394 0.113425
1305031932.268818 2.065572 -0.192782 -0.143308 0.074320 0.758033 0.636136 0.123264
1305031932.300945 2.070179 -0.187910 -0.149117 0.076262 0.758414 0.633508 0.132889
1305031932.333175 2.077090 -0.183637 -0.155603 0.077042 0.758779 0.631605 0.139259
1305031932.368837 2.085508 -0.181482 -0.164775 0.078210 0.759413 0.629047 0.146542
1305031932.401680 2.093335 -0.178819 -0.171690 0.080565 0.760805 0.625076 0.154806
1305031932.432994 2.099326 -0.175673 -0.175550 0.084337 0.761600 0.621404 0.163433
1305031932.469022 2.107016 -0.173570 -0.184891 0.087754 0.760315 0.620031 0.172576
1305031932.500893 2.112509 -0.168951 -0.191203 0.090399 0.760038 0.616838 0.183524
1305031932.532959 2.119793 -0.165759 -0.199713 0.092379 0.759346 0.614248 0.193802
1305031932.568972 2.128333 -0.164450 -0.209217 0.093575 0.759291 0.610640 0.204548
1305031932.600957 2.135063 -0.162693 -0.214667 0.094040 0.759604 0.605280 0.218620
1305031932.632929 2.142254 -0.161173 -0.222857 0.094565 0.759344 0.599786 0.233902
1305031932.669236 2.148930 -0.161215 -0.229480 0.095277 0.759503 0.593883 0.247750
1305031932.700806 2.130727 -0.143843 -0.203738 0.100139 0.766412 0.575541 0.267090
1305031932.732848 2.136557 -0.143547 -0.210346 0.100183 0.767343 0.567987 0.280247
1305031932.768757 2.147032 -0.145147 -0.220083 0.100764 0.767835 0.561324 0.291877
1305031932.800821 2.142866 -0.143577 -0.219507 0.106566 0.770168 0.549845 0.305214
1305031932.832891 2.154932 -0.143568 -0.232031 0.106673 0.770909 0.542650 0.315992
1305031932.869016 2.165943 -0.144920 -0.244608 0.106231 0.772881 0.534506 0.325074
1305031932.901214 2.169618 -0.142381 -0.247684 0.109879 0.777973 0.521194 0.333228
1305031932.932932 2.172532 -0.141657 -0.246872 0.113369 0.780880 0.511319 0.340481
1305031932.968787 2.179138 -0.141118 -0.257593 0.112176 0.780521 0.506238 0.349179
1305031933.001958 2.187117 -0.139956 -0.269600 0.110021 0.782807 0.499785 0.354012
1305031933.033045 2.190544 -0.135491 -0.274235 0.110609 0.787240 0.492176 0.354656
1305031933.068879 2.195615 -0.130262 -0.276333 0.109817 0.790662 0.487861 0.353250
1305031933.100908 2.203826 -0.125481 -0.286533 0.109833 0.792630 0.487750 0.348963
1305031933.132911 2.202348 -0.118338 -0.294723 0.112205 0.797829 0.484081 0.341385
1305031933.169450 2.206824 -0.117395 -0.294570 0.110960 0.804385 0.482897 0.327817
1305031933.200949 2.207570 -0.113469 -0.299339 0.110389 0.808905 0.482689 0.317015
1305031933.233374 2.212196 -0.111320 -0.300589 0.108923 0.813444 0.481913 0.306927
1305031933.269079 2.217057 -0.108019 -0.302919 0.107738 0.817644 0.480176 0.298801
1305031933.300869 2.212538 -0.109072 -0.301946 0.107632 0.821016 0.478935 0.291494
1305031933.332881 2.210221 -0.108113 -0.299307 0.108744 0.822884 0.480410 0.283271
1305031933.368978 2.210904 -0.105099 -0.303090 0.109132 0.824171 0.482424 0.275862
1305031933.400926 2.208730 -0.102543 -0.299134 0.111025 0.826443 0.482751 0.267614
1305031933.432912 2.205887 -0.099232 -0.298988 0.112506 0.826210 0.486678 0.260507
1305031933.469486 2.203965 -0.097375 -0.302551 0.113548 0.826347 0.490265 0.252780
1305031933.500809 2.199327 -0.093760 -0.302581 0.115184 0.827828 0.491493 0.244678
1305031933.533065 2.195514 -0.091941 -0.302848 0.114695 0.829072 0.493952 0.235577
1305031933.568861 2.194648 -0.092359 -0.301820 0.114703 0.830998 0.496409 0.223302
1305031933.600899 2.189930 -0.089288 -0.300979 0.116571 0.833059 0.498199 0.210288
1305031933.632949 2.181725 -0.090088 -0.300620 0.117216 0.834629 0.501199 0.196098
1305031933.669114 2.176975 -0.090416 -0.296765 0.117758 0.836650 0.504332 0.178323
1305031933.700931 2.171636 -0.089111 -0.294264 0.118421 0.838061 0.507807 0.160507
1305031933.732901 2.166743 -0.087121 -0.289372 0.119619 0.839089 0.511093 0.142849
1305031933.768934 2.161574 -0.089330 -0.286298 0.119660 0.839377 0.514779 0.127003
1305031933.800879 2.156128 -0.091326 -0.281296 0.118501 0.840243 0.517120 0.111970
1305031933.833132 2.148515 -0.094247 -0.272049 0.116661 0.840470 0.519974 0.098119
1305031933.868855 2.145407 -0.093640 -0.267005 0.114545 0.839638 0.524113 0.084811
1305031933.900942 2.140397 -0.093388 -0.261174 0.112466 0.838457 0.528200 0.073112
1305031933.932925 2.132875 -0.099411 -0.253516 0.110112 0.836952 0.532203 0.064392
1305031933.968843 2.127436 -0.101072 -0.246094 0.108355 0.835179 0.536313 0.055704
1305031934.000841 2.123014 -0.101151 -0.240039 0.106382 0.833244 0.540325 0.049350
1305031934.033000 2.113499 -0.100763 -0.232857 0.104694 0.831195 0.544198 0.044741
1305031934.068946 2.103523 -0.102007 -0.225293 0.102584 0.829371 0.547767 0.039651
1305031934.100917 2.094871 -0.101068 -0.216886 0.099897 0.827706 0.551196 0.033259
1305031934.132845 2.086090 -0.100903 -0.209650 0.097373 0.825659 0.555121 0.025432
1305031934.169177 2.076880 -0.102679 -0.202417 0.094711 0.824130 0.558124 0.018372
1305031934.200808 2.066227 -0.103131 -0.193246 0.091836 0.822497 0.561175 0.012129
1305031934.232870 2.057039 -0.105260 -0.186667 0.089955 0.820298 0.564801 0.004306
1305031934.269296 2.048042 -0.109650 -0.180790 0.089386 0.818537 0.567454 -0.002020
1305031934.300934 2.039180 -0.114328 -0.172107 0.088199 0.816717 0.570229 -0.005786
1305031934.336871 2.028167 -0.116724 -0.167311 0.087572 0.813566 0.574802 -0.006711
1305031934.368906 2.018514 -0.120625 -0.163511 0.086571 0.811879 0.577340 -0.006143
1305031934.400928 2.007388 -0.123922 -0.158600 0.084983 0.810573 0.579432 -0.002870
1305031934.436865 1.995801 -0.126849 -0.156168 0.082199 0.810101 0.580495 0.002138
1305031934.469287 1.982924 -0.129882 -0.151341 0.076273 0.812239 0.578238 0.009583
1305031934.501241 1.967580 -0.131400 -0.144596 0.067882 0.813760 0.576996 0.016170
1305031934.536876 1.953027 -0.135060 -0.143815 0.061738 0.814014 0.577237 0.019130
1305031934.569101 1.939641 -0.139441 -0.139970 0.057986 0.815904 0.574910 0.020428
1305031934.600850 1.926389 -0.143828 -0.134927 0.054397 0.817123 0.573473 0.021901
1305031934.637030 1.914430 -0.148519 -0.134791 0.051979 0.816640 0.574227 0.025706
1305031934.668984 1.899279 -0.150810 -0.132350 0.048813 0.818997 0.570820 0.032028
1305031934.700945 1.885126 -0.155586 -0.128510 0.044203 0.820727 0.568445 0.036378
1305031934.736903 1.870456 -0.161237 -0.129002 0.041094 0.821155 0.567674 0.041972
1305031934.769124 1.854502 -0.163149 -0.126665 0.036744 0.823237 0.564266 0.050343
1305031934.801627 1.838774 -0.165513 -0.124698 0.032815 0.824495 0.562037 0.056974
1305031934.836769 1.821755 -0.168995 -0.124993 0.030144 0.825608 0.559772 0.064177
1305031934.869115 1.805123 -0.172195 -0.123062 0.025755 0.827943 0.555502 0.072557
1305031934.901010 1.786810 -0.175030 -0.123855 0.022711 0.829225 0.552351 0.082332
1305031934.937234 1.769230 -0.177451 -0.124450 0.019155 0.832152 0.546501 0.092160
1305031934.969077 1.750934 -0.181874 -0.125948 0.014149 0.835768 0.539459 0.101363
1305031935.001270 1.733559 -0.185671 -0.125820 0.009088 0.840139 0.531032 0.109949
1305031935.036852 1.715492 -0.188681 -0.128704 0.007979 0.843247 0.524728 0.116322
1305031935.069722 1.698350 -0.192602 -0.130415 0.009308 0.846682 0.517717 0.122523
1305031935.100912 1.681138 -0.194257 -0.129453 0.009771 0.849323 0.512127 0.127594
1305031935.136853 1.664549 -0.195856 -0.133980 0.009164 0.850201 0.509960 0.130440
1305031935.169281 1.649123 -0.197243 -0.139255 0.010128 0.851746 0.506606 0.133329
1305031935.200951 1.634753 -0.197969 -0.140903 0.013716 0.853352 0.503307 0.135217
1305031935.237095 1.621016 -0.198296 -0.144685 0.019318 0.853255 0.502685 0.137442
1305031935.268965 1.606852 -0.198585 -0.150513 0.024453 0.852728 0.502561 0.140320
1305031935.300805 1.590213 -0.197234 -0.154570 0.027847 0.852836 0.501825 0.141658
1305031935.336810 1.576807 -0.198606 -0.161809 0.030384 0.853006 0.502262 0.138530
1305031935.368827 1.562062 -0.198990 -0.165723 0.034919 0.853467 0.502663 0.133059
1305031935.400848 1.549471 -0.198853 -0.172567 0.040738 0.853534 0.504307 0.124475
1305031935.436887 1.537056 -0.198943 -0.179397 0.047814 0.853513 0.505798 0.115750
1305031935.468890 1.523644 -0.200422 -0.188323 0.054455 0.853410 0.506882 0.108610
1305031935.500863 1.511115 -0.201843 -0.199228 0.059681 0.854991 0.505218 0.100912
1305031935.536900 1.498984 -0.204181 -0.208359 0.065024 0.857658 0.501443 0.093537
1305031935.568783 1.484335 -0.208555 -0.218797 0.069949 0.860882 0.496677 0.085448
1305031935.600963 1.468608 -0.217404 -0.227393 0.072342 0.865409 0.490150 0.074750
1305031935.636916 1.453606 -0.225693 -0.238083 0.073127 0.871522 0.480851 0.062315
1305031935.669100 1.439181 -0.230183 -0.245926 0.071297 0.879560 0.467962 0.047989
1305031935.700948 1.423312 -0.238160 -0.251380 0.064657 0.887485 0.455067 0.033220
1305031935.736900 1.401580 -0.260543 -0.252312 0.055703 0.894970 0.442303 0.017158
1305031935.768974 1.391077 -0.267247 -0.255776 0.044357 0.902339 0.428729 -0.002812
1305031935.801178 1.395856 -0.242795 -0.245959 0.030927 0.909350 0.414339 -0.021199
1305031935.836877 1.388185 -0.243883 -0.251920 0.025023 0.913390 0.404647 -0.036780
1305031935.869025 1.381140 -0.250142 -0.259315 0.020917 0.916352 0.396663 -0.050191
1305031935.901144 1.366858 -0.260664 -0.277899 0.021179 0.918372 0.390232 -0.062150
1305031935.936825 1.356262 -0.263700 -0.289271 0.016240 0.921486 0.381646 -0.070325
1305031935.969109 1.349470 -0.266081 -0.297420 0.009522 0.924955 0.372236 -0.076210
1305031936.000820 1.339540 -0.269254 -0.305155 0.003392 0.928276 0.362956 -0.080962
1305031936.036965 1.334683 -0.267241 -0.308118 -0.003452 0.931676 0.352771 -0.086725
1305031936.068809 1.328409 -0.267247 -0.310827 -0.008416 0.934115 0.344462 -0.093302
1305031936.100718 1.321404 -0.265869 -0.315641 -0.012124 0.936088 0.336627 -0.101364
1305031936.137490 1.317920 -0.265852 -0.317278 -0.014203 0.937761 0.328952 -0.110421
1305031936.168897 1.313154 -0.264047 -0.320325 -0.013978 0.938480 0.324134 -0.118309
1305031936.200867 1.303572 -0.263417 -0.330588 -0.013052 0.939280 0.318819 -0.126243
1305031936.237546 1.295997 -0.265140 -0.336084 -0.012858 0.940699 0.311496 -0.133751
1305031936.268981 1.291312 -0.266045 -0.336251 -0.012639 0.941876 0.304311 -0.141793
1305031936.300816 1.283426 -0.263075 -0.341751 -0.008391 0.943039 0.296390 -0.150866
1305031936.336863 1.276243 -0.260570 -0.344380 -0.000920 0.944478 0.287334 -0.159373
1305031936.368927 1.267791 -0.260520 -0.344852 0.005913 0.945405 0.280010 -0.166641
1305031936.400840 1.257569 -0.260092 -0.347479 0.011396 0.945842 0.273363 -0.174716
1305031936.436777 1.247651 -0.260061 -0.350924 0.014983 0.946211 0.267738 -0.181045
1305031936.468789 1.237427 -0.258968 -0.355266 0.018569 0.946620 0.262202 -0.186590
1305031936.500753 1.227575 -0.257792 -0.357814 0.022044 0.947360 0.256024 -0.190982
1305031936.536847 1.220849 -0.257321 -0.360106 0.024025 0.947965 0.251106 -0.194243
1305031936.569452 1.217189 -0.258110 -0.365283 0.027998 0.948295 0.247320 -0.196941
1305031936.600821 1.210607 -0.254526 -0.366231 0.032639 0.949101 0.242955 -0.197776
1305031936.636879 1.202356 -0.247424 -0.364602 0.034023 0.949766 0.240124 -0.197806
1305031936.668885 1.185584 -0.239202 -0.365390 0.033514 0.950222 0.237499 -0.198870
1305031936.700881 1.180664 -0.236205 -0.366497 0.033821 0.949918 0.234164 -0.204154
1305031936.737504 1.191440 -0.231300 -0.367876 0.035844 0.948706 0.233583 -0.210025
1305031936.768825 1.177600 -0.222976 -0.370437 0.036490 0.948116 0.236793 -0.208981
1305031936.800856 1.173049 -0.219577 -0.372012 0.041296 0.946725 0.240140 -0.210569
1305031936.836845 1.168061 -0.213869 -0.371981 0.048420 0.945074 0.245843 -0.209884
1305031936.868891 1.154778 -0.204902 -0.372762 0.053182 0.943066 0.255841 -0.205774
1305031936.900833 1.142903 -0.198171 -0.375122 0.059178 0.940764 0.266990 -0.200443
1305031936.936914 1.131832 -0.186499 -0.375124 0.060117 0.938201 0.280487 -0.193628
1305031936.968821 1.118125 -0.175525 -0.377275 0.062933 0.934617 0.295414 -0.187781
1305031937.001118 1.101664 -0.169821 -0.381304 0.068523 0.931359 0.307872 -0.181908
1305031937.036874 1.089512 -0.164383 -0.382435 0.073686 0.928457 0.319882 -0.173822
1305031937.068765 1.077372 -0.158967 -0.386545 0.081632 0.924333 0.334731 -0.164011
1305031937.100716 1.068479 -0.145190 -0.385439 0.085474 0.921928 0.344678 -0.154725
1305031937.136838 1.064984 -0.131761 -0.382549 0.085776 0.919112 0.354860 -0.148158
1305031937.168856 1.054069 -0.120764 -0.382773 0.090556 0.914674 0.367005 -0.143099
1305031937.200813 1.043350 -0.114977 -0.385470 0.097005 0.909459 0.380240 -0.137445
1305031937.236893 1.036822 -0.110469 -0.386858 0.105224 0.903636 0.393738 -0.131683
1305031937.268821 1.030667 -0.094319 -0.382482 0.109775 0.898565 0.405646 -0.126419
1305031937.300783 1.022374 -0.088588 -0.383648 0.118004 0.892040 0.418700 -0.122601
1305031937.336862 1.017079 -0.072754 -0.379955 0.122316 0.886736 0.429925 -0.117906
1305031937.368734 1.014036 -0.054726 -0.372215 0.122380 0.882290 0.439184 -0.117069
1305031937.400796 1.008726 -0.047529 -0.371175 0.125268 0.876410 0.449680 -0.118327
1305031937.438211 1.001733 -0.043528 -0.374786 0.128739 0.869528 0.462303 -0.116714
1305031937.468824 0.997301 -0.035846 -0.373083 0.130177 0.863747 0.473507 -0.113080
1305031937.500797 0.994271 -0.025117 -0.369546 0.130068 0.857343 0.485901 -0.109297
1305031937.536931 0.991588 -0.015985 -0.368851 0.131476 0.849069 0.500344 -0.107013
1305031937.568829 0.988658 -0.007698 -0.367187 0.135333 0.840443 0.513966 -0.105734
1305031937.600746 0.987396 0.007320 -0.357621 0.134916 0.833579 0.525588 -0.103446
1305031937.636891 0.984006 0.020298 -0.351494 0.133995 0.826981 0.536110 -0.103604
1305031937.668803 0.981643 0.033382 -0.342679 0.134006 0.819498 0.547170 -0.105216
1305031937.700837 0.978812 0.047646 -0.333803 0.132843 0.813606 0.555665 -0.107860
1305031937.736899 0.973048 0.055068 -0.332887 0.134022 0.806544 0.565099 -0.110403
1305031937.768919 0.972377 0.067340 -0.322697 0.131772 0.802043 0.571614 -0.112339
1305031937.800834 0.970351 0.079267 -0.311209 0.127665 0.799533 0.575374 -0.115729
1305031937.836877 0.969511 0.080552 -0.315244 0.126541 0.793096 0.583156 -0.122124
1305031937.868807 0.969911 0.088506 -0.310770 0.124763 0.787968 0.588932 -0.129229
1305031937.900823 0.966067 0.097173 -0.306122 0.123891 0.783134 0.593576 -0.137912
1305031937.936960 0.966110 0.100770 -0.307431 0.123181 0.775526 0.600756 -0.149924
1305031937.968830 0.962641 0.112360 -0.301712 0.122012 0.769726 0.605215 -0.162324
1305031938.000822 0.952090 0.119228 -0.299612 0.122271 0.763502 0.610078 -0.172975
1305031938.036945 0.943498 0.131037 -0.296146 0.122062 0.757706 0.614074 -0.184106
1305031938.068761 0.935828 0.137515 -0.294268 0.121330 0.752897 0.616461 -0.195962
1305031938.100744 0.935406 0.134574 -0.295739 0.120071 0.745806 0.621159 -0.208608
1305031938.136885 0.930955 0.141294 -0.293398 0.120212 0.738344 0.625169 -0.222621
1305031938.168914 0.921876 0.139492 -0.289045 0.125769 0.730104 0.629042 -0.235450
1305031938.200883 0.918727 0.141157 -0.290645 0.130374 0.719953 0.634737 -0.248554
1305031938.236878 0.913986 0.148455 -0.285735 0.132695 0.712503 0.637481 -0.261435
1305031938.268809 0.912518 0.153241 -0.278788 0.134318 0.706167 0.637679 -0.276863
1305031938.300837 0.907256 0.157956 -0.273632 0.133563 0.701809 0.636567 -0.290528
1305031938.336900 0.902435 0.161479 -0.273034 0.130833 0.696861 0.636438 -0.303667
1305031938.368914 0.895414 0.166111 -0.273302 0.129361 0.692159 0.636000 -0.315731
1305031938.400842 0.891439 0.169049 -0.267899 0.125636 0.689647 0.633973 -0.326621
1305031938.436889 0.898277 0.174133 -0.273600 0.119153 0.686095 0.630610 -0.342648
1305031938.468781 0.886260 0.166724 -0.272192 0.116545 0.683712 0.628070 -0.352821
1305031938.501288 0.873886 0.168225 -0.274259 0.113602 0.681221 0.627095 -0.360257
1305031938.537028 0.867158 0.170712 -0.278656 0.106815 0.680638 0.623049 -0.370315
1305031938.568999 0.858389 0.167691 -0.289212 0.098592 0.679634 0.619433 -0.380368
1305031938.601007 0.856454 0.165512 -0.289332 0.089146 0.681093 0.614027 -0.388762
1305031938.637299 0.848262 0.165258 -0.305090 0.080166 0.680269 0.609389 -0.399315
1305031938.668747 0.838234 0.157583 -0.308460 0.072177 0.683460 0.602233 -0.406187
1305031938.700851 0.829887 0.147082 -0.312771 0.062584 0.686813 0.595847 -0.411506
1305031938.736859 0.812908 0.139503 -0.319910 0.052025 0.690717 0.587884 -0.417847
1305031938.769073 0.808891 0.131974 -0.328949 0.039542 0.693530 0.580091 -0.425378
1305031938.800781 0.802189 0.123936 -0.341152 0.025124 0.696938 0.572098 -0.431683
1305031938.836754 0.804425 0.116244 -0.338293 0.009650 0.703202 0.559477 -0.438634
1305031938.869057 0.799000 0.102952 -0.350554 -0.004616 0.706209 0.551075 -0.444481
1305031938.900976 0.791400 0.091556 -0.361397 -0.018179 0.708745 0.542071 -0.451120
1305031938.936828 0.794776 0.086664 -0.359890 -0.029947 0.713681 0.527199 -0.460243
1305031938.969026 0.789751 0.073839 -0.366929 -0.035849 0.717196 0.515880 -0.467133
1305031939.001030 0.787596 0.063620 -0.372995 -0.042574 0.720683 0.505611 -0.472398
1305031939.037090 0.788619 0.055214 -0.376856 -0.049360 0.724184 0.495650 -0.476920
1305031939.069377 0.787808 0.044447 -0.381243 -0.054459 0.728065 0.485038 -0.481345
1305031939.101368 0.790251 0.036907 -0.378879 -0.060187 0.733656 0.472361 -0.484769
1305031939.137143 0.789691 0.026332 -0.381463 -0.065978 0.738426 0.460267 -0.488393
1305031939.168815 0.790188 0.015412 -0.384547 -0.072418 0.744111 0.447440 -0.490767
1305031939.200865 0.792789 0.006974 -0.390031 -0.078279 0.748705 0.434661 -0.494351
1305031939.237165 0.791003 -0.006092 -0.391846 -0.084575 0.754526 0.421958 -0.495469
1305031939.268824 0.792338 -0.016690 -0.397027 -0.091470 0.758787 0.410381 -0.497457
1305031939.300842 0.794116 -0.027066 -0.403350 -0.101571 0.763196 0.396728 -0.499823
1305031939.336729 0.795759 -0.036433 -0.400349 0.111945 -0.769645 -0.380431 0.500387
1305031939.368966 0.798133 -0.046262 -0.404717 0.124591 -0.775644 -0.361777 0.501967
1305031939.400848 0.802710 -0.046727 -0.401852 0.136602 -0.782075 -0.341890 0.502803
1305031939.436845 0.805039 -0.052482 -0.404431 0.143960 -0.786656 -0.327593 0.503121
1305031939.468851 0.812281 -0.055604 -0.403356 0.148960 -0.790774 -0.314883 0.503325
1305031939.500839 0.816626 -0.062425 -0.400106 0.151759 -0.795042 -0.306069 0.501198
1305031939.536755 0.818950 -0.074108 -0.402916 0.155433 -0.797136 -0.299407 0.500769
1305031939.568772 0.822450 -0.079739 -0.400636 0.160080 -0.798867 -0.289922 0.502127
1305031939.600838 0.824873 -0.092964 -0.401795 0.160035 -0.799659 -0.284432 0.504016
1305031939.636792 0.827977 -0.099183 -0.399956 0.161579 -0.800135 -0.277964 0.506372
1305031939.668867 0.831235 -0.106151 -0.395608 0.160078 -0.801009 -0.272374 0.508500
1305031939.700830 0.835705 -0.111479 -0.389635 0.158628 -0.800714 -0.268782 0.511322
1305031939.736750 0.835183 -0.117416 -0.388024 0.156135 -0.798678 -0.266084 0.516657
1305031939.768919 0.836449 -0.125245 -0.382889 0.153756 -0.796711 -0.263545 0.521684
1305031939.803671 0.839825 -0.129877 -0.379326 0.152624 -0.792250 -0.261450 0.529802
1305031939.837145 0.838164 -0.134823 -0.375224 0.150685 -0.786344 -0.259484 0.540024
1305031939.869215 0.835170 -0.139686 -0.367586 0.149121 -0.780604 -0.256778 0.549987
1305031939.903633 0.836108 -0.144148 -0.359516 0.147070 -0.774150 -0.254928 0.560423
1305031939.937192 0.843102 -0.143812 -0.360495 0.145962 -0.763416 -0.256785 0.574415
1305031939.968904 0.840359 -0.147567 -0.355789 0.140659 -0.753498 -0.262499 0.586132
1305031940.005582 0.832372 -0.143672 -0.352187 0.137109 -0.742068 -0.267207 0.599281
1305031940.037088 0.824030 -0.147683 -0.352765 0.133136 -0.729476 -0.273409 0.612688
1305031940.068783 0.817634 -0.139115 -0.349422 0.136696 -0.717297 -0.275599 0.625176
1305031940.104265 0.806628 -0.134318 -0.350791 0.139524 -0.704526 -0.276483 0.638540
1305031940.136746 0.799372 -0.132358 -0.351487 0.143452 -0.693408 -0.276242 0.649844
1305031940.168737 0.790814 -0.128999 -0.351342 0.146884 -0.683544 -0.274192 0.660312
1305031940.200829 0.789392 -0.124870 -0.352634 0.147152 -0.675387 -0.270781 0.669982
1305031940.236742 0.781036 -0.122782 -0.351060 0.143917 -0.668493 -0.267998 0.678662
1305031940.269041 0.771312 -0.124736 -0.348543 0.139949 -0.660774 -0.266616 0.687537
1305031940.301146 0.761207 -0.124969 -0.351553 0.135474 -0.649875 -0.264229 0.699637
1305031940.336732 0.758823 -0.126273 -0.352816 0.132990 -0.636541 -0.262044 0.713065
1305031940.369236 0.758425 -0.126853 -0.351762 0.126611 -0.620777 -0.261496 0.728166
1305031940.403665 0.748283 -0.124861 -0.353017 0.118847 -0.603060 -0.260171 0.744651
1305031940.436756 0.737687 -0.119020 -0.353447 0.111363 -0.585963 -0.256347 0.760613
1305031940.468746 0.743580 -0.098475 -0.338873 0.103906 -0.574792 -0.243394 0.774324
1305031940.503804 0.723933 -0.090304 -0.338381 0.098352 -0.560839 -0.240451 0.786111
1305031940.536724 0.720381 -0.081987 -0.333443 0.094830 -0.550650 -0.236189 0.794989
1305031940.568758 0.719273 -0.075823 -0.328912 0.090294 -0.541448 -0.234112 0.802417
1305031940.603364 0.697692 -0.071982 -0.335151 0.088221 -0.529225 -0.235777 0.810276
1305031940.636761 0.691381 -0.068829 -0.334873 0.089032 -0.518583 -0.232670 0.817930
1305031940.668762 0.694404 -0.067914 -0.327860 0.088523 -0.508592 -0.230591 0.824819
1305031940.703222 0.682990 -0.064605 -0.327598 0.089047 -0.497561 -0.232345 0.830975
1305031940.736947 0.677507 -0.061016 -0.324012 0.089500 -0.487718 -0.232211 0.836779
1305031940.768772 0.673121 -0.058338 -0.318102 0.088214 -0.479148 -0.231528 0.842039
1305031940.803047 0.666594 -0.053979 -0.314306 0.086092 -0.470011 -0.232086 0.847239
1305031940.836755 0.659838 -0.050111 -0.308484 0.084442 -0.461663 -0.234142 0.851419
1305031940.869689 0.652966 -0.045687 -0.300910 0.081880 -0.453675 -0.238126 0.854851
1305031940.903305 0.643674 -0.043435 -0.297244 0.077503 -0.443946 -0.244498 0.858560
1305031940.937034 0.632676 -0.038518 -0.290711 0.074106 -0.434715 -0.249601 0.862108
1305031940.968758 0.621392 -0.034015 -0.282134 0.070607 -0.425668 -0.254496 0.865478
1305031941.003160 0.606609 -0.030816 -0.280009 0.066896 -0.415625 -0.258898 0.869340
1305031941.036777 0.593448 -0.026985 -0.273664 0.065511 -0.408141 -0.263835 0.871505
1305031941.071057 0.580455 -0.022287 -0.267863 0.063147 -0.401761 -0.267431 0.873545
1305031941.103422 0.566263 -0.018580 -0.258193 0.060610 -0.396220 -0.270861 0.875197
1305031941.136774 0.552665 -0.015661 -0.247898 0.058214 -0.390001 -0.272938 0.877505
1305031941.171144 0.538092 -0.012207 -0.237487 0.054747 -0.383338 -0.271039 0.881245
1305031941.203508 0.522131 -0.013201 -0.224802 0.052537 -0.377232 -0.267776 0.885004
1305031941.236705 0.508112 -0.010779 -0.216423 0.051943 -0.368803 -0.265047 0.889402
1305031941.271129 0.493620 -0.009105 -0.209091 0.050315 -0.359900 -0.260851 0.894370
1305031941.303362 0.477574 -0.010433 -0.194256 0.049511 -0.351624 -0.255747 0.899168
1305031941.336734 0.462317 -0.010822 -0.193931 0.047890 -0.339977 -0.248158 0.905837
1305031941.371607 0.449398 -0.007687 -0.191257 0.044187 -0.331378 -0.239129 0.911621
1305031941.403845 0.435763 -0.007498 -0.187865 0.036155 -0.324546 -0.228687 0.917096
1305031941.436799 0.419380 -0.012906 -0.179579 0.025070 -0.318839 -0.215018 0.922757
1305031941.469611 0.406355 -0.014359 -0.172987 0.016062 -0.315568 -0.197985 0.927880
1305031941.501458 0.395341 -0.010566 -0.161911 0.010154 -0.312388 -0.187034 0.931305
1305031941.537220 0.383543 -0.016967 -0.152171 0.004501 -0.305954 -0.180111 0.934843
1305031941.570287 0.373472 -0.019370 -0.144828 0.003005 -0.295590 -0.174443 0.939248
1305031941.603047 0.365238 -0.017244 -0.143156 0.001217 -0.281848 -0.169037 0.944450
1305031941.636822 0.352896 -0.013306 -0.136698 -0.002244 -0.266972 -0.166864 0.949146
1305031941.671554 0.338376 -0.015097 -0.126925 -0.007943 -0.253640 -0.160771 0.953811
1305031941.703763 0.327277 -0.018811 -0.124827 -0.009659 -0.243062 -0.153748 0.957700
1305031941.736866 0.317424 -0.015463 -0.123878 -0.007942 -0.233682 -0.151370 0.960425
1305031941.768815 0.302764 -0.013569 -0.119635 -0.008435 -0.224022 -0.151627 0.962680
1305031941.800820 0.287550 -0.012550 -0.112548 -0.007388 -0.216290 -0.153524 0.964155
1305031941.836848 0.271175 -0.010902 -0.108190 -0.004422 -0.209129 -0.154816 0.965545
1305031941.871813 0.256819 -0.005712 -0.103930 -0.000493 -0.203566 -0.155367 0.966655
1305031941.902976 0.239856 -0.006660 -0.100635 0.004082 -0.198629 -0.154185 0.967862
1305031941.936760 0.226241 0.000717 -0.097196 0.012564 -0.194551 -0.152586 0.968870
1305031941.971057 0.211264 0.004215 -0.093189 0.018658 -0.190451 -0.149361 0.970088
1305031942.003141 0.196234 0.009983 -0.092859 0.026010 -0.186372 -0.145729 0.971263
1305031942.036729 0.178553 0.013259 -0.092322 0.030639 -0.184391 -0.143631 0.971819
1305031942.071082 0.163881 0.024145 -0.094287 0.037229 -0.185429 -0.142729 0.971524
1305031942.100691 0.155133 0.038726 -0.087955 0.035386 -0.185455 -0.146011 0.971100
1305031942.136758 0.141869 0.043145 -0.082037 0.028619 -0.182859 -0.150659 0.971105
1305031942.170749 0.134481 0.043948 -0.073149 0.027425 -0.182691 -0.151938 0.970972
1305031942.203108 0.121397 0.054038 -0.072209 0.024519 -0.178050 -0.154876 0.971448
1305031942.238994 0.111214 0.058816 -0.061752 0.021172 -0.174670 -0.158294 0.971589
1305031942.271105 0.096698 0.067876 -0.063805 0.019186 -0.167489 -0.159492 0.972698
1305031942.303257 0.085806 0.074710 -0.059473 0.009487 -0.163072 -0.158966 0.973677
1305031942.337047 0.077275 0.079046 -0.052984 0.002544 -0.161108 -0.158510 0.974121
1305031942.370761 0.063876 0.084318 -0.050468 -0.006618 -0.157990 -0.156795 0.974890
1305031942.402939 0.058073 0.086446 -0.036337 -0.014626 -0.160907 -0.158524 0.974046
1305031942.439262 0.051683 0.077398 -0.001474 -0.018708 -0.165592 -0.163111 0.972432
1305031942.471958 0.044440 0.079506 0.003361 -0.015651 -0.166447 -0.164584 0.972092
1305031942.503553 0.036261 0.083084 0.003572 -0.015763 -0.165481 -0.163654 0.972412
1305031942.539453 0.026366 0.080029 0.015092 -0.017107 -0.167736 -0.163080 0.972099
1305031942.571867 0.019853 0.081659 0.017237 -0.014819 -0.171524 -0.164351 0.971261
1305031942.601448 0.013099 0.083326 0.023204 -0.014092 -0.175849 -0.165472 0.970308
1305031942.639942 0.006709 0.083868 0.026855 -0.013957 -0.179519 -0.167802 0.969237
1305031942.669006 0.002294 0.088699 0.022717 -0.015836 -0.183362 -0.172122 0.967730
1305031942.704015 -0.002960 0.089532 0.034221 -0.019566 -0.188615 -0.178115 0.965565
1305031942.739812 -0.012266 0.087377 0.040878 -0.023405 -0.189057 -0.183434 0.964397
1305031942.771708 -0.013479 0.087321 0.056239 -0.026236 -0.192570 -0.185098 0.963311
1305031942.801557 -0.016916 0.086659 0.067267 -0.026186 -0.193135 -0.188019 0.962633
1305031942.841042 -0.025275 0.083182 0.071543 -0.028751 -0.191738 -0.190104 0.962429
1305031942.868828 -0.034348 0.082333 0.078546 -0.030845 -0.193718 -0.191508 0.961689
1305031942.903960 -0.040089 0.079077 0.082666 -0.033749 -0.196541 -0.193884 0.960542
1305031942.936816 -0.043870 0.079405 0.095183 -0.035571 -0.200530 -0.195382 0.959348
1305031942.970936 -0.044412 0.073933 0.105267 -0.035526 -0.203027 -0.197801 0.958328
1305031943.001103 -0.051447 0.075206 0.111129 -0.034210 -0.202902 -0.199360 0.958079
1305031943.039961 -0.054370 0.070966 0.117184 -0.031882 -0.208019 -0.202913 0.956315
1305031943.071743 -0.057064 0.060039 0.122906 -0.034398 -0.212597 -0.206546 0.954441
1305031943.104177 -0.061518 0.058090 0.131322 -0.034968 -0.215044 -0.208513 0.953444
1305031943.139521 -0.061927 0.051638 0.140400 -0.034920 -0.217705 -0.207750 0.953008
1305031943.171912 -0.063680 0.044553 0.147819 -0.035489 -0.218941 -0.205386 0.953217
1305031943.201564 -0.063339 0.035546 0.158234 -0.035557 -0.221112 -0.204168 0.952975
1305031943.240004 -0.064793 0.021346 0.166737 -0.036628 -0.222032 -0.203574 0.952847
1305031943.271805 -0.064972 0.017683 0.173329 -0.033429 -0.222733 -0.200461 0.953461
1305031943.303965 -0.067518 0.000790 0.178705 -0.031423 -0.224938 -0.199181 0.953280
1305031943.339941 -0.066561 -0.014016 0.185949 -0.025562 -0.228801 -0.198028 0.952776
1305031943.371774 -0.066405 -0.028158 0.191018 -0.019538 -0.231574 -0.196010 0.952666
1305031943.404245 -0.065372 -0.045252 0.197232 -0.014902 -0.234865 -0.192439 0.952672
1305031943.440153 -0.066078 -0.060515 0.200876 -0.008001 -0.237269 -0.190401 0.952569
1305031943.471431 -0.065012 -0.075081 0.202757 -0.000770 -0.238675 -0.190080 0.952315
1305031943.501108 -0.065941 -0.087940 0.204358 0.003308 -0.238286 -0.188297 0.952761
1305031943.539525 -0.062661 -0.103775 0.208891 0.009471 -0.240199 -0.186114 0.952668
1305031943.570021 -0.061554 -0.115373 0.208668 0.014543 -0.239788 -0.183933 0.953131
1305031943.607467 -0.061427 -0.120950 0.206144 0.017964 -0.237830 -0.182267 0.953883
1305031943.638026 -0.058568 -0.131790 0.207876 0.017113 -0.236396 -0.182585 0.954194
1305031943.671504 -0.056857 -0.151027 0.212077 0.017886 -0.235725 -0.181973 0.954463
1305031943.707251 -0.058764 -0.171615 0.210227 0.024808 -0.235416 -0.181128 0.954545
1305031943.739428 -0.058855 -0.174241 0.205896 0.039027 -0.234773 -0.181067 0.954240
1305031943.771329 -0.041203 -0.148019 0.226556 0.059980 -0.241087 -0.179581 0.951856
1305031943.806822 -0.041035 -0.152970 0.224885 0.068380 -0.242261 -0.181646 0.950599
1305031943.837754 -0.042400 -0.167598 0.222572 0.070976 -0.243771 -0.183009 0.949761
1305031943.868873 -0.042823 -0.181581 0.221218 0.078037 -0.247790 -0.184445 0.947887
1305031943.907218 -0.042688 -0.184539 0.219956 0.090018 -0.251430 -0.184638 0.945827
1305031943.936768 -0.047199 -0.202238 0.215267 0.094617 -0.255519 -0.183799 0.944444
1305031943.971278 -0.043643 -0.201203 0.216118 0.113153 -0.260946 -0.182287 0.941209
1305031944.007760 -0.043719 -0.216844 0.215572 0.118941 -0.260922 -0.178095 0.941305
1305031944.040486 -0.043319 -0.224216 0.213921 0.129082 -0.256982 -0.171374 0.942300
1305031944.070886 -0.041335 -0.238861 0.212397 0.137922 -0.251752 -0.165573 0.943496
1305031944.107390 -0.034543 -0.247979 0.207884 0.146699 -0.246605 -0.158559 0.944735
1305031944.139656 -0.035204 -0.247693 0.204595 0.156512 -0.241096 -0.149056 0.946129
1305031944.171370 -0.033142 -0.250312 0.202653 0.163377 -0.237993 -0.142023 0.946835
1305031944.206998 -0.031611 -0.244314 0.200016 0.170756 -0.234583 -0.135118 0.947394
1305031944.239334 -0.028575 -0.243590 0.197295 0.174311 -0.232505 -0.130255 0.947940
1305031944.270963 -0.022195 -0.242220 0.195481 0.177553 -0.229166 -0.125097 0.948846
1305031944.306934 -0.018452 -0.243872 0.192051 0.179201 -0.223381 -0.118317 0.950783
1305031944.339308 -0.011025 -0.243309 0.188259 0.181520 -0.216800 -0.112006 0.952629
1305031944.370745 -0.008548 -0.239225 0.183442 0.182764 -0.208131 -0.103676 0.955265
1305031944.406233 -0.004276 -0.235292 0.179903 0.182517 -0.199340 -0.093080 0.958273
1305031944.438724 0.011006 -0.228001 0.177478 0.180148 -0.190151 -0.082199 0.961578
1305031944.471304 0.012328 -0.235868 0.173735 0.172414 -0.174655 -0.068916 0.966964
1305031944.506947 0.024676 -0.238797 0.170393 0.170660 -0.161149 -0.059312 0.970252
1305031944.539069 0.030885 -0.232777 0.161154 0.168174 -0.145880 -0.051997 0.973516
1305031944.571530 0.032215 -0.229338 0.158155 0.164013 -0.132815 -0.045139 0.976434
1305031944.607229 0.036696 -0.231505 0.144813 0.155397 -0.121487 -0.041417 0.979478
1305031944.639625 0.042785 -0.230453 0.141762 0.147771 -0.110457 -0.038667 0.982073
1305031944.671779 0.053103 -0.226677 0.138787 0.140559 -0.099090 -0.037669 0.984381
1305031944.707774 0.062092 -0.223187 0.139557 0.130428 -0.084411 -0.035696 0.987213
1305031944.739941 0.063327 -0.235138 0.133923 0.120026 -0.068001 -0.030220 0.989978
1305031944.769058 0.067469 -0.232127 0.131031 0.117931 -0.052841 -0.026937 0.991249
1305031944.807919 0.068308 -0.230867 0.127283 0.113336 -0.039868 -0.025563 0.992427
1305031944.839956 0.066639 -0.229253 0.124767 0.106850 -0.029309 -0.022862 0.993580
1305031944.875719 0.076119 -0.231223 0.125463 0.100281 -0.023665 -0.018632 0.994503
1305031944.904670 0.082173 -0.230834 0.124346 0.096823 -0.016181 -0.016468 0.995034
1305031944.939702 0.087566 -0.231818 0.122228 0.091230 -0.007395 -0.015683 0.995679
1305031944.969076 0.088396 -0.245671 0.124043 0.087255 0.002255 -0.010880 0.996124
1305031945.007437 0.084015 -0.278273 0.108169 0.088667 0.010048 -0.002208 0.996008
1305031945.039937 0.087611 -0.279563 0.106132 0.108931 0.014192 0.004948 0.993936
1305031945.069177 0.088144 -0.280569 0.102564 0.126066 0.015284 0.010908 0.991844
1305031945.107523 0.087420 -0.283206 0.098103 0.145384 0.014803 0.015429 0.989144
1305031945.136772 0.095482 -0.285878 0.095521 0.167060 0.011797 0.016282 0.985742
1305031945.168992 0.101288 -0.290096 0.090978 0.184057 0.008155 0.017672 0.982723
1305031945.207107 0.111053 -0.284724 0.093518 0.203850 0.005218 0.012924 0.978903
1305031945.238859 0.119352 -0.285437 0.091106 0.213438 0.008684 0.005571 0.976902
1305031945.269070 0.124821 -0.286890 0.089184 0.219068 0.013140 0.002423 0.975618
1305031945.306358 0.126425 -0.294165 0.086959 0.225567 0.015037 0.003090 0.974107
1305031945.338940 0.134439 -0.297815 0.084128 0.236867 0.011433 0.005633 0.971459
1305031945.369056 0.141131 -0.298743 0.082109 0.244588 0.006097 0.007469 0.969579
1305031945.406657 0.147175 -0.302945 0.079890 0.253334 -0.000633 0.008723 0.967339
1305031945.436818 0.160406 -0.307514 0.076221 0.267109 -0.008153 0.006164 0.963612
1305031945.469167 0.173176 -0.301138 0.077208 0.278975 -0.011690 0.001735 0.960226
1305031945.506438 0.185913 -0.303187 0.074635 0.283538 -0.013067 -0.003256 0.958866
1305031945.538422 0.191489 -0.314704 0.066705 0.288171 -0.008466 -0.009095 0.957498
1305031945.569071 0.213750 -0.305824 0.069546 0.297568 -0.004072 -0.009180 0.954648
1305031945.606029 0.226665 -0.296231 0.073046 0.299710 0.001609 -0.005418 0.954014
1305031945.638298 0.238116 -0.294710 0.076136 0.298647 0.004423 -0.004228 0.954344
1305031945.669116 0.258348 -0.281888 0.081308 0.297636 0.004116 -0.002493 0.954667
1305031945.706215 0.271200 -0.278381 0.085165 0.291729 0.005926 -0.002395 0.956480
1305031945.738673 0.283275 -0.282328 0.084916 0.284785 0.010084 -0.003662 0.958532
1305031945.769045 0.299545 -0.265659 0.097009 0.280088 0.015461 -0.001435 0.959849
1305031945.806240 0.310969 -0.258549 0.099526 0.268855 0.020076 0.001663 0.962970
1305031945.838266 0.321893 -0.256427 0.099863 0.255853 0.024738 0.002587 0.966396
1305031945.869258 0.341680 -0.244391 0.102771 0.241080 0.027991 0.006420 0.970080
1305031945.909177 0.354763 -0.239210 0.099970 0.220955 0.032198 0.011307 0.974687
1305031945.936806 0.363562 -0.244298 0.108800 0.200523 0.040979 0.013814 0.978734
1305031945.969300 0.374122 -0.240849 0.097800 0.181229 0.050604 0.019253 0.981949
1305031946.005983 0.385315 -0.234123 0.099342 0.162972 0.061176 0.025416 0.984404
1305031946.037278 0.391465 -0.232772 0.101579 0.144727 0.072912 0.031115 0.986291
1305031946.069057 0.400339 -0.229759 0.102108 0.131794 0.081871 0.037572 0.987176
1305031946.107140 0.407294 -0.227046 0.104223 0.119839 0.091255 0.044872 0.987572
1305031946.137054 0.414637 -0.225922 0.102554 0.111971 0.097685 0.047568 0.987754
1305031946.168867 0.419266 -0.217750 0.099669 0.107860 0.103887 0.048226 0.987546
1305031946.207043 0.421976 -0.209478 0.096307 0.101803 0.109582 0.051223 0.987423
1305031946.237369 0.418649 -0.207577 0.089412 0.093042 0.114718 0.055252 0.987487
1305031946.268902 0.417347 -0.200371 0.084197 0.085733 0.114487 0.056058 0.988130
1305031946.306775 0.417175 -0.192222 0.077591 0.077827 0.109910 0.053563 0.989441
1305031946.337036 0.419292 -0.182400 0.067069 0.070048 0.103752 0.050721 0.990836
1305031946.369021 0.419846 -0.171188 0.055434 0.062990 0.100192 0.048140 0.991805
1305031946.406520 0.418937 -0.163540 0.043197 0.055540 0.097356 0.045428 0.992660
1305031946.437150 0.418233 -0.155762 0.029363 0.051058 0.093881 0.045059 0.993252
1305031946.468964 0.417484 -0.143894 0.014701 0.048831 0.090286 0.045497 0.993677
1305031946.506586 0.418748 -0.133212 -0.000742 0.045425 0.086708 0.045603 0.994152
1305031946.537148 0.420917 -0.125400 -0.016534 0.042494 0.084843 0.046494 0.994401
1305031946.569238 0.423099 -0.115189 -0.031959 0.041553 0.085150 0.048566 0.994316
1305031946.606469 0.425275 -0.104645 -0.047661 0.040018 0.087694 0.051443 0.994013
1305031946.637163 0.425747 -0.096334 -0.063362 0.039326 0.092260 0.053124 0.993539
1305031946.669089 0.426280 -0.086403 -0.078807 0.038971 0.097072 0.053639 0.993066
1305031946.706515 0.424252 -0.077342 -0.095270 0.038863 0.103130 0.052448 0.992524
1305031946.737134 0.419669 -0.065265 -0.110657 0.037902 0.107805 0.051260 0.992126
1305031946.769059 0.420831 -0.055305 -0.125780 0.034089 0.109711 0.050592 0.992090
1305031946.806647 0.420410 -0.048587 -0.140788 0.029367 0.113585 0.051042 0.991782
1305031946.837100 0.419239 -0.042444 -0.155804 0.025728 0.116665 0.052427 0.991453
1305031946.869090 0.416480 -0.039413 -0.170634 0.023621 0.118662 0.051773 0.991303
1305031946.906602 0.410034 -0.032868 -0.184447 0.024472 0.118292 0.051707 0.991330
1305031946.937151 0.412778 -0.022628 -0.199105 0.024979 0.113033 0.052145 0.991908
1305031946.969064 0.415406 -0.012995 -0.212748 0.021994 0.110108 0.052053 0.992312
1305031947.006827 0.415892 -0.010541 -0.224489 0.016242 0.107319 0.051453 0.992759
1305031947.037000 0.423086 -0.005340 -0.237337 0.013672 0.102033 0.051172 0.993370
1305031947.068973 0.432480 -0.001240 -0.248157 0.011736 0.100213 0.051457 0.993565
1305031947.106644 0.439879 0.000655 -0.258457 0.012200 0.100348 0.048026 0.993718
1305031947.137044 0.449213 0.011945 -0.266097 0.014439 0.102649 0.045571 0.993568
1305031947.169117 0.455083 0.017322 -0.272765 0.012704 0.106407 0.047763 0.993094
1305031947.204982 0.462813 0.018986 -0.278045 0.011479 0.107183 0.048479 0.992990
1305031947.237001 0.470507 0.023173 -0.283904 0.011195 0.107233 0.047202 0.993050
1305031947.269076 0.478633 0.030577 -0.288156 0.009671 0.104912 0.042104 0.993543
1305031947.304951 0.492264 0.039703 -0.290343 0.004381 0.100903 0.038674 0.994135
1305031947.336945 0.504334 0.037004 -0.290527 -0.004335 0.097593 0.035020 0.994601
1305031947.368991 0.518897 0.037075 -0.290364 -0.008186 0.092313 0.025557 0.995368
1305031947.405013 0.531993 0.041273 -0.290630 -0.008858 0.087749 0.017953 0.995941
1305031947.437038 0.547418 0.039650 -0.289214 -0.010405 0.081296 0.015585 0.996514
1305031947.469273 0.561908 0.033374 -0.291767 -0.007414 0.073870 0.012308 0.997164
1305031947.504994 0.575934 0.037665 -0.293556 -0.000181 0.064865 0.004745 0.997883
1305031947.537022 0.591685 0.046637 -0.294226 0.005967 0.054500 -0.002217 0.998493
1305031947.568989 0.608167 0.047287 -0.295398 0.006580 0.041521 -0.008730 0.999078
1305031947.605177 0.631397 0.049398 -0.296907 0.008284 0.026357 -0.021912 0.999378
1305031947.637085 0.650259 0.047401 -0.298755 0.010467 0.016097 -0.033536 0.999253
1305031947.669011 0.664372 0.047211 -0.301419 0.015405 0.005554 -0.042429 0.998965
1305031947.705153 0.685887 0.047894 -0.303704 0.022480 -0.009769 -0.055331 0.998167
1305031947.736979 0.706548 0.051997 -0.305990 0.030617 -0.022715 -0.069928 0.996823
1305031947.769041 0.730067 0.052472 -0.307729 0.039522 -0.035432 -0.082464 0.995180
1305031947.804941 0.752605 0.062688 -0.309541 0.047099 -0.042988 -0.091272 0.993782
1305031947.837022 0.765766 0.057489 -0.311237 0.048378 -0.049340 -0.100434 0.992541
1305031947.868988 0.787391 0.064820 -0.312612 0.056375 -0.058953 -0.111560 0.990404
1305031947.904995 0.800995 0.066996 -0.312378 0.056993 -0.065050 -0.120868 0.988894
1305031947.937025 0.816825 0.069097 -0.312853 0.059870 -0.073994 -0.129832 0.986957
1305031947.968976 0.836713 0.074937 -0.311820 0.060161 -0.082260 -0.137096 0.985301
1305031948.004911 0.849527 0.071621 -0.310130 0.056279 -0.087705 -0.142838 0.984245
1305031948.037003 0.865185 0.066050 -0.309504 0.055357 -0.093962 -0.146499 0.983181
1305031948.068973 0.883166 0.065213 -0.307950 0.058054 -0.097985 -0.148286 0.982364
1305031948.104993 0.893242 0.064307 -0.306166 0.059987 -0.099966 -0.150176 0.981761
1305031948.136951 0.906077 0.063968 -0.302628 0.061041 -0.105529 -0.151574 0.980899
1305031948.168952 0.919041 0.059157 -0.298783 0.062006 -0.113069 -0.155287 0.979417
1305031948.204992 0.934604 0.057593 -0.293609 0.064482 -0.121267 -0.161041 0.977344
1305031948.237002 0.948182 0.056858 -0.287622 0.065585 -0.128251 -0.166597 0.975446
1305031948.269041 0.960238 0.052646 -0.280429 0.064589 -0.136076 -0.170080 0.973850
1305031948.304939 0.979226 0.048216 -0.272186 0.063944 -0.145163 -0.170600 0.972489
1305031948.337101 1.003234 0.045422 -0.260040 0.062622 -0.150237 -0.169696 0.971962
1305031948.368969 1.018417 0.035542 -0.249642 0.057901 -0.149484 -0.169399 0.972423
1305031948.404989 1.034816 0.029090 -0.240921 0.056574 -0.148345 -0.169657 0.972630
1305031948.436942 1.055454 0.027720 -0.226238 0.053181 -0.146423 -0.170288 0.973003
1305031948.469170 1.064971 0.016936 -0.214765 0.045778 -0.142929 -0.169827 0.973979
1305031948.505024 1.083473 0.008488 -0.202347 0.041318 -0.143935 -0.170228 0.973960
1305031948.537017 1.101934 -0.000893 -0.188745 0.036391 -0.142978 -0.171764 0.974028
1305031948.568891 1.117807 -0.014431 -0.177399 0.031987 -0.140224 -0.173451 0.974284
1305031948.605001 1.134018 -0.020476 -0.166570 0.031284 -0.136936 -0.177384 0.974066
1305031948.636912 1.149019 -0.030215 -0.154429 0.027575 -0.133108 -0.182632 0.973739
1305031948.669040 1.163727 -0.040073 -0.145504 0.025897 -0.130062 -0.187115 0.973345
1305031948.705075 1.183059 -0.045507 -0.135145 0.024440 -0.126311 -0.192775 0.972772
1305031948.737063 1.193190 -0.053159 -0.125095 0.020538 -0.118838 -0.195128 0.973335
1305031948.768899 1.208135 -0.057461 -0.115342 0.017873 -0.115618 -0.193828 0.974035
1305031948.804975 1.224239 -0.062982 -0.104474 0.012382 -0.111911 -0.192185 0.974878
1305031948.837073 1.239959 -0.066365 -0.093529 0.006868 -0.108061 -0.189028 0.975984
1305031948.868835 1.257374 -0.066489 -0.081865 -0.001333 -0.104851 -0.185576 0.977019
1305031948.905077 1.268242 -0.071386 -0.069879 -0.014331 -0.099696 -0.181676 0.978187
1305031948.936996 1.280815 -0.072985 -0.059068 -0.024475 -0.098203 -0.176763 0.979036
1305031948.968952 1.295685 -0.071596 -0.046586 -0.037206 -0.099101 -0.175190 0.978828
1305031949.005006 1.307153 -0.074061 -0.033178 -0.054783 -0.099517 -0.176389 0.977743
1305031949.037089 1.321717 -0.074289 -0.019393 -0.069678 -0.099199 -0.177558 0.976615
1305031949.069061 1.330454 -0.074433 -0.007805 -0.085750 -0.094820 -0.178449 0.975609
1305031949.105077 1.334205 -0.070504 0.003325 -0.098113 -0.092148 -0.180094 0.974397
1305031949.137263 1.340612 -0.069617 0.014466 -0.113002 -0.094622 -0.185000 0.971624
1305031949.168946 1.347596 -0.073346 0.024418 -0.127044 -0.099927 -0.188762 0.968630
1305031949.204940 1.356850 -0.072494 0.033729 -0.137207 -0.108397 -0.194563 0.965178
1305031949.237011 1.368783 -0.070584 0.042575 -0.144921 -0.119482 -0.202677 0.961064
1305031949.268994 1.378420 -0.073576 0.051844 -0.154374 -0.129482 -0.210607 0.956581
1305031949.305254 1.387088 -0.081664 0.060011 -0.162791 -0.138414 -0.218769 0.952093
1305031949.337227 1.400360 -0.082347 0.066528 -0.163729 -0.148320 -0.227888 0.948294
1305031949.368902 1.414166 -0.085192 0.073933 -0.167818 -0.156646 -0.239071 0.943475
1305031949.405064 1.421890 -0.095328 0.081661 -0.174603 -0.159450 -0.252029 0.938387
1305031949.437094 1.431826 -0.104748 0.087023 -0.173812 -0.164787 -0.261375 0.935050
1305031949.468902 1.443576 -0.107511 0.089224 -0.168936 -0.171647 -0.269494 0.932401
1305031949.505002 1.451749 -0.116218 0.092607 -0.169587 -0.178232 -0.275833 0.929188
1305031949.537017 1.456272 -0.130454 0.095543 -0.170859 -0.184593 -0.280706 0.926249
1305031949.568988 1.460601 -0.143483 0.095995 -0.165977 -0.193172 -0.285941 0.923782
1305031949.604798 1.469124 -0.153428 0.096854 -0.156685 -0.204334 -0.292022 0.921098
1305031949.637172 1.471037 -0.167337 0.096128 -0.149209 -0.211473 -0.298311 0.918709
1305031949.668955 1.474390 -0.182826 0.096607 -0.137802 -0.220974 -0.301227 0.917302
1305031949.705003 1.479826 -0.193092 0.095205 -0.122351 -0.228356 -0.304984 0.916443
1305031949.736949 1.484525 -0.204068 0.093252 -0.109461 -0.233585 -0.305007 0.916748
1305031949.768985 1.483735 -0.220515 0.093018 -0.098719 -0.237811 -0.302475 0.917720
1305031949.804939 1.485899 -0.232542 0.090565 -0.082209 -0.242811 -0.300900 0.918555
1305031949.836964 1.487277 -0.244517 0.088698 -0.066000 -0.247591 -0.299791 0.918949
1305031949.868951 1.487205 -0.256335 0.085210 -0.049222 -0.252712 -0.296964 0.919525
1305031949.904851 1.490223 -0.269198 0.083141 -0.029940 -0.259334 -0.295216 0.919074
1305031949.936858 1.499299 -0.279565 0.081915 -0.008951 -0.264547 -0.292045 0.919045
1305031949.968881 1.504728 -0.289733 0.076738 0.010203 -0.263670 -0.289496 0.920090
1305031950.004952 1.507226 -0.300792 0.073685 0.028192 -0.260934 -0.283432 0.922380
1305031950.036989 1.508927 -0.313762 0.071664 0.045570 -0.257525 -0.274559 0.925322
1305031950.069081 1.513049 -0.324761 0.072600 0.063547 -0.254823 -0.262695 0.928449
1305031950.104966 1.511843 -0.336735 0.071940 0.081012 -0.251193 -0.249562 0.931696
1305031950.136997 1.507522 -0.338074 0.059289 0.109968 -0.245942 -0.236440 0.933550
1305031950.168914 1.510953 -0.342511 0.057982 0.139689 -0.246672 -0.219619 0.933492
1305031950.204933 1.514238 -0.358570 0.055781 0.165685 -0.246656 -0.204833 0.932605
1305031950.237027 1.517940 -0.368128 0.054358 0.193909 -0.245354 -0.193413 0.929942
1305031950.269033 1.520266 -0.377033 0.053529 0.216757 -0.243220 -0.184490 0.927267
1305031950.304978 1.523677 -0.383807 0.053619 0.235333 -0.240453 -0.177837 0.924757
1305031950.337197 1.522660 -0.396288 0.050784 0.251600 -0.237588 -0.172969 0.922134
1305031950.368911 1.520512 -0.403445 0.047785 0.270492 -0.236362 -0.167950 0.918020
1305031950.404939 1.518590 -0.414817 0.054743 0.287078 -0.238497 -0.163967 0.913138
1305031950.436983 1.517838 -0.422487 0.054054 0.301964 -0.242462 -0.160986 0.907807
1305031950.468976 1.517963 -0.428038 0.054398 0.315279 -0.247246 -0.159050 0.902314
1305031950.504938 1.519735 -0.430966 0.059969 0.326197 -0.251040 -0.157986 0.897560
1305031950.536894 1.517149 -0.427770 0.063436 0.332772 -0.251712 -0.156426 0.895229
1305031950.568883 1.514724 -0.424123 0.066167 0.335306 -0.249636 -0.155558 0.895016
1305031950.604862 1.516719 -0.408443 0.089514 0.338667 -0.248294 -0.150209 0.895037
1305031950.637006 1.522174 -0.397242 0.104015 0.335655 -0.247155 -0.144798 0.897376
1305031950.668910 1.518025 -0.401686 0.108507 0.326831 -0.245739 -0.142505 0.901380
1305031950.704873 1.513574 -0.398615 0.115767 0.316903 -0.246535 -0.141260 0.904897
1305031950.736893 1.507921 -0.390602 0.121601 0.305197 -0.245967 -0.145623 0.908377
1305031950.768897 1.507135 -0.386772 0.128955 0.289278 -0.247037 -0.150871 0.912430
1305031950.804899 1.512338 -0.382395 0.140050 0.273202 -0.249225 -0.156359 0.915860
1305031950.837135 1.513239 -0.372162 0.153177 0.256784 -0.248142 -0.162557 0.919817
1305031950.869014 1.514835 -0.372656 0.158031 0.238185 -0.248206 -0.166037 0.924172
1305031950.904883 1.520999 -0.361906 0.170641 0.223964 -0.249327 -0.168546 0.926967
1305031950.936970 1.526614 -0.360776 0.176319 0.206866 -0.249944 -0.172119 0.930113
1305031950.968904 1.529699 -0.369063 0.177724 0.188908 -0.250870 -0.177851 0.932602
1305031951.004836 1.533064 -0.384578 0.178506 0.173513 -0.252590 -0.184128 0.933910
1305031951.036930 1.540726 -0.382075 0.183711 0.167435 -0.254504 -0.189870 0.933350
1305031951.069013 1.552934 -0.375196 0.191994 0.161113 -0.256569 -0.195859 0.932660
1305031951.104800 1.560869 -0.371631 0.195900 0.152063 -0.256895 -0.202343 0.932705
1305031951.136893 1.568881 -0.369396 0.198445 0.142917 -0.259451 -0.209078 0.931958
1305031951.168908 1.580218 -0.361809 0.201924 0.135325 -0.263305 -0.217024 0.930193
1305031951.204914 1.591471 -0.353053 0.205247 0.123564 -0.267693 -0.227364 0.928104
1305031951.236957 1.604315 -0.349299 0.206935 0.109072 -0.272073 -0.241700 0.925020
1305031951.268906 1.616331 -0.354667 0.211873 0.095742 -0.275483 -0.257225 0.921291
1305031951.304862 1.627740 -0.351935 0.210417 0.089775 -0.276647 -0.273439 0.916863
1305031951.336937 1.646510 -0.344349 0.217257 0.085070 -0.279353 -0.288576 0.911838
1305031951.368840 1.661791 -0.344568 0.222882 0.075521 -0.279715 -0.304054 0.907528
1305031951.404865 1.676428 -0.344867 0.228660 0.068940 -0.280075 -0.317051 0.903484
1305031951.436903 1.695545 -0.343463 0.236296 0.062442 -0.278590 -0.326861 0.900916
1305031951.468857 1.709519 -0.344314 0.242443 0.053940 -0.274503 -0.333081 0.900442
1305031951.504916 1.726636 -0.344116 0.251230 0.045792 -0.272104 -0.335804 0.900610
1305031951.536888 1.741585 -0.347752 0.259708 0.035608 -0.267550 -0.336441 0.902195
1305031951.569006 1.756875 -0.349543 0.268724 0.027089 -0.262476 -0.334726 0.904616
1305031951.604927 1.770579 -0.352469 0.278186 0.018760 -0.258645 -0.333713 0.906304
1305031951.636936 1.787812 -0.356443 0.290342 0.011900 -0.256724 -0.334245 0.906770
1305031951.668929 1.803018 -0.358948 0.303321 0.005460 -0.250952 -0.336929 0.907454
1305031951.704880 1.815514 -0.361870 0.315480 -0.002669 -0.244570 -0.337689 0.908925
1305031951.736828 1.830834 -0.364462 0.329137 -0.012914 -0.240095 -0.336199 0.910581
1305031951.768926 1.842096 -0.369470 0.344767 -0.024609 -0.234339 -0.336310 0.911798
1305031951.804886 1.853478 -0.375210 0.359601 -0.033324 -0.229260 -0.335401 0.913146
1305031951.836932 1.868836 -0.379294 0.375797 -0.040925 -0.223935 -0.334088 0.914639
1305031951.868913 1.880536 -0.383590 0.392420 -0.049575 -0.217615 -0.333795 0.915842
1305031951.904907 1.886995 -0.390962 0.405890 -0.059228 -0.210456 -0.332305 0.917482
1305031951.936962 1.897829 -0.395737 0.421014 -0.065275 -0.205600 -0.330070 0.918979
1305031951.968839 1.907428 -0.399503 0.433940 -0.070392 -0.203417 -0.327299 0.920077
1305031952.004839 1.913206 -0.404359 0.446644 -0.076954 -0.204239 -0.325517 0.920002
1305031952.037104 1.917233 -0.411853 0.459563 -0.082168 -0.207461 -0.326492 0.918483
1305031952.068888 1.920178 -0.421672 0.471035 -0.084456 -0.212509 -0.328695 0.916333
1305031952.105135 1.924871 -0.429679 0.481421 -0.081349 -0.220133 -0.332047 0.913602
1305031952.136943 1.928880 -0.431813 0.490737 -0.073924 -0.230085 -0.337551 0.909756
1305031952.168932 1.936341 -0.434751 0.498983 -0.070928 -0.244753 -0.343935 0.903755
1305031952.204914 1.940574 -0.445497 0.510869 -0.073095 -0.260558 -0.354471 0.895051
1305031952.236877 1.940152 -0.457399 0.519953 -0.071283 -0.274078 -0.369249 0.885130
1305031952.268902 1.947789 -0.462707 0.527486 -0.065569 -0.288631 -0.379196 0.876700
1305031952.304888 1.945976 -0.478743 0.538297 -0.068950 -0.298841 -0.392155 0.867269
1305031952.336993 1.946341 -0.496983 0.547576 -0.066507 -0.307049 -0.403021 0.859577
1305031952.368960 1.952307 -0.508927 0.556861 -0.060523 -0.312402 -0.408425 0.855530
1305031952.404918 1.953517 -0.523241 0.564658 -0.061055 -0.312108 -0.409769 0.854956
1305031952.437054 1.954009 -0.533682 0.573101 -0.060386 -0.311646 -0.405972 0.856981
1305031952.468939 1.953526 -0.544084 0.581673 -0.060307 -0.311593 -0.402436 0.858672
1305031952.504868 1.954342 -0.554193 0.589709 -0.058351 -0.312546 -0.400422 0.859402
1305031952.536948 1.953781 -0.563958 0.597803 -0.056735 -0.312665 -0.398477 0.860371
1305031952.568932 1.950281 -0.573770 0.604206 -0.052905 -0.312673 -0.396365 0.861587
1305031952.604926 1.950882 -0.579750 0.611001 -0.046859 -0.315572 -0.393546 0.862172
1305031952.636992 1.948228 -0.585463 0.617024 -0.042345 -0.318216 -0.390528 0.862805
1305031952.668899 1.943323 -0.592383 0.621969 -0.036847 -0.322083 -0.388084 0.862726
1305031952.704918 1.940002 -0.595926 0.626380 -0.029596 -0.328801 -0.382173 0.863109
1305031952.736938 1.940306 -0.598707 0.630499 -0.021654 -0.339079 -0.375223 0.862418
1305031952.768957 1.939248 -0.600046 0.631301 -0.013957 -0.349709 -0.373055 0.859266
1305031952.804919 1.932894 -0.604819 0.632325 -0.008380 -0.363392 -0.371907 0.854144
1305031952.836931 1.931973 -0.607092 0.633766 0.001201 -0.381096 -0.368546 0.847902
1305031952.868991 1.933260 -0.609234 0.638538 0.008452 -0.399767 -0.365658 0.840481
1305031952.904920 1.927827 -0.617302 0.640003 0.017576 -0.416725 -0.366315 0.831772
1305031952.936984 1.936548 -0.619215 0.643685 0.032068 -0.437014 -0.363541 0.822088
1305031952.972903 1.940309 -0.622729 0.646932 0.034951 -0.452440 -0.365591 0.812662
1305031953.004869 1.934977 -0.635788 0.644763 0.034442 -0.462726 -0.367743 0.805893
1305031953.036943 1.939112 -0.641281 0.650668 0.041652 -0.474515 -0.367955 0.798568
1305031953.073127 1.941739 -0.647232 0.654072 0.046943 -0.482349 -0.370063 0.792584
1305031953.104909 1.944345 -0.653566 0.656417 0.049958 -0.489681 -0.371717 0.787111
1305031953.137098 1.944306 -0.660233 0.660272 0.051827 -0.496544 -0.373575 0.781793
1305031953.172998 1.944521 -0.667420 0.661443 0.055890 -0.501278 -0.376010 0.777312
1305031953.204992 1.945083 -0.672868 0.661191 0.061177 -0.505745 -0.379683 0.772218
1305031953.237103 1.945616 -0.677173 0.659164 0.067290 -0.510763 -0.384171 0.766163
1305031953.273087 1.944828 -0.682285 0.657579 0.071232 -0.517087 -0.388565 0.759318
1305031953.304968 1.943830 -0.687710 0.657042 0.075960 -0.522779 -0.391036 0.753673
1305031953.337012 1.943491 -0.691050 0.652677 0.082076 -0.527159 -0.393202 0.748839
1305031953.372964 1.942617 -0.693889 0.647143 0.086213 -0.532644 -0.393249 0.744455
1305031953.404920 1.944506 -0.694240 0.642168 0.090044 -0.539705 -0.392152 0.739478
1305031953.436876 1.946932 -0.694108 0.635531 0.089999 -0.546405 -0.391313 0.734994
1305031953.473261 1.946376 -0.695644 0.631233 0.086348 -0.551219 -0.390796 0.732107
1305031953.504919 1.945922 -0.697020 0.623043 0.082246 -0.555190 -0.388032 0.731048
1305031953.536948 1.950269 -0.691288 0.619817 0.079203 -0.559580 -0.385699 0.729270
1305031953.572862 1.949729 -0.692835 0.615495 0.073212 -0.560920 -0.388009 0.727639
1305031953.604882 1.953199 -0.689607 0.611453 0.070236 -0.560466 -0.389527 0.727470
1305031953.636962 1.955596 -0.687223 0.606444 0.060976 -0.558115 -0.391076 0.729280
1305031953.673021 1.954630 -0.690754 0.601542 0.050525 -0.555395 -0.388994 0.733258
1305031953.704929 1.958141 -0.685586 0.595844 0.046503 -0.551819 -0.385018 0.738305
1305031953.736982 1.962337 -0.679544 0.591270 0.040446 -0.547749 -0.384300 0.742057
1305031953.772886 1.960799 -0.679457 0.587180 0.031303 -0.543818 -0.382408 0.746355
1305031953.804859 1.964904 -0.674158 0.586236 0.024637 -0.540522 -0.375360 0.752551
1305031953.836840 1.968033 -0.668276 0.587583 0.015021 -0.533459 -0.370612 0.760160
1305031953.872987 1.966407 -0.666606 0.585631 0.006380 -0.524112 -0.365206 0.769344
1305031953.904912 1.970762 -0.662148 0.584602 0.001292 -0.513658 -0.359507 0.779043
1305031953.936924 1.972590 -0.659799 0.583777 -0.005194 -0.499184 -0.358474 0.788850
1305031953.972857 1.971928 -0.659854 0.581073 -0.007655 -0.484481 -0.357525 0.798370
1305031954.004852 1.977334 -0.659534 0.577294 -0.006001 -0.469544 -0.356379 0.807766
1305031954.036921 1.976575 -0.648102 0.568687 -0.002407 -0.449278 -0.360636 0.817365
1305031954.072918 1.975674 -0.645800 0.561195 -0.002661 -0.433263 -0.363708 0.824617
1305031954.104933 1.976507 -0.644374 0.556109 -0.001012 -0.419925 -0.365112 0.830876
1305031954.136939 1.976022 -0.642620 0.548168 0.001375 -0.404874 -0.366425 0.837740
1305031954.172997 1.974351 -0.639961 0.536936 0.003868 -0.390273 -0.366635 0.844542
1305031954.204838 1.972040 -0.641218 0.526975 0.005821 -0.378888 -0.365370 0.850244
1305031954.237023 1.968184 -0.639239 0.514964 0.011046 -0.368877 -0.364164 0.855098
1305031954.272870 1.965440 -0.635320 0.499674 0.018163 -0.361260 -0.361750 0.859243
1305031954.304869 1.967141 -0.629057 0.485711 0.025093 -0.355864 -0.358133 0.862828
1305031954.336921 1.965814 -0.621743 0.471460 0.027530 -0.349257 -0.355144 0.866680
1305031954.372872 1.962724 -0.615672 0.457633 0.028324 -0.343759 -0.353656 0.869457
1305031954.404711 1.958651 -0.612794 0.443753 0.029819 -0.339693 -0.355164 0.870390
1305031954.436896 1.959883 -0.605038 0.430370 0.034046 -0.335035 -0.355895 0.871740
1305031954.472974 1.956420 -0.595999 0.415036 0.033279 -0.327238 -0.354527 0.875282
1305031954.504827 1.950704 -0.590345 0.400113 0.029488 -0.320037 -0.350586 0.879657
1305031954.536934 1.951794 -0.583071 0.388261 0.027983 -0.314673 -0.345756 0.883544
1305031954.572946 1.945962 -0.574361 0.373891 0.023105 -0.304119 -0.341110 0.889169
1305031954.604885 1.933446 -0.573706 0.358670 0.017898 -0.296342 -0.333113 0.894929
1305031954.636862 1.927225 -0.573174 0.344683 0.021978 -0.293664 -0.326466 0.898164
1305031954.672891 1.924191 -0.558387 0.330819 0.032239 -0.291430 -0.322297 0.900085
1305031954.704892 1.920474 -0.546549 0.317518 0.036537 -0.292115 -0.320294 0.900414
1305031954.736939 1.914548 -0.540429 0.305951 0.037924 -0.291970 -0.321353 0.900026
1305031954.773183 1.905247 -0.533761 0.293351 0.040846 -0.291714 -0.322725 0.899491
1305031954.804833 1.904276 -0.526921 0.283002 0.044101 -0.293070 -0.321344 0.899391
1305031954.836924 1.898868 -0.519691 0.272990 0.044727 -0.289949 -0.319773 0.900930
1305031954.873001 1.894155 -0.517301 0.264155 0.046437 -0.287760 -0.318743 0.901910
1305031954.904866 1.893104 -0.506745 0.256335 0.048923 -0.282208 -0.314673 0.904956
1305031954.937022 1.884841 -0.500955 0.247709 0.046746 -0.275775 -0.310456 0.908504
1305031954.972931 1.884912 -0.495541 0.242274 0.047865 -0.273069 -0.309053 0.909741
1305031955.004936 1.880755 -0.488164 0.235976 0.048147 -0.266692 -0.308638 0.911757
1305031955.036969 1.876406 -0.481073 0.229898 0.048021 -0.261712 -0.307987 0.913425
1305031955.073048 1.877076 -0.470901 0.226805 0.048042 -0.257550 -0.308255 0.914516
1305031955.104929 1.870742 -0.462145 0.222145 0.044131 -0.251509 -0.308251 0.916393
1305031955.136878 1.868581 -0.454367 0.220169 0.040835 -0.249273 -0.308897 0.916939
1305031955.173003 1.866307 -0.445382 0.218385 0.036622 -0.245969 -0.310058 0.917618
1305031955.204960 1.861006 -0.439977 0.217267 0.030214 -0.243700 -0.311249 0.918053
1305031955.236857 1.860082 -0.437158 0.216769 0.026321 -0.243297 -0.315311 0.916893
1305031955.272905 1.858116 -0.430904 0.216406 0.023411 -0.240243 -0.317871 0.916893
1305031955.304880 1.853530 -0.428615 0.215853 0.018617 -0.237428 -0.318376 0.917561
1305031955.337035 1.853887 -0.426853 0.216335 0.016301 -0.236010 -0.317744 0.918190
1305031955.372861 1.851368 -0.423442 0.216358 0.012648 -0.231773 -0.315606 0.920062
1305031955.404928 1.850273 -0.423302 0.216790 0.009446 -0.229110 -0.312168 0.921938
1305031955.436909 1.848851 -0.421939 0.217003 0.006597 -0.225553 -0.308569 0.924050
1305031955.472931 1.846487 -0.421371 0.216613 0.004552 -0.223122 -0.307087 0.925145
1305031955.504893 1.847651 -0.419251 0.216917 0.003864 -0.222276 -0.306535 0.925535
1305031955.536891 1.844874 -0.419179 0.216469 0.000904 -0.220257 -0.304555 0.926678
1305031955.572893 1.843717 -0.422424 0.215900 0.000033 -0.220830 -0.304021 0.926718
1305031955.604944 1.845551 -0.420762 0.216102 0.001701 -0.220661 -0.303725 0.926853
1305031955.636881 1.844306 -0.419302 0.215355 0.001671 -0.219931 -0.301493 0.927755
1305031955.672837 1.845243 -0.419470 0.215210 0.000872 -0.220921 -0.300417 0.927870
1305031955.704890 1.845553 -0.421698 0.215213 0.000008 -0.220940 -0.299567 0.928141
1305031955.736903 1.845605 -0.421728 0.214817 0.000430 -0.220680 -0.297574 0.928843
1305031955.772963 1.846308 -0.422246 0.214571 0.000518 -0.220992 -0.295918 0.929298
1305031955.804902 1.846982 -0.423588 0.214248 0.000581 -0.221076 -0.293728 0.929973
1305031955.837019 1.847958 -0.423176 0.213912 0.001134 -0.221024 -0.292253 0.930449
1305031955.872917 1.848009 -0.424531 0.213030 0.001341 -0.221347 -0.290746 0.930844
1305031955.904911 1.850659 -0.422075 0.212667 0.002241 -0.221703 -0.288491 0.931459
1305031955.937291 1.849231 -0.423468 0.211442 0.000765 -0.221524 -0.287536 0.931799
1305031955.973194 1.850117 -0.425134 0.210755 0.000870 -0.223120 -0.286953 0.931598
1305031956.004870 1.853258 -0.426205 0.210983 0.001848 -0.223766 -0.285737 0.931815
1305031956.036937 1.852648 -0.426937 0.209920 0.002518 -0.222189 -0.284689 0.932512
1305031956.073037 1.852325 -0.427917 0.208897 0.003583 -0.222201 -0.283315 0.932924
1305031956.104901 1.855390 -0.427241 0.208814 0.005780 -0.222502 -0.281539 0.933378
1305031956.136924 1.855281 -0.426645 0.208153 0.006088 -0.220546 -0.280950 0.934018
