# timestamp tx ty tz qx qy qz qw
1305031910.765238 0.000000 0.000000 0.000000 0.000000 0.000000 0.000000 1.000000
1305031910.797230 -0.013527 0.001327 0.000563 0.005129 -0.001350 -0.008402 0.999951
1305031910.835208 -0.020302 -0.003314 0.005447 0.005320 -0.007401 -0.014538 0.999853
1305031910.865025 -0.032014 -0.007261 0.006494 0.006370 -0.012515 -0.022838 0.999641
1305031910.897222 -0.036039 -0.011431 0.013772 0.005861 -0.022564 -0.031596 0.999229
1305031910.935211 -0.033547 -0.021031 0.023628 0.006847 -0.031289 -0.037462 0.998785
1305031910.965249 -0.051015 -0.022145 0.024212 0.013040 -0.032590 -0.042079 0.998497
1305031910.997325 -0.064985 -0.017322 0.022228 0.015426 -0.039833 -0.050776 0.997796
1305031911.035050 -0.076939 -0.024182 0.029138 0.011762 -0.050026 -0.060211 0.996862
1305031911.065269 -0.094027 -0.023810 0.029954 0.012223 -0.064024 -0.070572 0.995375
1305031911.097196 -0.096942 -0.027936 0.039620 0.010170 -0.085078 -0.082480 0.992902
1305031911.135664 -0.096862 -0.033661 0.045556 0.012211 -0.101507 -0.093506 0.990355
1305031911.165177 -0.106934 -0.035151 0.043375 0.015991 -0.112930 -0.100752 0.988352
1305031911.197213 -0.112306 -0.034731 0.044591 0.018501 -0.125174 -0.107663 0.986102
1305031911.235651 -0.120923 -0.039221 0.048041 0.019697 -0.136023 -0.114731 0.983843
1305031911.265104 -0.123007 -0.037024 0.050204 0.022752 -0.148898 -0.123997 0.980784
1305031911.297334 -0.133741 -0.040767 0.055770 0.022501 -0.156801 -0.131248 0.978612
1305031911.333191 -0.138693 -0.044763 0.057514 0.024063 -0.167122 -0.137232 0.976042
1305031911.365235 -0.138976 -0.048728 0.062938 0.026491 -0.175916 -0.142917 0.973615
1305031911.397333 -0.145639 -0.050268 0.064845 0.030831 -0.180637 -0.147807 0.971892
1305031911.433256 -0.154930 -0.047084 0.065382 0.035980 -0.186217 -0.149965 0.970329
1305031911.465250 -0.165650 -0.046906 0.066999 0.037805 -0.193031 -0.150312 0.968874
1305031911.497291 -0.175582 -0.049524 0.067383 0.039076 -0.203485 -0.150720 0.966618
1305031911.533251 -0.179354 -0.050245 0.072264 0.041235 -0.215505 -0.151252 0.963836
1305031911.565335 -0.185596 -0.054367 0.076363 0.042863 -0.225292 -0.150652 0.961618
1305031911.597302 -0.192572 -0.055635 0.077384 0.048199 -0.237738 -0.152430 0.958083
1305031911.633337 -0.190210 -0.051507 0.084827 0.053304 -0.251259 -0.159246 0.953241
1305031911.665124 -0.192043 -0.048612 0.090217 0.056611 -0.261480 -0.167136 0.948941
1305031911.697167 -0.195642 -0.046694 0.094290 0.057976 -0.270764 -0.175093 0.944811
1305031911.733203 -0.198425 -0.043505 0.098296 0.059067 -0.278640 -0.184046 0.940743
1305031911.765284 -0.204415 -0.039284 0.099902 0.058996 -0.283746 -0.192855 0.937451
1305031911.797297 -0.206869 -0.036793 0.104636 0.058039 -0.289062 -0.200309 0.934318
1305031911.833338 -0.214745 -0.033259 0.105466 0.055019 -0.293208 -0.208059 0.931511
1305031911.865269 -0.220025 -0.028232 0.106711 0.051219 -0.300718 -0.213957 0.927991
1305031911.897159 -0.225631 -0.027507 0.108036 0.045252 -0.309036 -0.218913 0.924406
1305031911.933063 -0.230187 -0.026960 0.106175 0.038570 -0.319174 -0.224717 0.919860
1305031911.965140 -0.234613 -0.025339 0.108101 0.031353 -0.333754 -0.231150 0.913343
1305031911.997252 -0.235114 -0.022721 0.106165 0.023185 -0.350006 -0.236838 0.906016
1305031912.033135 -0.232318 -0.028680 0.110871 0.011698 -0.364465 -0.240779 0.899475
1305031912.065365 -0.231671 -0.033124 0.116033 0.003566 -0.375789 -0.242845 0.894313
1305031912.096953 -0.230555 -0.035420 0.119511 -0.001090 -0.383339 -0.248617 0.889517
1305031912.133282 -0.230101 -0.044745 0.127328 -0.004169 -0.390818 -0.258299 0.883474
1305031912.165138 -0.224507 -0.052471 0.127142 -0.001977 -0.397428 -0.269843 0.877059
1305031912.197357 -0.223369 -0.053973 0.129057 0.001197 -0.401000 -0.282547 0.871415
1305031912.233265 -0.221687 -0.056010 0.130654 0.005439 -0.403461 -0.293453 0.866646
1305031912.265090 -0.225199 -0.065902 0.130633 0.007529 -0.404822 -0.302758 0.862786
1305031912.297250 -0.228236 -0.075003 0.131151 0.016286 -0.408249 -0.306478 0.859732
1305031912.333274 -0.222652 -0.070317 0.130587 0.028691 -0.413175 -0.306387 0.857083
1305031912.365250 -0.220182 -0.071320 0.131981 0.034158 -0.417416 -0.306014 0.854957
1305031912.397198 -0.216962 -0.063683 0.125518 0.040688 -0.422255 -0.307783 0.851655
1305031912.433290 -0.212591 -0.063680 0.125154 0.042408 -0.429450 -0.314403 0.845532
1305031912.465142 -0.210624 -0.064235 0.123250 0.043335 -0.436127 -0.320709 0.839679
1305031912.497123 -0.203288 -0.060491 0.121879 0.043039 -0.441341 -0.326930 0.834556
1305031912.533113 -0.204161 -0.064046 0.123825 0.038038 -0.444875 -0.330997 0.831312
1305031912.565146 -0.201365 -0.064108 0.124446 0.034359 -0.450432 -0.332414 0.827908
1305031912.597090 -0.197853 -0.069744 0.128276 0.028221 -0.456095 -0.332851 0.824858
1305031912.633132 -0.195677 -0.071589 0.130174 0.025925 -0.460063 -0.334416 0.822093
1305031912.665220 -0.193822 -0.073485 0.130610 0.023160 -0.464542 -0.339129 0.817714
1305031912.697182 -0.193951 -0.073937 0.131236 0.020737 -0.470780 -0.345084 0.811698
1305031912.733125 -0.191128 -0.076208 0.131681 0.018155 -0.478429 -0.352203 0.804194
1305031912.765193 -0.188017 -0.079607 0.133936 0.017208 -0.483193 -0.358357 0.798629
1305031912.797155 -0.183744 -0.077799 0.136013 0.018074 -0.483817 -0.361601 0.796768
1305031912.833077 -0.183249 -0.080313 0.139741 0.017084 -0.482108 -0.364209 0.796638
1305031912.865153 -0.184940 -0.084875 0.142289 0.016709 -0.479168 -0.366067 0.797567
1305031912.897198 -0.184885 -0.084847 0.142183 0.018957 -0.474599 -0.364996 0.800733
1305031912.933115 -0.182809 -0.087559 0.144234 0.020258 -0.470079 -0.363460 0.804060
1305031912.965034 -0.184996 -0.097238 0.147718 0.022131 -0.468670 -0.365124 0.804079
1305031912.997049 -0.179792 -0.094307 0.144870 0.030615 -0.464607 -0.364708 0.806344
1305031913.033133 -0.176184 -0.093229 0.141160 0.034906 -0.461243 -0.362353 0.809158
1305031913.065209 -0.172896 -0.095411 0.140466 0.036729 -0.459693 -0.357587 0.812075
1305031913.097038 -0.169073 -0.094462 0.142200 0.038405 -0.455958 -0.348213 0.818153
1305031913.133146 -0.166199 -0.095622 0.145767 0.039757 -0.448770 -0.338041 0.826289
1305031913.165211 -0.165031 -0.095422 0.144387 0.041013 -0.437681 -0.324839 0.837397
1305031913.197113 -0.161397 -0.096706 0.146496 0.041318 -0.427949 -0.311893 0.847275
1305031913.233126 -0.159159 -0.096074 0.150411 0.041870 -0.417876 -0.296978 0.857573
1305031913.265022 -0.157288 -0.094934 0.149668 0.041578 -0.405549 -0.279119 0.869422
1305031913.297160 -0.151748 -0.096890 0.154622 0.041498 -0.393756 -0.262920 0.879834
1305031913.333122 -0.148298 -0.093711 0.156562 0.043505 -0.379101 -0.247791 0.890500
1305031913.365070 -0.144400 -0.095104 0.158796 0.044172 -0.366888 -0.236631 0.898581
1305031913.397099 -0.137097 -0.097180 0.161860 0.045576 -0.354546 -0.226357 0.906081
1305031913.433081 -0.130862 -0.102023 0.163873 0.047327 -0.338659 -0.215357 0.914708
1305031913.465231 -0.120863 -0.098083 0.162870 0.052220 -0.317678 -0.200940 0.925190
1305031913.497227 -0.115889 -0.093475 0.166828 0.054447 -0.290465 -0.182164 0.937807
1305031913.533297 -0.107335 -0.094105 0.161351 0.054080 -0.266714 -0.166933 0.947667
1305031913.565261 -0.104095 -0.095462 0.160795 0.053633 -0.242050 -0.153232 0.956585
1305031913.597139 -0.097721 -0.096830 0.158873 0.056428 -0.220427 -0.139831 0.963678
1305031913.633293 -0.087420 -0.088756 0.145253 0.060102 -0.196743 -0.127097 0.970323
1305031913.665421 -0.088972 -0.079324 0.137675 0.058681 -0.169215 -0.110667 0.977587
1305031913.697243 -0.078638 -0.077643 0.133858 0.053535 -0.148050 -0.092669 0.983172
1305031913.733097 -0.073339 -0.073739 0.128493 0.048434 -0.123939 -0.077753 0.988053
1305031913.765028 -0.068856 -0.072150 0.118329 0.041038 -0.100491 -0.064275 0.992011
1305031913.797106 -0.069018 -0.071973 0.101707 0.031716 -0.077153 -0.050539 0.995232
1305031913.833143 -0.059576 -0.074804 0.096506 0.022915 -0.060193 -0.035663 0.997286
1305031913.865063 -0.049617 -0.073623 0.088257 0.018808 -0.042837 -0.018919 0.998726
1305031913.897116 -0.047927 -0.068174 0.082138 0.015640 -0.022925 -0.002495 0.999612
1305031913.933123 -0.030665 -0.071088 0.071647 0.010841 -0.012135 0.014415 0.999764
1305031913.965134 -0.019356 -0.066280 0.062403 0.011871 -0.000785 0.025359 0.999608
1305031913.997116 -0.010778 -0.060613 0.055021 0.010266 0.013347 0.039625 0.999073
1305031914.033441 0.004959 -0.058587 0.051051 0.010380 0.023402 0.055980 0.998104
1305031914.065072 0.019524 -0.050477 0.038489 0.011776 0.034106 0.068681 0.996986
1305031914.097126 0.031880 -0.045217 0.032695 0.010683 0.046630 0.078228 0.995787
1305031914.133245 0.045417 -0.040987 0.025446 0.010379 0.057451 0.088932 0.994325
1305031914.165013 0.062876 -0.035213 0.017421 0.011918 0.066686 0.098733 0.992805
1305031914.197110 0.080190 -0.028715 0.008713 0.013699 0.075777 0.105080 0.991478
1305031914.233108 0.103975 -0.028486 0.001209 0.015634 0.085301 0.111742 0.989946
1305031914.265074 0.118787 -0.026826 -0.013882 0.022259 0.099232 0.113725 0.988294
1305031914.297165 0.130601 -0.030694 -0.036947 0.022436 0.109979 0.112209 0.987325
1305031914.333148 0.137664 -0.016661 -0.047717 0.023749 0.119180 0.110056 0.986468
1305031914.365058 0.138653 -0.016989 -0.057672 0.014523 0.126612 0.107420 0.986012
1305031914.397215 0.155018 -0.012298 -0.065907 0.007227 0.125189 0.107142 0.986304
1305031914.433060 0.176005 -0.004656 -0.075766 0.002765 0.122897 0.106508 0.986684
1305031914.465054 0.195970 0.002777 -0.086235 -0.001102 0.121715 0.105370 0.986956
1305031914.497127 0.219068 0.012134 -0.098814 -0.004279 0.121338 0.101603 0.987388
1305031914.533107 0.233541 0.017307 -0.110761 -0.009609 0.124997 0.097402 0.987318
1305031914.565001 0.252697 0.024011 -0.122739 -0.012201 0.124565 0.093995 0.987674
1305031914.597122 0.271200 0.034782 -0.136364 -0.014917 0.125177 0.089454 0.987981
1305031914.633055 0.288405 0.043160 -0.146896 -0.020974 0.127864 0.084497 0.987963
1305031914.665019 0.305373 0.048935 -0.154270 -0.027514 0.132584 0.082781 0.987326
1305031914.697129 0.323067 0.052157 -0.163280 -0.031960 0.137205 0.082354 0.986596
1305031914.733078 0.337873 0.055881 -0.174835 -0.033360 0.141079 0.078820 0.986292
1305031914.764901 0.351700 0.066297 -0.186656 -0.035584 0.144556 0.077330 0.985828
1305031914.797119 0.364975 0.069562 -0.193663 -0.041139 0.145062 0.077839 0.985498
1305031914.833133 0.380356 0.068543 -0.201401 -0.045246 0.142829 0.076794 0.985726
1305031914.865128 0.393967 0.071891 -0.209022 -0.045896 0.139338 0.073101 0.986476
1305031914.897188 0.410711 0.074787 -0.215804 -0.046543 0.133961 0.071447 0.987311
1305031914.933099 0.423134 0.070817 -0.222640 -0.046030 0.129098 0.070303 0.988065
1305031914.964978 0.445141 0.079803 -0.232529 -0.040247 0.119695 0.065741 0.989814
1305031914.997078 0.465006 0.088512 -0.241021 -0.037640 0.114818 0.064036 0.990606
1305031915.033152 0.480229 0.088257 -0.247420 -0.038298 0.111497 0.064057 0.990958
1305031915.065009 0.501277 0.094442 -0.255498 -0.036014 0.106089 0.063117 0.991698
1305031915.097024 0.518458 0.093956 -0.262011 -0.036375 0.103226 0.059362 0.992218
1305031915.133208 0.538590 0.095147 -0.268591 -0.033718 0.099175 0.051393 0.993170
1305031915.165021 0.556571 0.095545 -0.275287 -0.029751 0.097008 0.040810 0.994001
1305031915.197108 0.572294 0.098000 -0.281086 -0.022958 0.093324 0.029101 0.994946
1305031915.233111 0.592496 0.109571 -0.287858 -0.015728 0.087417 0.018545 0.995875
1305031915.264979 0.607725 0.111044 -0.291490 -0.015141 0.082924 0.010526 0.996385
1305031915.297152 0.621509 0.113038 -0.294928 -0.013663 0.075224 0.003910 0.997065
1305031915.333207 0.640135 0.113933 -0.299170 -0.013433 0.063045 -0.002292 0.997918
1305031915.365050 0.660896 0.112400 -0.303846 -0.013813 0.050101 -0.009549 0.998603
1305031915.397167 0.680199 0.112886 -0.307976 -0.014149 0.038382 -0.017169 0.999015
1305031915.432960 0.700753 0.106309 -0.310734 -0.016023 0.025773 -0.026632 0.999185
1305031915.464920 0.718484 0.107003 -0.315761 -0.014069 0.013714 -0.042743 0.998893
1305031915.497121 0.734656 0.108245 -0.321284 -0.015512 0.000433 -0.058341 0.998176
1305031915.533058 0.754157 0.101826 -0.323977 -0.020224 -0.013219 -0.068639 0.997349
1305031915.564985 0.779988 0.094477 -0.330116 -0.021243 -0.025614 -0.080507 0.996198
1305031915.601161 0.806062 0.091153 -0.333273 -0.020948 -0.031959 -0.093903 0.994848
1305031915.633062 0.826011 0.085895 -0.336117 -0.021464 -0.032032 -0.102841 0.993950
1305031915.665003 0.840061 0.079805 -0.336344 -0.020281 -0.030702 -0.108516 0.993413
1305031915.701106 0.853138 0.081318 -0.338145 -0.015711 -0.031891 -0.114034 0.992841
1305031915.733046 0.862374 0.085552 -0.336142 -0.013776 -0.037551 -0.117482 0.992269
1305031915.765010 0.876958 0.088401 -0.335330 -0.016556 -0.052555 -0.121620 0.991046
1305031915.801243 0.891814 0.080096 -0.332443 -0.022238 -0.069261 -0.126899 0.989245
1305031915.833049 0.911017 0.077970 -0.332827 -0.020834 -0.086761 -0.135179 0.986795
1305031915.865069 0.931997 0.081055 -0.330890 -0.021751 -0.103049 -0.145148 0.983788
1305031915.901234 0.949317 0.077063 -0.329846 -0.025640 -0.116788 -0.154867 0.980673
1305031915.933056 0.969766 0.074910 -0.327085 -0.029867 -0.128959 -0.163732 0.977583
1305031915.965061 0.987195 0.063474 -0.322065 -0.033801 -0.137858 -0.169164 0.975313
1305031916.001234 1.008418 0.066658 -0.320375 -0.031392 -0.145076 -0.177008 0.972952
1305031916.033043 1.024737 0.057185 -0.314211 -0.036081 -0.150739 -0.186719 0.970109
1305031916.065060 1.034740 0.027386 -0.315126 -0.035895 -0.156444 -0.196142 0.967349
1305031916.101115 1.044924 0.014283 -0.318625 -0.019925 -0.164841 -0.201308 0.965352
1305031916.133093 1.053317 0.005860 -0.323795 0.000470 -0.177438 -0.205692 0.962396
1305031916.165155 1.073460 0.015170 -0.327307 0.025418 -0.195232 -0.206390 0.958458
1305031916.201031 1.095687 0.020046 -0.328779 0.036625 -0.215456 -0.209405 0.953093
1305031916.233050 1.116394 0.004185 -0.326025 0.042210 -0.233763 -0.212832 0.947774
1305031916.265060 1.138146 -0.002669 -0.323440 0.056519 -0.247228 -0.218948 0.942203
1305031916.301076 1.157573 -0.008294 -0.322677 0.069952 -0.257057 -0.225327 0.937153
1305031916.333426 1.174892 -0.018774 -0.322650 0.085165 -0.264010 -0.231268 0.932502
1305031916.365121 1.195250 -0.028550 -0.320756 0.104986 -0.268144 -0.237643 0.927687
1305031916.401006 1.210688 -0.035198 -0.324159 0.122936 -0.266639 -0.241925 0.924804
1305031916.433168 1.220411 -0.042908 -0.327421 0.137761 -0.266227 -0.238998 0.923593
1305031916.465124 1.230811 -0.045344 -0.332071 0.151409 -0.269058 -0.232935 0.922185
1305031916.501025 1.237621 -0.047909 -0.338177 0.161977 -0.275255 -0.226854 0.920074
1305031916.533266 1.245755 -0.057542 -0.340193 0.172629 -0.287592 -0.222798 0.915342
1305031916.565142 1.253919 -0.062910 -0.348827 0.184072 -0.299606 -0.220396 0.909824
1305031916.601238 1.268084 -0.063621 -0.346217 0.190995 -0.313248 -0.219455 0.904011
1305031916.633156 1.276915 -0.079575 -0.341057 0.196033 -0.327349 -0.218986 0.898030
1305031916.665139 1.292942 -0.090082 -0.332038 0.203713 -0.338811 -0.219688 0.891877
1305031916.701048 1.302089 -0.097608 -0.323607 0.213074 -0.346619 -0.220352 0.886510
1305031916.733056 1.307604 -0.105616 -0.315321 0.220539 -0.355193 -0.220152 0.881325
1305031916.765076 1.317367 -0.116480 -0.303147 0.227321 -0.365306 -0.217037 0.876226
1305031916.801088 1.326199 -0.125533 -0.294438 0.234620 -0.374885 -0.211112 0.871692
1305031916.833266 1.333923 -0.137252 -0.282414 0.241463 -0.384246 -0.207808 0.866525
1305031916.865085 1.341250 -0.147476 -0.271861 0.247171 -0.393177 -0.204804 0.861611
1305031916.901017 1.344250 -0.158624 -0.265992 0.253772 -0.403069 -0.200176 0.856192
1305031916.933088 1.350715 -0.170773 -0.253672 0.260663 -0.413279 -0.195949 0.850212
1305031916.965054 1.356026 -0.176013 -0.242336 0.268463 -0.420729 -0.193049 0.844776
1305031917.001132 1.357952 -0.198060 -0.245072 0.272862 -0.427938 -0.189259 0.840593
1305031917.033155 1.363729 -0.211376 -0.240425 0.284947 -0.435897 -0.183934 0.833647
1305031917.065136 1.369689 -0.216406 -0.230200 0.300362 -0.442948 -0.179057 0.825541
1305031917.101130 1.374225 -0.241540 -0.240244 0.312798 -0.446719 -0.180764 0.818489
1305031917.133106 1.376639 -0.268173 -0.254419 0.327264 -0.448434 -0.182028 0.811585
1305031917.165045 1.381443 -0.284161 -0.255832 0.343297 -0.451648 -0.177422 0.804165
1305031917.201175 1.385637 -0.284779 -0.247347 0.358349 -0.453719 -0.172656 0.797443
1305031917.233102 1.389164 -0.297302 -0.247525 0.368546 -0.455520 -0.165930 0.793185
1305031917.265163 1.395354 -0.298240 -0.232470 0.379228 -0.460504 -0.156760 0.787114
1305031917.301107 1.399901 -0.302470 -0.224576 0.385322 -0.464553 -0.153024 0.782497
1305031917.333229 1.412152 -0.323465 -0.213346 0.384131 -0.470765 -0.151466 0.779667
1305031917.365138 1.421292 -0.342779 -0.213822 0.381157 -0.475344 -0.153653 0.777919
1305031917.401065 1.423311 -0.341316 -0.205829 0.378164 -0.478003 -0.155485 0.777386
1305031917.433141 1.428541 -0.335923 -0.186518 0.373737 -0.479214 -0.158596 0.778153
1305031917.465076 1.435024 -0.335203 -0.173286 0.363680 -0.478663 -0.161930 0.782558
1305031917.501158 1.440896 -0.337474 -0.157469 0.349419 -0.477906 -0.167982 0.788222
1305031917.533057 1.446576 -0.341850 -0.153172 0.335203 -0.476384 -0.176069 0.793534
1305031917.565195 1.451473 -0.358095 -0.152834 0.320624 -0.475182 -0.188041 0.797523
1305031917.601069 1.458339 -0.360109 -0.142882 0.307449 -0.474813 -0.197794 0.800566
1305031917.633090 1.466963 -0.361828 -0.129854 0.295308 -0.476037 -0.205413 0.802489
1305031917.665060 1.475106 -0.362446 -0.119372 0.283495 -0.477701 -0.211993 0.804047
1305031917.701096 1.482855 -0.358738 -0.104101 0.270745 -0.480517 -0.215466 0.805838
1305031917.733003 1.487784 -0.371117 -0.102898 0.254888 -0.483288 -0.220192 0.808072
1305031917.765114 1.503618 -0.345585 -0.064190 0.243009 -0.488408 -0.223174 0.807835
1305031917.801048 1.512826 -0.347368 -0.053142 0.223475 -0.490245 -0.229255 0.810654
1305031917.833090 1.523815 -0.340259 -0.032100 0.205935 -0.492915 -0.234675 0.812129
1305031917.865107 1.536043 -0.338081 -0.014988 0.188671 -0.494170 -0.244212 0.812748
1305031917.901060 1.547002 -0.334634 -0.000667 0.174688 -0.492276 -0.255033 0.813699
1305031917.932948 1.558071 -0.329637 0.009262 0.157578 -0.489514 -0.263466 0.816168
1305031917.965346 1.566042 -0.339321 0.020365 0.137929 -0.487240 -0.273319 0.817845
1305031918.001098 1.573463 -0.349123 0.029361 0.121253 -0.484815 -0.282393 0.818845
1305031918.033144 1.586821 -0.344628 0.039167 0.107905 -0.482529 -0.292403 0.818549
1305031918.065137 1.585916 -0.362478 0.048272 0.090045 -0.480859 -0.307498 0.816157
1305031918.101060 1.591639 -0.371571 0.055696 0.079279 -0.482232 -0.318109 0.812388
1305031918.133054 1.604550 -0.371687 0.069140 0.071195 -0.483992 -0.330385 0.807173
1305031918.165017 1.613405 -0.381692 0.082859 0.061189 -0.483129 -0.340901 0.804132
1305031918.201086 1.624579 -0.384860 0.096025 0.054492 -0.480728 -0.347414 0.803265
1305031918.233042 1.636338 -0.388487 0.112276 0.045923 -0.478027 -0.355485 0.801880
1305031918.265256 1.646400 -0.394194 0.128515 0.037510 -0.473700 -0.365647 0.800315
1305031918.301124 1.657166 -0.397980 0.144921 0.029036 -0.468506 -0.376731 0.798582
1305031918.333165 1.664639 -0.405592 0.162080 0.019524 -0.461818 -0.390061 0.796364
1305031918.365072 1.672868 -0.414509 0.180294 0.012958 -0.455859 -0.400671 0.794662
1305031918.401030 1.686184 -0.416388 0.199883 0.007560 -0.448676 -0.408910 0.794622
1305031918.433043 1.695077 -0.426515 0.220119 -0.004003 -0.440581 -0.418601 0.794132
1305031918.465089 1.698666 -0.440223 0.239127 -0.013670 -0.432378 -0.426326 0.794423
1305031918.501125 1.702465 -0.452493 0.254997 -0.018319 -0.422416 -0.432879 0.796144
1305031918.533134 1.710469 -0.461388 0.269233 -0.020563 -0.414254 -0.437751 0.797713
1305031918.565018 1.718517 -0.470721 0.287937 -0.026035 -0.408228 -0.441667 0.798500
1305031918.601029 1.721221 -0.486475 0.306028 -0.031785 -0.403247 -0.445366 0.798769
1305031918.633027 1.729756 -0.497000 0.320759 -0.033742 -0.399846 -0.449534 0.798063
1305031918.665112 1.734887 -0.509398 0.335257 -0.037729 -0.397824 -0.455581 0.795461
1305031918.701017 1.740587 -0.521697 0.350883 -0.042024 -0.398509 -0.459546 0.792617
1305031918.732948 1.745437 -0.540731 0.368459 -0.047148 -0.400602 -0.463821 0.788775
1305031918.765151 1.751648 -0.559010 0.384489 -0.045279 -0.401734 -0.471783 0.783569
1305031918.801097 1.756505 -0.574284 0.398829 -0.037748 -0.400581 -0.483396 0.777456
1305031918.833123 1.761001 -0.585173 0.408752 -0.029883 -0.398984 -0.493403 0.772316
1305031918.865115 1.763982 -0.598436 0.418858 -0.023583 -0.400559 -0.503563 0.765128
1305031918.901084 1.767308 -0.607589 0.429121 -0.015238 -0.404781 -0.513890 0.756199
1305031918.933071 1.771242 -0.617653 0.439243 -0.009274 -0.412240 -0.523381 0.745684
1305031918.965058 1.775060 -0.630254 0.451679 -0.004545 -0.421005 -0.533474 0.733580
1305031919.001053 1.775059 -0.640592 0.461724 0.000390 -0.428320 -0.543369 0.722005
1305031919.033082 1.782740 -0.647891 0.475145 0.004692 -0.439293 -0.548818 0.711196
1305031919.065147 1.784344 -0.658208 0.489622 0.003547 -0.448306 -0.556752 0.699311
1305031919.101028 1.785166 -0.671146 0.503923 0.003270 -0.457443 -0.564634 0.686967
1305031919.133133 1.787905 -0.681748 0.518914 0.004245 -0.465278 -0.571330 0.676077
1305031919.165110 1.790027 -0.689437 0.532272 0.004817 -0.471899 -0.576894 0.666694
1305031919.201124 1.793284 -0.696055 0.545347 0.004807 -0.479313 -0.582851 0.656141
1305031919.233093 1.792312 -0.704588 0.555777 0.004280 -0.488042 -0.591391 0.641913
1305031919.265125 1.796338 -0.716310 0.569741 0.006249 -0.500185 -0.599774 0.624537
1305031919.301119 1.796689 -0.725059 0.578882 0.008254 -0.509467 -0.607237 0.609622
1305031919.333120 1.807436 -0.736824 0.590976 0.009269 -0.522612 -0.608144 0.597454
1305031919.364948 1.814515 -0.751321 0.607025 0.006360 -0.533389 -0.611964 0.583914
1305031919.401124 1.819635 -0.762867 0.616759 0.004407 -0.541008 -0.615932 0.572642
1305031919.433256 1.827763 -0.777316 0.630322 0.001423 -0.550533 -0.618553 0.560628
1305031919.465070 1.834380 -0.795231 0.644498 -0.001164 -0.558165 -0.622888 0.548143
1305031919.501049 1.838965 -0.813117 0.657974 -0.003176 -0.562954 -0.626611 0.538917
1305031919.533110 1.837937 -0.832951 0.669086 -0.004280 -0.565900 -0.628805 0.533238
1305031919.565165 1.846028 -0.846631 0.675101 0.000827 -0.568874 -0.628121 0.530891
1305031919.601094 1.847163 -0.861162 0.683257 0.001230 -0.572705 -0.628247 0.526605
1305031919.633127 1.845569 -0.879171 0.687037 0.002036 -0.579094 -0.626733 0.521394
1305031919.665042 1.848186 -0.898317 0.701089 0.004469 -0.589619 -0.621576 0.515725
1305031919.701092 1.842257 -0.919315 0.714516 0.005005 -0.596203 -0.618046 0.512383
1305031919.733117 1.838993 -0.935982 0.719535 0.011114 -0.600557 -0.613827 0.512274
1305031919.765060 1.843257 -0.944980 0.725321 0.014162 -0.606386 -0.606883 0.513604
1305031919.801129 1.841459 -0.952716 0.725531 0.012639 -0.613819 -0.600853 0.511900
1305031919.833072 1.844499 -0.958046 0.733189 0.009769 -0.625543 -0.593973 0.505763
1305031919.865180 1.835337 -0.966613 0.749591 0.002599 0.637939 0.588838 -0.496284
1305031919.901067 1.816328 -0.984728 0.759137 0.012856 0.647561 0.585754 -0.487229
1305031919.933102 1.808480 -0.991864 0.766592 0.016522 0.655650 0.579107 -0.484237
1305031919.965129 1.795012 -1.001449 0.777137 0.023268 0.663529 0.572911 -0.480584
1305031920.001054 1.784835 -1.008597 0.780615 0.026976 0.670349 0.565887 -0.479245
1305031920.033118 1.781428 -1.010968 0.788058 0.031854 0.679463 0.558925 -0.474256
1305031920.065136 1.763853 -1.016604 0.797866 0.041296 0.689116 0.554493 -0.464706
1305031920.101055 1.751300 -1.022272 0.808631 0.045263 0.699140 0.548921 -0.455896
1305031920.132987 1.738316 -1.025206 0.822787 0.048462 0.706616 0.545728 -0.447802
1305031920.165140 1.722483 -1.030286 0.837342 0.050322 0.711884 0.543808 -0.441545
1305031920.201166 1.707506 -1.036880 0.851681 0.050223 0.712753 0.544218 -0.439644
1305031920.233083 1.685656 -1.038791 0.861058 0.048643 0.710510 0.543287 -0.444577
1305031920.265120 1.671228 -1.044086 0.870446 0.044042 0.708610 0.540352 -0.451611
1305031920.301096 1.654452 -1.043167 0.877119 0.038673 0.703823 0.536800 -0.463663
1305031920.333124 1.641657 -1.046007 0.881906 0.033820 0.699360 0.529736 -0.478677
1305031920.365130 1.633350 -1.045402 0.888096 0.028314 0.693288 0.523213 -0.494771
1305031920.401115 1.618349 -1.047103 0.890147 -0.024306 -0.685799 -0.517248 0.511413
1305031920.433123 1.606101 -1.047861 0.895174 -0.017428 -0.680544 -0.510057 0.525736
1305031920.465148 1.591264 -1.052201 0.898634 -0.013148 -0.676170 -0.504760 0.536506
1305031920.501107 1.579920 -1.054564 0.899979 -0.005853 -0.672505 -0.498541 0.546955
1305031920.533105 1.575211 -1.059711 0.896908 0.001419 -0.669221 -0.493406 0.555600
1305031920.565153 1.570983 -1.065787 0.891462 0.007323 -0.666926 -0.489856 0.561423
1305031920.601126 1.560427 -1.071283 0.892028 0.011391 -0.666553 -0.484232 0.566655
1305031920.633105 1.552174 -1.081195 0.894338 0.015225 -0.665399 -0.477021 0.573989
1305031920.665129 1.546705 -1.091373 0.899577 0.019144 -0.659543 -0.469558 0.586644
1305031920.701147 1.536040 -1.098274 0.901174 0.025039 -0.649381 -0.461541 0.603868
1305031920.733091 1.525438 -1.105677 0.906013 0.033827 -0.641015 -0.452405 0.619101
1305031920.765152 1.516860 -1.108748 0.908909 0.042130 -0.630801 -0.443483 0.635326
1305031920.801031 1.510416 -1.114419 0.908089 0.050190 -0.621021 -0.434913 0.650127
1305031920.833132 1.505222 -1.118549 0.909736 0.057867 -0.614309 -0.427865 0.660460
1305031920.865163 1.497985 -1.124404 0.909512 0.064580 -0.606541 -0.421147 0.671247
1305031920.901037 1.494308 -1.130770 0.905378 0.070198 -0.598120 -0.412395 0.683561
1305031920.933077 1.492353 -1.138356 0.910360 0.072986 -0.590166 -0.403126 0.695605
1305031920.965217 1.484951 -1.148902 0.912197 0.074982 -0.580190 -0.397048 0.707185
1305031921.001108 1.474744 -1.159414 0.915560 0.077108 -0.570410 -0.390967 0.718214
1305031921.033111 1.471068 -1.170555 0.921860 0.081438 -0.562311 -0.387118 0.726164
1305031921.065147 1.466898 -1.177071 0.919617 0.084566 -0.551145 -0.385467 0.735189
1305031921.101105 1.464418 -1.184862 0.919564 0.084905 -0.541245 -0.382852 0.743821
1305031921.133159 1.458471 -1.192789 0.926130 0.084225 -0.531728 -0.383328 0.750487
1305031921.165116 1.449482 -1.202018 0.933358 0.083450 -0.520156 -0.385546 0.757514
1305031921.201159 1.433635 -1.211516 0.943660 0.086336 -0.509765 -0.388208 0.762876
1305031921.233189 1.424132 -1.220592 0.948247 0.091207 -0.500596 -0.387999 0.768467
1305031921.265164 1.417179 -1.228343 0.948641 0.096199 -0.492637 -0.386484 0.773747
1305031921.301188 1.415238 -1.231887 0.948352 0.100209 -0.486875 -0.384046 0.778087
1305031921.333158 1.409561 -1.237957 0.949914 0.100694 -0.481677 -0.380047 0.783206
1305031921.365112 1.404794 -1.246218 0.953634 0.099995 -0.478196 -0.375793 0.787470
1305031921.401108 1.400832 -1.257701 0.959459 0.099927 -0.474089 -0.372115 0.791697
1305031921.433143 1.397794 -1.263766 0.960489 0.101049 -0.467514 -0.367040 0.797810
1305031921.465014 1.394605 -1.270985 0.962345 0.099924 -0.461048 -0.360029 0.804878
1305031921.501096 1.392488 -1.283814 0.971090 0.098901 -0.454860 -0.353078 0.811577
1305031921.533099 1.388347 -1.295865 0.979751 0.099902 -0.446015 -0.348129 0.818472
1305031921.565119 1.380241 -1.306017 0.985036 0.103764 -0.435674 -0.340527 0.826718
1305031921.601114 1.396386 -1.318034 0.982810 0.109629 -0.428036 -0.335113 0.832145
1305031921.633107 1.396593 -1.322616 0.985986 0.109942 -0.414667 -0.329586 0.841033
1305031921.665162 1.390626 -1.337347 0.997094 0.108473 -0.400058 -0.321988 0.851182
1305031921.701068 1.393478 -1.345075 1.009829 0.112577 -0.385523 -0.314702 0.860035
1305031921.733068 1.395442 -1.349636 1.017063 0.115983 -0.366921 -0.308446 0.869930
1305031921.765060 1.391036 -1.351249 1.024161 0.118035 -0.348379 -0.302645 0.879264
1305031921.801034 1.387799 -1.351501 1.028393 0.119228 -0.333678 -0.298194 0.886298
1305031921.833122 1.381110 -1.354994 1.030555 0.116278 -0.321887 -0.295018 0.892094
1305031921.865148 1.371519 -1.359536 1.039562 0.114877 -0.315320 -0.291741 0.895692
1305031921.901117 1.375777 -1.357444 1.045317 0.115669 -0.308896 -0.289054 0.898695
1305031921.933132 1.363144 -1.362967 1.051201 0.111517 -0.297929 -0.286675 0.903670
1305031921.965107 1.354288 -1.366081 1.057426 0.111155 -0.286870 -0.280083 0.909343
1305031922.001101 1.357775 -1.368871 1.064425 0.111827 -0.275963 -0.273268 0.914693
1305031922.033170 1.354086 -1.371510 1.068553 0.110958 -0.263510 -0.268890 0.919755
1305031922.065166 1.343495 -1.371392 1.071180 0.109417 -0.250363 -0.263346 0.925200
1305031922.101032 1.337934 -1.375221 1.075659 0.107981 -0.241462 -0.258409 0.929118
1305031922.133245 1.332165 -1.374461 1.077442 0.107683 -0.231650 -0.253232 0.933068
1305031922.165062 1.333220 -1.374311 1.080541 0.106338 -0.222982 -0.247350 0.936904
1305031922.201057 1.324923 -1.378077 1.084055 0.103599 -0.213578 -0.244107 0.940246
1305031922.233248 1.322758 -1.376248 1.084606 0.103943 -0.204831 -0.241062 0.942936
1305031922.265183 1.323090 -1.375921 1.085653 0.102097 -0.195833 -0.237691 0.945901
1305031922.301137 1.324999 -1.376084 1.087430 0.099237 -0.186302 -0.236184 0.948504
1305031922.333215 1.319583 -1.376876 1.087643 0.095220 -0.173640 -0.235830 0.951402
1305031922.365143 1.312021 -1.377830 1.086321 0.091580 -0.163312 -0.235385 0.953696
1305031922.401139 1.315394 -1.375478 1.087185 0.089233 -0.156213 -0.233531 0.955562
1305031922.433086 1.311596 -1.374148 1.088142 0.083668 -0.144511 -0.231522 0.958391
1305031922.465219 1.302398 -1.373559 1.090172 0.079519 -0.134286 -0.230443 0.960489
1305031922.501312 1.304525 -1.370722 1.091236 0.077353 -0.127974 -0.227872 0.962140
1305031922.533139 1.298379 -1.368571 1.093210 0.072020 -0.118993 -0.225134 0.964349
1305031922.565031 1.298378 -1.371545 1.091927 0.068322 -0.112989 -0.225691 0.965209
1305031922.601111 1.295844 -1.371868 1.092200 0.064506 -0.102652 -0.225837 0.966592
1305031922.633085 1.291273 -1.369760 1.097554 0.062538 -0.094253 -0.225009 0.967769
1305031922.665318 1.293553 -1.372184 1.093267 0.059962 -0.087905 -0.224790 0.968580
1305031922.701355 1.288471 -1.369902 1.100122 0.059070 -0.075700 -0.222000 0.970307
1305031922.733235 1.282179 -1.368664 1.105915 0.060993 -0.066152 -0.217521 0.971899
1305031922.765373 1.281721 -1.368670 1.105285 0.063616 -0.058891 -0.211717 0.973479
1305031922.801220 1.283845 -1.369268 1.105250 0.066140 -0.051928 -0.205321 0.975076
1305031922.833262 1.287029 -1.370844 1.104468 0.068583 -0.045124 -0.200480 0.976252
1305031922.865045 1.288212 -1.371644 1.106766 0.071903 -0.036060 -0.194748 0.977549
1305031922.901109 1.290370 -1.371943 1.105877 0.076339 -0.028488 -0.190431 0.978313
1305031922.933136 1.293503 -1.373332 1.096771 0.077573 -0.021722 -0.187131 0.979026
1305031922.965220 1.293463 -1.373215 1.096410 0.077273 -0.016272 -0.182292 0.980068
1305031923.001054 1.299018 -1.375270 1.092603 0.076033 -0.013894 -0.179156 0.980780
1305031923.033184 1.301717 -1.376290 1.093726 0.074891 -0.008054 -0.174637 0.981748
1305031923.065085 1.303470 -1.376813 1.094558 0.074809 -0.004143 -0.169926 0.982605
1305031923.101056 1.311441 -1.377500 1.092485 0.075223 -0.001773 -0.167010 0.983080
1305031923.133238 1.314802 -1.378788 1.092698 0.074437 0.005230 -0.163624 0.983697
1305031923.165168 1.318242 -1.381996 1.101954 0.076992 0.010589 -0.160333 0.983999
1305031923.201181 1.322772 -1.383878 1.098927 0.084591 0.016309 -0.159242 0.983474
1305031923.233162 1.324624 -1.386061 1.076904 0.088458 0.024473 -0.157986 0.983167
1305031923.265159 1.326186 -1.388928 1.058891 0.085240 0.033616 -0.151826 0.984151
1305031923.301183 1.327172 -1.389149 1.057924 0.083011 0.041808 -0.143151 0.985327
1305031923.333169 1.333435 -1.388284 1.057194 0.082436 0.046955 -0.135943 0.986164
1305031923.365230 1.340472 -1.385011 1.050407 0.081438 0.052449 -0.129610 0.986822
1305031923.401139 1.343205 -1.383509 1.047163 0.075649 0.060477 -0.120500 0.987977
1305031923.433112 1.350054 -1.385059 1.045652 0.072673 0.067940 -0.111949 0.988721
1305031923.465290 1.355032 -1.388363 1.035410 0.070763 0.076306 -0.104238 0.989093
1305031923.501145 1.356837 -1.394725 1.027675 0.072607 0.083574 -0.096354 0.989171
1305031923.533199 1.362252 -1.391843 1.018425 0.080677 0.088142 -0.091770 0.988585
1305031923.565198 1.368672 -1.389231 1.010248 0.085758 0.090660 -0.086395 0.988414
1305031923.601069 1.377738 -1.387216 1.001427 0.090905 0.091231 -0.081992 0.988277
1305031923.633244 1.385080 -1.383213 0.989440 0.093123 0.093106 -0.075703 0.988397
1305031923.665141 1.395190 -1.381877 0.982223 0.095203 0.093749 -0.068346 0.988674
1305031923.701144 1.404007 -1.374337 0.968283 0.099541 0.095267 -0.064507 0.988360
1305031923.733145 1.412768 -1.370944 0.958157 0.099202 0.096728 -0.060678 0.988494
1305031923.765175 1.422270 -1.365732 0.947533 0.102385 0.098581 -0.059716 0.988045
1305031923.801150 1.431543 -1.357208 0.932226 0.102073 0.101887 -0.060263 0.987709
1305031923.833045 1.435779 -1.360281 0.920750 0.100767 0.105268 -0.059341 0.987544
1305031923.865161 1.447720 -1.349874 0.909977 0.108241 0.103935 -0.060269 0.986838
1305031923.901121 1.456419 -1.342025 0.897689 0.113480 0.105298 -0.066435 0.985708
1305031923.933140 1.462784 -1.331021 0.882885 0.118209 0.108372 -0.072404 0.984398
1305031923.965198 1.470845 -1.322596 0.867483 0.113999 0.111896 -0.076222 0.984212
1305031924.001096 1.479431 -1.323763 0.865915 0.110724 0.114750 -0.075686 0.984299
1305031924.033250 1.488592 -1.313288 0.852198 0.118871 0.118155 -0.077783 0.982781
1305031924.065224 1.495978 -1.298964 0.831625 0.118693 0.123096 -0.075794 0.982352
1305031924.101175 1.501732 -1.299599 0.815475 0.111621 0.126540 -0.074770 0.982821
1305031924.133285 1.510051 -1.292351 0.805997 0.113775 0.127005 -0.077604 0.982294
1305031924.165591 1.517663 -1.280512 0.789488 0.111723 0.126533 -0.077286 0.982616
1305031924.201130 1.526720 -1.278410 0.783187 0.107824 0.122555 -0.077817 0.983513
1305031924.233238 1.534611 -1.267071 0.773687 0.110300 0.118717 -0.083523 0.983242
1305031924.265335 1.542821 -1.261142 0.765654 0.109108 0.115519 -0.085308 0.983602
1305031924.301099 1.551301 -1.251274 0.752372 0.108716 0.112515 -0.085875 0.983944
1305031924.333113 1.559216 -1.244278 0.743542 0.105847 0.109584 -0.085741 0.984600
1305031924.365169 1.565780 -1.236638 0.733208 0.105190 0.104933 -0.088098 0.984969
1305031924.401095 1.572279 -1.227790 0.720614 0.104345 0.098355 -0.091016 0.985472
1305031924.433069 1.578498 -1.221146 0.712199 0.102590 0.092937 -0.092685 0.986026
1305031924.465394 1.582241 -1.214552 0.706569 0.103543 0.088321 -0.095959 0.986038
1305031924.501116 1.585024 -1.206922 0.696717 0.105537 0.081481 -0.099382 0.986076
1305031924.533245 1.587774 -1.201409 0.687368 0.106346 0.072806 -0.100335 0.986571
1305031924.565264 1.590762 -1.196503 0.680571 0.110404 0.061743 -0.102648 0.986642
1305031924.601161 1.598654 -1.189917 0.670890 0.115728 0.051592 -0.104791 0.986389
1305031924.633221 1.601523 -1.186076 0.665622 0.120959 0.046290 -0.103681 0.986142
1305031924.665187 1.609509 -1.177987 0.654817 0.127931 0.038586 -0.102232 0.985745
1305031924.701168 1.614565 -1.172705 0.648415 0.132569 0.033401 -0.102801 0.985262
1305031924.733166 1.622014 -1.165863 0.638818 0.138304 0.028212 -0.103307 0.984583
1305031924.765170 1.630635 -1.156524 0.632163 0.142198 0.025398 -0.104722 0.983955
1305031924.801057 1.636129 -1.150519 0.625518 0.143179 0.026235 -0.103594 0.983910
1305031924.833187 1.642504 -1.141289 0.617845 0.146060 0.026736 -0.103453 0.983488
1305031924.865165 1.646298 -1.125099 0.611763 0.146569 0.028423 -0.103943 0.983314
1305031924.901110 1.648865 -1.118776 0.606229 0.140843 0.027454 -0.102905 0.984287
1305031924.933186 1.652835 -1.114707 0.600396 0.138311 0.022956 -0.104042 0.984641
1305031924.969060 1.656943 -1.105408 0.594977 0.138895 0.019197 -0.106567 0.984369
1305031925.001103 1.659732 -1.097975 0.590746 0.140581 0.016070 -0.109163 0.983901
1305031925.033148 1.663029 -1.090859 0.583808 0.143780 0.013667 -0.111953 0.983162
1305031925.069090 1.665929 -1.083481 0.577683 0.149278 0.012593 -0.114479 0.982065
1305031925.101107 1.670104 -1.069124 0.566771 0.152826 0.011327 -0.116012 0.981355
1305031925.133209 1.672890 -1.059877 0.559821 0.147257 0.009769 -0.113866 0.982474
1305031925.169080 1.675127 -1.059877 0.552515 0.141381 0.006617 -0.112314 0.983541
1305031925.201117 1.678520 -1.052942 0.544439 0.142813 0.002505 -0.114224 0.983133
1305031925.233193 1.682413 -1.039616 0.533886 0.142652 -0.000924 -0.116734 0.982865
1305031925.269164 1.685856 -1.033732 0.527840 0.138920 -0.004873 -0.120935 0.982880
1305031925.301283 1.691019 -1.023574 0.519388 0.137036 -0.006980 -0.125845 0.982515
1305031925.333142 1.694865 -1.012425 0.512927 0.132656 -0.007353 -0.128856 0.982723
1305031925.369107 1.698845 -1.003177 0.507138 0.128486 -0.008060 -0.134246 0.982550
1305031925.401456 1.702537 -0.994356 0.503380 0.126222 -0.008329 -0.139593 0.982096
1305031925.433406 1.705649 -0.988056 0.498098 0.125937 -0.009956 -0.143219 0.981595
1305031925.469099 1.714917 -0.979665 0.490743 0.129403 -0.010338 -0.145643 0.980783
1305031925.501267 1.721784 -0.972567 0.484508 0.134421 -0.006058 -0.144097 0.980373
1305031925.533321 1.730660 -0.962359 0.474565 0.141150 -0.001083 -0.139681 0.980084
1305031925.569132 1.740329 -0.953074 0.468029 0.145191 0.003679 -0.132255 0.980518
1305031925.601218 1.752214 -0.942903 0.456371 0.148541 0.008496 -0.126746 0.980713
1305031925.633430 1.763769 -0.932488 0.444019 0.149088 0.013768 -0.121472 0.981238
1305031925.669137 1.772209 -0.923954 0.435512 0.146123 0.017234 -0.116344 0.982250
1305031925.701322 1.779089 -0.916604 0.430756 0.144154 0.017749 -0.114277 0.982774
1305031925.733167 1.791249 -0.908309 0.426298 0.142250 0.016291 -0.112961 0.983229
1305031925.769246 1.804048 -0.900071 0.423070 0.138079 0.016368 -0.109563 0.984206
1305031925.801208 1.816630 -0.891908 0.419075 0.132324 0.019376 -0.106680 0.985258
1305031925.833148 1.828284 -0.883460 0.414307 0.124438 0.024233 -0.102413 0.986630
1305031925.869197 1.835647 -0.877990 0.411295 0.115712 0.030928 -0.099799 0.987772
1305031925.901176 1.845664 -0.870528 0.407014 0.108511 0.036805 -0.095077 0.988853
1305031925.933170 1.854284 -0.863993 0.403073 0.101567 0.040952 -0.087902 0.990091
1305031925.969198 1.862960 -0.855775 0.397001 0.093534 0.043904 -0.082531 0.991218
1305031926.001186 1.867622 -0.851151 0.392229 0.085927 0.047147 -0.077910 0.992131
1305031926.033156 1.877896 -0.843985 0.385372 0.081994 0.047349 -0.072454 0.992867
1305031926.069077 1.886775 -0.835981 0.377945 0.077914 0.049689 -0.068885 0.993335
1305031926.101106 1.893823 -0.829926 0.370805 0.075204 0.054429 -0.067693 0.993378
1305031926.133181 1.905695 -0.819483 0.359621 0.074528 0.058606 -0.065915 0.993311
1305031926.169101 1.914110 -0.811282 0.352921 0.070826 0.065202 -0.063184 0.993348
1305031926.201141 1.919015 -0.805753 0.345289 0.070555 0.072549 -0.060207 0.993043
1305031926.233134 1.930938 -0.795557 0.331312 0.070589 0.078016 -0.056894 0.992821
1305031926.269135 1.939946 -0.788018 0.323376 0.068621 0.084279 -0.055727 0.992513
1305031926.301054 1.948732 -0.780542 0.314727 0.068798 0.091554 -0.054463 0.991927
1305031926.333164 1.957699 -0.772585 0.304012 0.068618 0.101215 -0.051148 0.991177
1305031926.369064 1.963690 -0.767652 0.296076 0.068791 0.111637 -0.047303 0.990236
1305031926.401166 1.970355 -0.761406 0.281122 0.069823 0.120274 -0.042449 0.989372
1305031926.433155 1.977245 -0.755397 0.267439 0.069705 0.128467 -0.037220 0.988561
1305031926.469090 1.983721 -0.751208 0.259014 0.069674 0.136518 -0.031867 0.987670
1305031926.501075 1.989444 -0.749360 0.248876 0.071314 0.145506 -0.023945 0.986493
1305031926.533176 1.993039 -0.744529 0.235095 0.073747 0.154939 -0.016325 0.985032
1305031926.569122 1.996848 -0.740950 0.222820 0.075628 0.163531 -0.007345 0.983608
1305031926.601166 1.998506 -0.735873 0.210506 0.077056 0.171846 0.001759 0.982104
1305031926.633127 1.999735 -0.731615 0.199738 0.077360 0.179855 0.012277 0.980570
1305031926.669140 2.003384 -0.727121 0.190854 0.077615 0.187435 0.023292 0.978929
1305031926.701042 2.007504 -0.719133 0.187026 0.079584 0.196953 0.030526 0.976701
1305031926.733207 2.009498 -0.716764 0.178740 0.078567 0.209766 0.038357 0.973835
1305031926.769141 2.004799 -0.715562 0.171993 0.076696 0.225876 0.049903 0.969849
1305031926.801342 2.002516 -0.714803 0.169229 0.074679 0.241026 0.063190 0.965576
1305031926.833209 2.002107 -0.711417 0.165559 0.073789 0.256573 0.076688 0.960648
1305031926.869333 1.997341 -0.709525 0.162466 0.071752 0.275299 0.093415 0.954115
1305031926.901097 2.002753 -0.703170 0.159404 0.071001 0.292531 0.110290 0.947217
1305031926.933348 2.009954 -0.695998 0.151419 0.070404 0.309756 0.124886 0.939946
1305031926.969122 2.009421 -0.690300 0.140059 0.067048 0.327771 0.137960 0.932222
1305031927.001575 2.006319 -0.685887 0.135210 0.061175 0.347199 0.151027 0.923527
1305031927.033929 2.009882 -0.679468 0.137588 0.057456 0.363566 0.164458 0.915135
1305031927.070528 2.008960 -0.673807 0.129831 0.053889 0.378034 0.178976 0.906727
1305031927.101272 2.003793 -0.667036 0.124760 0.049421 0.391094 0.193337 0.898456
1305031927.133471 2.009814 -0.660929 0.117724 0.042823 0.400078 0.205613 0.892091
1305031927.169161 2.013451 -0.652558 0.110477 0.036832 0.409623 0.217882 0.885088
1305031927.201210 2.007621 -0.640180 0.101345 0.031444 0.417820 0.229857 0.878410
1305031927.233491 2.007870 -0.621187 0.084126 0.023313 0.419095 0.241340 0.874969
1305031927.269153 2.009006 -0.606963 0.086072 0.015235 0.422061 0.249266 0.871492
1305031927.301135 2.011962 -0.600699 0.088167 0.005662 0.426536 0.259358 0.866469
1305031927.333139 2.012917 -0.587977 0.089132 0.000933 0.431252 0.270013 0.860879
1305031927.369147 2.020049 -0.582516 0.084667 -0.006920 0.435672 0.281648 0.854878
1305031927.401161 2.024946 -0.572047 0.082113 -0.013142 0.440864 0.291502 0.848818
1305031927.433274 2.026898 -0.558109 0.076565 -0.016798 0.444014 0.299369 0.844362
1305031927.469105 2.029281 -0.545613 0.068265 -0.022180 0.445333 0.306006 0.841158
1305031927.501136 2.033430 -0.535894 0.064375 -0.029169 0.446597 0.310295 0.838700
1305031927.533182 2.034776 -0.527678 0.061687 -0.033722 0.448360 0.312990 0.836584
1305031927.569225 2.035054 -0.512821 0.054235 -0.037084 0.447682 0.313875 0.836474
1305031927.601132 2.037152 -0.502920 0.049297 -0.044635 0.445615 0.314070 0.837135
1305031927.633201 2.040600 -0.496361 0.049843 -0.053881 0.443505 0.312847 0.838169
1305031927.669158 2.042966 -0.485667 0.048114 -0.059167 0.440364 0.306674 0.841742
1305031927.701131 2.047351 -0.479206 0.041756 -0.068001 0.436242 0.299377 0.845838
1305031927.733219 2.051653 -0.473062 0.040588 -0.076090 0.433715 0.292992 0.848680
1305031927.769158 2.056843 -0.465948 0.036462 -0.082960 0.430462 0.287180 0.851674
1305031927.801109 2.061628 -0.457947 0.033154 -0.086949 0.428780 0.282740 0.853607
1305031927.833282 2.068109 -0.451450 0.026848 -0.090599 0.427003 0.280374 0.854898
1305031927.869143 2.074717 -0.445122 0.022374 -0.094943 0.426290 0.280553 0.854724
1305031927.901130 2.081405 -0.442161 0.023029 -0.098124 0.427861 0.279758 0.853840
1305031927.933465 2.087309 -0.429316 0.009538 -0.096825 0.427143 0.277615 0.855046
1305031927.969176 2.093837 -0.419309 -0.000904 -0.097537 0.425559 0.278253 0.855547
1305031928.001134 2.101059 -0.414064 -0.007656 -0.099401 0.425893 0.279202 0.854857
1305031928.033186 2.107858 -0.403134 -0.020653 -0.099189 0.425297 0.279285 0.855152
1305031928.069125 2.114707 -0.394043 -0.031730 -0.102178 0.425159 0.281343 0.854193
1305031928.101114 2.121184 -0.387992 -0.038305 -0.104612 0.426425 0.283357 0.852600
1305031928.133202 2.128991 -0.380168 -0.051261 -0.106411 0.426517 0.284486 0.851955
1305031928.169018 2.135062 -0.376664 -0.057621 -0.109412 0.430476 0.284939 0.849429
1305031928.201096 2.140104 -0.370486 -0.065444 -0.110785 0.436272 0.284953 0.846283
1305031928.233133 2.142739 -0.363707 -0.076931 -0.111793 0.442566 0.287101 0.842146
1305031928.269216 2.146515 -0.361327 -0.078806 -0.113698 0.450151 0.291680 0.836277
1305031928.301255 2.148112 -0.358841 -0.087382 -0.113047 0.456181 0.296170 0.831506
1305031928.333609 2.150821 -0.355191 -0.095867 -0.112093 0.462409 0.301493 0.826266
1305031928.369520 2.158244 -0.349248 -0.099907 -0.109460 0.469361 0.308530 0.820078
1305031928.401116 2.159194 -0.350662 -0.107092 -0.106315 0.477603 0.316522 0.812654
1305031928.433543 2.164845 -0.346470 -0.118074 -0.100661 0.487037 0.326162 0.803916
1305031928.469232 2.168142 -0.339426 -0.126854 -0.093035 0.498189 0.336792 0.793551
1305031928.501428 2.178582 -0.341132 -0.135774 -0.086496 0.508979 0.349187 0.782002
1305031928.533982 2.179209 -0.337805 -0.142103 -0.075366 0.520141 0.358491 0.771529
1305031928.569299 2.176216 -0.334171 -0.149614 -0.065527 0.530957 0.364767 0.762060
1305031928.601271 2.175064 -0.332004 -0.151578 -0.055393 0.544632 0.370641 0.750289
1305031928.633595 2.181157 -0.329094 -0.168540 -0.045077 0.555312 0.373871 0.741496
1305031928.669146 2.182344 -0.328564 -0.180727 -0.035337 0.567973 0.373297 0.732671
1305031928.701110 2.181849 -0.330788 -0.188846 -0.026613 0.580222 0.371576 0.724269
1305031928.733185 2.181719 -0.335068 -0.196861 -0.018388 0.592077 0.369785 0.715798
1305031928.769202 2.178760 -0.337249 -0.204189 -0.008169 0.603844 0.368791 0.706611
1305031928.801117 2.162028 -0.336523 -0.202797 0.004853 0.617393 0.364280 0.697211
1305031928.833193 2.159648 -0.341822 -0.208121 0.014999 0.628737 0.361009 0.688576
1305031928.869148 2.156676 -0.347375 -0.212821 0.025185 0.639805 0.357561 0.679827
1305031928.901197 2.155916 -0.353180 -0.219524 0.035314 0.650617 0.353697 0.671081
1305031928.933215 2.152657 -0.358542 -0.229481 0.047836 0.661323 0.348774 0.662359
1305031928.969097 2.145662 -0.362859 -0.230166 0.058878 0.674716 0.338405 0.653280
1305031929.001155 2.141755 -0.372032 -0.234562 0.067327 0.687688 0.331557 0.642357
1305031929.033640 2.138380 -0.377721 -0.240830 0.077323 0.699832 0.324270 0.631748
1305031929.069089 2.131023 -0.383184 -0.241092 0.085836 0.714351 0.312108 0.620422
1305031929.101213 2.125474 -0.390209 -0.246591 0.094486 0.727043 0.304513 0.608073
1305031929.133202 2.120082 -0.401462 -0.251312 0.103734 0.739110 0.297155 0.595529
1305031929.169204 2.120493 -0.405743 -0.255525 0.114011 0.750642 0.289501 0.582861
1305031929.201163 2.115881 -0.417308 -0.262026 0.122838 0.760042 0.285831 0.570568
1305031929.233293 2.114212 -0.426863 -0.269700 0.134901 0.769503 0.281222 0.557297
1305031929.269214 2.110142 -0.436305 -0.274857 0.147140 0.778837 0.274367 0.544505
1305031929.301292 2.104402 -0.447321 -0.279125 0.156009 0.787862 0.268124 0.532019
1305031929.333529 2.102905 -0.457324 -0.281726 0.165561 0.795949 0.263151 0.519429
1305031929.369189 2.099582 -0.461651 -0.280265 0.177298 0.802779 0.256461 0.508271
1305031929.401369 2.096149 -0.474747 -0.284916 0.186781 0.806606 0.253344 0.500316
1305031929.433239 2.088881 -0.486175 -0.286449 0.195598 0.810710 0.247499 0.493189
1305031929.469219 2.082254 -0.495906 -0.286700 0.203117 0.815064 0.241663 0.485812
1305031929.501198 2.076410 -0.508098 -0.287610 0.210512 0.818617 0.236911 0.478983
1305031929.533262 2.069495 -0.520608 -0.288297 0.217138 0.822407 0.231369 0.472192
1305031929.569172 2.063118 -0.532492 -0.288932 0.223036 0.826060 0.225501 0.465864
1305031929.601101 2.056130 -0.546297 -0.289319 0.227768 0.829656 0.218422 0.460526
1305031929.634447 2.048610 -0.558050 -0.288341 0.231491 0.833929 0.210102 0.454787
1305031929.669287 2.042261 -0.569239 -0.286404 0.235114 0.837976 0.201297 0.449441
1305031929.701269 2.037128 -0.576799 -0.281188 0.239902 0.841653 0.191849 0.444142
1305031929.733617 2.030886 -0.586776 -0.278140 0.245391 0.843472 0.184185 0.440925
1305031929.769190 2.024981 -0.595032 -0.273746 0.250291 0.843251 0.177890 0.441177
1305031929.801229 2.018812 -0.603406 -0.271056 0.255522 0.843080 0.169675 0.441741
1305031929.833358 2.011940 -0.609346 -0.268366 0.260550 0.842870 0.161544 0.442253
1305031929.869242 2.006986 -0.615736 -0.265891 0.264622 0.842282 0.154387 0.443510
1305031929.901292 1.999283 -0.622483 -0.264969 0.268575 0.841378 0.148201 0.444956
1305031929.933176 1.991150 -0.631882 -0.267574 0.270023 0.841527 0.142753 0.445580
1305031929.969176 1.983445 -0.637137 -0.269365 0.269509 0.842921 0.138115 0.444718
1305031930.001350 1.973301 -0.638572 -0.268872 0.271052 0.844171 0.136865 0.441785
1305031930.033650 1.959889 -0.640018 -0.270947 0.272448 0.844918 0.138589 0.438952
1305031930.069293 1.951370 -0.638380 -0.272892 0.273843 0.845304 0.141817 0.436302
1305031930.101133 1.943072 -0.636519 -0.275029 0.272883 0.845896 0.145324 0.434598
1305031930.134163 1.932795 -0.631218 -0.277534 0.269168 0.847174 0.148939 0.433200
1305031930.169117 1.929488 -0.629790 -0.278048 0.266086 0.850284 0.153310 0.427448
1305031930.201148 1.917084 -0.623085 -0.281568 0.262603 0.853349 0.158439 0.421583
1305031930.233355 1.908264 -0.616290 -0.285024 0.256276 0.857027 0.164305 0.415730
1305031930.269064 1.907804 -0.614629 -0.284961 0.250680 0.861715 0.170889 0.406699
1305031930.301105 1.896506 -0.613970 -0.283388 0.245985 0.865133 0.180120 0.398237
1305031930.333138 1.887229 -0.604957 -0.289676 0.238371 0.868115 0.188319 0.392545
1305031930.369794 1.887033 -0.601385 -0.288205 0.231532 0.872481 0.196908 0.382619
1305031930.401077 1.883389 -0.600256 -0.288737 0.225984 0.875528 0.207345 0.373350
1305031930.433290 1.876273 -0.585559 -0.293989 0.220399 0.877305 0.215690 0.367746
1305031930.469130 1.884552 -0.596419 -0.281422 0.214149 0.879562 0.229662 0.357444
1305031930.501044 1.872752 -0.606672 -0.284056 0.209448 0.877660 0.246803 0.353458
1305031930.533067 1.868995 -0.602441 -0.290056 0.202999 0.876515 0.259704 0.350808
1305031930.569007 1.872449 -0.597288 -0.291880 0.194999 0.876979 0.270139 0.346278
1305031930.601041 1.863518 -0.585312 -0.282538 0.187237 0.876701 0.280529 0.342987
1305031930.633126 1.852121 -0.594285 -0.301567 0.179420 0.872138 0.298604 0.343538
1305031930.668925 1.850411 -0.592984 -0.301828 0.172805 0.868297 0.312634 0.344179
1305031930.701009 1.846347 -0.591802 -0.306448 0.169049 0.862457 0.326902 0.347456
1305031930.733195 1.844982 -0.586387 -0.306557 0.163052 0.857050 0.339371 0.351720
1305031930.769068 1.840042 -0.584596 -0.306917 0.155644 0.851768 0.351424 0.356044
1305031930.801055 1.838322 -0.578351 -0.304770 0.150094 0.847527 0.361354 0.358599
1305031930.833091 1.834536 -0.572646 -0.304331 0.144865 0.844300 0.369644 0.359908
1305031930.869070 1.831807 -0.565997 -0.301500 0.138387 0.841504 0.378344 0.359967
1305031930.900829 1.830358 -0.550203 -0.286519 0.132918 0.840415 0.383734 0.358865
1305031930.933330 1.828020 -0.542960 -0.283135 0.128226 0.837221 0.392905 0.358114
1305031930.969059 1.824405 -0.532711 -0.277876 0.123935 0.834002 0.401838 0.357222
1305031931.000795 1.821409 -0.520702 -0.270123 0.118505 0.830634 0.411322 0.356114
1305031931.033023 1.819660 -0.514759 -0.269639 0.111888 0.826246 0.422563 0.355303
1305031931.068905 1.818392 -0.504350 -0.264557 0.105739 0.822285 0.433435 0.353272
1305031931.100819 1.817530 -0.497479 -0.263434 0.100803 0.817506 0.446132 0.349984
1305031931.133042 1.813781 -0.487968 -0.260906 0.096134 0.813597 0.456963 0.346416
1305031931.168900 1.811147 -0.477610 -0.261851 0.090491 0.810059 0.468721 0.340464
1305031931.200696 1.804597 -0.467567 -0.261380 0.084966 0.806568 0.481417 0.332365
1305031931.233053 1.801927 -0.457564 -0.260079 0.076342 0.803487 0.494278 0.322907
1305031931.268951 1.801881 -0.450814 -0.259194 0.068961 0.801110 0.506293 0.311664
1305031931.300955 1.799884 -0.437628 -0.259143 0.062171 0.799138 0.517010 0.300356
1305031931.332991 1.802941 -0.438263 -0.262972 0.054743 0.797445 0.528560 0.285846
1305031931.369797 1.808000 -0.433572 -0.261494 0.049865 0.796817 0.538263 0.269944
1305031931.401337 1.812582 -0.427509 -0.260267 0.047426 0.795596 0.547332 0.255354
1305031931.432892 1.823076 -0.428084 -0.261295 0.044602 0.794102 0.556701 0.239784
1305031931.469079 1.830011 -0.421731 -0.263180 0.043874 0.793581 0.563015 0.226537
1305031931.500852 1.832636 -0.417314 -0.261161 0.044199 0.792968 0.568626 0.214274
1305031931.532871 1.840581 -0.410297 -0.262212 0.044279 0.791254 0.575819 0.200969
1305031931.569726 1.854868 -0.407444 -0.268084 0.045868 0.790429 0.581604 0.186696
1305031931.601199 1.861639 -0.403738 -0.267224 0.048553 0.791038 0.583725 0.176538
1305031931.633004 1.870036 -0.399652 -0.268949 0.049087 0.790694 0.586490 0.168590
1305031931.669064 1.877821 -0.396027 -0.270160 0.048275 0.791420 0.587410 0.162089
1305031931.701060 1.888569 -0.392572 -0.267570 0.046058 0.792636 0.588165 0.153845
1305031931.732985 1.899921 -0.389573 -0.267356 0.044440 0.792799 0.589755 0.147252
1305031931.768911 1.909847 -0.385527 -0.263643 0.042245 0.792193 0.591775 0.142999
1305031931.800959 1.921020 -0.381141 -0.262744 0.042532 0.790177 0.595545 0.138339
1305031931.832926 1.929491 -0.376003 -0.259210 0.046694 0.788032 0.599379 0.132548
1305031931.868988 1.939087 -0.371002 -0.258654 0.052135 0.783424 0.606509 0.125202
1305031931.900957 1.946502 -0.364365 -0.260974 0.057142 0.779791 0.611610 0.120808
1305031931.932907 1.955355 -0.360104 -0.261680 0.061633 0.778908 0.613310 0.115566
1305031931.968902 1.963163 -0.354327 -0.260961 0.066254 0.777671 0.615024 0.112179
1305031932.000829 1.968913 -0.349563 -0.262152 0.071012 0.777222 0.615806 0.108009
1305031932.032913 1.977742 -0.345685 -0.263727 0.076051 0.776899 0.616715 0.101520
1305031932.068920 1.984945 -0.340632 -0.263709 0.080331 0.777230 0.616406 0.097486
1305031932.101294 1.994345 -0.337266 -0.264225 0.083083 0.775911 0.618499 0.092296
1305031932.132895 2.007569 -0.336708 -0.268381 0.088337 0.773884 0.620658 0.089910
1305031932.169077 2.014754 -0.334031 -0.270372 0.093170 0.772201 0.621222 0.095435
1305031932.200948 2.024049 -0.329739 -0.275688 0.096148 0.770132 0.622175 0.102720
1305031932.232821 2.031184 -0.326668 -0.280024 0.098447 0.769055 0.621440 0.112587
1305031932.268818 2.040518 -0.323097 -0.287317 0.100257 0.767693 0.620964 0.122473
1305031932.300945 2.045084 -0.318583 -0.293439 0.102016 0.768184 0.618099 0.132061
1305031932.333175 2.051899 -0.314780 -0.300308 0.102674 0.768629 0.616048 0.138393
1305031932.368837 2.060029 -0.313231 -0.309855 0.103700 0.769343 0.613311 0.145625
1305031932.401680 2.067676 -0.311086 -0.317136 0.105886 0.770791 0.609107 0.153812
1305031932.432994 2.073633 -0.308300 -0.321316 0.109477 0.771623 0.605178 0.162398
1305031932.469022 2.081027 -0.306778 -0.331004 0.112707 0.770426 0.603573 0.171582
1305031932.500893 2.086447 -0.302567 -0.337654 0.115126 0.770263 0.600111 0.182504
1305031932.532959 2.093512 -0.299917 -0.346528 0.116893 0.769693 0.597286 0.192766
1305031932.568972 2.101717 -0.299227 -0.356385 0.117863 0.769770 0.593439 0.203451
1305031932.600957 2.108293 -0.297902 -0.362138 0.118027 0.770270 0.587782 0.217409
1305031932.632929 2.115210 -0.296908 -0.370638 0.118220 0.770217 0.581974 0.232584
1305031932.669236 2.121613 -0.297410 -0.377508 0.118620 0.770546 0.575777 0.246312
1305031932.700806 2.105149 -0.278590 -0.351613 0.122986 0.777464 0.556857 0.265206
1305031932.732848 2.110721 -0.278719 -0.358446 0.122713 0.778540 0.549026 0.278186
1305031932.768757 2.120731 -0.281021 -0.368524 0.123007 0.779150 0.542111 0.289673
1305031932.800821 2.116657 -0.279265 -0.367835 0.128439 0.781459 0.530220 0.302808
1305031932.832891 2.128212 -0.280104 -0.380807 0.128267 0.782302 0.522798 0.313423
1305031932.869016 2.138655 -0.282259 -0.393751 0.127575 0.784342 0.514453 0.322290
1305031932.901214 2.142305 -0.279960 -0.397038 0.130949 0.789324 0.500838 0.330122
1305031932.932932 2.145275 -0.279335 -0.396360 0.134200 0.792157 0.490712 0.337165
1305031932.968787 2.151470 -0.279369 -0.407337 0.132777 0.791918 0.485485 0.345745
1305031933.001958 2.159010 -0.278872 -0.419669 0.130475 0.794247 0.478945 0.350370
1305031933.033045 2.162428 -0.274683 -0.424562 0.130996 0.798570 0.471252 0.350781
1305031933.068879 2.167617 -0.269728 -0.427005 0.130210 0.801916 0.466934 0.349210
1305031933.100908 2.175606 -0.265576 -0.437649 0.130325 0.803798 0.466881 0.344885
1305031933.132911 2.174093 -0.258610 -0.445984 0.132840 0.808747 0.463248 0.337170
1305031933.169450 2.178606 -0.257849 -0.446030 0.131901 0.815044 0.462269 0.323439
1305031933.200949 2.179319 -0.254091 -0.450938 0.131573 0.819361 0.462227 0.312543
1305031933.233374 2.183975 -0.252171 -0.452426 0.130330 0.823721 0.461619 0.302334
1305031933.269079 2.188869 -0.249139 -0.455038 0.129314 0.827759 0.460011 0.294078
1305031933.300869 2.184353 -0.249978 -0.453861 0.129358 0.830973 0.458872 0.286683
1305031933.332881 2.182183 -0.248851 -0.451166 0.130654 0.832679 0.460465 0.278474
1305031933.368978 2.182836 -0.245974 -0.455059 0.131214 0.833842 0.462603 0.271090
1305031933.400926 2.180924 -0.243221 -0.451101 0.133277 0.835919 0.463028 0.262836
1305031933.432912 2.178224 -0.239793 -0.450945 0.134930 0.835574 0.467072 0.255838
1305031933.469486 2.176239 -0.237959 -0.454484 0.136156 0.835592 0.470791 0.248200
1305031933.500809 2.171751 -0.234158 -0.454443 0.137962 0.836899 0.472130 0.240122
1305031933.533065 2.168006 -0.232193 -0.454618 0.137677 0.838011 0.474764 0.231044
1305031933.568861 2.167166 -0.232544 -0.453547 0.137948 0.839733 0.477442 0.218787
1305031933.600899 2.162613 -0.229262 -0.452616 0.140079 0.841528 0.479430 0.205803
1305031933.632949 2.154401 -0.229713 -0.451920 0.141018 0.842852 0.482681 0.191660
1305031933.669114 2.149798 -0.229738 -0.447878 0.141918 0.844561 0.486134 0.173927
1305031933.700931 2.144618 -0.228144 -0.445215 0.142933 0.845662 0.489936 0.156172
1305031933.732901 2.140005 -0.225818 -0.440200 0.144468 0.846369 0.493540 0.138587
1305031933.768934 2.134877 -0.227726 -0.436867 0.144815 0.846402 0.497542 0.122818
1305031933.800879 2.129556 -0.229356 -0.431604 0.143936 0.847032 0.500196 0.107807
1305031933.833132 2.122203 -0.231700 -0.421990 0.142357 0.847069 0.503364 0.093990
1305031933.868855 2.119324 -0.230823 -0.416848 0.140496 0.846083 0.507822 0.080758
1305031933.900942 2.114560 -0.230205 -0.410843 0.138642 0.844775 0.512204 0.069141
1305031933.932925 2.107111 -0.235696 -0.402728 0.136462 0.843207 0.516449 0.060503
1305031933.968843 2.101906 -0.236924 -0.395058 0.134874 0.841361 0.520793 0.051911
1305031934.000841 2.097726 -0.236652 -0.388839 0.133032 0.839402 0.524998 0.045651
1305031934.033000 2.088525 -0.235671 -0.381312 0.131445 0.837354 0.529025 0.041139
1305031934.068946 2.078813 -0.236292 -0.373339 0.129442 0.835526 0.532763 0.036128
1305031934.100917 2.070544 -0.234762 -0.364639 0.126881 0.833842 0.536396 0.029803
1305031934.132845 2.062068 -0.234034 -0.357081 0.124506 0.831751 0.540556 0.022064
1305031934.169177 2.053087 -0.235226 -0.349451 0.121974 0.830183 0.543775 0.015059
1305031934.200808 2.042794 -0.234982 -0.339871 0.119216 0.828533 0.547031 0.008872
1305031934.232870 2.033794 -0.236547 -0.332885 0.117474 0.826273 0.550882 0.001142
1305031934.269296 2.024867 -0.240396 -0.326541 0.117012 0.824439 0.553698 -0.005101
1305031934.300934 2.016174 -0.244461 -0.317392 0.115897 0.822611 0.556598 -0.008791
1305031934.336871 2.005271 -0.246266 -0.312109 0.115309 0.819523 0.561244 -0.009570
1305031934.368906 1.995628 -0.249659 -0.307830 0.114315 0.817904 0.563813 -0.008933
1305031934.400928 1.984580 -0.252358 -0.302401 0.112694 0.816725 0.565888 -0.005616
1305031934.436865 1.972991 -0.254736 -0.299443 0.109852 0.816423 0.566909 -0.000620
1305031934.469287 1.960202 -0.257100 -0.294040 0.103820 0.818791 0.564587 0.006649
1305031934.501241 1.945087 -0.257796 -0.286671 0.095346 0.820593 0.563353 0.013056
1305031934.536876 1.930442 -0.260831 -0.285227 0.089172 0.821032 0.563649 0.015927
1305031934.569101 1.917053 -0.264548 -0.280744 0.085396 0.822989 0.561342 0.017086
1305031934.600850 1.903845 -0.268243 -0.275071 0.081785 0.824288 0.559929 0.018454
1305031934.637030 1.891723 -0.272433 -0.274339 0.079318 0.823939 0.560658 0.022247
1305031934.668984 1.876600 -0.274028 -0.271254 0.076044 0.826433 0.557152 0.028405
1305031934.700945 1.862429 -0.278109 -0.266737 0.071363 0.828306 0.554755 0.032605
1305031934.736903 1.847537 -0.283162 -0.266500 0.068169 0.828895 0.553925 0.038127
1305031934.769124 1.831624 -0.284350 -0.263500 0.063677 0.831178 0.550403 0.046322
1305031934.801627 1.815903 -0.286009 -0.260864 0.059636 0.832611 0.548099 0.052823
1305031934.836769 1.798760 -0.288795 -0.260404 0.056842 0.833885 0.545724 0.059917
1305031934.869115 1.782102 -0.291253 -0.257746 0.052299 0.836409 0.541338 0.068098
1305031934.901010 1.763673 -0.293353 -0.257753 0.049080 0.837897 0.538030 0.077735
1305031934.937234 1.746003 -0.295077 -0.257607 0.045328 0.841000 0.532013 0.087330
1305031934.969077 1.727497 -0.298771 -0.258270 0.040132 0.844795 0.524831 0.096244
1305031935.001270 1.710003 -0.301845 -0.257366 0.034875 0.849312 0.516269 0.104497
1305031935.036852 1.691730 -0.304188 -0.259466 0.033615 0.852474 0.509816 0.110662
1305031935.069722 1.674391 -0.307447 -0.260404 0.034788 0.855900 0.502606 0.116670
1305031935.100912 1.657178 -0.308364 -0.258737 0.035123 0.858548 0.496870 0.121581
1305031935.136853 1.640373 -0.309405 -0.262577 0.034451 0.859462 0.494645 0.124356
1305031935.169281 1.624707 -0.310303 -0.267215 0.035339 0.860994 0.491193 0.127159
1305031935.200951 1.610266 -0.310483 -0.268291 0.038867 0.862516 0.487764 0.129000
1305031935.237095 1.596389 -0.310350 -0.271533 0.044421 0.862340 0.486990 0.131293
1305031935.268965 1.582006 -0.310218 -0.276805 0.049498 0.861763 0.486715 0.134252
1305031935.300805 1.565288 -0.308298 -0.280261 0.052859 0.861817 0.485885 0.135620
1305031935.336810 1.551563 -0.309320 -0.286938 0.055452 0.861881 0.486334 0.132536
1305031935.368827 1.536671 -0.309205 -0.290272 0.060080 0.862149 0.486751 0.127132
1305031935.400848 1.523836 -0.308742 -0.296632 0.066054 0.861955 0.488455 0.118668
1305031935.436887 1.511168 -0.308511 -0.302976 0.073279 0.861642 0.489985 0.110081
1305031935.468890 1.497366 -0.309687 -0.311335 0.080039 0.861282 0.491086 0.103063
1305031935.500863 1.484370 -0.310895 -0.321706 0.085373 0.862582 0.489455 0.095381
1305031935.536900 1.471805 -0.312988 -0.330292 0.090800 0.864942 0.485690 0.087958
1305031935.568783 1.456592 -0.317047 -0.340029 0.095812 0.867838 0.480948 0.079784
1305031935.600963 1.440198 -0.325478 -0.347752 0.098323 0.872013 0.474530 0.068906
1305031935.636916 1.424466 -0.333437 -0.357613 0.099230 0.877732 0.465385 0.056181
1305031935.669100 1.409575 -0.337549 -0.364761 0.097520 0.885339 0.452714 0.041418
1305031935.700948 1.393197 -0.345016 -0.369365 0.091007 0.892923 0.440140 0.026144
1305031935.736900 1.370567 -0.366501 -0.368804 0.082193 0.900090 0.427775 0.009557
1305031935.768974 1.359675 -0.372861 -0.371665 0.071026 0.907103 0.414727 -0.010985
1305031935.801178 1.351196 -0.376586 -0.375143 0.061971 0.912170 0.403957 -0.030395
1305031935.836877 1.343230 -0.377423 -0.380752 0.056131 0.915909 0.394729 -0.046353
1305031935.869025 1.335579 -0.383484 -0.387696 0.052074 0.918593 0.387128 -0.060057
1305031935.901144 1.332307 -0.388588 -0.387553 0.047395 0.921384 0.379072 -0.071477
1305031935.936825 1.321174 -0.391483 -0.398439 0.042462 0.924329 0.370705 -0.079939
1305031935.969109 1.313988 -0.393794 -0.406265 0.035714 0.927697 0.361496 -0.086158
1305031936.000820 1.303654 -0.396762 -0.413539 0.029538 0.930928 0.352387 -0.091232
1305031936.036965 1.298770 -0.394630 -0.416371 0.022646 0.934221 0.342405 -0.097345
1305031936.068809 1.292401 -0.394455 -0.418844 0.017660 0.936526 0.334291 -0.104193
1305031936.100718 1.285277 -0.392919 -0.423429 0.013949 0.938319 0.326663 -0.112490
1305031936.137490 1.281736 -0.392804 -0.424935 0.011875 0.939763 0.319188 -0.121752
1305031936.168897 1.276931 -0.390888 -0.427849 0.012125 0.940267 0.314513 -0.129742
1305031936.200867 1.266996 -0.390133 -0.437763 0.013069 0.940830 0.309330 -0.137780
1305031936.237546 1.259155 -0.391690 -0.442926 0.013249 0.942009 0.302136 -0.145453
1305031936.268981 1.254436 -0.392412 -0.442894 0.013459 0.942937 0.295093 -0.153652
1305031936.300816 1.246467 -0.389268 -0.448175 0.017695 0.943743 0.287259 -0.162844
1305031936.336863 1.239291 -0.386545 -0.450600 0.025129 0.944758 0.278216 -0.171456
1305031936.368927 1.230836 -0.386170 -0.450759 0.031934 0.945319 0.270897 -0.178795
1305031936.400840 1.220546 -0.385401 -0.453014 0.037401 0.945410 0.264303 -0.186934
1305031936.436777 1.210511 -0.385061 -0.456088 0.040969 0.945517 0.258732 -0.193332
1305031936.468789 1.200180 -0.383671 -0.460074 0.044529 0.945680 0.253235 -0.198945
1305031936.500753 1.190291 -0.382168 -0.462284 0.047957 0.946189 0.247072 -0.203426
1305031936.536847 1.183506 -0.381487 -0.464337 0.049897 0.946630 0.242175 -0.206769
1305031936.569452 1.179623 -0.382258 -0.469351 0.053839 0.946782 0.238365 -0.209495
1305031936.600821 1.173153 -0.378440 -0.470148 0.058422 0.947424 0.233920 -0.210371
1305031936.636879 1.165254 -0.370977 -0.468402 0.059765 0.948025 0.231056 -0.210452
1305031936.668885 1.148795 -0.362115 -0.468784 0.059230 0.948437 0.228457 -0.211581
1305031936.700881 1.143957 -0.358953 -0.469786 0.059535 0.947985 0.225226 -0.216919
1305031936.737504 1.154855 -0.354517 -0.471693 0.061598 0.946615 0.224739 -0.222750
1305031936.768825 1.141261 -0.345715 -0.473957 0.062280 0.946074 0.227922 -0.221624
1305031936.800856 1.136789 -0.342178 -0.475452 0.067140 0.944602 0.231225 -0.223057
1305031936.836845 1.132031 -0.336277 -0.475387 0.074327 0.942898 0.236799 -0.222138
1305031936.868891 1.119086 -0.326810 -0.475910 0.079183 0.941003 0.246649 -0.217734
1305031936.900833 1.107400 -0.319672 -0.478004 0.085272 0.938828 0.257604 -0.212065
1305031936.936914 1.096799 -0.307572 -0.477904 0.086327 0.936549 0.270976 -0.204928
1305031936.968821 1.083458 -0.296118 -0.479833 0.089277 0.933213 0.285774 -0.198686
1305031937.001118 1.067089 -0.289866 -0.483397 0.094960 0.930117 0.298048 -0.192437
1305031937.036874 1.055124 -0.283979 -0.484218 0.100185 0.927422 0.309833 -0.183998
1305031937.068765 1.043055 -0.278188 -0.488016 0.108201 0.923520 0.324385 -0.173719
1305031937.100716 1.034753 -0.264045 -0.486945 0.112061 0.921343 0.334104 -0.164147
1305031937.136838 1.031889 -0.250422 -0.484286 0.112417 0.918776 0.344184 -0.157324
1305031937.168856 1.021410 -0.239010 -0.484395 0.117271 0.914498 0.356192 -0.151884
1305031937.200813 1.010827 -0.232868 -0.486844 0.123791 0.909435 0.369255 -0.145790
1305031937.236893 1.004432 -0.228141 -0.488107 0.132072 0.903734 0.382553 -0.139550
1305031937.268821 0.999080 -0.211654 -0.483934 0.136679 0.898829 0.394331 -0.133900
1305031937.300783 0.990977 -0.205629 -0.484942 0.144972 0.892384 0.407232 -0.129598
1305031937.336862 0.986446 -0.189509 -0.481475 0.149329 0.887231 0.418348 -0.124529
1305031937.368734 0.984404 -0.171187 -0.474107 0.149469 0.882920 0.427642 -0.123425
1305031937.400796 0.979422 -0.163760 -0.473060 0.152454 0.877097 0.438179 -0.124328
1305031937.438211 0.972457 -0.159575 -0.476514 0.156006 0.870343 0.450788 -0.122293
1305031937.468824 0.968394 -0.151681 -0.474851 0.157494 0.864748 0.461962 -0.118313
1305031937.500797 0.965921 -0.140755 -0.471488 0.157443 0.858580 0.474360 -0.114169
1305031937.536931 0.963623 -0.131510 -0.470936 0.158931 0.850511 0.488832 -0.111427
1305031937.568829 0.961074 -0.123057 -0.469380 0.162856 0.842015 0.502456 -0.109665
1305031937.600746 0.960763 -0.107767 -0.460175 0.162494 0.835354 0.514125 -0.107026
1305031937.636891 0.958115 -0.094515 -0.454271 0.161644 0.828910 0.524747 -0.106865
1305031937.668803 0.956601 -0.081131 -0.445723 0.161737 0.821542 0.535930 -0.108116
1305031937.700837 0.954667 -0.066549 -0.437128 0.160652 0.815736 0.544571 -0.110496
1305031937.736899 0.949236 -0.058882 -0.436194 0.161902 0.808726 0.554118 -0.112704
1305031937.768919 0.949432 -0.046343 -0.426316 0.159713 0.804320 0.560769 -0.114455
1305031937.800834 0.948310 -0.034061 -0.415080 0.155672 0.801875 0.564704 -0.117775
1305031937.836877 0.947367 -0.032844 -0.419113 0.154651 0.795444 0.572712 -0.123907
1305031937.868807 0.948246 -0.024803 -0.414869 0.152973 0.790293 0.578725 -0.130822
1305031937.900823 0.944923 -0.015877 -0.410312 0.152206 0.785374 0.583616 -0.139329
1305031937.936960 0.945056 -0.012318 -0.411716 0.151636 0.777650 0.591141 -0.151061
1305031937.968830 0.942264 -0.000458 -0.406178 0.150596 0.771700 0.595937 -0.163273
1305031938.000822 0.932072 0.006873 -0.403874 0.150962 0.765334 0.601084 -0.173702
1305031938.036945 0.924085 0.019096 -0.400402 0.150857 0.759387 0.605376 -0.184644
1305031938.068761 0.916751 0.025919 -0.398412 0.150227 0.754402 0.608071 -0.196366
1305031938.100744 0.916159 0.022961 -0.399788 0.149081 0.747162 0.613130 -0.208797
1305031938.136885 0.912064 0.029908 -0.397461 0.149331 0.739488 0.617507 -0.222582
1305031938.168914 0.903094 0.028578 -0.392728 0.154960 0.730950 0.621632 -0.235102
1305031938.200883 0.899953 0.030327 -0.394253 0.159640 0.720539 0.627626 -0.247837
1305031938.236878 0.895692 0.037926 -0.389366 0.162030 0.712840 0.630675 -0.260489
1305031938.268809 0.894676 0.042941 -0.382497 0.163730 0.706186 0.631226 -0.275766
1305031938.300837 0.889802 0.047989 -0.377275 0.163045 0.701574 0.630455 -0.289374
1305031938.336900 0.885147 0.051715 -0.376592 0.160385 0.696433 0.630699 -0.302451
1305031938.368914 0.878307 0.056615 -0.376722 0.158968 0.691528 0.630587 -0.314449
1305031938.400842 0.874658 0.059842 -0.371254 0.155297 0.688859 0.628878 -0.325374
1305031938.436889 0.881469 0.064507 -0.377341 0.148889 0.685091 0.625999 -0.341477
1305031938.468781 0.869234 0.057619 -0.375289 0.146318 0.682537 0.623741 -0.351684
1305031938.501288 0.856829 0.059577 -0.376940 0.143412 0.679950 0.623003 -0.359121
1305031938.537028 0.850039 0.062219 -0.381148 0.136670 0.679259 0.619292 -0.369330
1305031938.568999 0.840763 0.059288 -0.391288 0.128492 0.678182 0.616044 -0.379537
1305031938.601007 0.838742 0.057185 -0.391278 0.119086 0.679599 0.610964 -0.388183
1305031938.637299 0.829950 0.056864 -0.406708 0.110141 0.678694 0.606716 -0.398922
1305031938.668747 0.819511 0.049513 -0.409500 0.102173 0.681818 0.599809 -0.406095
1305031938.700851 0.810603 0.039249 -0.413219 0.092598 0.685177 0.593668 -0.411724
1305031938.736859 0.793082 0.032178 -0.419518 0.082052 0.689065 0.585982 -0.418428
1305031938.769073 0.788451 0.024593 -0.428170 0.069579 0.691888 0.578531 -0.426324
1305031938.800781 0.781000 0.016520 -0.439870 0.055162 0.695363 0.570885 -0.433033
1305031938.836754 0.783042 0.008818 -0.436894 0.039670 0.701635 0.558618 -0.440546
1305031938.869057 0.776641 -0.004548 -0.448587 0.025386 0.704704 0.550564 -0.446797
1305031938.900976 0.768197 -0.015899 -0.458834 0.011795 0.707264 0.541917 -0.453833
1305031938.936828 0.771437 -0.020883 -0.457324 -0.000033 0.712066 0.527390 -0.463488
1305031938.969026 0.765651 -0.033670 -0.463830 -0.005987 0.715420 0.516277 -0.470740
1305031939.001030 0.762870 -0.043944 -0.469539 -0.012766 0.718807 0.506199 -0.476357
1305031939.037090 0.763417 -0.052478 -0.473207 -0.019611 0.722227 0.496414 -0.481225
1305031939.069377 0.762020 -0.063310 -0.477280 -0.024774 0.725986 0.485941 -0.485996
1305031939.101368 0.764258 -0.070881 -0.474808 -0.030583 0.731459 0.473372 -0.489848
1305031939.137143 0.763190 -0.081487 -0.477089 -0.036459 0.736117 0.461403 -0.493872
1305031939.168815 0.763144 -0.092490 -0.479898 -0.042995 0.741716 0.448676 -0.496688
1305031939.200865 0.765204 -0.101160 -0.485250 0.048958 -0.746191 -0.436025 0.500683
1305031939.237165 0.762844 -0.114186 -0.486651 0.055361 -0.751949 -0.423393 0.502242
1305031939.268824 0.763568 -0.124955 -0.491596 0.062362 -0.756157 -0.411935 0.504626
1305031939.300842 0.764699 -0.135549 -0.497703 0.072598 -0.760542 -0.398468 0.507472
1305031939.336729 0.766089 -0.144896 -0.494519 0.083140 -0.766972 -0.382303 0.508612
1305031939.368966 0.767911 -0.154918 -0.498710 0.095993 -0.772947 -0.363849 0.510834
1305031939.400848 0.772572 -0.155497 -0.496011 0.108235 -0.779338 -0.344133 0.512337
1305031939.436845 0.774577 -0.161398 -0.498515 0.115765 -0.783873 -0.329926 0.513117
1305031939.468851 0.781727 -0.164776 -0.497626 0.120920 -0.787921 -0.317267 0.513713
1305031939.500839 0.785925 -0.171681 -0.494361 0.123827 -0.792168 -0.308412 0.511877
1305031939.536755 0.787685 -0.183514 -0.496944 0.127589 -0.794256 -0.301788 0.511666
1305031939.568772 0.791048 -0.189221 -0.494648 0.132360 -0.795930 -0.292398 0.513303
1305031939.600838 0.792909 -0.202557 -0.495545 0.132379 -0.796614 -0.286937 0.515313
1305031939.636792 0.795837 -0.208847 -0.493659 0.134005 -0.796993 -0.280541 0.517824
1305031939.668867 0.798986 -0.215829 -0.489253 0.132566 -0.797725 -0.274956 0.520058
1305031939.700830 0.803470 -0.221179 -0.483310 0.131153 -0.797302 -0.271398 0.522926
1305031939.736750 0.802780 -0.227049 -0.481525 0.128684 -0.795083 -0.268785 0.528241
1305031939.768919 0.803935 -0.234791 -0.476234 0.126327 -0.792943 -0.266327 0.533248
1305031939.803671 0.807263 -0.239464 -0.472678 0.125219 -0.788282 -0.264428 0.541304
1305031939.837145 0.805569 -0.244235 -0.468388 0.123302 -0.782122 -0.262705 0.551424
1305031939.869215 0.802682 -0.248782 -0.460517 0.121774 -0.776131 -0.260240 0.561308
1305031939.903633 0.803753 -0.253075 -0.452372 0.119751 -0.769419 -0.258641 0.571628
1305031939.937192 0.810712 -0.253043 -0.453619 0.118640 -0.758429 -0.260889 0.585361
1305031939.968904 0.808007 -0.256567 -0.448717 0.113276 -0.748264 -0.266859 0.596704
1305031940.005582 0.800321 -0.252268 -0.444925 0.109695 -0.736582 -0.271904 0.609494
1305031940.037088 0.791813 -0.255956 -0.445086 0.105682 -0.723746 -0.278455 0.622484
1305031940.068783 0.785886 -0.247060 -0.441736 0.109278 -0.711435 -0.281114 0.634740
1305031940.104265 0.775031 -0.241864 -0.442822 0.112167 -0.698485 -0.282477 0.647877
1305031940.136746 0.767835 -0.239635 -0.443300 0.116171 -0.687234 -0.282676 0.659021
1305031940.168737 0.759426 -0.235934 -0.442926 0.119700 -0.677217 -0.281025 0.669383
1305031940.200829 0.758117 -0.231786 -0.444273 0.120068 -0.668844 -0.277916 0.678966
1305031940.236742 0.749915 -0.229328 -0.442446 0.116910 -0.661690 -0.275333 0.687525
1305031940.269041 0.740226 -0.230830 -0.439518 0.113007 -0.653712 -0.274150 0.696227
1305031940.301146 0.730012 -0.230735 -0.442144 0.108639 -0.642471 -0.272058 0.708105
1305031940.336732 0.727533 -0.231975 -0.443282 0.106286 -0.628813 -0.270264 0.721287
1305031940.369236 0.727153 -0.232512 -0.442198 0.100035 -0.612639 -0.270096 0.736013
1305031940.403665 0.717055 -0.230150 -0.443128 0.092437 -0.594450 -0.269178 0.752083
1305031940.436756 0.706685 -0.223904 -0.443320 0.085159 -0.576863 -0.265749 0.767694
1305031940.468746 0.713924 -0.203252 -0.429523 0.077992 -0.565126 -0.253075 0.781347
1305031940.503804 0.694642 -0.194295 -0.428519 0.072619 -0.550809 -0.250440 0.792853
1305031940.536724 0.691607 -0.185723 -0.423674 0.069265 -0.540334 -0.246420 0.801573
1305031940.568758 0.690913 -0.179408 -0.419271 0.064856 -0.530879 -0.244523 0.808807
1305031940.603364 0.669276 -0.174868 -0.424802 0.062892 -0.518495 -0.246460 0.816373
1305031940.636761 0.663107 -0.171460 -0.424373 0.063872 -0.507690 -0.243657 0.823895
1305031940.668762 0.666429 -0.170491 -0.417504 0.063511 -0.497536 -0.241835 0.830626
1305031940.703222 0.655174 -0.166726 -0.416905 0.064139 -0.486428 -0.243862 0.836544
1305031940.736947 0.649972 -0.162832 -0.413215 0.064713 -0.476487 -0.243976 0.842169
1305031940.768772 0.645921 -0.159834 -0.407220 0.063541 -0.467788 -0.243483 0.847262
1305031940.803047 0.639719 -0.155125 -0.403303 0.061523 -0.458522 -0.244220 0.852249
1305031940.836755 0.633346 -0.150847 -0.397338 0.059945 -0.450093 -0.246435 0.856208
1305031940.869689 0.626945 -0.145964 -0.389635 0.057422 -0.442045 -0.250539 0.859377
1305031940.903305 0.617894 -0.143253 -0.385687 0.053070 -0.432247 -0.257023 0.862720
1305031940.937034 0.607353 -0.137740 -0.378882 0.049715 -0.422952 -0.262249 0.865948
1305031940.968758 0.596587 -0.132578 -0.370014 0.046260 -0.413840 -0.267259 0.869005
1305031941.003160 0.582032 -0.128741 -0.367427 0.042615 -0.403712 -0.271794 0.872541
1305031941.036777 0.569281 -0.124232 -0.360701 0.041258 -0.396227 -0.276841 0.874449
1305031941.071057 0.556711 -0.118876 -0.354548 0.038926 -0.389811 -0.280514 0.876267
1305031941.103422 0.543054 -0.114367 -0.344459 0.036414 -0.384236 -0.283998 0.877714
1305031941.136774 0.529982 -0.110651 -0.333747 0.034072 -0.377956 -0.286154 0.879832
1305031941.171144 0.515962 -0.106361 -0.322896 0.030725 -0.371133 -0.284351 0.883437
1305031941.203508 0.500471 -0.106401 -0.309606 0.028650 -0.364873 -0.281200 0.887115
1305031941.236705 0.486886 -0.103214 -0.300779 0.028217 -0.356318 -0.278656 0.891399
1305031941.271129 0.472760 -0.100782 -0.292961 0.026780 -0.347240 -0.274644 0.896258
1305031941.303362 0.457253 -0.101098 -0.277510 0.026173 -0.338795 -0.269728 0.900988
1305031941.336734 0.442016 -0.100871 -0.276609 0.024839 -0.326899 -0.262393 0.907563
1305031941.371607 0.429339 -0.097158 -0.273543 0.021403 -0.318005 -0.253523 0.913313
1305031941.403845 0.415860 -0.096342 -0.269649 0.013634 -0.310781 -0.243130 0.918758
1305031941.436799 0.399608 -0.100885 -0.260619 0.002852 -0.304575 -0.229443 0.924436
1305031941.469611 0.386797 -0.101652 -0.253511 -0.005833 -0.300813 -0.212392 0.929713
1305031941.501458 0.376370 -0.097148 -0.242138 -0.011514 -0.297312 -0.201442 0.933217
1305031941.537220 0.364712 -0.102828 -0.231800 -0.016952 -0.290615 -0.194569 0.936696
1305031941.570287 0.354843 -0.104644 -0.224027 -0.018194 -0.280070 -0.189095 0.940996
1305031941.603047 0.346768 -0.102151 -0.222107 -0.019676 -0.266132 -0.183937 0.946020
1305031941.636822 0.334844 -0.097565 -0.215303 -0.022862 -0.251077 -0.181984 0.950431
1305031941.671554 0.320649 -0.098531 -0.204952 -0.028241 -0.237474 -0.176050 0.954890
1305031941.703763 0.309502 -0.101746 -0.202346 -0.029666 -0.226702 -0.169210 0.958694
1305031941.736866 0.299829 -0.097986 -0.201121 -0.027756 -0.217278 -0.167040 0.961310
1305031941.768815 0.285426 -0.095404 -0.196388 -0.028093 -0.207574 -0.167457 0.963370
1305031941.800820 0.270545 -0.093603 -0.188770 -0.026948 -0.199863 -0.169502 0.964675
1305031941.836848 0.254425 -0.091197 -0.183852 -0.023885 -0.192754 -0.170968 0.965943
1305031941.871813 0.240455 -0.085333 -0.179200 -0.019874 -0.187257 -0.171686 0.966987
1305031941.902976 0.223605 -0.085523 -0.175253 -0.015196 -0.182374 -0.170678 0.968183
1305031941.936760 0.210429 -0.077526 -0.171508 -0.006621 -0.178425 -0.169312 0.969254
1305031941.971057 0.195762 -0.073335 -0.167042 -0.000404 -0.174383 -0.166280 0.970537
1305031942.003141 0.180992 -0.066967 -0.166306 0.007078 -0.170381 -0.162864 0.971800
1305031942.036729 0.163485 -0.062976 -0.165200 0.011776 -0.168455 -0.160890 0.972419
1305031942.071082 0.149182 -0.051568 -0.166906 0.018364 -0.169616 -0.160094 0.972246
1305031942.100691 0.141256 -0.036497 -0.160641 0.016465 -0.169655 -0.163332 0.971735
1305031942.136758 0.128409 -0.031406 -0.154355 0.009664 -0.166987 -0.167883 0.971513
1305031942.170749 0.121402 -0.030087 -0.145222 0.008451 -0.166816 -0.169139 0.971336
1305031942.203108 0.108765 -0.019464 -0.144064 0.005577 -0.162148 -0.172089 0.971629
1305031942.238994 0.099182 -0.014025 -0.133367 0.002232 -0.158746 -0.175489 0.971596
1305031942.271105 0.084961 -0.004448 -0.135118 0.000351 -0.151523 -0.176763 0.972520
1305031942.303257 0.074515 0.002920 -0.130569 -0.009260 -0.146891 -0.176132 0.973301
1305031942.337047 0.066414 0.007754 -0.123882 -0.016158 -0.144778 -0.175579 0.973627
1305031942.370761 0.053336 0.013617 -0.121011 -0.025232 -0.141445 -0.173748 0.974253
1305031942.402939 0.048163 0.016327 -0.106736 -0.033315 -0.144241 -0.175270 0.973327
1305031942.439262 0.042760 0.008415 -0.071433 -0.037553 -0.148932 -0.179687 0.971659
1305031942.471958 0.035795 0.010930 -0.066390 -0.034538 -0.149872 -0.181198 0.971346
1305031942.503553 0.027776 0.014835 -0.065972 -0.034617 -0.148886 -0.180285 0.971664
1305031942.539453 0.018215 0.012465 -0.054013 -0.035991 -0.151113 -0.179651 0.971388
1305031942.571867 0.011857 0.014406 -0.051671 -0.033791 -0.154976 -0.180900 0.970627
1305031942.601448 0.005405 0.016490 -0.045504 -0.033159 -0.159346 -0.181960 0.969742
1305031942.639942 -0.000814 0.017376 -0.041634 -0.033126 -0.163067 -0.184222 0.968697
1305031942.669006 -0.005194 0.022274 -0.045731 -0.035142 -0.166954 -0.188426 0.967154
1305031942.704015 -0.009969 0.023603 -0.034067 -0.039058 -0.172250 -0.194236 0.964923
1305031942.739812 -0.019090 0.021987 -0.027014 -0.042989 -0.172707 -0.199452 0.963610
1305031942.771708 -0.019714 0.022364 -0.011620 -0.045906 -0.176206 -0.200995 0.962520
1305031942.801557 -0.022751 0.022116 -0.000458 -0.045912 -0.176822 -0.203895 0.961797
1305031942.841042 -0.031070 0.019082 0.004215 -0.048486 -0.175406 -0.205945 0.961493
1305031942.868828 -0.039895 0.018770 0.011571 -0.050635 -0.177376 -0.207269 0.960736
1305031942.903960 -0.045596 0.015850 0.015986 -0.053623 -0.180193 -0.209530 0.959558
1305031942.936816 -0.048881 0.016640 0.028622 -0.055535 -0.184186 -0.210918 0.958387
1305031942.970936 -0.049250 0.011448 0.038860 -0.055572 -0.186733 -0.213284 0.957367
1305031943.001103 -0.056002 0.013146 0.044944 -0.054280 -0.186659 -0.214864 0.957103
1305031943.039961 -0.058854 0.009179 0.051213 -0.052098 -0.191898 -0.218360 0.955395
1305031943.071743 -0.061750 -0.001485 0.057319 -0.054747 -0.196507 -0.221847 0.953505
1305031943.104177 -0.065952 -0.003045 0.065943 -0.055390 -0.198986 -0.223752 0.952508
1305031943.139521 -0.066266 -0.009246 0.075198 -0.055374 -0.201644 -0.222948 0.952138
1305031943.171912 -0.068008 -0.016068 0.082862 -0.055925 -0.202834 -0.220562 0.952409
1305031943.201564 -0.067620 -0.024817 0.093492 -0.056010 -0.204991 -0.219310 0.952231
1305031943.240004 -0.069300 -0.038732 0.102416 -0.057085 -0.205886 -0.218682 0.952119
1305031943.271805 -0.069368 -0.042219 0.109105 -0.053851 -0.206597 -0.215634 0.952848
1305031943.303965 -0.072362 -0.058857 0.115018 -0.051864 -0.208827 -0.214360 0.952760
1305031943.339941 -0.071706 -0.073503 0.122610 -0.046053 -0.212799 -0.213258 0.952427
1305031943.371774 -0.071905 -0.087509 0.128043 -0.040046 -0.215665 -0.211317 0.952486
1305031943.404245 -0.071301 -0.104470 0.134665 -0.035410 -0.219000 -0.207793 0.952684
1305031943.440153 -0.072460 -0.119598 0.138735 -0.028519 -0.221514 -0.205852 0.952756
1305031943.471431 -0.071884 -0.134144 0.140960 -0.021312 -0.223063 -0.205644 0.952628
1305031943.501108 -0.073250 -0.146912 0.142935 -0.017200 -0.222723 -0.203952 0.953154
1305031943.539525 -0.070371 -0.162807 0.147813 -0.011052 -0.224756 -0.201860 0.953213
1305031943.570021 -0.069793 -0.174384 0.147796 -0.005924 -0.224375 -0.199790 0.953784
1305031943.607467 -0.069979 -0.180023 0.145417 -0.002445 -0.222449 -0.198230 0.954576
1305031943.638026 -0.067479 -0.190921 0.147329 -0.003277 -0.220998 -0.198556 0.954843
1305031943.671504 -0.066359 -0.210099 0.151971 -0.002483 -0.220329 -0.197974 0.955121
1305031943.707251 -0.069133 -0.230635 0.150739 0.004456 -0.220145 -0.197265 0.955303
1305031943.739428 -0.069491 -0.233363 0.146485 0.018688 -0.219786 -0.197474 0.955170
1305031943.771329 -0.050058 -0.207356 0.165773 0.039565 -0.226535 -0.196255 0.953205
1305031943.806822 -0.050146 -0.212350 0.164229 0.047916 -0.227924 -0.198437 0.952039
1305031943.837754 -0.052166 -0.226965 0.162357 0.050465 -0.229518 -0.199813 0.951236
1305031943.868873 -0.053183 -0.240950 0.161390 0.057442 -0.233728 -0.201293 0.949501
1305031943.907218 -0.053211 -0.243942 0.160202 0.069368 -0.237643 -0.201624 0.947661
1305031943.936768 -0.058584 -0.261558 0.156157 0.073919 -0.241837 -0.200793 0.946432
1305031943.971278 -0.054959 -0.260646 0.156846 0.092409 -0.247667 -0.199496 0.943569
1305031944.007760 -0.055664 -0.276279 0.156718 0.098272 -0.247701 -0.195418 0.943821
1305031944.040486 -0.055614 -0.283701 0.155248 0.108601 -0.243858 -0.188961 0.945004
1305031944.070886 -0.054260 -0.298447 0.154038 0.117633 -0.238706 -0.183420 0.946329
1305031944.107390 -0.048004 -0.307938 0.149520 0.126624 -0.233621 -0.176665 0.947722
1305031944.139656 -0.048778 -0.307708 0.146252 0.136702 -0.228159 -0.167450 0.949324
1305031944.171370 -0.046895 -0.310454 0.144305 0.143748 -0.225089 -0.160604 0.950199
1305031944.206998 -0.045234 -0.304590 0.141455 0.151315 -0.221726 -0.153896 0.950925
1305031944.239334 -0.042278 -0.304056 0.138604 0.154993 -0.219646 -0.149140 0.951573
1305031944.270963 -0.035924 -0.302986 0.136519 0.158385 -0.216289 -0.144106 0.952558
1305031944.306934 -0.032382 -0.304872 0.132997 0.160249 -0.210415 -0.137473 0.954540
1305031944.339308 -0.025088 -0.304700 0.128918 0.162791 -0.203766 -0.131329 0.956416
1305031944.370745 -0.022641 -0.300841 0.123906 0.164328 -0.194968 -0.123189 0.959066
1305031944.406233 -0.018357 -0.297170 0.120107 0.164416 -0.185984 -0.112766 0.962113
1305031944.438724 -0.002907 -0.290556 0.116924 0.162391 -0.176550 -0.102029 0.965427
1305031944.471304 -0.002036 -0.298561 0.113344 0.155146 -0.160636 -0.088912 0.970680
1305031944.506947 0.010052 -0.302062 0.109625 0.153797 -0.146916 -0.079518 0.973878
1305031944.539069 0.016133 -0.296527 0.100004 0.151708 -0.131450 -0.072420 0.976965
1305031944.571530 0.017480 -0.293219 0.096868 0.147898 -0.118165 -0.065713 0.979717
1305031944.607229 0.021361 -0.295896 0.083431 0.139540 -0.106568 -0.062036 0.982509
1305031944.639625 0.027366 -0.295164 0.080129 0.132153 -0.095307 -0.059337 0.984851
1305031944.671779 0.037701 -0.291878 0.076674 0.125157 -0.083748 -0.058395 0.986870
1305031944.707774 0.046842 -0.288731 0.077017 0.115319 -0.068797 -0.056477 0.989332
1305031944.739941 0.047396 -0.300858 0.071659 0.105314 -0.052068 -0.051073 0.991761
1305031944.769058 0.051538 -0.298087 0.068537 0.103563 -0.036807 -0.047973 0.992783
1305031944.807919 0.052282 -0.296956 0.064727 0.099236 -0.023710 -0.046703 0.993685
1305031944.839956 0.050582 -0.295340 0.062233 0.092996 -0.012971 -0.044039 0.994607
1305031944.875719 0.059998 -0.297668 0.062628 0.086610 -0.007129 -0.039779 0.995422
1305031944.904670 0.066016 -0.297549 0.061278 0.083335 0.000458 -0.037657 0.995810
1305031944.939702 0.071281 -0.298799 0.058987 0.077923 0.009372 -0.036893 0.996232
1305031944.969076 0.071642 -0.312625 0.061137 0.074225 0.019166 -0.032151 0.996539
1305031945.007437 0.072488 -0.322555 0.058116 0.084149 0.025912 -0.022815 0.995855
1305031945.039937 0.075988 -0.324063 0.055971 0.104597 0.029654 -0.015995 0.993944
1305031945.069177 0.076321 -0.325046 0.052387 0.121887 0.030421 -0.010311 0.992024
1305031945.107523 0.075311 -0.327683 0.047984 0.141286 0.029557 -0.006078 0.989509
1305031945.136772 0.083169 -0.330683 0.045147 0.162928 0.026081 -0.005529 0.986278
1305031945.168992 0.088647 -0.335159 0.040445 0.179888 0.022070 -0.004365 0.983430
1305031945.207107 0.098693 -0.330144 0.042585 0.199551 0.018667 -0.009374 0.979665
1305031945.238859 0.106868 -0.331195 0.039891 0.209082 0.021879 -0.016871 0.977508
1305031945.269070 0.112207 -0.332874 0.037792 0.214746 0.026189 -0.020114 0.976112
1305031945.306358 0.113453 -0.340224 0.035585 0.221297 0.027938 -0.019542 0.974610
1305031945.338940 0.121218 -0.344202 0.032511 0.232581 0.024085 -0.017132 0.972128
1305031945.369056 0.127793 -0.345403 0.030268 0.240239 0.018579 -0.015372 0.970414
1305031945.406657 0.133591 -0.349853 0.027880 0.248886 0.011650 -0.014199 0.968359
1305031945.436818 0.146501 -0.354956 0.023795 0.262485 0.003792 -0.016894 0.964781
1305031945.469167 0.159530 -0.349066 0.024269 0.274218 -0.000050 -0.021450 0.961428
1305031945.506438 0.172081 -0.351623 0.021270 0.278671 -0.001561 -0.026487 0.960020
1305031945.538422 0.176930 -0.363413 0.013266 0.283294 0.002899 -0.032401 0.958481
1305031945.569071 0.199599 -0.355368 0.015235 0.292782 0.007062 -0.032619 0.955597
1305031945.606029 0.212986 -0.346247 0.018183 0.295101 0.012706 -0.028909 0.954944
1305031945.638298 0.224588 -0.345139 0.020853 0.294112 0.015551 -0.027721 0.955242
1305031945.669116 0.245463 -0.333057 0.025184 0.293124 0.015276 -0.025973 0.955599
1305031945.706215 0.258568 -0.330012 0.028552 0.287247 0.017231 -0.025814 0.957354
1305031945.738673 0.270468 -0.334420 0.027918 0.280353 0.021551 -0.027017 0.959275
1305031945.769045 0.287778 -0.318282 0.039265 0.275794 0.027048 -0.024758 0.960517
1305031945.806240 0.299547 -0.311593 0.041309 0.264693 0.031945 -0.021544 0.963563
1305031945.838266 0.310547 -0.309889 0.041239 0.251784 0.036919 -0.020477 0.966862
1305031945.869258 0.330868 -0.298595 0.043331 0.237129 0.040536 -0.016470 0.970492
1305031945.909177 0.344032 -0.293943 0.040021 0.217157 0.045229 -0.011337 0.975022
1305031945.936806 0.352938 -0.299287 0.048587 0.196924 0.054480 -0.008588 0.978866
1305031945.969300 0.363225 -0.296340 0.037189 0.177901 0.064551 -0.002917 0.981925
1305031946.005983 0.374714 -0.290035 0.038270 0.159949 0.075540 0.003470 0.984225
1305031946.037278 0.380985 -0.288901 0.040276 0.142027 0.087680 0.009399 0.985927
1305031946.069057 0.389981 -0.286226 0.040463 0.129380 0.096928 0.016023 0.986716
1305031946.107140 0.397104 -0.283764 0.042306 0.117735 0.106578 0.023480 0.987030
1305031946.137054 0.404420 -0.282936 0.040369 0.110039 0.113171 0.026281 0.987114
1305031946.168867 0.409252 -0.274972 0.037242 0.106059 0.119449 0.026986 0.986790
1305031946.207043 0.412153 -0.266839 0.033704 0.100167 0.125269 0.030065 0.986595
1305031946.237369 0.408657 -0.264872 0.026912 0.091578 0.130591 0.034223 0.986604
1305031946.268902 0.407446 -0.257667 0.021674 0.084278 0.130513 0.035146 0.987233
1305031946.306775 0.407349 -0.249575 0.014997 0.076237 0.126101 0.032788 0.988540
1305031946.337036 0.409463 -0.239932 0.004310 0.068287 0.120104 0.030085 0.989953
1305031946.369021 0.410030 -0.228850 -0.007449 0.061113 0.116686 0.027628 0.990902
1305031946.406520 0.408978 -0.221279 -0.019722 0.053560 0.113995 0.025045 0.991720
1305031946.437150 0.408080 -0.213599 -0.033600 0.049004 0.110616 0.024761 0.992346
1305031946.468964 0.407262 -0.201838 -0.048344 0.046715 0.107074 0.025247 0.992832
1305031946.506586 0.408383 -0.191347 -0.063927 0.043242 0.103571 0.025420 0.993356
1305031946.537148 0.410285 -0.183760 -0.079863 0.040291 0.101771 0.026367 0.993642
1305031946.569238 0.412305 -0.173774 -0.095456 0.039393 0.102104 0.028455 0.993586
1305031946.606469 0.414322 -0.163456 -0.111329 0.037959 0.104685 0.031352 0.993286
1305031946.637163 0.414552 -0.155305 -0.127120 0.037387 0.109261 0.033032 0.992760
1305031946.669089 0.414913 -0.145535 -0.142672 0.037135 0.114073 0.033540 0.992211
1305031946.706515 0.412648 -0.136546 -0.159143 0.037124 0.120116 0.032334 0.991538
1305031946.737134 0.407984 -0.124436 -0.174480 0.036234 0.124794 0.031149 0.991031
1305031946.769059 0.408986 -0.114658 -0.189733 0.032446 0.126769 0.030539 0.990931
1305031946.806647 0.408289 -0.108059 -0.204783 0.027809 0.130728 0.031061 0.990541
1305031946.837100 0.406820 -0.102005 -0.219809 0.024256 0.133877 0.032502 0.990168
1305031946.869090 0.403654 -0.098999 -0.234562 0.022177 0.135908 0.031878 0.989960
1305031946.906602 0.396976 -0.092331 -0.248204 0.023020 0.135522 0.031798 0.989996
1305031946.937151 0.399584 -0.082331 -0.263050 0.023431 0.130267 0.032241 0.990678
1305031946.969064 0.402090 -0.072924 -0.276873 0.020388 0.127407 0.032208 0.991118
1305031947.006827 0.402253 -0.070592 -0.288648 0.014572 0.124734 0.031714 0.991576
1305031947.037000 0.409179 -0.065781 -0.301791 0.011895 0.119508 0.031491 0.992262
1305031947.068973 0.418332 -0.062137 -0.312975 0.009928 0.117731 0.031815 0.992486
1305031947.106644 0.425428 -0.060615 -0.323547 0.010333 0.117843 0.028373 0.992573
1305031947.137044 0.434907 -0.049758 -0.331623 0.012573 0.120087 0.025872 0.992347
1305031947.169117 0.440737 -0.044667 -0.338546 0.010951 0.123878 0.028086 0.991839
1305031947.204982 0.448333 -0.043347 -0.344110 0.009754 0.124679 0.028821 0.991731
1305031947.237001 0.455967 -0.039508 -0.350277 0.009448 0.124729 0.027549 0.991763
1305031947.269076 0.464213 -0.032457 -0.354886 0.007789 0.122423 0.022480 0.992193
1305031947.304951 0.478094 -0.023880 -0.357641 0.002360 0.118511 0.019152 0.992765
1305031947.336945 0.490039 -0.027040 -0.358222 -0.006482 0.115359 0.015660 0.993179
1305031947.368991 0.504591 -0.027525 -0.358570 -0.010603 0.110125 0.006278 0.993841
1305031947.405013 0.517819 -0.023835 -0.359338 -0.011498 0.105550 -0.001301 0.994347
1305031947.437038 0.533212 -0.026035 -0.358448 -0.013213 0.099127 -0.003622 0.994980
1305031947.469273 0.547353 -0.032883 -0.361446 -0.010426 0.091643 -0.006929 0.995713
1305031947.504994 0.561460 -0.029148 -0.363769 -0.003503 0.082481 -0.014589 0.996480
1305031947.537022 0.577506 -0.020792 -0.365081 0.002319 0.071981 -0.021619 0.997169
1305031947.568989 0.593949 -0.020784 -0.366837 0.002566 0.058975 -0.028092 0.997861
1305031947.605177 0.617174 -0.019577 -0.369182 0.003747 0.043728 -0.041235 0.998185
1305031947.637085 0.635870 -0.022311 -0.371671 0.005529 0.033373 -0.052844 0.998030
1305031947.669011 0.649862 -0.023064 -0.374827 0.010108 0.022693 -0.061765 0.997781
1305031947.705153 0.671293 -0.023225 -0.377873 0.016665 0.007166 -0.074701 0.997041
1305031947.736979 0.692000 -0.019936 -0.380924 0.024301 -0.006022 -0.089351 0.995685
1305031947.769041 0.715444 -0.020377 -0.383491 0.032746 -0.018991 -0.101949 0.994069
1305031947.804941 0.738275 -0.011048 -0.386196 0.040027 -0.026755 -0.110826 0.992673
1305031947.837022 0.751161 -0.016762 -0.388301 0.041029 -0.033194 -0.119954 0.991376
1305031947.868988 0.772986 -0.010277 -0.390508 0.048653 -0.043046 -0.131133 0.989234
1305031947.904995 0.786663 -0.008622 -0.390774 0.048998 -0.049223 -0.140391 0.987657
1305031947.937025 0.802534 -0.007133 -0.391825 0.051554 -0.058294 -0.149323 0.985721
1305031947.968976 0.822654 -0.002050 -0.391548 0.051567 -0.066626 -0.156520 0.984075
1305031948.004911 0.835385 -0.005839 -0.390277 0.047486 -0.072040 -0.162147 0.982987
1305031948.037003 0.850832 -0.012000 -0.390145 0.046385 -0.078313 -0.165741 0.981960
1305031948.068973 0.868811 -0.013512 -0.389216 0.048976 -0.082408 -0.167540 0.981193
1305031948.104993 0.878901 -0.014788 -0.387779 0.050840 -0.084445 -0.169442 0.980599
1305031948.136951 0.891833 -0.015587 -0.384690 0.051767 -0.090048 -0.170816 0.979813
1305031948.168952 0.904733 -0.020858 -0.381255 0.052529 -0.097647 -0.174482 0.978398
1305031948.204992 0.920398 -0.022973 -0.376615 0.054756 -0.105952 -0.180200 0.976373
1305031948.237002 0.934143 -0.024175 -0.371101 0.055636 -0.113014 -0.185705 0.974498
1305031948.269041 0.946277 -0.028783 -0.364295 0.054437 -0.120862 -0.189102 0.972969
1305031948.304939 0.965364 -0.033866 -0.356679 0.053616 -0.129960 -0.189542 0.971756
1305031948.337101 0.989665 -0.037472 -0.345356 0.052216 -0.135012 -0.188582 0.971330
1305031948.368969 1.004821 -0.047837 -0.335400 0.047514 -0.134160 -0.188214 0.971761
1305031948.404989 1.021262 -0.054836 -0.327197 0.046205 -0.132994 -0.188457 0.971937
1305031948.436942 1.042341 -0.056869 -0.313234 0.042836 -0.131004 -0.189044 0.972248
1305031948.469170 1.051840 -0.067915 -0.302002 0.035505 -0.127351 -0.188486 0.973136
1305031948.505024 1.070438 -0.076954 -0.290152 0.031021 -0.128273 -0.188804 0.973107
1305031948.537017 1.089000 -0.086917 -0.277114 0.026086 -0.127229 -0.190259 0.973105
1305031948.568891 1.104740 -0.100955 -0.266198 0.021706 -0.124395 -0.191885 0.973260
1305031948.605001 1.121084 -0.107523 -0.255885 0.020998 -0.121117 -0.195816 0.972906
1305031948.636912 1.136125 -0.117723 -0.244182 0.017271 -0.117250 -0.201008 0.972394
1305031948.669040 1.150756 -0.128060 -0.235680 0.015575 -0.114201 -0.205466 0.971853
1305031948.705075 1.170223 -0.134141 -0.225953 0.014093 -0.110459 -0.211105 0.971100
1305031948.737063 1.180406 -0.142088 -0.216188 0.010291 -0.102916 -0.213434 0.971467
1305031948.768899 1.195513 -0.146875 -0.206924 0.007707 -0.099627 -0.212115 0.972122
1305031948.804975 1.211772 -0.152914 -0.196574 0.002314 -0.095795 -0.210410 0.972906
1305031948.837073 1.227730 -0.156803 -0.186154 -0.003074 -0.091806 -0.207196 0.973977
1305031948.868835 1.245531 -0.157492 -0.175108 -0.011155 -0.088407 -0.203635 0.974983
1305031948.905077 1.256623 -0.162699 -0.163463 -0.023986 -0.082967 -0.199553 0.976074
1305031948.936996 1.269501 -0.164685 -0.153084 -0.034016 -0.081243 -0.194485 0.976943
1305031948.968952 1.284846 -0.163759 -0.141147 -0.046731 -0.081893 -0.192680 0.976721
1305031949.005006 1.296676 -0.166544 -0.128125 -0.064326 -0.081997 -0.193548 0.975540
1305031949.037089 1.311706 -0.167211 -0.114859 -0.079225 -0.081422 -0.194432 0.974315
1305031949.069061 1.320837 -0.167590 -0.103584 -0.095218 -0.076760 -0.195039 0.973140
1305031949.105077 1.325127 -0.163712 -0.092632 -0.107550 -0.073882 -0.196455 0.971792
1305031949.137263 1.331954 -0.162974 -0.081732 -0.122554 -0.076144 -0.201032 0.968901
1305031949.168946 1.339140 -0.166883 -0.071995 -0.136745 -0.081249 -0.204463 0.965865
1305031949.204940 1.348744 -0.166305 -0.063024 -0.147153 -0.089610 -0.209977 0.962406
1305031949.237011 1.361047 -0.164776 -0.054622 -0.155199 -0.100655 -0.217822 0.958298
1305031949.268994 1.370886 -0.168056 -0.045667 -0.164959 -0.110587 -0.225451 0.953798
1305031949.305254 1.379525 -0.176399 -0.037729 -0.173667 -0.119473 -0.233334 0.949274
1305031949.337227 1.392984 -0.177533 -0.031676 -0.174936 -0.129467 -0.242315 0.945473
1305031949.368902 1.406926 -0.180843 -0.024733 -0.179359 -0.137848 -0.253291 0.940570
1305031949.405064 1.414529 -0.191200 -0.017180 -0.186400 -0.140672 -0.266015 0.935255
1305031949.437094 1.424284 -0.200947 -0.012076 -0.185861 -0.146125 -0.275283 0.931838
1305031949.468902 1.435991 -0.204139 -0.010262 -0.181249 -0.153160 -0.283403 0.929179
1305031949.505002 1.443942 -0.213123 -0.007082 -0.182122 -0.159817 -0.289636 0.925960
1305031949.537017 1.448023 -0.227496 -0.004164 -0.183587 -0.166226 -0.294399 0.923035
1305031949.568988 1.451867 -0.240677 -0.003734 -0.178952 -0.174962 -0.299632 0.920644
1305031949.604798 1.460031 -0.250933 -0.003076 -0.169970 -0.186374 -0.305771 0.918084
1305031949.637172 1.461388 -0.264910 -0.003730 -0.162733 -0.193724 -0.312112 0.915737
1305031949.668955 1.464165 -0.280513 -0.003215 -0.151556 -0.203477 -0.315157 0.914496
1305031949.705003 1.469155 -0.290992 -0.004705 -0.136314 -0.211185 -0.319135 0.913768
1305031949.736949 1.473360 -0.302147 -0.006705 -0.123534 -0.216651 -0.319370 0.914224
1305031949.768985 1.471939 -0.318562 -0.006753 -0.112832 -0.221053 -0.317024 0.915369
1305031949.804939 1.473556 -0.330684 -0.009161 -0.096400 -0.226343 -0.315734 0.916399
1305031949.836964 1.474411 -0.342719 -0.010955 -0.080269 -0.231419 -0.314897 0.916974
1305031949.868951 1.473767 -0.354554 -0.014320 -0.063547 -0.236835 -0.312353 0.917773
1305031949.904851 1.476219 -0.367540 -0.016366 -0.044365 -0.243822 -0.310907 0.917562
1305031949.936858 1.484846 -0.378258 -0.017806 -0.023427 -0.249420 -0.308083 0.917783
1305031949.968881 1.489698 -0.388671 -0.023069 -0.004223 -0.248878 -0.305897 0.918950
1305031950.004952 1.491665 -0.399843 -0.026097 0.013908 -0.246417 -0.300209 0.921390
1305031950.036989 1.492799 -0.412886 -0.028046 0.031489 -0.243248 -0.291718 0.924521
1305031950.069081 1.496531 -0.424026 -0.027146 0.049706 -0.240779 -0.280248 0.927909
1305031950.104966 1.494849 -0.435951 -0.027644 0.067451 -0.237366 -0.267506 0.931423
1305031950.136997 1.490034 -0.437232 -0.040122 0.096720 -0.232575 -0.254960 0.933568
1305031950.168914 1.493245 -0.441808 -0.041504 0.126714 -0.233794 -0.238666 0.933982
1305031950.204933 1.495838 -0.458000 -0.043659 0.152966 -0.234221 -0.224326 0.933499
1305031950.237027 1.499121 -0.467704 -0.045115 0.181418 -0.233451 -0.213364 0.931163
1305031950.269033 1.501077 -0.476699 -0.045936 0.204469 -0.231759 -0.204806 0.928727
1305031950.304978 1.504229 -0.483598 -0.045898 0.223221 -0.229361 -0.198449 0.926382
1305031950.337197 1.502639 -0.496055 -0.048572 0.239635 -0.226831 -0.193833 0.923879
1305031950.368911 1.500116 -0.503149 -0.051421 0.258651 -0.226015 -0.189076 0.919928
1305031950.404939 1.498012 -0.514379 -0.044287 0.275284 -0.228533 -0.185284 0.915238
1305031950.436983 1.496945 -0.522020 -0.044873 0.290167 -0.232861 -0.182447 0.910105
1305031950.468976 1.496871 -0.527569 -0.044478 0.303446 -0.237986 -0.180620 0.904798
1305031950.504938 1.498727 -0.530514 -0.038943 0.314329 -0.242066 -0.179640 0.900184
1305031950.536894 1.496389 -0.527192 -0.035419 0.320926 -0.242896 -0.178149 0.897926
1305031950.568883 1.494203 -0.523431 -0.032642 0.323515 -0.240869 -0.177332 0.897704
1305031950.604862 1.497618 -0.507638 -0.009537 0.326995 -0.239566 -0.172051 0.897820
1305031950.637006 1.504006 -0.496529 0.004651 0.324091 -0.238303 -0.166638 0.900227
1305031950.668910 1.499853 -0.500772 0.009330 0.315319 -0.236638 -0.164274 0.904207
1305031950.704873 1.495782 -0.497470 0.016711 0.305385 -0.237177 -0.162916 0.907714
1305031950.736893 1.490648 -0.489197 0.022660 0.293600 -0.236345 -0.167141 0.911046
1305031950.768897 1.490269 -0.485276 0.029999 0.277555 -0.237063 -0.172179 0.914942
1305031950.804899 1.496025 -0.481006 0.040860 0.261330 -0.238909 -0.177435 0.918230
1305031950.837135 1.497779 -0.470702 0.053844 0.244810 -0.237473 -0.183422 0.921971
1305031950.869014 1.499526 -0.471215 0.058644 0.226135 -0.237121 -0.186655 0.926173
1305031950.904883 1.506537 -0.460600 0.070921 0.211841 -0.237933 -0.188961 0.928873
1305031950.936970 1.512389 -0.459637 0.076387 0.194659 -0.238184 -0.192288 0.931881
1305031950.968904 1.515206 -0.468023 0.077765 0.176577 -0.238750 -0.197744 0.934193
1305031951.004836 1.518004 -0.483649 0.078583 0.161037 -0.240183 -0.203764 0.935339
1305031951.036930 1.525935 -0.481397 0.083491 0.154826 -0.242017 -0.209377 0.934675
1305031951.069013 1.538682 -0.474919 0.091272 0.148365 -0.244000 -0.215230 0.933878
1305031951.104800 1.546881 -0.471627 0.094861 0.139197 -0.244183 -0.221551 0.933764
1305031951.136893 1.555058 -0.469678 0.097101 0.129890 -0.246608 -0.228096 0.932891
1305031951.168908 1.566790 -0.462501 0.100104 0.122094 -0.250385 -0.235853 0.931007
1305031951.204914 1.578479 -0.454154 0.102943 0.110082 -0.254631 -0.245922 0.928745
1305031951.236957 1.591508 -0.450881 0.104141 0.095272 -0.258854 -0.259917 0.925398
1305031951.268906 1.603478 -0.456661 0.108707 0.081625 -0.262148 -0.275115 0.921373
1305031951.304862 1.614925 -0.454381 0.106824 0.075372 -0.263351 -0.291128 0.916630
1305031951.336937 1.634201 -0.447460 0.112924 0.070374 -0.266125 -0.306068 0.911344
1305031951.368840 1.649651 -0.448217 0.118011 0.060568 -0.266453 -0.321288 0.906702
1305031951.404865 1.664462 -0.449025 0.123275 0.053772 -0.266820 -0.334086 0.902387
1305031951.436903 1.683878 -0.448289 0.130220 0.047143 -0.265303 -0.343736 0.899577
1305031951.468857 1.698019 -0.449622 0.135881 0.038615 -0.261091 -0.349814 0.898872
1305031951.504916 1.715431 -0.450003 0.144059 0.030466 -0.258547 -0.352406 0.898908
1305031951.536888 1.730523 -0.454136 0.152043 0.020354 -0.253776 -0.352915 0.900353
1305031951.569006 1.746044 -0.456433 0.160534 0.011954 -0.248491 -0.351120 0.902676
1305031951.604927 1.759954 -0.459800 0.169537 0.003711 -0.244468 -0.350010 0.904276
1305031951.636936 1.777445 -0.464326 0.181120 -0.003122 -0.242411 -0.350439 0.904666
1305031951.668929 1.792995 -0.467299 0.193581 -0.009500 -0.236518 -0.353047 0.905167
1305031951.704880 1.805794 -0.470593 0.205323 -0.017525 -0.229961 -0.353722 0.906472
1305031951.736828 1.821480 -0.473652 0.218458 -0.027662 -0.225256 -0.352104 0.908029
1305031951.768926 1.833091 -0.478952 0.233733 -0.039251 -0.219258 -0.352058 0.909087
1305031951.804886 1.844765 -0.484996 0.248214 -0.047856 -0.213986 -0.351046 0.910322
1305031951.836932 1.860522 -0.489525 0.263901 -0.055337 -0.208486 -0.349651 0.911710
1305031951.868913 1.872632 -0.494122 0.280145 -0.063864 -0.201980 -0.349259 0.912767
1305031951.904907 1.879281 -0.501619 0.293453 -0.073358 -0.194604 -0.347664 0.914264
1305031951.936962 1.890455 -0.506675 0.308233 -0.079278 -0.189597 -0.345374 0.915688
1305031951.968839 1.900357 -0.510694 0.320852 -0.084308 -0.187285 -0.342545 0.916777
1305031952.004839 1.906394 -0.515658 0.333393 -0.090851 -0.187975 -0.340642 0.916720
1305031952.037104 1.910588 -0.523190 0.346236 -0.096135 -0.191128 -0.341481 0.915215
1305031952.068888 1.913563 -0.533015 0.357695 -0.098547 -0.196179 -0.343578 0.913103
1305031952.105135 1.918314 -0.541106 0.367989 -0.095634 -0.203924 -0.346896 0.910457
1305031952.136943 1.922567 -0.543311 0.377179 -0.088480 -0.214106 -0.352409 0.906718
1305031952.168932 1.930200 -0.546461 0.385188 -0.085850 -0.228962 -0.358661 0.900871
1305031952.204914 1.934441 -0.557258 0.397025 -0.088463 -0.244924 -0.368915 0.892238
1305031952.236877 1.933889 -0.569057 0.406235 -0.087124 -0.258717 -0.383469 0.882285
1305031952.268902 1.941582 -0.574588 0.413548 -0.081826 -0.273569 -0.393285 0.873952
1305031952.304888 1.939546 -0.590448 0.424576 -0.085586 -0.283938 -0.405951 0.864441
1305031952.336993 1.939547 -0.608608 0.434018 -0.083456 -0.292376 -0.416673 0.856700
1305031952.368960 1.945380 -0.620692 0.443206 -0.077652 -0.297938 -0.422078 0.852674
1305031952.404918 1.946322 -0.634973 0.451099 -0.078199 -0.297650 -0.423403 0.852068
1305031952.437054 1.946716 -0.645353 0.459623 -0.077464 -0.297147 -0.419660 0.854160
1305031952.468939 1.946143 -0.655655 0.468310 -0.077330 -0.297050 -0.416158 0.855917
1305031952.504868 1.946859 -0.665717 0.476413 -0.075361 -0.298018 -0.414190 0.856711
1305031952.536948 1.946216 -0.675383 0.484619 -0.073717 -0.298142 -0.412292 0.857726
1305031952.568932 1.942575 -0.684998 0.491238 -0.069857 -0.298191 -0.410270 0.859000
1305031952.604926 1.943188 -0.690939 0.498067 -0.063822 -0.301180 -0.407557 0.859718
1305031952.636992 1.940535 -0.696493 0.504236 -0.059310 -0.303885 -0.404620 0.860476
1305031952.668899 1.935549 -0.703177 0.509420 -0.053844 -0.307845 -0.402255 0.860537
1305031952.704918 1.932255 -0.706552 0.513979 -0.046621 -0.314665 -0.396449 0.861185
1305031952.736938 1.932599 -0.709307 0.518113 -0.038752 -0.325070 -0.389581 0.860845
1305031952.768957 1.931520 -0.710598 0.518965 -0.031207 -0.335890 -0.387440 0.857960
1305031952.804919 1.925030 -0.715115 0.520259 -0.025850 -0.349759 -0.386229 0.853128
1305031952.836931 1.924074 -0.717338 0.521754 -0.016521 -0.367734 -0.382837 0.847310
1305031952.868991 1.925448 -0.719487 0.526499 -0.009543 -0.386655 -0.379850 0.840310
1305031952.904920 1.919768 -0.727328 0.528235 -0.000716 -0.403938 -0.380423 0.831933
1305031952.936984 1.928535 -0.729541 0.531627 0.013478 -0.424654 -0.377626 0.822731
1305031952.972903 1.932272 -0.733169 0.534775 0.016073 -0.440306 -0.379474 0.813555
1305031953.004869 1.926375 -0.746032 0.532925 0.015362 -0.450707 -0.381440 0.806927
1305031953.036943 1.930506 -0.751629 0.538736 0.022375 -0.462760 -0.381584 0.799841
1305031953.073127 1.933023 -0.757646 0.542105 0.027505 -0.470808 -0.383635 0.793982
1305031953.104909 1.935468 -0.764055 0.544420 0.030375 -0.478299 -0.385203 0.788623
1305031953.137098 1.935313 -0.770684 0.548338 0.032104 -0.485297 -0.386961 0.783401
1305031953.172998 1.935296 -0.777863 0.549573 0.036053 -0.490198 -0.389358 0.778978
1305031953.204992 1.935642 -0.783331 0.549356 0.041212 -0.494872 -0.393006 0.773919
1305031953.237103 1.935939 -0.787671 0.547354 0.047176 -0.500132 -0.397461 0.767898
1305031953.273087 1.934902 -0.792762 0.545849 0.050950 -0.506670 -0.401764 0.761102
1305031953.304968 1.933681 -0.798149 0.545401 0.055551 -0.512561 -0.404183 0.755534
1305031953.337012 1.933059 -0.801511 0.541084 0.061565 -0.517152 -0.406343 0.750765
1305031953.372964 1.931883 -0.804362 0.535613 0.065616 -0.522791 -0.406354 0.746499
1305031953.404920 1.933580 -0.804828 0.530578 0.069353 -0.530006 -0.405197 0.741686
1305031953.436876 1.935772 -0.804846 0.523860 0.069216 -0.536778 -0.404241 0.737338
1305031953.473261 1.935006 -0.806397 0.519599 0.065497 -0.541570 -0.403582 0.734530
1305031953.504919 1.934210 -0.807826 0.511444 0.061375 -0.545466 -0.400708 0.733575
1305031953.536948 1.938654 -0.802292 0.508010 0.058299 -0.549817 -0.398268 0.731905
1305031953.572862 1.937903 -0.803855 0.503726 0.052251 -0.551082 -0.400434 0.730227
1305031953.604882 1.941347 -0.800797 0.499533 0.049259 -0.550582 -0.401898 0.730008
1305031953.636962 1.943654 -0.798550 0.494419 0.040011 -0.548030 -0.403328 0.731702
1305031953.673021 1.942381 -0.802083 0.489589 0.029633 -0.545031 -0.401151 0.735622
1305031953.704929 1.945882 -0.797103 0.483720 0.025728 -0.541273 -0.397218 0.740662
1305031953.736982 1.950139 -0.791266 0.478941 0.019746 -0.537019 -0.396484 0.744326
1305031953.772886 1.948461 -0.791156 0.474907 0.010694 -0.532830 -0.394532 0.748546
1305031953.804859 1.952729 -0.786026 0.473767 0.004189 -0.529266 -0.387502 0.754786
1305031953.836840 1.956125 -0.780257 0.474944 -0.005240 -0.521865 -0.382764 0.762313
1305031953.872987 1.954495 -0.778543 0.473034 -0.013647 -0.512170 -0.377426 0.771392
1305031953.904912 1.958977 -0.774263 0.471808 -0.018479 -0.501425 -0.371873 0.780988
1305031953.936924 1.960862 -0.771993 0.470897 -0.024714 -0.486654 -0.370981 0.790526
1305031953.972857 1.960106 -0.772048 0.468216 -0.026922 -0.471738 -0.370238 0.799789
1305031954.004852 1.965380 -0.771967 0.464249 -0.025006 -0.456665 -0.369371 0.808948
1305031954.036921 1.964751 -0.760589 0.455560 -0.021147 -0.436326 -0.373967 0.818121
1305031954.072918 1.963673 -0.758319 0.448082 -0.021183 -0.420197 -0.377246 0.825028
1305031954.104933 1.964378 -0.756970 0.442955 -0.019335 -0.406792 -0.378860 0.831030
1305031954.136939 1.963679 -0.755267 0.435019 -0.016716 -0.391677 -0.380416 0.837612
1305031954.172997 1.961713 -0.752643 0.423827 -0.013981 -0.377009 -0.380868 0.844161
1305031954.204838 1.959004 -0.753897 0.413966 -0.011816 -0.365559 -0.379799 0.849694
1305031954.237023 1.954802 -0.751875 0.402079 -0.006403 -0.355560 -0.378825 0.854417
1305031954.272870 1.951669 -0.747986 0.386856 0.000880 -0.347997 -0.376652 0.858505
1305031954.304869 1.953109 -0.741913 0.372780 0.007957 -0.342655 -0.373252 0.862095
1305031954.336921 1.951557 -0.734677 0.358513 0.010555 -0.336014 -0.370412 0.865897
1305031954.372872 1.948211 -0.728612 0.344743 0.011467 -0.330478 -0.369016 0.868608
1305031954.404711 1.943761 -0.725700 0.330986 0.013008 -0.326432 -0.370587 0.869447
1305031954.436896 1.944810 -0.718113 0.317492 0.017303 -0.321836 -0.371440 0.870721
1305031954.472974 1.941151 -0.709080 0.302198 0.016692 -0.313958 -0.370163 0.874146
1305031954.504827 1.935129 -0.703341 0.287430 0.013090 -0.306592 -0.366273 0.878450
1305031954.536934 1.936072 -0.696217 0.275475 0.011755 -0.301109 -0.361518 0.882326
1305031954.572946 1.930069 -0.687413 0.261233 0.007135 -0.290345 -0.356943 0.887829
1305031954.604885 1.917055 -0.686412 0.246455 0.002193 -0.282332 -0.349003 0.893577
1305031954.636862 1.910367 -0.685763 0.232690 0.006425 -0.279645 -0.342505 0.896910
1305031954.672891 1.907407 -0.670991 0.218794 0.016789 -0.277555 -0.338566 0.898919
1305031954.704892 1.903673 -0.659134 0.205514 0.021107 -0.278306 -0.336642 0.899318
1305031954.736939 1.897577 -0.652891 0.194103 0.022479 -0.278199 -0.337719 0.898914
1305031954.773183 1.888094 -0.645982 0.181771 0.025384 -0.278015 -0.339132 0.898361
1305031954.804833 1.887017 -0.639199 0.171395 0.028637 -0.279428 -0.337801 0.898327
1305031954.836924 1.881536 -0.631853 0.161507 0.029342 -0.276286 -0.336285 0.899843
1305031954.873001 1.876607 -0.629361 0.152820 0.031107 -0.274108 -0.335315 0.900811
1305031954.904866 1.875680 -0.618840 0.144935 0.033756 -0.268532 -0.331375 0.903848
1305031954.937022 1.867342 -0.612813 0.136548 0.031760 -0.261978 -0.327218 0.907352
1305031954.972931 1.867427 -0.607453 0.131060 0.032950 -0.259266 -0.325872 0.908572
1305031955.004936 1.863331 -0.599976 0.124839 0.033351 -0.252859 -0.325530 0.910484
1305031955.036969 1.859043 -0.592777 0.118846 0.033323 -0.247846 -0.324932 0.912075
1305031955.073048 1.859988 -0.582665 0.115631 0.033414 -0.243668 -0.325240 0.913087
1305031955.104929 1.853830 -0.573714 0.111108 0.029611 -0.237521 -0.325232 0.914840
1305031955.136878 1.851897 -0.565876 0.109132 0.026345 -0.235217 -0.325840 0.915318
1305031955.173003 1.849904 -0.556826 0.107340 0.022172 -0.231827 -0.326954 0.915896
1305031955.204960 1.844775 -0.551232 0.106355 0.015787 -0.229434 -0.328051 0.916239
1305031955.236857 1.843942 -0.548384 0.105862 0.011837 -0.228996 -0.332022 0.914977
1305031955.272905 1.842203 -0.542062 0.105505 0.008941 -0.225900 -0.334544 0.914860
1305031955.304880 1.837691 -0.539605 0.105091 0.004190 -0.222985 -0.334990 0.915446
1305031955.337035 1.838131 -0.537854 0.105542 0.001911 -0.221509 -0.334336 0.916051
1305031955.372861 1.835746 -0.534348 0.105620 -0.001632 -0.217161 -0.332190 0.917872
1305031955.404928 1.834673 -0.534163 0.106089 -0.004730 -0.214389 -0.328745 0.919751
1305031955.436909 1.833312 -0.532745 0.106338 -0.007456 -0.210725 -0.325153 0.921854
1305031955.472931 1.830960 -0.532090 0.106026 -0.009433 -0.208229 -0.323668 0.922925
1305031955.504893 1.832213 -0.530014 0.106268 -0.010097 -0.207361 -0.323115 0.923307
1305031955.536891 1.829426 -0.529840 0.105916 -0.012988 -0.205257 -0.321115 0.924438
1305031955.572893 1.828128 -0.533042 0.105420 -0.013860 -0.205810 -0.320564 0.924494
1305031955.604944 1.830030 -0.531450 0.105542 -0.012184 -0.205669 -0.320301 0.924640
1305031955.636881 1.828815 -0.529950 0.104824 -0.012166 -0.204912 -0.318090 0.925571
1305031955.672837 1.829740 -0.530155 0.104648 -0.012965 -0.205879 -0.316997 0.925720
1305031955.704890 1.829965 -0.532393 0.104663 -0.013815 -0.205874 -0.316138 0.926003
1305031955.736903 1.830002 -0.532429 0.104265 -0.013356 -0.205600 -0.314167 0.926741
1305031955.772963 1.830675 -0.532975 0.104000 -0.013248 -0.205897 -0.312521 0.927233
1305031955.804902 1.831285 -0.534345 0.103667 -0.013150 -0.205961 -0.310345 0.927951
1305031955.837019 1.832264 -0.533974 0.103293 -0.012573 -0.205904 -0.308890 0.928457
1305031955.872917 1.832232 -0.535337 0.102423 -0.012347 -0.206217 -0.307392 0.928888
1305031955.904911 1.834960 -0.532987 0.101943 -0.011417 -0.206569 -0.305165 0.929556
1305031955.937291 1.833437 -0.534335 0.100782 -0.012874 -0.206351 -0.304191 0.929904
1305031955.973194 1.834234 -0.536040 0.100081 -0.012788 -0.207949 -0.303599 0.929742
1305031956.004870 1.837338 -0.537228 0.100210 -0.011802 -0.208604 -0.302402 0.929999
1305031956.036937 1.836663 -0.537945 0.099176 -0.011087 -0.207023 -0.301387 0.930690
1305031956.073037 1.836267 -0.538921 0.098175 -0.010001 -0.207042 -0.300040 0.931134
1305031956.104901 1.839350 -0.538364 0.097978 -0.007781 -0.207369 -0.298310 0.931638
1305031956.136924 1.839241 -0.537770 0.097315 -0.007428 -0.205405 -0.297748 0.932255
